Inverse Dynamics Generalized Forces
version=1
nRows=1000
nColumns=26
inDegrees=no
endheader
time	pelvis_tilt_moment	pelvis_list_moment	pelvis_rotation_moment	pelvis_tx_force	pelvis_ty_force	pelvis_tz_force	hip_flexion_r_moment	hip_adduction_r_moment	hip_rotation_r_moment	hip_flexion_l_moment	hip_adduction_l_moment	hip_rotation_l_moment	lumbar_extension_moment	lumbar_bending_moment	lumbar_rotation_moment	knee_angle_r_moment	knee_angle_r_beta_force	knee_angle_l_moment	knee_angle_l_beta_force	ankle_angle_r_moment	ankle_angle_l_moment	subtalar_angle_r_moment	subtalar_angle_l_moment	mtp_angle_r_moment	mtp_angle_l_moment
      0.00500000	    -53.43817119	     12.42031947	     -2.64705057	     -6.76601084	    881.94647420	    -11.32758790	      4.71808859	     -8.27663190	      0.71291199	      1.16883031	    -12.18697124	      1.52817579	      5.25192730	      3.09529864	      0.57713109	      3.21260094	     -0.04327030	      2.82548302	     -0.04442547	      0.49232088	      0.97204015	      0.82120533	     -0.30522983	     -0.04435649	     -0.04311824
      0.01000000	    -43.80236577	     12.43409854	     -1.97169472	     -6.27009928	    754.67046460	    -14.78028428	      4.24759743	     -6.60368447	      0.51020499	      1.37635506	    -11.36307578	      1.40422117	      5.50186895	      3.30992785	      0.84080943	      2.97779994	     -0.03771297	      2.33836949	     -0.03803208	      0.45691872	      1.00835572	      0.97847695	     -0.33720829	     -0.04022237	     -0.04090258
      0.01500000	    -36.41649898	     11.29370744	     -1.56323772	     -6.98359827	    629.48273666	    -17.13748078	      3.06550860	     -5.51280474	      0.49424795	      0.68521995	     -9.92522924	      1.23119926	      5.51560733	      3.49225510	      1.07922555	      3.18775666	     -0.03226940	      2.40976041	     -0.03178661	      0.20024219	      0.74997442	      1.06628782	     -0.23037261	     -0.03631755	     -0.03881273
      0.02000000	    -29.14616317	     11.39756062	     -1.12725145	     -7.13123595	    508.21476030	    -20.17331561	      1.90064218	     -3.91530137	      0.28337863	      0.31919367	     -8.94995840	      1.10271861	      5.28522892	      3.64258823	      1.28539469	      3.33170135	     -0.02702329	      2.26187866	     -0.02579606	      0.00647224	      0.65490827	      1.19492646	     -0.22388825	     -0.03284225	     -0.03698532
      0.02500000	    -21.83567184	     10.84674396	     -0.67947728	     -6.19915575	    393.91904873	    -22.40915672	      1.17733727	     -2.70733707	      0.18047800	      0.33840333	     -7.79449276	      0.91462056	      4.81192610	      3.76030841	      1.45455995	      3.17971311	     -0.02205408	      1.98281381	     -0.02016098	     -0.02539050	      0.65061669	      1.21054860	     -0.16489517	     -0.02997479	     -0.03554191
      0.03000000	    -15.92336838	     10.84327869	     -0.37306611	     -5.53084578	    287.29752627	    -24.78124877	      0.09567312	     -1.58794555	      0.06889098	      0.15177662	     -7.06034420	      0.79977310	      4.10608843	      3.84414524	      1.58443391	      3.27792412	     -0.01743542	      1.79487481	     -0.01497290	     -0.12856616	      0.62875115	      1.21424985	     -0.19472250	     -0.02786341	     -0.03458211
      0.03500000	    -10.30694647	     10.25764467	     -0.13211902	     -4.16178990	    188.62129463	    -26.36634196	     -0.71645751	     -0.91861780	      0.07086056	      0.24483721	     -6.29295180	      0.65588914	      3.18688316	      3.89274900	      1.67519391	      3.16892487	     -0.01323409	      1.45259200	     -0.01031255	     -0.15005860	      0.58421089	      1.14021696	     -0.19741275	     -0.02662034	     -0.03417859
      0.04000000	     -5.87733373	     10.20216809	      0.16871183	     -2.68647630	    101.77961780	    -27.88020834	     -1.34217031	      0.07893644	     -0.03605079	     -0.00473881	     -5.52503413	      0.52484258	      2.08140275	      3.90548572	      1.72925356	      3.13383093	     -0.00950932	      1.50554082	     -0.00624875	     -0.16336681	      0.54489463	      1.14921618	     -0.19264291	     -0.02631788	     -0.03437365
      0.04500000	     -0.90736175	     10.28342244	      0.56268082	     -0.04950228	     22.35913786	    -29.02081237	     -1.41117606	      1.20287764	     -0.22823455	      0.37036863	     -4.81857740	      0.35880348	      0.82347593	      3.88333691	      1.75085985	      2.64774172	     -0.00631245	      1.17730149	     -0.00283777	     -0.10454355	      0.51580651	      1.17330160	     -0.17721159	     -0.02698645	     -0.03517748
      0.05000000	      2.00546885	      9.65105070	      0.56596453	      2.08435716	    -41.74380284	    -28.96651020	     -2.16387533	      1.58119620	     -0.19986165	      0.71398192	     -4.05788412	      0.17587782	     -0.54776708	      3.82976305	      1.74557953	      2.91587225	     -0.00368668	      1.06409554	     -0.00012330	     -0.23296273	      0.50964317	      1.25575046	     -0.13624645	     -0.02861430	     -0.03656772
      0.05500000	      5.12000406	      8.77377911	      0.78086298	      5.18697867	    -94.64310600	    -28.29411374	     -1.94441728	      1.74314188	     -0.14627456	      1.11376551	     -3.36221837	     -0.00889005	     -1.98950250	      3.75139310	      1.71972930	      2.55009907	     -0.00166695	      1.02459981	      0.00185772	     -0.10953724	      0.47709210	      1.15392371	     -0.09216245	     -0.03114863	     -0.03849076
      0.06000000	      8.12176643	      9.26910466	      1.14294830	      8.93646412	   -135.55656845	    -27.83992620	     -1.63609720	      2.60705732	     -0.34595673	      2.06282578	     -3.07409577	     -0.16146544	     -3.45688600	      3.65841142	      1.67979366	      2.33990852	     -0.00027970	      0.80199025	      0.00307744	     -0.15632497	      0.61070733	      1.36843879	     -0.13016419	     -0.03449793	     -0.04086364
      0.06500000	     10.39563753	      8.68638026	      1.32536464	     12.85418977	   -163.04277960	    -26.28559859	     -1.10235236	      2.52942023	     -0.30990491	      3.06648888	     -2.76574338	     -0.33059343	     -4.90461421	      3.56453294	      1.63186864	      2.10936342	      0.00045743	      0.65455261	      0.00353465	     -0.03196492	      0.67784696	      1.22500695	     -0.14464956	     -0.03853545	     -0.04357605
      0.07000000	     12.83340854	      7.72882889	      1.54045838	     17.56646974	   -178.09809191	    -23.80987204	     -0.10850382	      2.26265332	     -0.24860050	      4.55816274	     -2.31492589	     -0.56873509	     -6.28815490	      3.48649567	      1.58116350	      1.75988759	      0.00053603	      0.39090737	      0.00323092	      0.15263906	      0.79416433	      1.04640942	     -0.11293637	     -0.04310397	     -0.04649725
      0.07500000	     15.03702960	      7.45804390	      2.01286792	     22.20228630	   -184.93916325	    -21.14389536	      1.38215146	      2.29323112	     -0.34858456	      5.72259806	     -2.09467425	     -0.75321185	     -7.56443872	      3.44305499	      1.53159593	      0.99631670	     -0.00004246	      0.34657682	      0.00217946	      0.29571003	      0.74661275	      0.91227047	     -0.11435702	     -0.04802178	     -0.04948225
      0.08000000	     16.17807901	      7.30106299	      2.57744968	     26.48612657	   -178.49348068	    -18.07256259	      2.99867814	      2.48227612	     -0.48102721	      6.48128759	     -1.93361160	     -0.91165953	     -8.69189937	      3.45353356	      1.48551875	      0.80720560	     -0.00125945	      0.56963621	      0.00040512	      0.29121448	      0.49362975	      1.25021841	     -0.10843872	     -0.05309131	     -0.05238061
      0.08500000	     11.23513623	      2.31216514	      2.17189068	     22.42821288	   -221.31363411	    -17.71217025	      4.30091302	      1.94724844	     -0.50053528	     -1.45540363	     -0.60956831	     -0.71483532	     -9.62992836	      3.53605551	      1.44359916	      0.41956257	     -0.00306491	      1.91843543	     -0.00205528	      0.29667164	     -7.03287384	      1.01028405	      0.48004015	     -0.05810998	     -0.05504657
      0.09000000	     32.59189944	     -0.13307860	     -0.78412747	     42.69233073	   -273.92521263	    -17.64076951	     -1.76610456	      0.64437563	      0.42400468	     22.00691157	     -2.38433922	     -2.00729922	    -10.33801031	      3.70566683	      1.40484149	      3.13015270	     -0.00544303	    -16.42781340	     -0.00515241	     -2.33503428	     -8.39419585	      0.27298627	      0.11548111	     -0.06287407	     -0.05734945
      0.09500000	     32.61242038	     -0.80384875	     -2.19828218	     47.36618516	   -239.36631949	     -7.21225121	     -8.26636281	      1.17516572	      1.32465104	     31.17962264	      2.13863271	     -3.60312596	    -10.77492841	      3.97259468	      1.36672586	      5.45328588	     -0.00834899	    -18.48835182	     -0.00882385	     -5.78833566	     -6.10507081	     -0.33227610	      1.09415429	     -0.06719925	     -0.05918279
      0.10000000	     62.15739206	      1.27218050	      2.32252435	     74.76830977	   -290.96860774	     -0.63706666	      5.11226453	      6.75760303	     -1.86778021	     41.40700309	      4.86566736	     -4.93744878	    -10.89843142	      4.34090337	      1.32542751	     -9.09343260	     -0.01172806	    -25.33764794	     -0.01299346	     -7.58910561	     -8.47794593	     -0.65869147	      1.89860836	     -0.07093021	     -0.06047078
      0.10500000	     76.35939215	     -4.26648704	      3.43559529	     90.97957359	   -267.57696201	      1.76111669	     15.66007400	      6.88941638	     -3.15760546	     45.48466552	      6.21364338	     -5.64759122	    -10.66564025	      4.80776659	      1.27608262	    -12.99414196	     -0.01551609	    -30.51613486	     -0.01757116	     -5.78766093	    -12.24708728	     -0.20506715	      2.78754053	     -0.07395051	     -0.06117107
      0.11000000	     64.98271765	     -2.10413025	      6.98357738	     81.80376062	   -233.63562920	     -0.64665218	     23.81358437	      8.53851212	     -4.61510284	     27.46526525	      4.51314874	     -4.38156159	    -10.03428484	      5.36350688	      1.21308246	    -16.65537181	     -0.01964028	    -22.54159228	     -0.02245326	     -5.79959222	    -18.11812362	      0.03526911	      2.89074833	     -0.07618826	     -0.06127432
      0.11500000	     48.56722353	     -8.79167041	      8.00381812	     64.28237274	   -217.52511834	     11.80391153	     27.43602253	      4.13721765	     -3.71119818	      8.30550302	      7.60647512	     -4.14944287	     -8.96467392	      5.99246600	      1.13039942	    -23.70827492	     -0.02402071	    -12.71865328	     -0.02752358	     -8.03335964	    -23.17670040	     -1.35498944	      4.02674614	     -0.07761659	     -0.06080107
      0.12000000	     20.50804483	    -14.31389029	      6.32447685	     35.32594707	   -186.19051306	     24.11236240	     20.52806070	     -2.33320303	     -0.85574862	    -10.55986896	      9.69205244	     -3.66866821	     -7.42217035	      6.67467188	      1.02195931	    -24.93803642	     -0.02857223	     -2.65889046	     -0.03256618	    -12.27585883	    -27.35939744	     -3.47707775	      4.49283276	     -0.07824906	     -0.05980498
      0.12500000	    -15.14114910	    -13.88689164	      3.89752152	     -1.70720313	   -135.89013934	     27.06115302	      6.96974148	     -2.27951708	      0.63110883	    -29.31108298	     13.02592983	     -3.50306096	     -5.37987963	      7.38816782	      0.88207407	    -18.63065934	     -0.03320718	      6.75686733	     -0.03750775	    -17.01930858	    -31.84164323	     -3.47638175	      5.31859250	     -0.07813203	     -0.05835172
      0.13000000	    -35.68284665	    -14.32709301	     -1.11906339	    -24.17711788	    -88.25242490	     27.84202957	    -10.56548110	     -4.49347747	      3.32872509	    -30.20971373	     13.89505086	     -3.90103630	     -2.82124613	      8.11177479	      0.70594337	     -9.79208746	     -0.03783846	      4.40023690	     -0.04229910	    -21.58623989	    -35.18402291	     -3.66547235	      5.91806230	     -0.07733603	     -0.05652231
      0.13500000	    -30.85361663	     -7.79257822	     -4.33231115	    -22.02940317	    -66.17157556	     18.48545698	    -23.57635325	     -3.33011734	      4.28640682	    -14.50149020	      9.46497013	     -3.90284053	      0.25772975	      8.82797629	      0.49021836	     -4.20260217	     -0.04237714	    -10.44624529	     -0.04686095	    -25.98745122	    -38.30275795	     -3.32685152	      5.67681218	     -0.07595025	     -0.05441281
      0.14000000	    -18.17263348	      0.70245682	     -4.64249516	    -13.16935756	    -52.96714922	      4.03681502	    -27.53497219	     -2.75499749	      4.39404348	     -1.90086944	      0.52424359	     -2.32631348	      3.84691037	      9.52556109	      0.23360328	     -4.78937771	     -0.04672163	    -25.91500830	     -0.05112699	    -28.70833821	    -42.65985355	     -3.33085063	      4.67487457	     -0.07407727	     -0.05212628
      0.14500000	     -5.95839983	      2.43340666	     -5.01837607	     -5.67059426	    -44.98678498	     -4.08860688	    -26.52136564	     -8.80022028	      6.39480553	      4.76747580	     -9.57289934	      0.15247351	      7.92129068	     10.20164271	     -0.06254567	    -10.94805227	     -0.05079633	    -39.03543167	     -0.05504504	    -30.70789983	    -47.98986734	     -4.57823414	      3.84274419	     -0.07181558	     -0.04976733
      0.15000000	      8.11248704	      1.34737407	     -4.35624910	      3.03069162	    -44.63490539	     -9.32266138	    -20.75559574	    -13.81310246	      7.65390674	      7.48462274	    -16.52416819	      2.21234960	     12.44126542	     10.86271217	     -0.39368036	    -21.56656790	     -0.05452059	    -50.34296809	     -0.05857708	    -32.72807990	    -53.77583678	     -5.87050386	      3.69714907	     -0.06927195	     -0.04743687
      0.15500000	     14.99745279	     -0.37191248	     -2.48303226	      3.83028933	    -40.37055730	    -13.05781844	    -12.45467803	    -14.75516552	      7.09032931	      0.71004580	    -18.50968409	      3.60804052	     17.35395307	     11.52447297	     -0.75164956	    -34.03182602	     -0.05782505	    -55.76496336	     -0.06169840	    -34.86030132	    -60.12702442	     -6.17167420	      4.33882184	     -0.06655177	     -0.04522751
      0.16000000	     11.49025345	     -6.61413070	     -2.99242145	     -5.96017389	    -34.74645569	    -11.64893463	     -9.45640316	    -19.22796254	      8.68385364	    -10.38133991	    -18.79406774	      4.91161579	     22.59554411	     12.21035015	     -1.12449638	    -44.71027982	     -0.06065425	    -59.04100403	     -0.06438928	    -38.08056869	    -66.48090145	     -7.24730925	      5.15478790	     -0.06375469	     -0.04322414
      0.16500000	      2.46610551	     -9.43961535	     -3.94006238	    -21.50402730	    -33.08933093	    -13.13147032	    -11.35414694	    -22.31173695	     10.31887613	    -22.37130904	    -19.64702842	      6.57008791	     28.09453523	     12.94874790	     -1.49654344	    -53.57609911	     -0.06296886	    -62.34397450	     -0.06654624	    -42.33787720	    -72.74594580	     -7.73518309	      5.96616687	     -0.06097013	     -0.04149389
      0.17000000	     -8.84385911	     -8.52967863	     -4.96341643	    -38.97605512	    -30.26013433	    -18.76617121	    -16.71314039	    -20.65386466	     10.28408269	    -33.21831775	    -18.36651698	      7.51257727	     33.77558668	     13.76932923	     -1.84882650	    -59.59925978	     -0.06474721	    -66.72751226	     -0.06811738	    -47.22778095	    -78.46796693	     -7.06821534	      7.13985754	     -0.05827373	     -0.04008737
      0.17500000	    -19.52394883	     -8.50079383	     -7.81006565	    -53.75535768	    -21.68127551	    -22.52325991	    -26.20158401	    -21.24141601	     11.72877173	    -38.79553347	    -17.60800632	      8.27594128	     39.56360495	     14.69877549	     -2.15991891	    -63.75799552	     -0.06598619	    -73.66763092	     -0.06908534	    -52.16237534	    -83.36195951	     -6.93092370	      8.11763795	     -0.05572514	     -0.03904563
      0.18000000	    -21.49911846	     -7.51117504	    -10.63518357	    -57.08786483	    -10.59468763	    -26.50596044	    -35.00509162	    -21.57684293	     12.98555000	    -36.70303420	    -17.52658650	      8.70178292	     45.38751117	     15.75661933	     -2.40718920	    -68.07790755	     -0.06670783	    -85.09830358	     -0.06945154	    -56.95563670	    -86.85321880	     -6.60668847	      8.97075697	     -0.05337540	     -0.03839832
      0.18500000	    -15.71850880	     -6.52463717	    -11.95905249	    -50.22059754	     -0.31652510	    -28.81303564	    -38.48374638	    -20.22079369	     12.81611854	    -32.79057725	    -16.43418474	      8.57432864	     51.18306205	     16.95178119	     -2.56850898	    -75.74934610	     -0.06703867	    -97.26450530	     -0.06923699	    -60.76553275	    -90.21171083	     -5.50821625	      9.95496192	     -0.05124515	     -0.03816525
      0.19000000	     -3.67964918	     -9.03440340	    -13.33703624	    -33.97034300	     11.49805443	    -27.26909594	    -38.60820149	    -20.87868663	     13.31060042	    -26.08486259	    -14.91309096	      7.96560726	     56.89417006	     18.28033645	     -2.62431678	    -85.29455097	     -0.06704108	   -111.12216708	     -0.06848190	    -63.95851627	    -93.00664369	     -5.05078081	     11.16313162	     -0.04934743	     -0.03835756
      0.19500000	     13.49852473	    -13.65638697	    -13.53787782	    -10.49682654	     22.82510322	    -21.97210087	    -33.35097674	    -20.60299782	     12.77621690	    -19.92073454	    -11.36777168	      6.48273717	     62.47244039	     19.72482589	     -2.55980108	    -98.03436629	     -0.06677511	   -124.36486296	     -0.06724379	    -66.20712730	    -95.59658633	     -4.25779760	     12.62391259	     -0.04768718	     -0.03897818
      0.20000000	     27.89326454	    -21.07133632	    -13.46245463	     11.39078995	     37.83645751	    -12.77518629	    -25.78578415	    -19.80895736	     11.72915497	    -18.27497490	     -5.08751573	      4.10100829	     67.87500109	     21.25514106	     -2.36688653	   -111.43341245	     -0.06630224	   -134.58476197	     -0.06559911	    -68.05087925	    -98.10574449	     -3.41850351	     14.41439561	     -0.04626281	     -0.04002542
      0.20500000	     38.04522031	    -28.40232255	    -13.21925378	     28.52719012	     48.63067436	     -2.25708719	    -19.00969087	    -19.39095302	     10.89024589	    -19.94676008	      0.98467766	      1.91683992	     73.06110666	     22.83069875	     -2.04568689	   -124.83299735	     -0.06568217	   -143.32778726	     -0.06373872	    -70.01812685	   -100.23236503	     -2.35590421	     16.07909709	     -0.04506907	     -0.04147946
      0.21000000	     43.68390791	    -32.02613756	    -12.33499012	     40.61123594	     55.09019126	      3.75265376	    -14.44962731	    -17.95552173	      9.65881647	    -23.83868055	      5.03942765	      0.66222134	     77.98835793	     24.40337703	     -1.60512007	   -136.29260624	     -0.06497004	   -151.94575008	     -0.06174800	    -72.23325153	   -102.13541689	     -1.00777000	     17.34955644	     -0.04409932	     -0.04331012
      0.21500000	     41.38226481	    -30.88182547	    -10.89113917	     41.83145273	     51.83630379	      2.79487649	    -13.74626954	    -16.02968513	      8.43153767	    -31.79334759	      5.74101965	      1.20686614	     82.60947802	     25.92064809	     -1.06255022	   -145.22505662	     -0.06421404	   -160.59350226	     -0.05969265	    -74.66949703	   -103.82092001	      0.51701816	     18.16591999	     -0.04334696	     -0.04547349
      0.22000000	     32.14692621	    -27.60415954	     -9.98822412	     33.53995881	     39.13599637	     -2.37183194	    -17.47114574	    -15.76515483	      8.44779596	    -42.06713191	      3.20014025	      3.47789454	     86.87038408	     27.32847668	     -0.44258221	   -151.34704508	     -0.06345400	   -170.19882277	     -0.05763315	    -77.36280653	   -105.39490405	      1.75173868	     18.58618274	     -0.04280575	     -0.04790877
      0.22500000	     21.17720938	    -22.68871955	     -8.78712457	     21.51461479	     18.75310010	    -10.51309953	    -22.08909426	    -16.77320295	      9.18523379	    -53.17606029	     -2.27396057	      7.32647581	     90.71000527	     28.57375720	      0.22472554	   -156.90795173	     -0.06272154	   -180.88988066	     -0.05562459	    -79.82682763	   -106.56552013	      2.78844421	     18.52333519	     -0.04246921	     -0.05053934
      0.23000000	     10.04426846	    -17.45616119	     -7.38096029	      9.62916182	     -2.04890762	    -18.04297382	    -26.43645160	    -18.19689268	     10.05765116	    -64.26753326	     -8.26756071	     11.54153538	     94.06198920	     29.60631215	      0.90599612	   -162.75059465	     -0.06204683	   -190.21933983	     -0.05371707	    -82.34808233	   -107.87129274	      3.92584351	     18.34785388	     -0.04232990	     -0.05327690
      0.23500000	      0.64968298	    -15.61808807	     -7.28543388	      1.09209837	    -15.98237821	    -21.12824483	    -30.84795586	    -22.03796023	     12.34751942	    -72.46454201	    -13.47873874	     15.08655954	     96.85808417	     30.38069029	      1.56684142	   -168.65524742	     -0.06140334	   -198.08418097	     -0.05195639	    -84.20551746	   -109.61206777	      4.25929946	     18.41051237	     -0.04237458	     -0.05602728
      0.24000000	     -2.79857724	    -15.16682127	     -7.74087815	      2.20867411	    -16.41518434	    -19.09381935	    -34.59939194	    -26.54789363	     14.94195705	    -74.10417694	    -17.55678657	     17.31721664	     99.03269494	     30.85803670	      2.17420233	   -174.78000354	     -0.06081158	   -204.31864326	     -0.05038473	    -86.13928575	   -111.17942126	      4.78039843	     18.50519280	     -0.04258583	     -0.05869613
      0.24500000	      0.88212867	    -17.36992996	     -9.05022327	     13.46312375	     -6.63200958	    -13.82065246	    -37.06366687	    -31.50714816	     17.77097273	    -68.83026723	    -19.80064755	     17.74662587	    100.52795611	     31.00817062	      2.69863076	   -180.79957741	     -0.06028819	   -210.33517786	     -0.04904091	    -87.42588941	   -112.67051040	      4.57184368	     18.89820643	     -0.04293895	     -0.06119346
      0.25000000	      8.21762325	    -20.29143611	    -10.63610198	     28.79436578	      5.21599316	     -7.22748241	    -39.03277139	    -35.65906270	     20.06560330	    -59.66019401	    -20.70198920	     16.95523201	    101.29856973	     30.81183747	      3.11642979	   -186.25359562	     -0.05984729	   -216.09749332	     -0.04796022	    -88.60379282	   -113.89544566	      4.62033407	     19.38452033	     -0.04340102	     -0.06343694
      0.25500000	     15.11154337	    -23.26384987	    -12.08460029	     42.55898079	     18.27442139	     -1.38145656	    -40.42845927	    -38.28537626	     21.38689679	    -50.58946370	    -20.36547345	     15.44985208	    101.31562304	     30.26294602	      3.41149944	   -190.37760830	     -0.05950160	   -220.35107375	     -0.04717351	    -89.71102273	   -114.85309329	      4.83702388	     19.74540992	     -0.04393115	     -0.06535405
      0.26000000	     20.37242465	    -26.40660802	    -13.22977510	     52.67795819	     27.92261364	      2.06772415	    -40.85025442	    -39.48941215	     21.77405171	    -43.48430986	    -19.17638322	     13.63682948	    100.56874464	     29.37046572	      3.57667958	   -193.11275508	     -0.05926303	   -223.38938712	     -0.04670585	    -90.75015289	   -115.71660102	      5.01042708	     20.17324820	     -0.04448181	     -0.06688309
      0.26500000	     25.37862503	    -30.11404874	    -13.92896874	     60.23799035	     34.27548384	      3.84888101	    -39.35507869	    -39.77074317	     21.46952987	    -37.97795779	    -17.38570725	     11.63081073	     99.06627910	     28.15959480	      3.61440585	   -195.47037303	     -0.05914261	   -225.24030817	     -0.04657473	    -91.31774345	   -116.24992385	      5.02102797	     20.69673438	     -0.04500136	     -0.06797355
      0.27000000	     29.87988366	    -32.38018031	    -13.48239382	     65.38827744	     36.64691841	      2.57389205	    -35.83488013	    -38.76427811	     20.20166301	    -34.60504299	    -16.24659442	     10.17932797	     96.83357273	     26.67184042	      3.53656245	   -197.54142408	     -0.05914988	   -225.61822053	     -0.04678841	    -91.85962518	   -116.50094611	      5.37778050	     21.12465728	     -0.04543754	     -0.06858606
      0.27500000	     33.43815208	    -30.77286573	    -11.63929482	     68.19672453	     41.96338848	     -4.15581874	    -31.35329187	    -36.52948398	     18.16004205	    -32.31151451	    -17.41100447	     10.07778803	     93.90986117	     24.96373513	      3.36349598	   -198.50216306	     -0.05929168	   -224.23020862	     -0.04734435	    -91.98798204	   -116.11480380	      5.61078563	     20.84580370	     -0.04574130	     -0.06869242
      0.28000000	     33.08959067	    -26.26219703	     -9.73364937	     65.78002737	     44.82218050	    -14.79814272	    -29.43692475	    -34.00370025	     16.19535132	    -30.70751540	    -20.23482384	     10.92023026	     90.34453489	     23.10402874	      3.12224746	   -196.79827488	     -0.05957070	   -221.65361871	     -0.04822843	    -92.76351375	   -115.48166624	      5.87203434	     20.50729200	     -0.04587087	     -0.06827591
      0.28500000	     30.83783918	    -19.79377831	     -7.44800227	     60.42619169	     52.86470322	    -27.48980304	    -27.77158921	    -31.00262205	     14.04228793	    -29.73468962	    -24.02502456	     12.34640185	     86.19365171	     21.16935808	      2.84415741	   -193.41470424	     -0.05998384	   -217.04008043	     -0.04941483	    -92.97589084	   -114.36054806	      6.04808345	     19.89636345	     -0.04579525	     -0.06733229
      0.29000000	     25.77551348	    -12.76227083	     -5.36193679	     52.15981081	     65.11947157	    -38.60602517	    -27.33250972	    -28.58988926	     12.43083717	    -29.37669163	    -28.20972324	     14.05315885	     81.51743558	     19.23861431	      2.56207976	   -188.56248004	     -0.06052093	   -209.85996007	     -0.05086688	    -93.29791667	   -112.76150001	      6.06441323	     18.88867531	     -0.04549708	     -0.06587137
      0.29500000	     19.60279125	     -7.80731732	     -4.38994021	     43.07812241	     75.06457465	    -46.30690122	    -28.16331245	    -26.90872338	     11.43981309	    -28.40747229	    -30.98806867	     14.96052569	     76.37916606	     17.38648809	      2.30749704	   -182.09237912	     -0.06116379	   -201.98309592	     -0.05253860	    -93.48701186	   -111.46654919	      6.00923460	     18.33070711	     -0.04497431	     -0.06391897
      0.30000000	     13.83156688	     -3.35243685	     -3.48001964	     35.74154843	     86.91115567	    -51.24572654	    -28.50858169	    -25.70971543	     10.78603725	    -27.07092230	    -33.68103937	     15.81050606	     70.84542109	     15.67693253	      2.10785323	   -174.90349998	     -0.06188603	   -192.98299271	     -0.05437685	    -93.23809512	   -110.11532807	      5.69172333	     17.22926298	     -0.04424096	     -0.06151882
      0.30500000	      7.32564941	     -2.13865908	     -3.75294744	     27.94686079	     92.76176771	    -51.81183881	    -29.64460895	    -25.34259324	     10.75353797	    -25.58993164	    -34.21357317	     15.58097164	     64.98721591	     14.15744294	      1.98437149	   -166.58642868	     -0.06265350	   -184.00558138	     -0.05632373	    -92.84800583	   -108.98785338	      5.21576688	     16.83419531	     -0.04332668	     -0.05873394
      0.31000000	      0.57673780	     -1.89293057	     -4.06760521	     21.26628814	    101.81488222	    -48.60280050	    -30.18810351	    -25.45517803	     11.01089020	    -24.46011300	    -34.11175732	     15.14233705	     58.88129767	     12.85502974	      1.95050452	   -157.87944096	     -0.06345158	   -173.50576656	     -0.05831893	    -91.92332924	   -107.56541994	      4.49709459	     15.90179900	     -0.04227624	     -0.05564678
      0.31500000	     -6.92385030	     -3.95514467	     -5.05775830	     14.51922939	    109.08885086	    -41.60295346	    -31.02944198	    -26.20539015	     11.68274843	    -23.58523064	    -32.41338015	     14.03115256	     52.61081095	     11.77456376	      2.01107628	   -148.27328536	     -0.06426796	   -162.61406539	     -0.06030190	    -90.72617238	   -105.98828251	      3.71960647	     15.31984038	     -0.04114635	     -0.05235766
      0.32000000	    -13.97321836	     -6.96711826	     -6.13069331	      8.98462897	    114.96627118	    -32.41404569	    -31.44131314	    -27.26430780	     12.51127506	    -22.69831145	    -30.01900429	     12.68136316	     46.26478104	     10.89981054	      2.16215493	   -138.61959199	     -0.06505570	   -151.39540547	     -0.06221370	    -88.90044339	   -104.16180710	      2.79060367	     14.77069255	     -0.04000304	     -0.04898105
      0.32500000	    -20.71387474	    -10.09432602	     -7.17357748	      5.06627198	    122.51225059	    -22.38632796	    -31.83532508	    -28.60637156	     13.50529887	    -21.44788984	    -27.65294001	     11.40348871	     39.93623903	     10.19698570	      2.39165301	   -128.16112085	     -0.06577479	   -140.15964032	     -0.06399839	    -86.73149265	   -101.81009177	      1.66806848	     14.03523296	     -0.03891973	     -0.04563961
      0.33000000	    -26.24631416	    -12.17566536	     -7.78673093	      3.77622295	    133.40643754	    -11.99382172	    -31.89800195	    -29.71065971	     14.34947906	    -19.34658051	    -25.70490703	     10.31896565	     33.71917609	      9.62023804	      2.68058743	   -117.58614814	     -0.06638499	   -128.62365814	     -0.06560412	    -84.03572145	    -98.78951970	      0.47660022	     12.72603639	     -0.03797381	     -0.04245706
      0.33500000	    -30.88331967	    -15.86903442	     -8.74660148	      3.66198890	    140.28060567	     -0.84076646	    -31.85356527	    -30.30506938	     14.91535558	    -16.90583293	    -21.84447350	      8.44288811	     27.70479731	      9.11823758	      3.00493023	   -106.79157659	     -0.06684733	   -117.56891992	     -0.06698386	    -81.05832654	    -95.61768796	     -0.57417138	     12.34835841	     -0.03724336	     -0.03955165
      0.34000000	    -35.12678982	    -18.10743233	     -9.03854351	      4.75260964	    150.53569608	      9.68513389	    -31.27885915	    -30.60840868	     15.28849550	    -14.78906441	    -18.87148521	      7.09214340	     21.97764825	      8.64096642	      3.33794174	    -96.19074015	     -0.06712530	   -105.91931598	     -0.06807974	    -77.66853020	    -91.69295775	     -1.65198589	     11.19445123	     -0.03680381	     -0.03703319
      0.34500000	    -38.62026244	    -20.14686548	     -9.18403719	      6.64614963	    160.20799149	     19.37817569	    -30.48872160	    -29.99538421	     15.19008581	    -12.59852739	    -15.16920582	      5.51682351	     16.61204515	      8.14584390	      3.65271495	    -85.63932423	     -0.06718570	    -94.30849039	     -0.06873020	    -73.86983633	    -87.49512149	     -2.39095788	     10.37876333	     -0.03672457	     -0.03500070
      0.35000000	    -41.23471686	    -22.47594763	     -9.38072671	      9.15641554	    167.78547579	     28.21959215	    -29.72494516	    -29.20889362	     15.04115485	    -10.10555575	    -11.18002067	      3.90187798	     11.66904413	      7.60247726	      3.92455513	    -75.14577899	     -0.06699922	    -83.41367531	     -0.06889550	    -69.81679183	    -82.83657598	     -3.21036251	      9.64791374	     -0.03706561	     -0.03353054
      0.35500000	    -42.00263041	    -24.15308034	     -9.29406406	     13.25976741	    174.42713666	     35.33625641	    -28.41633786	    -28.19643081	     14.72837808	     -7.00566813	     -7.71951434	      2.50627858	      7.19411947	      6.99554182	      4.13288653	    -65.23874776	     -0.06654070	    -73.22435714	     -0.06855822	    -65.47160423	    -77.72809754	     -3.90993937	      8.97218540	     -0.03787425	     -0.03268527
      0.36000000	    -42.59862530	    -25.54601791	     -9.09883183	     16.73137787	    181.67996317	     40.64217542	    -27.02024810	    -26.86244154	     14.30675393	     -4.29638757	     -4.31779010	      1.25008491	      3.21570908	      6.32550812	      4.26249306	    -55.51745807	     -0.06569248	    -63.31340642	     -0.06771481	    -60.74630200	    -72.12824536	     -4.74093232	      8.28942010	     -0.03919296	     -0.03250742
      0.36500000	    -42.21197810	    -24.91490383	     -8.23257374	     20.01402327	    184.48998534	     43.83393764	    -25.11067761	    -24.18632389	     13.22869122	     -2.13101973	     -1.41467987	      0.29385365	     -0.25525312	      5.60719386	      4.30401050	    -46.84316266	     -0.06441510	    -53.64521620	     -0.06637493	    -56.12706584	    -66.34839041	     -4.84738731	      7.47999612	     -0.04102565	     -0.03301739
      0.37000000	    -40.89758670	    -24.50166714	     -7.61251257	     23.31954182	    186.12975413	     45.34931190	    -23.49807309	    -22.31614918	     12.58732651	      0.63896848	      0.71436550	     -0.41891348	     -3.22472962	      4.86642565	      4.25373855	    -38.48087297	     -0.06271851	    -45.22862435	     -0.06456041	    -51.30814112	    -60.23968848	     -5.45083131	      6.64632637	     -0.04336409	     -0.03421176
      0.37500000	    -37.77631207	    -22.77835527	     -6.44713389	     26.58739463	    179.97504353	     44.28194174	    -20.75139819	    -19.50252328	     11.38941260	      2.85960079	      2.29387759	     -0.90748265	     -5.71388341	      4.13536968	      4.11296371	    -31.56081535	     -0.06062356	    -37.73437190	     -0.06230395	    -46.49606387	    -54.39601181	     -5.44055148	      6.15124341	     -0.04617859	     -0.03606250
      0.38000000	    -33.12559392	    -20.35471878	     -5.18848503	     30.36615762	    171.63555925	     41.73892411	    -17.69432469	    -16.67917126	     10.18393358	      5.55412440	      3.11617170	     -1.17904851	     -7.75646163	      3.44727709	      3.88699930	    -25.41989412	     -0.05816299	    -31.35250430	     -0.05967923	    -41.65933285	    -48.50434746	     -5.50822594	      5.39539431	     -0.04941728	     -0.03852137
      0.38500000	    -27.43817718	    -18.25879160	     -4.21250893	     33.35762310	    156.66890573	     37.95586565	    -14.97892155	    -14.34731443	      9.20566980	      8.74369237	      3.57217303	     -1.42911055	     -9.39560774	      2.83145414	      3.58410990	    -19.89616068	     -0.05538033	    -26.62540151	     -0.05681812	    -37.02966899	    -42.75890103	     -5.65958303	      4.96859245	     -0.05300693	     -0.04151125
      0.39000000	    -20.53467094	    -13.33470736	     -2.54082023	     36.02173100	    140.01255477	     31.35580075	    -11.31244127	    -10.50574402	      7.53112798	     11.48867233	      2.89778372	     -1.33586042	    -10.68050869	      2.30918886	      3.21446284	    -15.39771402	     -0.05232857	    -22.43568466	     -0.05373792	    -32.35892657	    -37.17568672	     -5.06103886	      4.34478898	     -0.05685498	     -0.04493044
      0.39500000	    -14.05916565	     -9.22967671	     -1.19469963	     37.32945409	    122.66680396	     25.04456423	     -7.77161521	     -7.53040837	      6.19117659	     13.64152684	      2.10040101	     -1.18531287	    -11.66324384	      1.89116783	      2.78923548	    -11.46256770	     -0.04905818	    -18.69320028	     -0.05045238	    -27.91671220	    -31.83319107	     -4.71668969	      3.71679183	     -0.06085808	     -0.04866235
      0.40000000	     -6.92009240	     -5.94710268	     -0.13846747	     38.34111189	    104.17618895	     18.91963901	     -4.10856755	     -5.03605664	      5.00975549	     16.00754907	      1.49376819	     -1.13183272	    -12.39612624	      1.57665293	      2.31997005	     -8.25092642	     -0.04566192	    -15.79956720	     -0.04697876	    -23.56909213	    -26.79207835	     -4.55261420	      3.23327640	     -0.06489609	     -0.05257593
      0.40500000	      0.50630341	     -1.20284596	      1.14591709	     38.87754245	     84.81214183	     11.83290313	     -0.22461154	     -1.77293537	      3.51836451	     18.06067743	      0.39232216	     -0.95187599	    -12.92969512	      1.35439757	      1.81821276	     -5.69026486	     -0.04220191	    -13.32965286	     -0.04333876	    -19.69844833	    -22.02591346	     -3.94583336	      2.64748273	     -0.06883334	     -0.05653038
      0.41000000	      7.57540090	      2.96719903	      2.24426168	     37.82533157	     65.07988846	      5.06861073	      3.62149892	      1.72809013	      1.99065205	     19.69487071	      0.04507456	     -0.94938865	    -13.31135350	      1.20500732	      1.29542139	     -3.71315990	     -0.03871096	    -11.23793958	     -0.03955934	    -15.94573884	    -17.47239963	     -3.23511398	      2.35746242	     -0.07253922	     -0.06038035
      0.41500000	     12.22452915	      7.31095404	      2.98187369	     34.31066972	     45.66387521	     -1.12289726	      6.03432178	      4.49591925	      0.87222182	     20.38209497	     -0.92258777	     -0.72998087	    -13.58453808	      1.10424831	      0.76308017	     -1.72605492	     -0.03522359	     -9.08849946	     -0.03563562	    -12.88432223	    -13.40036769	     -2.63502786	      1.73132815	     -0.07588663	     -0.06398418
      0.42000000	     17.47052552	     10.56603355	      3.47470596	     30.74145115	     21.63101218	     -6.60265157	      8.48019202	      7.24663656	     -0.24392116	     21.28323698	     -1.13978865	     -0.71775390	    -13.78827270	      1.02670580	      0.23292590	     -0.42289207	     -0.03177584	     -7.79583563	     -0.03146213	    -10.27348357	     -9.96117991	     -1.96983973	      1.47760462	     -0.07875727	     -0.06721215
      0.42500000	     21.86319494	     13.45463643	      3.71568180	     25.77637349	     -5.38673215	    -11.13445723	     10.21277886	      9.43177067	     -1.14189097	     21.91631058	     -1.55305460	     -0.66143891	    -13.95694456	      0.94919182	     -0.28282469	      0.31250437	     -0.02840502	     -6.94918095	     -0.02729875	     -8.14217911	     -6.95648538	     -1.27498067	      1.16000275	     -0.08104635	     -0.06992190
      0.43000000	     24.92625549	     15.51328149	      3.86200539	     19.66049264	    -31.01996278	    -15.12932359	     12.01013955	     10.71493609	     -1.79168646	     21.37523209	     -2.35046556	     -0.46733958	    -14.12015977	      0.85339612	     -0.77134870	      0.40863142	     -0.02514929	     -5.97592756	     -0.02324452	     -5.91548901	     -4.65925321	     -0.84845001	      0.65385427	     -0.08266650	     -0.07200062
      0.43500000	     26.59570572	     15.45995164	      3.38969951	     12.47825210	    -54.44729074	    -17.86066422	     12.76816229	     10.48852455	     -1.98155899	     20.89993144	     -2.94429651	     -0.35672760	    -14.30258759	      0.72746121	     -1.21927497	      0.75616478	     -0.02204710	     -5.64630443	     -0.01939058	     -4.01967678	     -2.65354521	     -0.64491732	      0.47567901	     -0.08355039	     -0.07335397
      0.44000000	     25.15008556	     14.65810104	      2.84680526	      3.22122396	    -71.95278975	    -19.38097340	     13.15725507	      9.03587881	     -1.85151088	     18.34698423	     -3.99784481	     -0.03655635	    -14.52375793	      0.56638589	     -1.61297821	      0.72797322	     -0.01907921	     -4.26645759	     -0.01581681	     -2.20155716	     -1.15656678	     -0.69104135	      0.03453832	     -0.08365949	     -0.07390835
      0.44500000	     23.15204840	     13.09899526	      2.25773090	     -5.93726270	    -88.02989119	    -19.67757390	     13.47753653	      7.91073015	     -1.81274112	     15.56288814	     -4.02136997	      0.14709147	    -14.79782041	      0.37136923	     -1.93911660	      0.39733136	     -0.01637988	     -2.78222923	     -0.01258891	     -0.86193307	     -0.02160925	     -0.48213011	     -0.00782814	     -0.08295804	     -0.07361223
      0.45000000	     22.60809192	     12.81183291	      1.68259713	    -12.95157329	    -99.66387283	    -21.64390448	     14.03186489	      8.38879015	     -2.12310118	     14.25049930	     -3.57877757	      0.40272149	    -15.13331414	      0.14837013	     -2.18537197	      0.08005035	     -0.01398110	     -2.14114720	     -0.00975615	      0.14822372	      1.24817368	      0.08157984	      0.83996882	     -0.08144169	     -0.07243680
      0.45500000	     20.20823149	     13.71666410	      1.55056452	    -19.51683168	   -109.71930637	    -22.54841859	     13.97063555	      9.84317228	     -2.69968130	     11.82540354	     -3.56518963	      0.44212017	    -15.53303028	     -0.09375044	     -2.34130796	      0.42196043	     -0.01189960	     -1.01390553	     -0.00735017	      0.39430574	      1.37827579	      1.23164787	      0.17248819	     -0.07912451	     -0.07037607
      0.46000000	     17.62419847	     11.47769660	      1.16051465	    -25.79193980	   -120.61074398	    -21.51235947	     13.44478441	      9.85827209	     -2.69521512	      9.93040373	     -2.13823525	      0.18787475	    -15.99407202	     -0.34512869	     -2.39922876	      0.19310925	     -0.01013821	     -0.20561205	     -0.00538467	      0.55080991	      1.14633120	      1.48592154	      0.34741765	     -0.07603694	     -0.06744660
      0.46500000	     13.27514315	      8.34635553	      0.18283671	    -32.71494394	   -125.63691562	    -19.05506328	     11.57563031	      7.93019597	     -2.23520675	      8.29613452	     -1.56631991	      0.13187203	    -16.50821889	     -0.59652279	     -2.35491327	      0.23509506	     -0.00868750	      0.31225571	     -0.00386428	      0.51840632	      0.95593069	      1.39544972	      0.40231226	     -0.07222407	     -0.06368768
      0.47000000	      8.09133500	      5.45340409	     -1.00277247	    -39.26664012	   -123.55528759	    -16.31235260	      9.10138301	      5.47547304	     -1.67758443	      7.02811329	     -1.55576638	      0.20486772	    -17.06266245	     -0.84045454	     -2.20812120	      0.55545502	     -0.00752794	      0.59281170	     -0.00277307	      0.41365602	      0.87363024	      1.15661627	      0.30686076	     -0.06774428	     -0.05915971
      0.47500000	      4.32555721	      4.39180956	     -1.45775142	    -43.71028144	   -117.09053702	    -14.75160763	      7.88156115	      4.88219444	     -1.57295458	      6.03205669	     -1.48986617	      0.26349651	    -17.64110190	     -1.07179012	     -1.96280810	      0.53269150	     -0.00663230	      0.75154045	     -0.00205483	      0.33667036	      0.79127559	      1.43286173	      0.27330206	     -0.06266827	     -0.05394188
      0.48000000	      0.01171696	      1.94261376	     -2.17610855	    -48.09859769	   -107.85142828	    -11.92306779	      6.16283238	      3.12171722	     -1.19057168	      5.33881052	     -1.24498420	      0.28415737	    -18.22511061	     -1.28780152	     -1.62703208	      0.54186640	     -0.00596806	      0.69538015	     -0.00167117	      0.24325543	      0.61231050	      1.40182411	      0.48232345	     -0.05707818	     -0.04813490
      0.48500000	     -4.54013514	     -0.77970655	     -2.79361178	    -52.12541516	    -93.97034130	     -8.05734210	      4.61173904	      0.39614596	     -0.61209485	      4.57969904	     -1.49038969	      0.37708589	    -18.79563527	     -1.48782953	     -1.21257559	      0.01080711	     -0.00549967	      0.75301732	     -0.00157691	      0.47925007	      0.56450269	      0.88866359	      0.36251175	     -0.05106651	     -0.04185691
      0.49000000	     -8.70731305	     -0.83307152	     -2.68007563	    -54.78672020	    -76.98735531	     -6.32813657	      3.65164217	      0.31008691	     -0.58944851	      3.53760920	     -1.73486740	      0.42396485	    -19.33446482	     -1.67270647	     -0.73433291	      0.26971801	     -0.00519051	      0.93968394	     -0.00172222	      0.15397849	      0.36647903	      1.36586944	      0.33703343	     -0.04473470	     -0.03524101
      0.49500000	    -12.88184522	     -2.93290040	     -3.08533683	    -57.42573349	    -59.99077300	     -2.64222002	      2.04169205	     -1.50393239	     -0.20013014	      3.27532771	     -1.60124451	      0.42649909	    -19.82551679	     -1.84409440	     -0.20952709	      0.32533203	     -0.00500455	      0.76005190	     -0.00205495	      0.05780555	      0.24622568	      1.13411733	      0.46833113	     -0.03819122	     -0.02843204
      0.50000000	    -15.77550615	     -3.53413258	     -3.01990999	    -58.87028100	    -43.97099148	      0.46383849	      1.24696347	     -2.61404793	     -0.00987176	      3.16964304	     -2.03825699	      0.53132135	    -20.25585145	     -2.00386125	      0.34317639	     -0.19735747	     -0.00490758	      0.48966012	     -0.00252282	      0.12202860	      0.24999176	      0.93110398	      0.34304017	     -0.03154938	     -0.02158277
      0.50500000	    -18.54259778	     -3.60144970	     -2.63023395	    -59.72517970	    -28.48390716	      2.82299049	      0.60171917	     -2.66552031	      0.02264056	      2.84091890	     -2.12369953	      0.52888275	    -20.61638069	     -2.15357176	      0.90458770	     -0.06915761	     -0.00486823	      0.32012695	     -0.00307548	     -0.16861668	      0.03767873	      1.28921867	      0.48588908	     -0.02492473	     -0.01484970
      0.51000000	    -21.10535797	     -3.82342720	     -2.29260789	    -60.36548494	    -14.60887716	      5.81992496	     -0.14815568	     -2.98169498	      0.07441760	      2.63241948	     -2.09711138	      0.49535746	    -20.90222602	     -2.29413956	      1.45586787	     -0.11174313	     -0.00485857	      0.22941949	     -0.00366612	     -0.34344443	     -0.08621752	      1.34255570	      0.49753531	     -0.01843252	     -0.00838831
      0.51500000	    -22.62322436	     -3.81194576	     -1.76056117	    -59.88875601	     -2.63762814	      8.69954259	     -0.42157589	     -3.46177674	      0.19471207	      2.67485648	     -2.48487666	      0.54899011	    -21.11264694	     -2.42567186	      1.97929474	     -0.42767281	     -0.00485451	     -0.02731131	     -0.00425278	     -0.40513962	     -0.12012385	      1.29201999	      0.37195217	     -0.01218505	     -0.00234821
      0.52000000	    -23.33923965	     -4.08350673	     -1.25807102	    -58.77857506	      4.92032165	     10.86564121	     -0.59487989	     -3.24542819	      0.15370012	      3.00436679	     -2.04205703	      0.45005145	    -21.25048105	     -2.54752100	      2.45887139	     -0.48236794	     -0.00483591	     -0.41550029	     -0.00479911	     -0.44306125	     -0.30178802	      1.25200814	      0.68311931	     -0.00628927	      0.00313190
      0.52500000	    -23.92826406	     -3.25156243	     -0.56086943	    -57.27039209	     10.75734157	     12.94990110	     -0.69982463	     -2.87770721	      0.09181536	      3.08222166	     -2.26673202	      0.46349485	    -21.32110798	     -2.65853080	      2.88074595	     -0.59597452	     -0.00478659	     -0.57999134	     -0.00527489	     -0.56390262	     -0.32754716	      1.31875822	      0.53834442	     -0.00084456	      0.00792919
      0.53000000	    -24.24723927	     -2.99134976	      0.06598720	    -55.53463564	     12.13028735	     15.26866424	     -0.87710653	     -2.38558646	      0.01349346	      3.13111771	     -1.82090812	      0.34376813	    -21.33104598	     -2.75742971	      3.23343648	     -0.61244708	     -0.00469401	     -0.61367375	     -0.00565613	     -0.72788068	     -0.43349866	      1.40125291	      0.59734650	      0.00405919	      0.01194123
      0.53500000	    -23.21052407	     -1.66870340	      0.89079142	    -52.37707426	     10.48999293	     15.86868656	     -0.46287746	     -1.17186304	     -0.21021139	      3.48775015	     -1.78738282	      0.33751335	    -21.28640191	     -2.84328662	      3.50788706	     -0.67216024	     -0.00454910	     -0.92250980	     -0.00592500	     -0.74323560	     -0.46401360	      1.52709462	      0.62858972	      0.00834313	      0.01508991
      0.54000000	    -23.36603365	     -1.27782448	      1.44031582	    -49.84455604	      7.97979344	     17.11929640	     -0.62680784	     -0.80209518	     -0.21393432	      3.19855964	     -1.56904898	      0.26109368	    -21.19147189	     -2.91592846	      3.69740601	     -0.46042890	     -0.00434590	     -0.70273302	     -0.00606962	     -0.74409723	     -0.53638635	      1.32030878	      0.51650669	      0.01194063	      0.01732419
      0.54500000	    -22.13086209	     -0.38143025	      1.89121467	    -46.13002776	      0.29385608	     17.84738890	     -0.72972375	     -0.05096683	     -0.29240234	      3.70453066	     -1.42091038	      0.27291021	    -21.04775438	     -2.97623513	      3.79754209	     -0.28851904	     -0.00408134	     -0.96948552	     -0.00608374	     -0.83591314	     -0.43214441	      1.33091731	      0.46567257	      0.01479796	      0.01862156
      0.55000000	    -20.64255702	      0.68053718	      2.45911172	    -42.28404440	    -12.45775706	     17.52836071	     -0.59405034	      1.59626021	     -0.57855323	      3.74876418	     -0.65040822	      0.14105797	    -20.85349620	     -3.02627130	      3.80595042	     -0.03296531	     -0.00375515	     -0.97173242	     -0.00596640	     -0.93940598	     -0.52485841	      1.57398550	      0.72080347	      0.01687460	      0.01898767
      0.55500000	    -19.83683215	      1.56885897	      2.89076726	    -38.37577862	    -23.46590379	     17.45542589	     -0.65940023	      2.32345710	     -0.60980991	      3.34636897	     -0.49113276	      0.12412408	    -20.60373181	     -3.06926269	      3.72229348	      0.22905167	     -0.00336986	     -0.60273606	     -0.00572158	     -0.92762774	     -0.47920712	      1.49842015	      0.52017924	      0.01814307	      0.01845432
      0.56000000	    -18.37659281	      2.43511217	      3.15393361	    -34.07944754	    -39.42839742	     16.32224370	     -0.78922528	      3.65192200	     -0.79036039	      3.19221613	      0.16703655	      0.03667210	    -20.29067387	     -3.10945022	      3.54820373	      0.68198269	     -0.00293099	     -0.46146349	     -0.00535789	     -0.96550619	     -0.50081172	      1.59360510	      0.70613621	      0.01858839	      0.01707565
      0.56500000	    -17.28234807	      3.46777146	      3.39686602	    -29.66184236	    -54.16387288	     15.00443113	     -0.93165075	      4.73914328	     -0.89781452	      2.62531060	      0.50143067	      0.00383228	    -19.90427999	     -3.15184613	      3.28730618	      1.14271710	     -0.00244728	      0.02773860	     -0.00488831	     -0.93491481	     -0.44970777	      1.60306951	      0.60165239	      0.01820727	      0.01492313
      0.57000000	    -16.59345530	      4.46501689	      3.40814151	    -25.58634776	    -70.28109436	     12.83232812	     -1.41436847	      5.45446569	     -0.91409760	      1.79236754	      0.45136931	      0.04821298	    -19.43284203	     -3.20189459	      2.94527597	      1.80081962	     -0.00193108	      0.54010733	     -0.00433002	     -0.89216860	     -0.44421760	      1.47966129	      0.51675851	      0.01700702	      0.01207973
      0.57500000	    -15.15346264	      5.29182810	      3.13620527	    -21.07039790	    -89.02858230	     10.66834264	     -2.17139065	      6.73863267	     -1.10482476	      1.64603245	      1.16587170	     -0.02371499	    -18.86348960	     -3.26503145	      2.52989432	      2.65017679	     -0.00139870	      0.75389855	     -0.00370430	     -1.00934920	     -0.34303763	      1.65524115	      0.71153975	      0.01500452	      0.00863416
      0.58000000	    -13.91195968	      6.24309055	      3.26683436	    -16.44079290	   -104.74651534	      8.12402244	     -2.09737985	      7.52348658	     -1.13706984	      0.45777667	      1.08705522	      0.00795195	    -18.18255547	     -3.34614409	      2.05105556	      2.96575030	     -0.00087075	      1.59152735	     -0.00303654	     -0.84565777	     -0.31598279	      1.68023850	      0.53456207	      0.01222525	      0.00467567
      0.58500000	    -13.12328802	      6.49140148	      2.69339830	    -12.63476550	   -121.98884599	      5.56045391	     -3.15010606	      8.05357549	     -1.16685960	     -0.21077333	      1.49821610	     -0.04475101	    -17.37582252	     -3.44894403	      1.52067073	      3.92219660	     -0.00037252	      2.08650707	     -0.00235636	     -0.90879421	     -0.27363337	      1.68635947	      0.69126949	      0.00870272	      0.00029027
      0.59000000	    -11.31609912	      6.63458161	      2.36726406	     -7.98622258	   -136.85116907	      3.12093926	     -3.28040424	      8.15618111	     -1.09882959	     -0.88568792	      1.47797541	     -0.01360656	    -16.42873340	     -3.57528854	      0.95242177	      4.08876037	      0.00006589	      2.68588321	     -0.00169775	     -0.66936975	     -0.13704218	      1.43650431	      0.59968905	      0.00447836	     -0.00444154
      0.59500000	    -10.02343219	      6.97866513	      1.87989899	     -4.19988408	   -148.81096752	     -0.06743768	     -3.73360906	      8.28899027	     -1.08372493	     -1.70959857	      1.16911073	      0.05446102	    -15.32666340	     -3.72451823	      0.36134096	      4.71671215	      0.00040948	      3.27580562	     -0.00109917	     -0.44377826	     -0.05932112	      1.41100830	      0.56002245	     -0.00039795	     -0.00944509
      0.60000000	     -8.94244575	      6.47989665	      1.29482467	     -0.91602647	   -158.15318567	     -2.33819646	     -4.23111420	      7.87253304	     -0.92613769	     -2.66903175	      1.08847928	      0.02819310	    -14.05534945	     -3.89289657	     -0.23678732	      5.24842853	      0.00061857	      4.09225740	     -0.00060363	     -0.30758189	     -0.01436680	      1.26924062	      0.51131830	     -0.00586659	     -0.01465031
      0.60500000	     -7.52024659	      7.11583479	      0.73041803	      2.43361369	   -163.03193374	     -5.40875394	     -4.97846924	      7.87519017	     -0.90043128	     -3.01557607	      0.34916716	      0.17523938	    -12.60152204	     -4.07324332	     -0.82617769	      6.31278446	      0.00064931	      4.53031069	     -0.00025850	     -0.50217085	      0.17314177	      1.48664358	      0.32332816	     -0.01185632	     -0.01998916
      0.61000000	     -4.96250107	      5.94987965	      0.20301474	      5.53415092	   -167.24406041	     -7.40769225	     -4.60403262	      7.20655517	     -0.79308896	     -3.46422648	      0.40147818	      0.07197213	    -10.95367549	     -4.25486265	     -1.39189050	      6.21223966	      0.00045459	      5.09790157	     -0.00011504	     -0.08704180	      0.21736442	      1.24967992	      0.44417834	     -0.01828199	     -0.02539237
      0.61500000	     -2.64691142	      5.55816262	     -0.29323288	      8.10065887	   -165.84503125	     -9.50474526	     -4.72528027	      6.86172812	     -0.75484463	     -3.51960586	      0.06927365	      0.04720804	     -9.10280451	     -4.42385928	     -1.92069036	      6.87098902	     -0.00001476	      5.47512625	     -0.00022757	     -0.23354609	      0.32508197	      1.50937743	      0.46773672	     -0.02504204	     -0.03078608
      0.62000000	      0.27513262	      4.60787223	     -0.77292236	     10.54367218	   -157.35681050	    -11.18157156	     -4.21076904	      5.60041265	     -0.51590857	     -3.31935385	     -0.72037492	      0.11378979	     -7.04292846	     -4.56388270	     -2.40182013	      7.02156599	     -0.00080814	      5.81262323	     -0.00066007	      0.00221774	      0.47734732	      1.25297621	      0.30278589	     -0.03201651	     -0.03608973
      0.62500000	      3.87486380	      3.64871688	     -1.09491600	     12.47241006	   -146.15451760	    -12.72759570	     -3.34650823	      4.81961537	     -0.47367916	     -2.84308199	     -1.09591018	      0.03567947	     -4.77130449	     -4.65725331	     -2.82760066	      7.05625303	     -0.00197309	      5.99226756	     -0.00147710	      0.16298124	      0.55511497	      1.23326560	      0.37995232	     -0.03906605	     -0.04121424
      0.63000000	      7.59341271	      2.45561268	     -1.45667100	     13.82006771	   -127.67318477	    -13.04319588	     -2.45894850	      3.46592832	     -0.30171364	     -1.94683369	     -1.66255865	     -0.01252980	     -2.28833577	     -4.68634103	     -3.19379030	      6.98866148	     -0.00355271	      6.17144862	     -0.00272646	      0.27476129	      0.69345842	      1.15670906	      0.24903429	     -0.04603284	     -0.04606151
      0.63500000	     12.08432153	      0.99721797	     -1.66233291	     15.08332296	   -102.72403632	    -13.13339514	     -0.95015972	      2.16517257	     -0.16560258	     -0.67188402	     -2.04013436	     -0.14032861	      0.40271927	     -4.63500604	     -3.49966927	      6.73728218	     -0.00558283	      6.19469752	     -0.00445767	      0.45357556	      0.79772591	      1.03265861	      0.21870184	     -0.05274415	     -0.05052908
      0.64000000	     17.49175135	     -1.42110639	     -1.75709539	     15.65963095	    -78.50162023	    -12.93275833	      1.18316668	      1.41491964	     -0.25082439	      0.65854354	     -1.13503952	     -0.70248192	      3.29607398	     -4.48988646	     -3.74784622	      5.94832185	     -0.00808882	      5.99343753	     -0.00671097	      0.64083017	      0.67043307	      0.91428638	      0.86238612	     -0.05901934	     -0.05451531
      0.64500000	     19.81974289	    -14.49895205	     -7.41083695	     13.52838931	   -198.36645215	    -12.34219595	     -5.62621527	      3.35802652	     -0.00379747	     -2.17218846	      8.89915465	     -2.11738173	      6.38363360	     -4.24134232	     -3.94381333	      8.39055271	     -0.01108251	      1.07464111	     -0.00951366	     -3.79618124	    -12.54692131	      0.62956686	      2.64189391	     -0.06468012	     -0.05792711
      0.65000000	     62.48775809	     -4.16220266	     -1.48845446	     49.01996919	   -253.50345651	     -8.71108674	      1.43293681	     13.98950133	     -3.52770771	     22.22090607	     12.17575318	     -4.51967871	      9.65503355	     -3.88392779	     -4.09529209	     -3.63441619	     -0.01455895	    -11.58284067	     -0.01287616	    -10.43859773	     -8.83998645	      1.32016185	      3.21400482	     -0.06956309	     -0.06068828
      0.65500000	     93.58730137	     -2.20762634	      3.92273907	     75.38208613	   -175.63486329	    -10.09564938	     21.93327400	     14.12556884	     -5.88152435	     32.24105117	      7.50180218	     -4.38643840	     13.09749183	     -3.41634121	     -4.21141253	    -13.98770230	     -0.01846223	    -15.79113617	     -0.01678830	     -6.78466931	     -6.61999389	      1.83221736	      2.27378689	     -0.07353642	     -0.06274715
      0.66000000	    104.63266706	     -9.46514934	      3.26702040	     82.35086997	   -159.58570928	    -13.20923635	     29.72106771	      7.84094149	     -4.99439285	     31.99565962	      3.47213601	     -3.63457817	     16.69552203	     -2.84088202	     -4.30176572	    -17.48740471	     -0.02272008	    -19.77572054	     -0.02121601	     -5.50359391	    -12.89714004	      0.62346329	      2.28336818	     -0.07650670	     -0.06408191
      0.66500000	     87.17000328	     -9.08928665	      3.08210995	     58.43862330	   -175.12584011	    -13.53231218	     22.83307096	      5.01657371	     -3.50574903	     16.69066412	      1.43785415	     -2.40721043	     20.43058231	     -2.16251694	     -4.37537532	    -18.04036250	     -0.02731207	    -14.26235843	     -0.02609879	    -10.65824808	    -19.41894551	     -0.33531192	      2.32624844	     -0.07841983	     -0.06470286
      0.67000000	     51.90696740	    -13.69741873	     -0.96622889	     16.19647428	   -160.57990082	     -7.18434147	      7.18972952	     -1.88535185	      0.26281774	     -3.96965719	      2.48954127	     -1.42049561	     24.28074660	     -1.38772045	     -4.43964638	    -13.85651792	     -0.03217558	     -4.31977168	     -0.03134837	    -16.47880310	    -25.13138651	     -2.43628876	      2.73676912	     -0.07927411	     -0.06465169
      0.67500000	      5.70626708	    -17.95300330	     -6.33567512	    -37.52124308	   -114.42983175	     -2.46431221	    -13.01883912	     -6.93326086	      4.20897488	    -27.95069416	      5.56626250	     -0.65684451	     28.22048679	     -0.52329586	     -4.49936095	     -4.51930498	     -0.03723764	      7.89235412	     -0.03684877	    -21.89505046	    -30.67625743	     -3.45653144	      3.61829912	     -0.07911473	     -0.06399849
      0.68000000	    -40.63980982	    -15.31473812	    -10.93078739	    -91.70708955	    -66.11165249	     -4.82281531	    -37.07436441	     -3.40002484	      5.96920995	    -48.32809349	     11.21874265	     -0.69098225	     32.22066115	      0.42460869	     -4.55579780	      8.71452720	     -0.04241752	     17.61623192	     -0.04228879	    -28.15424276	    -36.28684781	     -2.30666616	      4.83257751	     -0.07802928	     -0.06285189
      0.68500000	    -62.00312658	     -6.46719728	    -11.93629953	   -119.71699850	    -31.88033863	    -13.70807405	    -53.22143454	      2.85766254	      5.94612714	    -54.50545133	     12.30432990	     -0.63399856	     36.24882058	      1.45109749	     -4.60605549	     15.75556621	     -0.04762985	     17.65115214	     -0.04772242	    -34.05174093	    -40.36312105	     -1.10093573	      5.36686013	     -0.07614124	     -0.06131277
      0.69000000	    -46.22527849	     -0.45219147	    -10.51102674	   -107.40302913	    -12.66349828	    -20.87271818	    -52.42198599	      1.56088500	      6.19728433	    -43.67422632	      4.75605658	      0.60139546	     40.26995351	      2.55257820	     -4.64265500	     10.07370834	     -0.05278787	      5.16519166	     -0.05304699	    -37.27763046	    -43.59959847	     -1.30054947	      4.54628692	     -0.07360221	     -0.05950381
      0.69500000	    -14.37382220	     -0.42294418	     -8.26969892	    -76.90778128	    -24.73596914	    -23.36845131	    -41.46547767	     -6.24513146	      7.56483680	    -29.93743073	     -6.18893708	      2.75579363	     44.24776436	      3.72615403	     -4.65350233	     -5.46597172	     -0.05780644	    -12.46228083	     -0.05815936	    -39.76264042	    -48.15099574	     -2.79696991	      3.59227176	     -0.07058283	     -0.05755126
      0.70000000	     13.51871582	      0.63118432	     -5.36813444	    -48.09064895	    -51.95096825	    -26.51272965	    -31.36898123	    -12.53206679	      8.80764189	    -20.23964303	    -16.14327508	      5.20154426	     48.14649237	      4.96834138	     -4.62232165	    -22.79358641	     -0.06256721	    -28.97731481	     -0.06296336	    -43.59889287	    -54.08621990	     -4.13868997	      3.12104202	     -0.06727050	     -0.05557625
      0.70500000	     37.58081301	      1.92880885	     -2.57204688	    -21.58300601	    -82.73477153	    -28.37407203	    -22.93307759	    -18.24706935	     10.19695063	    -12.57881882	    -25.04718907	      7.79687947	     51.93314108	      6.27324831	     -4.52968870	    -40.89774080	     -0.06694447	    -45.18868553	     -0.06737215	    -48.27302568	    -59.88203554	     -5.00817119	      2.86965232	     -0.06383805	     -0.05368657
      0.71000000	     51.64749572	      0.57863386	     -0.71255348	     -3.52692220	   -102.15373726	    -26.89190531	    -16.13345656	    -24.35216386	     12.13451541	    -11.52184103	    -31.30854240	     10.30953885	     55.57985392	      7.63051308	     -4.35474192	    -58.43684779	     -0.07083487	    -57.64949175	     -0.07130945	    -52.87678850	    -65.86412008	     -5.73554180	      3.00028612	     -0.06044351	     -0.05196990
      0.71500000	     49.30526012	     -0.68577081	     -0.77639733	     -1.21657917	   -112.14636640	    -25.73499929	    -17.28259362	    -27.86689079	     14.13835126	    -16.90518859	    -33.43352008	     12.14038328	     59.06608334	      9.02343148	     -4.07752341	    -70.86095785	     -0.07413648	    -66.48048556	     -0.07469635	    -57.87291891	    -72.32814997	     -5.96832191	      3.65357297	     -0.05722416	     -0.05049511
      0.72000000	     32.59754520	     -0.63042063	     -3.42570337	    -12.30918365	   -122.77880324	    -26.74027622	    -29.11612175	    -30.62135002	     17.06481990	    -24.78310733	    -34.08639534	     13.74631748	     62.38018575	     10.42776404	     -3.68172857	    -77.01095450	     -0.07676232	    -75.01530561	     -0.07733583	    -64.17911529	    -79.05043645	     -5.90045911	      4.70281975	     -0.05428587	     -0.04929843
      0.72500000	     11.47865339	     -0.46051115	     -6.45288597	    -27.40906920	   -133.54676702	    -27.29722823	    -42.98502322	    -32.39777069	     19.82391164	    -34.50644590	    -33.28966939	     15.05337110	     65.52014539	     11.81166345	     -3.15744810	    -82.62474729	     -0.07864486	    -83.12373096	     -0.07910976	    -70.28697779	    -85.17022362	     -5.36425510	      5.89545179	     -0.05169974	     -0.04838979
      0.73000000	     -8.24590848	     -5.89178491	    -10.47451326	    -39.69939335	   -143.89244475	    -21.16024510	    -54.36285179	    -33.97886301	     22.22717948	    -44.93959498	    -27.60145632	     14.58763674	     68.49324603	     13.13697545	     -2.50336826	    -89.94773582	     -0.07973986	    -90.89766774	     -0.07994687	    -75.72713946	    -90.71268412	     -4.72990942	      7.67611978	     -0.04950273	     -0.04776299
      0.73500000	    -24.76010819	    -17.85926097	    -14.77593810	    -48.39466550	   -152.82032824	     -7.86349983	    -60.26373608	    -33.85984622	     23.26776541	    -57.34884163	    -15.46529659	     11.58702667	     71.31463054	     14.36188829	     -1.72795299	   -100.03005409	     -0.08002295	    -97.65187714	     -0.07980975	    -79.90740277	    -95.24039324	     -3.88169387	     10.21316808	     -0.04770479	     -0.04739726
      0.74000000	    -37.21052074	    -40.77729927	    -20.49806535	    -55.77304696	   -175.17679269	     16.78528935	    -60.51860532	    -29.27060651	     21.45276405	    -71.93076499	      9.06797317	      3.18791923	     74.00483150	     15.44460819	     -0.84932552	   -112.41888248	     -0.07958907	   -105.31109778	     -0.07870015	    -82.83676956	    -98.20557035	     -2.03267113	     14.18597160	     -0.04629330	     -0.04726263
      0.74500000	    -44.57785058	    -59.75826593	    -24.76415306	    -57.47642222	   -191.51406858	     36.49656032	    -60.31195879	    -23.00395382	     18.55761428	    -81.87897361	     31.06451230	     -5.56245105	     76.58650002	     16.34748767	      0.10616265	   -123.71407501	     -0.07854816	   -116.03365347	     -0.07666219	    -85.02263771	    -98.98083898	     -0.23201724	     17.23758435	     -0.04522586	     -0.04732488
      0.75000000	    -45.49576440	    -56.10359534	    -22.29291320	    -46.30556099	   -167.09110030	     34.26675903	    -59.87784753	    -13.80419479	     13.76352160	    -84.20823233	     37.44016616	     -8.65713634	     79.08067328	     17.04088190	      1.10638647	   -133.79595511	     -0.07695287	   -124.44184337	     -0.07377648	    -86.56856536	    -98.88847420	      2.27753491	     18.28349089	     -0.04446065	     -0.04755343
      0.75500000	    -36.24706929	    -31.33185372	    -13.87672103	    -15.48617035	    -90.54001767	     10.27512732	    -58.25284919	     -5.40143672	      8.89096284	    -75.47850086	     25.88873185	     -4.48397877	     81.50305045	     17.50599845	      2.11644469	   -142.09456792	     -0.07486862	   -130.77852034	     -0.07030399	    -87.31123070	    -98.64929331	      4.36903554	     17.28897148	     -0.04395414	     -0.04791508
      0.76000000	    -16.21228169	     -4.59185979	     -4.31539474	     30.53193713	      3.99878083	    -17.21820104	    -52.95503190	     -4.47312700	      7.34171189	    -59.10832835	      4.00789280	      3.91643546	     83.86083902	     17.73618544	      3.10170600	   -150.70971937	     -0.07237258	   -139.50027333	     -0.06643282	    -87.27949124	    -97.83971620	      5.45320908	     15.14955850	     -0.04366625	     -0.04837865
      0.76500000	      2.58147853	      7.38343498	      1.30318165	     73.44290738	     94.93772456	    -29.24459737	    -45.38047001	    -10.64899601	      9.40599099	    -45.71418612	    -13.56386775	     10.71703569	     86.15063363	     17.73646621	      4.03047093	   -159.14325284	     -0.06955252	   -147.05609628	     -0.06231460	    -86.90024698	    -96.89592608	      5.42940466	     13.38704168	     -0.04356345	     -0.04892309
      0.77000000	     17.98044816	      6.40107988	      2.91868980	    108.64067187	    170.45684336	    -27.17904901	    -37.55060826	    -19.70266512	     13.12372256	    -36.15516246	    -23.45142737	     14.30860549	     88.35756190	     17.52154203	      4.87593535	   -167.12170194	     -0.06650549	   -153.31725555	     -0.05811109	    -86.45127491	    -95.99500602	      4.84317825	     12.57707793	     -0.04361970	     -0.04953325
      0.77500000	     28.57211133	      0.88555283	      2.49716431	    133.32076886	    226.89971694	    -20.71677332	    -32.03458465	    -27.47536421	     16.42730561	    -29.74909482	    -28.03921730	     15.67467193	     90.45572979	     17.11281654	      5.61735840	   -173.43644490	     -0.06333600	   -158.80880422	     -0.05398684	    -85.88990769	    -95.24145944	      4.17948629	     12.21824364	     -0.04381561	     -0.05019862
      0.78000000	     37.20579676	     -5.14572268	      1.42367423	    151.06799853	    259.92260569	    -14.77848359	    -28.61679525	    -32.91567428	     18.62214548	    -24.55400741	    -29.64330260	     15.63297934	     92.40979033	     16.53520179	      6.24052138	   -178.88885969	     -0.06015344	   -164.75319037	     -0.05010081	    -85.68901443	    -94.81931567	      3.86174972	     12.57928088	     -0.04413609	     -0.05091110
      0.78500000	     41.86686628	     -9.19490412	      1.19907163	    159.33563300	    276.12354624	    -10.50507076	    -26.18283349	    -35.38724970	     19.19675473	    -23.22621925	    -29.67863735	     15.12933474	     94.17725815	     15.81446880	      6.73761507	   -184.46416992	     -0.05707727	   -168.36117494	     -0.04659788	    -85.60557451	    -94.63278821	      3.93590043	     12.69078223	     -0.04456783	     -0.05166223
      0.79000000	     41.05334203	    -13.74474262	      0.67530124	    156.46554890	    276.07087880	     -5.73467344	    -25.43875959	    -36.42966611	     19.04501764	    -26.22685103	    -27.47297267	     13.81724619	     95.71115541	     14.97564781	      7.10670783	   -189.56520950	     -0.05418465	   -169.59596335	     -0.04360110	    -85.92545278	    -94.88875311	      4.39519982	     13.27766487	     -0.04509409	     -0.05244055
      0.79500000	     36.73191071	    -16.78092767	      0.07649796	    145.36775307	    261.89359708	     -3.09987180	    -27.24124328	    -36.35646413	     18.42246574	    -30.69676543	    -24.98938013	     12.44595333	     96.96268005	     14.04259493	      7.35095921	   -193.37303938	     -0.05158383	   -170.31513856	     -0.04120549	    -86.58839197	    -95.36324211	      4.94572668	     13.78777366	     -0.04569442	     -0.05322954
      0.80000000	     30.61463563	    -20.14350981	     -1.62390036	    128.81694090	    233.67092441	     -1.26144129	    -31.93384786	    -34.95022739	     17.22906629	    -34.50347867	    -20.34674985	      9.83982369	     97.88368909	     13.03849631	      7.47769470	   -195.29468287	     -0.04937484	   -171.76773642	     -0.03947407	    -87.52687005	    -96.27464506	      5.40589034	     14.81701155	     -0.04634242	     -0.05400647
      0.80500000	     23.79857963	    -23.11714415	     -3.77074019	    108.16833969	    194.95574248	      0.92290107	    -38.51426669	    -33.17725821	     15.95305013	    -37.35064732	    -15.24214733	      6.90041548	     98.42888811	     11.98683895	      7.49738441	   -196.37262053	     -0.04763751	   -173.71407433	     -0.03843619	    -88.68421697	    -96.99145719	      6.01172502	     15.62480563	     -0.04700509	     -0.05474230
      0.81000000	     15.40987984	    -25.43195465	     -5.88498902	     83.60056765	    149.50460100	      2.39451916	    -45.84354567	    -31.36750509	     14.74612105	    -40.98106706	    -10.42117754	      4.20353615	     98.55772834	     10.91229451	      7.42255263	   -197.12078045	     -0.04642741	   -174.68687095	     -0.03808818	    -89.92184941	    -97.96730482	      6.58603317	     16.41981202	     -0.04764357	     -0.05540249
      0.81500000	      7.36039344	    -28.29233676	     -8.21580351	     57.70782292	    100.13007435	      3.61112532	    -52.98433685	    -30.36848474	     14.11793377	    -44.22650541	     -6.09305575	      1.76789691	     98.23606652	      9.84106803	      7.26667289	   -197.48113560	     -0.04577316	   -175.85240324	     -0.03839612	    -91.07605594	    -98.62355266	      6.80908994	     17.34169823	     -0.04821484	     -0.05594862
      0.82000000	     -1.87221222	    -29.03285700	     -9.83767654	     30.15611597	     50.26174097	      2.33033041	    -60.24875537	    -30.40731933	     14.26217593	    -48.11989001	     -4.66400643	      1.04870253	     97.43763582	      8.80046837	      7.04312064	   -197.19466014	     -0.04567544	   -176.25537390	     -0.03930019	    -92.31174712	    -99.17419590	      6.75308521	     17.60132358	     -0.04867411	     -0.05634064
      0.82500000	    -10.41695258	    -28.04448221	    -10.16879727	      4.24052892	      7.44140690	     -1.43994476	    -64.98566058	    -30.96281123	     14.65379219	    -53.05922411	     -5.84517010	      1.92072700	     96.14535753	      7.81767276	      6.76425567	   -196.64863690	     -0.04610781	   -175.11360302	     -0.04072032	    -93.36324525	    -99.61649306	      6.77737085	     17.64629574	     -0.04897749	     -0.05653959
      0.83000000	    -17.49670810	    -24.80553369	     -9.13060387	    -17.70462094	    -19.84279453	     -7.47134506	    -67.09037834	    -31.91340263	     15.24337685	    -57.83118699	     -9.78953475	      4.37041328	     94.35249711	      6.91785467	      6.44071036	   -195.19587469	     -0.04701912	   -171.99430427	     -0.04256244	    -94.24255745	    -99.58402160	      6.67872711	     17.12330930	     -0.04908499	     -0.05651056
      0.83500000	    -20.33734431	    -21.31954864	     -7.76415474	    -30.33254097	    -32.23081339	    -12.68862253	    -66.77004760	    -33.27114017	     16.04605964	    -59.59043808	    -14.57828048	      7.05674809	     92.06362514	      6.12198613	      6.08096648	   -192.98325874	     -0.04833748	   -167.67061533	     -0.04472484	    -95.05033603	    -99.74967396	      6.45754137	     16.55122334	     -0.04896334	     -0.05622574
      0.84000000	    -18.39096245	    -18.18074796	     -6.49068961	    -33.78255730	    -32.42357209	    -16.45292325	    -64.70144687	    -34.84005854	     16.97462678	    -57.24274768	    -19.57745818	      9.52048198	     89.29529667	      5.44468877	      5.69129155	   -189.46757355	     -0.04997520	   -163.82647579	     -0.04710421	    -95.64325340	    -99.42282810	      6.08576831	     15.69142959	     -0.04858872	     -0.05566700
      0.84500000	    -15.17519628	    -15.94057248	     -5.81531515	    -31.98945463	    -22.28397064	    -18.12808421	    -62.40751010	    -36.18429730	     17.84269088	    -52.67691052	    -23.40879849	     11.16985983	     86.07631396	      4.89252248	      5.27606439	   -184.08476408	     -0.05183452	   -159.19736257	     -0.04960070	    -96.25858815	    -98.99745868	      5.70466174	     14.98232869	     -0.04794922	     -0.05482809
      0.85000000	    -12.11302746	    -16.26520032	     -5.98259953	    -28.39560517	     -7.99528511	    -16.48088462	    -59.37458788	    -37.87718573	     18.95583962	    -48.08616774	    -25.42589144	     11.89756883	     82.44738712	      4.46306912	      4.83844391	   -178.10564661	     -0.05381328	   -153.60260214	     -0.05212196	    -96.19669435	    -98.35456218	      5.05328804	     14.49482505	     -0.04704671	     -0.05371603
      0.85500000	    -11.37793167	    -17.77959932	     -6.93149105	    -25.01387420	      9.03254576	    -12.16288609	    -57.35514625	    -40.11599989	     20.48347258	    -43.97711882	    -26.51339278	     12.22577231	     78.45999053	      4.14505755	      4.38123370	   -170.87701803	     -0.05583995	   -146.65640122	     -0.05458581	    -96.12000482	    -97.56235219	      4.38020990	     13.96019505	     -0.04589899	     -0.05235202
      0.86000000	    -13.85162935	    -18.77647539	     -8.01962326	    -23.95496636	     28.95002923	     -9.56757550	    -56.20172723	    -43.70275117	     22.89242694	    -41.45332822	    -29.33271566	     13.55941051	     74.17428407	      3.91958906	      3.90771072	   -162.18027323	     -0.05783317	   -139.08084683	     -0.05692178	    -95.41756140	    -96.19396676	      2.93260456	     12.92541204	     -0.04453834	     -0.05077167
      0.86500000	    -15.96176274	    -16.86680084	     -7.72968892	    -21.15420129	     46.83695260	     -9.73160974	    -54.21141341	    -41.46920444	     21.98219429	    -39.53702394	    -28.64661477	     13.25556259	     69.65613426	      3.76230640	      3.42217242	   -153.00851618	     -0.05971462	   -130.18624309	     -0.05907163	    -94.50973348	    -94.70353633	      2.71159171	     12.40084134	     -0.04301226	     -0.04902485
      0.87000000	    -15.75800323	    -15.13813580	     -7.43004333	    -13.63477935	     67.94077695	     -8.95261059	    -51.45772507	    -38.42694568	     20.64696915	    -35.77305926	    -27.12114895	     12.43905645	     64.97345804	      3.64615397	      2.93000823	   -143.22826889	     -0.06142043	   -121.57185710	     -0.06098903	    -93.21008814	    -92.69988402	      2.51315646	     11.58734357	     -0.04138222	     -0.04717491
      0.87500000	    -14.68622848	    -15.71849581	     -8.00497683	     -3.74391941	     90.93061978	     -5.90179793	    -48.52841237	    -36.49002462	     19.97028554	    -30.90694035	    -24.72459263	     11.15295541	     60.19228511	      3.54424380	      2.43721863	   -133.05143010	     -0.06289924	   -113.09501473	     -0.06263880	    -91.32478459	    -90.27241133	      1.73369138	     10.87698313	     -0.03972159	     -0.04529729
      0.88000000	    -12.86070439	    -15.68737005	     -7.87433829	      6.97931371	    111.74966261	     -4.51943072	    -44.19381553	    -33.29311415	     18.54782910	    -26.87068118	    -21.90239558	      9.78569508	     55.37309546	      3.43232286	      1.94950867	   -123.36423644	     -0.06411225	   -104.29427409	     -0.06399570	    -88.78983912	    -87.40949287	      1.10833445	     10.45689303	     -0.03811291	     -0.04347725
      0.88500000	    -14.04526284	    -13.98431481	     -7.64235671	     14.90905485	    132.35353763	     -4.16556140	    -41.61271572	    -29.95462085	     17.20887587	    -23.96573694	    -19.96167357	      8.96394476	     50.56803380	      3.29046534	      1.47128843	   -112.47990715	     -0.06503243	    -94.62192411	     -0.06504305	    -86.30282512	    -84.33337890	      0.73520960	      9.56994214	     -0.03664480	     -0.04180664
      0.89000000	    -16.78611153	    -13.07882970	     -8.02266074	     20.30927085	    150.40713730	     -4.29912880	    -40.20738416	    -26.97962157	     16.20882728	    -21.39185817	    -17.54790832	      7.98318598	     45.81941032	      3.10385685	      1.00495460	   -100.80743202	     -0.06564325	    -85.32620916	     -0.06575386	    -83.38314111	    -80.69025255	      0.03033121	      9.03406009	     -0.03540844	     -0.04038150
      0.89500000	    -17.75728225	    -11.20754937	     -7.57269027	     27.28031148	    167.49879096	     -5.05340442	    -37.18335058	    -23.27466826	     14.71222034	    -18.98222120	    -15.51879851	      7.21665143	     41.15957946	      2.86279052	      0.55070688	    -90.31981037	     -0.06593707	    -75.80876351	     -0.06600531	    -79.78480542	    -76.68524175	     -0.53833229	      8.16284855	     -0.03449384	     -0.03929737
      0.90000000	    -19.30706554	    -10.07089097	     -7.72772865	     32.98196302	    183.21798526	     -5.69803930	    -35.16626825	    -19.92294544	     13.48018825	    -16.15286113	    -13.14472147	      6.28351683	     36.61203278	      2.56215681	      0.10699742	    -79.07335878	     -0.06591347	    -66.99726229	     -0.06578938	    -75.90420271	    -72.38483404	     -1.15870572	      7.49220559	     -0.03398610	     -0.03863427
      0.90500000	    -20.57723359	     -8.44900622	     -7.77121936	     37.31432316	    194.15183975	     -6.00540337	    -33.48177582	    -16.59775368	     12.25653430	    -13.12769778	    -11.02149496	      5.44629713	     32.19333700	      2.20074630	     -0.32847350	    -68.69853068	     -0.06552603	    -58.60893032	     -0.06511146	    -71.76717054	    -67.48365699	     -1.51519256	      6.73609984	     -0.03396858	     -0.03846314
      0.91000000	    -21.10458685	     -6.79329957	     -7.53255212	     41.30997142	    201.38586359	     -6.67559233	    -30.94856125	    -12.83313883	     10.73935833	    -10.63991742	     -8.73435403	      4.61903061	     27.91537048	      1.78061748	     -0.75752044	    -59.15214458	     -0.06469702	    -50.51225645	     -0.06398536	    -67.27159440	    -62.52354881	     -1.71576536	      6.03748552	     -0.03450366	     -0.03883679
      0.91500000	    -21.43493130	     -5.12610111	     -7.40838435	     44.32023637	    205.96786739	     -7.57672949	    -28.71972525	     -9.71453721	      9.49660883	     -7.94878581	     -7.06940590	      3.97454769	     23.78732342	      1.30665011	     -1.18038138	    -50.06557794	     -0.06344668	    -43.07854019	     -0.06243257	    -62.64702798	    -57.35664079	     -1.91979627	      5.43438865	     -0.03563537	     -0.03978568
      0.92000000	    -21.54218125	     -3.97650978	     -7.53697745	     46.29565078	    206.76749635	     -7.83981362	    -26.81772934	     -7.66389061	      8.69139003	     -5.07645727	     -6.01827064	      3.52727027	     19.81716322	      0.78626825	     -1.59502029	    -41.62377194	     -0.06179728	    -36.54109952	     -0.06048159	    -57.96406935	    -51.98575778	     -2.36019627	      4.55576602	     -0.03739192	     -0.04131473
      0.92500000	    -20.52994533	     -2.29038011	     -7.20334601	     47.35914024	    200.13315388	     -8.69383378	    -24.11373166	     -4.68179566	      7.34297392	     -2.69135297	     -4.69804576	      3.00047686	     16.01249618	      0.22923474	     -1.99689001	    -34.53442570	     -0.05977790	    -30.61691216	     -0.05816726	    -53.22893253	    -46.71033790	     -2.16344902	      4.02240998	     -0.03977922	     -0.04340151
      0.93000000	    -19.46751404	     -2.30166870	     -7.45694598	     47.28666896	    190.92099684	     -8.36572517	    -21.67310871	     -3.18092485	      6.56931563	     -0.23112011	     -3.36140947	      2.45169158	     12.38086308	     -0.35258243	     -2.37912428	    -28.10802243	     -0.05742396	    -25.42344266	     -0.05557611	    -48.36843662	    -41.58673900	     -2.42142697	      3.55076073	     -0.04277846	     -0.04600216
      0.93500000	    -17.66028507	     -2.08468750	     -7.70681650	     46.76088903	    178.17224623	     -8.35869924	    -19.51962847	     -2.64349057	      6.11732637	      2.73756688	     -3.23313317	      2.19488092	      8.92958690	     -0.94552821	     -2.73306148	    -22.45655856	     -0.05477675	    -21.36459936	     -0.05284145	    -43.59803327	    -36.53126301	     -2.83581573	      2.81631883	     -0.04634450	     -0.04903685
      0.94000000	    -14.65022471	     -1.34691494	     -7.46754774	     45.76483489	    161.75450382	     -8.99202087	    -16.42164293	     -1.19797588	      5.15300259	      5.33846171	     -2.89236529	      1.87301025	      5.66535154	     -1.53458299	     -3.04895609	    -17.89428077	     -0.05187382	    -17.84178331	     -0.04997965	    -38.83523040	    -31.68006432	     -2.72236002	      2.26791877	     -0.05041126	     -0.05240049
      0.94500000	    -11.30963398	     -1.59234776	     -7.46315158	     43.84534986	    142.56637786	     -8.83974907	    -13.34535419	     -0.93262754	      4.52244913	      7.89414249	     -2.88981271	      1.61719124	      2.59365645	     -2.10388339	     -3.31676495	    -14.20837270	     -0.04884037	    -15.04874677	     -0.04700241	    -34.13875599	    -27.09409991	     -2.74017896	      1.72491803	     -0.05488396	     -0.05597004
      0.95000000	     -7.83672298	     -2.85756935	     -7.65422295	     40.96016545	    120.88986569	     -8.17060045	    -10.42189628	     -0.71518910	      3.89192239	     10.34766424	     -2.05017922	      1.13143936	     -0.28177038	     -2.63731675	     -3.52696150	    -10.92698286	     -0.04576197	    -12.81483457	     -0.04391932	    -29.73074015	    -22.84157762	     -2.67603488	      1.53874383	     -0.05962853	     -0.05960563
      0.95500000	     -3.97986077	     -4.38918703	     -7.59516011	     37.49557302	    100.08133855	     -7.43600216	     -6.80436383	     -0.59255814	      3.19234541	     12.23753949	     -1.10255975	      0.67322638	     -2.95951660	     -3.11916677	     -3.67134772	     -8.60989334	     -0.04266618	    -10.66410124	     -0.04073856	    -25.26248374	    -18.79645443	     -2.64207341	      1.41852470	     -0.06449826	     -0.06315547
      0.96000000	     -0.87346909	     -4.78912227	     -7.24838691	     32.56901194	     80.87029919	     -7.30129798	     -3.60529315	     -0.11944340	      2.42727447	     13.57502424	     -0.69066570	      0.40778286	     -5.44087121	     -3.53480295	     -3.74381283	     -6.46811698	     -0.03957570	     -8.65110247	     -0.03746802	    -21.00830604	    -14.92181345	     -2.35948046	      0.97492182	     -0.06932853	     -0.06646146
      0.96500000	      1.42623557	     -4.22364368	     -6.68453468	     26.50438481	     61.17828240	     -8.12107388	     -0.96289173	      1.25297286	      1.50515896	     14.29874919	     -0.15057009	      0.15969097	     -7.72993687	     -3.87141217	     -3.74097573	     -4.27903672	     -0.03650729	     -6.70999573	     -0.03392184	    -17.16806327	    -11.58431309	     -1.73236373	      0.65503897	     -0.07394234	     -0.06937834
      0.97000000	      3.60513914	     -4.56390197	     -6.17261169	     20.31960830	     43.43329425	     -8.47604006	      1.71571501	      1.87203325	      0.85587891	     14.76371703	      0.50157742	     -0.09518789	     -9.83338508	     -4.11876020	     -3.66265228	     -2.56925833	     -0.03347128	     -5.04852365	     -0.03017867	    -13.53493994	     -8.43126155	     -1.47638879	      0.47309652	     -0.07815689	     -0.07174406
      0.97500000	      4.52545169	     -3.79818142	     -5.47081105	     13.03502318	     26.24326898	     -9.27298317	      3.56512659	      2.56367809	      0.30833752	     14.55109676	      0.48305865	     -0.16177610	    -11.75982282	     -4.26994989	     -3.51209418	     -0.85988681	     -0.03033378	     -3.42430312	     -0.02641314	    -10.45833847	     -5.58502690	     -1.07156139	      0.13200276	     -0.08180574	     -0.07340920
      0.98000000	      5.48039373	     -2.18062909	     -4.50301591	      5.70490009	      7.78533428	    -10.22276149	      5.15364296	      3.25700936	     -0.18387025	     14.23346078	     -0.11198550	     -0.12938511	    -13.51881703	     -4.32211266	     -3.29595350	      0.29686461	     -0.02709516	     -2.22313700	     -0.02270991	     -7.77248748	     -2.86811824	     -0.63148870	     -0.29772430	     -0.08471131	     -0.07424991
      0.98500000	      6.36287559	     -0.79482859	     -3.43222473	     -1.22568709	    -13.68751876	    -11.06753556	      6.81258441	      3.96675211	     -0.64048614	     13.32741251	     -0.50027363	     -0.10228232	    -15.11970863	     -4.27694032	     -3.02394204	      0.98566587	     -0.02391867	     -1.14903999	     -0.01914939	     -5.51058370	     -0.87639538	     -0.19978469	     -0.47708043	     -0.08670540	     -0.07416628
      0.99000000	      6.75186884	     -0.54010343	     -2.56322638	     -8.48362720	    -38.65290785	    -10.60575133	      8.32952896	      3.78022739	     -0.87692034	     11.74923764	     -0.70895699	     -0.02449679	    -16.57041142	     -4.14094498	     -2.70817795	      0.99942438	     -0.02086394	     -0.18168111	     -0.01580447	     -3.39763652	      0.46804715	      0.03082425	     -0.63329922	     -0.08765860	     -0.07308775
      0.99500000	      7.88699369	     -2.99292732	     -2.36251964	    -14.49298388	    -63.47212691	     -8.57993446	      9.74122075	      2.99892475	     -0.90841867	     11.02583683	      1.03463957	     -0.16574203	    -17.87641543	     -3.92533766	     -2.36224778	      0.73221118	     -0.01798349	      0.28261219	     -0.01273763	     -1.44319206	      1.44633801	     -0.12110978	      0.29319769	     -0.08747415	     -0.07097752
      1.00000000	      7.93410740	     -5.24944323	     -1.73700138	    -20.46597374	    -90.20380715	     -5.17683867	     10.70253849	      2.13388045	     -0.84227268	      9.35337715	      2.35543585	     -0.44992359	    -19.04019081	     -3.64545285	     -2.00006035	      0.31520895	     -0.01532101	      1.12371875	     -0.00999846	      0.19616249	      1.33747339	      0.10124252	      0.34468595	     -0.08609361	     -0.06783580
      1.00500000	      7.14537258	     -5.68675874	     -0.85205529	    -26.12030226	   -113.35351884	     -3.74894908	     10.94455328	      2.18328753	     -0.75439336	      7.56644327	      3.05265089	     -0.55682449	    -20.06112229	     -3.31971976	     -1.63461815	      0.51464627	     -0.01291005	      1.79931934	     -0.00765140	      1.20310719	      1.17380843	      0.18321862	      0.45591140	     -0.08350051	     -0.06370317
      1.01000000	      5.40496855	     -3.13616160	      0.29211328	    -32.11353748	   -136.80321082	     -3.35369187	     10.11626707	      4.30432995	     -1.07364301	      5.61646092	      3.48923615	     -0.60546960	    -20.93601013	     -2.96826615	     -1.27686304	      1.49501442	     -0.01077337	      2.53225577	     -0.00572019	      1.07068827	      0.95432199	      1.12145727	      0.56149020	     -0.07972164	     -0.05865548
      1.01500000	      3.53310172	     -0.66145474	      1.14494160	    -37.15171487	   -154.29262517	     -2.68528023	      9.07756288	      5.45059196	     -1.20811726	      4.04491640	      3.27660808	     -0.46874992	    -21.66007071	     -2.61131807	     -0.93476395	      2.22343876	     -0.00893928	      3.06633725	     -0.00414651	      0.88167709	      0.83656873	      1.27988121	      0.46020263	     -0.07482733	     -0.05279933
      1.02000000	      1.70053561	      0.85980809	      1.95173253	    -41.79474822	   -167.71674295	     -1.19785074	      8.23713730	      5.84046812	     -1.12765168	      2.54492792	      3.06978146	     -0.34870691	    -22.22828180	     -2.26760950	     -0.61279790	      2.60942347	     -0.00742629	      3.47350522	     -0.00292117	      0.73572489	      0.66012317	      1.36763633	      0.51498558	     -0.06892558	     -0.04627523
      1.02500000	     -0.54734689	      2.11822049	      2.67404474	    -46.25366408	   -175.20987004	      1.13310954	      7.25424934	      5.94398208	     -0.98707213	      1.10899794	      2.88581347	     -0.25332439	    -22.63686845	     -1.95302371	     -0.31192454	      2.95637458	     -0.00616511	      3.97883104	     -0.00202662	      0.53254646	      0.48219454	      1.48339038	      0.47725350	     -0.06214974	     -0.03924610
      1.03000000	     -2.06850346	      2.30171330	      3.19258967	    -49.87139886	   -178.91024913	      3.60075022	      6.60440802	      5.61861686	     -0.79770416	      0.26913590	      3.11579559	     -0.24181599	    -22.88471824	     -1.67964335	     -0.03007663	      2.91729683	     -0.00514288	      4.13623055	     -0.00143750	      0.63527303	      0.32003160	      1.16262319	      0.69087731	     -0.05466478	     -0.03188959
      1.03500000	     -4.00012448	      3.98624532	      3.76720573	    -52.86902979	   -174.60851921	      5.52003661	      5.61628053	      6.09649989	     -0.71609428	     -0.30201503	      2.70797260	     -0.08673916	    -22.97454390	     -1.45530858	      0.23689419	      3.63038321	     -0.00434483	      4.21536166	     -0.00112163	      0.24359142	      0.25744162	      1.49545822	      0.59859632	     -0.04665278	     -0.02439044
      1.04000000	     -6.28150953	      4.66468806	      4.21527517	    -56.35363399	   -169.12194994	      7.63896621	      4.65066454	      5.73674559	     -0.51405010	     -1.14537316	      2.29622824	      0.01603536	    -22.91367105	     -1.28369513	      0.49395477	      3.93911814	     -0.00375421	      4.36876583	     -0.00104128	      0.08634638	      0.06817394	      1.40545281	      0.63286238	     -0.03830506	     -0.01693364
      1.04500000	     -7.82190075	      5.82385138	      4.88066175	    -59.20261487	   -162.67789871	      9.55170293	      4.21496934	      6.03301411	     -0.46324183	     -1.86373762	      1.97414795	      0.07274589	    -22.71438753	     -1.16484151	      0.74550909	      3.97448339	     -0.00335222	      4.49992342	     -0.00115483	     -0.10678015	     -0.13705204	      1.64100771	      0.68819527	     -0.02981506	     -0.00969891
      1.05000000	     -9.77307447	      6.34139405	      5.23740615	    -61.83505013	   -151.52480258	     11.78480307	      3.36708365	      5.60951930	     -0.29472176	     -2.26892766	      1.51029884	      0.15080012	    -22.39383331	     -1.09599339	      0.99412110	      4.17962757	     -0.00311810	      4.54962307	     -0.00141858	     -0.26925143	     -0.26990476	      1.55398385	      0.60589849	     -0.02137261	     -0.00285656
      1.05500000	    -10.80678787	      6.72535746	      5.61781808	    -63.92093613	   -142.77420725	     13.52748967	      2.87015185	      5.56612020	     -0.22496514	     -2.34289314	      1.32183863	      0.16110667	    -21.97345595	     -1.07260017	      1.23954938	      4.19373997	     -0.00302937	      4.30855801	     -0.00178861	     -0.45430754	     -0.43339746	      1.66859831	      0.80965719	     -0.01315961	      0.00343562
      1.06000000	    -12.08648020	      6.96387035	      5.88039142	    -65.50596065	   -130.30401528	     15.50714831	      2.25582240	      4.97339657	     -0.06861455	     -2.32778598	      0.73667112	      0.23909661	    -21.47811354	     -1.08929402	      1.47824848	      4.19933494	     -0.00306223	      4.14072469	     -0.00222252	     -0.59254009	     -0.51061180	      1.57473747	      0.71137756	     -0.00534710	      0.00903473
      1.06500000	    -12.48722951	      7.13972972	      6.29846192	    -66.11615418	   -119.05863382	     16.97872988	      2.29065579	      4.82651017	     -0.00937485	     -2.23671521	      0.43219393	      0.23981756	    -20.93496665	     -1.14069874	      1.70341037	      3.92435343	     -0.00319202	      3.93050469	     -0.00268100	     -0.65636087	     -0.61658679	      1.61664235	      0.75039097	      0.00190656	      0.01381499
      1.07000000	    -12.75448066	      8.09119399	      6.33534830	    -66.18858165	   -108.37421455	     17.53076676	      1.73485830	      4.67099926	     -0.00502477	     -1.49689448	     -0.55783569	      0.42367060	    -20.37234109	     -1.22195143	      1.90552859	      3.99066058	     -0.00339375	      3.24740883	     -0.00312915	     -0.84517846	     -0.53998633	      1.64391733	      0.65253767	      0.00845686	      0.01767016
      1.07500000	    -13.17002363	      7.63389000	      6.50212314	    -66.02055645	    -99.51303734	     18.94720837	      1.59788556	      4.30324239	      0.04220953	     -1.35163569	     -0.60544534	      0.35039830	    -19.81872732	     -1.32888104	      2.07338696	      3.72105573	     -0.00364254	      3.05981748	     -0.00353737	     -0.95569285	     -0.63633570	      1.69086167	      0.74258043	      0.01417420	      0.02051607
      1.08000000	    -13.53225019	      7.86620795	      6.69820084	    -64.96868139	    -90.15092554	     19.34503423	      1.69794769	      3.83124650	      0.10366378	     -1.39118201	     -1.47137369	      0.43868487	    -19.30199365	     -1.45786654	      2.19531913	      3.33897024	     -0.00391423	      2.90658416	     -0.00388212	     -0.97248204	     -0.67744708	      1.64947686	      0.56156245	      0.01894496	      0.02229325
      1.08500000	    -12.78546261	      7.78482388	      6.61387993	    -62.61192070	    -84.82624523	     19.08115835	      1.85556376	      4.14750172	     -0.02373754	     -0.62538905	     -1.42544527	      0.39725058	    -18.84876628	     -1.60546954	      2.26055982	      3.10140121	     -0.00418590	      2.27507054	     -0.00414626	     -1.04037760	     -0.64069513	      1.80172688	      0.80280385	      0.02267304	      0.02296923
      1.09000000	    -13.70793653	      7.70966689	      6.49770516	    -60.52688149	    -77.35669001	     19.25850512	      1.63091429	      3.37569896	      0.06202440	     -0.88017785	     -2.30034030	      0.48625319	    -18.48381552	     -1.76798352	      2.26051365	      2.81759027	     -0.00443653	      2.33104333	     -0.00431922	     -1.07610629	     -0.63751284	      1.69881816	      0.47874190	      0.02528162	      0.02254004
      1.09500000	    -13.75903092	      6.68986454	      6.14800205	    -57.15194009	    -73.44455653	     19.10187946	      1.61047362	      3.21324053	      0.01487115	     -0.61153621	     -1.90038800	      0.35165740	    -18.22923268	     -1.94105351	      2.18979401	      2.59386614	     -0.00464778	      2.11841197	     -0.00439703	     -1.07915896	     -0.63422032	      1.68823133	      0.65338511	      0.02671503	      0.02103077
      1.10000000	    -13.66621729	      6.24766149	      5.49892580	    -52.80670208	    -70.81288084	     17.86704089	      1.33122210	      2.73873641	      0.02461852	      0.02587744	     -2.35541830	      0.44698794	    -18.10325590	     -2.11948381	      2.04692337	      2.47619921	     -0.00480487	      1.52268207	     -0.00438221	     -1.06529026	     -0.48458318	      1.55551113	      0.68239472	      0.02694055	      0.01849474
      1.10500000	    -13.83636959	      5.94188218	      5.02352242	    -47.98446567	    -69.68517219	     16.48724733	      1.47560089	      2.78956180	     -0.11283371	     -0.03449628	     -2.35654268	      0.40090044	    -18.11878455	     -2.29728043	      1.83463127	      2.05468649	     -0.00489750	      1.50323513	     -0.00428370	     -0.88330493	     -0.44675703	      1.44790163	      0.65701181	      0.02594979	      0.01501146
      1.11000000	    -14.16750501	      5.05455221	      4.28814225	    -42.13055035	    -67.94445964	     15.59854528	      1.21116737	      2.51997656	     -0.09693451	      0.32061893	     -2.19091360	      0.36010628	    -18.28179848	     -2.46790973	      1.55973305	      2.07098267	     -0.00492091	      1.30166540	     -0.00411675	     -0.98333889	     -0.30571844	      1.56742149	      0.64687646	      0.02375949	      0.01068335
      1.11500000	    -14.36912510	      4.02884813	      3.57417383	    -35.75967721	    -68.66003641	     14.03708744	      1.43022491	      2.25703262	     -0.15946547	      0.26240664	     -1.86141369	      0.25359108	    -18.58999257	     -2.62471832	      1.23261685	      1.56774555	     -0.00487674	      1.35609411	     -0.00390284	     -0.68676957	     -0.26003623	      1.23793477	      0.68877784	      0.02041162	      0.00563155
      1.12000000	    -14.26025023	      4.04535292	      2.85649630	    -28.17499400	    -68.32990942	     12.23306622	      1.44006818	      2.75293740	     -0.29929070	      0.78591476	     -1.74054620	      0.23926646	    -19.03193855	     -2.76144550	      0.86640758	      1.61937969	     -0.00477385	      1.14689425	     -0.00366956	     -0.77316652	     -0.05505291	      1.64458488	      0.60908170	      0.01597284	     -0.00000891
      1.12500000	    -15.55522585	      3.38175700	      1.98150832	    -21.35577377	    -67.80590457	     10.31459837	      1.09271033	      2.12051364	     -0.23257218	      0.46672356	     -2.01660546	      0.24248564	    -19.58699370	     -2.87276226	      0.47591237	      1.62150384	     -0.00462880	      1.40795293	     -0.00345037	     -0.63755840	     -0.01409077	      1.38697713	      0.42301348	      0.01053341	     -0.00609406
      1.13000000	    -15.70673179	      2.87767334	      1.12679061	    -13.43736656	    -69.31411524	      8.57125427	      1.03337090	      2.36990677	     -0.37548609	      0.84248131	     -1.51200264	      0.10173004	    -20.22602149	     -2.95478075	      0.07647065	      1.57045571	     -0.00446608	      1.42424606	     -0.00328415	     -0.57790816	      0.09907209	      1.47466629	      0.44868882	      0.00420574	     -0.01247582
      1.13500000	    -15.14491515	      2.34139963	      0.30858251	     -4.61699987	    -69.80449877	      6.70410257	      1.33366705	      2.27718371	     -0.41730117	      1.60458619	     -1.34934177	      0.04851446	    -20.91285022	     -3.00548568	     -0.31717352	      1.33124393	     -0.00433629	      1.23847418	     -0.00321446	     -0.39808992	      0.27796379	      1.42317842	      0.41194121	     -0.00287915	     -0.01900617
      1.14000000	    -14.59422429	      1.81265785	     -0.66599333	      4.06866712	    -70.16259210	      4.65352637	      1.35304053	      2.04958769	     -0.46997627	      2.63296779	     -1.17699200	     -0.01724768	    -21.60630902	     -3.02503961	     -0.69187788	      1.20742350	     -0.00427466	      0.97317821	     -0.00328848	     -0.18567958	      0.46395452	      1.08206424	      0.40269242	     -0.01056980	     -0.02554039
      1.14500000	    -13.39363915	      1.22376157	     -1.12770557	     13.26125102	    -68.33399800	      3.27388463	      2.25288761	      2.12406836	     -0.52116067	      3.44121054	     -0.83722582	     -0.18234472	    -22.26262009	     -3.01591884	     -1.03690733	      0.86829201	     -0.00431282	      0.99344946	     -0.00355571	     -0.03416241	      0.55931397	      1.31243371	      0.39155172	     -0.01869686	     -0.03193929
      1.15000000	    -12.18362994	      1.04975960	     -1.81098967	     22.06449950	    -64.74505210	      1.40973529	      2.67125116	      1.93826978	     -0.56618928	      4.75102628	     -0.94290154	     -0.23812301	    -22.83788183	     -2.98284755	     -1.34446917	      0.79216037	     -0.00449754	      0.77792216	     -0.00406630	      0.12037979	      0.72555254	      1.18816887	      0.29408849	     -0.02707761	     -0.03807049
      1.15500000	    -10.23358303	      1.23929230	     -2.18941271	     30.70231225	    -61.07533004	     -0.85655818	      3.57778636	      2.31692885	     -0.76928826	      6.10963893	     -0.89994627	     -0.37603405	    -23.29038305	     -2.93251254	     -1.60992646	      0.57012661	     -0.00487734	      0.55547830	     -0.00487205	      0.26323653	      0.79578077	      1.26402947	      0.36421818	     -0.03551773	     -0.04380953
      1.16000000	     -7.93648250	      1.55469259	     -2.51347627	     39.36492958	    -51.65220082	     -2.95944279	      4.61987370	      2.39664166	     -0.90361549	      7.85929764	     -1.20919839	     -0.43819713	    -23.58254127	     -2.87305158	     -1.83168032	      0.41706184	     -0.00550007	      0.33535722	     -0.00605049	      0.46858777	      0.95029820	      1.14975506	      0.21049241	     -0.04381535	     -0.04904308
      1.16500000	     -4.81332519	      0.94313668	     -2.75287671	     47.73224161	    -40.81688147	     -4.12012034	      6.08887169	      1.93897994	     -0.87342723	      9.91026903	     -1.29314758	     -0.58611992	    -23.68232211	     -2.81331856	     -2.01075741	     -0.10818721	     -0.00641025	      0.00429903	     -0.00761304	      0.70745989	      1.06331562	      1.02192919	      0.21528202	     -0.05176660	     -0.05366458
      1.17000000	     -3.91447799	      2.43298522	     -3.45481781	     52.95689470	    -32.44444371	     -6.86176288	      4.63000537	      2.48678462	     -1.05697849	     12.32432340	     -1.55055527	     -0.70492835	    -23.56408191	     -2.76194438	     -2.15017176	      0.94450784	     -0.00764632	     -0.50838651	     -0.00959037	     -0.19507541	      1.17730585	      0.67497656	      0.26465544	     -0.05917320	     -0.05758418
      1.17500000	    -10.43284443	     -1.20520549	     -3.93611253	     47.20755808	    -83.68552163	    -12.74786937	      4.64759229	      4.52722303	     -1.56667969	      2.06313439	      0.99536559	     -0.60653079	    -23.20889057	     -2.72624521	     -2.25417367	      1.40273430	     -0.00923784	      2.26447824	     -0.01200168	     -1.14872847	     -6.89720302	      1.07551395	      1.09414089	     -0.06585204	     -0.06073230
      1.18000000	      2.45747521	      1.69386241	     -6.68152063	     57.60231998	   -151.40200617	    -17.32415289	     -6.31774334	      5.86398641	     -0.62177229	     19.61744633	     -0.08591087	     -1.47100096	    -22.60444992	     -2.71108219	     -2.32752419	      4.33462248	     -0.01120284	    -10.95168020	     -0.01485192	     -6.54293621	     -7.65889365	      0.36806054	      0.64713509	     -0.07164603	     -0.06306586
      1.18500000	     16.79882089	     11.20124378	     -2.11219802	     72.16714626	   -148.77931569	    -18.10802018	      1.61785114	     14.54299758	     -3.62854588	     23.42081100	      2.63030871	     -2.31148291	    -21.74469057	     -2.71782660	     -2.37489522	     -4.04922450	     -0.01354543	     -9.31091007	     -0.01812908	     -9.55798853	     -5.48424157	      0.80185792	      1.40894102	     -0.07643445	     -0.06457369
      1.19000000	     37.34908323	      0.93951247	     -2.47513343	     93.23397554	   -125.14647965	    -16.39194868	     14.65228809	     12.02825224	     -4.48177928	     30.41243242	      5.42906172	     -3.37763484	    -20.62910288	     -2.74359676	     -2.40043297	     -9.67627174	     -0.01624912	    -14.24473977	     -0.02180172	     -6.16906375	     -8.09060172	      0.71211948	      2.33355074	     -0.08014132	     -0.06527961
      1.19500000	     45.63766006	     -5.63009440	     -4.02134284	     99.20753834	   -132.44208672	    -15.55484958	     16.28370545	      6.42234804	     -3.18043650	     34.77486966	      4.06914909	     -3.51189704	    -19.26186634	     -2.78089923	     -2.40748980	    -12.36295239	     -0.01920524	    -19.26549393	     -0.02581685	     -6.96828721	    -11.12084409	     -0.41370912	      2.69137476	     -0.08274850	     -0.06524196
      1.20000000	     36.63281107	     -6.18801399	     -3.04670649	     86.36418134	   -156.46690488	    -16.40317726	     15.73110537	      2.55487354	     -2.06935340	     23.11378249	      1.13920750	     -2.39969518	    -17.65084170	     -2.81774216	     -2.39850484	    -17.10435279	     -0.02246601	    -14.83817675	     -0.03009868	    -10.63501120	    -16.21391391	     -2.07559784	      2.71922338	     -0.08426326	     -0.06454939
      1.20500000	     17.26571314	     -9.72106801	     -4.42992113	     62.22778109	   -160.93296172	    -11.64534492	      7.28052940	     -2.19647367	      0.22441308	     11.08781093	      1.95697544	     -2.12906870	    -15.80650818	     -2.83821136	     -2.37499074	    -17.68232127	     -0.02598754	     -9.01788514	     -0.03454838	    -15.75519802	    -19.85383503	     -3.50299138	      3.38127617	     -0.08474148	     -0.06331373
      1.21000000	    -11.52398351	    -11.09211784	     -6.31288122	     28.66461546	   -129.78949805	    -12.35948378	     -4.97059147	     -5.07045437	      2.50482672	     -3.72259892	      2.46559316	     -1.73358966	    -13.74097889	     -2.82343230	     -2.33758501	    -13.09155317	     -0.02971809	     -1.58995200	     -0.03895806	    -19.73981953	    -23.31414635	     -4.36242886	      4.18305475	     -0.08426915	     -0.06166837
      1.21500000	    -30.34935598	     -5.33801333	     -4.78861621	      4.22738112	    -96.07246822	    -18.75253122	    -10.09605919	      0.66985431	      1.31384100	    -16.76559978	      4.22813095	     -1.67875160	    -11.46723650	     -2.75281245	     -2.28613953	    -11.75977482	     -0.03360130	      4.77899090	     -0.04319923	    -23.51569452	    -26.36605240	     -3.20673329	      4.77877005	     -0.08295318	     -0.05974841
      1.22000000	    -29.97915047	     -4.26973453	     -4.65692442	     -1.04852673	    -67.80483169	    -19.75255421	    -11.79180371	      1.17289191	      1.32093155	    -15.39625059	      4.59322648	     -2.11601204	     -8.99866527	     -2.60547372	     -2.21982966	    -14.84364316	     -0.03757972	      2.38433593	     -0.04726528	    -26.79606163	    -27.89556659	     -3.36366815	      5.21319326	     -0.08091374	     -0.05767686
      1.22500000	    -15.31819717	     -8.48981246	     -6.06267391	      7.96139401	    -54.76043368	    -17.54265853	    -10.10041866	     -3.62537462	      2.61646038	     -4.89380488	      2.73693119	     -2.39717243	     -6.34886810	     -2.36181119	     -2.13726735	    -20.94328835	     -0.04159810	     -8.12669197	     -0.05106931	    -29.28656251	    -30.26870315	     -4.07425066	      5.28130822	     -0.07827864	     -0.05557321
      1.23000000	      2.10222074	     -8.71604175	     -4.78520507	     19.24811461	    -53.35168049	    -22.71339466	     -2.77712280	     -7.02519504	      2.98011278	      1.24964415	     -2.88589096	     -1.35976834	     -3.53168167	     -2.00511300	     -2.03660716	    -30.83345726	     -0.04560594	    -18.89964789	     -0.05453962	    -30.96223282	    -34.50434046	     -4.84459266	      5.14311758	     -0.07517920	     -0.05354050
      1.23500000	     15.65026424	     -7.24691379	     -3.17897309	     26.63610696	    -57.95110003	    -28.42322545	      2.78020000	    -11.03742049	      3.81051531	      4.87038158	    -10.21994194	      0.49325945	     -0.56125177	     -1.52314242	     -1.91563942	    -41.16424273	     -0.04954341	    -29.55306676	     -0.05762349	    -33.71704405	    -39.26656700	     -5.23841689	      4.84214778	     -0.07175063	     -0.05166037
      1.24000000	     26.56952878	     -8.24777544	     -2.61251653	     32.26722029	    -56.73445053	    -30.27427869	      6.39617089	    -15.84711080	      5.28763747	      8.39904952	    -15.51226697	      1.93854322	      2.54797939	     -0.90953672	     -1.77186859	    -51.10678133	     -0.05330863	    -40.27743498	     -0.06028897	    -36.75779508	    -43.93549314	     -5.72046097	      4.75739688	     -0.06812383	     -0.04998974
      1.24500000	     30.59435352	    -10.38052965	     -1.90855773	     30.89962991	    -58.01242528	    -30.04250525	      8.94882567	    -18.69502155	      6.28935492	      6.22727364	    -17.14376381	      2.68219701	      5.78148256	     -0.16484812	     -1.60257029	    -61.57361221	     -0.05684410	    -48.10512477	     -0.06252637	    -40.66293279	    -48.90503782	     -6.06556550	      5.50450995	     -0.06441268	     -0.04856116
      1.25000000	     21.21404957	    -14.16136563	     -2.82617753	     16.07095138	    -55.89477250	    -25.44150666	      4.50746348	    -22.07531127	      8.32484244	     -1.26742366	    -16.45847248	      3.08015417	      9.12507414	      0.70293590	     -1.40481364	    -68.98276077	     -0.06008770	    -52.92596112	     -0.06426438	    -45.73761259	    -54.12492873	     -6.08512523	      6.25092846	     -0.06072619	     -0.04739033
      1.25500000	      4.41852858	    -17.31188847	     -4.93840706	     -5.50020723	    -47.81703716	    -20.59512345	     -5.60035780	    -25.20049150	     10.95554305	     -9.68353805	    -14.94634512	      3.27283014	     12.56550811	      1.67849903	     -1.17543486	    -73.54961342	     -0.06298323	    -57.12193165	     -0.06539122	    -51.48080427	    -58.96318316	     -6.00977995	      7.30057186	     -0.05715932	     -0.04645660
      1.26000000	    -12.88414607	    -17.65037137	     -5.88560411	    -26.74939728	    -35.59507409	    -17.17631404	    -14.74771433	    -26.49700251	     12.78932461	    -19.48467937	    -13.97769139	      3.80485239	     16.09110023	      2.73994197	     -0.91096260	    -79.16250133	     -0.06548191	    -60.43248419	     -0.06588067	    -56.93321545	    -63.26015453	     -5.34461879	      8.06461258	     -0.05379147	     -0.04573494
      1.26500000	    -24.35976257	    -20.68511022	     -6.70281115	    -39.99249325	    -19.47185878	    -10.32009949	    -19.85988017	    -29.57973895	     15.01223204	    -27.65450682	    -12.85786748	      4.20598679	     19.69221723	      3.86008342	     -0.60753158	    -87.73264516	     -0.06754380	    -64.52717943	     -0.06573291	    -61.58688748	    -66.84835801	     -5.02105082	      8.96137001	     -0.05068612	     -0.04519487
      1.27000000	    -22.28031662	    -24.69331703	     -6.73192965	    -36.16354539	     -0.06850280	     -0.66768512	    -18.53013560	    -32.65981076	     16.64679907	    -29.48870258	    -11.53867627	      4.16271725	     23.36143003	      5.00817113	     -0.26086980	   -100.55716589	     -0.06913880	    -71.47783403	     -0.06497695	    -65.09234307	    -69.35509122	     -4.56359302	      9.64526433	     -0.04789169	     -0.04480773
      1.27500000	     -8.83398272	    -26.98007173	     -5.11065896	    -17.39306335	     17.82223060	      7.20529753	    -11.11110354	    -33.82955817	     16.85304914	    -27.18577487	    -10.70275147	      4.03650686	     27.09315752	      6.15183256	      0.13353507	   -116.92816942	     -0.07024661	    -80.68077986	     -0.06367073	    -67.71430053	    -71.40760730	     -3.75870591	     10.25796702	     -0.04544863	     -0.04455268
      1.28000000	      6.67470903	    -28.66028898	     -4.15025422	      5.43188251	     33.18930525	     15.10780370	     -5.58091584	    -35.23661314	     17.37701791	    -21.35017242	    -10.41659169	      3.89940738	     30.88274216	      7.25908548	      0.58001712	   -132.42057266	     -0.07096242	    -92.06601640	     -0.06188965	    -70.19646056	    -72.99326542	     -2.70106400	     10.62755457	     -0.04337753	     -0.04442220
      1.28500000	     23.13276188	    -26.74132272	     -3.01987488	     31.05209606	     49.97101488	     17.74427346	     -1.99352656	    -34.41788515	     17.02337559	    -12.78271353	    -10.75235128	      3.79228226	     34.72501855	      8.30024564	      1.08204444	   -146.11373448	     -0.07131393	   -104.73891221	     -0.05981946	    -72.11075357	    -74.29330216	     -1.56942220	     11.07714132	     -0.04168656	     -0.04442524
      1.29000000	     34.53305761	    -20.65045855	     -1.71119306	     50.55833482	     61.73822809	     15.38415151	     -2.64745377	    -28.86894693	     14.57409320	     -5.18986875	     -9.11211902	      2.81992740	     38.61253361	      9.24960496	      1.64131599	   -157.32907459	     -0.07130117	   -116.53155490	     -0.05768556	    -73.66400160	    -75.57881816	      0.45249809	     12.04693602	     -0.04037896	     -0.04456909
      1.29500000	     36.11876220	    -11.77262284	     -1.19613891	     55.11493939	     59.27347959	     11.71562028	    -10.63549774	    -22.54409509	     12.19659652	     -0.34635361	     -7.01679205	      1.77146384	     42.53368810	     10.08676682	      2.25678431	   -168.56500985	     -0.07092512	   -125.76311676	     -0.05557976	    -73.83679438	    -76.60960226	      1.94379037	     12.77383763	     -0.03944916	     -0.04487814
      1.30000000	     23.34368650	     10.62128267	      0.14837685	     31.19274999	      6.35091273	     -4.86774434	    -31.87527576	     -9.65635691	      7.02055493	      0.94538813	     -5.51929285	      1.18658605	     46.47111499	     10.79753240	      2.92378805	   -183.54132186	     -0.07018950	   -132.96157384	     -0.05357859	    -71.03933885	    -77.52263268	      3.00375935	     13.47090234	     -0.03888281	     -0.04538086
      1.30500000	    -11.31754409	     32.95350061	     -3.17856306	    -21.50640964	    -53.34111411	    -21.98174409	    -70.77328407	     -0.43539154	      4.80513864	     -0.59649226	     -4.69663111	      1.07621246	     50.40050996	     11.37427933	      3.63343048	   -189.78624740	     -0.06910358	   -139.06152877	     -0.05174014	    -68.02775842	    -78.76852323	      3.57542936	     14.30784261	     -0.03865681	     -0.04610394
      1.31000000	    -46.48509947	     36.05664081	    -10.23599092	    -59.79791550	    -30.20625056	    -27.43155504	   -102.44817918	     -3.36088846	      8.98332970	     -4.06700422	     -5.62671525	      1.93224168	     54.28998733	     11.81583355	      4.37226261	   -179.17045513	     -0.06768539	   -145.58217735	     -0.05010246	    -67.78554095	    -79.91395625	      3.62393753	     14.89287613	     -0.03873967	     -0.04706622
      1.31500000	    -39.78323349	     14.83008732	    -12.77729651	    -40.11061511	     20.19705743	     -9.47232460	    -91.33641792	    -19.09733845	     17.16303781	     -9.83543317	     -8.63132232	      4.02370712	     58.09996023	     12.12686443	      5.12228116	   -185.07229217	     -0.06596472	   -152.34719863	     -0.04868374	    -66.28261555	    -80.97779171	      2.37982966	     15.07798340	     -0.03909256	     -0.04827267
      1.32000000	    -14.50111913	    -10.61564386	    -10.97832240	      1.40704251	     50.70161128	      9.23136168	    -60.05757516	    -34.64608330	     23.62780630	    -20.20760066	    -12.59412092	      7.03022231	     61.78351822	     12.31685085	      5.86123168	   -200.98177892	     -0.06398870	   -160.43723387	     -0.04748415	    -64.06321181	    -82.56773397	      1.02891401	     15.37394968	     -0.03967117	     -0.04970936
      1.32500000	      1.14101040	    -25.95731084	     -7.20178539	     27.12191706	     54.39276223	     13.76010363	    -34.06922443	    -41.73260723	     25.36927942	    -36.19017050	    -16.40048540	     10.53020221	     65.28728625	     12.39869672	      6.56321398	   -212.52414472	     -0.06181793	   -169.51765868	     -0.04648920	    -62.98580212	    -84.14043848	      1.07644306	     15.47167048	     -0.04042846	     -0.05134030
      1.33000000	     -0.33660096	    -36.87485331	     -4.22552176	     26.60833676	     37.76257502	     11.86489098	    -18.18157856	    -43.14394745	     24.50984393	    -59.10656514	    -16.84983241	     12.89497363	     68.55280652	     12.38711170	      7.19961678	   -218.10035698	     -0.05948364	   -176.97326999	     -0.04567504	    -62.59102231	    -85.38055392	      1.60342795	     15.74834482	     -0.04131475	     -0.05310782
      1.33500000	    -13.19594611	    -43.58413126	     -2.35215749	      9.26039831	     16.76361107	     10.32365445	    -11.99653674	    -41.20461897	     22.36152220	    -82.72232290	    -14.34994531	     13.68471544	     71.51852535	     12.29689915	      7.74042667	   -220.92787743	     -0.05708078	   -179.71700448	     -0.04501043	    -62.84317701	    -86.14610620	      2.62898274	     16.00777567	     -0.04228326	     -0.05493684
      1.34000000	    -21.30585634	    -45.05514783	     -2.05486494	     -1.95907454	      5.71350481	      9.28302066	    -13.31422730	    -38.96423817	     20.67596416	    -93.00935149	    -12.09690770	     13.31401931	     74.12242040	     12.14132891	      8.15593433	   -223.09188276	     -0.05470942	   -181.75579967	     -0.04445410	    -62.94256680	    -86.23412439	      3.23013232	     16.22541169	     -0.04329042	     -0.05674126
      1.34500000	    -16.55345601	    -40.87401475	     -3.14463963	      4.29511678	      1.17171479	      7.18507535	    -20.00534663	    -37.15771430	     19.70115682	    -84.73978354	    -11.79776435	     12.23613474	     76.30517719	     11.93081982	      8.41878292	   -225.09127121	     -0.05246899	   -187.18398783	     -0.04399002	    -63.05912431	    -85.93634295	      3.63065989	     16.45039318	     -0.04429687	     -0.05843242
      1.35000000	     -7.42903141	    -33.54480451	     -4.99132148	     17.24193256	      5.18484719	      4.23572667	    -29.90157060	    -35.76895438	     19.23445666	    -67.89278102	    -12.91044865	     11.12365216	     78.01368880	     11.67215566	      8.50619949	   -225.36894234	     -0.05045268	   -192.88102767	     -0.04360882	    -63.38616103	    -85.55244252	      3.91268601	     16.37499911	     -0.04526767	     -0.05992562
      1.35500000	     -0.47034191	    -28.28861773	     -7.18724434	     26.57218599	     10.68588656	      1.93167380	    -38.75748015	    -35.28456615	     19.29966611	    -53.34529466	    -13.74882176	      9.97503632	     79.20456518	     11.36836390	      8.40218135	   -224.55670690	     -0.04874240	   -196.68251509	     -0.04330977	    -63.54662291	    -85.36609786	      3.93873573	     16.59065472	     -0.04617185	     -0.06114565
      1.36000000	      3.05902441	    -26.55706266	     -8.65761734	     30.71367061	     15.38495483	      1.46932672	    -42.75411028	    -35.52580990	     19.48297289	    -46.37472221	    -14.27838611	      9.37438142	     79.84729884	     11.01925449	      8.09939315	   -223.63975605	     -0.04740485	   -197.42714413	     -0.04310105	    -63.84364812	    -85.36420204	      3.98886407	     16.50575605	     -0.04698162	     -0.06203067
      1.36500000	      6.10046699	    -28.82903259	     -9.47481912	     33.14883043	     17.29056787	      1.56475136	    -40.88915559	    -36.64347457	     19.84799771	    -45.36917874	    -14.72900623	      9.29194946	     79.92673093	     10.62250514	      7.60054491	   -222.54024577	     -0.04648860	   -197.26617562	     -0.04299844	    -64.19706608	    -85.29744028	      3.86530721	     16.42467589	     -0.04767128	     -0.06253440
      1.37000000	      8.71069508	    -31.44663891	     -9.39560961	     33.90299677	     15.42591238	      0.12727469	    -35.81796986	    -36.43169611	     19.11529789	    -47.67011284	    -14.65841881	      9.25038936	     79.44449296	     10.17509729	      6.91905647	   -221.25343116	     -0.04602236	   -195.93934181	     -0.04302270	    -64.60410388	    -85.18529935	      3.96924642	     16.27814741	     -0.04821638	     -0.06262676
      1.37500000	      8.57858541	    -33.17133679	     -9.30143843	     30.29250184	     13.10333358	     -4.07887937	    -31.42625596	    -35.00170705	     17.68937827	    -51.23942842	    -14.20163441	      9.12512482	     78.41915749	      9.67487709	      6.07887391	   -217.85780583	     -0.04601441	   -193.63573512	     -0.04319639	    -65.07034735	    -84.94699526	      4.10358726	     16.28496592	     -0.04859327	     -0.06229362
      1.38000000	      7.46391628	    -31.85151143	     -9.03118940	     25.39632036	     13.88857663	    -11.37100904	    -28.97014784	    -32.91420810	     16.03823177	    -52.96680997	    -14.99278837	      9.56807735	     76.88491823	      9.12205931	      5.11338003	   -212.66271992	     -0.04645301	   -190.51165826	     -0.04354051	    -65.65904006	    -84.53578527	      4.44409256	     16.13310844	     -0.04877946	     -0.06153590
      1.38500000	      5.15601448	    -28.84105117	     -9.12321476	     20.05398834	     21.93478192	    -19.55625492	    -28.75677207	    -31.87839089	     15.32217260	    -52.49950895	    -17.52539772	     10.82352436	     74.88877018	      8.52055118	      4.06343551	   -205.48601042	     -0.04730782	   -186.20223485	     -0.04407158	    -66.48086448	    -83.98614966	      4.54883233	     15.61162192	     -0.04875467	     -0.06036862
      1.39000000	      3.06855259	    -22.84917636	     -8.90430003	     15.95933419	     35.32255182	    -30.42179109	    -29.88898414	    -30.47460675	     14.50769063	    -49.68901976	    -21.63561474	     12.70855440	     72.48638263	      7.87898456	      2.97469824	   -196.67233668	     -0.04853206	   -181.18457462	     -0.04481972	    -67.49684782	    -83.49362436	      4.93226205	     15.06801958	     -0.04850278	     -0.05882046
      1.39500000	      2.47445545	    -16.96749103	     -8.90628428	     14.58173961	     53.65496958	    -40.60933060	    -30.97638912	    -30.37118869	     14.57591694	    -44.80604178	    -26.88708185	     14.99312312	     69.73709998	      7.21132258	      1.89447328	   -186.92124349	     -0.05006533	   -176.09607162	     -0.04579677	    -68.56415470	    -82.68507603	      4.90816497	     14.27956958	     -0.04801419	     -0.05693228
      1.40000000	      1.98237517	    -13.94502574	     -9.41898265	     14.14871160	     74.46349411	    -47.07733560	    -30.67981002	    -31.17957207	     15.11898204	    -40.73786570	    -30.92605093	     16.63952675	     66.69869464	      6.53688631	      0.86841586	   -176.96319167	     -0.05183673	   -169.63982452	     -0.04700507	    -69.40844964	    -82.22287279	      4.62164988	     13.67175478	     -0.04728838	     -0.05475692
      1.40500000	     -0.03666018	    -12.48819083	    -10.02113193	     12.53388840	     94.70062990	    -51.29874035	    -29.57293751	    -31.41191600	     15.21455163	    -38.75434606	    -33.25805356	     17.54720625	     63.42258064	      5.87964515	     -0.06257579	   -166.31264941	     -0.05377644	   -161.68415979	     -0.04843899	    -70.25921621	    -82.24520979	      4.48300917	     13.29318354	     -0.04633657	     -0.05235811
      1.41000000	     -2.50313323	    -11.95447132	    -10.56595633	     10.86821686	    112.74116353	    -53.79019170	    -27.81926768	    -31.17289613	     14.95954647	    -37.83800954	    -34.44151775	     17.96733250	     59.95014300	      5.26667384	     -0.86499277	   -155.22811317	     -0.05586064	   -153.11263859	     -0.05008415	    -71.03749017	    -82.51288803	      4.37375098	     12.96986533	     -0.04518425	     -0.04980874
      1.41500000	     -3.49377533	    -12.19393595	    -11.27907004	     11.20206962	    128.00812196	    -54.44092536	    -25.81333807	    -30.97829562	     14.70989362	    -35.80622035	    -34.94737649	     17.95798388	     56.31065960	      4.72583045	     -1.51466664	   -144.00003754	     -0.05800388	   -145.14578278	     -0.05191749	    -71.31437518	    -82.86867601	      4.08623876	     12.60648587	     -0.04386937	     -0.04718815
      1.42000000	     -4.42574460	    -11.69227970	    -11.64397502	     11.56602213	    140.45339997	    -54.62551895	    -23.91675844	    -30.39700977	     14.24531087	    -33.67681520	    -35.46602542	     17.95853610	     52.52106365	      4.28289204	     -1.99789072	   -132.78631425	     -0.06013816	   -137.12583010	     -0.05390745	    -71.05192132	    -83.22921088	      3.83516316	     12.15209008	     -0.04244523	     -0.04457878
      1.42500000	     -6.55770629	    -11.52027085	    -12.32191107	     10.49805380	    147.96462606	    -53.72900424	    -23.38280223	    -29.89708559	     13.96367544	    -31.46784969	    -35.33274516	     17.65292800	     48.58755526	      3.95851899	     -2.31162408	   -120.96748517	     -0.06219872	   -129.46077370	     -0.05601437	    -70.60346147	    -83.37341932	      3.25992630	     11.87834043	     -0.04097893	     -0.04206291
      1.43000000	     -9.85938110	    -10.01316756	    -12.25389607	      7.65458759	    152.68425129	    -52.29580084	    -22.80055065	    -27.97525063	     12.94633139	    -30.46890316	    -34.62923734	     17.22357376	     44.50881850	      3.76548766	     -2.46279344	   -109.53733264	     -0.06412528	   -120.88603160	     -0.05819122	    -69.41240594	    -83.39052911	      3.11123417	     11.46144220	     -0.03954953	     -0.03972017
      1.43500000	    -15.05507393	    -12.00944769	    -13.33193581	      3.13218789	    157.24250871	    -45.73554985	    -22.91865716	    -29.38045611	     13.72726527	    -30.20676120	    -33.87661758	     16.85993133	     40.28036628	      3.70661971	     -2.46681235	    -98.37728955	     -0.06586277	   -111.84174653	     -0.06038459	    -67.38962492	    -83.18350407	      1.94148684	     10.82739224	     -0.03824519	     -0.03762596
      1.44000000	    -18.26550997	     -8.57761659	    -11.94295572	      1.39733295	    160.57717191	    -44.57475517	    -21.35680872	    -24.29611693	     11.17782300	    -29.93140856	    -31.51852554	     15.83314611	     35.89936688	      3.77373500	     -2.34552231	    -86.80698772	     -0.06736174	   -102.82489895	     -0.06249913	    -65.14561828	    -82.59866908	      2.17020876	     10.40421421	     -0.03715941	     -0.03585321
      1.44500000	    -21.70305996	     -7.74378909	    -11.43707678	     -0.00039635	    163.08398041	    -39.90228559	    -20.28357108	    -21.93619359	     10.12246141	    -29.09889422	    -29.37714175	     14.86470174	     31.36922048	      3.94779389	     -2.12484909	    -75.69954981	     -0.06857835	    -94.23918385	     -0.06432477	    -62.19216686	    -81.54967191	      1.58856231	      9.96713672	     -0.03638642	     -0.03446716
      1.45000000	    -24.72353397	     -8.38439649	    -11.08093017	      0.51951528	    167.29937689	    -31.72768343	    -18.69545455	    -20.24574084	      9.36251742	    -28.03856978	    -26.39919213	     13.56883411	     26.70317685	      4.20021811	     -1.83250671	    -65.23287562	     -0.06947422	    -85.13695193	     -0.06579409	    -58.92577312	    -80.17945952	      1.03441034	      9.39704327	     -0.03601595	     -0.03351740
      1.45500000	    -25.37177652	     -6.58751399	     -9.86458814	      3.58527103	    167.61706215	    -25.39410030	    -16.93176670	    -16.04799113	      7.53298809	    -25.11628468	    -22.94531720	     11.95268924	     21.92646143	      4.49521309	     -1.49601271	    -55.20945650	     -0.06989760	    -77.25822109	     -0.06684541	    -55.35220022	    -78.10019749	      1.25391380	      9.00434654	     -0.03613920	     -0.03304743
      1.46000000	    -28.61112711	     -6.59979585	     -9.47553376	      5.17898925	    171.41743229	    -16.61390831	    -16.74937829	    -14.38903769	      7.08242130	    -22.58276546	    -19.97138893	     10.57829561	     17.07667557	      4.79278234	     -1.14115446	    -44.93693989	     -0.06979513	    -68.83650219	     -0.06742978	    -51.69755255	    -75.48408128	      0.70570462	      8.34934156	     -0.03680963	     -0.03308852
      1.46500000	    -29.80537417	     -5.87494392	     -8.32664971	      9.19372278	    174.00877822	     -8.09810924	    -14.94343185	    -12.43765467	      6.36675115	    -19.83333424	    -17.47298479	      9.36230483	     12.20253998	      5.05204255	     -0.79094410	    -36.47027064	     -0.06915895	    -60.56411495	     -0.06751309	    -47.55295591	    -72.31722606	      0.36252402	      7.53705933	     -0.03806993	     -0.03365802
      1.47000000	    -28.53999540	     -6.28858768	     -6.94214283	     15.73803750	    171.84492368	      2.11184371	    -11.43808751	    -10.08044763	      5.33224414	    -16.78538996	    -13.64192580	      7.71166388	      7.36127711	      5.23443174	     -0.46502289	    -30.09254017	     -0.06799492	    -52.49927948	     -0.06707732	    -43.22802326	    -68.75202719	      0.21896260	      6.90328697	     -0.03993756	     -0.03475780
      1.47500000	    -27.20356431	     -7.86428607	     -6.08106869	     22.05170216	    166.35494940	     12.93866128	     -8.68809877	     -8.84421805	      4.82128431	    -13.13802511	     -9.75887007	      6.02326570	      2.61508048	      5.30645921	     -0.17942929	    -24.32797396	     -0.06632239	    -45.16055491	     -0.06614471	    -38.87790649	    -64.86722411	     -0.04500077	      6.51508036	     -0.04240151	     -0.03637664
      1.48000000	    -24.43797343	     -9.18840793	     -5.12194091	     29.54113930	    158.34732422	     22.83290103	     -5.89601483	     -7.69553737	      4.36011569	     -8.53777088	     -6.30247874	      4.45002315	     -1.97281164	      5.24176054	      0.05336238	    -19.22803726	     -0.06417345	    -38.98454349	     -0.06487329	    -34.74665137	    -60.34247146	     -0.33266770	      6.00163424	     -0.04542043	     -0.03848470
      1.48500000	    -20.18200165	    -10.33672624	     -3.90571746	     37.76437542	    147.94067614	     31.17489825	     -2.18089120	     -6.01684241	      3.61814367	     -3.87621889	     -2.79525079	      2.91400870	     -6.34195290	      5.02236186	      0.22421318	    -15.22887767	     -0.06159196	    -33.42244278	     -0.06327431	    -30.36577768	    -55.67653094	     -0.50047650	      5.60463984	     -0.04892245	     -0.04102624
      1.49000000	    -17.28325911	    -11.90207709	     -3.28228732	     43.81288919	    136.23735075	     38.59665658	     -0.17094725	     -5.51698161	      3.48899440	      0.87634896	     -0.06187487	      1.64790208	    -10.43804276	      4.63919057	      0.32697649	    -11.00779372	     -0.05862556	    -28.65538243	     -0.06133636	    -26.15769254	    -50.86263157	     -0.94633045	      5.07876590	     -0.05281626	     -0.04393444
      1.49500000	    -14.26914660	    -11.43945353	     -2.23941384	     48.56432052	    121.13097857	     42.77511894	      1.62823822	     -4.11782375	      3.03168639	      5.23955113	      1.50846137	      0.74335597	    -14.21550084	      4.09196735	      0.35811840	     -7.21190678	     -0.05539415	    -24.59770289	     -0.05905202	    -22.16777039	    -46.01485428	     -0.84466172	      4.53366528	     -0.05696761	     -0.04712677
      1.50000000	    -10.89547186	    -10.70176386	     -1.03898250	     52.22417439	    104.16372224	     44.75503515	      3.88260575	     -2.22696147	      2.39177941	      8.93111472	      3.01932100	     -0.08020224	    -17.63907841	      3.38866411	      0.31637163	     -4.14856076	     -0.05193133	    -20.95122910	     -0.05641854	    -18.29734477	    -41.08747494	     -0.68345591	      4.29800576	     -0.06122618	     -0.05050701
      1.50500000	     -8.48579164	    -10.80404174	     -0.49147619	     53.54672171	     82.89987106	     46.43115504	      4.67609536	     -1.18772977	      2.16294052	     12.51166761	      4.42418114	     -0.83030170	    -20.68446476	      2.54471648	      0.20247591	     -1.11337046	     -0.04826275	    -18.07838760	     -0.05343889	    -15.00765797	    -36.32043623	     -0.60439444	      4.17279620	     -0.06543031	     -0.05396788
      1.51000000	     -5.35575318	     -9.58191775	      0.39841361	     54.49450809	     63.86214611	     45.51869869	      6.02362788	     -0.13540867	      1.91407805	     15.81675810	      4.33665599	     -1.18895692	    -23.33797694	      1.58213932	      0.01903833	      1.14468747	     -0.04441894	    -15.81177356	     -0.04984390	    -11.66189946	    -31.34940231	     -0.74827101	      3.58990746	     -0.06941173	     -0.05741072
      1.51500000	     -3.06420526	     -8.07978047	      1.14573295	     53.17321061	     41.87425235	     43.35970593	      6.90338210	      2.03669070	      1.33951456	     18.11873255	      5.10636227	     -1.63878881	    -25.59551908	      0.52862394	     -0.22947595	      3.25609322	     -0.04043688	    -13.43749220	     -0.04579709	     -8.93939923	    -26.85482091	     -0.38469622	      3.56442536	     -0.07300368	     -0.06070134
      1.52000000	     -1.69523215	     -6.17721571	      1.69085026	     49.97215534	     22.14136762	     40.73129674	      7.08958507	      3.60070528	      0.99320968	     19.91844956	      5.01472114	     -1.83036486	    -27.46106486	     -0.58337550	     -0.53663998	      5.10997676	     -0.03636135	    -11.32041421	     -0.04148622	     -6.65745991	    -22.23902389	     -0.17723095	      3.11406694	     -0.07604894	     -0.06371317
      1.52500000	      0.13441633	     -4.03581355	      2.28004201	     45.88815630	      3.03213046	     36.86470871	      7.63198649	      5.25644116	      0.62644492	     21.38316884	      4.66341986	     -1.94423774	    -28.94494773	     -1.71761139	     -0.89389213	      6.22162646	     -0.03224576	     -9.64898396	     -0.03703013	     -4.51903560	    -17.64601238	     -0.10020117	      2.73779510	     -0.07840723	     -0.06632786
      1.53000000	      1.42076229	     -1.71226696	      2.96966298	     40.44387334	    -17.28946369	     33.00451295	      8.58522951	      6.76075803	      0.20532880	     21.37748735	      4.08827087	     -1.89257664	    -30.06223365	     -2.83513855	     -1.29035830	      6.38534735	     -0.02805995	     -7.59522353	     -0.03254565	     -2.94224419	    -13.48813233	     -0.01604985	      2.26596818	     -0.07997222	     -0.06843325
      1.53500000	      5.82189638	      0.00070192	      4.12139806	     36.98311208	    -37.53103972	     29.36051500	     12.45246213	      8.07223648	     -0.48552772	     21.00962402	      3.47437563	     -1.80995603	    -30.83140727	     -3.89560129	     -1.71274491	      4.28161359	     -0.02402107	     -5.82272442	     -0.02814310	     -1.13883455	     -9.59183941	      0.06948317	      1.88893970	     -0.08064018	     -0.06992657
      1.54000000	      8.06062692	      2.19998112	      4.82552574	     30.34659394	    -59.75764277	     25.83419499	     14.47935094	      9.52421955	     -1.12937135	     19.94905541	      2.95092946	     -1.69597448	    -31.27352159	     -4.85873526	     -2.14537892	      2.69894290	     -0.02021840	     -4.11925575	     -0.02392221	     -0.16439233	     -6.13170941	      0.47797124	      1.55216822	     -0.08035418	     -0.07071748
      1.54500000	     10.08421344	      5.61055983	      6.02056771	     23.73110259	    -75.47846776	     21.14939974	     17.08052474	     11.47173907	     -1.75506987	     18.07355252	      1.51473171	     -1.38571016	    -31.41184883	     -5.68605226	     -2.57046444	      1.17372824	     -0.01672585	     -2.40597715	     -0.01996880	      0.50193011	     -3.09231461	      1.42001533	      0.91442601	     -0.07909058	     -0.07073110
      1.55000000	      9.31989898	      7.97358948	      6.66218695	     13.80992904	    -92.51220065	     16.19999495	     17.37286032	     13.11586787	     -1.88174099	     15.60796430	      1.02776406	     -1.24780381	    -31.27194867	     -6.34263400	     -2.96861007	      0.48007707	     -0.01359992	     -0.70177040	     -0.01644991	      0.72366096	     -0.72169746	      1.72254525	      0.73405446	     -0.07685890	     -0.06991710
      1.55500000	      7.69294786	      8.98449902	      5.98819301	      3.38834818	   -107.78923146	     11.37003832	     15.16925639	     13.16904628	     -1.71966026	     14.82995968	      0.37456226	     -1.30196964	    -30.88197369	     -6.79892802	     -3.31964817	      0.98252176	     -0.01087857	     -0.22667314	     -0.01329004	      0.63475265	      0.85374993	      1.62041317	      0.94212745	     -0.07370015	     -0.06823219
      1.56000000	      6.46613399	      9.50559277	      4.53545657	     -6.58627434	   -127.14251658	      7.58248296	     12.68110241	     12.44943069	     -1.42126371	     14.28268922	     -0.90420465	     -0.70911526	    -30.27298510	     -7.03240882	     -3.60372031	      1.43243810	     -0.00858131	     -0.57652354	     -0.01051251	      0.47161872	      1.30067529	      1.50671767	      0.24986052	     -0.06968414	     -0.06566723
      1.56500000	      3.90116221	      8.02454177	      3.64075535	    -18.00149042	   -143.54721491	      5.08883929	     10.97490943	     12.19933198	     -1.28821866	     11.86498243	      0.02320030	     -0.76322217	    -29.47906269	     -7.02896406	     -3.80256031	      1.53101573	     -0.00671032	      0.29807605	     -0.00813135	      0.34819405	      1.05880788	      1.64731439	      0.31806323	     -0.06490580	     -0.06224074
      1.57000000	      1.53269009	      6.30084632	      2.69758363	    -28.52581947	   -151.99764630	      3.16268291	      9.43192211	     11.31402254	     -1.04374062	      9.89472066	      0.71645468	     -0.73264340	    -28.53705910	     -6.78388932	     -3.90086476	      1.49706911	     -0.00525248	      0.91096304	     -0.00614948	      0.32198526	      0.88026182	      1.62592886	      0.36632877	     -0.05948108	     -0.05800025
      1.57500000	     -0.15160373	      4.03020733	      1.36120696	    -37.78628276	   -154.78438251	      2.47363765	      7.54439287	      9.40734815	     -0.61011345	      9.27908085	      1.17983671	     -0.55822139	    -27.48594686	     -6.30240001	     -3.88760124	      1.42999405	     -0.00418190	      0.72517056	     -0.00455828	      0.24224322	      0.91527964	      1.46205903	      0.48414651	     -0.05354241	     -0.05302214
      1.58000000	     -3.10106020	      3.20918124	      0.76087960	    -47.06901976	   -149.60359423	      1.11327171	      6.26555151	      8.25600285	     -0.41674578	      7.18827390	      1.27895447	     -0.44979541	    -26.36579694	     -5.59960161	     -3.75709139	      1.32486628	     -0.00346279	      1.42318786	     -0.00333745	      0.23112053	      0.73676939	      1.42080332	      0.32255614	     -0.04723418	     -0.04740949
      1.58500000	     -6.21432038	      2.26658344	      0.14159633	    -56.04900832	   -143.56608153	      0.50959991	      4.73353001	      6.80837465	     -0.21441492	      5.28238539	      1.43733482	     -0.37167131	    -25.21648724	     -4.69991863	     -3.50973212	      1.20400072	     -0.00305239	      1.92628821	     -0.00245558	      0.03557980	      0.46582195	      1.51405829	      0.41721788	     -0.04070808	     -0.04128816
      1.59000000	     -8.36098754	      1.10265356	     -0.64108878	    -62.79974469	   -131.81362571	      0.71505634	      3.26830965	      4.83766501	      0.07645714	      4.65094806	      1.46281642	     -0.20022616	    -24.07626694	     -3.63604288	     -3.15226662	      1.07100238	     -0.00290367	      1.76756069	     -0.00187141	     -0.08796547	      0.45255980	      1.38495941	      0.47946647	     -0.03411858	     -0.03480145
      1.59500000	    -10.03934757	      1.28733510	     -0.69782529	    -68.08729032	   -118.26706010	      0.16944926	      2.80886820	      4.21966699	      0.01438853	      3.49218356	      1.59907814	     -0.13481823	    -22.98030080	     -2.44750002	     -2.69757354	      0.69133298	     -0.00296784	      1.92733875	     -0.00153595	     -0.19192456	      0.29173070	      1.62810825	      0.60784022	     -0.02761841	     -0.02810417
      1.60000000	    -12.72560069	      0.89417484	     -0.82282815	    -72.84214134	   -101.19615285	      0.77584245	      2.02475258	      2.15550991	      0.28268205	      2.07254595	      1.06402892	      0.00036011	    -21.95929225	     -1.17895121	     -2.16400519	      0.26393203	     -0.00319642	      2.20593947	     -0.00139520	     -0.25586535	      0.15504876	      1.45885104	      0.48393850	     -0.02135424	     -0.02135686
      1.60500000	    -14.29396867	      1.02143392	     -0.78639581	    -75.68378406	    -86.30134116	      0.65678615	      1.76139395	      0.31262084	      0.45714647	      1.11543418	      0.22189375	      0.19193810	    -21.03824546	      0.12164980	     -1.57435593	     -0.51408252	     -0.00354299	      2.07329533	     -0.00139313	     -0.18631671	      0.03244352	      1.11574999	      0.53568679	     -0.01546248	     -0.01472080
      1.61000000	    -15.68282536	      2.67628954	     -0.25302089	    -76.68283245	    -68.80577745	      0.03694205	      1.92526626	     -0.00240702	      0.30596439	      0.02554005	     -0.57983657	      0.32451538	    -20.23539115	      1.40494004	     -0.95456723	     -0.85336831	     -0.00396434	      2.13838188	     -0.00147488	     -0.38155518	     -0.07198996	      1.57610694	      0.45862571	     -0.01006545	     -0.00835406
      1.61500000	    -17.11941905	      3.09367080	     -0.03185372	    -76.50982258	    -52.77446914	      0.20535496	      1.81656753	     -1.22391842	      0.34053051	     -0.69022002	     -1.10263714	      0.39784750	    -19.56129209	      2.62199964	     -0.33227716	     -1.26286553	     -0.00442145	      2.04718545	     -0.00158957	     -0.44945416	     -0.14494232	      1.48381530	      0.50886812	     -0.00526794	     -0.00240844
      1.62000000	    -18.67195258	      4.37779832	      0.49876947	    -75.18473877	    -38.30932491	     -0.56249067	      2.11156048	     -2.27408613	      0.35433962	     -1.99248529	     -2.40193411	      0.54800057	    -19.01817322	      3.72613638	      0.26468518	     -1.81028661	     -0.00487996	      2.17283118	     -0.00169275	     -0.45390053	     -0.28512010	      1.38823045	      0.37496906	     -0.00115446	      0.00297316
      1.62500000	    -19.54821378	      5.32595660	      0.87868295	    -72.27048138	    -27.57589267	     -1.34479907	      2.32699537	     -2.54370394	      0.16956964	     -2.67604116	     -2.76152608	      0.54065490	    -18.59957568	      4.67458626	      0.80977214	     -2.10194687	     -0.00531050	      2.08454354	     -0.00174830	     -0.56229277	     -0.40334530	      1.47258834	      0.57386317	      0.00221289	      0.00765938
      1.63000000	    -19.45551982	      5.84272689	      1.29648086	    -67.30848218	    -18.59293251	     -2.33902054	      3.10860536	     -3.09918179	      0.11158657	     -3.02185192	     -3.34926120	      0.59390459	    -18.29049485	      5.43011766	      1.27908043	     -2.67809583	     -0.00568883	      1.78213882	     -0.00172973	     -0.46736186	     -0.43837905	      1.36548464	      0.74715858	      0.00479565	      0.01153338
      1.63500000	    -20.38789399	      7.50279861	      1.53897222	    -62.09154619	    -10.10796800	     -4.06331644	      3.17700041	     -3.43809227	     -0.01016432	     -3.67703755	     -4.69281650	      0.77027496	    -18.06818621	      5.96251614	      1.65253901	     -2.72056022	     -0.00599579	      1.70958652	     -0.00162090	     -0.53050806	     -0.38825011	      1.26699559	      0.48257920	      0.00657928	      0.01449641
      1.64000000	    -20.23151896	      8.46259327	      2.09255190	    -55.47973123	     -7.00075534	     -5.50829331	      4.15685910	     -3.14207156	     -0.22469864	     -4.52029095	     -5.18882444	      0.75939783	    -17.90375122	      6.24990115	      1.91486958	     -3.27246224	     -0.00621734	      1.87183052	     -0.00141618	     -0.49236413	     -0.45461916	      1.43767903	      0.46771089	      0.00757239	      0.01647143
      1.64500000	    -20.61699539	      8.75532363	      2.07488486	    -48.54817397	     -4.38213594	     -7.60487051	      4.36365727	     -3.15580679	     -0.35306902	     -5.06811906	     -5.57671762	      0.75909250	    -17.76444616	      6.27978304	      2.05628480	     -3.11038235	     -0.00634448	      1.89499335	     -0.00112017	     -0.41515312	     -0.47402521	      1.20664561	      0.51111537	      0.00780487	      0.01740675
      1.65000000	    -20.61892749	      9.24733727	      2.07381022	    -41.37822972	     -7.72927442	     -9.56339862	      4.53928779	     -2.78915888	     -0.54640518	     -5.67731585	     -5.94651701	      0.76184178	    -17.61647391	      6.04972899	      2.07290174	     -3.07857167	     -0.00637323	      1.98317935	     -0.00074701	     -0.47983822	     -0.50495986	      1.32174514	      0.55480024	      0.00732497	      0.01727879
      1.65500000	    -20.18479288	      9.61229456	      2.09232308	    -33.53627493	    -12.12033550	    -11.62723370	      4.94256943	     -2.00344377	     -0.80327031	     -6.26237314	     -6.03466968	      0.72058770	    -17.42789001	      5.56750217	      1.96685743	     -3.02298514	     -0.00630462	      2.22725980	     -0.00031924	     -0.45655870	     -0.50618244	      1.46692717	      0.52489846	      0.00619533	      0.01609377
      1.66000000	    -19.63387879	      9.04434012	      1.58858684	    -25.65043366	    -18.36643400	    -13.34422487	      4.80695083	     -2.12914421	     -0.81700814	     -6.33558236	     -6.25308561	      0.76583342	    -17.17120218	      4.85058129	      1.74612424	     -2.85936144	     -0.00614469	      2.23426189	      0.00013345	     -0.31654417	     -0.38857225	      1.04860953	      0.43407931	      0.00448824	      0.01388800
      1.66500000	    -18.83792065	      8.20239760	      1.15376865	    -17.93633105	    -26.85308739	    -14.69630605	      4.73763709	     -1.51361232	     -0.96745388	     -6.51778354	     -5.77098893	      0.65782718	    -16.82530350	      3.92505098	      1.42403264	     -2.46223208	     -0.00590449	      2.44553540	      0.00057576	     -0.27415171	     -0.35839354	      1.17887073	      0.52151058	      0.00228049	      0.01072672
      1.67000000	    -17.74077873	      7.66781237	      0.75574057	    -10.05658935	    -34.95765581	    -16.05397893	      4.64765988	     -0.84362555	     -1.06341985	     -6.55795838	     -5.66555242	      0.65027533	    -16.37655099	      2.82395725	      1.01851211	     -1.90064265	     -0.00560008	      2.67182073	      0.00096831	     -0.29600161	     -0.25456195	      1.36016648	      0.39192571	     -0.00035195	      0.00670167
      1.67500000	    -16.86665028	      6.64783538	      0.08621640	     -3.29628742	    -46.03258020	    -17.15737770	      4.16567106	     -0.59998613	     -1.10785637	     -6.70221869	     -5.47111580	      0.61218963	    -15.81898015	      1.58531232	      0.55107037	     -1.45770020	     -0.00525240	      3.02398311	      0.00126924	     -0.11005620	     -0.21319070	      1.03283341	      0.30487389	     -0.00333876	      0.00192763
      1.68000000	    -15.17382598	      5.26658714	     -0.65693459	      3.90844411	    -55.95400368	    -17.49722011	      3.52046210	     -0.03260859	     -1.12981465	     -5.96643172	     -4.85570057	      0.54295997	    -15.15375168	      0.24997549	      0.04555034	     -0.44034764	     -0.00488711	      2.99613145	      0.00143561	     -0.21932220	     -0.06930012	      1.24634075	      0.37602999	     -0.00661942	     -0.00346165
      1.68500000	    -13.01966909	      4.21309843	     -1.17214039	     10.40151803	    -68.65777157	    -17.59428845	      3.21314624	      0.63330205	     -1.24135791	     -5.48371844	     -4.35360716	      0.45667723	    -14.38796409	     -1.14038007	     -0.47327439	     -0.06212848	     -0.00453433	      3.21127450	      0.00142474	     -0.06160211	     -0.00061580	      1.17032797	      0.37690814	     -0.01014603	     -0.00931797
      1.69000000	    -10.58414387	      2.24835173	     -1.82943059	     16.78973329	    -78.50755346	    -16.09218899	      2.62379330	      0.76300454	     -1.10577755	     -4.32375854	     -3.62928618	      0.34526995	    -13.53294888	     -2.54506440	     -0.98117468	      0.73112769	     -0.00422824	      3.19564080	      0.00119524	     -0.11225636	      0.14575347	      1.35665462	      0.42001462	     -0.01388463	     -0.01548342
      1.69500000	     -8.45365089	      1.41653257	     -2.32398701	     22.18839132	    -86.67695273	    -15.28792538	      1.87615889	      1.14854723	     -1.10412118	     -3.36683042	     -3.53421204	      0.32883406	    -12.60210529	     -3.92585911	     -1.45587627	      1.64437495	     -0.00400649	      3.33469759	      0.00070799	     -0.07965441	      0.24334303	      1.32568521	      0.28183152	     -0.01781456	     -0.02179497
      1.70000000	     -4.80710934	      0.43982488	     -2.61236517	     28.19725510	    -93.81073676	    -13.74344135	      1.67331139	      1.82379082	     -1.17173941	     -1.54018175	     -3.08098019	      0.25361190	    -11.60830113	     -5.24820144	     -1.87824815	      2.26608418	     -0.00390946	      3.10082123	     -0.00007308	      0.02428500	      0.41219398	      1.40973272	      0.30475801	     -0.02192583	     -0.02808897
      1.70500000	     -2.03404860	     -1.43710413	     -3.20269859	     32.57003952	    -99.25755976	    -10.87783509	      0.80674857	      1.58776772	     -1.04391680	      0.26077237	     -2.40147265	      0.06346578	    -10.56094432	     -6.48211857	     -2.23314283	      3.01607778	     -0.00397927	      3.01319861	     -0.00118039	      0.14093207	      0.49627945	      1.05372728	      0.39001219	     -0.02621441	     -0.03420547
      1.71000000	      2.01893788	     -2.58323876	     -3.26034869	     37.57166984	   -100.54714285	     -7.74564851	      0.81761597	      1.71052443	     -0.98810020	      2.52322145	     -2.15351110	     -0.03815044	     -9.46300075	     -7.60295783	     -2.50981949	      3.44282761	     -0.00425856	      2.72765937	     -0.00264203	      0.30106782	      0.63426899	      1.07670264	      0.37057949	     -0.03067572	     -0.03999231
      1.71500000	      6.06921605	     -3.63811306	     -3.28656996	     42.28026117	    -95.96492469	     -4.20378512	      0.64802619	      1.84732667	     -0.91713570	      5.28283160	     -1.88872470	     -0.16392106	     -8.30840960	     -8.59191528	     -2.70195502	      4.34439940	     -0.00478897	      2.27605452	     -0.00448111	      0.23923598	      0.80348016	      1.21426325	      0.35753582	     -0.03529705	     -0.04530939
      1.72000000	     10.16918007	     -4.41213287	     -3.06511428	     45.83060379	    -89.95693546	     -0.30829178	      0.79678079	      1.96171525	     -0.95932164	      7.77400027	     -1.66990930	     -0.36386434	     -7.08044254	     -9.43633028	     -2.80734901	      4.63228479	     -0.00560950	      2.04578489	     -0.00671507	      0.41304722	      0.85891233	      1.12424033	      0.34627752	     -0.04004966	     -0.05003328
      1.72500000	     11.47087217	     -9.04100180	     -3.58931968	     45.39971657	   -114.48068131	      3.26360170	      1.02547280	      1.73311359	     -0.84950953	      5.54506547	     -0.12056975	     -0.39857423	     -5.75150229	    -10.12968988	     -2.82748887	      5.27099981	     -0.00675446	      2.29326629	     -0.00938294	      0.37215487	     -3.23718564	      1.18328409	      0.60400402	     -0.04488203	     -0.05406453
      1.73000000	     27.89545148	    -16.93121944	     -5.28543679	     58.21410576	   -192.60991912	      3.35940855	      1.89870204	      1.92747986	     -0.94260017	     13.23103179	      1.13254270	     -1.01730867	     -4.28462855	    -10.67127608	     -2.76710316	      5.38378975	     -0.00825139	     -6.77210946	     -0.01247037	      0.45842809	    -11.32317669	      1.29984245	      1.56255854	     -0.04971548	     -0.05732767
      1.73500000	     41.82741297	    -15.37478580	     -4.48927663	     70.02961430	   -138.02710886	      9.76134350	      3.09958302	      1.56621526	     -0.92560100	     26.76102481	      0.08460519	     -1.66054114	     -2.63663359	    -11.06542107	     -2.63375243	      5.22387006	     -0.01011874	    -11.44736622	     -0.01596501	      0.75372282	     -6.85028151	      1.02819766	      1.06131931	     -0.05444362	     -0.05977944
      1.74000000	     50.88865888	    -21.72197857	     -5.49445061	     75.82374469	   -124.53735676	     17.95696389	      4.12011887	      0.87328886	     -0.76479865	     33.33102777	      4.06099918	     -2.76952253	     -0.76245702	    -11.32038913	     -2.43744679	      5.19792751	     -0.01236353	    -14.34874104	     -0.01984365	      0.66743099	     -8.31461232	      0.70867343	      2.21497375	     -0.05893655	     -0.06141077
      1.74500000	     38.48685488	    -27.07751903	     -9.22976250	     59.14120252	   -200.53097260	     25.97181280	    -10.96408281	     -2.48098083	      1.70371748	     29.07811513	      7.14562887	     -3.19005745	      1.37987263	    -11.44693158	     -2.19022914	      9.46504240	     -0.01494640	    -14.80844671	     -0.02406712	     -6.51609575	    -15.80186583	     -1.01936599	      3.66502086	     -0.06305350	     -0.06224666
      1.75000000	     53.51491420	    -23.09488772	     -0.70023842	     65.85284074	   -232.82197104	     27.88646750	      8.60939480	      3.26220286	     -1.76184411	     17.32143238	      6.18628852	     -2.51171601	      3.82431586	    -11.45656897	     -1.90564002	     -6.58554473	     -0.01783382	     -9.83289288	     -0.02857845	     -6.16274634	    -20.43498967	     -0.57971670	      3.72026759	     -0.06664858	     -0.06234351
      1.75500000	     31.92878537	    -22.86518327	      0.04134937	     37.51795775	   -177.84127692	     21.90359250	      7.98557385	      4.76643194	     -2.19163482	     -1.87933340	      6.13094535	     -1.54273580	      6.59249860	    -11.35968009	     -1.59801275	     -1.53960281	     -0.02101133	     -0.80646189	     -0.03330166	     -4.84224804	    -26.00842322	      0.49508368	      4.05858620	     -0.06958484	     -0.06178423
      1.76000000	      3.56635970	    -28.26292274	      1.00832606	      0.32292067	   -155.55754255	     26.44453836	      9.03101173	      4.58785826	     -2.23443750	    -31.50528803	     11.38669494	     -0.97836431	      9.69040214	    -11.16352250	     -1.28160855	     -2.33009877	     -0.02444209	     14.32318900	     -0.03814151	     -6.08750305	    -32.90306170	      0.24783235	      5.20499208	     -0.07175120	     -0.06067199
      1.76500000	    -16.93629583	    -26.09278844	     -0.82324982	    -30.14669900	   -153.47234532	     25.06765415	     -4.42806796	      6.97027411	     -1.83047983	    -41.20700916	     14.03932328	     -1.08950326	     13.10633200	    -10.87036957	     -0.96964830	      3.90118821	     -0.02808346	     16.78635258	     -0.04298450	    -10.74170272	    -37.80397030	      0.70901077	      6.03001968	     -0.07307034	     -0.05912341
      1.77000000	    -24.86131933	    -24.57913659	     -6.00193830	    -47.31542172	   -137.07880511	     21.42267738	    -23.97421745	      2.08586658	      1.56770858	    -31.82286962	      9.37267913	     -0.78170745	     16.81030156	    -10.47601398	     -0.67332471	     14.25960703	     -0.03188924	      6.67141299	     -0.04770122	    -15.25614795	    -40.46768351	     -0.05676301	      5.76269393	     -0.07350449	     -0.05726169
      1.77500000	    -22.85217411	    -16.50634709	     -8.67589617	    -54.84460863	   -120.92507502	      6.09802060	    -38.71070588	     -1.43063025	      4.18436223	    -18.71754517	     -2.47625124	      1.07864570	     20.75485185	     -9.96892848	     -0.40089317	     22.91816983	     -0.03581195	     -8.56264082	     -0.05201489	    -17.89227525	    -43.99565861	     -0.45231048	      4.61523107	     -0.07305775	     -0.05522073
      1.78000000	    -10.54789960	      0.73002365	     -6.12944657	    -51.68034626	   -113.67734437	    -19.60792401	    -44.26984982	      4.81198907	      2.29047889	     -6.91296215	    -14.70772274	      3.38497882	     24.87721649	     -9.33035873	     -0.15694000	     26.94657677	     -0.03980508	    -24.67374559	     -0.05587976	    -20.32031988	    -48.22736486	      1.28825028	      3.67811803	     -0.07177549	     -0.05311588
      1.78500000	      4.71829336	     11.19879922	     -1.83297352	    -45.29799525	   -112.25110154	    -37.61007565	    -39.33017436	      8.70784647	      0.26178688	     -3.00499966	    -24.05011803	      5.77609561	     29.10264131	     -8.53554376	      0.05809420	     22.03372064	     -0.04382492	    -36.58096638	     -0.05931629	    -21.47996923	    -53.46455848	      1.90033423	      3.26757317	     -0.06974175	     -0.05104490
      1.79000000	     19.74484860	     11.62749384	      2.49209765	    -38.31773430	   -103.19785406	    -43.25402737	    -25.43719053	      7.22536694	     -0.77148133	     -7.06865780	    -30.20736107	      8.16540875	     33.34860457	     -7.55613078	      0.24809295	      9.95477200	     -0.04781883	    -43.83580075	     -0.06228295	    -21.59408760	    -58.70016784	      1.46137388	      3.07802061	     -0.06707851	     -0.04909342
      1.79500000	     26.80352564	      9.19113357	      6.13551040	    -38.56752555	   -102.50881537	    -43.65381011	    -13.51470992	      6.71381104	     -1.81611146	    -16.93127748	    -31.21491629	      9.69663423	     37.52966987	     -6.36369258	      0.42113386	     -3.31580489	     -0.05170229	    -47.73523222	     -0.06475994	    -23.39329737	    -64.11428207	      1.06794819	      3.96444663	     -0.06393621	     -0.04732589
      1.80000000	     27.63131016	      6.20643445	      8.13058428	    -43.52012821	   -104.70300377	    -39.96618539	     -6.65019421	      4.22960366	     -1.67102012	    -27.40386754	    -31.84461696	     11.33062955	     41.56272586	     -4.93408597	      0.58906771	    -15.86977733	     -0.05542207	    -51.51451684	     -0.06674814	    -26.72464489	    -69.00275205	      0.68040511	      4.57273299	     -0.06047175	     -0.04578453
      1.80500000	     32.84633820	      1.68664414	     10.08265374	    -40.64137326	   -107.68282649	    -33.34345353	      1.85285098	      0.09213069	     -0.83235864	    -35.11794584	    -32.81016152	     12.97262892	     45.37236797	     -3.25221374	      0.76683186	    -31.15276738	     -0.05891160	    -57.06870456	     -0.06826645	    -30.20112636	    -73.50135654	     -0.25452850	      5.11339182	     -0.05685787	     -0.04449057
      1.81000000	     43.41048358	     -1.93771520	     12.62963580	    -29.15525920	   -110.22978553	    -25.24445206	     11.62054708	     -2.89662336	     -0.49128224	    -38.79091628	    -33.30322787	     14.25910079	     48.89609804	     -1.31658802	      0.97149483	    -48.54955465	     -0.06210873	    -64.82023777	     -0.06932310	    -33.98769411	    -76.92697649	     -0.62924680	      5.72351226	     -0.05326477	     -0.04345500
      1.81500000	     50.81515481	     -2.96763812	     13.47575356	    -17.56361783	   -105.81508835	    -18.36625352	     14.45907518	     -4.26754961	     -0.20726179	    -37.53968697	    -32.73953833	     14.83138814	     52.08889681	      0.85701638	      1.22099026	    -61.91735629	     -0.06495679	    -74.87657101	     -0.06978872	    -38.57489811	    -79.57343983	     -0.28034923	      6.47014878	     -0.04984942	     -0.04266530
      1.82000000	     49.69194718	      1.18406626	     11.22418232	    -11.42224940	    -91.38422180	    -17.18476473	      4.42580266	     -4.78648569	      0.74717264	    -30.14758107	    -33.00196790	     15.17235236	     54.92666596	      3.23353402	      1.53251770	    -66.79748271	     -0.06740520	    -88.27262919	     -0.06963710	    -44.53435159	    -81.18809427	      0.30682745	      7.19398689	     -0.04674657	     -0.04210211
      1.82500000	     42.45515110	      6.59374473	      6.97994853	     -9.46831552	    -70.81715185	    -16.47619702	    -11.78202398	     -5.19157810	      2.05118934	    -21.21643317	    -32.62207580	     15.12662960	     57.40808941	      5.75878310	      1.92067605	    -67.93381680	     -0.06941009	   -102.37321941	     -0.06887993	    -50.28116339	    -82.48126862	      1.34698099	      7.74005272	     -0.04406226	     -0.04174785
      1.83000000	     34.50622185	      5.44830804	     -0.10565717	     -5.83240159	    -52.61668615	     -8.55095720	    -29.64646446	     -8.25523577	      4.69677312	    -10.49627916	    -28.81540309	     13.49594514	     59.55460816	      8.36213007	      2.39550013	    -68.47157721	     -0.07094551	   -118.07217302	     -0.06755184	    -55.57255542	    -83.63131138	      1.95401991	      8.67541542	     -0.04188054	     -0.04158818
      1.83500000	     29.68427444	      0.11935710	     -6.67496947	      2.43203405	    -40.35920656	      4.45700512	    -42.28686253	     -9.86720552	      6.17119412	     -2.07970187	    -20.72951585	     10.08013129	     61.40842336	     10.96153628	      2.96065564	    -73.24289587	     -0.07210386	   -132.46830910	     -0.06570914	    -59.60021626	    -84.74971290	      2.95019656	     10.37152732	     -0.04023140	     -0.04161479
      1.84000000	     27.70748256	    -11.49218535	    -11.90008728	     13.00015054	    -45.36905585	     24.64261039	    -46.48988348	    -10.69050920	      6.64337837	     -0.41153461	     -8.08293478	      5.00885403	     63.02869078	     13.47045526	      3.61209878	    -85.90794730	     -0.07287483	   -144.10692023	     -0.06342528	    -61.76917658	    -85.83111187	      3.57381000	     12.41557751	     -0.03912131	     -0.04182644
      1.84500000	     25.70109609	    -20.41952393	    -14.17144691	     17.85663463	    -87.18899052	     41.81764245	    -46.65781234	     -9.55983946	      5.75333836	     -5.58756988	      3.42862034	      0.60809400	     64.48623666	     15.80568460	      4.33745928	   -107.39539394	     -0.07324096	   -155.01678428	     -0.06082434	    -61.52222517	    -85.91379737	      3.73301090	     13.94196957	     -0.03853012	     -0.04223620
      1.85000000	     12.07376726	    -11.69416428	    -12.93938743	     -0.90392763	   -182.79165347	     37.90671555	    -54.34671645	     -2.85416235	      1.84757988	    -18.47396586	      7.68221140	     -0.06364258	     65.85719710	     17.89503692	      5.11624072	   -133.44438157	     -0.07318682	   -166.55110111	     -0.05816290	    -58.50696164	    -85.12781675	      3.98729206	     14.31219754	     -0.03841458	     -0.04284054
      1.85500000	    -30.30726734	      5.97433720	    -14.88689174	    -51.49881355	   -234.92028176	     13.96551737	    -77.02594849	      2.54385135	     -0.79782941	    -40.13933108	      4.91736550	      3.55378583	     67.21609021	     19.68363712	      5.92077395	   -139.59006141	     -0.07270200	   -175.93950016	     -0.05550983	    -56.90396068	    -83.25815111	      4.74522978	     13.70923044	     -0.03871456	     -0.04364591
      1.86000000	    -63.92694432	     11.55411167	    -16.48589442	    -77.65949973	   -185.06015767	     -6.75179882	    -84.84381883	     -0.29590050	      0.70694783	    -61.60482864	     -2.52393211	      9.76785596	     68.62899282	     21.13782692	      6.71779650	   -134.03053184	     -0.07178477	   -182.65059444	     -0.05292322	    -57.20900106	    -81.10517442	      5.41248906	     12.59302661	     -0.03935977	     -0.04465451
      1.86500000	    -54.71906650	      0.28889015	    -12.36448064	    -45.62801264	   -104.37914478	     -5.31205264	    -61.22924461	    -11.64085134	      5.88216388	    -73.02935907	    -12.30671691	     16.31255022	     70.14757228	     22.24607078	      7.47049994	   -146.32152342	     -0.07044566	   -188.23580214	     -0.05045144	    -55.80919000	    -79.20662529	      4.70905160	     11.31462893	     -0.04027620	     -0.04586086
      1.87000000	    -29.65332434	    -10.91717322	     -7.31558541	      8.17525910	    -11.86374164	     -0.48503174	    -35.03391338	    -21.90707707	     10.60541156	    -71.73965606	    -21.14040017	     20.88024360	     71.80466148	     23.01683125	      8.14086113	   -160.82418916	     -0.06872318	   -194.20940605	     -0.04813484	    -54.52330978	    -77.47227723	      3.85048145	     10.61992054	     -0.04139238	     -0.04724939
      1.87500000	     -3.72772542	    -18.48091821	     -4.29012900	     62.86077319	     78.05828340	      2.88047600	    -17.99588468	    -28.82902139	     13.94930068	    -60.68497071	    -26.97933355	     22.53197278	     73.61187479	     23.47399653	      8.69209292	   -170.48311215	     -0.06664766	   -201.22583864	     -0.04600742	    -53.97530630	    -76.36721674	      3.36966399	     10.50156640	     -0.04264308	     -0.04879385
      1.88000000	     16.80561701	    -23.78529960	     -3.30987858	    106.35820025	    144.52589035	      5.14017109	     -9.70365400	    -32.74502857	     15.95759856	    -47.49750083	    -29.31870621	     21.85215214	     75.55941546	     23.65096605	      9.09106788	   -177.20473713	     -0.06423050	   -208.82810695	     -0.04409796	    -53.65638472	    -75.80068483	      3.30929697	     10.82656954	     -0.04396939	     -0.05045857
      1.88500000	     27.85631124	    -28.62398796	     -3.91357166	    131.57555729	    178.36968916	      7.32598276	     -7.72240933	    -34.62377054	     17.05207101	    -39.09960363	    -28.30741822	     19.77233389	     77.61779424	     23.58475763	      9.31054417	   -183.07436079	     -0.06156718	   -215.34563443	     -0.04243036	    -53.44125393	    -75.69241761	      3.32547360	     11.27544778	     -0.04532395	     -0.05220095
      1.89000000	     26.73613339	    -33.39108959	     -6.08182031	    133.49109826	    175.03325229	      9.28814440	    -11.77186331	    -34.54032447	     17.15336534	    -38.52421886	    -23.68757400	     16.47805731	     79.74087448	     23.31136690	      9.33102735	   -188.61745951	     -0.05876719	   -220.12847939	     -0.04102969	    -53.25312762	    -75.91705540	      3.63813173	     12.13892878	     -0.04666810	     -0.05397403
      1.89500000	     15.48691995	    -38.72333160	     -9.73688614	    115.96997819	    146.88382402	     10.70872572	    -20.34503029	    -33.78543241	     17.01215184	    -44.43353213	    -16.78843720	     12.55581280	     81.86957367	     22.86314198	      9.14215978	   -192.73694996	     -0.05594802	   -223.37731609	     -0.03988678	    -53.10954433	    -76.24579471	      3.67899724	     13.08803781	     -0.04796981	     -0.05572731
      1.90000000	      1.50372801	    -41.64360572	    -12.67049773	     88.79107471	     99.62067389	      8.00147802	    -29.70388936	    -31.22773891	     15.61248710	    -53.46256132	     -9.95037885	      8.94791795	     83.93563326	     22.26831751	      8.74357280	   -196.99298002	     -0.05322835	   -226.39389540	     -0.03901053	    -52.68516315	    -76.50919089	      3.98036905	     14.08396200	     -0.04920125	     -0.05740886
      1.90500000	     -9.38582712	    -43.08839612	    -14.74305249	     62.56401757	     50.72792893	      2.63614397	    -37.72046979	    -29.14160997	     14.50680619	    -61.00652133	     -5.30959259	      6.42793588	     85.86505618	     21.55227164	      8.14515409	   -201.11237281	     -0.05072100	   -229.49065999	     -0.03840981	    -52.09850482	    -76.65458350	      3.72495727	     14.65042983	     -0.05033622	     -0.05896612
      1.91000000	    -13.59572878	    -40.46931514	    -14.57181792	     43.68696048	     12.91254576	     -7.46886216	    -42.39109462	    -26.43495302	     12.80024220	    -64.95775405	     -4.09318157	      5.51313746	     87.58104743	     20.73968012	      7.36669786	   -205.23591565	     -0.04852638	   -231.58657832	     -0.03808522	    -51.52907853	    -76.78221019	      3.70775465	     15.11526665	     -0.05134832	     -0.06034673
      1.91500000	    -11.69621889	    -34.27767747	    -12.49378016	     33.14270240	     -5.71578358	    -21.22958138	    -43.69632198	    -24.51282098	     11.55725524	    -65.19934099	     -7.31138855	      6.92141915	     89.00649604	     19.85663253	      6.43692042	   -208.68352926	     -0.04672705	   -231.87890265	     -0.03803034	    -50.99283285	    -76.99041710	      3.50238833	     15.00124860	     -0.05220978	     -0.06149987
      1.92000000	     -5.47177725	    -25.38238145	     -9.50272038	     28.30117601	    -10.38937062	    -38.19086825	    -43.68256756	    -23.08503739	     10.66521499	    -61.49889877	    -13.59114690	      9.76550153	     90.06615517	     18.93193632	      5.39185433	   -210.21377127	     -0.04538380	   -231.69537570	     -0.03823367	    -50.64729800	    -77.03143409	      3.16131275	     14.68358588	     -0.05289136	     -0.06237797
      1.92500000	      1.80066828	    -15.46055842	     -6.35495554	     24.04011338	    -11.41283369	    -53.99587983	    -43.62382908	    -21.85752159	      9.91645836	    -56.15647744	    -20.72627610	     13.03382441	     90.68870955	     17.99717295	      4.27270428	   -210.69739107	     -0.04453350	   -230.61125549	     -0.03868059	    -50.64447720	    -76.69706862	      3.11003898	     13.90143331	     -0.05336313	     -0.06293873
      1.93000000	      4.98533361	     -8.85146066	     -4.77068630	     13.71424293	    -10.69923823	    -65.79791282	    -44.27278890	    -21.65554375	      9.99578033	    -52.97606292	    -25.83872859	     15.40998290	     90.80888633	     17.08544754	      3.12333697	   -209.35335111	     -0.04418876	   -227.40970149	     -0.03935509	    -50.66883684	    -76.29618397	      2.74054964	     13.58680554	     -0.05359592	     -0.06314736
      1.93500000	      3.05879501	     -5.32363257	     -5.20459069	     -2.49403562	     -5.75512490	    -72.05516195	    -47.19682193	    -23.08860433	     11.36150363	    -51.05674385	    -29.32103318	     17.07661072	     90.36968271	     16.22908528	      1.98765280	   -204.95619610	     -0.04433918	   -222.39228083	     -0.04024092	    -51.22627060	    -75.72296144	      2.27252744	     13.15591779	     -0.05356348	     -0.06297873
      1.94000000	      0.07402648	     -6.31260375	     -7.23001020	    -19.24102440	      1.24882854	    -71.37017508	    -49.96597327	    -25.25278013	     13.21718195	    -49.12253432	    -29.76283694	     17.01168183	     89.32467433	     15.45673951	      0.90712607	   -198.96557800	     -0.04495382	   -216.58760720	     -0.04132193	    -52.09717717	    -74.90416810	      1.98588844	     13.20451835	     -0.05324473	     -0.06241924
      1.94500000	     -2.47542899	     -9.98839626	     -9.70191491	    -32.41389246	     15.02961597	    -65.32995834	    -50.96551379	    -27.72461668	     15.16809543	    -47.27894437	    -28.50119667	     16.06559319	     87.64026083	     14.79047269	     -0.08122893	   -192.10793474	     -0.04598459	   -208.99482059	     -0.04258162	    -53.25107102	    -74.41353612	      1.82997847	     13.24503841	     -0.05262620	     -0.06146834
      1.95000000	     -1.79174723	    -15.07301216	    -11.99605274	    -38.21140690	     35.46182211	    -56.10720702	    -49.62624118	    -30.47984440	     17.17896745	    -43.56729429	    -26.75731881	     14.71870855	     85.29761790	     14.24335256	     -0.94631345	   -185.00292716	     -0.04737006	   -200.93623127	     -0.04400419	    -54.52305275	    -73.81857140	      1.40488680	     13.19329917	     -0.05170429	     -0.06013955
      1.95500000	      2.03161541	    -19.44911896	    -13.21889846	    -36.47009260	     60.62867531	    -47.31103450	    -45.31366917	    -32.33799891	     18.33211246	    -39.05993384	    -25.36079237	     13.55313405	     82.29408041	     13.81800927	     -1.66380600	   -177.64431246	     -0.04903933	   -192.58812932	     -0.04560284	    -55.79629215	    -73.53139911	      1.20498167	     13.28212928	     -0.05048730	     -0.05846142
      1.96000000	      6.62338231	    -22.08521603	    -13.59406841	    -29.61285017	     89.32441540	    -39.44185319	    -39.80883202	    -33.90723683	     19.11535610	    -34.33915034	    -25.25042831	     13.14684774	     78.64372137	     13.50643944	     -2.21652078	   -169.60298926	     -0.05091567	   -183.57714094	     -0.04736011	    -57.24676013	    -73.73776942	      1.20267912	     13.14545155	     -0.04899702	     -0.05647603
      1.96500000	     10.43812169	    -22.79124704	    -13.49283032	    -20.09720516	    122.06901179	    -33.30179641	    -34.50511588	    -35.33530857	     19.73487820	    -29.39031227	    -26.38636917	     13.41143404	     74.37700871	     13.29111604	     -2.59441471	   -160.19214920	     -0.05291971	   -174.12056867	     -0.04925961	    -58.76792354	    -73.95188029	      1.02673177	     12.71214431	     -0.04726983	     -0.05423926
      1.97000000	     11.81279340	    -22.42104309	    -13.15579055	    -11.01618923	    152.23750073	    -28.33894513	    -29.71366480	    -36.36248149	     20.06530830	    -25.90615086	    -27.58989122	     13.82302066	     69.53956245	     13.14722715	     -2.79440356	   -150.59517028	     -0.05501423	   -163.48576833	     -0.05127992	    -59.93001367	    -74.60456052	      0.80038298	     12.56920989	     -0.04535847	     -0.05181881
      1.97500000	     10.21337247	    -20.55245657	    -12.61249991	     -3.48100294	    178.99597451	    -23.52786027	    -26.36677489	    -37.09939333	     20.24934177	    -23.56586283	    -29.11786623	     14.47698293	     64.19017270	     13.04568645	     -2.82008026	   -140.72657701	     -0.05717319	   -151.89352255	     -0.05339406	    -60.87842511	    -75.23550048	      0.65855776	     12.01705245	     -0.04332930	     -0.04929159
      1.98000000	      6.37451740	    -18.60801057	    -12.50292177	      2.73309965	    200.47981069	    -19.67099250	    -24.77640535	    -37.49078829	     20.34958365	    -21.41274517	    -29.93102858	     14.69768030	     58.39834903	     12.95644073	     -2.68131916	   -130.03131082	     -0.05931544	   -140.65201207	     -0.05556953	    -61.34861180	    -75.77008154	      0.19644632	     11.75162204	     -0.04126024	     -0.04674030
      1.98500000	      0.87166916	    -16.38838511	    -12.38100283	      7.99746431	    215.08960789	    -15.79546464	    -24.23531460	    -37.06176017	     20.07416280	    -19.86826564	    -29.84805265	     14.48782589	     52.24168982	     12.85157357	     -2.39370057	   -119.45121045	     -0.06138439	   -129.29509178	     -0.05776858	    -61.36804948	    -76.23721754	     -0.24746197	     11.43346607	     -0.03924074	     -0.04424981
      1.99000000	     -6.70735728	    -13.44608866	    -11.97785843	     11.30676477	    225.56248735	    -11.88504139	    -24.50793757	    -35.76074364	     19.40576009	    -19.47087256	    -29.32664988	     14.18530790	     45.80328832	     12.70779488	     -1.97771988	   -108.73853249	     -0.06332711	   -117.62643289	     -0.05994894	    -61.02034911	    -76.18545484	     -0.48410412	     10.60403399	     -0.03736757	     -0.04190433
      1.99500000	    -15.29700804	    -11.70929541	    -11.90525321	     13.30017437	    229.85671475	     -8.39430238	    -25.15489202	    -34.10245685	     18.62652485	    -19.71306896	    -27.61193962	     13.40152929	     39.16931447	     12.50805475	     -1.45779189	    -97.70262349	     -0.06509442	   -106.76815471	     -0.06206470	    -60.23122506	    -75.67257571	     -0.78618614	     10.25593761	     -0.03574069	     -0.03978552
      2.00000000	    -24.85148912	     -7.68259785	    -10.66780251	     14.44045291	    232.31999503	     -8.34203415	    -25.19169247	    -31.76081501	     17.51106002	    -21.69473103	    -27.48709580	     13.45965912	     32.42685482	     12.24216363	     -0.86109933	    -87.09907719	     -0.06664106	    -95.50328444	     -0.06404435	    -58.94810603	    -74.71514398	     -1.14645334	      9.45202725	     -0.03445866	     -0.03797313
      2.00500000	    -31.48313343	     -6.64908296	     -9.82237175	     19.22827129	    238.54996129	     -4.79137291	    -23.62913791	    -28.22917140	     15.73635604	    -21.94700473	    -23.90906586	     11.92585920	     25.66204333	     11.90644930	     -0.21637196	    -76.84701811	     -0.06792589	    -84.39438071	     -0.06566650	    -57.07366785	    -72.99120775	     -1.42173963	      8.96119098	     -0.03361370	     -0.03654398
      2.01000000	    -36.04647089	     -6.84602794	     -9.50362469	     25.77640485	    242.24879679	      0.30304389	    -22.51069982	    -24.52455966	     13.98021211	    -19.83595021	    -18.99337950	      9.69593528	     18.95848931	     11.50262433	      0.44731928	    -66.89410006	     -0.06889883	    -74.43843186	     -0.06686982	    -54.80064078	    -70.68245731	     -1.50018556	      8.81146525	     -0.03328929	     -0.03555568
      2.01500000	    -39.32883951	     -7.67395773	     -9.29684008	     33.79225518	    248.28104338	      5.67060090	    -21.03121807	    -21.55341724	     12.59825225	    -16.76869251	    -14.35583422	      7.59576622	     12.39599499	     11.03614027	      1.10171148	    -57.26266623	     -0.06937039	    -64.88963794	     -0.06760854	    -52.14509479	    -67.83119814	     -1.94468738	      8.48206511	     -0.03356057	     -0.03506118
      2.02000000	    -41.51360763	     -6.69626144	     -8.24159011	     41.57477791	    251.07694839	      9.18786249	    -18.87738546	    -17.40608368	     10.64189045	    -13.92275774	    -10.30416553	      5.83968694	      6.04952087	     10.51436410	      1.72043028	    -48.46795765	     -0.06929940	    -55.69924540	     -0.06785000	    -49.24705546	    -64.49192180	     -1.77647308	      8.09546276	     -0.03446035	     -0.03509986
      2.02500000	    -43.23532630	     -6.65263395	     -7.43610314	     48.32446288	    251.13199001	     12.60280806	    -16.55364643	    -13.83747281	      8.99347097	    -11.16321205	     -6.12190303	      4.13976597	     -0.01168553	      9.94492402	      2.27998955	    -40.31944626	     -0.06867546	    -47.07284664	     -0.06757591	    -45.89504173	    -60.84486732	     -1.87579807	      7.92283896	     -0.03600868	     -0.03569468
      2.03000000	    -42.51315631	     -5.71756242	     -6.20626666	     55.88003717	    246.76705949	     15.15476387	    -13.57186123	     -9.93096994	      7.16559988	     -7.49060164	     -2.61717931	      2.67951810	     -5.72489218	      9.33450466	      2.76068805	    -33.28559914	     -0.06750396	    -39.62190389	     -0.06678288	    -42.32126215	    -56.77305745	     -1.70372171	      7.65541586	     -0.03819927	     -0.03684933
      2.03500000	    -41.45718914	     -3.56086213	     -4.87597791	     62.12748061	    241.08652378	     15.95609937	    -11.10855549	     -6.04356378	      5.47782783	     -3.56842105	     -0.26852254	      1.64910789	    -11.03468214	      8.68824233	      3.14736060	    -26.35180756	     -0.06580597	    -33.02565673	     -0.06551669	    -38.51161196	    -52.48278917	     -1.56077487	      7.11010557	     -0.04099813	     -0.03855085
      2.04000000	    -38.49311305	     -1.45638619	     -3.69011869	     67.89118124	    229.46510664	     16.06899631	     -8.80554002	     -2.85179847	      4.11092066	      1.46201960	      1.18086203	      0.80254726	    -15.89377123	      8.00973105	      3.42991669	    -20.14520543	     -0.06361764	    -28.29038188	     -0.06394712	    -34.64874644	    -47.75746727	     -1.47047898	      6.66005244	     -0.04434330	     -0.04075936
      2.04500000	    -35.64957742	      0.75643142	     -2.57896627	     71.39922419	    213.03828322	     16.31580483	     -6.72569337	      0.15048432	      2.83026024	      5.73497984	      2.33014681	      0.14623232	    -20.26381794	      7.30152956	      3.60359444	    -14.61575561	     -0.06098173	    -23.86073173	     -0.06207638	    -30.91587870	    -43.21824068	     -1.06736528	      6.20490495	     -0.04815657	     -0.04340476
      2.05000000	    -32.69833202	      1.26639269	     -1.98216086	     72.52701286	    196.39067000	     16.85636299	     -4.56283134	      1.92460434	      2.01547637	      9.63786742	      3.53697852	     -0.49223837	    -24.11616502	      6.56597509	      3.66887425	     -9.62056174	     -0.05807041	    -20.13269497	     -0.05988811	    -26.74407495	    -38.52531226	     -1.05354294	      5.98301774	     -0.05231955	     -0.04639994
      2.05500000	    -29.53044991	      3.49156112	     -1.06089688	     71.63818608	    174.99563140	     16.07089321	     -2.80544558	      3.59943410	      1.24738128	     13.06796011	      3.06629580	     -0.65364897	    -27.43244338	      5.80608434	      3.63102590	     -5.32949096	     -0.05494253	    -17.12389603	     -0.05736694	    -22.85113806	    -33.88971034	     -0.75087443	      5.39457142	     -0.05668846	     -0.04963696
      2.06000000	    -26.12740906	      6.33503368	     -0.16706196	     68.81272797	    150.10365698	     14.99976461	     -1.53006191	      5.30173298	      0.50193396	     16.29886303	      2.07664923	     -0.69326188	    -30.20497337	      5.02635291	      3.49930950	     -1.56949593	     -0.05161751	    -14.73702537	     -0.05449990	    -19.21930384	    -29.34437353	     -0.20054561	      4.69932029	     -0.06110904	     -0.05299045
      2.06500000	    -22.43810152	      7.11861197	      0.28200131	     64.59996107	    126.58771448	     15.50799530	      0.04060233	      5.83826861	      0.11955916	     19.15916040	      1.63688021	     -0.84316887	    -32.43689509	      4.23332220	      3.28590786	      1.44569300	     -0.04811163	    -12.65729458	     -0.05126962	    -15.53676661	    -24.80347483	     -0.03217561	      4.05227097	     -0.06541518	     -0.05632284
      2.07000000	    -19.46164230	      8.00070926	      0.60275339	     58.20252564	    102.47473230	     16.21021239	      0.81150711	      6.33515307	     -0.16382815	     21.48184710	      1.19899971	     -0.96237174	    -34.14194983	      3.43584285	      3.00471534	      4.34412982	     -0.04443889	    -10.79685174	     -0.04730142	    -12.39190832	    -20.35377373	      0.25557756	      3.36065873	     -0.06943566	     -0.05950986
      2.07500000	    -16.55055076	      9.34832656	      1.08360970	     49.78060836	     75.01098008	     16.66985552	      1.68753063	      7.01992521	     -0.58921745	     22.78451577	      0.57650142	     -0.99682951	    -35.34384319	      2.64501349	      2.67013283	      6.29959092	     -0.04059352	     -9.04007365	     -0.04297354	     -9.47307274	    -16.12638373	      0.72659450	      2.73651857	     -0.07300398	     -0.06237926
      2.08000000	    -14.23999861	      9.52498320	      1.32341073	     39.97076853	     48.48938002	     17.67158306	      2.15043279	      6.88243644	     -0.66359899	     23.53380018	      0.25396450	     -1.07492607	    -36.07515392	      1.87380456	      2.29601819	      7.92052779	     -0.03637708	     -7.43004069	     -0.03840995	     -6.95123811	    -12.07599375	      0.77476382	      2.32680522	     -0.07598156	     -0.06479039
      2.08500000	    -12.69803588	      9.64789975	      1.59123439	     28.58502682	     23.21578060	     19.55291830	      2.53418819	      5.96509138	     -0.60226994	     23.21592277	     -0.56398929	     -0.98892482	    -36.37580403	      1.13640138	      1.89492210	      8.73462818	     -0.03209684	     -5.64902073	     -0.03373862	     -4.68643094	     -8.12064237	      0.65679864	      1.56729814	     -0.07819944	     -0.06661569
      2.09000000	    -10.27048175	     10.32053925	      2.28759347	     17.82721181	     -4.59309073	     21.62688661	      3.97295927	      5.44316321	     -0.85536209	     21.93989105	     -1.43315604	     -0.84226048	    -36.29116173	      0.44731837	      1.47769717	      8.34137306	     -0.02786626	     -3.69795604	     -0.02908651	     -3.04670829	     -4.62159275	      0.71006790	      0.86656985	     -0.07954256	     -0.06774692
      2.09500000	     -4.38239592	      9.63427333	      3.57004855	     10.01120012	    -35.23203632	     24.21807112	      8.28290133	      4.42548922	     -1.14326787	     20.52542432	     -2.21810765	     -0.72470438	    -35.86989783	     -0.17966059	      1.05350121	      5.62065026	     -0.02379215	     -2.29975357	     -0.02457433	     -1.03972199	     -1.67283023	      0.48883053	      0.30929423	     -0.07992791	     -0.06810055
      2.10000000	     -1.63005159	      8.85421699	      4.12636970	     -0.25463937	    -69.40534968	     26.33778830	      9.54318475	      4.01440683	     -1.24665533	     18.66650663	     -2.02400112	     -0.73684940	    -35.16175671	     -0.73265185	      0.63014524	      4.71343959	     -0.01997029	     -1.03989541	     -0.02031153	     -0.27203775	      0.24648677	      0.47950400	      0.13939639	     -0.07930915	     -0.06762190
      2.10500000	      5.34837002	      6.61172885	      5.03463162	     -6.24538352	   -107.36837504	     29.23905834	     13.22218785	      4.00206589	     -1.49914388	     17.93024585	     -0.90522485	     -0.93491446	    -34.21542745	     -1.20286174	      0.21467482	      2.08293822	     -0.01648150	     -0.63766736	     -0.01641928	      0.85159968	      1.14778416	      0.90369456	      0.36831719	     -0.07767887	     -0.06628975
      2.11000000	      7.47899910	      4.96856154	      4.83812893	    -15.50337572	   -144.44590749	     30.95151407	     12.64408218	      4.64613968	     -1.53115481	     16.73516630	      0.73704648	     -1.04239744	    -33.07668957	     -1.58568369	     -0.18598014	      2.35255496	     -0.01338860	     -0.33878399	     -0.01299077	      0.71820725	      1.21640448	      1.32230712	      0.42446187	     -0.07506858	     -0.06411422
      2.11500000	      7.35189733	      2.79189398	      4.55818817	    -26.00429671	   -174.59518969	     32.28326559	     11.52980805	      4.72093228	     -1.45045188	     14.33297601	      2.51969484	     -1.25728733	    -31.78698220	     -1.88157455	     -0.56447011	      2.68761617	     -0.01073447	      0.59436293	     -0.00999243	      0.65540815	      0.99786484	      1.30950955	      0.59733147	     -0.07154599	     -0.06113166
      2.12000000	      7.25606701	      1.60404306	      4.20575829	    -35.14335001	   -195.64314053	     33.12399275	     10.43167530	      4.26378521	     -1.25681609	     12.36456596	      3.03433856	     -1.12564049	    -30.38252857	     -2.09655551	     -0.91274640	      2.82454532	     -0.00854128	      1.15716357	     -0.00745318	      0.55082664	      0.96672937	      1.31495232	      0.43547750	     -0.06720992	     -0.05741355
      2.12500000	      6.59529903	      0.98860354	      3.82259260	    -43.53218245	   -208.63371707	     32.60605977	      9.28779717	      4.23726739	     -1.19678125	     10.34125234	      3.46128097	     -0.99340110	    -28.89410376	     -2.24218090	     -1.22210750	      3.16797231	     -0.00682176	      1.67406131	     -0.00538672	      0.42350753	      0.84911031	      1.35183551	      0.42080109	     -0.06218430	     -0.05305611
      2.13000000	      5.04108277	     -0.21651942	      3.30025240	    -51.32176392	   -212.77421075	     32.22241222	      7.96232993	      3.93284745	     -1.09666838	      8.27641250	      4.24171015	     -0.97003383	    -27.34743441	     -2.33487514	     -1.48357841	      3.59373417	     -0.00553733	      2.33946772	     -0.00379008	      0.28933566	      0.67281292	      1.28697234	      0.48244775	     -0.05660568	     -0.04817420
      2.13500000	      4.45455062	     -1.82695938	      2.82483518	    -57.25340544	   -212.04334071	     31.82212578	      7.26415307	      3.47661872	     -0.95235591	      6.86507840	      5.10611274	     -0.94168289	    -25.76411315	     -2.39463363	     -1.68857100	      3.48910550	     -0.00465734	      2.60345676	     -0.00264313	      0.20036522	      0.51915850	      1.33142357	      0.77338889	     -0.05062036	     -0.04289421
      2.14000000	      2.78591029	     -1.93975773	      2.63004978	    -62.66745383	   -202.21074111	     30.07267333	      6.70857672	      3.15140277	     -0.84923717	      4.76953563	      4.82715718	     -0.75649657	    -24.16283623	     -2.44318411	     -1.82972023	      3.33155403	     -0.00414305	      3.20335337	     -0.00190936	      0.13328251	      0.36266515	      1.37232431	      0.59554602	     -0.04437458	     -0.03734679
      2.14500000	      1.12383968	     -2.24665119	      1.92834324	    -67.09836642	   -187.82818144	     27.40634036	      5.50115529	      2.77528668	     -0.77366413	      3.74583966	      4.64908478	     -0.55230678	    -22.56072584	     -2.50181128	     -1.90176992	      3.58799453	     -0.00394393	      3.12936993	     -0.00153782	     -0.02242334	      0.28392889	      1.29681305	      0.73451791	     -0.03800775	     -0.03166034
      2.15000000	     -1.09675347	     -2.13890003	      1.67641325	    -70.80985807	   -167.25760267	     24.71023822	      4.92647655	      2.21893331	     -0.63919485	      1.97771537	      3.91186100	     -0.34099036	    -20.97449479	     -2.58913347	     -1.90238857	      3.32417445	     -0.00400035	      3.56358818	     -0.00146629	     -0.09262822	      0.16469778	      1.25828501	      0.47414317	     -0.03164814	     -0.02595600
      2.15500000	     -1.93488099	     -2.01479226	      1.24077367	    -72.86870171	   -147.77462735	     20.85689344	      4.46658192	      2.50499191	     -0.69873092	      1.45732388	      3.74209295	     -0.19753603	    -19.42126930	     -2.71914481	     -1.83280927	      3.10427821	     -0.00424700	      3.20790126	     -0.00162511	     -0.25277521	      0.06929765	      1.46097356	      0.81023207	     -0.02541082	     -0.02034477
      2.16000000	     -4.28257523	     -1.98507073	      0.95451268	    -75.04304402	   -123.09456850	     16.95551901	      3.92820279	      1.99846337	     -0.58188977	      0.03944321	      2.91651582	     -0.03951586	    -17.91896042	     -2.89979649	     -1.69819952	      2.78073133	     -0.00461674	      3.39975979	     -0.00194142	     -0.31910079	     -0.09768617	      1.37979616	      0.75087869	     -0.01939746	     -0.01492677
      2.16500000	     -5.92137196	     -1.37485642	      0.61787927	    -75.79289021	    -98.04300960	     12.21401043	      3.49931895	      1.39227300	     -0.43686039	     -0.70454869	      1.34431468	      0.29065446	    -16.48611879	     -3.13231053	     -1.50767969	      2.32022697	     -0.00504440	      3.07444224	     -0.00234321	     -0.37081561	     -0.11755326	      1.28442887	      0.61882697	     -0.01369764	     -0.00979221
      2.17000000	     -7.79910424	     -0.63617450	      0.31773440	    -75.96070855	    -73.35318657	      7.20364163	      2.95965666	      1.34139168	     -0.41971952	     -1.44943383	      0.18564528	      0.49270153	    -15.14125710	     -3.41130878	     -1.27393445	      2.02698814	     -0.00547021	      2.87273333	     -0.00276312	     -0.50032069	     -0.17678600	      1.31412468	      0.56465700	     -0.00839102	     -0.00502345
      2.17500000	     -9.37337383	     -0.48780718	      0.12813682	    -75.21482192	    -51.30209265	      2.23611578	      2.77784575	      1.05003819	     -0.32782355	     -2.23395619	     -0.85447339	      0.63376170	    -13.90171468	     -3.72571573	     -1.01241833	      1.44104904	     -0.00584251	      2.65821030	     -0.00314149	     -0.53754462	     -0.31185167	      1.29097881	      0.67813282	     -0.00354967	     -0.00069704
      2.18000000	    -10.38786422	      0.37180767	     -0.03282988	    -73.04108770	    -30.50055326	     -2.74381665	      2.63511637	      1.19109369	     -0.32786292	     -2.51436248	     -2.06234922	      0.83201465	    -12.78222507	     -4.06028711	     -0.74022360	      0.87856671	     -0.00611966	      2.25878229	     -0.00342888	     -0.63652594	     -0.27596530	      1.42210837	      0.60334185	      0.00075987	      0.00311491
      2.18500000	    -11.54127580	      1.50126986	     -0.17606543	    -70.27612238	    -13.13553305	     -8.47409423	      2.46028278	      1.23652360	     -0.29830940	     -2.97347235	     -3.71069008	      1.09683881	    -11.79340741	     -4.39754293	     -0.47474155	      0.38705487	     -0.00627116	      1.80199405	     -0.00358778	     -0.67503761	     -0.29709707	      1.44167637	      0.57483793	      0.00447541	      0.00634450
      2.19000000	    -13.56682017	      1.71672152	     -0.30679549	    -67.36446593	      2.32962081	    -12.55403766	      2.06821414	      0.86258360	     -0.16552468	     -3.94342327	     -4.76843113	      1.18199756	    -10.94045795	     -4.71985053	     -0.23230890	     -0.08920929	     -0.00627970	      1.90502148	     -0.00359364	     -0.73299289	     -0.37755902	      1.38384970	      0.41940317	      0.00753884	      0.00892927
      2.19500000	    -14.45908333	      1.87953117	     -0.53318132	    -62.75607323	     13.70435776	    -16.75589197	      1.88421324	      0.57627201	     -0.03396516	     -4.16931612	     -5.79912105	      1.33026029	    -10.22231575	     -5.01141798	     -0.02704975	     -0.56931980	     -0.00614090	      1.53031530	     -0.00343535	     -0.68716177	     -0.34643355	      1.26110205	      0.42346747	      0.00989693	      0.01081435
      2.20000000	    -15.35472789	      2.45614471	     -0.63655036	    -57.72926221	     19.57757878	    -20.62915239	      1.66154816	      0.89669533	     -0.04038745	     -4.63446107	     -6.51151503	      1.39525934	     -9.63147569	     -5.26000871	      0.12994488	     -0.93293765	     -0.00585221	      1.35936400	     -0.00311496	     -0.75513954	     -0.37838686	      1.38007776	      0.48591233	      0.01150432	      0.01195524
      2.20500000	    -16.37642981	      2.96022132	     -0.87590062	    -52.13500636	     23.02936436	    -23.92497059	      1.16144561	      0.96036879	      0.01719972	     -4.99711625	     -7.28774893	      1.49827786	     -9.15450776	     -5.45824225	      0.23105877	     -1.06556064	     -0.00542535	      1.19273854	     -0.00264694	     -0.78974263	     -0.34579908	      1.34113178	      0.43951289	      0.01232458	      0.01232060
      2.21000000	    -16.99264548	      3.23505691	     -0.89485653	    -45.81075847	     22.75898671	    -26.01710184	      1.07536791	      0.98072178	      0.10770479	     -5.57485573	     -7.83950231	      1.54847648	     -8.77326623	     -5.60438337	      0.27224238	     -1.46079487	     -0.00488077	      1.28842151	     -0.00205691	     -0.76001366	     -0.32542234	      1.35800325	      0.30275440	      0.01233309	      0.01189466
      2.21500000	    -16.85853722	      3.55536551	     -1.06448556	    -38.95262179	     16.65935155	    -27.73889769	      0.87349107	      1.30932089	      0.07811820	     -5.65980106	     -7.99823401	      1.57134812	     -8.46668337	     -5.70254998	      0.25283164	     -1.82535051	     -0.00424612	      1.14575202	     -0.00137999	     -0.66954305	     -0.25915681	      1.27222729	      0.34846036	      0.01151928	      0.01067882
      2.22000000	    -17.44845561	      3.39267746	     -1.29032461	    -32.11888827	     11.63182142	    -28.44863459	      0.29687731	      1.14975286	      0.25567910	     -5.97056041	     -8.21165925	      1.60343623	     -8.21294111	     -5.76229278	      0.17519321	     -1.52330671	     -0.00355437	      1.22217133	     -0.00065879	     -0.73244131	     -0.20583129	      1.27580471	      0.26091022	      0.00988823	      0.00869244
      2.22500000	    -16.48179735	      3.36595978	     -1.33341579	    -24.55776234	      0.94055591	    -28.30424654	      0.41036789	      1.62846138	      0.18588927	     -5.90916866	     -7.77408114	      1.52914799	     -7.99174743	     -5.79752245	      0.04427661	     -1.87388535	     -0.00284192	      1.30048370	      0.00005865	     -0.52323987	     -0.10492452	      1.20791089	      0.24018656	      0.00746156	      0.00597277
      2.23000000	    -16.28061939	      2.97890696	     -1.32219258	    -17.73467978	    -11.30126044	    -27.56894018	      0.12704582	      1.96339778	      0.25074198	     -6.32484079	     -7.25431728	      1.39764915	     -7.78639445	     -5.82480829	     -0.13288285	     -1.53136704	     -0.00214678	      1.61924493	      0.00072105	     -0.66671802	     -0.17035977	      1.42620675	      0.34903614	      0.00427729	      0.00257416
      2.23500000	    -15.18100499	      2.20655090	     -1.59656771	    -10.63909601	    -24.78720700	    -25.95760843	     -0.28991445	      2.01541617	      0.32115486	     -5.85476767	     -6.52168762	      1.29561770	     -7.58524676	     -5.86115220	     -0.34768122	     -1.20495623	     -0.00150702	      1.59526464	      0.00127580	     -0.63253708	     -0.07056902	      1.34096397	      0.44170350	      0.00038912	     -0.00143331
      2.24000000	    -14.12382124	      1.67880172	     -1.47722187	     -4.18208007	    -38.83025364	    -23.63507626	     -0.15634073	      1.97078492	      0.38216344	     -6.13998354	     -6.01177084	      1.16946697	     -7.38236771	     -5.92142722	     -0.59044889	     -1.37613417	     -0.00095951	      2.20931109	      0.00167071	     -0.40540376	     -0.06670061	      1.07522466	      0.20740797	     -0.00413508	     -0.00596542
      2.24500000	    -11.18845012	      0.39670358	     -1.60229347	      3.35718048	    -53.34879057	    -20.67511517	      0.08892292	      2.18066973	      0.40255670	     -4.80298819	     -4.80617940	      1.00121543	     -7.17714037	     -6.01574759	     -0.85090617	     -1.17004474	     -0.00053919	      1.94367575	      0.00185529	     -0.30486765	      0.09969979	      1.15586406	      0.40711332	     -0.00921507	     -0.01092558
      2.25000000	     -9.43012867	     -0.55019994	     -1.59128515	      9.25508225	    -66.48456966	    -17.53900981	     -0.00376202	      2.35893096	      0.42940746	     -4.26157423	     -3.85207729	      0.79076373	     -6.97291790	     -6.14710593	     -1.11855573	     -0.60455730	     -0.00027857	      2.24894591	      0.00178180	     -0.35885822	      0.10081334	      1.29741832	      0.42812544	     -0.01476012	     -0.01620650
      2.25500000	     -6.61414842	     -1.39166671	     -1.55486145	     15.47581567	    -77.29964342	    -14.04057158	      0.27679740	      2.47764529	      0.41973149	     -3.01582690	     -3.02369800	      0.63543673	     -6.77490127	     -6.30964064	     -1.38301406	     -0.27975450	     -0.00020776	      2.35536793	      0.00140579	     -0.24563241	      0.23846014	      1.27974398	      0.29283280	     -0.02067089	     -0.02169174
      2.26000000	     -3.16922309	     -2.96917960	     -1.64036048	     21.31871421	    -88.35742389	     -9.70238114	      0.57590526	      2.19139063	      0.49525930	     -1.19252030	     -1.95363239	      0.41662163	     -6.58756316	     -6.48786208	     -1.63429132	     -0.07436565	     -0.00035464	      2.19098966	      0.00068657	     -0.19078077	      0.36840284	      1.29038585	      0.36701493	     -0.02684074	     -0.02725722
      2.26500000	      0.72795429	     -5.00406703	     -1.68284855	     27.00150925	    -95.84153411	     -5.17375006	      1.24498988	      1.63702518	      0.62908475	      0.90702053	     -0.82809546	      0.14076727	     -6.41199051	     -6.65707591	     -1.86304017	      0.03659027	     -0.00074517	      1.97466838	     -0.00041453	     -0.00239582	      0.46926677	      1.16278271	      0.50539954	     -0.03315674	     -0.03277293
      2.27000000	      4.33998539	     -6.45182424	     -1.77600917	     31.93516684	    -98.47088672	     -0.88747216	      1.63873979	      1.35358022	      0.63400339	      3.25168184	      0.20668477	     -0.16856922	     -6.24351254	     -6.78510336	     -2.06080158	      0.51272247	     -0.00140365	      1.81335290	     -0.00193888	      0.10028677	      0.58387682	      1.07812560	      0.54285539	     -0.03950006	     -0.03810542
      2.27500000	      8.84848927	     -6.92608517	     -1.47914330	     36.77903318	    -98.99187659	      3.17331917	      2.80004611	      0.92881074	      0.61382512	      5.67234515	      0.32367207	     -0.31068698	     -6.06994593	     -6.83520761	     -2.22026288	      0.13310725	     -0.00235277	      1.66950436	     -0.00390822	      0.37939712	      0.72194235	      0.91817537	      0.31506137	     -0.04574626	     -0.04311928
      2.28000000	     13.18190866	     -8.16560121	     -1.33885512	     41.28581797	    -92.85094310	      7.36548502	      3.81826458	      0.26913847	      0.69376842	      8.51101549	      0.83063711	     -0.61547037	     -5.87072726	     -6.76993778	     -2.33552444	      0.35858795	     -0.00361327	      1.35065966	     -0.00634458	      0.48717087	      0.79178041	      0.86325706	      0.38022746	     -0.05176582	     -0.04768308
      2.28500000	     17.52247976	     -9.37879100	     -1.13051136	     44.86948582	    -85.08757834	     10.99815272	      4.87094238	     -0.13906673	      0.67578042	     11.35149873	      1.55300674	     -1.08448109	     -5.61709792	     -6.55545464	     -2.40236610	      0.67187941	     -0.00520327	      0.87831685	     -0.00926183	      0.45042244	      0.66081021	      1.08575179	      0.89689765	     -0.05742589	     -0.05167516
      2.29000000	     13.61117662	    -13.97921338	     -2.69004703	     38.55760718	   -204.60343362	      3.61679098	      2.41114370	     -0.41102356	      0.85031620	      1.23549122	      0.43801128	     -0.13500582	     -5.27336810	     -6.16581657	     -2.41850086	      2.16885904	     -0.00713702	     -0.76817768	     -0.01266328	     -1.04607003	    -13.72879319	      0.46708287	      1.14476377	     -0.06259383	     -0.05499147
      2.29500000	     29.60896292	    -13.91289486	     -3.78654019	     51.64106781	   -186.29685784	     14.09232206	     -1.35224839	     -1.69713825	      1.58406159	     20.35812445	      2.14020505	     -1.68562095	     -4.79914146	     -5.58667349	     -2.38379265	      1.96889315	     -0.00941035	     -8.57373047	     -0.01653876	     -3.89221973	     -8.44902253	     -0.29277574	      1.47295497	     -0.06714480	     -0.05755420
      2.30000000	     54.47602258	     -5.26810983	     -0.40204595	     71.70883769	   -217.34806133	     17.91349771	      2.82563606	      3.31502251	     -0.24594845	     35.12903162	      1.88608799	     -2.62982764	     -4.15224270	     -4.81785549	     -2.30041132	     -6.71629751	     -0.01200863	    -14.67097363	     -0.02086135	     -7.88566105	     -6.30624899	     -1.29641980	      1.62567252	     -0.07096819	     -0.05931952
      2.30500000	     74.53187911	     -7.03054892	      2.01332655	     89.60057005	   -208.54477141	     13.63312969	     17.13249543	      8.41642824	     -3.50163209	     38.58381869	      4.15485733	     -3.38788437	     -3.29197317	     -3.87446083	     -2.17289924	    -11.41578286	     -0.01493613	    -18.06850042	     -0.02558407	     -4.63989253	    -11.38858289	      0.48552855	      3.37820406	     -0.07397356	     -0.06028302
      2.31000000	     62.80546776	    -12.83826871	      1.43660071	     74.82877330	   -193.28803659	     14.75832225	     17.90955994	      5.01381408	     -2.69955804	     26.47055039	      5.61557071	     -3.31508151	     -2.18226344	     -2.78622091	     -2.00812021	    -10.30592175	     -0.01817788	    -13.09993376	     -0.03063695	     -4.27931146	    -17.41598285	      0.18087938	      4.39020266	     -0.07610276	     -0.06048143
      2.31500000	     47.84819155	    -13.72490377	      1.22685776	     55.22909516	   -189.07236745	     16.18373578	     14.16995696	      2.07911015	     -1.57635523	     14.36961325	      6.00914763	     -3.04051237	     -0.79431545	     -1.59512628	     -1.81505910	    -10.33542093	     -0.02171117	     -7.36580888	     -0.03592494	     -6.97453194	    -22.03804811	     -1.02202314	      5.08848683	     -0.07733302	     -0.05999019
      2.32000000	     21.14968864	     -5.85074190	      3.77899765	     22.04181735	   -175.64323695	     10.07633310	     10.34892714	      3.65344339	     -1.84649552	     -9.23314308	      4.31715308	     -1.67526945	      0.89158916	     -0.35152155	     -1.60444745	    -10.78613162	     -0.02550540	      4.99911878	     -0.04132710	    -10.09899939	    -27.20378595	     -1.12498091	      5.28212829	     -0.07767791	     -0.05891742
      2.32500000	    -22.38948987	    -12.21239933	      0.25306217	    -28.25147866	   -143.51354588	     15.73415080	     -3.81002514	     -3.96414602	      1.99700109	    -35.64872148	      8.00231491	     -1.27862729	      2.88530364	      0.89091713	     -1.38820075	     -4.99632121	     -0.02952234	     18.96511320	     -0.04669752	    -13.94141398	    -32.63059002	     -3.02348821	      6.28214155	     -0.07718462	     -0.05739520
      2.33000000	    -41.20709194	    -11.34598796	     -2.36077956	    -53.15048419	   -102.50517071	     12.08016203	    -15.54039075	     -5.01445909	      3.52495283	    -41.52008993	      9.25373110	     -1.59380258	      5.18707619	      2.08076125	     -1.17866707	      1.31882424	     -0.03371687	     20.54207153	     -0.05172292	    -17.06595189	    -35.69241264	     -3.29968468	      7.08254724	     -0.07592908	     -0.05558112
      2.33500000	    -27.85375980	      0.68214929	     -0.28537820	    -45.59383804	    -81.11224400	     -4.62404713	    -16.09713254	      3.21916456	      0.59103555	    -31.20907899	      5.79529427	     -1.69057343	      7.78872072	      3.17432645	     -0.98770474	      1.12204271	     -0.03803830	     10.62232569	     -0.05633533	    -19.34750001	    -37.90139784	     -1.78381517	      7.24028706	     -0.07401034	     -0.05362028
      2.34000000	     -9.50993289	     10.95939188	      2.40544455	    -33.39222377	    -88.67838786	    -23.00282117	    -13.67797308	      3.47537242	     -0.02300374	    -21.39076585	     -5.86798626	      0.37391352	     10.67546133	      4.14042869	     -0.82562524	     -4.30292400	     -0.04243197	     -3.02445593	     -0.06045878	    -21.58200782	    -41.93630218	     -2.00603395	      6.51292681	     -0.07154518	     -0.05165102
      2.34500000	      9.68621940	     15.26945679	      4.27819067	    -20.10456789	   -110.15341110	    -35.73891238	     -9.91563198	     -1.26930204	      1.13740529	    -12.78840021	    -17.50908479	      2.82527951	     13.82817907	      4.96379132	     -0.70005405	    -13.46560802	     -0.04684118	    -17.52053585	     -0.06399565	    -24.26500023	    -46.75043115	     -3.44974348	      5.85666470	     -0.06866283	     -0.04979698
      2.35000000	     26.18623022	     15.22905369	      5.81252832	    -10.22059642	   -144.42911200	    -41.92370570	     -5.47803788	     -6.16548017	      2.41195534	     -8.10416370	    -24.70723911	      4.55660612	     17.22580196	      5.64662507	     -0.61478417	    -26.16516916	     -0.05117847	    -30.18439357	     -0.06687526	    -28.16192982	    -51.67493990	     -4.76101250	      6.03940957	     -0.06550730	     -0.04815566
      2.35500000	     27.09234477	      8.55314692	      5.61348342	    -15.97818067	   -176.31631611	    -38.96642502	     -3.90590012	    -14.52592739	      5.53130413	    -14.61333578	    -27.72324127	      6.06319888	     20.84757321	      6.20811560	     -0.56874854	    -39.70462260	     -0.05536967	    -36.12907818	     -0.06905775	    -33.14792272	    -57.33229124	     -6.71164294	      6.45422824	     -0.06221031	     -0.04679277
      2.36000000	     20.26129945	     -1.58373917	      4.71406147	    -29.39857287	   -197.79221163	    -30.66952465	     -2.47975441	    -19.92085180	      7.73607092	    -27.34288028	    -23.90040735	      6.02618854	     24.67488711	      6.68182544	     -0.55531819	    -53.70506056	     -0.05933154	    -37.52405995	     -0.07053558	    -38.11279827	    -62.94796313	     -7.81315414	      7.73516015	     -0.05890021	     -0.04573991
      2.36500000	      6.30679603	     -7.80342839	      2.74822760	    -48.45841263	   -203.29195913	    -26.12036787	     -7.39969536	    -22.41498403	      9.48429087	    -39.56786070	    -19.54824733	      5.86695299	     28.69240254	      7.11131024	     -0.56216246	    -62.87064342	     -0.06297742	    -39.17842109	     -0.07131604	    -43.74599719	    -67.65423981	     -8.06766880	      8.73619024	     -0.05569306	     -0.04500427
      2.37000000	    -11.50278417	    -12.88915997	     -1.53344840	    -69.64954146	   -200.50485443	    -21.70049961	    -19.78547920	    -25.49478195	     12.25777417	    -47.29904421	    -15.43637437	      5.47782973	     32.88829074	      7.54450875	     -0.57181964	    -68.00388174	     -0.06622496	    -43.27151679	     -0.07129159	    -49.95396364	    -71.59428423	     -8.10542271	      9.66938791	     -0.05268508	     -0.04455485
      2.37500000	    -20.90314594	    -16.00476416	     -5.37078728	    -79.48923081	   -188.98081833	    -19.47259901	    -30.67212605	    -28.16046032	     14.83356039	    -48.24091295	    -13.33760860	      5.27759345	     37.25362540	      8.02763666	     -0.56299520	    -73.79460272	     -0.06899969	    -51.49788448	     -0.07044470	    -55.39927455	    -74.20748032	     -8.14576783	     10.38893371	     -0.04994875	     -0.04434135
      2.38000000	    -20.91180928	    -17.91138324	     -7.69720611	    -76.56195147	   -170.52885808	    -15.82037941	    -36.51857371	    -28.79677182	     16.06874632	    -45.21372404	    -11.03154500	      4.77397517	     41.78102778	      8.59936099	     -0.51248005	    -82.78661017	     -0.07123855	    -61.15635377	     -0.06881116	    -59.99143554	    -75.96254728	     -7.54669854	     10.75955531	     -0.04753181	     -0.04430865
      2.38500000	    -15.57695421	    -21.55017292	    -10.31923165	    -64.80795245	   -146.33594541	     -8.91867033	    -40.77837544	    -30.72894239	     17.76166067	    -38.33379984	     -8.84187852	      3.95896737	     46.46280002	      9.28596592	     -0.39742423	    -92.70438723	     -0.07289100	    -72.71959861	     -0.06646710	    -64.12589710	    -77.14000196	     -6.89378737	     11.22795335	     -0.04545964	     -0.04440335
      2.39000000	     -0.80920369	    -23.26783949	    -10.96428197	    -39.82821344	   -113.24444018	     -4.04514981	    -39.38847929	    -29.89003970	     17.73971851	    -28.02111566	     -6.83081436	      2.90338575	     51.28879304	     10.09807770	     -0.19761274	   -104.76671911	     -0.07395577	    -85.88010212	     -0.06352762	    -66.60473182	    -77.76328229	     -6.19145221	     11.38369911	     -0.04374854	     -0.04458260
      2.39500000	     18.50502367	    -21.60527507	     -9.72542608	     -7.30946852	    -82.72594325	     -1.67957501	    -35.23015486	    -26.33043246	     15.95365607	    -16.90296832	     -5.62939291	      2.01612999	     56.24407007	     11.02932348	      0.10251352	   -117.98094099	     -0.07453162	    -99.92877782	     -0.06012777	    -68.89590480	    -78.45973044	     -4.39125576	     11.48881890	     -0.04237906	     -0.04482275
      2.40000000	     38.72293248	    -20.25864822	     -7.92905602	     27.22585861	    -53.80991390	      0.54337913	    -29.17116885	    -20.77819279	     12.86915002	     -7.08208236	     -2.40278314	      0.27075371	     61.30632251	     12.05704985	      0.51223278	   -131.96791152	     -0.07463050	   -113.44260270	     -0.05653867	    -70.13550986	    -79.33302881	     -2.40818277	     12.20530199	     -0.04133554	     -0.04512289
      2.40500000	     51.59270110	    -15.10474671	     -5.28781945	     54.65777595	    -18.60632846	     -1.45730441	    -24.84516699	    -12.19066210	      8.07454564	     -2.33720071	      1.39207351	     -1.33288420	     66.44318453	     13.14492282	      1.03344292	   -143.52388591	     -0.07427087	   -123.55921118	     -0.05306713	    -71.07113867	    -80.34457852	     -0.15064400	     12.67766943	     -0.04059984	     -0.04548447
      2.41000000	     58.84238792	     -6.44914849	     -2.08727743	     73.56657825	      6.88677244	     -7.11808046	    -22.97891096	     -2.04374240	      2.20129949	     -1.25975337	      4.94505744	     -2.58429125	     71.60986706	     14.24695438	      1.66018643	   -155.33913913	     -0.07347681	   -131.74415069	     -0.04985881	    -71.22058298	    -81.44326785	      2.35014320	     13.45330971	     -0.04015488	     -0.04593428
      2.41500000	     58.78478071	      3.22318843	     -0.08789305	     82.07660639	     19.91398691	    -13.62773233	    -26.91110164	      4.70914782	     -1.77489747	     -1.96058471	      5.71800799	     -2.44535880	     76.74768777	     15.31235082	      2.37882458	   -166.08874932	     -0.07227767	   -139.87929022	     -0.04703053	    -71.06071076	    -82.57070350	      4.19383337	     13.82109163	     -0.03998657	     -0.04650855
      2.42000000	     49.24775632	      6.16827382	     -1.63338819	     78.47344624	     30.00563204	    -14.48128325	    -36.44122497	      3.51906642	     -0.90935776	     -5.41302122	      4.96811026	     -1.32681238	     81.78410492	     16.29054821	      3.16885305	   -173.73926160	     -0.07070855	   -147.85582920	     -0.04466475	    -70.71404261	    -83.79330294	      4.60867577	     14.39574932	     -0.04008365	     -0.04724562
      2.42500000	     33.65902304	      1.17591948	     -5.16902683	     68.41548347	     46.43505184	     -7.79593906	    -46.17376825	     -5.75723732	      4.90541842	    -13.29822916	      1.64774384	      1.58231059	     86.63467549	     17.13588127	      4.00429028	   -178.80710361	     -0.06881133	   -154.88018807	     -0.04280702	    -70.73821754	    -85.11749345	      4.35960168	     14.54142994	     -0.04043629	     -0.04817841
      2.43000000	     21.17089141	    -11.11654312	     -8.28926650	     62.40602956	     64.68598537	      3.11224174	    -48.61571344	    -19.51420918	     13.29895229	    -25.10546708	     -3.16927537	      5.77845082	     91.20688973	     17.81154011	      4.85545187	   -184.72693300	     -0.06666879	   -162.14647218	     -0.04146641	    -70.55514652	    -86.58617225	      3.32395105	     14.67961600	     -0.04103514	     -0.04932756
      2.43500000	     12.58426113	    -23.18605597	     -8.76179040	     57.84660176	     69.79691627	      9.99393372	    -43.99560698	    -30.89226510	     19.98384636	    -41.25085733	     -8.37092618	     10.83204771	     95.40532159	     18.29268518	      5.69088720	   -192.76979788	     -0.06426620	   -170.42022668	     -0.04061897	    -70.18035617	    -87.47802862	      2.53109132	     14.66918039	     -0.04186379	     -0.05069597
      2.44000000	      2.42577119	    -33.16048434	     -7.23993987	     46.51503159	     50.15000877	     10.68420391	    -35.97568205	    -37.21003948	     23.37132244	    -63.90243268	    -11.54751042	     15.77411403	     99.13725792	     18.56865179	      6.47931623	   -202.27714493	     -0.06166160	   -178.72583360	     -0.04022705	    -69.60721362	    -88.62016254	      2.38125003	     14.86276757	     -0.04290019	     -0.05226605
      2.44500000	    -11.75439952	    -41.59056300	     -5.15538281	     25.74927083	     15.11564081	      8.68632560	    -28.23422509	    -39.03864724	     23.92756148	    -90.67187671	    -11.32290917	     19.52713594	    102.31794500	     18.64413125	      7.19146748	   -211.38940486	     -0.05895108	   -185.73047108	     -0.04018361	    -69.38361368	    -89.31995813	      2.71178342	     14.91903654	     -0.04411495	     -0.05399689
      2.45000000	    -25.12816700	    -47.96906090	     -3.58988818	      5.95416264	     -1.67893774	      8.15255226	    -22.76541421	    -37.74880486	     22.55198106	   -112.45152700	     -7.67618763	     20.55875006	    104.87473559	     18.53919325	      7.80176297	   -219.00753117	     -0.05623745	   -187.72037576	     -0.04040742	    -69.19793376	    -90.28329571	      3.32372069	     15.28833132	     -0.04546954	     -0.05582735
      2.45500000	    -22.18314365	    -48.94756905	     -2.29822239	      8.11158332	      3.70091875	      6.03518299	    -20.60058627	    -35.13545145	     20.42234377	   -113.44318130	     -5.27510654	     19.09284343	    106.74971807	     18.28801416	      8.28981996	   -225.37911014	     -0.05362534	   -191.88224742	     -0.04082905	    -69.10549231	    -90.72285629	      3.96342380	     16.17307142	     -0.04691638	     -0.05767947
      2.46000000	     -4.85053242	    -43.21433709	     -1.20392369	     29.50402777	     22.74672023	      0.22508671	    -22.87191580	    -32.79063480	     18.63301278	    -94.96366851	     -7.03268794	     17.11277183	    107.90078977	     17.93620802	      8.64170559	   -230.00192250	     -0.05121555	   -199.97807575	     -0.04138411	    -69.13606285	    -90.68945409	      4.46016845	     16.63911084	     -0.04839999	     -0.05946383
      2.46500000	     12.35562610	    -36.10844700	     -0.74448422	     48.96197500	     43.60112105	     -5.32417002	    -27.77572159	    -31.07116895	     17.33608207	    -72.98583482	     -9.41990589	     14.84818331	    108.30146296	     17.53680024	      8.85082010	   -233.57773737	     -0.04909930	   -206.56599804	     -0.04201898	    -69.29710962	    -90.30287415	      4.83914982	     16.86631218	     -0.04985909	     -0.06108683
      2.47000000	     20.99482918	    -30.70533817	     -0.74101223	     54.27650253	     54.90652186	    -10.52919028	    -32.86176015	    -30.06912816	     16.50694885	    -58.62423061	    -10.99015271	     13.06069406	    107.93989188	     17.14512284	      8.91826581	   -236.74140108	     -0.04735300	   -209.16117464	     -0.04269406	    -69.36545385	    -90.14667431	      5.11528663	     17.25975725	     -0.05122919	     -0.06245832
      2.47500000	     21.08207748	    -26.37599143	     -0.47766156	     45.93958056	     59.27964257	    -17.12833502	    -36.35299282	    -28.94115854	     15.54957215	    -53.59413689	    -12.05423267	     12.32137546	    106.81767995	     16.81313903	      8.85259334	   -238.91011364	     -0.04603404	   -207.95190911	     -0.04338441	    -69.07576161	    -89.90105017	      4.89499036	     17.08105052	     -0.05244538	     -0.06349801
      2.48000000	     17.88038675	    -21.86830013	      0.28683241	     31.25489421	     49.03118633	    -27.33083424	    -38.36124907	    -26.91328542	     13.86540891	    -53.52045158	    -13.20842515	     12.28105959	    104.94895156	     16.58386145	      8.66888228	   -239.98019034	     -0.04517800	   -206.75369473	     -0.04407823	    -68.99201742	    -89.68030556	      5.07094346	     17.39499411	     -0.05344508	     -0.06414026
      2.48500000	     12.55326782	    -15.80156306	      1.69226520	     13.41168698	     34.98387859	    -39.46879596	    -39.42896462	    -24.63806816	     11.97126878	    -56.08398409	    -15.79281106	     13.53467803	    102.35995106	     16.48659350	      8.38719810	   -239.48660830	     -0.04479760	   -204.85415330	     -0.04477388	    -68.98857355	    -89.11865330	      5.36883390	     16.88274711	     -0.05417052	     -0.06433712
      2.49000000	      8.20714187	     -9.48844999	      3.06845477	     -1.92738345	     23.68120273	    -52.19927982	    -39.63117713	    -22.81341147	     10.39151043	    -57.74803564	    -19.39383964	     15.26604565	     99.08913975	     16.53365803	      8.03055846	   -236.91403751	     -0.04488326	   -202.98761080	     -0.04547628	    -68.99285198	    -88.43269435	      5.60139244	     16.37717099	     -0.05457095	     -0.06406002
      2.49500000	      6.63874958	     -4.84800604	      4.14823507	    -10.75770882	     24.41251543	    -60.12616134	    -38.08167913	    -22.55315064	      9.88451137	    -56.99598307	    -23.36077182	     16.91314914	     95.18752667	     16.71905394	      7.62261941	   -233.11220423	     -0.04540542	   -199.58499556	     -0.04619364	    -69.20832171	    -87.39531821	      5.65148882	     15.55624164	     -0.05460485	     -0.06330053
      2.50000000	      6.13861923	     -2.43849885	      4.33764235	    -14.40429583	     34.76472252	    -63.03267881	    -36.02794542	    -23.48963512	     10.20024492	    -54.35137959	    -26.49604736	     17.80954126	     90.71885615	     17.01914532	      7.18535042	   -227.50220025	     -0.04631809	   -194.45789676	     -0.04693489	    -69.82392923	    -86.61653975	      5.70475928	     15.06576959	     -0.05424217	     -0.06207047
      2.50500000	      6.35054634	     -2.33831943	      3.47426554	    -14.03437828	     52.89988449	    -60.41039919	    -34.05661256	    -25.74865709	     11.42092607	    -49.69197724	    -28.71429380	     17.95700519	     85.75925418	     17.39516807	      6.73700747	   -220.30953519	     -0.04756318	   -188.18035657	     -0.04770824	    -70.49606528	    -85.72135571	      5.58111437	     14.57327199	     -0.05346658	     -0.06040146
      2.51000000	      4.78285630	     -4.69320053	      1.32629656	    -12.48557519	     74.14855930	    -53.96669575	    -32.82183687	    -29.02449878	     13.34028327	    -45.13724658	    -29.56147171	     17.41849615	     80.39598205	     17.79713447	      6.29071974	   -211.12982627	     -0.04907523	   -180.74386139	     -0.04852047	    -71.13926012	    -85.31201617	      4.99497710	     14.31271115	     -0.05227783	     -0.05834372
      2.51500000	      3.25801485	     -6.75143205	     -0.71999203	     -8.84449711	     93.68750040	    -45.40424941	    -31.38039650	    -31.67788827	     14.74887290	    -40.59184603	    -29.85666462	     16.71079286	     74.72508427	     18.16863644	      5.85393620	   -201.40991262	     -0.05078573	   -172.85474125	     -0.04938477	    -71.78529375	    -84.82736517	      4.82116520	     13.80236247	     -0.05069370	     -0.05596433
      2.52000000	      0.60148278	     -9.41677074	     -3.05260333	     -4.20620521	    112.32911253	    -35.33847353	    -30.12651030	    -33.90072072	     15.82896444	    -36.76085561	    -29.05700853	     15.62174799	     68.84790233	     18.45208313	      5.42881449	   -190.50404929	     -0.05262667	   -164.39983525	     -0.05034948	    -72.60139110	    -84.39944468	      4.74406935	     13.51828932	     -0.04875149	     -0.05334448
      2.52500000	     -3.68831702	    -12.99648932	     -5.81159060	     -0.46457195	    128.23618812	    -24.50140490	    -29.25722347	    -35.88185796	     16.75783082	    -34.08285569	    -27.06997940	     14.16937583	     62.86660293	     18.59401324	      5.01343658	   -179.03431263	     -0.05453298	   -155.37151217	     -0.05141653	    -72.93363314	    -84.07539224	      4.52936380	     13.74079087	     -0.04650850	     -0.05057398
      2.53000000	     -9.09295734	    -15.58998456	     -8.02315607	      3.55233287	    146.21677988	    -13.35532010	    -28.11971148	    -37.68057600	     17.55155415	    -32.69200312	    -25.66752372	     13.34522025	     56.87908287	     18.55016653	      4.60357085	   -167.42379126	     -0.05644368	   -145.06519432	     -0.05259503	    -72.91477385	    -83.52729153	      4.17025043	     13.20792335	     -0.04404163	     -0.04774889
      2.53500000	    -14.57168784	    -17.30270516	     -9.95439523	      8.13722325	    160.82924152	     -3.92331658	    -27.34369695	    -38.67643162	     17.89857698	    -31.40431971	    -24.24205083	     12.60452860	     50.97383165	     18.28993546	      4.19459026	   -155.45466773	     -0.05840550	   -135.07649750	     -0.05388921	    -72.56430529	    -82.80127704	      3.74128807	     12.81720866	     -0.04144842	     -0.04496755
      2.54000000	    -20.14606306	    -19.63587904	    -11.95665432	     12.75045449	    173.65575915	      6.70033416	    -26.82492231	    -39.95043447	     18.44466742	    -30.18462071	    -22.59108969	     11.85413054	     45.22542247	     17.79975829	      3.78314258	   -143.65811239	     -0.06035356	   -124.97588924	     -0.05529666	    -71.76014030	    -81.69104041	      3.22394683	     12.19697562	     -0.03883701	     -0.04232765
      2.54500000	    -26.71667021	    -23.34562250	    -14.44360696	     16.53432155	    184.29255409	     16.96894760	    -27.03414633	    -41.96368716	     19.49772927	    -29.46623288	    -20.57558831	     11.02702771	     39.69126137	     17.08502147	      3.36828792	   -131.42671575	     -0.06224240	   -114.88460420	     -0.05680662	    -70.55009496	    -80.54328574	      2.07690410	     11.86929451	     -0.03632825	     -0.03992335
      2.55000000	    -32.55973043	    -25.49071369	    -16.04512347	     20.68311063	    194.37964005	     25.56158562	    -26.75799634	    -41.90594573	     19.38679812	    -28.96861439	    -17.94054742	     10.00344179	     34.41009957	     16.17010245	      2.95199650	   -119.41536407	     -0.06402996	   -104.32572661	     -0.05839884	    -68.98442862	    -78.97288205	      1.49837945	     11.42304168	     -0.03404943	     -0.03784238
      2.55500000	    -36.77297043	    -25.55467395	    -16.51833972	     26.30131667	    203.98609413	     30.00798203	    -25.54291706	    -39.68920166	     18.16456371	    -28.36664051	    -15.32931309	      9.00545371	     29.40255672	     15.09634952	      2.53901423	   -107.45218077	     -0.06567157	    -93.95746035	     -0.06004315	    -67.04269021	    -77.00378736	      1.09024411	     11.06938969	     -0.03212856	     -0.03616308
      2.56000000	    -41.55276889	    -26.18796838	    -17.18625855	     31.25999071	    217.43278031	     33.96130168	    -24.87283626	    -37.84836102	     17.30309728	    -27.70244785	    -12.56909948	      7.95187888	     24.67357082	     13.91804823	      2.13615849	    -94.93148197	     -0.06711972	    -83.05721001	     -0.06169970	    -64.70040299	    -74.79146335	      0.40123451	     10.69923828	     -0.03068816	     -0.03495181
      2.56500000	    -43.96809270	    -24.66637263	    -16.91456120	     37.62194684	    229.85464087	     34.83376802	    -23.78663409	    -35.14196700	     16.07987495	    -25.67004998	    -11.03231734	      7.26411647	     20.21642225	     12.69668258	      1.75116385	    -82.92654276	     -0.06832483	    -73.10639076	     -0.06316850	    -61.88273432	    -71.88960519	     -0.04555885	     10.01980765	     -0.02983893	     -0.03427013
      2.57000000	    -44.98367100	    -21.90321268	    -15.97718158	     44.27327591	    241.37464498	     33.11930307	    -22.12676779	    -31.63937641	     14.55418961	    -23.26213349	     -9.98873894	      6.71312272	     16.01777135	     11.49404803	      1.39125225	    -71.37918313	     -0.06923678	    -63.61120798	     -0.06433582	    -58.58715580	    -68.54128187	     -0.43511814	      9.21690830	     -0.02967361	     -0.03414666
      2.57500000	    -45.27283855	    -19.99248635	    -15.06609133	     49.79208320	    247.94616399	     31.68127661	    -20.21747563	    -27.67572082	     12.90247757	    -20.90940290	     -7.60709814	      5.62831179	     12.06297579	     10.36500603	      1.06163814	    -60.83495974	     -0.06969089	    -54.15248775	     -0.06514369	    -55.11563866	    -64.87562088	     -0.65584676	      8.87555419	     -0.03027425	     -0.03459886
      2.58000000	    -44.60443503	    -17.78379224	    -13.83519021	     55.13130637	    255.84402060	     29.00551825	    -17.69188258	    -24.27351627	     11.55726092	    -18.40191767	     -6.16658189	      4.91157601	      8.34089837	      9.35082072	      0.76422036	    -50.87762228	     -0.06957864	    -45.10423607	     -0.06553698	    -51.09700304	    -60.76023064	     -1.24207053	      8.10566378	     -0.03167253	     -0.03562625
      2.58500000	    -41.95804105	    -14.20999949	    -12.01868040	     60.31430091	    257.35862866	     23.79480383	    -14.57508625	    -19.38874337	      9.60458710	    -15.33375989	     -4.53172716	      4.04014164	      4.84749062	      8.47404805	      0.49673686	    -41.83336851	     -0.06888722	    -37.14077242	     -0.06547134	    -46.91387073	    -56.41280034	     -1.39804996	      7.70927475	     -0.03387574	     -0.03720920
      2.59000000	    -38.28616784	    -10.86154609	    -10.24407209	     64.36371689	    253.52061158	     19.15703108	    -11.44812649	    -15.42389658	      8.07501885	    -11.85579915	     -3.48548872	      3.36445697	      1.58759676	      7.73582658	      0.25260612	    -34.01479654	     -0.06761522	    -30.09782797	     -0.06491619	    -42.64436369	    -51.71466988	     -1.60397139	      7.04636469	     -0.03685990	     -0.03930870
      2.59500000	    -32.90296717	     -6.94696284	     -8.20153453	     67.72112279	    241.63275093	     12.77073389	     -7.77156915	    -11.24816095	      6.43999331	     -8.14257663	     -2.92331521	      2.77934346	     -1.42531877	      7.11611337	      0.02154910	    -27.42590809	     -0.06577966	    -24.33985573	     -0.06387405	    -38.16869306	    -47.16100899	     -1.67936403	      6.67221435	     -0.04056753	     -0.04187026
      2.60000000	    -26.82383729	     -3.46887765	     -6.29994145	     70.06544390	    228.64643412	      6.59348542	     -3.88737858	     -7.96731731	      5.15877004	     -4.31018303	     -2.90074930	      2.37348185	     -4.17145878	      6.57694793	     -0.20907178	    -21.66567065	     -0.06341571	    -19.27527559	     -0.06249108	    -33.52269173	    -42.51382221	     -2.05637130	      6.05621231	     -0.04490896	     -0.04482276
      2.60500000	    -19.68011064	      1.00899853	     -4.19108474	     70.68839582	    208.32418667	      0.40706338	      0.06479612	     -4.55655332	      3.74614982	     -0.38142382	     -3.63244076	      2.17356176	     -6.62857146	      6.06831542	     -0.45240294	    -17.16675358	     -0.06056651	    -15.27906938	     -0.06076272	    -29.17300370	    -37.70100365	     -1.88299027	      5.23635803	     -0.04976876	     -0.04806405
      2.61000000	    -12.76679494	      5.05996615	     -2.51559835	     68.96941856	    187.49517334	     -6.54589195	      3.41734916	     -1.75249531	      2.63936380	      3.60526785	     -4.81254075	      2.04576787	     -8.77671877	      5.53573871	     -0.72004753	    -12.81493766	     -0.05733808	    -12.27685029	     -0.05865243	    -24.49778395	    -33.03159778	     -1.94571073	      4.48839337	     -0.05501132	     -0.05148632
      2.61500000	     -5.64734495	      8.80843969	     -0.98486982	     65.09081220	    161.11276741	    -13.10850328	      6.64778076	      1.08972047	      1.50046207	      7.18107313	     -5.85426069	      1.86763155	    -10.60308496	      4.92844708	     -1.02015908	     -9.29536429	     -0.05384566	    -10.02081880	     -0.05612929	    -20.21612110	    -28.45971691	     -1.74956692	      3.90105704	     -0.06045938	     -0.05497039
      2.62000000	     -0.36311166	     11.32194792	      0.01404605	     57.65688126	    133.40259018	    -17.41150817	      9.04803560	      3.47576483	      0.55667179	      9.46647796	     -6.12619564	      1.62035451	    -12.10597930	      4.20689756	     -1.35599740	     -6.20119212	     -0.05012583	     -7.43783501	     -0.05317173	    -16.47501793	    -24.08930073	     -1.34451084	      3.33839943	     -0.06593459	     -0.05838951
      2.62500000	      4.72064296	     12.50415982	      0.46100800	     48.73143620	    106.68251429	    -20.45481280	     10.80861440	      5.47750978	     -0.18568773	     11.98415339	     -5.72827086	      1.20795848	    -13.29734349	      3.34855932	     -1.72517401	     -3.34741447	     -0.04621921	     -5.49112073	     -0.04977204	    -12.84794807	    -19.82656522	     -1.02726116	      2.89459775	     -0.07125119	     -0.06161373
      2.63000000	      8.78021262	     13.54111121	      0.83918291	     37.92017529	     80.19549480	    -22.47487077	     12.32098447	      7.06187232	     -0.80003275	     13.44733984	     -5.67428955	      0.99617538	    -14.20333565	      2.35117174	     -2.11968946	     -1.20193157	     -0.04216992	     -3.51672964	     -0.04557509	     -9.59196865	    -15.74519098	     -0.70391543	      2.13794473	     -0.07622252	     -0.06453739
      2.63500000	     11.40326035	     12.92189652	      0.65634805	     24.95873909	     52.65290099	    -23.05062940	     12.81862508	      8.25060743	     -1.22479942	     14.30216776	     -4.60785354	      0.58112852	    -14.86287452	      1.23309429	     -2.52672765	      0.88955535	     -0.03802543	     -1.76984087	     -0.04100090	     -6.77107838	    -12.08040302	     -0.32126633	      1.86311441	     -0.08066751	     -0.06701081
      2.64000000	     12.73340956	     12.22480285	      0.40480162	     11.03656708	     25.87248749	    -22.57279722	     12.79061657	      9.32503392	     -1.58271542	     14.24811294	     -3.51055309	      0.27764358	    -15.32434923	      0.03080869	     -2.93004421	      2.64843758	     -0.03378157	      0.07881975	     -0.03621615	     -4.60166179	     -8.70870969	      0.04368353	      1.40923584	     -0.08442280	     -0.06892273
      2.64500000	     15.00762215	     10.00791460	      0.17916417	     -1.33987238	      1.30827874	    -20.18584317	     13.60126160	      9.47951880	     -1.81090677	     14.25027413	     -2.04461154	     -0.09722518	    -15.64098889	     -1.20595589	     -3.31169744	      3.17428877	     -0.02944039	      1.59243863	     -0.03138202	     -2.50868448	     -5.53298256	      0.12456850	      1.08340739	     -0.08734062	     -0.07017878
      2.65000000	     18.95893252	      8.60432580	      0.64435717	    -11.45257818	    -27.53205386	    -17.95166753	     15.77229392	      9.92529393	     -2.25094541	     13.96376699	     -1.22830687	     -0.36553101	    -15.86559256	     -2.42068214	     -3.65383210	      2.17853990	     -0.02524021	      2.53920825	     -0.02665194	     -0.78796588	     -2.83968859	      0.27510593	      0.68742551	     -0.08927506	     -0.07070463
      2.65500000	     25.46585680	      7.64647601	      1.68165488	    -17.71885317	    -59.51272691	    -15.69959195	     19.37166708	     11.00837354	     -2.87153613	     14.29305914	     -0.54261168	     -0.62243727	    -16.04540521	     -3.55711990	     -3.94024287	      0.08721279	     -0.02127917	      2.53372279	     -0.02216304	      0.61235480	     -0.77857751	      0.68623968	      0.26775343	     -0.09012397	     -0.07044880
      2.66000000	     28.46018305	      5.27156540	      1.11209089	    -25.51980774	    -93.09321838	    -11.42043251	     17.86028121	     11.05984643	     -2.84866353	     16.48527924	      1.01758257	     -1.23499133	    -16.21788353	     -4.56590386	     -4.15751461	      0.53814839	     -0.01763699	      1.31856015	     -0.01802927	      0.55594566	      0.68864317	      1.19863801	      0.34387744	     -0.08981690	     -0.06938462
      2.66500000	     31.96855883	      2.55549392	      0.48251968	    -30.94481512	   -126.05990102	     -7.27744629	     17.68852702	     11.53250515	     -2.75597593	     17.89869265	      3.14453588	     -1.12825410	    -16.40794204	     -5.40980950	     -4.29564190	      0.13989944	     -0.01437262	      0.13837271	     -0.01433668	      0.78819334	      1.30790396	      1.30184894	      0.39489834	     -0.08831842	     -0.06751110
      2.67000000	     29.28144961	     -1.46560316	      0.36687734	    -40.44095966	   -152.67433084	     -1.67033646	     16.55644924	     11.92069738	     -2.68204536	     14.93810103	      6.68201599	     -1.68365831	    -16.62703054	     -6.06696669	     -4.34814276	      0.25794335	     -0.01152342	      1.60460373	     -0.01118615	      0.73353527	      0.98343514	      1.52402540	      0.68669968	     -0.08563033	     -0.06485587
      2.67500000	     24.33847226	     -3.50488819	      0.08096891	    -49.69794335	   -168.37019641	      2.15668108	     14.43128271	     10.71301760	     -2.26956393	     11.54842523	      7.18895997	     -1.55580980	    -16.87408299	     -6.53169885	     -4.31177559	      0.76819556	     -0.00910578	      2.73020849	     -0.00853793	      0.72914463	      0.78427391	      1.25183098	      0.36877649	     -0.08179246	     -0.06146362
      2.68000000	     21.86046833	     -5.41683139	     -0.55147887	    -55.32356735	   -180.25852021	      6.16105763	     12.47235544	     10.28747482	     -2.09843864	     10.68243451	      8.65692887	     -1.47150491	    -17.13803639	     -6.81306892	     -4.18602190	      1.09627716	     -0.00711714	      2.57234711	     -0.00638552	      0.67315378	      0.85343067	      1.11660468	      0.63887346	     -0.07688167	     -0.05740615
      2.68500000	     17.21184960	     -6.08553157	     -0.48319929	    -60.68550813	   -180.97738593	      9.15351700	     10.82011130	     10.40141366	     -1.97914651	      8.11312380	      9.50013077	     -1.41442000	    -17.40134999	     -6.93160504	     -3.97250873	      1.84734304	     -0.00553893	      3.31391535	     -0.00471299	      0.44857520	      0.65055159	      1.45871722	      0.68670224	     -0.07100882	     -0.05277476
      2.69000000	     11.60366390	     -8.55024278	     -0.68930519	    -65.96720322	   -177.81780323	     14.17975788	      8.63939854	      8.72327567	     -1.52987417	      5.60249465	     10.56192800	     -1.44348624	    -17.64383803	     -6.91495892	     -3.67453426	      2.18611202	     -0.00434004	      4.11519326	     -0.00348747	      0.24996910	      0.39351514	      1.33778254	      0.84742240	     -0.06431390	     -0.04767506
      2.69500000	      7.50954707	     -8.25745472	     -0.51358931	    -68.59395323	   -167.87305597	     16.59611996	      7.30794787	      8.34150995	     -1.36732974	      3.98394965	     10.39632579	     -1.19178353	    -17.84614841	     -6.79336876	     -3.29681846	      2.39839299	     -0.00348048	      4.24883630	     -0.00266219	      0.14586454	      0.37556053	      1.46661254	      0.78320936	     -0.05695960	     -0.04222190
      2.70000000	      2.17229920	     -7.91939097	     -0.41419261	    -71.64170575	   -154.17105713	     18.51269692	      5.42102652	      7.85123752	     -1.21919959	      2.03276897	     10.19276121	     -1.02329358	    -17.99237800	     -6.59572730	     -2.84552895	      2.94558843	     -0.00291597	      4.56572140	     -0.00218031	     -0.06042422	      0.19518755	      1.53282224	      0.82751649	     -0.04912413	     -0.03653420
      2.70500000	     -2.12805291	     -8.83882716	     -0.37112144	    -73.39560446	   -137.71419376	     21.26569736	      4.08786353	      5.83274307	     -0.80806540	      0.78600532	      9.65715641	     -0.79779225	    -18.07162207	     -6.34679461	     -2.32856087	      2.58400210	     -0.00259589	      4.50711125	     -0.00197912	      0.16429930	      0.13857374	      1.01315644	      0.82848887	     -0.04099329	     -0.03073029
      2.71000000	     -7.00374439	     -7.70010435	      0.00745914	    -74.86134827	   -118.42976756	     22.21701506	      2.51494825	      5.16434357	     -0.59351569	     -0.71753343	      8.46276654	     -0.52974123	    -18.07856740	     -6.06575032	     -1.75598403	      3.07522416	     -0.00247173	      4.50313958	     -0.00199404	     -0.26938278	      0.00314017	      1.32581654	      0.73381416	     -0.03275408	     -0.02492417
      2.71500000	    -10.05047083	     -6.63220054	      0.38226801	    -74.62740649	    -98.48600863	     22.85221782	      1.63097674	      4.70754744	     -0.48711301	     -1.11989496	      7.52971476	     -0.29833318	    -18.01339507	     -5.76598744	     -1.14049359	      3.02057665	     -0.00249842	      4.04627003	     -0.00216223	     -0.38120475	      0.03831593	      1.43076797	      0.70836141	     -0.02458859	     -0.01922301
      2.72000000	    -14.50977344	     -5.48889315	      0.76984639	    -75.76862006	    -80.36093600	     22.78547890	      0.21502627	      3.79897368	     -0.32032642	     -2.43253706	      6.06822449	     -0.10332967	    -17.88128613	     -5.45585181	     -0.49765633	      3.16009421	     -0.00263303	      3.99579217	     -0.00242534	     -0.61984560	     -0.19076187	      1.43464075	      0.65903263	     -0.01666901	     -0.01372572
      2.72500000	    -16.23198751	     -5.05899854	      1.08993364	    -74.47866986	    -63.61326698	     22.62048822	     -0.21591013	      2.84798243	     -0.18298237	     -2.19467132	      5.05770714	      0.06285179	    -17.69178530	     -5.13993592	      0.15422279	      2.61346757	     -0.00283596	      3.22679973	     -0.00273147	     -0.48382443	     -0.21428618	      1.19194070	      0.83053297	     -0.00915403	     -0.00852266
      2.73000000	    -19.02149659	     -2.83577588	      1.60483825	    -73.63903208	    -46.74581504	     20.95411902	     -1.12806419	      2.56801223	     -0.11572456	     -2.60604079	      3.01730117	      0.32820983	    -17.45816577	     -4.82055566	      0.79470468	      2.81699555	     -0.00307182	      2.73944704	     -0.00303647	     -0.84049167	     -0.28519021	      1.46062296	      0.64358962	     -0.00218639	     -0.00369578
      2.73500000	    -20.14103402	     -2.37608938	      1.96997398	    -71.37354150	    -32.82769911	     20.33329252	     -1.40293083	      1.35087903	      0.11035228	     -2.17415363	      1.57139302	      0.49661469	    -17.19679957	     -4.49914012	      1.40228284	      2.29147459	     -0.00331017	      1.97352143	     -0.00330452	     -0.84815082	     -0.26809124	      1.30965180	      0.63092469	      0.00410871	      0.00068095
      2.74000000	    -21.54393364	     -1.02694790	      2.30184093	    -69.21769120	    -21.49244070	     18.37980616	     -1.90872030	      0.94561664	      0.14637454	     -1.99809267	      0.09482480	      0.61554613	    -16.92645016	     -4.17737747	      1.95579979	      2.16767798	     -0.00352594	      1.40610514	     -0.00350841	     -0.95528599	     -0.33464979	      1.27627452	      0.60406675	      0.00962466	      0.00454141
      2.74500000	    -21.52730943	      0.39212809	      2.73421381	    -65.69297644	    -14.05018262	     15.47864719	     -1.66919787	      0.78668093	      0.14794329	     -1.49841754	     -1.43801827	      0.75182642	    -16.66737184	     -3.85805385	      2.43601333	      1.72626934	     -0.00369979	      0.61653541	     -0.00362946	     -0.89379043	     -0.42837148	      1.24697057	      0.72428648	      0.01427420	      0.00782744
      2.75000000	    -21.36861662	      1.73858525	      2.96672200	    -61.91899219	    -10.68243031	     13.52286261	     -1.78404926	      0.30194137	      0.20982105	     -0.75812862	     -3.04421041	      0.91605047	    -16.44012269	     -3.54558534	      2.82707418	      1.26032798	     -0.00381819	     -0.16474607	     -0.00365726	     -1.06068392	     -0.37032794	      1.33279837	      0.63353207	      0.01798998	      0.01048952
      2.75500000	    -21.27388364	      3.20582749	      3.23399398	    -57.70781458	     -8.66835219	     10.32121745	     -1.62088032	      0.25107569	      0.18796157	     -0.46479540	     -4.51710838	      1.02019924	    -16.26409485	     -3.24625883	      3.11769118	      0.95880861	     -0.00387341	     -0.66992619	     -0.00358927	     -1.02427627	     -0.45217312	      1.28177163	      0.61337414	      0.02072499	      0.01248768
      2.76000000	    -20.60411539	      4.32010003	      3.35190070	    -52.71672112	    -10.14999920	      7.87406601	     -1.47762513	      0.67869600	      0.06322894	      0.19369211	     -5.11688989	      0.99065157	    -16.15590120	     -2.96817281	      3.30181435	      0.72468851	     -0.00386387	     -1.11801242	     -0.00343016	     -1.11407536	     -0.45464573	      1.43647695	      0.68914771	      0.02245278	      0.01379249
      2.76500000	    -20.29609719	      5.81372807	      3.45661367	    -47.60896880	    -13.42575843	      5.19669266	     -1.34920902	      0.46397047	      0.09175868	      0.38933537	     -6.69641412	      1.15317498	    -16.12787380	     -2.72084296	      3.37874632	      0.38600999	     -0.00379275	     -1.41627983	     -0.00319108	     -1.13803239	     -0.40438672	      1.41693044	      0.39542412	      0.02316749	      0.01438581
      2.77000000	    -18.56239930	      6.39111388	      3.41614107	    -40.96020577	    -19.83005459	      2.92850384	     -0.78401004	      0.80849307	      0.01677391	      1.34517667	     -7.01841332	      1.15162164	    -16.18698177	     -2.51444282	      3.35268777	     -0.00667306	     -0.00366715	     -1.95336116	     -0.00288877	     -1.07136697	     -0.32283208	      1.48686777	      0.52095130	      0.02288335	      0.01426126
      2.77500000	    -18.51456041	      7.03942147	      3.19111089	    -35.63963477	    -27.50047087	      0.54972668	     -0.82684039	      0.89085119	     -0.07136573	      1.25126243	     -7.50033894	      1.13096650	    -16.33441213	     -2.35869931	      3.23181923	     -0.17425876	     -0.00349861	     -1.84918045	     -0.00254448	     -0.85348985	     -0.35701284	      1.19182308	      0.42317922	      0.02163349	      0.01342409
      2.78000000	    -18.16640286	      7.43239972	      2.97506813	    -29.32223855	    -35.48389945	     -0.84808760	     -0.95323071	      1.04746624	     -0.03834948	      1.47598197	     -7.77644579	      1.13567437	    -16.56585853	     -2.26155744	      3.02709800	      0.08223169	     -0.00330207	     -1.84213376	     -0.00218294	     -1.09791473	     -0.27415437	      1.39699787	      0.30026735	      0.01946830	      0.01189074
      2.78500000	    -16.35041292	      7.27580233	      2.82152047	    -22.05623075	    -47.89587732	     -2.60494691	     -0.14932208	      1.51089150	     -0.13542836	      1.89008245	     -7.38594152	      1.05222067	    -16.87232514	     -2.22783679	      2.75098037	     -0.35713978	     -0.00309519	     -1.95899459	     -0.00183129	     -0.87986050	     -0.29315703	      1.24482918	      0.55608023	      0.01645321	      0.00968804
      2.79000000	    -16.47972175	      7.65036196	      2.59374616	    -15.98225648	    -56.23901358	     -3.63488974	     -0.24291543	      2.09991842	     -0.22079394	      1.56668939	     -7.20191991	      0.98473670	    -17.24110638	     -2.25816066	      2.41626280	      0.06928686	     -0.00289789	     -1.47021951	     -0.00151818	     -0.93035648	     -0.23970612	      1.45618972	      0.35605214	      0.01266596	      0.00685242
      2.79500000	    -14.93209687	      6.68803491	      2.23707662	     -8.90376188	    -68.26418556	     -3.96568792	      0.35684190	      2.11394779	     -0.21396323	      1.94024401	     -6.45608129	      0.88452798	    -17.65661024	     -2.34840278	      2.03518180	     -0.25094685	     -0.00273200	     -1.40671098	     -0.00127295	     -0.62235536	     -0.17683947	      1.20455519	      0.52554442	      0.00819371	      0.00342907
      2.80000000	    -14.33094113	      6.95684581	      1.98276235	     -2.40119878	    -77.84130241	     -4.46066007	      0.43272032	      2.65839579	     -0.26315643	      1.97200246	     -6.24660889	      0.89756360	    -18.10082694	     -2.48978753	      1.61883971	      0.15386083	     -0.00262115	     -1.12706354	     -0.00112516	     -0.73528137	     -0.05192562	      1.42492457	      0.38162625	      0.00312990	     -0.00052853
      2.80500000	    -14.08013067	      6.36792564	      1.71821024	      3.40762426	    -86.88745381	     -4.26627599	      0.61462381	      3.12238359	     -0.33841829	      1.58535435	     -5.30707896	      0.71763411	    -18.55342385	     -2.66963825	      1.17695713	      0.46086035	     -0.00259078	     -0.45954313	     -0.00110421	     -0.66065134	     -0.06667360	      1.41547688	      0.39706153	     -0.00242852	     -0.00495902
      2.81000000	    -12.80632264	      5.29383158	      1.46508453	      9.76717722	    -95.12874848	     -3.68108288	      1.26999916	      3.20811344	     -0.30383587	      1.68904039	     -4.39700894	      0.58757422	    -18.99159684	     -2.87263064	      0.71790482	      0.48368560	     -0.00266828	     -0.10460395	     -0.00123924	     -0.44378450	     -0.03044483	      1.30142038	      0.51737957	     -0.00838353	     -0.00979311
      2.81500000	    -11.58825428	      4.63354761	      1.18826639	     15.70016135	   -101.15532453	     -2.51637207	      1.69783817	      3.76957058	     -0.41619044	      2.00531907	     -3.19199056	      0.39197657	    -19.38987286	     -3.08232263	      0.24893483	      0.72828546	     -0.00288305	      0.34612107	     -0.00156309	     -0.38732489	      0.10184026	      1.39464352	      0.53909463	     -0.01463758	     -0.01495378
      2.82000000	    -10.39314889	      3.78974028	      0.87079968	     21.12789690	   -104.73679583	     -1.38335325	      2.15693461	      3.70330935	     -0.37648479	      2.32962481	     -2.46857423	      0.28494618	    -19.72001892	     -3.28272730	     -0.22348156	      0.96021214	     -0.00326653	      0.71541512	     -0.00210618	     -0.24039058	      0.20212989	      1.27368105	      0.53901733	     -0.02109412	     -0.02035552
      2.82500000	     -8.83776697	      3.59792465	      0.71282599	     26.25302830	   -106.11805772	     -0.45231943	      2.81440131	      4.09857728	     -0.47910667	      2.77034573	     -1.82405587	      0.16850107	    -19.95111702	     -3.45974375	     -0.69329565	      1.18020690	     -0.00385181	      1.09489309	     -0.00289414	     -0.15134260	      0.30652014	      1.33895671	      0.51576944	     -0.02765705	     -0.02590385
      2.83000000	     -6.91001110	      2.67376021	      0.45417079	     31.01723234	   -104.12577446	      0.96691438	      3.72326066	      3.72997549	     -0.43344833	      3.41925465	     -1.21096996	      0.02683921	    -20.04980432	     -3.60231463	     -1.15458277	      1.06382349	     -0.00467295	      1.45083757	     -0.00395464	      0.18947957	      0.41953840	      0.95427786	      0.49046748	     -0.03422919	     -0.03149561
      2.83500000	     -4.64370831	      2.43240129	      0.36067101	     35.45472653	    -98.30288120	      2.22426433	      4.74165358	      3.78888953	     -0.49706634	      4.30193301	     -0.80234231	     -0.10456938	    -19.98067896	     -3.70321789	     -1.60136904	      1.12837414	     -0.00576384	      1.74803429	     -0.00531374	      0.33835319	      0.54679207	      1.01542508	      0.43186639	     -0.04071029	     -0.03701914
      2.84000000	     -2.59749433	      2.32029180	      0.11743138	     39.28155245	    -86.75823963	      3.18920912	      5.33662079	      3.83865406	     -0.56051343	      5.55567683	     -0.49224987	     -0.24820468	    -19.70690244	     -3.75942522	     -2.02761338	      1.80441484	     -0.00715648	      1.91735307	     -0.00699479	      0.24108983	      0.69084624	      1.16351634	      0.39295629	     -0.04699530	     -0.04235554
      2.84500000	      0.60919171	      2.31325141	      0.17247725	     43.07281517	    -72.48344041	      3.70247310	      6.87748213	      3.70103369	     -0.62356420	      6.87548549	     -0.57178478	     -0.35996107	    -19.19105104	     -3.77198049	     -2.42733421	      1.71892385	     -0.00887882	      2.04020595	     -0.00901704	      0.42638095	      0.77510027	      1.15668140	      0.36394012	     -0.05297384	     -0.04738143
      2.85000000	      3.96884248	      1.77807602	     -0.05532404	     46.07298028	    -54.31339788	      4.43948345	      8.14025005	      2.97518530	     -0.58639359	      8.63931770	     -0.62189636	     -0.51830248	    -18.39625846	     -3.74539298	     -2.79484689	      1.61243395	     -0.01095216	      2.01563642	     -0.01139383	      0.57269255	      0.87508791	      0.84741151	      0.38600102	     -0.05853193	     -0.05197378
      2.85500000	     -4.69653432	     -2.73480204	     -2.10763922	     34.36753264	    -98.16994358	      7.08876141	      1.71192047	      3.71546090	     -0.19994425	      2.32848825	      4.51505003	     -1.21439688	    -17.28764335	     -3.68660321	     -3.12506412	      4.01817675	     -0.01338818	      4.16435132	     -0.01413044	     -3.30045995	     -4.14161337	      0.36396984	      1.44973480	     -0.06355662	     -0.05601682
      2.86000000	     35.04910540	      5.15142134	      0.62543600	     64.37999646	   -263.52877141	     -3.15880683	      7.85030436	     11.23164445	     -2.80517359	     19.33003748	      2.23137747	     -1.84104140	    -15.83394282	     -3.60363739	     -3.41380535	     -7.77588919	     -0.01618586	    -12.40933592	     -0.01722174	     -8.95310124	    -11.09379213	     -0.08361130	      2.14486486	     -0.06794333	     -0.05941031
      2.86500000	     64.69902636	      6.13918062	      3.72415383	     93.20136802	   -182.34886530	     -1.60444464	     25.13716561	     11.45794312	     -4.79522623	     32.84761110	      1.12944595	     -2.52179336	    -14.00920356	     -3.50410413	     -3.65806663	    -16.26242236	     -0.01930049	    -16.31040798	     -0.02064974	     -6.19971206	     -5.58264986	     -0.25910208	      1.93623123	     -0.07160800	     -0.06207801
      2.87000000	     78.88248220	     -7.36815251	      2.60855513	    103.99318775	   -156.89956827	      4.72426188	     36.51870178	      8.99767728	     -5.30915608	     34.17356193	      7.25169438	     -4.09649083	    -11.79434626	     -3.39369823	     -3.85621421	    -20.82109409	     -0.02267216	    -17.67815205	     -0.02438130	     -3.18913004	     -9.93791511	      0.25949565	      3.47921209	     -0.07449182	     -0.06397434
      2.87500000	     83.46310901	    -11.06587921	      1.70392717	    102.30712494	   -186.31753750	      3.86166233	     36.46352800	      5.92001933	     -4.67187697	     33.16684931	      6.63405079	     -4.16406219	     -9.17842980	     -3.27486112	     -4.00807376	    -24.14844321	     -0.02628322	    -20.27814559	     -0.02836623	     -6.20365928	    -14.75739251	     -1.07735094	      4.07972929	     -0.07656106	     -0.06508803
      2.88000000	     61.65340343	     -7.04656786	      1.50552106	     72.78592353	   -202.33803129	     -2.91875102	     26.32419246	      0.34606995	     -2.19481935	     17.57930176	     -1.15451967	     -1.72459163	     -6.15948305	     -3.14570852	     -4.11489121	    -23.25942527	     -0.03007659	    -14.82702858	     -0.03253621	    -11.32355623	    -19.84447156	     -2.93931525	      3.22268485	     -0.07781807	     -0.06544203
      2.88500000	     19.80812090	     -9.77797693	     -0.59867451	     22.25094758	   -178.56319901	     -1.98967793	     11.94740814	     -3.74392809	      0.40741233	     -9.78923512	     -0.19519706	     -0.52911874	     -2.74482058	     -2.99929863	     -4.17913959	    -18.01774781	     -0.03398600	     -0.23573628	     -0.03671932	    -15.97027101	    -25.27473759	     -3.52101513	      3.74707555	     -0.07829542	     -0.06509693
      2.89000000	    -28.91445248	    -17.38181478	     -5.06288118	    -35.65176059	   -133.15907809	      1.84463973	     -5.77485472	     -7.18120483	      3.24696656	    -38.76381118	      5.90813568	     -0.40321585	      1.04918912	     -2.82329731	     -4.20415162	     -9.02940864	     -0.03793937	     15.74298541	     -0.04084801	    -20.11290939	    -30.99732141	     -4.12853365	      4.99033654	     -0.07805063	     -0.06413164
      2.89500000	    -63.38297395	    -15.20850338	     -7.44817227	    -80.20095868	    -99.98521879	     -3.53718329	    -22.92872327	     -4.91250906	      4.13762404	    -56.51975629	      8.58486941	     -0.25729508	      5.19787705	     -2.60009362	     -4.19357814	     -1.10168506	     -0.04186294	     24.14017873	     -0.04489374	    -25.48269446	    -35.34378165	     -3.34008927	      5.86527086	     -0.07716018	     -0.06264060
      2.90000000	    -69.80006745	    -10.90348505	     -9.24979981	    -96.44073180	    -76.84514508	    -10.65421344	    -33.32529540	     -4.44394657	      4.77671501	    -55.62350251	      6.19984335	      0.29456061	      9.66947256	     -2.30741335	     -4.15070442	      1.16490330	     -0.04568572	     20.21539080	     -0.04878353	    -29.55071979	    -37.94386283	     -2.99242704	      5.52204649	     -0.07571406	     -0.06073431
      2.90500000	    -47.78008380	     -8.48282891	     -9.54522496	    -82.58469772	    -80.65044192	    -19.66691810	    -32.79254443	     -9.65174157	      6.25547033	    -41.12054910	     -3.00014144	      1.54370339	     14.42662773	     -1.91946382	     -4.07770064	     -5.38994226	     -0.04934364	      4.94949105	     -0.05245282	    -32.39952165	    -41.02346580	     -4.06477685	      5.02642847	     -0.07381120	     -0.05852961
      2.91000000	    -13.54387586	     -5.73953031	     -7.78138561	    -55.66248644	   -111.34462384	    -27.70339729	    -24.76931724	    -13.37329565	      6.55466388	    -24.90806919	    -11.89987248	      3.02624051	     19.42810199	     -1.40861819	     -3.97493843	    -19.24994626	     -0.05275176	    -13.39339705	     -0.05584901	    -35.65669922	    -44.94987818	     -5.09893575	      4.38911099	     -0.07156353	     -0.05614362
      2.91500000	     15.00176885	      2.06565758	     -4.07731018	    -33.47401987	   -146.79843346	    -40.51009985	    -17.27330903	    -15.17906679	      6.27114742	    -14.32004389	    -23.16502577	      5.78324958	     24.63041513	     -0.74760196	     -3.84053417	    -34.28866310	     -0.05581712	    -29.76311455	     -0.05893366	    -39.58603528	    -49.91381249	     -5.42763403	      3.68528116	     -0.06907436	     -0.05368796
      2.92000000	     38.12481500	      2.37852038	     -2.32599425	    -15.13623132	   -175.65983584	    -44.23389715	    -10.62564970	    -19.83543917	      7.37311576	     -7.24705016	    -29.91947999	      7.71928699	     29.98928813	      0.08793317	     -3.67025085	    -50.02806385	     -0.05847385	    -44.14579629	     -0.06168312	    -43.59145424	    -54.96860804	     -6.61131570	      3.52203415	     -0.06643781	     -0.05126367
      2.92500000	     50.28375864	     -1.16471681	     -1.59203387	     -6.52337140	   -195.52809595	    -41.60115816	     -5.87046465	    -23.13992499	      8.24098711	     -7.83461385	    -31.05766127	      8.52656493	     35.46070547	      1.11666449	     -3.45782728	    -65.03863730	     -0.06065605	    -53.57183705	     -0.06407140	    -47.68263721	    -60.99092218	     -6.89185436	      4.25560350	     -0.06374309	     -0.04896477
      2.93000000	     44.24207609	     -6.26082764	     -3.02144605	    -15.63629024	   -203.82139655	    -36.81561275	     -9.21624524	    -25.48181246	      9.62199995	    -16.40219855	    -28.37541202	      8.74466359	     41.00147124	      2.34898282	     -3.19573394	    -74.61484848	     -0.06231414	    -58.73724649	     -0.06598921	    -52.58012158	    -67.38221781	     -6.99946108	      5.40799474	     -0.06106481	     -0.04685709
      2.93500000	     28.94964729	     -9.10103494	     -5.43963526	    -32.99645957	   -204.27416150	    -33.52819614	    -18.66563626	    -27.33402323	     11.42823574	    -26.89564885	    -26.14598225	      9.30612613	     46.56923866	      3.78482506	     -2.87627442	    -80.36451210	     -0.06341836	    -63.39136384	     -0.06738808	    -57.72157347	    -73.68710224	     -6.56471636	      6.49730745	     -0.05846008	     -0.04499352
      2.94000000	     15.10748329	    -10.79909699	     -7.45991606	    -46.98365965	   -196.11846034	    -31.04887668	    -27.28965929	    -28.27782425	     12.82062227	    -36.15969402	    -23.94115743	      9.82550821	     52.12208776	      5.41223501	     -2.49287752	    -86.12318389	     -0.06396146	    -69.10456164	     -0.06823992	    -62.28684168	    -79.00843506	     -5.94191112	      7.72279807	     -0.05596821	     -0.04341552
      2.94500000	      5.83841085	    -13.31825905	     -8.82513722	    -53.26354922	   -177.69060210	    -26.46597555	    -31.95616349	    -29.43080663	     14.02332839	    -44.26499439	    -21.65273722	     10.27923846	     57.61775964	      7.20686238	     -2.04139632	    -93.72840146	     -0.06395324	    -75.17466941	     -0.06853286	    -65.67065781	    -83.77944273	     -5.37407687	      8.74941404	     -0.05362178	     -0.04215431
      2.95000000	      3.86153500	    -17.42575960	     -9.68404708	    -48.69426521	   -152.76117383	    -19.26145553	    -32.29247013	    -29.90194632	     14.58574903	    -49.25850874	    -17.86879632	      9.91321340	     63.01270063	      9.13250701	     -1.52124589	   -103.06333187	     -0.06356781	    -82.85824368	     -0.06827250	    -68.28108853	    -87.72493383	     -4.75895596	      9.93927575	     -0.05142946	     -0.04123399
      2.95500000	      8.98608276	    -20.89922832	     -9.10340193	    -33.80967597	   -123.52997737	    -11.98679212	    -27.88944086	    -28.21280504	     13.67884359	    -51.97846178	    -13.17626297	      8.89096978	     68.26110273	     11.14270071	     -0.93624060	   -114.42197361	     -0.06291375	    -91.54692231	     -0.06748201	    -70.04728731	    -91.09321613	     -3.52571123	     11.45157471	     -0.04938892	     -0.04067366
      2.96000000	     17.98703847	    -26.44973958	     -8.63469219	    -12.72996316	    -91.65829173	     -2.38744443	    -21.30168803	    -25.80048150	     12.21275132	    -52.79466169	     -6.50605579	      6.75443126	     73.31408600	     13.18322226	     -0.29502569	   -125.89984116	     -0.06206255	   -101.61939417	     -0.06619896	    -71.14685857	    -93.80942315	     -2.22898969	     13.21739959	     -0.04750404	     -0.04049547
      2.96500000	     28.22738023	    -34.58078951	     -9.07578627	     10.98319410	    -56.22241711	     10.61107974	    -14.77910460	    -23.86371065	     10.98973533	    -51.71889315	      1.79576408	      3.54801254	     78.11914353	     15.19533755	      0.38894695	   -136.42898849	     -0.06108452	   -112.74392260	     -0.06463309	    -71.68594092	    -95.60601279	     -1.20840526	     14.95304943	     -0.04578242	     -0.04070278
      2.97000000	     36.90834336	    -41.51342626	     -9.11099263	     32.51975577	    -29.74902418	     21.22647146	     -9.09432483	    -19.94088381	      8.67819726	    -51.63116374	     10.51528603	     -0.06218531	     82.62001879	     17.11942969	      1.09787660	   -145.39037737	     -0.06004543	   -125.44519631	     -0.06285588	    -72.33430050	    -96.76753616	      0.41998102	     16.64164280	     -0.04423849	     -0.04129571
      2.97500000	     39.65960134	    -49.27843097	     -9.59067641	     44.80887841	    -17.69243115	     30.75209200	     -5.79108112	    -16.63420882	      6.79934162	    -55.27152356	     18.88119941	     -3.53728443	     86.75722529	     18.89859143	      1.81044562	   -152.85654536	     -0.05900368	   -139.20888558	     -0.06091460	    -73.00862410	    -97.05896213	      1.88485106	     18.18544768	     -0.04289487	     -0.04226641
      2.98000000	     32.37901241	    -49.80080415	     -7.81710611	     44.77223871	     -5.32510985	     31.07183381	     -4.21039413	    -14.42721715	      5.58991017	    -66.44220842	     20.02854541	     -2.90240336	     90.46940908	     20.48175200	      2.50297821	   -159.45387999	     -0.05800813	   -149.30190472	     -0.05885189	    -73.72220444	    -96.96011105	      3.05464277	     18.31035253	     -0.04178158	     -0.04359382
      2.98500000	     20.37959198	    -40.78741146	     -3.29062996	     40.04596441	     13.60396820	     20.72784564	     -3.70147621	    -12.32241207	      4.40883346	    -80.39816162	     13.84993195	      1.76891724	     93.69571078	     21.82600012	      3.15087818	   -166.46488498	     -0.05713973	   -155.12419434	     -0.05670666	    -74.56725515	    -97.04956857	      4.55183752	     17.96585963	     -0.04093562	     -0.04524148
      2.99000000	     12.52779399	    -26.30403853	      1.82575155	     43.07105584	     44.32411993	      5.74817284	     -4.80007895	    -11.99161832	      4.32749515	    -87.63106915	      2.51872223	      8.65224155	     96.37915390	     22.89793692	      3.73026330	   -173.46571159	     -0.05633156	   -159.97233713	     -0.05451587	    -75.28838897	    -97.51434680	      5.61749394	     17.04601457	     -0.04038949	     -0.04715784
      2.99500000	     13.06720628	    -14.36897977	      4.86680467	     56.85743207	     72.85781396	     -4.44631318	     -8.04879653	    -14.51594546	      6.10511086	    -84.16545998	     -8.46170934	     14.26201687	     98.47081252	     23.67413430	      4.21968652	   -181.41435925	     -0.05558741	   -167.12090230	     -0.05231662	    -75.83052250	    -98.14068264	      6.17371599	     16.58845804	     -0.04017263	     -0.04927949
      3.00000000	     15.80940133	     -4.37432060	      5.87765877	     71.63247571	     91.09167870	    -11.07408111	    -15.10458283	    -18.04102728	      8.79395092	    -74.64593749	    -17.65296127	     18.27364870	     99.93418895	     24.14097534	      4.60181532	   -189.56105334	     -0.05492721	   -175.42270385	     -0.05014806	    -76.23999973	    -98.81127284	      6.32486039	     16.19112409	     -0.04030504	     -0.05153627
      3.00500000	     11.28541668	      0.83938577	      3.47624965	     72.80632758	     87.44835950	    -11.69018213	    -29.01485422	    -22.20573650	     12.37259539	    -65.45509619	    -21.84173169	     19.47753884	    100.74904392	     24.29421593	      4.86491053	   -197.13437868	     -0.05436187	   -182.79682889	     -0.04806531	    -76.67662276	    -99.82620542	      6.41943603	     16.70106342	     -0.04079104	     -0.05385693
      3.01000000	     -0.58303891	      3.94332693	     -0.53131106	     59.99297326	     71.33112581	    -10.80785445	    -46.55077780	    -26.17491913	     16.14925898	    -59.42058004	    -23.31664689	     19.46834322	    100.91391322	     24.13857163	      5.00394628	   -204.18935622	     -0.05389449	   -187.85386021	     -0.04607041	    -76.43712659	   -100.86995180	      6.07554690	     17.16164096	     -0.04161519	     -0.05617068
      3.01500000	    -16.12105757	      4.37157447	     -5.20192952	     39.74639123	     53.27446739	    -10.78221120	    -63.63457373	    -29.11643509	     19.23795903	    -56.64414576	    -22.48545442	     18.41467967	    100.44666999	     23.68755524	      5.02127042	   -208.33570479	     -0.05352228	   -191.97481013	     -0.04421932	    -76.33963012	   -101.87427123	      5.90486070	     18.07528255	     -0.04273998	     -0.05841173
      3.02000000	    -27.32144679	      1.53352442	     -8.74382994	     25.07879640	     49.80456376	    -11.29124658	    -72.98728032	    -31.17308781	     21.22525291	    -56.06799155	    -20.92159803	     17.11861148	     99.38278236	     22.96364907	      4.92676066	   -210.22167743	     -0.05323880	   -195.09016885	     -0.04257074	    -76.26741601	   -102.88309002	      5.82076680	     18.75318504	     -0.04410583	     -0.06051920
      3.02500000	    -24.57761876	     -6.75205923	    -10.31248231	     28.26506568	     55.93336702	     -9.98278097	    -69.25748697	    -32.95726149	     22.18511288	    -54.55032338	    -18.66363438	     15.20921278	     97.77135700	     21.99871879	      4.73745429	   -213.53176471	     -0.05303625	   -199.41298745	     -0.04117799	    -76.06170339	   -103.78542889	      5.74391245	     19.75833600	     -0.04563356	     -0.06243673
      3.03000000	     -9.47202251	    -15.98482447	     -9.13049642	     45.98246997	     63.47044770	     -9.85546523	    -55.16501981	    -33.80666056	     21.87085200	    -51.58052256	    -17.59398777	     13.75832125	     95.66949173	     20.83443004	      4.47664464	   -219.77530716	     -0.05290772	   -204.62778829	     -0.04008593	    -75.56716971	   -104.22737639	      5.55637486	     20.33620661	     -0.04722921	     -0.06411198
      3.03500000	      5.70458360	    -23.39075056	     -7.25038618	     61.40689196	     64.96073265	    -12.49697747	    -40.93908335	    -33.52329160	     20.71858489	    -48.77169987	    -17.07626253	     12.59639266	     93.13577623	     19.52231600	      4.17245050	   -225.06978673	     -0.05284879	   -209.52775696	     -0.03932857	    -75.52569942	   -104.29275000	      5.66284216	     20.82259247	     -0.04879069	     -0.06549600
      3.04000000	     13.73399406	    -27.08675318	     -5.44149269	     65.23810688	     63.03057922	    -19.20607422	    -31.20702089	    -32.47372383	     19.30923800	    -48.04699000	    -17.62308431	     12.29403559	     90.22397562	     18.12307469	      3.85587929	   -227.53209210	     -0.05285856	   -212.07920705	     -0.03892735	    -75.59036301	   -104.19921230	      5.69287431	     20.83679650	     -0.05021552	     -0.06654329
      3.04500000	     15.83210159	    -27.70119862	     -4.16287555	     58.90547505	     53.98416439	    -28.67883427	    -26.72119379	    -30.60704452	     17.62120889	    -47.76612382	    -18.32915314	     12.13094731	     86.97796426	     16.70471004	      3.55846090	   -227.23891057	     -0.05293983	   -213.43571279	     -0.03889054	    -76.10019323	   -103.72438931	      6.01057043	     21.07428525	     -0.05140856	     -0.06721239
      3.05000000	     12.87766802	    -24.83873725	     -3.21771613	     44.90411725	     47.65988177	    -40.77249917	    -26.69701322	    -28.94511171	     16.36095791	    -47.28563376	    -20.76334103	     12.99565175	     83.42878044	     15.33929661	      3.30962109	   -223.51191033	     -0.05309846	   -213.40105160	     -0.03921351	    -76.52676579	   -102.71126917	      6.07419291	     20.67225889	     -0.05228892	     -0.06746732
      3.05500000	      7.57972294	    -22.08704311	     -2.88894662	     27.68940503	     44.13276124	    -50.52364481	    -28.50116359	    -28.15524544	     15.81145380	    -46.64095091	    -23.10860184	     13.83075592	     79.59427691	     14.09840142	      3.13404151	   -217.92548686	     -0.05334217	   -211.70322596	     -0.03987977	    -77.04350341	   -101.29237780	      6.05947562	     20.31359811	     -0.05279517	     -0.06727957
      3.06000000	      3.38855330	    -19.95810732	     -2.57485687	     12.85126417	     46.27886318	    -56.42537882	    -29.45029896	    -27.87181566	     15.56049893	    -45.16869681	    -25.03520611	     14.38762991	     75.48135819	     13.04748146	      3.04929722	   -211.86914653	     -0.05367886	   -208.17139946	     -0.04086250	    -77.37976260	    -99.60741252	      6.01438265	     19.84190813	     -0.05288863	     -0.06663054
      3.06500000	      0.56658360	    -19.91205973	     -2.55085503	      2.18192407	     56.89377749	    -57.74631518	    -28.76912416	    -28.77332735	     16.01605771	    -43.16487755	    -26.38136256	     14.61120029	     71.09031867	     12.23984387	      3.06407230	   -204.79628183	     -0.05411481	   -203.08271895	     -0.04212637	    -77.57892974	    -97.84282403	      5.55767227	     19.36191153	     -0.05255442	     -0.06551410
      3.07000000	      0.06327647	    -19.61547670	     -2.10124784	     -3.29884148	     73.75323682	    -56.28255984	    -26.55509215	    -29.27146488	     16.07868559	    -39.91102106	    -27.28231063	     14.50593482	     66.42042194	     11.71094573	      3.17721082	   -197.17049025	     -0.05465298	   -196.89427824	     -0.04362930	    -77.67921678	    -95.76868569	      5.30513056	     18.77291501	     -0.05180082	     -0.06393881
      3.07500000	     -0.43011521	    -19.52072181	     -1.87459761	     -6.36688456	     92.66463228	    -52.53811818	    -24.44630391	    -29.81130499	     16.17959622	    -36.14207798	    -27.55685514	     14.06014826	     61.47568298	     11.47386417	      3.37775256	   -188.54466159	     -0.05529159	   -189.91958824	     -0.04532403	    -77.51139545	    -93.77724647	      4.89724683	     18.20153402	     -0.05065732	     -0.06192972
      3.08000000	     -2.57351190	    -19.19043181	     -1.94179465	     -8.60813041	    111.73843910	    -47.31613971	    -23.27327146	    -30.23393847	     16.26098472	    -32.74959081	    -27.22697287	     13.37897764	     56.26985137	     11.51668779	      3.64595385	   -178.75166043	     -0.05602307	   -181.77349758	     -0.04718343	    -77.26344050	    -92.25553700	      4.57541269	     17.88484465	     -0.04917180	     -0.05952987
      3.08500000	     -6.30576802	    -18.60215090	     -2.19731756	     -9.80856926	    131.47302674	    -41.92690600	    -22.50621755	    -30.77223526	     16.47360455	    -30.20652360	    -26.89922231	     12.85445023	     50.82980504	     11.80239538	      3.95515435	   -167.86377413	     -0.05683346	   -172.72726432	     -0.04919048	    -76.45547288	    -91.33893571	      3.88098390	     17.51769445	     -0.04740760	     -0.05679945
      3.09000000	     -9.68818241	    -17.53191079	     -2.31491462	     -8.41238799	    148.72751605	    -35.04928846	    -21.61234143	    -31.27224321	     16.65507438	    -27.48748727	    -26.56314933	     12.35941362	     45.19691123	     12.27148790	      4.27424492	   -157.46943064	     -0.05770223	   -163.04811859	     -0.05129278	    -75.27732765	    -90.49689364	      3.31717286	     16.98403504	     -0.04544056	     -0.05381431
      3.09500000	    -13.80340622	    -17.09802390	     -2.87894968	     -5.89464478	    163.03753917	    -27.24266112	    -21.30946607	    -32.08456575	     17.06966460	    -24.86878299	    -25.73775105	     11.66395367	     39.42629494	     12.84725628	      4.57042147	   -146.68242505	     -0.05861222	   -153.19890512	     -0.05344655	    -73.86152126	    -89.71288225	      2.63314006	     16.71202895	     -0.04335675	     -0.05066428
      3.10000000	    -19.39737581	    -16.36298328	     -3.34444265	     -3.86701367	    177.04002491	    -18.52714922	    -21.14545114	    -32.67611891	     17.36896077	    -23.42788274	    -24.76574990	     11.09307358	     33.58427209	     13.44320161	      4.81190901	   -135.93341118	     -0.05963688	   -142.23965955	     -0.05560718	    -71.91782086	    -88.61999190	      2.03286378	     15.91389239	     -0.04125189	     -0.04744889
      3.10500000	    -28.63793990	    -16.77197756	     -4.52716723	     -4.34609008	    189.05164963	     -9.49015348	    -22.51195856	    -33.56429639	     17.95494311	    -23.91279922	    -22.90799513	     10.33984956	     27.74445498	     13.97182184	      4.97041314	   -123.89515598	     -0.06070932	   -130.29704119	     -0.05772964	    -70.13523839	    -87.58008301	      1.23681496	     15.35652557	     -0.03922216	     -0.04427231
      3.11000000	    -38.02698684	    -15.04352237	     -4.97608829	     -4.64780884	    197.84440929	     -3.93981313	    -23.64928680	    -33.76210276	     18.14457642	    -25.17813663	    -22.51725042	     10.36889162	     21.98321355	     14.35374855	      5.02313651	   -112.02088389	     -0.06179585	   -118.49093809	     -0.05976906	    -67.94288487	    -86.09478538	      0.61509081	     14.49939090	     -0.03736845	     -0.04123836
      3.11500000	    -45.79335979	    -15.13942588	     -5.86049213	     -2.03109824	    208.57980903	      4.02005294	    -24.11339398	    -33.59630467	     18.07248938	    -25.46188296	    -20.47417134	      9.60042915	     16.37519698	     14.52612174	      4.95424294	   -100.21249722	     -0.06285729	   -106.50771823	     -0.06168119	    -65.47829315	    -84.06657497	      0.10274146	     13.42216333	     -0.03579157	     -0.03844670
      3.12000000	    -50.99152144	    -20.09085801	     -8.26622614	      3.84023469	    218.08220051	     15.84649886	    -24.19827628	    -33.93973987	     18.23480786	    -23.65590018	    -15.02196892	      7.22155708	     10.98949380	     14.44916378	      4.75570886	    -88.64295311	     -0.06384960	    -95.18949413	     -0.06342288	    -62.57905876	    -81.74791610	     -0.71663926	     13.19659134	     -0.03458910	     -0.03599004
      3.12500000	    -55.38072929	    -22.43417949	     -9.59305872	      9.85416105	    225.57079596	     23.69490268	    -23.34003252	    -33.25258442	     17.77909923	    -22.60829512	    -11.23472033	      5.73575028	      5.88683023	     14.11012044	      4.42756903	    -77.97007068	     -0.06472489	    -83.74088931	     -0.06489117	    -59.21250982	    -78.94944093	     -1.18955212	     12.53600860	     -0.03385168	     -0.03395662
      3.13000000	    -60.38160457	    -23.74743119	    -10.62578818	     14.99479634	    235.03976524	     28.32584238	    -22.57452482	    -31.76684931	     16.98558649	    -22.28538791	     -7.83961074	      4.54771954	      1.11800144	     13.52404847	      3.97758849	    -66.78696098	     -0.06543247	    -71.99003851	     -0.06588947	    -55.72114339	    -75.73647500	     -1.76018680	     11.85432467	     -0.03365891	     -0.03241910
      3.13500000	    -63.77772272	    -24.84947495	    -11.47385851	     20.76982148	    242.17938720	     32.95470118	    -21.40744230	    -29.33530346	     15.73478637	    -21.37618095	     -3.74819088	      3.14464006	     -3.27650973	     12.73133012	      3.42040379	    -56.54828790	     -0.06591892	    -60.33175586	     -0.06639819	    -52.18991867	    -71.96052893	     -1.92702043	     11.07754814	     -0.03407531	     -0.03142998
      3.14000000	    -65.20466980	    -26.58879156	    -12.27564720	     26.84295693	    244.50353802	     36.40924340	    -19.35812182	    -27.10284945	     14.52444085	    -20.18279569	      0.24787856	      1.82200312	     -7.26599898	     11.79225151	      2.77622078	    -47.34466908	     -0.06599208	    -49.74441037	     -0.06640116	    -48.28960609	    -67.85396277	     -2.17984765	     10.54789788	     -0.03515994	     -0.03102982
      3.14500000	    -64.53275361	    -25.73418476	    -12.33872425	     33.30291834	    242.33457559	     35.74842895	    -17.06369344	    -23.85188263	     12.93301787	    -18.13258601	      2.71109194	      1.02906181	    -10.82849221	     10.77940312	      2.06918895	    -38.80553945	     -0.06558968	    -40.57330771	     -0.06589572	    -44.16484126	    -63.42267901	     -2.35229830	      9.79692337	     -0.03692006	     -0.03124058
      3.15000000	    -60.46842542	    -24.44591580	    -12.10470416	     41.75745825	    236.65896645	     34.78801465	    -13.83492467	    -20.58585895	     11.27758670	    -14.55255011	      4.74634289	      0.30557187	    -13.94958642	      9.76894002	      1.32557334	    -31.62338779	     -0.06469160	    -32.73101454	     -0.06489204	    -40.19266653	    -58.45597202	     -2.49503454	      8.89951730	     -0.03934938	     -0.03206396
      3.15500000	    -54.34671910	    -23.91731880	    -11.73905731	     49.63282361	    221.90775826	     33.47655709	     -9.53190440	    -17.67858484	      9.65675483	    -11.16908281	      6.87831649	     -0.44802396	    -16.62151764	      8.83186153	      0.57186745	    -26.14926537	     -0.06329437	    -25.99746755	     -0.06341214	    -36.09294018	    -53.69169185	     -2.58383934	      8.51052541	     -0.04241276	     -0.03348048
      3.16000000	    -46.86815809	    -21.32524320	    -10.65236478	     56.53721188	    202.12869797	     29.23413406	     -4.62992191	    -14.44720016	      7.88779025	     -8.04330557	      7.33617860	     -0.66108062	    -18.84266908	      8.02643652	     -0.16697016	    -21.63997194	     -0.06141222	    -20.40454441	     -0.06156377	    -31.89097149	    -49.00474257	     -2.65734109	      7.91584464	     -0.04604550	     -0.03545788
      3.16500000	    -37.09560153	    -16.78855429	     -9.15387487	     62.93142552	    178.14346325	     23.61142310	      0.33879171	    -10.32562535	      5.79338027	     -3.63689453	      7.07556317	     -0.79545284	    -20.61752206	      7.39267436	     -0.86896268	    -17.93652182	     -0.05907713	    -16.43744455	     -0.05944671	    -27.67772488	    -44.04271940	     -2.20108583	      7.24988906	     -0.05015425	     -0.03792737
      3.17000000	    -29.57647275	    -11.67406102	     -7.72666458	     65.12530329	    153.10297787	     17.62955231	      3.98786839	     -6.79507704	      4.11447561	     -0.59492910	      6.04906941	     -0.63796422	    -21.95688795	      6.94939651	     -1.51607316	    -14.11610966	     -0.05632873	    -12.46266896	     -0.05703897	    -23.90105269	    -39.31273922	     -1.82188591	      6.53570160	     -0.05462319	     -0.04080545
      3.17500000	    -22.10872604	     -5.91929841	     -6.25215303	     65.16726887	    129.78292571	     10.60202559	      7.11954889	     -3.36525679	      2.66357272	      2.56917553	      4.42683243	     -0.36879985	    -22.87826203	      6.69412035	     -2.09456437	    -10.39047906	     -0.05325215	     -9.48840095	     -0.05432271	    -19.94994968	    -34.31800273	     -1.91860120	      5.56661079	     -0.05931778	     -0.04399416
      3.18000000	    -14.69877996	      0.87087539	     -4.66470827	     63.43547276	    103.14691799	      3.24271707	      9.62351550	      0.69770996	      1.08821304	      5.58569392	      2.72470262	     -0.15403247	    -23.40618713	      6.60561168	     -2.59476339	     -6.96374001	     -0.04993754	     -7.09830621	     -0.05128538	    -16.58340774	    -29.71874494	     -1.49526159	      4.87177048	     -0.06406792	     -0.04738226
      3.18500000	     -8.27693716	      6.91548106	     -3.30597662	     58.82499640	     76.09082745	     -2.13216147	     11.55423025	      4.05213790	     -0.18962979	      7.86544765	      1.20941891	      0.05022964	    -23.57250454	      6.64859264	     -3.01034994	     -4.12358197	     -0.04641560	     -4.96404980	     -0.04792304	    -13.43475921	    -25.11259340	     -1.01215418	      4.02400787	     -0.06870541	     -0.05084918
      3.19000000	     -2.65956935	     11.85086887	     -2.18223353	     52.40916614	     50.52733349	     -6.71134354	     12.93422480	      7.02523137	     -1.21321967	      9.70391218	      0.36739093	      0.04580617	    -23.41636472	      6.77979805	     -3.33736711	     -1.47080349	     -0.04272380	     -3.09696691	     -0.04418229	    -10.49419898	    -20.75980953	     -0.74987492	      3.57073492	     -0.07305922	     -0.05427370
      3.19500000	      1.96159720	     17.02440149	     -1.20276052	     44.54506187	     25.82974426	     -9.67451655	     13.53606553	      9.80944332	     -2.15909401	     11.10058354	     -0.63699497	      0.14876863	    -22.98387427	      6.95439754	     -3.57320295	      0.87817525	     -0.03890595	     -1.33468698	     -0.03991793	     -8.08955081	    -16.67904156	     -0.11142020	      2.80234503	     -0.07696237	     -0.05753916
      3.20000000	      5.98719918	     20.20367324	     -0.56546305	     35.88151719	      2.44354333	    -11.32494704	     13.71093594	     11.69234151	     -2.74482565	     12.25219521	     -0.90431988	      0.05067129	    -22.32723364	      7.13175972	     -3.71578425	      2.94837894	     -0.03501170	     -0.02221481	     -0.03547003	     -5.80089625	    -12.97105231	      0.13879939	      2.35939415	     -0.08025840	     -0.06050456
      3.20500000	      8.03226829	     22.81512803	     -0.04592782	     25.84998921	    -19.30863415	    -11.46988679	     13.12566731	     12.90982695	     -3.08019696	     12.20019221	     -1.18371702	      0.07522398	    -21.50324682	      7.27968063	     -3.76313976	      4.72759780	     -0.03109610	      1.65965758	     -0.03096928	     -4.08789436	     -9.68886914	      0.29711637	      1.75381184	     -0.08280712	     -0.06305579
      3.21000000	     12.41770700	     24.14028380	      0.59650836	     18.07817280	    -44.21215295	    -10.02635674	     13.95528294	     13.81272240	     -3.62380047	     12.64003046	     -0.86902903	     -0.09824287	    -20.57119970	      7.37652059	     -3.71338390	      4.86424507	     -0.02714856	      2.49217609	     -0.02654221	     -2.42661706	     -6.70235381	      0.59115754	      1.37627200	     -0.08449782	     -0.06509104
      3.21500000	     18.22796744	     24.19044028	      1.58285854	     13.13391168	    -69.14089319	     -7.55456202	     16.04757926	     13.42579636	     -3.85582925	     13.06817733	     -1.06603697	     -0.19129704	    -19.59024372	      7.41111131	     -3.56508756	      3.60272164	     -0.02332739	      2.82584437	     -0.02230534	     -0.96567120	     -4.25880500	      0.51816281	      0.93360831	     -0.08522755	     -0.06652406
      3.22000000	     22.72940414	     23.63303087	      2.34337198	      7.96011629	    -95.30181716	     -4.74683876	     16.96095792	     13.03354705	     -3.97025637	     13.41693146	     -0.87259505	     -0.39017587	    -18.61652150	      7.38072081	     -3.31792741	      2.63686491	     -0.01974617	      2.74184594	     -0.01835985	      0.06566706	     -2.46014354	      0.54774524	      0.65492144	     -0.08492767	     -0.06728665
      3.22500000	     28.71946595	     23.69873420	      3.11273782	      5.83449748	   -119.43299037	     -1.50716043	     17.79413213	     12.50087827	     -4.03262818	     15.43813890	     -1.50654096	     -0.45045789	    -17.70030687	      7.28771285	     -2.97344932	      1.41274416	     -0.01646515	      1.32122723	     -0.01478728	      0.60437226	     -0.61575760	      0.98334500	      0.07440748	     -0.08356494	     -0.06733044
      3.23000000	     28.13152086	     20.61605681	      3.61855005	     -1.05580296	   -139.13592420	      2.84680354	     16.01469975	     11.64538652	     -3.78568448	     14.44367178	      0.33081571	     -1.27934963	    -16.88340687	      7.13574467	     -2.53577862	      1.80935148	     -0.01352574	      1.68835019	     -0.01164665	      0.56338065	      0.18809555	      1.34832761	      0.72820754	     -0.08113867	     -0.06662794
      3.23500000	     28.27243100	     19.16476310	      3.48964741	     -4.99293390	   -154.57040352	      6.97242643	     14.29756885	     11.08635483	     -3.57460687	     14.51357765	      1.08879992	     -1.05210451	    -16.19701850	      6.92638493	     -2.01214427	      1.96859372	     -0.01095152	      1.21959811	     -0.00897891	      0.50459019	      0.76407662	      1.57498261	      0.33032083	     -0.07768071	     -0.06517320
      3.24000000	     27.13530259	     14.90432589	      3.45496122	     -8.44254882	   -162.39036132	     13.27253087	     12.86834286	      9.44682733	     -3.07330168	     13.90359321	      3.16896674	     -1.17658384	    -15.66017818	      6.65689988	     -1.41312181	      1.74623088	     -0.00875019	      1.32853156	     -0.00680606	      0.60062998	      1.06551691	      1.57034479	      0.32007255	     -0.07325402	     -0.06298113
      3.24500000	     21.51205952	     10.40233672	      3.30405165	    -15.05356926	   -167.09041995	     18.36194290	      9.92321512	      6.68691444	     -2.34994529	     11.07645494	      4.27405681	     -1.27346244	    -15.27890286	      6.31968091	     -0.75254328	      2.17351091	     -0.00691619	      2.19820942	     -0.00508368	      0.49092736	      0.71502651	      1.28627579	      0.56229804	     -0.06794979	     -0.06008307
      3.25000000	     17.18217719	      8.30858301	      3.27536458	    -18.94717195	   -163.02165832	     21.70613275	      7.56587830	      5.73354670	     -2.09227320	      9.60392386	      5.03652988	     -1.18859698	    -15.04609827	      5.90342722	     -0.04708184	      2.70542871	     -0.00543343	      2.38522312	     -0.00378975	      0.32350429	      0.76191576	      1.40902514	      0.58818015	     -0.06188324	     -0.05653103
      3.25500000	     11.90206697	      4.81563209	      3.32430447	    -22.73779888	   -152.66553298	     25.80472359	      5.45261494	      3.55291709	     -1.50816951	      7.67106938	      5.70790619	     -1.14038844	    -14.94228659	      5.39581961	      0.68442330	      2.85574202	     -0.00427798	      2.80469609	     -0.00288850	      0.32747352	      0.68725770	      1.16984589	      0.64701143	     -0.05518849	     -0.05239248
      3.26000000	      5.61543168	      1.81181725	      3.51133542	    -27.09646865	   -139.43811703	     29.61839410	      3.26874902	      1.50134798	     -0.96296182	      5.23395490	      6.06991009	     -1.09277306	    -14.93717094	      4.78710241	      1.42180035	      2.92939706	     -0.00342034	      3.46493123	     -0.00233327	      0.15147517	      0.51158910	      1.10785525	      0.64589464	     -0.04801318	     -0.04774803
      3.26500000	     -0.18281267	      0.75753015	      3.93256271	    -30.74302218	   -122.32481601	     31.00756423	      1.69789567	      0.76071108	     -0.72769667	      2.96910358	      5.78827888	     -0.92596178	    -14.99200697	      4.07380118	      2.14442359	      3.03533459	     -0.00282730	      3.89584240	     -0.00206999	      0.00040943	      0.35727869	      1.24148433	      0.57920123	     -0.04051300	     -0.04268903
      3.27000000	     -5.27072604	     -0.86252385	      4.12737665	    -33.96764199	   -103.95773552	     32.36573677	      0.21041808	     -0.42431808	     -0.36949018	      1.51157596	      5.47302077	     -0.71783560	    -15.06268893	      3.26177724	      2.83203074	      2.97424482	     -0.00246319	      3.83388667	     -0.00204092	     -0.14969332	      0.26743127	      1.25181996	      0.66422214	     -0.03284679	     -0.03731537
      3.27500000	    -10.66419016	     -3.33643894	      4.33770408	    -37.75860905	    -83.45996680	     34.34266550	     -1.15091469	     -1.89272880	      0.07295000	     -0.16606647	      5.60220600	     -0.65646547	    -15.10338054	      2.36795432	      3.46540426	      2.78140772	     -0.00229086	      4.08825615	     -0.00218823	     -0.28959867	      0.12076211	      1.14997423	      0.74449496	     -0.02517239	     -0.03173336
      3.28000000	    -14.68611099	     -3.27857407	      4.83540465	    -40.78190471	    -61.88511612	     33.72871218	     -1.62406214	     -2.28380050	      0.28468730	     -1.50504330	      4.35413697	     -0.32752345	    -15.07043401	      1.42031122	      4.02689294	      2.37057307	     -0.00227233	      3.97054879	     -0.00245710	     -0.36512741	      0.13904273	      1.24503139	      0.45473309	     -0.01764313	     -0.02605374
      3.28500000	    -18.43821209	     -4.09594753	      4.99293410	    -44.68772617	    -44.04354492	     32.75630981	     -2.38236519	     -2.88041180	      0.51096234	     -2.56538417	      3.67616536	     -0.13378863	    -14.92624592	      0.45605300	      4.50080013	      1.96318099	     -0.00236948	      3.74474510	     -0.00279810	     -0.38587893	     -0.01463423	      1.01799667	      0.54708387	     -0.01040522	     -0.02038980
      3.29000000	    -20.98850137	     -4.70155461	      5.14407973	    -48.01455998	    -26.73470073	     31.64431465	     -2.87595604	     -3.29361938	      0.79040204	     -2.96034284	      2.85084171	      0.10245896	    -14.64261559	     -0.48180450	      4.87370069	      1.73659135	     -0.00254484	      3.19363589	     -0.00316863	     -0.66088280	     -0.07081962	      1.23622516	      0.62383979	     -0.00359557	     -0.01485545
      3.29500000	    -22.77032358	     -4.58044379	      5.39457480	    -51.39314720	    -11.13719026	     29.43007185	     -2.86793354	     -3.03611494	      0.89312366	     -3.45939444	      2.08823835	      0.27425089	    -14.20315461	     -1.34893283	      5.13476323	      1.32057643	     -0.00276255	      2.85920883	     -0.00353367	     -0.74439270	     -0.14965628	      1.30509284	      0.60635964	      0.00265985	     -0.00956327
      3.30000000	    -23.68025470	     -4.11201225	      5.59140947	    -54.65260996	      1.32351243	     26.24067186	     -2.63441681	     -2.77978849	      1.01836920	     -3.78552188	      0.99350309	      0.48778579	    -13.60440269	     -2.10459365	      5.27613528	      0.85188109	     -0.00298966	      2.41093630	     -0.00386585	     -0.74679570	     -0.26872744	      1.27384994	      0.59608009	      0.00824751	     -0.00462237
      3.30500000	    -23.74671799	     -3.47386904	      5.47042225	    -57.77983478	      9.07734215	     23.03217169	     -2.77086635	     -2.34404183	      1.09974845	     -3.44824832	      0.13852581	      0.67264595	    -12.85552180	     -2.71620203	      5.29339918	      0.57404485	     -0.00319747	      1.73472881	     -0.00414490	     -0.92656398	     -0.31393138	      1.35807289	      0.65749424	      0.01306765	     -0.00013601
      3.31000000	    -22.86633916	     -2.54016685	      5.38874591	    -60.22103079	     13.95521047	     18.98542149	     -2.41270451	     -1.56309425	      1.07987771	     -3.14095637	     -0.51899282	      0.78361648	    -11.97669637	     -3.16285289	      5.18604982	      0.07747418	     -0.00336290	      1.24614792	     -0.00435707	     -0.86799436	     -0.39074074	      1.12743644	      0.70085377	      0.01703554	      0.00380086
      3.31500000	    -21.84795659	     -1.05667838	      5.22892949	    -62.44870004	     16.29761401	     15.02870274	     -2.38460005	     -0.60215799	      1.09685362	     -2.75622360	     -1.42846717	      0.92909311	    -10.99659323	     -3.43727826	      4.95790295	      0.07179631	     -0.00346961	      0.78150818	     -0.00449416	     -1.09282495	     -0.44677513	      1.51059909	      0.64331837	      0.02008267	      0.00710415
      3.32000000	    -20.11040952	      0.42781079	      4.67423633	    -63.52089242	     17.32868635	     10.61317680	     -2.61331881	      0.01244681	      1.15939409	     -1.69081882	     -2.44525553	      1.13973884	     -9.94935862	     -3.54596553	      4.61732760	      0.19869147	     -0.00350871	      0.06489963	     -0.00455277	     -1.09839071	     -0.30871722	      1.31624274	      0.45978206	      0.02215774	      0.00970325
      3.32500000	    -17.42824739	      2.06243799	      4.47270889	    -63.73861881	     10.73823858	      5.90673547	     -1.98410263	      1.50139607	      0.98108175	     -1.24277834	     -2.65035090	      1.11960317	     -8.87159580	     -3.50748338	      4.17721193	     -0.21445823	     -0.00347889	     -0.15033926	     -0.00453355	     -1.03263735	     -0.46086757	      1.33829165	      0.58067033	      0.02322741	      0.01154317
      3.33000000	    -14.72148566	      3.76105445	      3.88918717	    -62.84314741	      4.30005779	      1.40183218	     -2.08966298	      2.71971408	      0.92008995	     -0.13558883	     -3.11136637	      1.20944908	     -7.79962233	     -3.34937629	      3.65461023	      0.15340334	     -0.00338601	     -0.69334220	     -0.00444054	     -1.16436778	     -0.42346221	      1.57310293	      0.59402683	      0.02327662	      0.01258634
      3.33500000	    -12.02670150	      4.95177435	      3.23121150	    -61.20936883	     -5.54582499	     -2.61749755	     -2.24526684	      3.59571617	      0.89341533	      0.73013697	     -3.29356189	      1.22597800	     -6.76716424	     -3.10422407	      3.07006347	      0.36462436	     -0.00324215	     -0.97840612	     -0.00428068	     -1.18599037	     -0.43147048	      1.55087225	      0.61852416	      0.02230855	      0.01281359
      3.34000000	     -8.72751199	      6.40505530	      2.71114088	    -58.04878187	    -17.41938752	     -6.78068777	     -1.99002875	      5.02497566	      0.70606274	      1.56509867	     -3.14597225	      1.18118805	     -5.80356957	     -2.80555713	      2.44662591	      0.55262260	     -0.00306435	     -1.14728489	     -0.00406346	     -1.15420853	     -0.44620606	      1.68496085	      0.69658931	      0.02034417	      0.01222430
      3.34500000	     -5.78988239	      7.40000875	      2.05020555	    -54.04714162	    -29.34006479	    -10.22300855	     -2.04241439	      5.68809212	      0.68193228	      2.36573240	     -3.26178378	      1.20760213	     -4.93261940	     -2.48426360	      1.80866124	      0.84577324	     -0.00287327	     -1.26324718	     -0.00380059	     -1.06925804	     -0.36278966	      1.59734241	      0.59085263	      0.01742145	      0.01083567
      3.35000000	     -3.58736199	      8.07513451	      1.31148679	    -49.80745796	    -42.94028543	    -12.96751295	     -2.51139549	      6.52126441	      0.55683388	      2.82150875	     -2.82648539	      1.10229467	     -4.17203135	     -2.16595923	      1.18049262	      1.46078855	     -0.00269187	     -1.07149570	     -0.00350585	     -1.13007168	     -0.35198153	      1.63247389	      0.58138118	      0.01359433	      0.00868114
      3.35500000	     -0.74352541	      8.00118204	      0.81902492	    -44.13163817	    -57.11265753	    -15.13284801	     -2.19435443	      6.68778827	      0.55530035	      3.09687306	     -2.43172856	      1.00933972	     -3.53370368	     -1.86956881	      0.58500884	      1.40784244	     -0.00254446	     -0.79217415	     -0.00319498	     -0.82571888	     -0.33798840	      1.27694564	      0.54633472	      0.00893160	      0.00580840
      3.36000000	      2.04297130	      7.70781219	      0.27271338	    -37.54282668	    -70.22041827	    -16.56788017	     -2.12672942	      7.28647113	      0.44136771	      3.71207504	     -1.51146082	      0.84550298	     -3.02460368	     -1.60714425	      0.04234760	      2.03038871	     -0.00245589	     -0.69097684	     -0.00288585	     -0.85080015	     -0.29507468	      1.53800489	      0.72850549	      0.00351578	      0.00227706
      3.36500000	      4.16812267	      7.75448018	     -0.00432730	    -30.89738406	    -81.81523636	    -17.32231431	     -1.83595694	      7.52340895	      0.33840402	      3.65805722	     -1.12253916	      0.75700355	     -2.64802420	     -1.38475548	     -0.43121360	      2.27940523	     -0.00245125	     -0.15050872	     -0.00260315	     -0.76330313	     -0.17314525	      1.60487174	      0.49994949	     -0.00255789	     -0.00184377
      3.37000000	      6.58318295	      6.46029090	     -0.35075571	    -23.58430554	    -92.85293389	    -17.15756040	     -1.31206504	      6.90255329	      0.38830748	      3.81124912	     -0.39664071	      0.61848636	     -2.40481146	     -1.20415161	     -0.82403975	      2.21243633	     -0.00255558	      0.22886581	     -0.00236610	     -0.46960694	     -0.05737049	      1.19471270	      0.47843946	     -0.00918238	     -0.00647635
      3.37500000	      7.86330336	      5.30885093	     -0.67843310	    -17.08716896	   -102.06822693	    -16.41374001	     -1.27380208	      6.82106538	      0.27442256	      3.64120047	      0.66076668	      0.37200515	     -2.29416569	     -1.06480937	     -1.12951046	      2.84640661	     -0.00279379	      0.76022297	     -0.00219980	     -0.51629181	     -0.04857298	      1.48881182	      0.62965860	     -0.01623961	     -0.01153609
      3.38000000	      9.41026322	      4.08697469	     -0.80257863	    -10.24352122	   -109.28268219	    -15.71867235	     -0.63619864	      6.37015771	      0.18477822	      3.38817341	      1.36636171	      0.19349699	     -2.31376124	     -0.96596668	     -1.34595375	      3.03051121	     -0.00319047	      1.22879604	     -0.00213183	     -0.35797471	     -0.03279446	      1.46031163	      0.75545452	     -0.02360107	     -0.01693161
      3.38500000	     10.77564718	      2.48562335	     -0.79013726	     -3.43141899	   -111.96988149	    -13.89986238	      0.31311238	      5.42842634	      0.19089426	      3.09684449	      1.95489856	      0.02314367	     -2.45918305	     -0.90826965	     -1.47618261	      2.95450797	     -0.00376961	      1.82071014	     -0.00219230	     -0.14979391	      0.09355232	      1.38263673	      0.68819610	     -0.03112839	     -0.02256422
      3.39000000	     11.55218777	      1.05639174	     -0.79070728	      2.59367055	   -112.03951234	    -12.33381765	      1.16406966	      4.39322773	      0.16330038	      2.69553251	      2.24495800	     -0.10863742	     -2.72291864	     -0.89474679	     -1.52674208	      2.98528046	     -0.00455398	      2.35282747	     -0.00241372	      0.00529555	      0.16000183	      1.30846927	      0.68307942	     -0.03867400	     -0.02832684
      3.39500000	     12.14738380	     -0.46550419	     -0.74999230	      8.38588720	   -106.27522128	    -10.20958259	      2.22108494	      2.95043767	      0.22000858	      2.46233776	      2.22259611	     -0.17841520	     -3.09326312	     -0.93097138	     -1.50701071	      2.86725390	     -0.00556429	      2.89320045	     -0.00283070	      0.20357092	      0.35883554	      1.15165328	      0.45695778	     -0.04608241	     -0.03410279
      3.40000000	     12.91521368	     -1.34644626	     -0.50330545	     13.75172691	    -98.63941358	     -9.15610572	      3.72178486	      2.31123244	     -0.00419589	      2.22352866	      2.26244465	     -0.30813563	     -3.55346186	     -1.02444577	     -1.42829555	      2.65108036	     -0.00681808	      3.32001130	     -0.00347939	      0.34314066	      0.41917952	      1.27157864	      0.48791575	     -0.05319244	     -0.03976498
      3.40500000	     13.25700110	     -3.50307745	     -0.77244025	     18.39169831	    -85.44389525	     -7.53476192	      4.78626807	      0.55574707	      0.05145517	      2.56225877	      2.41063281	     -0.46542829	     -4.08130070	     -1.18338615	     -1.30302628	      2.43902181	     -0.00832828	      3.50482299	     -0.00439658	      0.61064034	      0.56703383	      0.70988128	      0.55135253	     -0.05984135	     -0.04517642
      3.41000000	     -0.52679833	     -0.81166037	     -3.18925938	      8.30692406	   -104.72346485	     -6.53107706	     -9.24652279	     -0.08736339	      1.52569615	      2.82741987	      1.93022259	     -0.51772853	     -4.64922510	     -1.41517947	     -1.14410315	      7.63186184	     -0.01008868	      3.71713596	     -0.00561850	     -5.30464371	      0.68921064	     -0.14637788	      0.48263034	     -0.06587278	     -0.05019279
      3.41500000	     -0.54264717	      9.63201893	     -0.79184249	      8.79242820	   -147.48497893	    -11.39060059	    -11.84482588	      6.34888085	     -0.01320113	      2.81998416	      1.49419631	     -0.67358785	     -5.22496031	     -1.72481982	     -0.96440197	      3.80159530	     -0.01207842	      4.12343391	     -0.00717920	    -10.69433225	      0.66369679	      0.04114608	      0.50328042	     -0.07114419	     -0.05466793
      3.42000000	     15.47339377	     -9.52877361	      0.68823447	     25.48200110	   -200.42842219	     -7.41780700	     11.41531998	      3.79247808	     -2.41165639	     -9.15180322	      9.19970599	     -1.61809466	     -5.77253400	     -2.11361028	     -0.77641157	     -9.15205787	     -0.01430378	      5.42829283	     -0.00910861	     -5.98444671	    -10.53139957	      0.18556131	      2.91575532	     -0.07553238	     -0.05846206
      3.42500000	     43.02128105	    -16.26360917	     -0.86615271	     54.52296592	   -187.88637943	     -4.03170383	     16.02387945	     -0.28731289	     -2.00307494	     13.47008763	      9.89034791	     -3.37668177	     -6.25358663	     -2.57834048	     -0.59197242	    -12.18918145	     -0.01675161	     -9.14541680	     -0.01143023	     -5.75135952	     -8.06119171	     -0.09671811	      2.92046829	     -0.07894771	     -0.06145214
      3.43000000	     38.82005969	    -11.53844464	     -1.07607090	     52.68659677	   -157.67130053	     -3.48546252	     11.10099749	      1.58045766	     -2.30879416	     16.87374297	     10.46368800	     -3.97427678	     -6.62887113	     -3.11104077	     -0.42207843	    -12.69353397	     -0.01940475	     -8.09120792	     -0.01415862	    -10.11416361	     -5.46061413	     -0.46317624	      2.84967365	     -0.08133855	     -0.06354255
      3.43500000	     40.42501695	     -9.92236382	     -2.46987447	     54.44825419	   -174.60296329	     -6.08988464	      5.52359641	      0.82242578	     -1.77096598	     23.08619012	      9.09848871	     -4.20619432	     -6.85984904	     -3.69930423	     -0.27670725	    -14.63500636	     -0.02224339	    -12.80213812	     -0.01729678	    -14.54446840	     -6.96116933	     -0.88651462	      3.08273022	     -0.08269349	     -0.06467427
      3.44000000	     32.78970845	    -12.72440565	     -5.15908596	     46.86197491	   -180.55860489	     -8.97704582	     -1.93990178	     -3.90792593	      0.26276820	     23.07456566	      6.17106556	     -3.76470865	     -6.91028233	     -4.32707548	     -0.16465162	    -14.11854006	     -0.02524687	    -15.70547852	     -0.02075905	    -18.34639171	    -10.19035979	     -1.89348153	      3.28796720	     -0.08303965	     -0.06483703
      3.44500000	     11.16623996	     -6.80852516	     -5.49753585	     24.72826360	   -168.85171449	    -20.95265750	     -9.73227337	     -1.87931168	      0.25250980	     11.16526595	      1.88220452	     -2.29215548	     -6.74773011	     -4.97572696	     -0.09331805	    -11.91043976	     -0.02839539	    -11.37843720	     -0.02456324	    -22.13314071	    -14.70295850	     -1.57422584	      3.11885010	     -0.08243778	     -0.06405732
      3.45000000	     -4.18707022	     -1.01395539	     -5.79028326	      7.94294878	   -144.84211817	    -29.12861119	    -16.36442823	      4.88953388	     -1.56887938	      4.75422912	      3.85051729	     -2.72277948	     -6.34487484	     -5.62521022	     -0.06845720	    -10.93863507	     -0.03167172	     -8.07021073	     -0.02871694	    -26.36014635	    -17.11313780	      0.01506917	      3.98498839	     -0.08097603	     -0.06240480
      3.45500000	    -12.09560751	     -2.70534033	     -5.73636002	     -0.92885590	   -114.61479071	    -30.22533067	    -15.10377030	      4.07093407	     -1.66751558	     -2.54268876	      4.19075457	     -2.68592995	     -5.68059729	     -6.25511199	     -0.09382228	    -16.45967647	     -0.03506213	     -4.36478134	     -0.03318729	    -29.02352892	    -19.77385607	     -0.34561467	      4.54180925	     -0.07876360	     -0.05999084
      3.46000000	    -13.30884776	     -9.37198629	     -5.38402437	     -3.33687890	    -80.94202917	    -25.85496709	     -8.05137282	     -0.19532015	     -1.11157771	     -9.44340496	      4.92599061	     -2.80728609	     -4.74071488	     -6.84553000	     -0.17079549	    -26.49261379	     -0.03855661	     -1.21206245	     -0.03792870	    -30.75638786	    -22.25343618	     -1.21892935	      5.14978379	     -0.07592494	     -0.05696130
      3.46500000	     -5.32858277	    -10.70429954	     -4.13069376	      3.85201232	    -49.75379409	    -25.02255107	     -0.97362195	     -2.70682368	     -1.02699997	     -8.08920873	      3.27570378	     -2.65849904	     -3.51831746	     -7.37775904	     -0.29804802	    -38.03508479	     -0.04210564	     -2.77218789	     -0.04288283	    -33.16370785	    -23.53723200	     -1.62430753	      5.32150415	     -0.07260370	     -0.05349040
      3.47000000	     14.42376530	    -12.19648609	     -3.61257518	     24.24903826	    -29.14589072	    -23.76058943	      5.85704782	     -5.18390181	     -0.76407164	      3.63920806	      1.74240997	     -2.92849308	     -2.01366705	     -7.83482429	     -0.47131012	    -50.28923620	     -0.04568807	    -11.57816030	     -0.04797907	    -36.06327465	    -24.75908479	     -1.86396084	      5.27192739	     -0.06893081	     -0.04977343
      3.47500000	     34.62657319	    -11.81946515	     -2.30920430	     45.18897299	    -27.55558572	    -27.40474364	     13.03151569	     -9.53794661	      0.38841341	     13.76523547	     -4.30839510	     -1.73133060	     -0.23366807	     -8.20190676	     -0.68332432	    -64.48110404	     -0.04926225	    -22.41429214	     -0.05313520	    -39.12245604	    -27.90899585	     -2.48938168	      5.27071952	     -0.06504468	     -0.04601795
      3.48000000	     48.08572583	     -7.73377123	     -1.60132481	     59.48375233	    -34.94606510	    -36.98031992	     14.02779362	    -14.29532864	      2.52285818	     22.95981531	    -14.27174393	      0.98754144	      1.80905395	     -8.46668130	     -0.92403180	    -75.38382279	     -0.05278078	    -35.55593181	     -0.05825917	    -43.22582471	    -32.10158905	     -2.95337037	      4.98661814	     -0.06107832	     -0.04243353
      3.48500000	     50.76653642	      1.10943501	     -1.84443611	     62.66551824	    -41.88069097	    -51.70936749	      6.48972382	    -16.47232225	      4.60732456	     30.58584155	    -25.07529519	      4.39634227	      4.09741511	     -8.61954845	     -1.18101213	    -81.28263414	     -0.05619049	    -49.12128136	     -0.06322067	    -48.32440170	    -36.73456532	     -2.73646811	      4.65502562	     -0.05715467	     -0.03922464
      3.49000000	     39.84147269	      4.04012742	     -3.95343597	     51.31219414	    -53.48032461	    -59.90924470	     -5.18993691	    -19.47642236	      7.55033378	     29.04988008	    -31.06626240	      6.90912223	      6.61141945	     -8.65371124	     -1.44016287	    -85.89564385	     -0.05943244	    -58.52352993	     -0.06783503	    -54.21190721	    -42.68170982	     -2.53639772	      5.46587610	     -0.05338296	     -0.03656028
      3.49500000	     22.35843253	      1.70779503	     -5.69729700	     32.17456906	    -64.55442461	    -59.65949876	    -13.74772018	    -22.23910258	     10.20320129	     17.95242324	    -32.26505339	      8.39099562	      9.32992343	     -8.56506745	     -1.68657393	    -93.91021427	     -0.06244280	    -62.65969005	     -0.07194528	    -59.56795884	    -48.89457729	     -2.03343315	      6.58759605	     -0.04985636	     -0.03457992
      3.50000000	      6.58994261	     -2.80937821	     -6.60036253	     15.22149454	    -79.41423411	    -57.35812178	    -18.19654324	    -24.90040531	     12.50468701	      3.74587810	    -32.09071073	      9.61653019	     12.23254325	     -8.35195919	     -1.90551612	   -104.83156783	     -0.06515291	    -66.65652175	     -0.07539219	    -64.50264211	    -55.09659385	     -1.45837404	      8.14014621	     -0.04665146	     -0.03337757
      3.50500000	     -4.40499889	    -14.75788631	     -8.17738140	     -2.49739109	   -124.08963150	    -49.61905339	    -18.82413148	    -26.90385527	     14.23797831	    -11.96930210	    -26.56654760	      9.06581381	     15.30153888	     -8.01485009	     -2.08341957	   -118.53046996	     -0.06752169	    -76.93586481	     -0.07802304	    -68.21545718	    -59.54187293	     -0.77241001	      9.89287928	     -0.04383722	     -0.03299496
      3.51000000	    -22.84226212	    -47.72269371	    -12.77768730	    -57.71995097	   -326.85999591	    -37.86119324	    -19.10825425	    -27.76979556	     15.36901081	    -45.74082442	    -10.36951954	      5.28941979	     18.52334109	     -7.55596202	     -2.20869985	   -132.32721349	     -0.06958776	   -112.17678281	     -0.07970293	    -71.87149892	    -59.08184217	      0.34816424	     10.63324732	     -0.04144624	     -0.03341858
      3.51500000	    -96.99457817	   -113.77464557	    -18.53281581	   -198.58107283	   -590.44550713	      4.36227901	    -17.02429445	    -25.41552471	     14.63237658	   -138.80425933	     30.84309457	     -7.93341295	     21.88932187	     -6.97890672	     -2.27233856	   -147.59741830	     -0.07129750	   -131.45400957	     -0.08032806	    -74.09290874	    -55.54897437	      1.83772738	     11.48058648	     -0.03950760	     -0.03458144
      3.52000000	   -168.88355391	   -138.44429794	    -18.63614526	   -267.77015722	   -460.40258281	     54.26895866	    -16.79393405	    -17.17266513	     10.71802351	   -201.66996297	     64.01651629	    -21.09583694	     25.39552234	     -6.28839349	     -2.26820409	   -161.90400037	     -0.07259661	    -81.30007327	     -0.07982906	    -75.84857876	    -61.42335939	      4.30684990	     16.54043682	     -0.03803778	     -0.03637377
      3.52500000	    -96.64268735	    -85.66107984	    -13.47960325	   -158.49147870	   -340.54224552	     23.39641686	    -21.68509208	     -7.97462522	      6.28671845	   -123.44201252	     41.32107870	    -14.84352747	     29.04124138	     -5.49007506	     -2.19316286	   -179.11113627	     -0.07343386	   -106.42159962	     -0.07833016	    -75.47742436	    -59.33023234	      6.12464075	     15.17277739	     -0.03704202	     -0.03864671
      3.53000000	    -30.84673863	      0.08473198	     -3.74307641	    -62.83734013	   -261.35709320	    -49.23840729	    -38.53632995	      6.71877267	     -1.02932942	    -41.51428393	     -0.56356779	      1.36559269	     32.82664062	     -4.59057083	     -2.04706858	   -196.04988967	     -0.07376549	   -136.71540068	     -0.07594386	    -72.50781599	    -57.81515892	      7.50770601	     11.43300368	     -0.03651516	     -0.04123181
      3.53500000	     -8.85007409	     43.26993487	     -4.93535649	    -16.85505476	   -158.06173625	    -80.38065219	    -67.21053654	      8.62371409	     -0.42324665	     12.40381739	    -22.34935914	      8.83356933	     36.74981943	     -3.59773455	     -1.83268943	   -196.00590907	     -0.07356005	   -154.72943129	     -0.07278467	    -70.88503092	    -57.85104553	      7.73130052	      9.87817407	     -0.03644183	     -0.04396945
      3.54000000	      9.37092872	     41.40030620	     -9.35251848	     33.88306892	     -4.76016955	    -68.17017091	    -72.53482483	     -4.96464042	      7.73926164	     41.22686520	    -31.00064317	     11.30268574	     40.80394243	     -2.52119551	     -1.55554278	   -192.01314956	     -0.07280323	   -162.76137499	     -0.06901074	    -70.37104206	    -58.85224620	      6.86712963	      9.51483968	     -0.03679618	     -0.04672355
      3.54500000	     46.41239392	     16.57438879	    -10.06131711	    105.32407137	    128.93828196	    -33.97114937	    -45.66430454	    -24.09674754	     16.86646626	     52.74257478	    -33.15916014	     11.72793673	     44.97487064	     -1.37308796	     -1.22355593	   -203.26588603	     -0.07152572	   -166.49933403	     -0.06481201	    -68.29983437	    -60.27956819	      5.44295791	      9.94930444	     -0.03754223	     -0.04939319
      3.55000000	     73.37205294	     -4.51330191	     -8.73458771	    158.38959630	    223.13625644	     -8.35623046	    -17.66845122	    -36.55742520	     21.97099729	     50.76942696	    -33.10602572	     12.02981484	     49.23953485	     -0.16881231	     -0.84651697	   -214.99892655	     -0.06971852	   -168.19844109	     -0.06039466	    -66.41792154	    -62.27294490	      4.65601920	     10.58584228	     -0.03863164	     -0.05191621
      3.55500000	     81.60130793	    -18.42970801	     -7.98244309	    181.00381271	    273.00771329	      6.49563039	     -1.61579387	    -42.51228886	     24.03667585	     40.42374718	    -31.44625568	     12.08678015	     53.56509032	      1.07238034	     -0.43536200	   -221.51630571	     -0.06739762	   -170.35747048	     -0.05596426	    -65.54204231	    -64.46927953	      4.72803038	     11.16420286	     -0.04000444	     -0.05426531
      3.56000000	     73.45205201	    -26.40935287	     -7.35943380	    174.88101761	    277.08628019	     11.93305477	      4.57742004	    -42.75069398	     23.22762351	     21.69575071	    -27.92805957	     11.76097364	     57.90870306	      2.32725769	     -0.00140392	   -225.17608515	     -0.06465888	   -172.74200375	     -0.05171040	    -65.43396569	    -66.63013628	      5.57290986	     12.00801585	     -0.04159442	     -0.05643919
      3.56500000	     52.40853045	    -34.39094581	     -8.40720222	    143.97003519	    233.90818800	     15.19692489	      1.63224137	    -41.59483891	     22.18522195	     -2.94332356	    -22.06815951	     10.51105061	     62.21775490	      3.56920043	      0.44437155	   -227.65985216	     -0.06161905	   -176.80756310	     -0.04780072	    -65.71153256	    -68.70095627	      6.36816871	     13.21113381	     -0.04333115	     -0.05845120
      3.57000000	     25.09769769	    -43.99885826	    -11.88700408	     98.42059157	    158.51295529	     20.30268813	     -9.68037108	    -40.80359759	     21.96564452	    -26.90828739	    -13.76066582	      7.59598953	     66.43037904	      4.76966564	      0.89184217	   -229.20019406	     -0.05840848	   -183.25946122	     -0.04434951	    -66.11495389	    -70.34320426	      6.74827590	     14.71339321	     -0.04514330	     -0.06031760
      3.57500000	     -2.77073980	    -47.42435998	    -14.58641078	     50.31354257	     89.64343542	     21.26163463	    -24.68603107	    -38.70918073	     21.08927068	    -46.90157623	     -7.42215537	      5.32903650	     70.47641831	      5.90045880	      1.33208147	   -229.83731037	     -0.05516286	   -187.56188749	     -0.04142569	    -66.53051005	    -71.23281271	      6.95306716	     15.41086466	     -0.04696102	     -0.06204783
      3.58000000	    -25.01895951	    -44.61067913	    -15.55354525	     10.23335096	     37.24255501	     18.28714514	    -38.95684425	    -36.63926098	     20.14785015	    -60.99835634	     -4.74850638	      4.62798957	     74.27899573	      6.93651578	      1.75750735	   -231.96406554	     -0.05201496	   -188.45469254	     -0.03909196	    -66.94429518	    -72.22243621	      7.23857463	     16.01688577	     -0.04871753	     -0.06363996
      3.58500000	    -30.57808013	    -38.67657223	    -15.36521819	     -7.35791539	     -3.10994600	     14.02814380	    -49.20329908	    -36.84626234	     20.59814480	    -62.42098885	     -6.54570408	      5.50873671	     77.75685971	      7.85869812	      2.16188883	   -236.65233042	     -0.04908726	   -191.97710020	     -0.03737584	    -67.12359636	    -72.79355988	      7.08161691	     16.11194213	     -0.05035037	     -0.06507768
      3.59000000	    -17.99628859	    -29.00563801	    -12.79374429	     -1.04261184	    -31.32496503	      5.21100205	    -51.83142348	    -35.73126866	     19.71363775	    -53.42922144	    -11.00663654	      7.09445756	     80.82751686	      8.65601908	      2.54025172	   -243.09681202	     -0.04648619	   -199.14895525	     -0.03627607	    -66.96945915	    -72.56983300	      7.07394703	     15.82187665	     -0.05180245	     -0.06633124
      3.59500000	     -4.06511869	    -19.00297347	     -8.92353579	      8.93683987	    -39.07835382	     -4.86051563	    -50.16235596	    -33.22929178	     17.67560628	    -45.72572284	    -15.28510205	      8.71273587	     83.41096106	      9.32676761	      2.88872297	   -247.70735195	     -0.04429807	   -202.86728067	     -0.03576971	    -66.97553485	    -72.39639021	      7.12177780	     15.41903392	     -0.05302304	     -0.06736039
      3.60000000	      6.85935235	    -11.62534171	     -4.68131569	     14.36860521	    -43.86527328	    -12.21901996	    -45.88059076	    -30.76581283	     15.61393342	    -42.74299618	    -18.24801714	      9.98924247	     85.43364198	      9.87817822	      3.20435452	   -252.54744116	     -0.04258694	   -203.01883133	     -0.03581851	    -67.05560005	    -72.21083234	      7.36983660	     15.23294203	     -0.05396875	     -0.06811856
      3.60500000	     12.73307639	     -7.55088999	     -0.79211302	     11.88159062	    -48.93447332	    -17.12717981	    -40.64985601	    -28.58952960	     13.86714836	    -44.78134173	    -19.60305318	     10.83899588	     86.83223520	     10.32458189	      3.48496890	   -256.38982097	     -0.04139401	   -200.83322351	     -0.03637410	    -66.91280776	    -71.69807171	      7.34878149	     14.97231378	     -0.05460458	     -0.06855718
      3.61000000	      9.80368243	     -7.81651283	      0.74999044	     -1.93320539	    -55.68016300	    -17.42100349	    -39.91015738	    -27.76304743	     13.46587977	    -49.78433309	    -18.56621761	     10.58066607	     87.55679173	     10.68430225	      3.72905835	   -256.15741213	     -0.04073833	   -197.24520804	     -0.03738164	    -67.48276128	    -71.16061475	      7.39072667	     15.06765222	     -0.05490481	     -0.06862989
      3.61500000	      2.74096060	    -10.83525693	      0.27261658	    -19.08689740	    -53.36249907	    -13.01631359	    -42.82045209	    -29.65593487	     15.33589444	    -53.44182343	    -17.42407144	     10.22826929	     87.57295268	     10.97585291	      3.93573650	   -252.50560231	     -0.04061840	   -192.28411219	     -0.03878223	    -68.55009238	    -70.39521475	      7.07355337	     14.88873288	     -0.05485387	     -0.06829622
      3.62000000	     -1.67987095	    -12.73785213	     -0.34361140	    -30.82221191	    -42.72050507	     -8.28814283	    -45.82740473	    -31.76326726	     17.40895875	    -53.15383226	    -16.95894838	      9.95788672	     86.86308171	     11.21416450	      4.10469971	   -247.92746506	     -0.04101431	   -186.75741962	     -0.04051451	    -69.73825031	    -69.38045424	      6.98655009	     14.67603366	     -0.05444703	     -0.06752512
      3.62500000	     -3.67602030	    -13.32778339	     -0.92423688	    -34.89533915	    -16.13663127	     -4.65012770	    -48.14893477	    -34.65300378	     20.03607084	    -49.49178186	    -18.11242127	     10.34421800	     85.42633502	     11.40756720	      4.23613209	   -241.60165508	     -0.04189015	   -179.56476817	     -0.04251574	    -71.14076882	    -68.74633226	      6.49740865	     14.43227482	     -0.05369067	     -0.06629815
      3.63000000	      0.45749169	    -12.47800854	     -0.76483890	    -27.36281172	     22.68461965	     -0.86382222	    -47.45506596	    -37.32562754	     22.25974419	    -41.63956980	    -20.40025905	     10.99029445	     83.27782395	     11.55607760	      4.33048761	   -235.04700189	     -0.04319646	   -171.75765262	     -0.04472277	    -72.67757254	    -68.10907762	      6.33524082	     13.94136353	     -0.05260217	     -0.06461243
      3.63500000	      8.21947616	    -11.30013089	      0.13681031	    -12.06297541	     68.86855397	      1.61917306	    -43.16758298	    -39.09980182	     23.59538022	    -32.92147388	    -22.71087374	     11.50790030	     80.44711158	     11.65124861	      4.38810682	   -228.15491442	     -0.04487274	   -162.97759821	     -0.04707283	    -73.95664523	    -67.85744130	      5.99414281	     13.59303568	     -0.05120906	     -0.06248321
      3.64000000	     14.01963621	    -10.47154480	      1.00233099	      2.72791496	    111.50860574	      5.02954899	    -38.65530721	    -40.31364561	     24.41197775	    -25.91103438	    -24.30047541	     11.73814346	     76.97630355	     11.67752692	      4.40869136	   -220.42698157	     -0.04684989	   -152.90412502	     -0.04954049	    -75.62404417	    -68.03398648	      6.07496844	     13.31728211	     -0.04954756	     -0.05994637
      3.64500000	     16.78717098	     -9.99683014	      1.71953359	     15.46386916	    152.13405906	      8.10978466	    -34.20344165	    -41.69448640	     25.25319818	    -21.24674027	    -26.10600648	     12.28285588	     72.91795914	     11.61480019	      4.39074651	   -211.28978881	     -0.04905262	   -141.79040530	     -0.05208349	    -77.08366030	    -68.64065890	      5.79373186	     12.66737953	     -0.04766098	     -0.05705762
      3.65000000	     17.06026937	    -10.22863253	      2.02857024	     25.03573074	    184.07418405	     10.53483229	    -30.32617187	    -42.24851927	     25.51161047	    -18.34930125	    -26.65548523	     12.25775518	     68.33299743	     11.44165534	      4.33114745	   -201.24140363	     -0.05140186	   -130.63591593	     -0.05465382	    -78.19593903	    -69.43426167	      5.48731270	     12.48733512	     -0.04559903	     -0.05389281
      3.65500000	     14.12271634	     -9.10244432	      2.40777334	     30.37637947	    209.40115999	     12.13354493	    -28.00395469	    -42.79389238	     25.75468475	    -16.83662399	    -28.29513898	     12.92170166	     63.28871204	     11.13882830	      4.22497146	   -190.09218878	     -0.05381709	   -119.56073910	     -0.05720919	    -79.32857249	    -69.63568777	      5.32732012	     11.67165353	     -0.04341825	     -0.05054561
      3.66000000	      9.03729634	     -8.61789807	      2.30173951	     32.50532278	    228.22574019	     12.87392139	    -26.41141985	    -43.32076056	     25.98361104	    -16.54401846	    -29.54825428	     13.43235187	     57.85694802	     10.69237593	      4.06569278	   -178.19277615	     -0.05632223	   -108.74025765	     -0.05970854	    -79.66673329	    -69.74304656	      4.66437692	     11.01411640	     -0.04118585	     -0.04712317
      3.66500000	      2.26709803	     -9.44385274	      1.61665610	     31.65427294	    237.60192488	     15.68194316	    -25.65926854	    -44.10161828	     26.30999349	    -17.17603701	    -29.87779925	     13.55163224	     52.11247694	     10.09618021	      3.84576029	   -166.36457188	     -0.05884804	    -98.12101577	     -0.06211142	    -79.83198825	    -69.39831732	      4.04881957	     10.37731257	     -0.03897350	     -0.04374017
      3.67000000	     -7.36879307	    -13.35507992	     -0.46989561	     26.30937596	    241.34814605	     21.74487908	    -26.42186403	    -46.04842943	     27.31670436	    -18.86137200	    -28.61747849	     13.05865441	     46.13162058	      9.35348832	      3.55748062	   -153.85092396	     -0.06132308	    -87.60265493	     -0.06437740	    -79.36684019	    -68.54784974	      2.80925471	      9.72525481	     -0.03686161	     -0.04051243
      3.67500000	    -16.71932681	    -16.55696824	     -2.63495983	     21.10193538	    244.23919824	     27.55454724	    -27.66087552	    -45.48019081	     26.91787416	    -19.58143421	    -25.12366058	     11.53696010	     39.99116865	      8.47732044	      3.19406859	   -140.55138961	     -0.06369246	    -77.12975142	     -0.06646563	    -78.64126668	    -67.09270382	      1.86265763	      9.24353878	     -0.03493741	     -0.03755169
      3.68000000	    -21.14431214	    -19.57867173	     -4.43034983	     21.42961581	    244.84541292	     33.00346648	    -26.85228592	    -41.64211591	     24.64767857	    -17.74476658	    -18.65764998	      8.61239122	     33.76760443	      7.48972469	      2.75072770	   -127.79211872	     -0.06590432	    -67.74978638	     -0.06833472	    -77.42694592	    -65.21850986	      1.43398469	      9.39949134	     -0.03329165	     -0.03496210
      3.68500000	    -26.34568668	    -22.85332994	     -6.45256077	     20.54223130	    245.24535617	     38.14521593	    -26.30214047	    -37.64893347	     22.40057600	    -16.28111681	    -11.86364008	      5.77610385	     27.53661413	      6.41998788	      2.22563839	   -114.55772392	     -0.06790963	    -58.42641051	     -0.06988929	    -75.73705635	    -63.03670681	      0.92069171	      9.61283138	     -0.03201506	     -0.03284215
      3.69000000	    -33.85563115	    -22.42053268	     -7.77830314	     16.88815945	    246.74840125	     38.24497904	    -27.04389099	    -34.16066195	     20.61483775	    -15.71475502	     -8.74045846	      4.61180978	     21.37281986	      5.30202245	      1.62074022	   -100.72330931	     -0.06966172	    -49.12420970	     -0.07094083	    -73.69227254	    -60.47465695	      0.14534995	      9.25741558	     -0.03119406	     -0.03127478
      3.69500000	    -38.61108386	    -19.91259451	     -8.27815629	     15.02343201	    246.27979565	     36.30917087	    -26.56634901	    -29.21777719	     18.10686252	    -14.04762612	     -6.20424597	      3.65204687	     15.34961672	      4.17126393	      0.94221414	    -87.72936134	     -0.07110608	    -41.06376728	     -0.07145994	    -71.12616439	    -57.07418067	     -0.04357962	      8.69134951	     -0.03090816	     -0.03032174
      3.70000000	    -43.90351155	    -19.62966559	     -9.48494171	     12.22165813	    243.48829059	     35.29829837	    -26.06497139	    -24.79980260	     15.96240465	    -13.20134246	     -2.28617102	      2.29154933	      9.53890223	      3.06151222	      0.20060331	    -75.10245394	     -0.07202477	    -32.88196413	     -0.07141952	    -68.08240163	    -53.96739741	     -0.54160776	      8.71950566	     -0.03123396	     -0.03003102
      3.70500000	    -48.06288749	    -17.21194598	    -10.31718992	      9.49395633	    238.14656111	     31.67054379	    -26.10014555	    -20.25410752	     13.93222447	    -11.21209653	     -0.12799716	      1.53458048	      4.01043687	      2.00217718	     -0.58945060	    -62.73395469	     -0.07236602	    -26.29698974	     -0.07080602	    -64.79343231	    -50.12958361	     -0.95579027	      8.28495239	     -0.03220430	     -0.03042933
      3.71000000	    -49.98216243	    -12.52197169	    -10.37323873	      8.61436059	    229.09235324	     24.74914831	    -25.23293250	    -15.46798464	     11.81178890	     -8.74097399	      0.01279646	      1.41742527	     -1.16936772	      1.01632156	     -1.40982243	    -51.54286057	     -0.07211736	    -20.82727043	     -0.06962056	    -61.17198981	    -46.34643184	     -1.21053048	      7.61561584	     -0.03384343	     -0.03151949
      3.71500000	    -49.07478109	     -9.25207305	    -10.45502131	      9.52829846	    216.40990283	     18.12964536	    -23.00299599	    -11.02448385	      9.78051960	     -5.64350487	      0.73454482	      1.01196016	     -5.93933548	      0.11977646	     -2.23976678	    -41.67792759	     -0.07128319	    -16.63111809	     -0.06787979	    -57.14041116	    -42.33485928	     -1.51697009	      7.21577722	     -0.03615102	     -0.03327843
      3.72000000	    -47.30069187	     -6.01750218	    -10.52610172	     10.29052559	    199.05725535	     11.70205322	    -20.78310391	     -7.67263525	      8.19138638	     -2.55065361	      0.54921658	      0.86696967	    -10.24605268	     -0.67856815	     -3.05687824	    -33.24447124	     -0.06988448	    -12.93058644	     -0.06565733	    -53.10175363	    -38.37249870	     -1.73719917	      6.73911928	     -0.03910013	     -0.03566195
      3.72500000	    -42.10367016	     -1.59461073	     -9.87544314	     13.24616192	    181.14573197	      2.98587002	    -17.01799195	     -4.34086479	      6.50033096	      1.56226952	     -1.09810549	      0.99297916	    -14.04676338	     -1.37545126	     -3.83799811	    -26.19551003	     -0.06795781	    -10.82559717	     -0.06309422	    -48.45437528	    -33.94476230	     -1.95306810	      5.98671284	     -0.04263637	     -0.03859156
      3.73000000	    -38.56411862	      2.74260596	     -9.19344873	     13.56317367	    163.23996992	     -5.75158796	    -13.33278408	     -1.60848759	      5.06847872	      3.57140664	     -3.20295064	      1.39106037	    -17.31216176	     -1.97128643	     -4.55996932	    -19.95828251	     -0.06554305	     -8.00396667	     -0.06019568	    -43.63826509	    -29.79343850	     -2.16817360	      4.99242410	     -0.04668957	     -0.04196128
      3.73500000	    -34.30709651	      4.84666993	     -9.09364527	     13.09957259	    140.78316889	    -12.26192956	    -10.20312357	      0.25289998	      3.95163465	      5.96871167	     -4.03390931	      1.31332885	    -20.02861256	     -2.46801879	     -5.20022769	    -14.56790322	     -0.06278308	     -5.93426449	     -0.05696395	    -38.94812818	    -25.71532773	     -2.14780943	      4.47737414	     -0.05114549	     -0.04564792
      3.74000000	    -28.32155798	      7.73081505	     -8.53654981	     14.04903188	    121.47659533	    -19.10462924	     -6.25369000	      2.39610582	      2.68877959	      8.69923377	     -5.26222149	      1.33548120	    -22.19943934	     -2.86722222	     -5.73730240	    -10.14671614	     -0.05970601	     -4.28657752	     -0.05340525	    -34.13440064	    -21.45458462	     -1.96938402	      3.59106672	     -0.05587086	     -0.04951157
      3.74500000	    -22.94701288	      9.53132562	     -8.08599090	     13.57021665	    101.12346919	    -25.24965086	     -2.47131610	      3.57287561	      1.74598909	     10.34831114	     -6.49687579	      1.38971626	    -23.84502963	     -3.16879976	     -6.15134088	     -6.54116244	     -0.05632197	     -2.64980041	     -0.04953220	    -29.25013683	    -17.56478182	     -1.85731109	      2.77433400	     -0.06072045	     -0.05340149
      3.75000000	    -17.48208356	      9.49951634	     -7.97296634	     12.84871448	     78.87557719	    -29.29143301	      0.78613742	      4.01097012	      1.01700466	     11.93749286	     -6.69024439	      1.15832913	    -25.00168160	     -3.37050605	     -6.42475627	     -3.45145205	     -0.05264884	     -1.31787612	     -0.04536690	    -24.81531581	    -14.04952621	     -1.51148011	      2.32456381	     -0.06553815	     -0.05716280
      3.75500000	    -11.85656267	      8.91704573	     -7.76851430	     12.17263998	     59.32632224	    -33.46847027	      3.95096618	      4.73643712	      0.32176486	     13.42071171	     -6.13141548	      0.76002010	    -25.71931276	     -3.46833039	     -6.54303641	     -0.74386284	     -0.04871464	     -0.21981891	     -0.04078902	    -20.13355811	    -10.83784428	     -1.31316018	      2.06755442	     -0.07016371	     -0.06065410
      3.76000000	     -6.71059849	      8.46764476	     -7.56553434	     11.09303604	     36.54870173	    -36.87772741	      6.09681835	      5.55880019	     -0.29502488	     14.79442886	     -5.44124294	      0.39624104	    -26.05824953	     -3.45764588	     -6.49568264	      1.83865086	     -0.04455951	      0.38785984	     -0.03595846	    -16.24901305	     -7.97455116	     -0.82033324	      1.66687596	     -0.07443972	     -0.06372396
      3.76500000	     -2.01756093	      7.77317930	     -7.17182293	      9.54541590	     11.65050787	    -40.05997154	      8.19791599	      5.90724743	     -0.80781136	     15.25780111	     -5.02631958	      0.13052180	    -26.08536511	     -3.33492078	     -6.27718194	      3.59364616	     -0.04009348	      0.93640925	     -0.03109273	    -12.44151964	     -5.79554852	     -0.33440186	      1.32702733	     -0.07823349	     -0.06623904
      3.77000000	      3.69268477	      7.28886836	     -6.67072942	      9.64809244	    -14.78123744	    -42.52375026	      9.69284221	      5.91980364	     -1.14225414	     16.88153735	     -4.93454747	     -0.09570069	    -25.86989794	     -3.09968207	     -5.88787557	      4.94520279	     -0.03556485	      0.38158928	     -0.02632328	     -9.35339151	     -3.65850969	      0.03740577	      0.79051914	     -0.08139476	     -0.06809383
      3.77500000	      9.36482499	      6.12055519	     -5.85578012	      9.77524023	    -46.64382477	    -43.96580832	     11.63455139	      5.99044694	     -1.60673185	     17.44472066	     -4.03623982	     -0.48478955	    -25.47931389	     -2.75637006	     -5.33458800	      5.10844627	     -0.03111841	      0.10054096	     -0.02176952	     -6.72716972	     -2.29816742	      0.46322130	      0.75839468	     -0.08380967	     -0.06920812
      3.78000000	     14.08659258	      4.87239531	     -4.64834606	     10.11421716	    -73.30318769	    -43.71471490	     14.02503691	      5.14252870	     -1.81309201	     16.84417988	     -3.62618143	     -0.58079638	    -24.97555949	     -2.31573671	     -4.63089954	      4.18972333	     -0.02685901	      0.43952333	     -0.01753367	     -4.30933922	     -0.94915902	      0.41345639	      0.27129870	     -0.08539194	     -0.06952919
      3.78500000	     19.80534022	      3.08772863	     -2.93091029	     11.65346669	   -100.71308537	    -43.24687021	     16.47552918	      4.45014898	     -2.07563198	     17.00377266	     -2.39143799	     -1.33815042	    -24.41202572	     -1.79548791	     -3.79696028	      2.56896910	     -0.02287326	      0.26424915	     -0.01369691	     -2.33088985	      0.23617671	      0.36362379	      0.93967997	     -0.08608191	     -0.06903218
      3.79000000	     23.09001438	      1.29828605	     -2.24987882	     12.38715544	   -126.10225541	    -40.18823428	     17.29914997	      2.86791647	     -2.06758666	     16.74699462	     -1.71201901	     -1.19254701	    -23.83147078	     -1.21997144	     -2.85877391	      1.38326176	     -0.01922712	      0.04126561	     -0.01031720	     -0.83667226	      0.72442884	      0.28332586	      0.47992079	     -0.08584675	     -0.06771862
      3.79500000	     25.68485056	     -1.66850552	     -1.29134113	     13.61315133	   -144.09693838	    -35.66686698	     18.25357198	      1.76019904	     -1.98480135	     16.22412696	      0.49254204	     -1.40498296	    -23.26501684	     -0.61888143	     -1.84695059	      0.13400890	     -0.01596477	      0.16786476	     -0.00742877	      0.51660240	      1.00934031	      0.20646476	      0.47374184	     -0.08467910	     -0.06561362
      3.80000000	     27.46497875	     -1.11237143	      0.63070138	     14.90142622	   -159.91538511	    -33.85985327	     19.52533266	      3.55425737	     -2.31885808	     14.74698685	      2.22559986	     -1.55835186	    -22.73218794	     -0.02513896	     -0.79501336	     -0.72704665	     -0.01310894	      0.50285181	     -0.00504319	      0.96192580	      0.93959120	      1.07728541	      0.70155900	     -0.08259431	     -0.06276215
      3.80500000	     23.11069738	     -0.32320811	      1.56864896	     11.02459610	   -169.72079831	    -31.22247592	     17.02526211	      4.00966328	     -2.21598286	     11.89792513	      2.91209521	     -1.56833204	    -22.24182801	      0.52773055	      0.26257985	     -0.10659874	     -0.01066249	      1.46683413	     -0.00315173	      0.76426423	      0.74460725	      1.22956932	      0.53925372	     -0.07962686	     -0.05922504
      3.81000000	     18.36685796	     -0.91218845	      1.90591706	      7.57540412	   -170.19512491	    -27.39136872	     13.96357361	      3.53698102	     -1.90784565	     10.05695121	      3.87874619	     -1.54628503	    -21.79363856	      1.00829750	      1.29247465	      0.76546932	     -0.00861104	      1.83565477	     -0.00173111	      0.67071845	      0.66228623	      0.97532354	      0.59202436	     -0.07582638	     -0.05507553
      3.81500000	     14.85680051	      0.14677001	      2.86788486	      5.44419951	   -165.21598610	    -24.08443782	     12.36303003	      4.56773848	     -1.90443957	      8.37482732	      4.67084053	     -1.46648845	    -21.38003160	      1.38956389	      2.26427264	      0.96415628	     -0.00692631	      2.08184004	     -0.00073787	      0.57999763	      0.63048766	      1.27396574	      0.59437296	     -0.07125399	     -0.05039563
      3.82000000	      9.23867855	     -1.52569302	      3.29094238	      1.70912692	   -152.06236142	    -18.57638486	      9.96244673	      3.65156288	     -1.47837227	      6.20954789	      5.83076749	     -1.50575004	    -20.98802460	      1.65058265	      3.15199035	      1.31921073	     -0.00556990	      2.63712672	     -0.00012299	      0.63968581	      0.42704588	      0.91559606	      0.72770781	     -0.06597945	     -0.04527489
      3.82500000	      3.32999206	     -1.34714859	      3.77870468	     -2.74527306	   -136.75734029	    -13.64357066	      7.53711305	      3.57205827	     -1.25693468	      4.08064995	      6.10259739	     -1.35558419	    -20.60099073	      1.77718871	      3.93499997	      1.65519233	     -0.00449720	      3.01374207	      0.00016499	      0.39532384	      0.28345995	      1.03122693	      0.64249292	     -0.06007948	     -0.03980914
      3.83000000	     -1.54677627	     -0.76028817	      4.25485649	     -6.43434224	   -116.62722672	     -9.38079094	      5.78861540	      4.20804508	     -1.19106325	      2.66094300	      6.46387926	     -1.18216768	    -20.20017611	      1.76188163	      4.59842276	      1.88716658	     -0.00366096	      2.98514259	      0.00018113	      0.30139385	      0.21501961	      1.18650066	      0.67196920	     -0.05363734	     -0.03409946
      3.83500000	     -6.84987707	     -1.99060861	      4.46331509	    -11.05861946	    -94.61894855	     -3.35603923	      3.86032450	      3.70899768	     -0.88335227	      1.23081496	      7.19206353	     -1.10884137	    -19.76598509	      1.60307441	      5.13302751	      1.92332659	     -0.00301455	      3.04855321	     -0.00001868	      0.21871053	      0.06408670	      1.11947248	      0.83072848	     -0.04674338	     -0.02825160
      3.84000000	    -12.24861653	     -2.91603448	      4.37817301	    -16.33503477	    -71.28915979	      2.33915001	      1.59993720	      3.04489042	     -0.56230417	      0.19062571	      7.35137453	     -0.90926463	    -19.27910137	      1.30402657	      5.53474365	      2.16232500	     -0.00251424	      2.81115031	     -0.00038005	      0.06801883	     -0.01127004	      0.98529972	      0.89695756	     -0.03949619	     -0.02237520
      3.84500000	    -16.97991253	     -1.90883017	      4.76590183	    -21.60056679	    -47.63326154	      6.86204358	      0.35418906	      3.47419627	     -0.48478737	     -1.24645566	      6.67674844	     -0.59316463	    -18.72153346	      0.87180002	      5.80392907	      2.03477716	     -0.00212154	      2.79691019	     -0.00085188	     -0.08128001	     -0.04556724	      1.22656246	      0.58740754	     -0.03200390	     -0.01658238
      3.85000000	    -21.19730412	     -3.37305978	      4.65396392	    -27.29557826	    -27.17140813	     12.77638319	     -1.27248096	      2.89719945	     -0.20410192	     -2.03590163	      7.07635566	     -0.49176639	    -18.07762771	      0.31650858	      5.94453699	      1.95044504	     -0.00180392	      2.55174941	     -0.00138758	     -0.24088518	     -0.21509809	      1.20445943	      0.82219971	     -0.02438507	     -0.01098584
      3.85500000	    -24.75027400	     -4.32155202	      4.55611699	    -32.79116064	     -6.96854916	     18.03758765	     -2.56617129	      2.40147176	      0.04600055	     -2.64532741	      6.95814758	     -0.30224822	    -17.33502561	     -0.34899781	      5.96330561	      1.82761763	     -0.00153530	      2.25169351	     -0.00194585	     -0.32791581	     -0.27873139	      1.13110829	      0.83568807	     -0.01676885	     -0.00569622
      3.86000000	    -26.96622038	     -5.04447281	      4.62208738	    -37.87709825	      8.21936445	     22.70447237	     -3.15586143	      2.30570042	      0.19702225	     -3.14789768	      6.87441862	     -0.14944497	    -16.48551772	     -1.10901614	      5.86905267	      1.39326875	     -0.00129613	      1.92617975	     -0.00249117	     -0.41287643	     -0.42181813	      1.25691073	      0.97446668	     -0.00929411	     -0.00081918
      3.86500000	    -29.92006622	     -5.38682974	      4.38787103	    -43.68058336	     23.31103317	     26.92695437	     -4.48153191	      1.79728241	      0.41020068	     -3.76717796	      6.04571450	      0.11948053	    -15.52576591	     -1.94456724	      5.67210857	      1.48931481	     -0.00107292	      1.76215838	     -0.00299405	     -0.57549405	     -0.42120734	      1.14466780	      0.69280828	     -0.00210745	      0.00354772
      3.87000000	    -30.47664414	     -6.03387512	      4.20127693	    -48.08059984	     30.63958633	     30.58382797	     -4.98280866	      1.68213642	      0.52773921	     -3.62483355	      5.76419289	      0.29441834	    -14.45790096	     -2.83287782	      5.38387768	      1.19583097	     -0.00085763	      1.21037262	     -0.00343120	     -0.72254713	     -0.48291481	      1.25187509	      0.84104869	      0.00463974	      0.00731817
      3.87500000	    -30.56288326	     -6.10665390	      4.07320552	    -51.95470079	     36.05390865	     33.29973461	     -5.23386584	      1.83373231	      0.56802649	     -3.63199097	      5.19305999	      0.49009678	    -13.29004979	     -3.74701128	      5.01648732	      1.01637567	     -0.00064664	      0.87782541	     -0.00378547	     -0.81687295	     -0.48864745	      1.32794257	      0.76892968	      0.01079534	      0.01041976
      3.88000000	    -30.17022903	     -7.00415509	      3.83351709	    -55.46939906	     36.61438434	     35.87542460	     -5.53227503	      1.72318361	      0.65435047	     -3.67031851	      5.07018079	      0.55747453	    -12.03686147	     -4.65588328	      4.58247575	      0.93164869	     -0.00043994	      0.69731521	     -0.00404576	     -0.90785369	     -0.60698673	      1.29751104	      0.89859706	      0.01621099	      0.01279630
      3.88500000	    -28.60805710	     -7.88676987	      3.56702781	    -57.57773455	     34.49854226	     38.12673254	     -5.53030195	      1.29319745	      0.81001068	     -3.30098437	      4.69641893	      0.68814007	    -10.72002579	     -5.52486478	      4.09448841	      0.71624944	     -0.00024039	      0.40607030	     -0.00420668	     -0.91040551	     -0.55209102	      1.15605678	      0.85924025	      0.02074713	      0.01440937
      3.89000000	    -26.16361956	     -7.15324026	      3.49318615	    -58.92056727	     25.24617513	     38.20375522	     -5.06437312	      2.08750614	      0.66495360	     -3.18611436	      4.08814594	      0.83162282	     -9.36865074	     -6.31710723	      3.56498415	      0.54789718	     -0.00005308	      0.18313736	     -0.00426798	     -1.02234897	     -0.65461704	      1.40776639	      0.94898896	      0.02427806	      0.01523904
      3.89500000	    -23.52456293	     -7.24753488	      3.22372995	    -59.18780415	     15.63198968	     38.67878048	     -4.83822661	      2.37913081	      0.63053763	     -2.85856351	      3.90358209	      0.88140557	     -8.01927288	     -6.99562530	      3.00598162	      0.59971785	      0.00011516	      0.13140524	     -0.00423388	     -1.06427024	     -0.62940932	      1.39370687	      0.96208107	      0.02669684	      0.01528372
      3.90000000	    -21.21216046	     -6.56768010	      2.98540682	    -59.03163360	      3.23323893	     37.96503593	     -4.74025875	      2.80244987	      0.55721990	     -3.00062969	      3.26395854	      0.98293360	     -6.71524118	     -7.52605280	      2.42888664	      0.86806490	      0.00025598	      0.34579275	     -0.00411217	     -1.13416250	     -0.66336984	      1.36747548	      0.84228248	      0.02791980	      0.01455906
      3.90500000	    -17.35557300	     -5.44720007	      2.83200446	    -56.62668505	    -11.56402171	     36.37716896	     -3.95772543	      3.60591591	      0.39216826	     -2.59071207	      2.76977469	      1.08622351	     -5.50525454	     -7.87984814	      1.84443154	      0.92324936	      0.00035963	      0.33184550	     -0.00391339	     -1.08062399	     -0.58971481	      1.41976455	      0.80313922	      0.02789045	      0.01309592
      3.91000000	    -14.14492692	     -4.80681525	      2.44539682	    -53.92493582	    -28.88302615	     34.51209070	     -3.79009652	      3.99431604	      0.32145983	     -2.32630770	      2.46126579	      1.12736839	     -4.44096824	     -8.03758582	      1.26273201	      1.32776682	      0.00041490	      0.42640159	     -0.00365011	     -1.08752083	     -0.61598756	      1.31059777	      0.92774425	      0.02658260	      0.01093782
      3.91500000	    -10.64866837	     -2.65164295	      2.38844253	    -49.75024604	    -46.00776146	     31.79944296	     -2.99433330	      5.02150275	      0.09016089	     -2.32817187	      1.67716186	      1.24930654	     -3.57376554	     -7.99187888	      0.69343475	      1.50766310	      0.00040903	      0.80114325	     -0.00333637	     -1.05645778	     -0.51166313	      1.43530252	      0.68526521	      0.02400266	      0.00813779
      3.92000000	     -6.79685242	     -0.34324277	      2.10007264	    -44.25225714	    -64.49572801	     28.17053739	     -2.37611362	      6.31369502	     -0.22010485	     -1.73507001	      1.19170160	      1.34734206	     -2.95096172	     -7.74945408	      0.14589871	      1.95547771	      0.00032757	      0.82544371	     -0.00298726	     -1.04580293	     -0.37738542	      1.57068132	      0.70968072	      0.02019080	      0.00475542
      3.92500000	     -3.83960091	      1.03688864	      1.82798242	    -38.48637448	    -82.93514043	     24.67693334	     -1.88745493	      6.78546227	     -0.33069177	     -1.66887697	      0.77482935	      1.37932204	     -2.61188278	     -7.33193289	     -0.37067192	      2.34991668	      0.00015428	      1.13602862	     -0.00261940	     -0.94414230	     -0.39826618	      1.47086389	      0.83786282	      0.01522106	      0.00085404
      3.93000000	     -1.08258219	      3.06360682	      1.61605168	    -31.67759333	    -98.97092944	     20.64326932	     -1.23190669	      7.59473664	     -0.54403160	     -1.52976062	      0.26594647	      1.43340148	     -2.58438913	     -6.77497746	     -0.84723337	      2.78041256	     -0.00012883	      1.50817095	     -0.00225129	     -0.82751957	     -0.30268076	      1.46257590	      0.80548584	      0.00920025	     -0.00350126
      3.93500000	      1.01422727	      4.35431563	      1.37594842	    -24.63867097	   -114.87572372	     16.51344615	     -0.62711891	      7.83938863	     -0.64945740	     -1.66382998	     -0.09939632	      1.42142725	     -2.88235688	     -6.12567898	     -1.27511470	      3.02902414	     -0.00054134	      2.01137252	     -0.00190413	     -0.64879090	     -0.31301686	      1.13051597	      0.90289834	      0.00226565	     -0.00824470
      3.94000000	      2.69414285	      6.62727046	      1.22487214	    -16.91283945	   -125.25557503	     12.26161024	      0.05665999	      8.40459403	     -0.82778145	     -1.55708027	     -1.02225699	      1.55785538	     -3.50441934	     -5.43835292	     -1.64645578	      3.47678085	     -0.00110405	      2.47136563	     -0.00160274	     -0.56004504	     -0.08780832	      1.39858623	      0.60329862	     -0.00541840	     -0.01330973
      3.94500000	      3.97869080	      7.95284096	      0.94653299	     -9.05444616	   -134.29796874	      7.26550583	      0.76844957	      8.54378829	     -0.94526595	     -1.45053405	     -1.68545703	      1.62083205	     -4.43406316	     -4.76917078	     -1.95483419	      3.86677488	     -0.00183838	      2.79633892	     -0.00137644	     -0.35715658	     -0.01102474	      1.28235594	      0.63375619	     -0.01366480	     -0.01862790
      3.95000000	      4.57017017	      9.48888266	      0.94753354	     -1.40817218	   -139.73614217	      2.54510612	      1.84241528	      8.69389525	     -1.10493025	     -1.80260339	     -2.59832458	      1.68915563	     -5.64094190	     -4.17028439	     -2.19599231	      3.90253817	     -0.00276551	      3.50477516	     -0.00125963	     -0.18769272	      0.08995982	      1.37619558	      0.37057654	     -0.02226871	     -0.02412679
      3.95500000	      5.14331046	      9.23214807	      0.42838480	      6.30050376	   -142.21377188	     -1.72143094	      2.47570258	      8.33506297	     -1.16961581	     -1.27107492	     -2.55863310	      1.57920627	     -7.08300496	     -3.68426787	     -2.36853301	      4.18698886	     -0.00390526	      3.69498464	     -0.00129193	     -0.05280389	      0.19925203	      1.32868942	      0.57540369	     -0.03101313	     -0.02972752
      3.96000000	      5.22851445	      9.05023211	     -0.00617077	     13.66058529	   -139.22309806	     -6.43466606	      3.34994040	      7.59257186	     -1.16792069	     -0.83269096	     -3.20237119	      1.60982528	     -8.70895454	     -3.33969882	     -2.47444719	      4.29384712	     -0.00527473	      3.88248314	     -0.00151770	      0.14053557	      0.34296048	      1.23417675	      0.54123990	     -0.03967492	     -0.03534211
      3.96500000	      4.96872044	      8.53152219	     -0.39545477	     20.54576691	   -130.87665566	    -10.81632407	      4.44141976	      6.74750078	     -1.18109559	     -0.39260802	     -3.81635974	      1.60296098	    -10.46066368	     -3.14849401	     -2.51937138	      4.21966286	     -0.00688663	      4.17636873	     -0.00198488	      0.32082526	      0.50882835	      1.22483941	      0.38821763	     -0.04803157	     -0.04087169
      3.97000000	     -0.58424837	      8.17703651	     -1.82520806	     22.32102021	   -129.43412785	    -14.24556073	      0.27314626	      5.58924787	     -0.58710632	      0.07598422	     -4.30981445	      1.52992573	    -12.27529997	     -3.10532567	     -2.51252053	      6.20352089	     -0.00874749	      4.54025412	     -0.00274296	     -1.85507087	      0.65767430	      0.52072053	      0.19992501	     -0.05586883	     -0.04620591
      3.97500000	     -2.52041494	      6.13488378	     -2.80400500	     26.16264883	   -119.81943147	    -16.89038265	     -0.55041989	      3.92840125	     -0.15489796	      1.16332378	     -4.24213557	      1.32180888	    -14.08700531	     -3.18913906	     -2.46628512	      6.12218413	     -0.01085572	      4.54895805	     -0.00384041	     -2.53415996	      0.79049787	      0.11236242	      0.28146147	     -0.06298957	     -0.05122453
      3.98000000	     -3.62205297	      9.30854468	     -1.87668953	     28.26136374	   -160.02609627	    -19.04284879	     -2.20038204	      5.77260136	     -0.34401493	      0.69796335	     -3.56231175	      0.72055731	    -15.82817731	     -3.36646798	     -2.39552155	      2.21329306	     -0.01319978	      5.31981169	     -0.00532146	     -7.73502920	      0.39589770	     -0.58150568	      0.78499144	     -0.06922352	     -0.05580172
      3.98500000	     14.94919527	      4.83067104	      2.24607685	     48.02760581	   -225.32877084	    -20.63300068	     19.45570911	      8.59939514	     -3.88121021	     -7.08392913	      1.19919715	      0.46781707	    -17.43056090	     -3.59598423	     -2.31659418	    -14.12912310	     -0.01575660	      7.44487124	     -0.00722251	     -7.25935811	     -6.34797558	     -0.24556357	      1.45768663	     -0.07443682	     -0.05981299
      3.99000000	     46.22634122	     -6.31024967	     -0.65153288	     80.03529271	   -255.15083492	    -28.13082874	     26.14130270	      5.91901754	     -4.13012477	     14.38580004	      4.15859763	     -1.81869046	    -18.82639815	     -3.83360146	     -2.24625122	    -16.25150408	     -0.01849061	    -11.58093768	     -0.00956849	     -5.38184982	     -9.19503111	      0.22592046	      1.95445907	     -0.07853981	     -0.06314421
      3.99500000	     44.66207981	     -1.37922868	     -0.91298178	     83.11423421	   -193.09959247	    -26.69904150	     23.36558523	      7.24955201	     -4.34847720	     21.26745953	      4.30654918	     -2.52364097	    -19.94985032	     -4.03746741	     -2.20043335	    -16.85047423	     -0.02131856	    -10.84019598	     -0.01236925	     -8.49509304	     -4.51389393	      0.57290736	      1.62151500	     -0.08149568	     -0.06570115
      4.00000000	     33.07951291	     -2.30864627	     -4.34345600	     73.60157136	   -190.61733858	    -24.21257030	     11.01463947	      4.92713623	     -2.49363691	     23.86662515	      4.90329187	     -3.02143345	    -20.73880556	     -4.17228451	     -2.19312035	    -14.97816565	     -0.02414422	    -11.47458746	     -0.01561652	    -14.28903188	     -5.19835150	     -0.73138306	      1.71078794	     -0.08331775	     -0.06741796
      4.00500000	     14.67654652	     -5.20186405	     -9.04671285	     54.54251300	   -189.85804880	    -24.68029383	     -4.85555887	      1.45563298	      0.16462649	     23.15415584	      4.18933808	     -3.08028018	    -21.13703182	     -4.21256705	     -2.23531991	     -9.84452790	     -0.02697851	    -13.01892403	     -0.01928145	    -19.23833124	     -7.93501163	     -1.37470193	      2.03802831	     -0.08405146	     -0.06826286
      4.01000000	    -15.86243631	     -2.83349213	    -11.78646988	     22.66969859	   -172.52484421	    -32.03391393	    -20.07858368	      0.99330546	      1.96889253	     11.25138468	      0.35140211	     -1.80665084	    -21.09651396	     -4.14462783	     -2.33428996	     -3.21218682	     -0.02978737	     -8.79617467	     -0.02325098	    -23.68964685	    -12.50927806	     -1.39365940	      1.84469823	     -0.08378474	     -0.06824563
      4.01500000	    -38.06330151	     -0.71324276	    -12.57438458	     -2.24124441	   -143.32339229	    -33.60344886	    -28.01553455	      5.74369509	      1.33227472	      0.20131877	      3.64886690	     -2.40437529	    -20.57976802	     -3.96723818	     -2.49304789	     -1.66181631	     -0.03254503	     -2.53079354	     -0.02744180	    -28.12640831	    -15.31890870	     -0.62862869	      2.70758794	     -0.08263288	     -0.06740908
      4.02000000	    -43.72755270	      2.27649199	     -9.92232192	    -11.74480943	   -111.36412103	    -34.22922176	    -22.35798852	      8.91353883	     -0.67891855	     -9.36414331	      4.73627782	     -2.60540173	    -19.56193274	     -3.69100749	     -2.71017583	     -9.75142523	     -0.03523635	      3.06429838	     -0.03185241	    -30.71125845	    -17.51181941	     -0.11425977	      3.27452114	     -0.08072970	     -0.06582224
      4.02500000	    -35.43134886	     -2.40461986	     -7.38090937	     -8.21840890	    -82.92566833	    -27.33772039	     -9.01971063	      5.25705396	     -1.48556771	    -14.63152826	      5.57768997	     -2.90565226	    -18.03247571	     -3.33659445	     -2.97990457	    -24.30237830	     -0.03785819	      5.07070093	     -0.03642060	    -31.70796145	    -19.60245108	     -1.04425061	      3.49997892	     -0.07821954	     -0.06358763
      4.03000000	    -17.39389228	     -6.40270191	     -6.18716334	      4.92091180	    -64.47827749	    -19.73575098	      1.71973293	     -0.30103933	     -1.21306040	     -9.19450882	      5.07261530	     -3.37090789	    -15.99638729	     -2.93191515	     -3.29244286	    -39.57390731	     -0.04041929	      0.45703266	     -0.04108105	    -33.64700778	    -21.11189557	     -2.25118323	      3.63143672	     -0.07525010	     -0.06083232
      4.03500000	     10.12475831	    -10.57787794	     -6.31190258	     27.51836991	    -65.01288056	    -14.35692600	     10.85596423	     -4.58156136	     -0.95202322	      4.99569400	      5.93467346	     -4.62160547	    -13.47474938	     -2.50856728	     -3.63451233	    -54.29174817	     -0.04293017	    -11.62530029	     -0.04576758	    -36.44736756	    -23.33084898	     -3.37264524	      4.08009715	     -0.07196843	     -0.05770275
      4.04000000	     36.78162484	     -8.87196116	     -5.22445978	     48.86199248	    -81.13247337	    -17.48585614	     19.50116851	     -8.29984880	     -0.64313713	     17.54065147	      1.06540942	     -3.97513809	    -10.50457309	     -2.09775197	     -3.99005686	    -69.51594949	     -0.04532699	    -25.64396469	     -0.05041494	    -39.46346869	    -27.63403650	     -4.11103294	      3.82388306	     -0.06851900	     -0.05435819
      4.04500000	     58.76554817	     -2.58896174	     -4.18878345	     64.73123006	   -101.04237010	    -29.62467874	     24.00315374	    -13.36497543	      0.86280142	     29.44110807	     -9.98004950	     -1.15432265	     -7.13781185	     -1.72604776	     -4.34110297	    -82.36707004	     -0.04760178	    -42.29025051	     -0.05495986	    -42.66323537	    -32.57116913	     -5.20166299	      3.28230760	     -0.06501178	     -0.05096291
      4.05000000	     67.90978360	      3.64166014	     -4.23182401	     67.74021891	   -107.58596766	    -40.53354196	     21.80337148	    -17.68658130	      3.10833351	     36.70313312	    -20.10353407	      1.91954723	     -3.43944662	     -1.41148742	     -4.66873643	    -90.99176069	     -0.04974177	    -56.16542076	     -0.05934125	    -46.45547886	    -37.71244837	     -5.76424504	      2.61427783	     -0.06154961	     -0.04768109
      4.05500000	     57.19110828	     -1.87755759	     -6.23468217	     49.07466688	   -106.88143536	    -38.31418952	     15.32998169	    -23.19701616	      6.54913175	     29.47103880	    -21.46185223	      2.89496045	      0.51550105	     -1.16049570	     -4.95414139	    -97.89967386	     -0.05173720	    -61.34509163	     -0.06341569	    -50.53004135	    -44.10032486	     -6.61275717	      3.71286970	     -0.05821554	     -0.04466203
      4.06000000	     33.86367980	    -12.33471815	     -8.03874060	     17.16983580	   -102.85080150	    -29.15264258	      7.89668252	    -28.50773466	     10.24670750	     11.22310840	    -18.75495525	      2.96196910	      4.64616069	     -0.96627772	     -5.17964367	   -105.10009355	     -0.05358033	    -60.02856840	     -0.06704739	    -55.10333136	    -51.20325023	     -7.21670290	      5.48121309	     -0.05507290	     -0.04202771
      4.06500000	     15.86340346	    -18.59850197	     -7.66440096	     -8.29661531	   -100.06755965	    -23.10862104	      4.58686141	    -32.84015357	     13.27883645	     -6.24237685	    -18.84430477	      4.05135452	      8.87118188	     -0.80912230	     -5.32971206	   -115.81480719	     -0.05526460	    -59.61343272	     -0.07012856	    -59.27689952	    -57.60802550	     -7.42643776	      6.59021205	     -0.05216714	     -0.03987878
      4.07000000	      5.66869169	    -25.64090879	     -7.08012771	    -24.13394088	   -100.05632927	    -16.12090004	      4.02359368	    -36.43572654	     15.84045268	    -19.41610983	    -17.26875932	      4.30475686	     13.11497012	     -0.65880443	     -5.39187388	   -128.69643707	     -0.05678389	    -62.17361609	     -0.07256098	    -63.31531782	    -63.00681975	     -7.40710507	      8.29161020	     -0.04952885	     -0.03828645
      4.07500000	     -4.97684278	    -31.91585277	     -6.88962927	    -37.86341336	    -94.49823836	     -8.96139273	      1.61105825	    -39.55676023	     18.52187208	    -30.72351883	    -15.49795564	      4.39284973	     17.31412110	     -0.47885403	     -5.35748984	   -140.41639990	     -0.05814822	    -65.36513927	     -0.07426145	    -67.28209530	    -68.05281673	     -7.27028981	      9.80365030	     -0.04718731	     -0.03729165
      4.08000000	    -10.03970833	    -36.50525852	     -7.34278788	    -43.24637335	    -84.58956524	     -2.86066787	     -1.77659092	    -39.58880431	     19.87746138	    -35.36244884	    -11.38745741	      3.16400573	     21.42302333	     -0.23198361	     -5.22233696	   -150.39450345	     -0.05947469	    -72.24623004	     -0.07516741	    -71.17652313	    -71.79464370	     -6.30054904	     11.56331477	     -0.04514441	     -0.03690605
      4.08500000	     -7.63745412	    -43.30329252	     -9.40253071	    -38.60584891	    -76.29227619	      5.28262999	     -5.41358505	    -38.65141540	     20.73598718	    -32.84885124	     -3.89438600	     -0.01060552	     25.41747215	      0.11433969	     -4.98695155	   -159.44349855	     -0.06075748	    -83.87427691	     -0.07523041	    -74.40284854	    -74.57844025	     -5.27498822	     13.79887022	     -0.04340595	     -0.03711654
      4.09000000	     -0.44841789	    -54.18931666	    -13.02841462	    -28.10874190	    -78.98505260	     17.46651710	     -9.05640177	    -36.87303585	     21.02695604	    -26.67199463	      7.74681489	     -5.52532667	     29.29542004	      0.58318960	     -4.65666678	   -167.64186439	     -0.06197217	    -99.96506355	     -0.07454231	    -77.20209214	    -76.68777188	     -3.86412282	     16.39630253	     -0.04197746	     -0.03788631
      4.09500000	     10.90825998	    -74.92397258	    -18.65809205	    -16.18262524	   -101.76987781	     39.37249452	    -11.32958012	    -33.72970978	     20.27406056	    -19.55698863	     28.09403018	    -15.92758943	     33.07454742	      1.18512806	     -4.24128116	   -175.82756777	     -0.06308425	   -121.06100573	     -0.07323121	    -79.07771963	    -77.02682275	     -2.25372874	     19.68074565	     -0.04086371	     -0.03914445
      4.10000000	      6.62505235	    -85.13984148	    -19.29333892	    -23.60754754	   -123.84393070	     51.19128758	    -12.50148450	    -26.14706575	     16.76163422	    -27.75728902	     43.09848382	    -23.82803726	     36.78698034	      1.91721807	     -3.75434897	   -185.97090972	     -0.06405072	   -132.66247379	     -0.07134202	    -79.92610341	    -77.24309844	     -0.06823930	     21.95946419	     -0.04006864	     -0.04080679
      4.10500000	    -13.99844733	    -68.96710159	    -14.05263446	    -46.55539149	   -123.79664154	     38.82520997	    -18.26571670	    -14.90179699	     11.22433999	    -44.20711362	     42.28343228	    -23.24388680	     40.47207031	      2.76406814	     -3.21214920	   -197.65642813	     -0.06482239	   -131.40815729	     -0.06893596	    -79.90557477	    -78.50760904	      2.26402535	     22.66442424	     -0.03959408	     -0.04277361
      4.11000000	    -31.83592509	    -16.03021372	     -5.99728114	    -73.08780221	   -165.46881108	     -7.84141321	    -37.85194276	      3.90390641	      1.87425148	    -45.29300174	     25.84507930	    -14.80817248	     44.16849770	      3.70050240	     -2.63243156	   -216.51706271	     -0.06534725	   -133.43031961	     -0.06609007	    -76.61026270	    -80.13446136	      4.27068695	     21.64379639	     -0.03943759	     -0.04493806
      4.11500000	    -64.31846268	     38.20011500	     -5.06427137	   -112.61681949	   -180.56656742	    -59.04382944	    -82.13645269	     14.25698646	     -0.81786209	    -33.33192661	      2.41189536	     -2.99953983	     47.90697343	      4.69521857	     -2.03306906	   -216.06619822	     -0.06557490	   -142.47427292	     -0.06289648	    -74.74473020	    -81.10829872	      4.88482230	     19.40091876	     -0.03958947	     -0.04719660
      4.12000000	    -82.98052283	     53.88109844	     -7.88534188	   -115.73460941	    -95.23560294	    -75.85594666	   -106.27432854	      7.80035823	      4.61779672	    -24.30369960	    -13.60374297	      5.18694104	     51.70459417	      5.71466388	     -1.43077642	   -201.72902113	     -0.06548550	   -149.68448728	     -0.05946127	    -76.04098297	    -82.24784352	      5.36069107	     18.11559867	     -0.04003117	     -0.04945809
      4.12500000	    -50.25730312	     28.27837395	     -9.06010779	    -50.76252314	      4.85282328	    -46.73350079	    -80.75961047	    -17.11490432	     16.82482048	    -18.63816311	    -20.87185712	      8.92810401	     55.56153947	      6.72637668	     -0.84006244	   -211.51941240	     -0.06497845	   -155.06946643	     -0.05590240	    -74.78288212	    -83.51608225	      3.29684616	     17.92330420	     -0.04072796	     -0.05164964
      4.13000000	     -6.11827881	      0.35449356	     -8.65591294	     26.09484461	     87.37119361	    -14.59632526	    -43.87834788	    -37.40544789	     25.02806958	    -15.20255068	    -22.64616757	      9.79895931	     59.46034363	      7.70124596	     -0.27255027	   -227.04609384	     -0.06405082	   -160.10479490	     -0.05235948	    -73.59623443	    -84.47242217	      1.90571908	     18.33097944	     -0.04163337	     -0.05371896
      4.13500000	     27.63974541	    -14.80042889	     -6.91071079	     85.77172226	    150.00688970	      3.09004016	    -15.01275342	    -46.74054775	     27.10021688	    -14.12577557	    -22.86931355	      9.88727279	     63.36751774	      8.61446393	      0.26327312	   -237.99811863	     -0.06272693	   -164.34168276	     -0.04893035	    -73.22959565	    -85.30657234	      2.17490170	     18.67432691	     -0.04268966	     -0.05563186
      4.14000000	     44.86120458	    -21.37300185	     -5.70902610	    119.79052856	    190.94890276	     10.81844941	      0.10897815	    -49.29544798	     26.28982608	    -15.56774135	    -21.76780796	      9.27515137	     67.23690499	      9.44531962	      0.76189930	   -243.01922899	     -0.06105674	   -167.29785237	     -0.04573215	    -73.67300330	    -86.23191468	      2.98828860	     19.16428992	     -0.04383283	     -0.05736908
      4.14500000	     50.87648958	    -23.44386576	     -5.23022492	    134.14038462	    206.79126017	     14.12250064	      5.02308240	    -48.54606835	     24.41477131	    -18.47571322	    -19.75348162	      8.12534708	     71.01389363	     10.17631260	      1.22033370	   -245.61701072	     -0.05911476	   -169.66562674	     -0.04289898	    -74.45423894	    -87.30379173	      4.07814595	     19.73074025	     -0.04499849	     -0.05892202
      4.15000000	     51.24628768	    -23.13321603	     -5.87328043	    134.92511375	    194.89462927	     14.86008747	      2.00312418	    -47.20074022	     23.00733087	    -20.14553470	    -17.83007023	      6.87245253	     74.63957943	     10.79222045	      1.63748720	   -248.10676773	     -0.05699661	   -173.45530352	     -0.04054732	    -74.85790933	    -88.29679697	      4.70545569	     20.26792719	     -0.04612661	     -0.06028660
      4.15500000	     44.99601828	    -19.26667475	     -7.59168325	    121.68483872	    154.28486384	     11.81834660	    -10.27827188	    -44.56632955	     21.65390807	    -20.16348043	    -16.12309207	      5.57544231	     78.05416051	     11.27967939	      2.01359418	   -249.23011152	     -0.05481333	   -179.18143204	     -0.03877008	    -75.75408749	    -89.27277615	      5.43398834	     20.88305691	     -0.04716444	     -0.06145818
      4.16000000	     32.03834218	    -14.78923418	     -9.57574801	     96.05974354	    102.60221776	      6.22397206	    -26.58206715	    -40.34114430	     19.66151995	    -22.76283541	    -13.35336889	      3.73718327	     81.19917039	     11.62759207	      2.34976974	   -248.19964499	     -0.05268433	   -183.88760126	     -0.03763242	    -76.48182109	    -90.56105761	      6.01307057	     21.63201801	     -0.04806797	     -0.06242772
      4.16500000	     17.83802096	    -14.23659782	    -11.03342454	     67.44755687	     52.40890972	      2.86823323	    -39.34990649	    -36.14556186	     17.47048019	    -29.80822383	     -8.84462013	      1.08072830	     84.01851538	     11.82834833	      2.64774048	   -246.57706276	     -0.05072964	   -186.13696737	     -0.03716936	    -77.42235060	    -91.97221614	      6.45883776	     22.57212241	     -0.04880244	     -0.06317938
      4.17000000	     11.48193883	    -19.72276831	    -11.74621567	     48.31560529	     10.42693640	      4.12781609	    -43.07362437	    -34.61835334	     16.45997172	    -37.94129908	     -4.24867041	     -1.57951459	     86.45859153	     11.87953704	      2.90971819	   -246.36228153	     -0.04906209	   -188.00392122	     -0.03738510	    -78.08698475	    -93.14605085	      6.75845240	     23.49231180	     -0.04934207	     -0.06368968
      4.17500000	     12.91446645	    -28.10013245	    -11.28944186	     39.38633148	    -18.77441442	      6.94212848	    -39.10472491	    -34.78812038	     16.12382960	    -45.36154547	     -0.73168797	     -3.62672554	     88.46793321	     11.78563028	      3.13834600	   -246.30650818	     -0.04778019	   -189.82204091	     -0.03825403	    -79.03635520	    -93.51484391	      7.16583244	     24.18537299	     -0.04966941	     -0.06392842
      4.18000000	     13.17783322	    -34.06907591	     -9.58447404	     29.84900572	    -31.58326076	      5.31351651	    -33.91302321	    -35.18945479	     16.05751320	    -53.39969238	     -0.00660269	     -3.90479586	     89.99687009	     11.55907619	      3.33664433	   -243.63129241	     -0.04696200	   -189.15020851	     -0.03972310	    -80.18508769	    -93.58351701	      7.31848788	     24.45857956	     -0.04977441	     -0.06386099
      4.18500000	     11.00988591	    -33.46673910	     -6.55974829	     17.82593139	    -27.19836067	     -2.59102430	    -30.80077129	    -35.28730770	     16.12920461	    -59.62856268	     -3.54737345	     -1.63644303	     90.99757327	     11.22034673	      3.50790876	   -238.56701145	     -0.04666045	   -185.47721691	     -0.04171553	    -81.49323324	    -92.90023481	      7.46368021	     23.96043041	     -0.04965348	     -0.06345198
      4.19000000	     10.40454204	    -26.21277523	     -2.78074691	      9.43504318	    -10.20567350	    -15.04385106	    -29.73888304	    -35.51586829	     16.59398129	    -60.69682705	    -11.26896271	      2.93814955	     91.42471306	     10.79671743	      3.65554356	   -232.43514146	     -0.04690029	   -180.26512619	     -0.04413549	    -82.93522394	    -91.86916937	      7.54805528	     22.46373347	     -0.04930863	     -0.06266981
      4.19500000	     10.59830040	    -18.91091500	     -0.12296440	      2.64161147	     13.54359200	    -25.85679999	    -30.82254696	    -36.36501628	     17.74914208	    -57.71084025	    -18.65534052	      7.04587552	     91.23677843	     10.31983831	      3.78283709	   -224.90076448	     -0.04767679	   -174.38550216	     -0.04687345	    -84.17605081	    -90.58934256	      7.29851837	     21.18413149	     -0.04874664	     -0.06149184
      4.20000000	     10.88236024	    -11.13124005	      1.36443203	     -2.82553171	     41.80098435	    -34.98249140	    -34.64300804	    -36.61496030	     18.79266778	    -50.86029749	    -24.91954411	     10.25276695	     90.39796106	      9.82241547	      3.89268850	   -214.98121456	     -0.04895606	   -168.47721306	     -0.04981180	    -85.48949492	    -89.16803450	      7.09131589	     19.82604332	     -0.04797838	     -0.05990950
      4.20500000	      9.01127165	     -5.11742872	      2.03780742	    -10.28782502	     67.09833686	    -40.11531178	    -39.53740216	    -36.52868679	     19.71852885	    -44.48327808	    -29.22982433	     12.35239248	     88.88041347	      9.33450529	      3.98729073	   -203.94982169	     -0.05067704	   -161.59393974	     -0.05283025	    -86.93625613	    -87.92088763	      7.17385069	     18.58891939	     -0.04701815	     -0.05793273
      4.21000000	      5.75569767	     -3.99616097	      1.82111398	    -17.68263449	     92.81957203	    -40.01841040	    -42.55219217	    -36.92588364	     20.80762456	    -40.68670309	    -30.64581356	     13.00210171	     86.66665544	      8.87999485	      4.06779091	   -192.20407191	     -0.05275483	   -153.06898267	     -0.05582410	    -87.89473094	    -87.42717974	      6.82275909	     17.77912832	     -0.04588345	     -0.05559349
      4.21500000	      2.87917656	     -5.91705710	      1.42455089	    -23.41255202	    115.28625340	    -35.04581206	    -43.10730473	    -37.02873037	     21.46854300	    -38.58154245	    -29.53436574	     12.45372514	     83.75190796	      8.47379814	      4.13398142	   -181.26781155	     -0.05508530	   -143.21556180	     -0.05872779	    -88.64749653	    -86.97726316	      6.50962002	     17.19860437	     -0.04459576	     -0.05294707
      4.22000000	      0.61746421	    -10.46039811	      0.42742140	    -26.76333323	    138.80246808	    -25.91140640	    -42.25768729	    -38.19506608	     22.57240361	    -36.52859210	    -27.41967088	     11.49396156	     80.14615622	      8.12016042	      4.18409308	   -170.30292805	     -0.05755072	   -132.87363116	     -0.06143779	    -88.72666068	    -86.40547178	      5.81747936	     16.45603423	     -0.04318247	     -0.05006993
      4.22500000	     -2.32802408	     -8.66435439	      0.84189708	    -30.40091334	    156.88757457	    -25.10909856	    -42.01506217	    -39.31518984	     23.59785308	    -34.05204223	    -30.75786109	     13.34467451	     75.87573996	      7.81229108	      4.21476321	   -158.35792313	     -0.06010829	   -124.51499694	     -0.06387331	    -88.39638562	    -85.10694191	      4.91103657	     14.80518156	     -0.04168148	     -0.04705786
      4.23000000	     -8.47560711	    -16.55683066	     -1.56354079	    -36.84388820	    172.81558218	    -12.10889801	    -42.18988128	    -43.19804035	     26.07392091	    -33.65277331	    -28.58992281	     12.59079082	     70.98422189	      7.53339508	      4.22123340	   -146.28458825	     -0.06263000	   -114.53731466	     -0.06596539	    -87.27614877	    -83.79280798	      3.12404080	     13.89772272	     -0.04013815	     -0.04401975
      4.23500000	    -10.49703800	    -21.75658533	     -3.30781549	    -37.43042104	    181.87238757	      0.19229786	    -41.09678431	    -41.55949812	     25.23424070	    -30.44149596	    -22.67730549	      9.92230824	     65.53226976	      7.25902282	      4.19778197	   -134.67257005	     -0.06500426	   -105.48433677	     -0.06765806	    -85.94160725	    -82.12880379	      2.92454911	     13.48716490	     -0.03861100	     -0.04107061
      4.24000000	     -9.11976699	    -22.72161458	     -3.62010503	    -31.89259247	    193.34980138	      6.82304261	    -37.70263455	    -38.45456022	     23.40865464	    -25.62710130	    -19.17415306	      8.40721503	     59.59636484	      6.96048316	      4.13833504	   -123.29817967	     -0.06713341	    -97.42771958	     -0.06890911	    -83.78688812	    -79.85459017	      2.48817186	     12.45100966	     -0.03717099	     -0.03832532
      4.24500000	     -9.77326219	    -21.07491595	     -3.26646975	    -27.22408868	    205.47172573	      9.36880048	    -34.45904981	    -35.69290790	     21.77284776	    -22.02722364	    -18.45867568	      8.27097668	     53.26627125	      6.60892363	      4.03717289	   -111.42765067	     -0.06893360	    -89.24741321	     -0.06969072	    -81.14556970	    -77.08072790	      1.69707433	     11.01577596	     -0.03589995	     -0.03589390
      4.25000000	    -11.84664893	    -23.71930004	     -4.17175096	    -23.41803469	    216.85111872	     18.38408085	    -31.49573197	    -33.39102001	     20.34210746	    -19.12796543	    -14.23738746	      6.68061295	     46.64137546	      6.17958637	      3.88965436	    -99.99147758	     -0.07033769	    -80.03740498	     -0.06998953	    -77.99647742	    -73.81397426	      1.05222736	      9.90709731	     -0.03488784	     -0.03387798
      4.25500000	    -14.14020907	    -25.24995446	     -4.84362805	    -18.58163927	    227.43504509	     24.22693630	    -28.32452113	    -29.92090142	     18.35008094	    -16.44151380	     -9.98431245	      5.12304518	     39.82626365	      5.65565232	      3.69289137	    -88.24510295	     -0.07129669	    -71.19026083	     -0.06980616	    -74.33181612	    -70.40295396	      0.40091831	      9.10334568	     -0.03422860	     -0.03236745
      4.26000000	    -15.63957606	    -24.13698137	     -5.15087533	    -12.56933853	    234.99734901	     26.72375669	    -25.76155904	    -25.80160635	     16.15829227	    -12.38953783	     -7.24143906	      4.10297180	     32.92610173	      5.03107899	      3.44630980	    -76.75914539	     -0.07177992	    -63.70079632	     -0.06906989	    -70.32405561	    -66.22684579	      0.00015017	      8.08169748	     -0.03401498	     -0.03144318
      4.26500000	    -16.56489226	    -23.45727629	     -5.59944592	     -5.47304914	    239.27236411	     28.71122719	    -22.95885677	    -21.68655985	     13.98626994	     -8.22975919	     -4.17617309	      2.92629473	     26.04237928	      4.31200774	      3.15203547	    -66.07769158	     -0.07174854	    -56.70720361	     -0.06774589	    -65.87185023	    -61.92939660	     -0.29446977	      7.34221038	     -0.03433679	     -0.03115799
      4.27000000	    -18.22932823	    -22.83642895	     -5.96092321	      1.14827452	    243.53488405	     30.68127094	    -19.98957730	    -17.43944060	     11.80097121	     -4.99771599	     -0.87618164	      1.78491091	     19.26945519	      3.51656386	      2.81504326	    -56.12427496	     -0.07107678	    -49.37415871	     -0.06588629	    -61.15958969	    -57.14030573	     -0.53828000	      6.36319754	     -0.03527151	     -0.03154590
      4.27500000	    -20.38244294	    -20.77148065	     -6.26548778	      7.18012121	    243.51507682	     29.02370275	    -18.00611217	    -12.87813236	      9.68358785	     -1.67862894	      1.43421318	      0.95125122	     12.69218356	      2.67310410	      2.44301802	    -46.13438589	     -0.06978857	    -43.14441099	     -0.06354605	    -56.41172420	    -52.29231173	     -0.63691048	      5.71096287	     -0.03686441	     -0.03261991
      4.28000000	    -20.79041918	    -17.14664972	     -6.02459040	     14.74536694	    240.10627670	     24.99390807	    -15.31362507	     -8.44066617	      7.60459758	      2.08280705	      2.26167163	      0.56991975	      6.38469743	      1.81719099	      2.04591006	    -37.59380749	     -0.06792814	    -37.92769878	     -0.06078827	    -51.51083464	    -47.00205941	     -0.65785450	      4.87760432	     -0.03914381	     -0.03436941
      4.28500000	    -21.63067637	    -14.39676804	     -5.68023058	     21.81032693	    233.17910860	     21.61511271	    -11.80621551	     -4.65701680	      5.71947916	      3.98674957	      3.23291933	      0.27412895	      0.41024338	      0.98774042	      1.63522089	    -30.71911654	     -0.06555416	    -32.01521095	     -0.05768132	    -46.45587484	    -42.18111553	     -0.67253154	      4.05682028	     -0.04210865	     -0.03676014
      4.29000000	    -21.92306929	    -12.24180910	     -5.59040280	     28.53373399	    222.87049668	     16.80322541	     -8.77139432	     -1.47675143	      4.19394468	      6.25204581	      4.08847275	     -0.09395526	     -5.17814946	      0.22284087	      1.22310610	    -24.16880194	     -0.06273611	    -27.48187605	     -0.05429638	    -41.35115013	    -37.20487667	     -0.88349945	      3.65624995	     -0.04572505	     -0.03973504
      4.29500000	    -20.40839951	     -7.75657387	     -4.78574390	     36.59466260	    209.05671067	      9.57248841	     -4.92840449	      1.81578693	      2.53323811	      8.69100616	      3.15401518	      0.03879894	    -10.33645876	     -0.44427360	      0.82141488	    -19.20926460	     -0.05955079	    -23.57638677	     -0.05071326	    -36.24122426	    -32.42843588	     -0.80693749	      3.05822478	     -0.04992465	     -0.04321804
      4.30000000	    -19.60747301	     -3.19838312	     -4.11825857	     43.03324604	    193.74165930	      1.18398446	     -1.93786680	      4.49331786	      1.24886607	     10.69722701	      1.48787361	      0.35119808	    -15.02827700	     -0.98865588	      0.44079004	    -14.14412765	     -0.05606957	    -20.52361926	     -0.04708470	    -31.35239063	    -27.72525177	     -0.77018086	      2.46496448	     -0.05460925	     -0.04711667
      4.30500000	    -17.69901907	      0.13550466	     -3.60141462	     49.38276574	    174.67737976	     -5.20274264	      1.36492224	      6.43306552	      0.13481190	     12.60794490	      0.44822509	      0.44065597	    -19.22362119	     -1.39611721	      0.08993189	    -10.49931391	     -0.05241754	    -17.75955493	     -0.04347199	    -26.59834063	    -23.28367324	     -0.60703648	      1.97999352	     -0.05964912	     -0.05130953
      4.31000000	    -14.27530446	      3.85602655	     -2.85918091	     56.41302255	    156.58086759	    -12.23132313	      5.20700977	      8.41630092	     -1.02734010	     14.85053208	     -0.84961909	      0.53031877	    -22.89827815	     -1.66447828	     -0.22490489	     -7.56328946	     -0.04869145	    -15.60556662	     -0.03990725	    -21.82038060	    -19.05171802	     -0.36016124	      1.53303387	     -0.06487247	     -0.05566786
      4.31500000	    -11.38874082	      8.37414920	     -2.01846730	     61.54951124	    136.18572495	    -19.47931685	      8.29716747	     10.52914816	     -2.10287268	     16.56613237	     -2.53477567	      0.72940932	    -26.03389567	     -1.80347600	     -0.50014613	     -4.90535370	     -0.04492449	    -13.69355979	     -0.03641428	    -17.63853143	    -15.06905281	      0.08054371	      1.03826843	     -0.07009646	     -0.06005144
      4.32000000	     -9.27670450	     11.56663950	     -1.36126494	     64.86006287	    117.42200340	    -25.64114500	     11.06262918	     11.68165424	     -2.76992914	     17.31057662	     -3.98038894	      0.91710634	    -28.61884621	     -1.83336071	     -0.73486290	     -2.64468543	     -0.04114477	    -11.57676494	     -0.03300856	    -13.53543322	    -11.58280425	      0.09351515	      0.55134473	     -0.07512564	     -0.06431168
      4.32500000	     -6.21048197	     13.77344556	     -0.89244341	     67.30024745	     94.59716488	    -30.38854093	     13.47337716	     12.86033764	     -3.40797649	     18.39314008	     -4.48312719	      0.82382078	    -30.64969049	     -1.78238146	     -0.93049531	     -0.77650167	     -0.03737687	    -10.19074994	     -0.02969809	    -10.05948254	     -8.50019292	      0.42638359	      0.47407951	     -0.07976102	     -0.06829510
      4.33000000	     -4.34163581	     16.10993756	     -0.55121039	     66.86155568	     70.05189218	    -34.13974772	     14.63579958	     13.42714335	     -3.71983877	     18.86665173	     -5.52599482	      0.90337212	    -32.13290736	     -1.68349980	     -1.09038730	      0.84052972	     -0.03364378	     -8.81801361	     -0.02648493	     -7.14921756	     -5.79259103	      0.64128187	      0.11760806	     -0.08380977	     -0.07184726
      4.33500000	     -1.81236424	     17.18723108	     -0.26928952	     65.07812913	     42.92713446	    -36.11085008	     15.96988695	     13.31733686	     -3.91617326	     19.01515252	     -6.17129525	      0.91298191	    -33.08647173	     -1.57076999	     -1.21919742	      1.58812906	     -0.02996898	     -7.71711416	     -0.02314675	     -4.57988114	     -3.49541755	      0.83870015	     -0.07521785	     -0.08709466	     -0.07483316
      4.34000000	      0.30135066	     17.87070673	      0.03348818	     60.90004647	     12.40457372	    -36.73848069	     16.98327560	     12.68375161	     -3.98294417	     18.31925881	     -6.91967429	      1.00728862	    -33.54086407	     -1.47585476	     -1.32225498	      1.54154682	     -0.02623845	     -6.49540590	     -0.01988669	     -2.49133509	     -1.67402750	      0.87199064	     -0.33243144	     -0.08947817	     -0.07709249
      4.34500000	      1.97415538	     17.29106465	      0.20386250	     54.85607711	    -17.50785448	    -35.19254778	     17.58610378	     11.23156266	     -3.82686178	     17.16121534	     -7.32751384	      1.05828210	    -33.53917792	     -1.42510733	     -1.40492696	      1.07810482	     -0.02266594	     -5.13806981	     -0.01677736	     -0.89117543	     -0.19602053	      0.79543335	     -0.57689341	     -0.09081961	     -0.07849317
      4.35000000	      3.92193697	     15.38178155	      0.27109110	     47.19625482	    -48.74707832	    -32.88591743	     18.18163652	      9.55715144	     -3.56164684	     15.78574456	     -7.09124783	      1.07128174	    -33.13613639	     -1.43754719	     -1.47205095	      0.29297936	     -0.01932001	     -4.20822146	     -0.01386682	      0.57895417	      0.81638572	      0.58067079	     -0.53901802	     -0.09103517	     -0.07892373
      4.35500000	      4.80017916	     13.34580650	      0.03425504	     37.16133700	    -77.16616466	    -29.60365331	     18.10463898	      8.97742829	     -3.41233100	     13.97573515	     -5.44601414	      1.21077925	    -32.39600586	     -1.52389819	     -1.52747769	     -0.07012657	     -0.01625399	     -2.83408623	     -0.01119828	      1.14528153	      1.67145680	      1.16208418	      0.50231002	     -0.09008310	     -0.07829717
      4.36000000	      4.87954125	     10.77498271	      0.04176817	     26.59353941	   -106.32994479	    -24.69139866	     16.73909459	      8.14818392	     -3.03298891	     12.31627293	     -3.93364687	      0.87048199	    -31.38956700	     -1.68667240	     -1.57375270	     -0.06405327	     -0.01350839	     -1.70587119	     -0.00880857	      1.19785266	      1.67398158	      1.11875589	      0.09610406	     -0.08796439	     -0.07655646
      4.36500000	      4.40551328	      7.33421124	     -0.15974246	     14.59774953	   -131.70884219	    -19.52209997	     15.01185258	      7.46204130	     -2.71781322	     10.63503918	     -1.66449037	      0.38473769	    -30.19044053	     -1.92111845	     -1.61195131	      0.18939726	     -0.01111018	     -0.70685572	     -0.00672657	      1.13070098	      1.42452615	      1.16328076	      0.22448756	     -0.08472160	     -0.07367953
      4.37000000	      3.69658212	      4.20323030	     -0.61763066	      2.23097714	   -149.96606527	    -14.51366826	     12.92221887	      6.48408640	     -2.33972817	      9.52014238	      0.01795916	      0.15347356	    -28.87115410	     -2.21674716	     -1.64167025	      0.62482944	     -0.00907256	     -0.17046350	     -0.00497185	      0.99949964	      1.28529695	      1.14577602	      0.27437655	     -0.08043534	     -0.06968312
      4.37500000	      2.22943062	      0.24570568	     -0.87084690	    -10.84155735	   -162.15279806	     -9.01254206	     11.23115765	      5.21126133	     -1.92740513	      7.69699955	      2.05601579	     -0.19006640	    -27.49936918	     -2.55911569	     -1.66117181	      0.67020344	     -0.00739555	      0.79255066	     -0.00355372	      1.03640459	      0.94764831	      0.81343792	      0.43675365	     -0.07521862	     -0.06462497
      4.38000000	      1.24477703	     -2.50390115	     -1.32204031	    -22.85255898	   -166.20059686	     -3.93228495	      9.33949202	      4.48086754	     -1.59580267	      7.13607540	      3.52182531	     -0.25680378	    -26.13465948	     -2.93158362	     -1.66766319	      1.21373609	     -0.00606710	      0.95002142	     -0.00251373	      0.79881566	      0.89696225	      1.07887185	      0.49061526	     -0.06920980	     -0.05860694
      4.38500000	      0.40186130	     -5.52694729	     -1.55418527	    -34.40046916	   -166.21177593	      1.28775681	      8.09718008	      3.64525758	     -1.27091897	      6.44745163	      5.12156155	     -0.35647385	    -24.82615346	     -3.31683834	     -1.65768499	      1.17431338	     -0.00506476	      1.15909588	     -0.00178089	      0.72314020	      0.77419813	      1.12461900	      0.66167342	     -0.06256455	     -0.05176175
      4.39000000	     -2.89004791	     -7.55021878	     -1.78090872	    -47.35301493	   -160.60833101	      5.68814866	      6.14098572	      2.91725855	     -0.99114621	      4.67606735	      6.01328281	     -0.38986767	    -23.61123806	     -3.69810057	     -1.62758120	      1.61937676	     -0.00435776	      1.87328567	     -0.00133025	      0.47562820	      0.48938464	      1.13664073	      0.63333176	     -0.05544765	     -0.04426036
      4.39500000	     -4.88721604	     -9.04988983	     -1.75981964	    -57.88616548	   -148.99924365	      9.73623725	      5.21628546	      2.47020704	     -0.77161188	      3.61932823	      6.71534938	     -0.34052620	    -22.51538537	     -4.06001374	     -1.57401480	      1.58512626	     -0.00390927	      2.22574260	     -0.00113682	      0.41507048	      0.39191950	      1.14553773	      0.51647852	     -0.04802535	     -0.03630088
      4.40000000	     -7.02567655	    -11.16098863	     -1.75067299	    -68.05586275	   -138.00811648	     13.75349209	      4.38407668	      1.55431951	     -0.48874701	      2.51974474	      7.56514192	     -0.36350329	    -21.55302725	     -4.38926325	     -1.49447817	      1.16849058	     -0.00367871	      2.49004818	     -0.00116995	      0.46491471	      0.14761904	      0.85604244	      0.73910101	     -0.04045889	     -0.02809966
      4.40500000	     -9.39927949	    -11.99947977	     -1.63499204	    -76.76921533	   -122.24699277	     16.87208536	      3.50097562	      1.68313745	     -0.37486901	      1.67626357	      8.28563838	     -0.38050046	    -20.72927931	     -4.67498714	     -1.38774494	      1.38936158	     -0.00362463	      2.64893142	     -0.00139402	      0.17404610	     -0.03455674	      1.19071138	      0.94010195	     -0.03289970	     -0.01988214
      4.41000000	    -12.62293011	    -11.89407111	     -1.56412922	    -84.89521628	   -104.49058613	     18.74712373	      2.40275878	      1.43960863	     -0.23166177	      0.51094211	      7.92989942	     -0.24568519	    -20.04221870	     -4.90904466	     -1.25421861	      1.60624072	     -0.00370341	      2.85845922	     -0.00176940	      0.00082845	     -0.21136144	      1.09909614	      0.88813802	     -0.02548580	     -0.01187358
      4.41500000	    -14.07426502	    -11.66399606	     -1.27186294	    -90.22964723	    -87.83697101	     20.56776277	      2.24668011	      1.36935406	     -0.12774296	      0.12318510	      7.66397155	     -0.12424572	    -19.48536769	     -5.08619569	     -1.09614167	      1.21288125	     -0.00387637	      2.67708961	     -0.00225376	     -0.06645950	     -0.27305760	      1.14321057	      0.96477796	     -0.01834077	     -0.00429038
      4.42000000	    -16.07222472	    -10.92790585	     -0.91250462	    -94.73536375	    -72.39911069	     21.84217936	      1.94407494	      1.55894454	     -0.10601116	     -0.61673504	      7.30025889	     -0.07633933	    -19.05002719	     -5.20422039	     -0.91763919	      0.94482993	     -0.00410755	      2.73779509	     -0.00280354	     -0.23203871	     -0.42523787	      1.27505308	      1.04981387	     -0.01157303	      0.00266778
      4.42500000	    -18.47846821	     -9.71858604	     -0.43458401	    -98.01002132	    -57.27955262	     22.22559808	      1.72119767	      1.40736392	     -0.01264075	     -1.78807142	      6.17598014	      0.03359506	    -18.72713583	     -5.26398741	     -0.72458848	      0.63776544	     -0.00436461	      2.97952283	     -0.00337544	     -0.33688639	     -0.63040758	      1.25980294	      0.96521632	     -0.00527647	      0.00882462
      4.43000000	    -20.19763231	     -7.82212827	     -0.11006495	    -98.66646685	    -40.51853779	     21.84356241	      1.50508135	      1.68365039	     -0.04527527	     -2.18703475	      4.96468829	      0.17524918	    -18.50840239	     -5.26945360	     -0.52432330	      0.60451693	     -0.00461948	      2.96563944	     -0.00392808	     -0.42800497	     -0.60812557	      1.21651046	      0.70294658	      0.00046850	      0.01403276
      4.43500000	    -20.30903807	     -6.98496358	      0.13136343	    -97.52691829	    -34.09190919	     21.33156442	      1.63061314	      1.51425049	     -0.01099462	     -1.95314194	      4.22947559	      0.22614084	    -18.38659577	     -5.22754779	     -0.32519440	     -0.08283110	     -0.00484868	      2.45084018	     -0.00442343	     -0.43508902	     -0.67611995	      1.01724868	      1.06799141	      0.00559384	      0.01817795
      4.44000000	    -21.42848530	     -4.50346044	      0.66007771	    -94.83118438	    -22.84691934	     19.72238549	      1.85711563	      1.93310830	     -0.07503334	     -2.54168376	      2.51041293	      0.37473693	    -18.35506880	     -5.14786964	     -0.13602545	     -0.18111815	     -0.00503335	      2.53960022	     -0.00482838	     -0.55489877	     -0.70654427	      1.34036194	      0.78436170	      0.01004291	      0.02118197
      4.44500000	    -21.87980500	     -2.76585335	      0.89075835	    -90.46067117	    -16.65540212	     17.83355538	      1.88332143	      1.96251613	     -0.09400619	     -2.56202783	      1.11669195	      0.48208524	    -18.40677659	     -5.04213259	      0.03447680	     -0.34689734	     -0.00515915	      2.33544543	     -0.00511611	     -0.59514421	     -0.68731363	      1.30045270	      0.72902741	      0.01376981	      0.02300410
      4.45000000	    -22.15761823	     -1.18310457	      1.19587975	    -84.94676958	    -15.22498012	     15.96593826	      2.04266948	      1.95782260	     -0.11650693	     -2.84344457	     -0.18002058	      0.53172306	    -18.53316698	     -4.92330742	      0.17828490	     -0.69891878	     -0.00521623	      2.34037030	     -0.00526736	     -0.65007134	     -0.72264468	      1.38880050	      0.68404367	      0.01673906	      0.02364113
      4.45500000	    -22.09857406	     -0.11658459	      1.12368863	    -77.63421237	    -13.99354450	     13.94613513	      1.81792626	      1.93218525	     -0.15233652	     -2.42520503	     -1.01782143	      0.54700680	    -18.72333640	     -4.80448789	      0.28851245	     -0.60884893	     -0.00519923	      2.12788033	     -0.00527155	     -0.70306514	     -0.59238859	      1.32496116	      0.64435447	      0.01892536	      0.02312568
      4.46000000	    -21.81630351	      0.90218746	      1.21441378	    -69.63055955	    -18.64882829	     11.28664274	      2.00875201	      1.81589146	     -0.19782309	     -2.59955485	     -1.99291900	      0.54345021	    -18.96372993	     -4.69758825	      0.35972183	     -0.95782426	     -0.00510552	      2.18139909	     -0.00512758	     -0.61451136	     -0.59875973	      1.13381469	      0.65466114	      0.02031372	      0.02152302
      4.46500000	    -21.68706565	      1.48683987	      1.16998175	    -60.74782699	    -23.34772505	      8.73317629	      1.92800983	      1.82527328	     -0.21996649	     -2.67102534	     -2.60646996	      0.48469084	    -19.23844386	     -4.61206058	      0.38806152	     -0.75703868	     -0.00493664	      2.27866820	     -0.00484429	     -0.66654460	     -0.57558174	      1.32069889	      0.69119973	      0.02089905	      0.01892644
      4.47000000	    -21.27851108	      2.68635129	      1.10046779	    -51.32478241	    -31.73475478	      5.80828416	      1.86729943	      1.94028277	     -0.30526144	     -2.78033869	     -3.58050564	      0.52215294	    -19.52997519	     -4.55386308	      0.37125654	     -0.76454607	     -0.00469792	      2.42968114	     -0.00444056	     -0.68807312	     -0.49106326	      1.45207737	      0.51423644	      0.02068582	      0.01545135
      4.47500000	    -20.43555814	      2.14870866	      0.69085492	    -41.31799095	    -41.85028393	      3.36820423	      1.76408977	      1.23970378	     -0.22255738	     -2.53280696	     -3.83491467	      0.45330181	    -19.82016465	     -4.52488754	      0.30850417	     -0.92395938	     -0.00439855	      2.46468045	     -0.00394489	     -0.40653700	     -0.38050982	      0.98007588	      0.54724045	      0.01968741	      0.01122872
      4.48000000	    -19.80997093	      2.97400105	      0.50580875	    -31.24708913	    -52.51207217	      0.30207202	      1.55360263	      1.66836934	     -0.32109393	     -2.53483169	     -4.33453643	      0.43460140	    -20.09110954	     -4.52295542	      0.20034239	     -0.45866567	     -0.00405167	      2.65959086	     -0.00339454	     -0.57856081	     -0.28796700	      1.41257493	      0.44504220	      0.01792526	      0.00639823
      4.48500000	    -19.08357936	      2.82384214	     -0.13657446	    -21.53178059	    -65.24085499	     -2.42674858	      0.82334257	      1.31901481	     -0.26027121	     -2.05900089	     -4.62612069	      0.43094615	    -20.32590298	     -4.54236635	      0.04855654	      0.03098244	     -0.00367447	      2.58561140	     -0.00283428	     -0.59524243	     -0.12837313	      1.32980905	      0.45516958	      0.01542798	      0.00110174
      4.49000000	    -18.10285707	      2.18759804	     -0.58970665	    -12.00616610	    -78.40570683	     -4.62158953	      0.53519122	      1.08822347	     -0.20700752	     -1.88542427	     -4.41524070	      0.28549713	    -20.50911885	     -4.57488317	     -0.14383303	      0.28719286	     -0.00328814	      2.81742237	     -0.00231480	     -0.51206498	     -0.05820077	      1.29526699	      0.51477050	      0.01223048	     -0.00452233
      4.49500000	    -16.43636214	      1.49652416	     -1.15255644	     -2.16313424	    -89.44984417	     -7.10964392	      0.39186056	      0.92319576	     -0.15075633	     -1.14884084	     -4.13356859	      0.17730013	    -20.62699847	     -4.61096613	     -0.37249024	      0.70284056	     -0.00291773	      2.77550880	     -0.00189085	     -0.33392103	      0.10519810	      1.10695256	      0.59119424	      0.00837322	     -0.01034325
      4.50000000	    -15.50966940	      2.06923095	     -1.54903447	      5.97575072	   -102.06573589	     -9.45929962	     -0.06390260	      0.85544104	     -0.15288434	     -1.00981796	     -4.59340024	      0.18058671	    -20.66730862	     -4.64103701	     -0.63160575	      0.89150991	     -0.00259191	      3.16269664	     -0.00161928	     -0.21960014	      0.19414256	      0.90290238	      0.30337324	      0.00390190	     -0.01624054
      4.50500000	    -13.70677869	      2.35670658	     -1.96269551	     14.18935254	   -112.08506542	    -11.64225654	     -0.35433236	      1.27864366	     -0.21008934	     -0.11565754	     -4.51017753	      0.10876077	    -20.61884049	     -4.65658376	     -0.91371195	      1.54871927	     -0.00234250	      3.10499239	     -0.00155703	     -0.22399180	      0.33041334	      1.23346656	      0.34804424	     -0.00113245	     -0.02210472
      4.51000000	    -11.98248562	      1.96942347	     -2.50945997	     21.30848209	   -121.16575319	    -12.97230452	     -0.86019926	      1.34304972	     -0.18811781	      0.92267794	     -4.00074136	     -0.08779352	    -20.47056793	     -4.65096479	     -1.20954955	      2.12916605	     -0.00220395	      3.07857414	     -0.00175920	     -0.16610880	      0.43046697	      1.19915153	      0.50518504	     -0.00667265	     -0.02783647
      4.51500000	     -9.55339879	      2.62430137	     -2.72376542	     28.26601722	   -126.62215885	    -14.42463995	     -0.81448108	      1.58145775	     -0.20013517	      2.17120560	     -4.21519140	     -0.11311272	    -20.21059290	     -4.61980258	     -1.50807422	      2.42006618	     -0.00221254	      2.99914760	     -0.00227719	     -0.01739288	      0.57758523	      1.22220586	      0.40740329	     -0.01265396	     -0.03334470
      4.52000000	     -7.48978655	      2.92870550	     -2.97034265	     33.99901205	   -128.16316971	    -15.11128446	     -1.00538401	      1.55387168	     -0.12876145	      3.47839601	     -4.28104669	     -0.21474946	    -19.82507975	     -4.56090920	     -1.79667665	      2.89013859	     -0.00240560	      2.99195937	     -0.00315704	      0.10046498	      0.67682143	      1.12770565	      0.35154481	     -0.01900196	     -0.03854424
      4.52500000	     -4.63208120	      3.47977933	     -3.12765961	     39.39884241	   -126.56424013	    -15.55713253	     -0.94805353	      1.50017423	     -0.04491126	      5.37355831	     -4.56154897	     -0.24472930	    -19.29736610	     -4.47377072	     -2.06165767	      3.22421395	     -0.00282040	      2.62933134	     -0.00443788	      0.24495176	      0.83127858	      1.04465613	      0.36182696	     -0.02563007	     -0.04335423
      4.53000000	     -2.00924271	      4.36165456	     -2.96747679	     43.72733103	   -119.68466250	    -15.37881484	     -0.66362039	      1.73759860	     -0.06949370	      7.00971710	     -4.77179919	     -0.37244629	    -18.60738308	     -4.35868032	     -2.28895055	      3.49788018	     -0.00349299	      2.59812953	     -0.00615810	      0.37850961	      0.89643047	      1.05934392	      0.29125752	     -0.03243707	     -0.04769868
      4.53500000	      0.96391487	      4.56473616	     -2.72376955	     46.51868941	   -114.61171806	    -15.74057913	     -0.16767357	      2.02341391	     -0.13103855	      8.52476751	     -4.58814192	     -0.68103084	    -17.73145248	     -4.21564687	     -2.46503320	      3.66807432	     -0.00445677	      2.09486627	     -0.00836836	      0.50860559	      0.76453108	      1.12365869	      1.04611904	     -0.03930522	     -0.05151032
      4.54000000	      4.55620299	     -1.37848139	     -4.16059107	     47.87746735	   -244.58258436	    -25.38726135	      0.80600817	      2.62948436	     -0.39309495	      0.54747026	     -5.84339516	      0.22171654	    -16.64247074	     -4.04324241	     -2.57794459	      3.53040667	     -0.00574091	     -1.70965268	     -0.01105170	      0.80122978	    -15.24553901	      1.04464718	      0.90108255	     -0.04609978	     -0.05472952
      4.54500000	     30.20249017	     -1.49945825	     -5.39456807	     72.16581920	   -188.32946870	    -18.18555686	      1.33895362	      2.25249072	     -0.22810566	     26.66622064	     -4.07687855	     -1.49309108	    -15.31046830	     -3.83756719	     -2.61830039	      3.98657037	     -0.00736855	    -14.21043020	     -0.01419881	      0.78453843	     -7.50895681	      1.10031531	      0.94630558	     -0.05267064	     -0.05731586
      4.55000000	     45.24649039	     -1.51971261	     -5.99244666	     86.62655054	   -141.81072838	    -12.99447240	      2.28221982	      1.54760140	     -0.06759783	     41.29310513	     -3.26623169	     -2.38349174	    -13.70352882	     -3.59148537	     -2.58017908	      3.82071721	     -0.00935488	    -20.22964252	     -0.01778117	      1.05949652	     -4.77564000	      0.65651827	      1.25077092	     -0.05885689	     -0.05925219
      4.55500000	     46.79644451	      1.45771520	     -6.54532819	     86.18022815	   -187.01339586	    -14.85689576	     -4.80173800	      5.19079768	     -0.23316042	     44.24878563	     -2.12306579	     -2.78741235	    -11.78904756	     -3.29423860	     -2.46174862	      6.40543813	     -0.01166704	    -24.48990720	     -0.02174884	     -3.62716773	    -10.22115908	      0.78427063	      2.45301490	     -0.06449920	     -0.06054831
      4.56000000	     46.63700461	      9.79021896	     -0.68591950	     79.35145221	   -258.40894988	    -14.76114229	     -0.27620001	     12.87817513	     -2.88199569	     31.38349456	     -1.03671239	     -2.60783855	     -9.53531267	     -2.93149060	     -2.26554461	     -3.06380054	     -0.01430066	    -19.77765751	     -0.02602885	     -8.16303835	    -16.20176648	      1.00495349	      3.29366909	     -0.06944177	     -0.06124128
      4.56500000	     47.34206914	      2.78293493	      3.04579192	     75.81382728	   -214.32665379	    -10.24179621	     15.36546959	     12.02784010	     -4.42009977	     16.52942426	      1.46379630	     -2.63917382	     -6.91339339	     -2.48579834	     -1.99836487	    -10.16868409	     -0.01726573	    -12.84597095	     -0.03052480	     -4.88120688	    -21.01435678	      0.88867369	      4.40679967	     -0.07354676	     -0.06139217
      4.57000000	     26.00756075	     -2.28146442	      5.87504630	     49.24719084	   -151.15775320	     -6.08576254	     21.22762222	      8.60931950	     -3.97420239	     -8.31010691	      0.78043465	     -1.48443210	     -3.89931347	     -1.93745166	     -1.67080294	    -11.21665895	     -0.02054641	     -0.41715391	     -0.03511801	     -3.05588801	    -26.55246729	      1.17849903	      4.70459220	     -0.07671030	     -0.06108034
      4.57500000	     -4.30429371	     -5.28965157	      8.35582317	     11.00498600	   -123.93647264	      0.99262829	     20.31226663	      7.76527183	     -3.78335658	    -37.79145145	      3.43037629	     -0.74836169	     -0.47650142	     -1.26558621	     -1.29651828	    -12.65744362	     -0.02411937	     14.19574306	     -0.03967056	     -5.13813852	    -32.55336703	      0.70543647	      5.49819074	     -0.07886913	     -0.06039655
      4.58000000	    -25.41254934	    -11.70079039	      7.88582341	    -18.09607551	   -107.42396576	     12.77607221	     14.63755252	      4.21123186	     -2.19771336	    -54.80126480	      7.39895026	     -0.97001360	      3.36150825	     -0.44946488	     -0.89138398	    -13.35124392	     -0.02795411	     21.23989053	     -0.04390284	     -8.85711146	    -37.73520904	     -0.61428589	      6.61140814	     -0.08000509	     -0.05944681
      4.58500000	    -24.83076154	    -16.23435507	      5.19140423	    -25.49763168	    -94.11881486	     18.46532427	      7.00640012	      0.51505437	     -0.27567733	    -49.98526677	      7.82754130	     -1.48709646	      7.60824958	      0.53016062	     -0.47261411	    -11.07005642	     -0.03201350	     12.65071397	     -0.04772064	    -12.02166521	    -41.86319251	     -1.20649936	      7.05182851	     -0.08014469	     -0.05832699
      4.59000000	    -11.37909181	     -9.33053195	      3.44049566	    -20.06715576	    -86.90189334	      7.11846936	     -2.34380880	     -1.41778253	      1.25388542	    -32.51114617	     -1.82885833	     -0.05522744	     12.24161919	      1.68967428	     -0.05789992	     -6.39680454	     -0.03625474	     -7.08566032	     -0.05117029	    -14.45732115	    -46.20955118	     -1.30163067	      6.08622240	     -0.07935489	     -0.05711567
      4.59500000	      2.98908741	      2.04965653	      2.64231853	    -13.14290165	    -83.28225169	     -8.06031316	    -12.37210423	     -0.03468831	      1.69899637	    -14.30210149	    -11.76576273	      1.71265513	     17.22161786	      3.04125518	      0.33547181	     -1.64548258	     -0.04063049	    -28.22139397	     -0.05420657	    -17.97769434	    -50.90113266	     -0.76692547	      4.82414725	     -0.07773675	     -0.05588857
      4.60000000	     18.41101010	      7.92108090	      2.55598330	     -5.50416419	    -78.86286343	    -17.02874053	    -15.74423456	      0.59836651	      1.57909272	     -1.87500772	    -17.78849956	      2.88357594	     22.48894644	      4.59159856	      0.69158221	     -2.16516686	     -0.04507742	    -46.36470945	     -0.05680722	    -20.68669177	    -56.26916655	     -0.41549258	      4.34608860	     -0.07542191	     -0.05470699
      4.60500000	     27.53594053	      6.04078669	      2.53665219	     -4.17612740	    -74.36238629	    -15.89170722	    -14.23998656	     -3.04986993	      2.46101170	     -0.28589822	    -20.88881494	      4.01307145	     27.96491941	      6.34070173	      0.99698693	     -8.17167166	     -0.04949029	    -58.26781558	     -0.05897190	    -23.47257382	    -62.46971009	     -0.86979024	      4.39744479	     -0.07256238	     -0.05361577
      4.61000000	     33.25806912	      0.86941702	      2.93346782	     -6.62262960	    -89.43899578	     -7.17045603	    -10.98774406	     -8.76190870	      4.06752595	     -5.11096133	    -22.07834421	      5.14508575	     33.55313242	      8.28072027	      1.24194626	    -20.05799120	     -0.05379492	    -66.97887336	     -0.06071944	    -27.98243335	    -68.53890766	     -1.96570269	      4.59327172	     -0.06931141	     -0.05264294
      4.61500000	     35.67009254	     -5.53988319	      3.47898872	    -11.52648212	   -110.99485016	      4.92048770	     -7.03210702	    -14.33890384	      5.63235871	    -14.22487585	    -21.54072612	      6.13074176	     39.14318701	     10.39494707	      1.42163126	    -34.71015977	     -0.05790447	    -73.45768183	     -0.06205573	    -33.47267714	    -74.89621362	     -2.57399736	      5.19475768	     -0.06583340	     -0.05180975
      4.62000000	     36.16535032	    -12.63349524	      3.85398120	    -17.45598525	   -133.58606150	     18.16689767	     -2.88279625	    -20.69026120	      7.69963028	    -25.24871081	    -21.03042969	      7.40613586	     44.61654427	     12.65704637	      1.53706724	    -51.24699973	     -0.06173423	    -79.38890454	     -0.06285030	    -38.96823642	    -81.04170940	     -3.25635163	      5.67092476	     -0.06228880	     -0.05111180
      4.62500000	     32.84400249	    -16.26376371	      2.77253918	    -24.93060440	   -151.06630652	     26.88021739	     -5.32183372	    -25.06297668	      9.74821048	    -32.61524710	    -20.63286443	      8.56672749	     49.85425742	     15.03074476	      1.59556605	    -63.60346209	     -0.06520424	    -87.73807077	     -0.06308613	    -45.40376747	    -86.64397958	     -3.35074579	      6.17316860	     -0.05882552	     -0.05053783
      4.63000000	     24.72813328	    -16.45049302	     -0.28239377	    -35.43385793	   -155.99351440	     31.26326331	    -15.49022367	    -26.88596679	     11.52105780	    -35.31427332	    -19.36113058	      9.14348214	     54.74594291	     17.47020940	      1.61045235	    -70.41767529	     -0.06824178	    -98.34740667	     -0.06278505	    -52.09235087	    -91.10647683	     -2.83325989	      6.57279477	     -0.05557122	     -0.05007702
      4.63500000	     12.19501972	    -18.03238828	     -5.16286233	    -48.00446571	   -152.10184903	     35.53165254	    -28.92545009	    -29.31705404	     13.89272895	    -37.59362438	    -16.93934079	      9.23999338	     59.19897732	     19.92130372	      1.60000653	    -74.70460351	     -0.07078362	   -109.03219490	     -0.06199245	    -58.63824101	    -95.25491777	     -2.37056931	      7.33860984	     -0.05262767	     -0.04971950
      4.64000000	      5.79007505	    -20.22147774	     -9.68680467	    -51.45400068	   -144.80777831	     39.66560237	    -38.90554459	    -30.97428419	     15.62370924	    -36.76911193	    -13.78461928	      8.72511319	     63.14669153	     22.32378990	      1.58572622	    -81.18063357	     -0.07277616	   -121.18471145	     -0.06077511	    -64.00655555	    -98.72710991	     -1.71279215	      8.27218233	     -0.05007392	     -0.04945931
      4.64500000	      5.53999376	    -22.95578112	    -13.37853130	    -45.27097930	   -135.92354085	     43.58619005	    -44.62665357	    -30.72806736	     16.06535741	    -33.80041081	     -9.09057554	      7.26091933	     66.55432041	     24.61438138	      1.59015126	    -89.95389076	     -0.07428436	   -134.17471374	     -0.05921720	    -68.35815254	   -101.81176662	     -0.66343457	      9.47084725	     -0.04795092	     -0.04929575
      4.65000000	      8.71691403	    -26.07225755	    -15.50819596	    -33.04879156	   -123.70784218	     46.58835740	    -45.02408924	    -27.76797151	     14.72481090	    -32.26801290	     -2.28847428	      4.82753553	     69.42163193	     26.73040020	      1.63451937	   -101.70318252	     -0.07531519	   -145.38434659	     -0.05742946	    -71.33342981	   -104.63933097	      0.50958279	     11.16210378	     -0.04627092	     -0.04924049
      4.65500000	     11.88334696	    -22.21676662	    -14.68562105	    -20.06965105	   -115.92547878	     42.20052275	    -43.44074323	    -19.94760983	     10.55190914	    -32.81427240	      3.19574741	      2.96031912	     71.78155199	     28.61368817	      1.73648615	   -115.53467590	     -0.07585446	   -154.81777035	     -0.05566356	    -73.45306995	   -107.02053034	      2.66730188	     12.50109337	     -0.04502825	     -0.04929331
      4.66000000	     17.14006856	     -6.99761678	    -10.02697025	     -7.57891583	   -123.69402320	     24.75031111	    -40.99233948	     -5.44751771	      2.37479116	    -33.18332363	      6.19013108	      1.99248281	     73.69475151	     30.21435434	      1.90814826	   -133.36460821	     -0.07589519	   -163.95587471	     -0.05400057	    -73.22710491	   -108.52569206	      5.24755561	     13.56769228	     -0.04419960	     -0.04946208
      4.66500000	     10.80770219	     15.73828104	     -6.17883312	     -9.89472913	   -134.88463427	     -3.56424380	    -47.70946094	     10.93118688	     -6.89791422	    -34.96158473	      6.83805780	      2.09244912	     75.24089200	     31.49392617	      2.15462526	   -146.20273364	     -0.07543958	   -172.31876758	     -0.05249604	    -72.20331947	   -109.65611956	      7.58335397	     14.58857220	     -0.04374897	     -0.04975467
      4.67000000	     -7.30330731	     28.11960429	     -7.53322217	    -20.55800109	   -101.76660430	    -26.25773993	    -60.26763448	     15.84593804	     -9.51795500	    -38.06835332	      3.81130977	      3.99492104	     76.50779961	     32.42753473	      2.47341835	   -146.27290132	     -0.07450143	   -180.33102949	     -0.05118956	    -72.03212947	   -110.30544441	      8.70349379	     15.13411101	     -0.04363214	     -0.05017495
      4.67500000	    -12.17623905	     21.35771856	     -9.39593053	     -9.62582244	    -38.18462962	    -31.79083751	    -57.96430489	      6.40571600	     -4.46512826	    -41.44972306	     -3.28818400	      7.89926640	     77.58017484	     33.00491196	      2.85468493	   -147.80666230	     -0.07310859	   -189.37301671	     -0.05010495	    -72.21596816	   -110.37511373	      8.24634193	     15.29240493	     -0.04380038	     -0.05072060
      4.68000000	     -0.31814812	      3.66191630	     -8.48759935	     21.87908457	     21.39384483	    -24.82745982	    -38.81979382	     -9.62284253	      3.76646164	    -46.58921830	    -12.38275020	     13.10390139	     78.52950412	     33.23017594	      3.28246984	   -159.38844216	     -0.07130533	   -197.72901506	     -0.04925148	    -71.35876041	   -110.11730203	      6.35937735	     14.91196642	     -0.04420325	     -0.05138157
      4.68500000	     10.23230703	     -9.74888339	     -6.32470254	     49.13775791	     65.45332993	    -22.82701557	    -20.71123653	    -21.50169001	      9.80366754	    -53.12218895	    -20.79691696	     18.21474268	     79.40651910	     33.12058464	      3.73675527	   -170.44554066	     -0.06915697	   -205.65166054	     -0.04862602	    -70.71197551	   -109.71413380	      4.97528698	     14.83332656	     -0.04479056	     -0.05213930
      4.69000000	     16.13192021	    -15.89792617	     -3.32196214	     67.41886719	     96.19419301	    -27.66129363	     -7.63861425	    -26.83843409	     12.29793670	    -59.95791156	    -27.19756139	     22.38824486	     80.23694111	     32.70459957	      4.19594842	   -178.75245362	     -0.06674219	   -212.38369035	     -0.04821573	    -70.33195271	   -109.19862102	      4.56861170	     14.83961916	     -0.04551378	     -0.05296678
      4.69500000	     17.13725738	    -18.54972056	     -0.74465370	     75.83396888	    113.07452160	    -34.83932312	     -0.02930376	    -27.95788887	     12.56422543	    -66.74730362	    -30.64117148	     24.99864977	     81.02065053	     32.01963347	      4.63930859	   -184.36212588	     -0.06412172	   -218.16465223	     -0.04800102	    -70.27073679	   -108.43102655	      4.77742435	     15.12416282	     -0.04632420	     -0.05382939
      4.70000000	     15.25479936	    -19.47972117	      1.46322651	     77.92946301	    119.94000458	    -41.24546767	      4.11282413	    -25.68588532	     10.88998173	    -73.35277886	    -30.57981716	     25.61517835	     81.73396750	     31.10973885	      5.04890773	   -188.92676858	     -0.06141839	   -221.40514306	     -0.04795846	    -70.20358600	   -108.16106790	      5.42541818	     15.65504399	     -0.04717595	     -0.05468647
      4.70500000	     12.96162195	    -22.28297149	      1.40829196	     77.16348771	    122.49554459	    -42.35063669	      3.44785744	    -23.61826636	      9.53141965	    -75.38806765	    -27.39727161	     23.82991132	     82.33436683	     30.02333255	      5.41088766	   -191.36409113	     -0.05876019	   -224.11812600	     -0.04806389	    -70.24704691	   -107.75451267	      5.82207020	     16.46972565	     -0.04802424	     -0.05549338
      4.71000000	     11.98654403	    -24.97310037	      0.07112352	     75.65219214	    117.09879581	    -40.28284211	     -0.93505556	    -21.55410964	      8.26868210	    -72.64734647	    -22.94306446	     20.61274621	     82.76671456	     28.81093976	      5.71594258	   -192.54707034	     -0.05627258	   -227.12336543	     -0.04829077	    -70.45215041	   -107.38699884	      6.50485906	     17.39853089	     -0.04882484	     -0.05620392
      4.71500000	      9.58583455	    -28.18165089	     -2.65869341	     70.79830712	    110.73474620	    -35.73917210	     -8.25404807	    -20.70424437	      7.86965329	    -67.93397262	    -18.08563224	     16.84966986	     82.97007278	     27.52289760	      5.95912418	   -192.04051331	     -0.05407076	   -228.62432879	     -0.04861959	    -70.46836903	   -107.28465390	      6.62836520	     18.13633281	     -0.04953405	     -0.05677294
      4.72000000	      7.42011887	    -29.27333599	     -5.20805115	     63.83328788	     98.10823655	    -32.40053743	    -16.78667694	    -20.03699828	      7.59253036	    -61.90590937	    -14.66271981	     13.69145621	     82.88420500	     26.20700749	      6.13918480	   -190.74755654	     -0.05225257	   -229.93706955	     -0.04903611	    -70.58411911	   -106.90742988	      6.88059467	     18.64766572	     -0.05010905	     -0.05715901
      4.72500000	      4.59363099	    -30.96829911	     -7.47043734	     54.20137236	     81.99327993	    -28.33230609	    -23.70197964	    -20.64304156	      8.05241159	    -58.01833433	    -12.22891555	     11.34404720	     82.45507275	     24.90623760	      6.25768561	   -190.02172124	     -0.05089261	   -229.16252584	     -0.04952749	    -70.40982928	   -106.67339919	      6.81471632	     19.21056961	     -0.05050871	     -0.05732691
      4.73000000	      0.57130959	    -30.19663331	     -8.80559460	     43.28286963	     72.52734748	    -27.11123137	    -29.63488807	    -21.79954533	      8.83861296	    -55.51809191	    -12.64596847	     10.82978599	     81.63887195	     23.65664913	      6.31804751	   -187.29028831	     -0.05003825	   -226.52129003	     -0.05008206	    -70.57427027	   -106.29843765	      6.62542337	     19.01005323	     -0.05069492	     -0.05725003
      4.73500000	     -4.59360445	    -27.61043874	     -9.30562452	     31.12793166	     69.50091024	    -29.01378236	    -34.12020640	    -22.45714942	      9.24457940	    -54.78195227	    -14.40261087	     11.29298830	     80.40448158	     22.48571947	      6.32467541	   -182.58894383	     -0.04970746	   -221.85023661	     -0.05068869	    -70.79088354	   -106.07948457	      6.57142024	     18.86732693	     -0.05063424	     -0.05691220
      4.74000000	     -7.78500533	    -23.19797348	     -8.73648022	     22.06990187	     72.75976868	    -33.23124418	    -36.38854382	    -22.66066521	      9.28701157	    -53.67745670	    -17.71024720	     12.59870764	     78.73447535	     21.41120373	      6.28225747	   -176.82618941	     -0.04988885	   -216.19370012	     -0.05134022	    -70.89011489	   -105.77187019	      6.47995002	     18.44555523	     -0.05029998	     -0.05630888
      4.74500000	    -10.87300342	    -17.47620522	     -7.83618153	     14.58355233	     81.39047214	    -38.12766144	    -38.29812949	    -22.85763976	      9.34149692	    -52.08611299	    -22.04336951	     14.41367139	     76.62499133	     20.44063529	      6.19529934	   -169.37693193	     -0.05054359	   -209.36836454	     -0.05203403	    -71.37547424	   -105.43878855	      6.49675944	     17.83971712	     -0.04967451	     -0.05544718
      4.75000000	    -11.90159109	    -12.75330928	     -7.01627557	     10.05679043	     92.01353608	    -41.15888199	    -38.85183708	    -23.31890849	      9.53961521	    -49.29889980	    -26.04980415	     15.90899605	     74.08474737	     19.57154108	      6.06788539	   -161.54954754	     -0.05160911	   -202.29295563	     -0.05276465	    -71.46722533	   -104.92467253	      6.40918355	     17.25101978	     -0.04875189	     -0.05434518
      4.75500000	    -13.42971548	     -9.20227326	     -6.57535137	      6.50533492	    105.25913959	    -40.53261620	    -39.25062549	    -24.07206181	      9.93758998	    -46.49298904	    -29.12746140	     16.93452529	     71.13340821	     18.79243988	      5.90360206	   -152.91494295	     -0.05300397	   -193.77994733	     -0.05352668	    -71.91310996	   -104.26517919	      6.43528313	     16.41474906	     -0.04754058	     -0.05303064
      4.76000000	    -16.55756662	     -8.19043956	     -7.33946472	      1.84291025	    117.76566486	    -36.66960942	    -40.47440383	    -25.38488441	     10.77538259	    -43.85554782	    -30.36502375	     17.02627857	     67.79946440	     18.08464788	      5.70554720	   -143.02687425	     -0.05463397	   -184.67981749	     -0.05431401	    -72.19429901	   -103.64406241	      6.23159636	     15.95689242	     -0.04606587	     -0.05153965
      4.76500000	    -19.43846917	     -9.66502145	     -8.98503351	     -1.79805658	    129.81925854	    -28.86070148	    -41.76967513	    -27.38580452	     12.04153192	    -40.44166186	    -30.13397566	     16.35067708	     64.11779922	     17.42480978	      5.47636366	   -132.50275894	     -0.05645336	   -175.72100426	     -0.05511951	    -72.33232221	   -102.54081413	      5.93129326	     15.48955838	     -0.04437315	     -0.04991552
      4.77000000	    -23.61252249	    -14.01204855	    -11.74644683	     -5.66175425	    145.27761070	    -17.92974546	    -43.39544613	    -30.80416973	     14.20723806	    -37.19819589	    -28.75054446	     15.20383146	     60.12716646	     16.78793530	      5.21826631	   -121.12663647	     -0.05835954	   -166.04882764	     -0.05593474	    -71.95808278	   -101.17044511	      4.78943001	     14.90340427	     -0.04252477	     -0.04820816
      4.77500000	    -27.04778164	    -20.81622014	    -14.99801910	     -7.88983071	    157.58980707	     -4.05255476	    -44.13980644	    -35.19827431	     16.78991998	    -33.99924758	    -26.35922778	     13.64073347	     55.86787552	     16.15057900	      4.93308739	   -110.60809802	     -0.06026448	   -156.23677620	     -0.05674961	    -71.05545543	    -99.71589001	      3.51267173	     14.59977296	     -0.04060240	     -0.04647341
      4.78000000	    -28.83366559	    -22.91514882	    -15.96009467	     -8.12955338	    166.21362950	      4.01496201	    -42.96688784	    -34.83640143	     16.61394108	    -31.43704619	    -23.51894188	     12.04049952	     51.38002508	     15.49371303	      4.62240458	   -100.80539329	     -0.06208625	   -146.19644644	     -0.05755216	    -69.62287072	    -97.76136597	      3.04073377	     14.19558360	     -0.03870402	     -0.04477211
      4.78500000	    -30.03601469	    -23.77708510	    -16.01451788	     -6.57781841	    178.14094140	      9.71010132	    -40.21553059	    -33.42234447	     15.83516355	    -29.55614058	    -21.06389711	     10.77572113	     46.70253242	     14.80487694	      4.28778832	    -91.24998213	     -0.06375131	   -135.53304940	     -0.05832837	    -67.46258528	    -95.48139744	      2.51506873	     13.52535970	     -0.03694012	     -0.04316869
      4.79000000	    -30.98360207	    -23.35039515	    -15.49776113	     -3.79842123	    188.20889866	     12.71242773	    -37.04127594	    -30.81477403	     14.47436377	    -27.88042078	    -18.65281140	      9.58343870	     41.87300262	     14.07933859	      3.93114521	    -81.81376795	     -0.06519610	   -124.87175828	     -0.05906214	    -65.02562128	    -93.04120311	      2.22904515	     13.17019222	     -0.03542862	     -0.04172920
      4.79500000	    -31.02978590	    -20.69725945	    -13.92375107	      1.06815376	    204.94294660	     13.35656761	    -32.62281588	    -27.60764656	     12.78932392	    -26.07899355	    -17.80208579	      9.12480962	     36.92830680	     13.32018489	      3.55509080	    -72.63715289	     -0.06636770	   -113.80641925	     -0.05973539	    -61.95972586	    -89.76595820	      2.03036329	     11.95420619	     -0.03428871	     -0.04051887
      4.80000000	    -31.20348986	    -19.17917832	    -12.97168787	      6.19593232	    218.05570310	     13.84582138	    -29.01792929	    -24.76827298	     11.44745753	    -23.63173398	    -16.22701913	      8.27370239	     31.90563072	     12.53741039	      3.16325537	    -63.40173189	     -0.06722396	   -103.51451921	     -0.06029848	    -58.72258842	    -86.14608460	      1.70860932	     11.30003054	     -0.03363405	     -0.03960203
      4.80500000	    -29.88898035	    -17.63198667	    -11.86436578	     13.11914369	    230.84444218	     13.71577931	    -24.72024046	    -21.80957372	     10.05583689	    -20.39740138	    -14.64675297	      7.36231173	     26.84369237	     11.74617465	      2.76042039	    -55.06200184	     -0.06773309	    -93.68335124	     -0.06059980	    -54.73257984	    -82.06579254	      1.35080411	     10.56135259	     -0.03356578	     -0.03903649
      4.81000000	    -29.00836154	    -16.20989048	    -10.68470451	     20.24346411	    243.33821572	     13.01209026	    -20.20154792	    -19.09345771	      8.80688380	    -17.78754618	    -13.15602874	      6.55084332	     21.78383159	     10.96446819	      2.35242975	    -47.21121491	     -0.06780706	    -83.55952427	     -0.06061048	    -50.64965197	    -77.73241310	      0.89636038	      9.84897306	     -0.03417411	     -0.03886338
      4.81500000	    -27.94280404	    -14.94186431	     -9.41712896	     27.27017884	    251.99336167	     12.85099418	    -15.38740407	    -16.45685825	      7.56085651	    -15.55806104	    -11.45147508	      5.71459883	     16.77073690	     10.21046617	      1.94588673	    -40.59507943	     -0.06733926	    -73.39562032	     -0.06030558	    -46.31910887	    -73.12121839	      0.61281380	      9.05524954	     -0.03551234	     -0.03911504
      4.82000000	    -27.04108199	    -13.39198871	     -8.30815366	     33.95272996	    257.83477190	     12.05443016	    -11.42037313	    -13.98862211	      6.50781991	    -12.88244278	     -9.87559330	      4.89651972	     11.85262753	      9.49987158	      1.54768991	    -34.20551149	     -0.06633782	    -63.82689729	     -0.05966738	    -42.06664306	    -68.15065007	      0.25847033	      8.29036424	     -0.03760178	     -0.03980836
      4.82500000	    -25.03842828	    -11.74347195	     -7.09832564	     41.01014944	    261.20566633	     10.63546908	     -7.14565074	    -11.43400453	      5.40186969	     -9.76313844	     -8.26119582	      4.03997999	      7.08074818	      8.84356581	      1.16448820	    -28.59300990	     -0.06481810	    -55.03943455	     -0.05868626	    -37.60021973	    -62.75315494	     -0.09470909	      7.61992182	     -0.04043261	     -0.04094246
      4.83000000	    -23.10899903	    -10.02135539	     -5.95712707	     46.85356514	    257.58845500	      9.28674822	     -3.27082023	     -9.52231859	      4.54035164	     -6.97814583	     -7.25232013	      3.43380319	      2.50810912	      8.24586439	      0.80215511	    -23.79978269	     -0.06280826	    -47.02782248	     -0.05736128	    -33.24283984	    -57.33384053	     -0.28429235	      6.89958609	     -0.04395763	     -0.04249718
      4.83500000	    -19.98815377	     -7.71655190	     -4.68771375	     52.65200404	    248.92845620	      7.36137315	      0.55030078	     -7.32354034	      3.55839823	     -3.63985329	     -6.33185326	      2.81201329	     -1.81247647	      7.70360038	      0.46537563	    -19.86484488	     -0.06034794	    -39.91098769	     -0.05570532	    -28.90717286	    -51.77988150	     -0.34391631	      6.30576071	     -0.04809175	     -0.04443375
      4.84000000	    -18.15869861	     -4.76431967	     -3.63536609	     55.90329460	    235.68872022	      4.36556489	      2.86198277	     -5.31133755	      2.82642836	     -0.66062962	     -6.06819006	      2.43148680	     -5.83088599	      7.20613967	      0.15740525	    -15.52734937	     -0.05748690	    -33.59735695	     -0.05386356	    -24.91006106	    -46.38850966	     -0.40295249	      5.64816362	     -0.05271346	     -0.04670024
      4.84500000	    -16.03026313	     -1.50255924	     -2.53561780	     57.72462894	    219.33788810	      0.92092373	      5.18786442	     -3.39559476	      2.09278352	      1.98548982	     -6.28366761	      2.22161268	     -9.50244918	      6.73630476	     -0.11998114	    -11.74875234	     -0.05427666	    -27.94945987	     -0.05187441	    -20.75374901	    -41.13593965	     -0.33420153	      4.91555552	     -0.05767875	     -0.04920835
      4.85000000	    -13.90514025	      2.17313681	     -1.52340818	     57.96253564	    196.29472148	     -3.20152243	      6.57983847	     -1.51383780	      1.49175584	      4.63692017	     -6.94986517	      2.11479178	    -12.79066455	      6.27207404	     -0.36637489	     -8.03729444	     -0.05086670	    -23.40692526	     -0.04971517	    -17.17034706	    -36.06188911	     -0.24725213	      4.26850838	     -0.06280137	     -0.05186227
      4.85500000	    -10.40773044	      4.76225858	     -0.66607293	     57.70024363	    167.93268212	     -6.59875315	      8.47323379	     -0.11978111	      0.96579990	      7.27816019	     -7.38259246	      1.92669392	    -15.66956037	      5.78885300	     -0.58251618	     -5.33571470	     -0.04731025	    -19.73904666	     -0.04735735	    -13.57642330	    -31.31827405	     -0.24030906	      3.86196800	     -0.06787470	     -0.05455258
      4.86000000	     -7.34308058	      7.64561999	      0.09772676	     55.14120228	    135.36602155	     -9.38580234	      9.55901740	      1.32476100	      0.47425086	      9.53437476	     -8.00642244	      1.82724244	    -18.12544369	      5.26207719	     -0.77005192	     -2.86991634	     -0.04363189	    -16.55304382	     -0.04476835	    -10.41373563	    -26.77835961	      0.01317748	      3.25819439	     -0.07268691	     -0.05716015
      4.86500000	     -4.17337595	     10.22614736	      0.76838659	     51.08325526	    100.98252178	    -11.79221183	     10.36812027	      2.60406279	      0.07226745	     11.55369305	     -8.65944816	      1.74874859	    -20.15784785	      4.66989440	     -0.93133362	     -0.73687310	     -0.03985249	    -13.89551940	     -0.04191475	     -7.51757297	    -22.39113966	      0.16538831	      2.59958547	     -0.07702533	     -0.05956078
      4.87000000	     -0.69724876	     12.10217162	      1.24369255	     45.95404304	     64.16133761	    -12.95099573	     10.93158186	      3.73555918	     -0.28925272	     13.47947295	     -8.86829088	      1.57659237	    -21.77955181	      3.99568313	     -1.06928612	      0.88564044	     -0.03599034	    -11.58821354	     -0.03858009	     -5.00546983	    -18.33444744	      0.36074277	      2.05039096	     -0.08068666	     -0.06164306
      4.87500000	      1.50366522	     12.43519196	      1.36023055	     38.04545149	     27.91565345	    -12.55624563	     11.06986459	      3.94796942	     -0.40180776	     14.31529149	     -8.67661176	      1.39763828	    -23.01563079	      3.23019001	     -1.18733697	      2.19020049	     -0.03206343	     -9.19496583	     -0.03474334	     -2.65731741	    -14.49741006	      0.40469041	      1.64379944	     -0.08348714	     -0.06328398
      4.88000000	      3.15666282	     12.87919116	      1.60921436	     28.85373636	     -7.90257174	    -11.76382415	     10.94066227	      4.08986527	     -0.46399984	     14.49578808	     -8.65162985	      1.30292453	    -23.90161093	      2.37310209	     -1.28935451	      3.17958755	     -0.02796981	     -6.86341329	     -0.03064156	     -0.94324631	    -10.73976248	      0.32753909	      1.19836077	     -0.08528551	     -0.06436436
      4.88500000	      6.38533365	     13.00172501	      2.33261075	     20.30128183	    -44.71473103	     -9.35835606	     12.25790584	      4.33854371	     -0.69351858	     14.28254469	     -8.32994356	      1.19505922	    -24.48089720	      1.43390196	     -1.37952344	      2.51785873	     -0.02382429	     -4.57956576	     -0.02638295	      0.58668055	     -7.08297864	      0.28939799	      0.63721238	     -0.08595495	     -0.06479503
      4.89000000	     10.80869214	     14.10577762	      3.78155019	     12.55592688	    -85.08010935	     -7.05312335	     14.45116723	      5.55747738	     -1.07521697	     13.68017074	     -8.17915973	      1.14971644	    -24.80170365	      0.43188606	     -1.46210702	      0.97964118	     -0.01979105	     -2.61532594	     -0.02208371	      1.38335066	     -3.82887716	      0.63921780	      0.14922769	     -0.08541700	     -0.06451069
      4.89500000	     12.83681619	     14.98203766	      4.55248073	      2.65901572	   -124.33534936	     -4.22531453	     14.26042145	      7.58553568	     -1.42050035	     13.08842113	     -6.91171514	      0.93561925	    -24.91375348	     -0.60473049	     -1.54108874	      1.03398085	     -0.01596406	     -0.99335290	     -0.01786351	      1.26237894	     -1.12799901	      1.32243307	     -0.11860589	     -0.08365429	     -0.06347522
      4.90000000	     13.10013865	     13.70690525	      4.16875274	     -8.18980881	   -162.58765345	     -0.51091785	     12.19167835	      8.27372162	     -1.39309448	     12.75946438	     -5.12509799	      0.67082015	    -24.86502298	     -1.64063423	     -1.61973513	      1.87377813	     -0.01243027	      0.02837296	     -0.01384058	      1.07165907	      0.49342469	      1.25335253	     -0.36119887	     -0.08070638	     -0.06168595
      4.90500000	     13.83418468	      9.19783832	      3.66280266	    -18.33183787	   -203.62456769	      5.12239836	     11.04955669	      8.79456604	     -1.31011496	     11.85067439	     -1.24971259	      0.08907206	    -24.69876395	     -2.63608003	     -1.70016816	      2.09117447	     -0.00926699	      0.96153145	     -0.01012692	      0.99911126	      0.84013713	      1.31913654	     -0.05700879	     -0.07667073	     -0.05917671
      4.91000000	     13.49876426	      6.20798697	      3.10770264	    -28.81088258	   -240.47655811	      8.73081180	      9.34694404	      9.50842537	     -1.32925909	     10.66795394	      1.31734624	     -0.19273694	    -24.45099698	     -3.55019427	     -1.78305041	      2.73116441	     -0.00653994	      1.37230797	     -0.00687073	      0.77367822	      0.82841807	      1.47449278	      0.05022478	     -0.07170015	     -0.05602234
      4.91500000	     12.30504418	      1.90385901	      2.41256134	    -38.48635979	   -265.25938877	     12.91455549	      7.75941590	      9.09394229	     -1.03896966	      9.43165665	      3.95317133	     -0.45448614	    -24.14865983	     -4.34455154	     -1.86744581	      3.27401231	     -0.00430212	      1.78671487	     -0.00411082	      0.70711205	      0.73991823	      1.23634830	      0.20285349	     -0.06599644	     -0.05232788
      4.92000000	     10.39790835	     -0.75702444	      2.18374127	    -47.89347558	   -283.28034630	     16.22159963	      6.91192740	      9.35110263	     -1.02051338	      7.15535962	      6.01132855	     -0.54991850	    -23.80857473	     -4.98655996	     -1.95086113	      3.15134039	     -0.00259359	      2.68316650	     -0.00188021	      0.73791066	      0.44482679	      1.29140672	      0.26522714	     -0.05980022	     -0.04823370
      4.92500000	      7.01726046	     -3.52850762	      1.57424296	    -56.16088740	   -283.88592537	     19.75341807	      5.01665541	      9.16990561	     -0.82522209	      5.70385104	      8.07079575	     -0.68102887	    -23.43732426	     -5.45219011	     -2.02943789	      4.07875743	     -0.00144197	      3.31298845	     -0.00023882	      0.37093064	      0.45522042	      1.47506027	      0.37214587	     -0.05337767	     -0.04391020
      4.93000000	      3.16743752	     -5.18785424	      1.23679338	    -63.35989041	   -276.37297943	     21.93114707	      3.73788231	      8.84614826	     -0.67207413	      3.67638360	      9.10820087	     -0.63111074	    -23.03202812	     -5.72767495	     -2.09824900	      4.43747331	     -0.00086359	      3.99844740	      0.00076597	      0.23117471	      0.23879465	      1.53058170	      0.35267920	     -0.04700533	     -0.03954624
      4.93500000	     -1.08764551	     -6.94843466	      0.85251213	    -68.70868122	   -254.68584528	     23.90901603	      2.67166304	      8.18285281	     -0.46420703	      1.98699873	     10.15802904	     -0.61342050	    -22.58191584	     -5.80997563	     -2.15165427	      4.74762816	     -0.00086556	      4.64357539	      0.00110193	      0.18468198	      0.12229164	      1.42355638	      0.42253615	     -0.04095436	     -0.03533817
      4.94000000	     -5.57302662	     -6.60748910	      0.54890082	    -72.56605276	   -223.44201240	     24.31850626	      1.48691843	      8.18787206	     -0.48739692	      0.67795905	     10.28495198	     -0.50129162	    -22.07049727	     -5.70602561	     -2.18368505	      5.18921980	     -0.00144442	      4.97113462	      0.00075362	     -0.02661804	      0.08348782	      1.64540442	      0.39477042	     -0.03547539	     -0.03147784
      4.94500000	    -10.80310543	     -7.29112055	      0.10104399	    -74.97704998	   -180.35568835	     24.84926347	      0.42009875	      7.16834756	     -0.28064923	     -0.64878589	     10.43949624	     -0.41595633	    -21.47807144	     -5.43096942	     -2.18844551	      5.49361684	     -0.00258957	      5.35270343	     -0.00027713	     -0.09821445	     -0.10724988	      1.52193688	      0.48892154	     -0.03078581	     -0.02814093
      4.95000000	    -15.28673128	     -6.35695936	     -0.10622989	    -74.78162673	   -125.31181604	     24.07700543	     -0.07000420	      6.45876807	     -0.19329940	     -1.24637696	      9.62448911	     -0.25912641	    -20.78430871	     -5.00575180	     -2.16051915	      5.53086132	     -0.00428719	      5.33089502	     -0.00197180	     -0.13896615	     -0.02586289	      1.57907986	      0.45668769	     -0.02706008	     -0.02547672
      4.95500000	    -21.65653374	     -5.13810347	     -0.46717342	    -74.37258376	    -59.33519829	     22.34335708	     -1.07588951	      5.11424420	     -0.00499677	     -2.48616202	      8.12613350	     -0.00783385	    -19.97068132	     -4.45447537	     -2.09536399	      5.88203109	     -0.00651526	      5.62053360	     -0.00429668	     -0.21825320	     -0.15104660	      1.39302035	      0.36072323	     -0.02442237	     -0.02360028
      4.96000000	    -25.94185288	     -3.71652482	     -0.55977966	    -70.44608740	     15.80786669	     20.45220168	     -0.83306704	      4.10787252	      0.07426527	     -2.53518227	      6.71925422	      0.14671959	    -19.02257618	     -3.80193886	     -1.98968005	      5.55671693	     -0.00924382	      5.37607625	     -0.00720489	     -0.15449937	     -0.08559097	      1.45536812	      0.36892597	     -0.02294276	     -0.02258748
      4.96500000	    -31.28232925	     -1.83803394	     -0.75157727	    -65.71274545	    101.44409638	     17.52463403	     -0.87773747	      2.80656429	      0.17198653	     -2.74312965	      4.71397189	      0.36282913	    -17.93096352	     -3.07169797	     -1.84172429	      5.51565964	     -0.01243512	      5.22259316	     -0.01063858	     -0.11610678	     -0.07689789	      1.35668649	      0.29641459	     -0.02263632	     -0.02247261
      4.97000000	    -35.76354847	     -0.07191741	     -0.93321116	    -58.98403416	    195.02026767	     14.64330404	     -0.33206195	      1.47057655	      0.17822327	     -2.30673599	      2.89167583	      0.50170568	    -16.69350517	     -2.28486860	     -1.65152330	      4.94756213	     -0.01604387	      4.89693644	     -0.01453110	      0.15983769	      0.07150603	      1.13918854	      0.29876865	     -0.02346443	     -0.02324837
      4.97500000	    -41.34593884	      2.09070431	     -0.91382462	    -51.47537801	    298.30484460	     11.31699066	      0.10754748	     -0.17145989	      0.35422794	     -2.33130817	      0.27455030	      0.74725363	    -15.31500695	     -1.45973455	     -1.42092740	      4.84631682	     -0.02001785	      4.78843459	     -0.01880901	      0.04517674	      0.12839425	      1.30093485	      0.12998241	     -0.02533824	     -0.02486733
      4.98000000	    -45.76344901	      3.69309467	     -1.04808445	    -41.91580780	    408.09317339	      8.18995137	      0.96757542	     -1.69127696	      0.40326900	     -1.30527990	     -1.69191821	      0.84186701	    -13.80718509	     -0.61206875	     -1.15347752	      4.45410164	     -0.02429863	      4.30212055	     -0.02339382	      0.16240082	      0.35854379	      1.27141146	      0.10658305	     -0.02812369	     -0.02724474
      4.98500000	    -50.79111721	      5.09618607	     -1.19690949	    -32.04770341	    522.23888657	      4.92940600	      1.80815496	     -3.41521322	      0.47628056	     -0.62379995	     -3.74844427	      0.95060378	    -12.18779537	      0.24404188	     -0.85409474	      4.10819210	     -0.02881662	      4.00649014	     -0.02820378	      0.26135456	      0.41046399	      1.20234354	      0.04383659	     -0.03164736	     -0.03026226
      4.99000000	    -55.11697738	      6.45253074	     -1.28529240	    -20.95151331	    640.15243730	      1.57247378	      3.08863085	     -5.40340387	      0.56435147	      0.45911546	     -6.07385019	      1.06781163	    -10.47925247	      1.09514749	     -0.52864741	      3.34631127	     -0.03349691	      3.50157552	     -0.03315558	      0.56010456	      0.58290594	      0.90267121	     -0.12909319	     -0.03570438	     -0.03377289
      4.99500000	    -61.81351284	      5.31798944	     -2.00977961	     -9.73808068	    775.38134205	     -1.51260507	      3.39234361	     -9.07132287	      1.17168682	      1.50111353	     -7.95224406	      1.11950176	     -8.70695246	      1.92745688	     -0.18350468	      3.98614370	     -0.03826006	      3.30330189	     -0.03816627	      0.94213082	      0.95446065	     -0.25494563	     -0.28302206	     -0.04006712	     -0.03760713
      5.00000000	    -66.26459458	      5.52951127	     -2.16576196	      2.07412935	    898.47581585	     -3.73686812	      4.78775992	    -10.89021740	      1.25363213	      2.66633417	     -9.24753621	      1.08127802	     -6.89755195	      2.72619175	      0.17477973	      3.46663360	     -0.04302486	      2.98047821	     -0.04315545	      1.10143352	      1.10419890	     -0.32364318	     -0.34493568	     -0.04449514	     -0.04158058
