Coordinates
version=1
nRows=1000
nColumns=26
inDegrees=yes

Units are S.I. units (second, meters, Newtons, ...)
If the header above contains a line with 'inDegrees', this indicates whether rotational values are in degrees (yes) or radians (no).

endheader
time	pelvis_tilt	pelvis_list	pelvis_rotation	pelvis_tx	pelvis_ty	pelvis_tz	hip_flexion_r	hip_adduction_r	hip_rotation_r	knee_angle_r	knee_angle_r_beta	ankle_angle_r	subtalar_angle_r	mtp_angle_r	hip_flexion_l	hip_adduction_l	hip_rotation_l	knee_angle_l	knee_angle_l_beta	ankle_angle_l	subtalar_angle_l	mtp_angle_l	lumbar_extension	lumbar_bending	lumbar_rotation
      0.00500000	    -10.32998511	      4.06415283	     -4.74331579	     -0.10658017	      1.09701982	     -0.55551034	     23.70851308	    -15.35284029	    -14.76832246	     32.49128447	      0.56707989	     -4.17851130	      0.00000000	      0.00000000	     17.09804877	     -4.00328868	    -15.08746903	     25.55592004	      0.44603495	      2.88804357	      0.00000000	      0.00000000	      2.96599543	     -4.85899179	      2.36271203
      0.01000000	    -10.49710866	      4.11309662	     -4.66453868	     -0.10769039	      1.09603748	     -0.55524409	     24.07902338	    -15.33774980	    -14.42342485	     32.79380238	      0.57235983	     -4.10195833	      0.00000000	      0.00000000	     17.56270486	     -4.01846089	    -14.70898204	     26.10148347	      0.45555683	      2.82554709	      0.00000000	      0.00000000	      2.94958508	     -4.99678276	      2.26120199
      0.01500000	    -10.64151719	      4.20674200	     -4.55552830	     -0.10879489	      1.09478906	     -0.55499492	     24.44796653	    -15.40280318	    -14.13848521	     33.14232135	      0.57844263	     -4.09667211	      0.00000000	      0.00000000	     17.98985429	     -3.96702047	    -14.30991911	     26.60045435	      0.46426551	      2.70614556	      0.00000000	      0.00000000	      2.91714761	     -5.19830071	      2.14046928
      0.02000000	    -10.78913265	      4.30506095	     -4.44018596	     -0.10990527	      1.09345816	     -0.55475340	     24.82439539	    -15.47719611	    -13.85944888	     33.49912644	      0.58467005	     -4.10739194	      0.00000000	      0.00000000	     18.42146992	     -3.90556201	    -13.90611275	     27.09574362	      0.47290994	      2.57004799	      0.00000000	      0.00000000	      2.88614208	     -5.40532758	      2.01564652
      0.02500000	    -10.93491192	      4.42711704	     -4.30769108	     -0.11102388	      1.09188543	     -0.55452449	     25.21734569	    -15.59532886	    -13.60734907	     33.89102734	      0.59151001	     -4.16298436	      0.00000000	      0.00000000	     18.84902135	     -3.80994723	    -13.49588728	     27.57474610	      0.48127011	      2.39971164	      0.00000000	      0.00000000	      2.85519239	     -5.64432639	      1.88133258
      0.03000000	    -11.07938025	      4.56119545	     -4.16778825	     -0.11213794	      1.09009591	     -0.55430348	     25.62043787	    -15.73705950	    -13.36985234	     34.30611265	      0.59875462	     -4.26038949	      0.00000000	      0.00000000	     19.27212248	     -3.69750653	    -13.09498402	     28.04228638	      0.48943023	      2.21126101	      0.00000000	      0.00000000	      2.82336188	     -5.89852688	      1.74597912
      0.03500000	    -11.24176233	      4.70575941	     -4.02304655	     -0.11327805	      1.08801531	     -0.55409695	     26.06780430	    -15.90026116	    -13.13443493	     34.76501828	      0.60676403	     -4.39115463	      0.00000000	      0.00000000	     19.71957657	     -3.57294890	    -12.69872290	     28.51389789	      0.49766140	      2.00411019	      0.00000000	      0.00000000	      2.80970127	     -6.16238220	      1.61362910
      0.04000000	    -11.42286474	      4.85180777	     -3.88003739	     -0.11443287	      1.08564535	     -0.55390552	     26.55617129	    -16.07060036	    -12.89508274	     35.26197275	      0.61543753	     -4.54833009	      0.00000000	      0.00000000	     20.19086079	     -3.44892483	    -12.31818924	     28.99196118	      0.50600518	      1.79626623	      0.00000000	      0.00000000	      2.81589482	     -6.42313588	      1.48781880
      0.04500000	    -11.62104376	      4.99798466	     -3.74327756	     -0.11559771	      1.08297655	     -0.55372892	     27.08682243	    -16.24638645	    -12.65041498	     35.80310507	      0.62488207	     -4.71565922	      0.00000000	      0.00000000	     20.68215279	     -3.32735466	    -11.95898377	     29.47547202	      0.51444404	      1.59560402	      0.00000000	      0.00000000	      2.84220933	     -6.67833396	      1.37505128
      0.05000000	    -11.83423453	      5.13802302	     -3.61308639	     -0.11676973	      1.08001078	     -0.55357655	     27.65284089	    -16.42026787	    -12.40276154	     36.38227209	      0.63499044	     -4.89904464	      0.00000000	      0.00000000	     21.19184156	     -3.21439580	    -11.61817279	     29.96652051	      0.52301445	      1.39953172	      0.00000000	      0.00000000	      2.88643741	     -6.91940232	      1.27465631
      0.05500000	    -12.06353149	      5.26847278	     -3.49282524	     -0.11794931	      1.07673588	     -0.55344679	     28.25540121	    -16.58647368	    -12.14807625	     36.99952516	      0.64576354	     -5.08846333	      0.00000000	      0.00000000	     21.72349769	     -3.11630948	    -11.30028094	     30.47022163	      0.53180569	      1.20550072	      0.00000000	      0.00000000	      2.94963921	     -7.14116359	      1.18943994
      0.06000000	    -12.29967881	      5.38445112	     -3.37970665	     -0.11912191	      1.07317366	     -0.55334229	     28.87424459	    -16.73982783	    -11.89641794	     37.64149142	      0.65696796	     -5.28425772	      0.00000000	      0.00000000	     22.26659741	     -3.03620422	    -11.00308240	     30.98580147	      0.54080426	      1.01568805	      0.00000000	      0.00000000	      3.02149858	     -7.33903605	      1.11499602
      0.06500000	    -12.53956373	      5.48749504	     -3.27538205	     -0.12028633	      1.06932261	     -0.55325973	     29.50617841	    -16.88236474	    -11.64810438	     38.30843538	      0.66860833	     -5.48671011	      0.00000000	      0.00000000	     22.81903081	     -2.97403651	    -10.72972974	     31.51634463	      0.55006398	      0.81414298	      0.00000000	      0.00000000	      3.09747503	     -7.51435442	      1.05263888
      0.07000000	    -12.77960626	      5.57459129	     -3.18093126	     -0.12144234	      1.06518878	     -0.55319645	     30.14137218	    -17.00703395	    -11.39945942	     38.98864169	      0.68048017	     -5.70528105	      0.00000000	      0.00000000	     23.37892750	     -2.93418606	    -10.48122782	     32.06562434	      0.55965072	      0.60713937	      0.00000000	      0.00000000	      3.17224755	     -7.66397834	      0.99916750
      0.07500000	    -13.02487128	      5.64814126	     -3.09335664	     -0.12259713	      1.06076528	     -0.55315409	     30.78665121	    -17.11712286	    -11.15159635	     39.68522599	      0.69263786	     -5.93592895	      0.00000000	      0.00000000	     23.95656605	     -2.91267577	    -10.25144233	     32.64305707	      0.56972882	      0.42541832	      0.00000000	      0.00000000	      3.25021410	     -7.79056163	      0.95053886
      0.08000000	    -13.27569727	      5.70679617	     -3.01054415	     -0.12376128	      1.05605395	     -0.55313466	     31.44153764	    -17.21020382	    -10.90246685	     40.39672102	      0.70505579	     -6.16672478	      0.00000000	      0.00000000	     24.55544789	     -2.90941593	    -10.03069661	     33.25816413	      0.58046447	      0.35552373	      0.00000000	      0.00000000	      3.33131792	     -7.89356000	      0.90465528
      0.08500000	    -13.53460001	      5.75246787	     -2.92985255	     -0.12494337	      1.05104932	     -0.55313766	     32.10848644	    -17.28726404	    -10.64921914	     41.12319822	      0.71773521	     -6.37307691	      0.00000000	      0.00000000	     25.17852645	     -2.92068228	     -9.80676529	     33.91513511	      0.59193077	      0.49931034	      0.00000000	      0.00000000	      3.41878395	     -7.97657519	      0.85980079
      0.09000000	    -13.80602642	      5.78226853	     -2.85251361	     -0.12616237	      1.04574621	     -0.55315859	     32.79386595	    -17.33928546	    -10.38052887	     41.86707662	      0.73071834	     -6.46097430	      0.00000000	      0.00000000	     25.83539783	     -2.95102532	     -9.57376105	     34.62892761	      0.60438880	      0.95191682	      0.00000000	      0.00000000	      3.51661147	     -8.03691109	      0.81641337
      0.09500000	    -14.08761350	      5.79846065	     -2.78155949	     -0.12742343	      1.04014785	     -0.55318928	     33.49895808	    -17.36778334	    -10.08904180	     42.63576478	      0.74413447	     -6.29989874	      0.00000000	      0.00000000	     26.52527228	     -3.00006365	     -9.33633716	     35.41416083	      0.61809371	      1.76777100	      0.00000000	      0.00000000	      3.62309395	     -8.07807187	      0.77937821
      0.10000000	    -14.36712435	      5.80358464	     -2.72655705	     -0.12871781	      1.03427645	     -0.55321070	     34.21223336	    -17.37036196	     -9.76383854	     43.42867928	      0.75797344	     -5.78468275	      0.00000000	      0.00000000	     27.22658112	     -3.07027636	     -9.10638548	     36.26792572	      0.63299472	      2.94285883	      0.00000000	      0.00000000	      3.72533921	     -8.10354678	      0.75722960
      0.10500000	    -14.63941354	      5.80073276	     -2.68852171	     -0.13003667	      1.02814858	     -0.55320806	     34.92604434	    -17.34866301	     -9.40463614	     44.24366064	      0.77219755	     -4.86723541	      0.00000000	      0.00000000	     27.93338749	     -3.15986758	     -8.89140445	     37.19320007	      0.64914380	      4.37713718	      0.00000000	      0.00000000	      3.81724588	     -8.11853742	      0.74908194
      0.11000000	    -14.90208300	      5.80011668	     -2.66170112	     -0.13138170	      1.02178287	     -0.55317856	     35.64171415	    -17.31656760	     -9.01120648	     45.08952556	      0.78696068	     -3.53769382	      0.00000000	      0.00000000	     28.65056307	     -3.25653611	     -8.69991912	     38.19932325	      0.66670396	      5.94191883	      0.00000000	      0.00000000	      3.89409526	     -8.13679260	      0.74925202
      0.11500000	    -15.15168567	      5.80621200	     -2.63933167	     -0.13274557	      1.01520493	     -0.55313030	     36.35303918	    -17.28472294	     -8.59384855	     45.96214965	      0.80219084	     -1.91471787	      0.00000000	      0.00000000	     29.37541292	     -3.35097126	     -8.52938123	     39.27925179	      0.68555227	      7.54847951	      0.00000000	      0.00000000	      3.95077995	     -8.16468880	      0.75138769
      0.12000000	    -15.39240110	      5.82125896	     -2.60996331	     -0.13413362	      1.00843310	     -0.55307459	     37.06577314	    -17.25984862	     -8.16557251	     46.86463766	      0.81794223	     -0.17455188	      0.00000000	      0.00000000	     30.11593227	     -3.43602324	     -8.36468368	     40.41827936	      0.70543205	      9.15130003	      0.00000000	      0.00000000	      3.98915425	     -8.20639741	      0.74423657
      0.12500000	    -15.63098799	      5.84881143	     -2.55782210	     -0.13555881	      1.00147634	     -0.55302855	     37.79165399	    -17.25457126	     -7.74084977	     47.80708852	      0.83439110	      1.55675837	      0.00000000	      0.00000000	     30.89116072	     -3.50036679	     -8.19378658	     41.61050060	      0.72624024	     10.72843302	      0.00000000	      0.00000000	      4.01391536	     -8.26806781	      0.71388861
      0.13000000	    -15.87074390	      5.89274299	     -2.47814097	     -0.13703416	      0.99434733	     -0.55300573	     38.54651345	    -17.27772049	     -7.32199550	     48.80378677	      0.85178677	      3.24992361	      0.00000000	      0.00000000	     31.71467929	     -3.54077983	     -8.02093394	     42.85221556	      0.74791225	     12.29211960	      0.00000000	      0.00000000	      4.02707903	     -8.35368658	      0.65748663
      0.13500000	    -16.10653541	      5.94875584	     -2.37587739	     -0.13855372	      0.98706142	     -0.55300799	     39.33308915	    -17.32639528	     -6.91446602	     49.85829381	      0.87019139	      4.88893222	      0.00000000	      0.00000000	     32.57984944	     -3.56595697	     -7.85519152	     44.12628176	      0.77014890	     13.85121412	      0.00000000	      0.00000000	      4.02367488	     -8.45643499	      0.58021135
      0.14000000	    -16.32846163	      6.01791535	     -2.25688357	     -0.14010640	      0.97964019	     -0.55302642	     40.15302174	    -17.40332409	     -6.52131408	     50.97964332	      0.88976263	      6.50022455	      0.00000000	      0.00000000	     33.47559494	     -3.58307972	     -7.71751067	     45.42549482	      0.79282445	     15.38791412	      0.00000000	      0.00000000	      3.99461717	     -8.57667051	      0.48734534
      0.14500000	    -16.52587450	      6.10493472	     -2.13013268	     -0.14167962	      0.97210953	     -0.55305042	     41.00287058	    -17.51250726	     -6.13787219	     52.16610905	      0.91047036	      8.12856076	      0.00000000	      0.00000000	     34.38649461	     -3.59474957	     -7.63436360	     46.74781232	      0.81590324	     16.87542044	      0.00000000	      0.00000000	      3.93049596	     -8.71880613	      0.38768351
      0.15000000	    -16.68760555	      6.21073319	     -2.00446035	     -0.14325431	      0.96451014	     -0.55307314	     41.87073355	    -17.65161290	     -5.76473820	     53.40805246	      0.93214636	      9.79044266	      0.00000000	      0.00000000	     35.28974000	     -3.60468239	     -7.62148284	     48.08499113	      0.83924142	     18.29070842	      0.00000000	      0.00000000	      3.82185297	     -8.88194811	      0.28737954
      0.15500000	    -16.80574923	      6.33173709	     -1.88443883	     -0.14481221	      0.95689537	     -0.55308538	     42.73756559	    -17.81297894	     -5.40653421	     54.68526564	      0.95443794	     11.44041212	      0.00000000	      0.00000000	     36.16244589	     -3.61652730	     -7.68388786	     49.42630018	      0.86265168	     19.62050866	      0.00000000	      0.00000000	      3.66130149	     -9.06203743	      0.19033659
      0.16000000	    -16.88150139	      6.46792139	     -1.76804073	     -0.14634693	      0.94931642	     -0.55308609	     43.59346708	    -17.99520142	     -5.06792270	     55.98114377	      0.97705528	     13.03040041	      0.00000000	      0.00000000	     36.99679299	     -3.62723108	     -7.81977757	     50.76585015	      0.88603123	     20.86477366	      0.00000000	      0.00000000	      3.45071594	     -9.25944313	      0.09254001
      0.16500000	    -16.92108664	      6.61087037	     -1.65193463	     -0.14785564	      0.94182436	     -0.55307813	     44.42647834	    -18.18814430	     -4.75890925	     57.27632988	      0.99966054	     14.53464139	      0.00000000	      0.00000000	     37.79342709	     -3.63951352	     -8.01797925	     52.09776302	      0.90927750	     22.03328139	      0.00000000	      0.00000000	      3.19718255	     -9.46478674	     -0.01003920
      0.17000000	    -16.93829055	      6.74955919	     -1.52616465	     -0.14934731	      0.93446009	     -0.55307285	     45.23465687	    -18.38478622	     -4.49478598	     58.55805356	      1.02203084	     15.94016847	      0.00000000	      0.00000000	     38.56807942	     -3.65417231	     -8.25363915	     53.41918093	      0.93234059	     23.12408502	      0.00000000	      0.00000000	      2.91414167	     -9.66555388	     -0.12913835
      0.17500000	    -16.95001409	      6.87414071	     -1.38364240	     -0.15083143	      0.92725244	     -0.55307252	     46.02331037	    -18.57707387	     -4.28354703	     59.81571713	      1.04398121	     17.23766769	      0.00000000	      0.00000000	     39.34318543	     -3.67788120	     -8.51141597	     54.73320262	      0.95527460	     24.14310610	      0.00000000	      0.00000000	      2.62250890	     -9.85276459	     -0.26219222
      0.18000000	    -16.97155881	      6.98211176	     -1.22073042	     -0.15231878	      0.92021767	     -0.55307981	     46.80507266	    -18.76383347	     -4.12657419	     61.04635858	      1.06545995	     18.43492036	      0.00000000	      0.00000000	     40.13838971	     -3.71191787	     -8.77958063	     56.03848732	      0.97805611	     25.09719447	      0.00000000	      0.00000000	      2.34297771	    -10.02366303	     -0.40975857
      0.18500000	    -17.01390797	      7.07010123	     -1.03762140	     -0.15381230	      0.91337365	     -0.55309704	     47.58838241	    -18.94085462	     -4.02232685	     62.24502875	      1.08638069	     19.54655585	      0.00000000	      0.00000000	     40.96241591	     -3.75782089	     -9.04479777	     57.32959076	      1.00059012	     25.98785348	      0.00000000	      0.00000000	      2.08961250	    -10.17285861	     -0.57663906
      0.19000000	    -17.08679554	      7.14028415	     -0.83542912	     -0.15531158	      0.90673900	     -0.55313007	     48.38348409	    -19.10918338	     -3.96294956	     63.40736700	      1.10666732	     20.58180750	      0.00000000	      0.00000000	     41.81831664	     -3.80856986	     -9.29457781	     58.59463544	      1.02266931	     26.81582457	      0.00000000	      0.00000000	      1.87498832	    -10.30071454	     -0.76911276
      0.19500000	    -17.19040915	      7.20096023	     -0.61776146	     -0.15679932	      0.90033474	     -0.55318249	     49.19099338	    -19.27547106	     -3.93743912	     64.53134163	      1.12628438	     21.54125967	      0.00000000	      0.00000000	     42.69226011	     -3.85044812	     -9.52237299	     59.81538659	      1.04397544	     27.58935695	      0.00000000	      0.00000000	      1.70409231	    -10.41608179	     -0.98354187
      0.20000000	    -17.32378555	      7.25153676	     -0.38877470	     -0.15826881	      0.89418019	     -0.55326755	     50.00695562	    -19.43857069	     -3.93823723	     65.61166166	      1.14513952	     22.43389584	      0.00000000	      0.00000000	     43.57302309	     -3.87608461	     -9.71153950	     60.97758284	      1.06425959	     28.30409012	      0.00000000	      0.00000000	      1.57355128	    -10.51166277	     -1.22964299
      0.20500000	    -17.48198667	      7.29022690	     -0.15335503	     -0.15969613	      0.88829920	     -0.55338996	     50.81865248	    -19.59500922	     -3.95930372	     66.64082232	      1.16310177	     23.26874504	      0.00000000	      0.00000000	     44.44299599	     -3.88156086	     -9.84657064	     62.06692368	      1.08327217	     28.95454950	      0.00000000	      0.00000000	      1.47722908	    -10.58218024	     -1.51458252
      0.21000000	    -17.66124798	      7.31008521	      0.08421602	     -0.16106956	      0.88270790	     -0.55355388	     51.61386738	    -19.73626709	     -3.99492985	     67.61273403	      1.18006483	     24.05337196	      0.00000000	      0.00000000	     45.29585155	     -3.86982033	     -9.91209359	     63.08206902	      1.10098980	     29.54056177	      0.00000000	      0.00000000	      1.41506382	    -10.61993536	     -1.82301235
      0.21500000	    -17.85281351	      7.30872640	      0.32209643	     -0.16237228	      0.87742500	     -0.55375442	     52.37731649	    -19.85957841	     -4.04038408	     68.52552037	      1.19599595	     24.78454228	      0.00000000	      0.00000000	     46.12048679	     -3.84256992	     -9.89864866	     64.01575838	      1.11728576	     29.96094793	      0.00000000	      0.00000000	      1.38237965	    -10.62438967	     -2.13895080
      0.22000000	    -18.04978846	      7.28461386	      0.55073262	     -0.16359874	      0.87248357	     -0.55396395	     53.09644853	    -19.94989737	     -4.07831749	     69.36650228	      1.21067386	     25.47221561	      0.00000000	      0.00000000	     46.90849786	     -3.81227095	     -9.81262234	     64.85451467	      1.13192482	     29.99176194	      0.00000000	      0.00000000	      1.37286682	    -10.59520739	     -2.45212840
      0.22500000	    -18.23859625	      7.22563044	      0.75575415	     -0.16472238	      0.86787268	     -0.55418571	     53.75606905	    -19.99189519	     -4.10903730	     70.14027473	      1.22417873	     26.11170412	      0.00000000	      0.00000000	     47.65953636	     -3.79779691	     -9.64979991	     65.64427915	      1.14570881	     29.99513631	      0.00000000	      0.00000000	      1.38113828	    -10.51792405	     -2.74595707
      0.23000000	    -18.40332900	      7.13316269	      0.92535470	     -0.16572831	      0.86361804	     -0.55440483	     54.34117821	    -19.97830894	     -4.12260441	     70.84569962	      1.23649072	     26.69632677	      0.00000000	      0.00000000	     48.36198842	     -3.80673275	     -9.42554431	     66.39415871	      1.15879667	     29.99632415	      0.00000000	      0.00000000	      1.39576959	    -10.39542330	     -2.99807887
      0.23500000	    -18.52995146	      7.02196049	      1.04968470	     -0.16657840	      0.85976238	     -0.55460302	     54.83953962	    -19.91423734	     -4.10728286	     71.47933686	      1.24754978	     27.21581388	      0.00000000	      0.00000000	     48.99563067	     -3.83613438	     -9.16959289	     67.10019071	      1.17111926	     29.99687993	      0.00000000	      0.00000000	      1.40512999	    -10.24339326	     -3.20190623
      0.24000000	    -18.60993115	      6.90426004	      1.11697034	     -0.16724050	      0.85635370	     -0.55475191	     55.24152826	    -19.79790993	     -4.05172844	     72.02921066	      1.25714688	     27.67397330	      0.00000000	      0.00000000	     49.54359738	     -3.89001625	     -8.91598072	     67.75825619	      1.18260467	     29.99717734	      0.00000000	      0.00000000	      1.40261495	    -10.07523031	     -3.34969828
      0.24500000	    -18.63757009	      6.80092556	      1.12787547	     -0.16767576	      0.85344518	     -0.55483743	     55.54209458	    -19.64905174	     -3.95493477	     72.49328068	      1.26524643	     28.05411432	      0.00000000	      0.00000000	     49.98610758	     -3.95602499	     -8.69793150	     68.35569183	      1.19303188	     29.99734686	      0.00000000	      0.00000000	      1.38481708	     -9.91700452	     -3.43844645
      0.25000000	    -18.61183367	      6.72568632	      1.08035550	     -0.16787088	      0.85109477	     -0.55483926	     55.73891199	    -19.47493209	     -3.81211041	     72.85985458	      1.27164435	     28.36367305	      0.00000000	      0.00000000	     50.30462779	     -4.03023819	     -8.54096592	     68.87318612	      1.20206386	     29.99745329	      0.00000000	      0.00000000	      1.35023676	     -9.78578027	     -3.45954880
      0.25500000	    -18.54090340	      6.69317035	      0.97987485	     -0.16781045	      0.84934796	     -0.55474686	     55.83807828	    -19.29196231	     -3.62840851	     73.12350135	      1.27624586	     28.59663898	      0.00000000	      0.00000000	     50.48957539	     -4.10471661	     -8.46528137	     69.29089586	      1.20935427	     29.99753297	      0.00000000	      0.00000000	      1.30780878	     -9.70106774	     -3.41642064
      0.26000000	    -18.43264925	      6.70724761	      0.83427705	     -0.16750099	      0.84824121	     -0.55455555	     55.84397637	    -19.11128285	     -3.41642991	     73.28007572	      1.27897860	     28.75465494	      0.00000000	      0.00000000	     50.53427813	     -4.17584389	     -8.47632922	     69.58996346	      1.21457399	     29.99760850	      0.00000000	      0.00000000	      1.26417311	     -9.67068094	     -3.31468758
      0.26500000	    -18.29863550	      6.76668135	      0.65527816	     -0.16696588	      0.84779694	     -0.55428407	     55.76482540	    -18.94463957	     -3.19104298	     73.32728006	      1.27980247	     28.84207066	      0.00000000	      0.00000000	     50.44124625	     -4.23470345	     -8.56692115	     69.75146090	      1.21739265	     29.99767942	      0.00000000	      0.00000000	      1.22816398	     -9.69488256	     -3.16375692
      0.27000000	    -18.15003898	      6.85659008	      0.45038050	     -0.16623297	      0.84801508	     -0.55394994	     55.60515059	    -18.78966992	     -2.97107814	     73.26280777	      1.27867721	     28.87459748	      0.00000000	      0.00000000	     50.21920735	     -4.28588374	     -8.71848387	     69.76443372	      1.21761907	     29.99774324	      0.00000000	      0.00000000	      1.20926654	     -9.75648580	     -2.97019938
      0.27500000	    -17.99490835	      6.96405292	      0.23230723	     -0.16531907	      0.84887676	     -0.55359024	     55.36762207	    -18.65446012	     -2.78327215	     73.09610489	      1.27576770	     28.84472522	      0.00000000	      0.00000000	     49.87955355	     -4.32462407	     -8.90975085	     69.62562413	      1.21519638	     29.99779016	      0.00000000	      0.00000000	      1.21388012	     -9.83865026	     -2.74750151
      0.28000000	    -17.83732855	      7.06660041	      0.00715086	     -0.16425182	      0.85035622	     -0.55323903	     55.04957187	    -18.53291722	     -2.64932599	     72.82772928	      1.27108366	     28.76742794	      0.00000000	      0.00000000	     49.43551254	     -4.35922577	     -9.11623334	     69.33896002	      1.21019315	     29.99780929	      0.00000000	      0.00000000	      1.24254729	     -9.91197030	     -2.50477286
      0.28500000	    -17.68590431	      7.14574296	     -0.21904939	     -0.16305686	      0.85240380	     -0.55292689	     54.65559698	    -18.41889075	     -2.58323020	     72.45972983	      1.26466086	     28.65561896	      0.00000000	      0.00000000	     48.91045534	     -4.39528488	     -9.31576183	     68.91673624	      1.20282396	     29.99778685	      0.00000000	      0.00000000	      1.30193635	     -9.95207719	     -2.24938345
      0.29000000	    -17.54328645	      7.19086213	     -0.43866489	     -0.16174566	      0.85496805	     -0.55267375	     54.18942898	    -18.31585623	     -2.59735083	     72.00441442	      1.25671411	     28.49956007	      0.00000000	      0.00000000	     48.32306166	     -4.43619354	     -9.49555518	     68.37897954	      1.19343833	     29.99771459	      0.00000000	      0.00000000	      1.39226695	     -9.94513686	     -1.99367124
      0.29500000	    -17.41163441	      7.19653543	     -0.64677947	     -0.16033040	      0.85800312	     -0.55248949	     53.65628095	    -18.22494027	     -2.69788278	     71.47010228	      1.24738860	     28.28937008	      0.00000000	      0.00000000	     47.69006653	     -4.48590607	     -9.65107072	     67.74485454	      1.18237076	     29.99757338	      0.00000000	      0.00000000	      1.51445042	     -9.88678138	     -1.74805678
      0.30000000	    -17.29678505	      7.15965184	     -0.84439445	     -0.15883563	      0.86146362	     -0.55237118	     53.06670483	    -18.13711386	     -2.87437600	     70.85330438	      1.23662345	     28.03149705	      0.00000000	      0.00000000	     47.03098847	     -4.55122703	     -9.78197980	     67.03340488	      1.16995362	     29.99733138	      0.00000000	      0.00000000	      1.67149948	     -9.77337529	     -1.51457762
      0.30500000	    -17.20268273	      7.08744994	     -1.02738626	     -0.15727397	      0.86530354	     -0.55230513	     52.43421050	    -18.05570732	     -3.11658392	     70.16275950	      1.22457117	     27.71421903	      0.00000000	      0.00000000	     46.35973084	     -4.62893361	     -9.89379194	     66.26111750	      1.15647467	     29.99692425	      0.00000000	      0.00000000	      1.86809935	     -9.61732951	     -1.28915275
      0.31000000	    -17.12813198	      6.98563606	     -1.19403669	     -0.15565414	      0.86950280	     -0.55228450	     51.76617167	    -17.98245352	     -3.41718422	     69.40619301	      1.21136659	     27.31927591	      0.00000000	      0.00000000	     45.68081320	     -4.71614510	     -9.99225122	     65.43753942	      1.14210052	     29.99619238	      0.00000000	      0.00000000	      2.09861092	     -9.42645454	     -1.08219215
      0.31500000	    -17.07338830	      6.85980625	     -1.34612674	     -0.15399299	      0.87404477	     -0.55229225	     51.07015864	    -17.91105563	     -3.76295239	     68.58420076	      1.19702012	     26.84562541	      0.00000000	      0.00000000	     44.99832755	     -4.81217141	    -10.08210099	     64.56967618	      1.12695345	     29.99463658	      0.00000000	      0.00000000	      2.35849672	     -9.20791896	     -0.90188594
      0.32000000	    -17.03785093	      6.71478993	     -1.48157339	     -0.15230468	      0.87891423	     -0.55231963	     50.35244174	    -17.83998045	     -4.14434475	     67.69951859	      1.18157950	     26.28978630	      0.00000000	      0.00000000	     44.31716187	     -4.91295529	    -10.16375270	     63.66621096	      1.11118500	     29.98965141	      0.00000000	      0.00000000	      2.63996298	     -8.96462826	     -0.74969636
      0.32500000	    -17.01572106	      6.55935543	     -1.59889421	     -0.15059056	      0.88411782	     -0.55235392	     49.61425085	    -17.77461704	     -4.55544421	     66.75962923	      1.16517534	     25.64116641	      0.00000000	      0.00000000	     43.62944459	     -5.01145952	    -10.24192088	     62.71916465	      1.09465593	     29.90038639	      0.00000000	      0.00000000	      2.93422135	     -8.70949072	     -0.62796671
      0.33000000	    -17.00261079	      6.41032347	     -1.69502292	     -0.14884836	      0.88969131	     -0.55237759	     48.85464219	    -17.72466475	     -4.98321424	     65.76062362	      1.14773940	     24.89372299	      0.00000000	      0.00000000	     42.92221814	     -5.09162918	    -10.32918450	     61.69422936	      1.07676743	     29.39418298	      0.00000000	      0.00000000	      3.22857966	     -8.46374584	     -0.56098559
      0.33500000	    -16.98820586	      6.25963943	     -1.77312910	     -0.14708221	      0.89560566	     -0.55240323	     48.06649089	    -17.68251208	     -5.43182242	     64.71050050	      1.12941129	     24.05395919	      0.00000000	      0.00000000	     42.19676014	     -5.15872691	    -10.41034131	     60.62664549	      1.05813458	     28.77888697	      0.00000000	      0.00000000	      3.51189574	     -8.21643547	     -0.53580796
      0.34000000	    -16.96484168	      6.11007544	     -1.83462379	     -0.14528898	      0.90185536	     -0.55243775	     47.24510243	    -17.64927517	     -5.89853403	     63.61390942	      1.11027217	     23.12072041	      0.00000000	      0.00000000	     41.44675123	     -5.20847870	    -10.48271620	     59.51914119	      1.03880498	     28.07740442	      0.00000000	      0.00000000	      3.77846265	     -7.97275560	     -0.53352623
      0.34500000	    -16.92287634	      5.96420978	     -1.88197564	     -0.14346168	      0.90843787	     -0.55248276	     46.38334346	    -17.62568346	     -6.38107476	     62.47576597	      1.09040782	     22.09666684	      0.00000000	      0.00000000	     40.66115336	     -5.23706660	    -10.54447264	     58.36823416	      1.01871786	     27.28732684	      0.00000000	      0.00000000	      4.01923013	     -7.73799615	     -0.54850783
      0.35000000	    -16.85584984	      5.82498175	     -1.91514798	     -0.14160042	      0.91533218	     -0.55254042	     45.47778837	    -17.61329735	     -6.87639646	     61.30128120	      1.06990919	     20.98668202	      0.00000000	      0.00000000	     39.83779328	     -5.24137933	    -10.59423013	     57.17986555	      0.99797692	     26.41076027	      0.00000000	      0.00000000	      4.22616173	     -7.51560893	     -0.57860658
      0.35500000	    -16.75525804	      5.69134961	     -1.93643369	     -0.13969979	      0.92251616	     -0.55260655	     44.52029319	    -17.60789821	     -7.38462173	     60.09350812	      1.04882958	     19.79653042	      0.00000000	      0.00000000	     38.96891807	     -5.22481636	    -10.63282718	     55.95491228	      0.97659745	     25.44707111	      0.00000000	      0.00000000	      4.39271260	     -7.30556880	     -0.60771911
      0.36000000	    -16.61823448	      5.56592374	     -1.95140108	     -0.13776560	      0.92995680	     -0.55267692	     43.51413922	    -17.60711195	     -7.89782579	     58.85792903	      1.02726465	     18.53162377	      0.00000000	      0.00000000	     38.05407405	     -5.19088343	    -10.66555907	     54.69827758	      0.95466504	     24.39327523	      0.00000000	      0.00000000	      4.51485675	     -7.11020996	     -0.63102365
      0.36500000	    -16.43997920	      5.44853201	     -1.96042092	     -0.13579749	      0.93761493	     -0.55274464	     42.45802575	    -17.61077074	     -8.41571163	     57.60071370	      1.00532211	     17.19728929	      0.00000000	      0.00000000	     37.09153595	     -5.14310159	    -10.69518992	     53.41396178	      0.93224950	     23.25512620	      0.00000000	      0.00000000	      4.58543886	     -6.92937872	     -0.65296306
      0.37000000	    -16.21742191	      5.33737191	     -1.97024984	     -0.13379950	      0.94544928	     -0.55280062	     41.35238285	    -17.61068869	     -8.93151430	     56.32287547	      0.98301962	     15.79731172	      0.00000000	      0.00000000	     36.08072928	     -5.09247588	    -10.73238939	     52.10796432	      0.90945554	     22.03615477	      0.00000000	      0.00000000	      4.60064390	     -6.76026498	     -0.66658051
      0.37500000	    -15.95244442	      5.23175932	     -1.97897269	     -0.13177451	      0.95341587	     -0.55284286	     40.20121101	    -17.60618256	     -9.44617279	     55.02672498	      0.96039753	     14.33565747	      0.00000000	      0.00000000	     35.02655228	     -5.03967020	    -10.77696531	     50.78351607	      0.88633956	     20.74207895	      0.00000000	      0.00000000	      4.56398033	     -6.60308541	     -0.67175044
      0.38000000	    -15.64721217	      5.13600266	     -1.98948573	     -0.12973091	      0.96146697	     -0.55286377	     39.01633834	    -17.60063273	     -9.95232958	     53.72294089	      0.93764220	     12.82269916	      0.00000000	      0.00000000	     33.93503446	     -4.98604761	    -10.83756118	     49.44733649	      0.86301883	     19.37662133	      0.00000000	      0.00000000	      4.47844858	     -6.46310113	     -0.66423993
      0.38500000	    -15.30157686	      5.04728632	     -2.00293741	     -0.12766694	      0.96956469	     -0.55286367	     37.79844339	    -17.59007126	    -10.45118383	     52.41097311	      0.91474405	     11.25919161	      0.00000000	      0.00000000	     32.80691121	     -4.93467823	    -10.91891306	     48.10084199	      0.83951807	     17.94813185	      0.00000000	      0.00000000	      4.34424027	     -6.33638944	     -0.64512238
      0.39000000	    -14.91930561	      4.96441380	     -2.02216648	     -0.12558164	      0.97767389	     -0.55284069	     36.55267392	    -17.57050147	    -10.94093098	     51.09011866	      0.89169079	      9.64881926	      0.00000000	      0.00000000	     31.64646425	     -4.88860441	    -11.02715733	     46.74786208	      0.81590411	     16.46639907	      0.00000000	      0.00000000	      4.16665316	     -6.22038210	     -0.61348688
      0.39500000	    -14.50550330	      4.89335468	     -2.04518389	     -0.12348467	      0.98575045	     -0.55279449	     35.29157610	    -17.55050475	    -11.42002695	     49.77003739	      0.86865102	      8.00145720	      0.00000000	      0.00000000	     30.46319577	     -4.83912999	    -11.16198185	     45.39354894	      0.79226689	     14.93383445	      0.00000000	      0.00000000	      3.95256919	     -6.12287352	     -0.57115039
      0.40000000	    -14.06008294	      4.83379113	     -2.07764622	     -0.12138376	      0.99376505	     -0.55272076	     34.01916196	    -17.52708111	    -11.88449997	     48.45450279	      0.84569061	      6.31967455	      0.00000000	      0.00000000	     29.25781386	     -4.78962412	    -11.33081860	     44.04214241	      0.76868039	     13.35789617	      0.00000000	      0.00000000	      3.69984287	     -6.04176151	     -0.51543636
      0.40500000	    -13.59089862	      4.78085992	     -2.12103123	     -0.11928528	      1.00168664	     -0.55262457	     32.73968060	    -17.49134913	    -12.33301903	     47.13241609	      0.82261585	      4.60173659	      0.00000000	      0.00000000	     28.03850555	     -4.74131965	    -11.52865787	     42.69337704	      0.74514000	     11.75043080	      0.00000000	      0.00000000	      3.41690259	     -5.97001480	     -0.44693624
      0.41000000	    -13.10644654	      4.74039196	     -2.17694820	     -0.11720423	      1.00947970	     -0.55249653	     31.46831651	    -17.44768166	    -12.75437759	     45.81286332	      0.79958530	      2.85894053	      0.00000000	      0.00000000	     26.81718042	     -4.68857392	    -11.75749644	     41.35298997	      0.72174583	     10.11869653	      0.00000000	      0.00000000	      3.11293967	     -5.91488733	     -0.36518459
      0.41500000	    -12.62041415	      4.71415458	     -2.24528291	     -0.11516504	      1.01710166	     -0.55234267	     30.22697004	    -17.39861718	    -13.14158888	     44.50682229	      0.77679059	      1.10866064	      0.00000000	      0.00000000	     25.61287193	     -4.62598224	    -12.00799316	     40.02575750	      0.69858125	      8.47287865	      0.00000000	      0.00000000	      2.80171825	     -5.87760434	     -0.27146597
      0.42000000	    -12.14408209	      4.70149101	     -2.32658981	     -0.11318352	      1.02452172	     -0.55216391	     29.02876697	    -17.34178708	    -13.48675572	     43.21515614	      0.75424676	     -0.63139665	      0.00000000	      0.00000000	     24.43757937	     -4.55083270	    -12.27210587	     38.71225245	      0.67565627	      6.83642752	      0.00000000	      0.00000000	      2.49419266	     -5.85614939	     -0.16814927
      0.42500000	    -11.69787187	      4.70474721	     -2.41727413	     -0.11128198	      1.03169606	     -0.55196234	     27.90015031	    -17.27972370	    -13.77946475	     41.94661314	      0.73210651	     -2.32658832	      0.00000000	      0.00000000	     23.31784827	     -4.45763288	    -12.53567480	     37.42064323	      0.65311343	      5.22461354	      0.00000000	      0.00000000	      2.21302699	     -5.85324961	     -0.05940540
      0.43000000	    -11.29502070	      4.73303590	     -2.51473202	     -0.10948445	      1.03858043	     -0.55173957	     26.86913262	    -17.22731531	    -14.01323069	     40.73185669	      0.71090501	     -3.93971159	      0.00000000	      0.00000000	     22.27143707	     -4.33424042	    -12.78927381	     36.15690837	      0.63105710	      3.66212878	      0.00000000	      0.00000000	      1.97139989	     -5.87958379	      0.05202951
      0.43500000	    -10.95464084	      4.78530465	     -2.61397151	     -0.10781588	      1.04512949	     -0.55151045	     25.96181360	    -17.18593795	    -14.18447890	     39.58316006	      0.69085647	     -5.43585918	      0.00000000	      0.00000000	     21.32271080	     -4.17848641	    -13.01155418	     34.92747270	      0.60959940	      2.17631486	      0.00000000	      0.00000000	      1.78869654	     -5.93185801	      0.16131715
      0.44000000	    -10.68267021	      4.85742247	     -2.70835739	     -0.10628388	      1.05132060	     -0.55127860	     25.18206768	    -17.15374980	    -14.29836472	     38.50484952	      0.67203640	     -6.79219791	      0.00000000	      0.00000000	     20.48254044	     -3.99525301	    -13.19103039	     33.74472447	      0.58895655	      0.79749092	      0.00000000	      0.00000000	      1.67030204	     -6.00571542	      0.26218885
      0.44500000	    -10.48486364	      4.94561893	     -2.79404485	     -0.10489469	      1.05712429	     -0.55105413	     24.53876605	    -17.13093534	    -14.35884995	     37.50941468	      0.65466279	     -7.99141894	      0.00000000	      0.00000000	     19.76150131	     -3.79172514	    -13.32543487	     32.62069917	      0.56933860	     -0.44678667	      0.00000000	      0.00000000	      1.62157068	     -6.09568584	      0.35260341
      0.45000000	    -10.35859244	      5.04392497	     -2.86785306	     -0.10364830	      1.06252176	     -0.55085067	     24.03031905	    -17.11680955	    -14.37786762	     36.60860381	      0.63894067	     -9.02223975	      0.00000000	      0.00000000	     19.16022026	     -3.57519911	    -13.41375264	     31.56593692	      0.55092953	     -1.52095671	      0.00000000	      0.00000000	      1.63847316	     -6.19320909	      0.43034958
      0.45500000	    -10.29507164	      5.14396555	     -2.92437297	     -0.10253433	      1.06750340	     -0.55067820	     23.64339633	    -17.10951642	    -14.37385052	     35.80686806	      0.62494774	     -9.87167602	      0.00000000	      0.00000000	     18.67553584	     -3.36019056	    -13.46248275	     30.59947470	      0.53406158	     -2.39681708	      0.00000000	      0.00000000	      1.71075036	     -6.28851170	      0.48967667
      0.46000000	    -10.27786768	      5.24185961	     -2.96336362	     -0.10153726	      1.07207063	     -0.55053904	     23.36366553	    -17.11374112	    -14.36569114	     35.12162646	      0.61298802	    -10.52445120	      0.00000000	      0.00000000	     18.29467137	     -3.15622294	    -13.49094160	     29.73839592	      0.51903292	     -3.04575970	      0.00000000	      0.00000000	      1.82009443	     -6.37754020	      0.53095976
      0.46500000	    -10.29949211	      5.33702415	     -2.98578584	     -0.10065238	      1.07621489	     -0.55043717	     23.18847644	    -17.13551178	    -14.36180103	     34.56876894	      0.60333884	    -10.96482588	      0.00000000	      0.00000000	     18.01508380	     -2.96823785	    -13.51242551	     28.99759457	      0.50610350	     -3.44681156	      0.00000000	      0.00000000	      1.95787234	     -6.45929418	      0.55511614
      0.47000000	    -10.34938026	      5.43012319	     -2.99217181	     -0.09987040	      1.07994698	     -0.55037221	     23.10890715	    -17.18090098	    -14.37407077	     34.15874915	      0.59618264	    -11.17545139	      0.00000000	      0.00000000	     17.82841304	     -2.79751389	    -13.53414480	     28.38807872	      0.49546544	     -3.59179208	      0.00000000	      0.00000000	      2.11131011	     -6.53507752	      0.56302553
      0.47500000	    -10.41601231	      5.52014055	     -2.98601973	     -0.09918057	      1.08329042	     -0.55033799	     23.10960267	    -17.24905831	    -14.40410141	     33.88725153	      0.59144411	    -11.16467146	      0.00000000	      0.00000000	     17.72003717	     -2.64749441	    -13.56474820	     27.90930313	      0.48710923	     -3.49375302	      0.00000000	      0.00000000	      2.26749113	     -6.60470453	      0.55729874
      0.48000000	    -10.49706461	      5.60278851	     -2.97190412	     -0.09858321	      1.08627495	     -0.55032922	     23.18015890	    -17.32976398	    -14.44156467	     33.73516369	      0.58878968	    -10.95541563	      0.00000000	      0.00000000	     17.68406486	     -2.52153532	    -13.60042707	     27.55542601	      0.48093291	     -3.18163679	      0.00000000	      0.00000000	      2.42312962	     -6.66332508	      0.54307607
      0.48500000	    -10.59009724	      5.67221723	     -2.95328556	     -0.09807691	      1.08893977	     -0.55034123	     23.30035424	    -17.40707618	    -14.47521273	     33.66482404	      0.58756202	    -10.59266511	      0.00000000	      0.00000000	     17.71013384	     -2.42265371	    -13.63113531	     27.30925821	      0.47663647	     -2.70466782	      0.00000000	      0.00000000	      2.57430532	     -6.70453240	      0.52247598
      0.49000000	    -10.68664798	      5.72388597	     -2.93536987	     -0.09765013	      1.09133033	     -0.55036912	     23.44626273	    -17.46941210	    -14.49880425	     33.64288284	      0.58717908	    -10.12437526	      0.00000000	      0.00000000	     17.77775750	     -2.35260548	    -13.65263669	     27.14795839	      0.47382126	     -2.11862177	      0.00000000	      0.00000000	      2.71179513	     -6.72306141	      0.50021518
      0.49500000	    -10.78481555	      5.75374953	     -2.92150874	     -0.09730237	      1.09348418	     -0.55040921	     23.60105543	    -17.50334634	    -14.50106108	     33.63566254	      0.58705306	     -9.61168257	      0.00000000	      0.00000000	     17.87524678	     -2.31143209	    -13.65678190	     27.04759971	      0.47206967	     -1.47947201	      0.00000000	      0.00000000	      2.83476904	     -6.71469549	      0.47750972
      0.50000000	    -10.88730863	      5.76188323	     -2.91303178	     -0.09703414	      1.09542161	     -0.55045580	     23.75972263	    -17.50450357	    -14.47586505	     33.62279387	      0.58682846	     -9.08968401	      0.00000000	      0.00000000	     17.99865262	     -2.29619676	    -13.63616309	     26.99046322	      0.47107245	     -0.83212012	      0.00000000	      0.00000000	      2.94631779	     -6.68002586	      0.45782045
      0.50500000	    -10.98451938	      5.75506571	     -2.91146036	     -0.09683247	      1.09716693	     -0.55050398	     23.90744062	    -17.48052912	    -14.42856645	     33.59238288	      0.58629768	     -8.59042192	      0.00000000	      0.00000000	     18.12571167	     -2.29597953	    -13.58982023	     26.94928898	      0.47035382	     -0.21091630	      0.00000000	      0.00000000	      3.03637990	     -6.62790372	      0.44208187
      0.51000000	    -11.07306245	      5.73537667	     -2.91592488	     -0.09669136	      1.09872916	     -0.55054842	     24.03933618	    -17.43569702	    -14.36458888	     33.54113664	      0.58540327	     -8.12981690	      0.00000000	      0.00000000	     18.24777629	     -2.30835068	    -13.51905149	     26.91166380	      0.46969714	      0.36263039	      0.00000000	      0.00000000	      3.10116025	     -6.56157642	      0.42992548
      0.51500000	    -11.15808364	      5.70878959	     -2.92236151	     -0.09661382	      1.10010586	     -0.55058626	     24.16388923	    -17.37831861	    -14.28909388	     33.47322773	      0.58421804	     -7.72050210	      0.00000000	      0.00000000	     18.36763298	     -2.32473906	    -13.41823439	     26.86721980	      0.46892145	      0.87579104	      0.00000000	      0.00000000	      3.14684147	     -6.48941095	      0.41934067
      0.52000000	    -11.23488014	      5.67855669	     -2.93111517	     -0.09659018	      1.10128959	     -0.55061170	     24.28018863	    -17.31659544	    -14.21143922	     33.39635329	      0.58287632	     -7.35111825	      0.00000000	      0.00000000	     18.47597130	     -2.34356530	    -13.29581011	     26.80733327	      0.46787623	      1.31928074	      0.00000000	      0.00000000	      3.16936602	     -6.41603109	      0.41342706
      0.52500000	    -11.30036616	      5.64543343	     -2.93948127	     -0.09661865	      1.10228248	     -0.55062243	     24.38280409	    -17.25300057	    -14.14103905	     33.30700954	      0.58131698	     -7.02697172	      0.00000000	      0.00000000	     18.57078136	     -2.36571065	    -13.15725363	     26.73198100	      0.46656108	      1.68994103	      0.00000000	      0.00000000	      3.16606322	     -6.34410445	      0.40994937
      0.53000000	    -11.35946574	      5.60856563	     -2.94629670	     -0.09670224	      1.10307023	     -0.55061638	     24.47938009	    -17.18700578	    -14.08049491	     33.20921893	      0.57961021	     -6.74270151	      0.00000000	      0.00000000	     18.66051045	     -2.39382551	    -13.00744434	     26.64568635	      0.46505496	      1.98208359	      0.00000000	      0.00000000	      3.14425572	     -6.27337175	      0.40929879
      0.53500000	    -11.41671758	      5.56954020	     -2.95225993	     -0.09684241	      1.10364040	     -0.55059234	     24.57790488	    -17.11951625	    -14.03077303	     33.10608159	      0.57781013	     -6.49529967	      0.00000000	      0.00000000	     18.75234807	     -2.42819088	    -12.85489138	     26.55202982	      0.46342034	      2.19015279	      0.00000000	      0.00000000	      3.11130820	     -6.20567071	      0.41349448
      0.54000000	    -11.47482892	      5.52762476	     -2.95965057	     -0.09704162	      1.10397529	     -0.55054527	     24.68232758	    -17.04809069	    -13.98879782	     32.99682506	      0.57590324	     -6.27583596	      0.00000000	      0.00000000	     18.85426942	     -2.47465673	    -12.71171782	     26.46010262	      0.46181591	      2.30848871	      0.00000000	      0.00000000	      3.07054511	     -6.14002049	      0.42614816
      0.54500000	    -11.53959810	      5.48552539	     -2.96576533	     -0.09730396	      1.10406115	     -0.55047604	     24.80151956	    -16.97616024	    -13.95460412	     32.88590802	      0.57396737	     -6.08565021	      0.00000000	      0.00000000	     18.97786701	     -2.53025517	    -12.57873299	     26.37792763	      0.46038169	      2.33997694	      0.00000000	      0.00000000	      3.02717103	     -6.07913254	      0.44407378
      0.55000000	    -11.62263024	      5.44231088	     -2.97216841	     -0.09763571	      1.10387288	     -0.55038427	     24.95312700	    -16.90027848	    -13.92043449	     32.78050652	      0.57212777	     -5.92241434	      0.00000000	      0.00000000	     19.14241007	     -2.60038470	    -12.46348389	     26.32036541	      0.45937704	      2.29333660	      0.00000000	      0.00000000	      2.99326574	     -6.01978270	      0.46885377
      0.55500000	    -11.73233748	      5.40063872	     -2.97519678	     -0.09804198	      1.10338886	     -0.55027440	     25.14996952	    -16.82430502	    -13.88559497	     32.68827726	      0.57051807	     -5.78271366	      0.00000000	      0.00000000	     19.36314325	     -2.68281258	    -12.36375853	     26.29935692	      0.45901037	      2.18162404	      0.00000000	      0.00000000	      2.97663389	     -5.96401230	      0.49705331
      0.56000000	    -11.87983818	      5.36337466	     -2.97009492	     -0.09852688	      1.10258543	     -0.55014862	     25.40807027	    -16.75257011	    -13.84777123	     32.61942226	      0.56931632	     -5.66187432	      0.00000000	      0.00000000	     19.65815873	     -2.77449306	    -12.27449873	     26.32703685	      0.45949348	      2.03152790	      0.00000000	      0.00000000	      2.98880953	     -5.91520685	      0.52497850
      0.56500000	    -12.06968903	      5.32867120	     -2.95414289	     -0.09909529	      1.10145239	     -0.55001517	     25.73462937	    -16.68383920	    -13.80670643	     32.58135389	      0.56865190	     -5.55992849	      0.00000000	      0.00000000	     20.03527002	     -2.87509667	    -12.18866396	     26.41033564	      0.46094731	      1.87167193	      0.00000000	      0.00000000	      3.03428723	     -5.87032127	      0.54911605
      0.57000000	    -12.31441583	      5.29526753	     -2.92687592	     -0.09975805	      1.09996770	     -0.54987901	     26.14563295	    -16.61382981	    -13.75306160	     32.57803063	      0.56859390	     -5.47593189	      0.00000000	      0.00000000	     20.51197295	     -2.98590689	    -12.09935914	     26.55944790	      0.46354981	      1.73051822	      0.00000000	      0.00000000	      3.12682171	     -5.82650505	      0.56869548
      0.57500000	    -12.61106117	      5.26592218	     -2.88647652	     -0.10051429	      1.09813096	     -0.54974276	     26.63962725	    -16.54711354	    -13.68723364	     32.61619930	      0.56926007	     -5.40411216	      0.00000000	      0.00000000	     21.08233543	     -3.09935623	    -11.99700899	     26.76923287	      0.46721125	      1.62818318	      0.00000000	      0.00000000	      3.26370842	     -5.78788447	      0.58185744
      0.58000000	    -12.95974168	      5.24457285	     -2.83653494	     -0.10136638	      1.09593945	     -0.54960315	     27.22032694	    -16.48640373	    -13.59920023	     32.70089334	      0.57073826	     -5.34185093	      0.00000000	      0.00000000	     21.74270943	     -3.20957092	    -11.87972024	     27.03365576	      0.47182630	      1.58060997	      0.00000000	      0.00000000	      3.44788586	     -5.75939807	      0.59257754
      0.58500000	    -13.35230357	      5.23080257	     -2.77778392	     -0.10231753	      1.09339858	     -0.54946576	     27.87993082	    -16.43215582	    -13.48773526	     32.83566162	      0.57309041	     -5.28696510	      0.00000000	      0.00000000	     22.48125171	     -3.31307877	    -11.74077878	     27.34719136	      0.47729853	      1.58584838	      0.00000000	      0.00000000	      3.67064223	     -5.74074866	      0.59951679
      0.59000000	    -13.77988397	      5.22745120	     -2.71248979	     -0.10335657	      1.09051597	     -0.54932960	     28.61006937	    -16.38814759	    -13.35185737	     33.02455767	      0.57638727	     -5.23745519	      0.00000000	      0.00000000	     23.28293406	     -3.40482622	    -11.58051630	     27.70115872	      0.48347643	      1.63814404	      0.00000000	      0.00000000	      3.92432425	     -5.73588971	      0.60467174
      0.59500000	    -14.22818177	      5.23795025	     -2.64041419	     -0.10447375	      1.08731399	     -0.54919507	     29.39445489	    -16.36004966	    -13.19409267	     33.26922424	      0.58065750	     -5.19468611	      0.00000000	      0.00000000	     24.12888652	     -3.47822109	    -11.39915902	     28.08945678	      0.49025351	      1.71975340	      0.00000000	      0.00000000	      4.19488345	     -5.75060544	      0.60717101
      0.60000000	    -14.68400071	      5.26293023	     -2.56398620	     -0.10565896	      1.08380507	     -0.54906601	     30.21940857	    -16.35034300	    -13.01563422	     33.57229336	      0.58594706	     -5.15888855	      0.00000000	      0.00000000	     24.99908846	     -3.52986608	    -11.19699161	     28.50151751	      0.49744532	      1.80303686	      0.00000000	      0.00000000	      4.46819173	     -5.78550050	      0.60744564
      0.60500000	    -15.13458317	      5.29996068	     -2.48251393	     -0.10689864	      1.08000455	     -0.54894624	     31.06805788	    -16.35820880	    -12.82250876	     33.93308051	      0.59224398	     -5.13616404	      0.00000000	      0.00000000	     25.87989685	     -3.56112754	    -10.97725103	     28.93962144	      0.50509168	      1.86707366	      0.00000000	      0.00000000	      4.72795910	     -5.83752569	      0.60258407
      0.61000000	    -15.56390771	      5.34702096	     -2.39958000	     -0.10816697	      1.07593848	     -0.54883303	     31.91840289	    -16.38183541	    -12.61902437	     34.34691728	      0.59946679	     -5.13522512	      0.00000000	      0.00000000	     26.75071082	     -3.57566559	    -10.75176971	     29.40102553	      0.51314470	      1.89652163	      0.00000000	      0.00000000	      4.95668265	     -5.90374685	      0.59296737
      0.61500000	    -15.96180389	      5.40431278	     -2.31275376	     -0.10945202	      1.07162420	     -0.54873241	     32.75604757	    -16.42456049	    -12.41239261	     34.81153885	      0.60757597	     -5.16431486	      0.00000000	      0.00000000	     27.59920820	     -3.57003749	    -10.51755657	     29.88568647	      0.52160363	      1.87098509	      0.00000000	      0.00000000	      5.14216730	     -5.98453807	      0.57332428
      0.62000000	    -16.31882113	      5.46823821	     -2.22676560	     -0.11073735	      1.06707294	     -0.54864166	     33.56729903	    -16.48119022	    -12.20255501	     35.32159526	      0.61647813	     -5.22787521	      0.00000000	      0.00000000	     28.41364462	     -3.55173477	    -10.28576692	     30.39558573	      0.53050305	      1.78981111	      0.00000000	      0.00000000	      5.27413824	     -6.07458668	      0.54623780
      0.62500000	    -16.62875333	      5.53687806	     -2.14027102	     -0.11200075	      1.06229984	     -0.54856205	     34.34065076	    -16.55177544	    -11.99815507	     35.87495616	      0.62613610	     -5.34025371	      0.00000000	      0.00000000	     29.18711396	     -3.52338916	    -10.06210383	     30.93579769	      0.53993153	      1.65900945	      0.00000000	      0.00000000	      5.34745299	     -6.17188633	      0.50899783
      0.63000000	    -16.88608524	      5.60731279	     -2.05446190	     -0.11322341	      1.05731605	     -0.54849203	     35.06451981	    -16.63348481	    -11.80290514	     36.46448163	      0.63642526	     -5.50386398	      0.00000000	      0.00000000	     29.91155764	     -3.48964701	     -9.85031024	     31.50821861	      0.54992216	      1.48972579	      0.00000000	      0.00000000	      5.35859365	     -6.27314198	      0.46102733
      0.63500000	    -17.10350065	      5.67785547	     -1.96710939	     -0.11441175	      1.05210647	     -0.54843392	     35.75392439	    -16.72395825	    -11.61405487	     37.09515988	      0.64743268	     -5.70348327	      0.00000000	      0.00000000	     30.60346933	     -3.45159414	     -9.64058683	     32.12511235	      0.56068898	      1.34998982	      0.00000000	      0.00000000	      5.32268671	     -6.37620427	      0.40141484
      0.64000000	    -17.28846943	      5.74439042	     -1.88377074	     -0.11557299	      1.04665432	     -0.54837310	     36.42030578	    -16.81280698	    -11.41838757	     37.77742102	      0.65934038	     -5.85029723	      0.00000000	      0.00000000	     31.27592836	     -3.42214339	     -9.43957287	     32.80512948	      0.57255752	      1.36250914	      0.00000000	      0.00000000	      5.24915999	     -6.47586144	      0.33630255
      0.64500000	    -17.44835924	      5.80854112	     -1.80395195	     -0.11670718	      1.04094759	     -0.54830282	     37.07368375	    -16.90066450	    -11.20827008	     38.52290407	      0.67235151	     -5.80511951	      0.00000000	      0.00000000	     31.93524565	     -3.40017911	     -9.24079035	     33.55469985	      0.58563999	      1.63032978	      0.00000000	      0.00000000	      5.14814584	     -6.57461766	      0.26611193
      0.65000000	    -17.58429859	      5.86794763	     -1.73451318	     -0.11781257	      1.03498822	     -0.54821003	     37.71322022	    -16.97958837	    -10.97156464	     39.32965656	      0.68643200	     -5.43847305	      0.00000000	      0.00000000	     32.58316972	     -3.39656426	     -9.05505929	     34.39006322	      0.60021983	      2.23385109	      0.00000000	      0.00000000	      5.02257308	     -6.66906632	      0.19664612
      0.65500000	    -17.69438302	      5.92991478	     -1.67691189	     -0.11888400	      1.02878506	     -0.54808880	     38.34329090	    -17.05892298	    -10.70703510	     40.21592758	      0.70190035	     -4.66468628	      0.00000000	      0.00000000	     33.21314023	     -3.40557782	     -8.88820531	     35.31838322	      0.61642207	      3.23073372	      0.00000000	      0.00000000	      4.87251220	     -6.76806964	      0.13018208
      0.66000000	    -17.77325122	      5.99797286	     -1.62995692	     -0.11991398	      1.02236404	     -0.54793237	     38.95262087	    -17.14101870	    -10.41348357	     41.18014047	      0.71872904	     -3.42730912	      0.00000000	      0.00000000	     33.81095410	     -3.42051775	     -8.73633443	     36.32921774	      0.63406446	      4.57254798	      0.00000000	      0.00000000	      4.69315782	     -6.87744410	      0.06446493
      0.66500000	    -17.82894060	      6.07922203	     -1.58310442	     -0.12090740	      1.01574956	     -0.54775823	     39.54525774	    -17.23792288	    -10.09683635	     42.21323334	      0.73675991	     -1.80645371	      0.00000000	      0.00000000	     34.38379264	     -3.42281362	     -8.58524388	     37.41280970	      0.65297671	      6.12115959	      0.00000000	      0.00000000	      4.49324707	     -7.00586885	     -0.00904480
      0.67000000	    -17.86884079	      6.17201169	     -1.53169347	     -0.12187737	      1.00896347	     -0.54757895	     40.12896891	    -17.34900624	     -9.76478790	     43.30712022	      0.75585184	      0.01952541	      0.00000000	      0.00000000	     34.94477939	     -3.40985820	     -8.43148879	     38.56768090	      0.67313302	      7.76650668	      0.00000000	      0.00000000	      4.28010010	     -7.15061475	     -0.09452352
      0.67500000	    -17.90027596	      6.27678163	     -1.46911663	     -0.12285111	      1.00201956	     -0.54740874	     40.72004801	    -17.47715744	     -9.42105218	     44.46567850	      0.77607249	      1.92105611	      0.00000000	      0.00000000	     35.50677545	     -3.37420889	     -8.26175267	     39.77799439	      0.69425697	      9.45137689	      0.00000000	      0.00000000	      4.05826478	     -7.31172347	     -0.19732494
      0.68000000	    -17.93085449	      6.38834722	     -1.40004147	     -0.12384448	      0.99492589	     -0.54724936	     41.33203929	    -17.61043161	     -9.05758858	     45.67552063	      0.79718822	      3.85161102	      0.00000000	      0.00000000	     36.08627109	     -3.32858616	     -8.08458424	     41.03186322	      0.71614111	     11.13333329	      0.00000000	      0.00000000	      3.83552998	     -7.48061867	     -0.31106987
      0.68500000	    -17.95537578	      6.50238603	     -1.33343500	     -0.12485894	      0.98769400	     -0.54710444	     41.97078925	    -17.74415627	     -8.67691699	     46.92690290	      0.81902896	      5.76063150	      0.00000000	      0.00000000	     36.69080288	     -3.29340399	     -7.93288605	     42.32764210	      0.73875672	     12.80188849	      0.00000000	      0.00000000	      3.60630101	     -7.64877099	     -0.42643843
      0.69000000	    -17.95764769	      6.61574689	     -1.28112608	     -0.12587803	      0.98033501	     -0.54696386	     42.63258347	    -17.87734184	     -8.28738497	     48.21847278	      0.84157111	      7.63529863	      0.00000000	      0.00000000	     37.30936492	     -3.28921222	     -7.84049756	     43.65611693	      0.76194298	     14.46570803	      0.00000000	      0.00000000	      3.35492995	     -7.80997860	     -0.53318929
      0.69500000	    -17.93424071	      6.72450510	     -1.24286476	     -0.12689775	      0.97285206	     -0.54682984	     43.31831231	    -18.01187881	     -7.90102612	     49.54292641	      0.86468719	      9.50209692	      0.00000000	      0.00000000	     37.94691041	     -3.32456576	     -7.81706655	     45.01397934	      0.78564215	     16.11202866	      0.00000000	      0.00000000	      3.07961491	     -7.96046921	     -0.62332910
      0.70000000	    -17.88619503	      6.82141096	     -1.21999174	     -0.12790585	      0.96525839	     -0.54670207	     44.02196700	    -18.14255274	     -7.53257146	     50.88180272	      0.88805499	     11.35259464	      0.00000000	      0.00000000	     38.60545952	     -3.40955516	     -7.86937917	     46.39752243	      0.80978953	     17.69522586	      0.00000000	      0.00000000	      2.78562398	     -8.09216427	     -0.68977373
      0.70500000	    -17.82147416	      6.90210378	     -1.20491073	     -0.12891194	      0.95757078	     -0.54658865	     44.74408942	    -18.27061906	     -7.19940288	     52.22420338	      0.91148430	     13.12432118	      0.00000000	      0.00000000	     39.29258899	     -3.53813010	     -7.98623713	     47.80284451	      0.83431703	     19.17158002	      0.00000000	      0.00000000	      2.48261684	     -8.20157049	     -0.73807277
      0.71000000	    -17.75755450	      6.96677522	     -1.19029716	     -0.12993494	      0.94980492	     -0.54649023	     45.49644147	    -18.39617026	     -6.90789976	     53.56687450	      0.93491833	     14.77173788	      0.00000000	      0.00000000	     40.01873743	     -3.69523242	     -8.14640848	     49.22323609	      0.85910754	     20.51953060	      0.00000000	      0.00000000	      2.19069490	     -8.29057333	     -0.77447425
      0.71500000	    -17.71167605	      7.01205268	     -1.16930281	     -0.13098896	      0.94200184	     -0.54640520	     46.28032825	    -18.51138141	     -6.66364116	     54.89542518	      0.95810591	     16.28336380	      0.00000000	      0.00000000	     40.79113287	     -3.87093727	     -8.33294331	     50.65325578	      0.88406609	     21.74807341	      0.00000000	      0.00000000	      1.92977289	     -8.35783783	     -0.80794806
      0.72000000	    -17.69481407	      7.04252246	     -1.14170074	     -0.13208591	      0.93420081	     -0.54632456	     47.10138910	    -18.61310505	     -6.46010992	     56.20872467	      0.98102731	     17.65375231	      0.00000000	      0.00000000	     41.60845370	     -4.05477002	     -8.54135295	     52.08293128	      0.90901863	     22.87404574	      0.00000000	      0.00000000	      1.71045794	     -8.40783158	     -0.85888403
      0.72500000	    -17.71829830	      7.06949492	     -1.09901116	     -0.13323855	      0.92644418	     -0.54624994	     47.97355222	    -18.71256962	     -6.29095291	     57.51607254	      1.00384484	     18.88255290	      0.00000000	      0.00000000	     42.47656249	     -4.22699998	     -8.76525188	     53.50935514	      0.93391443	     23.92042865	      0.00000000	      0.00000000	      1.54399828	     -8.45396744	     -0.94808234
      0.73000000	    -17.79154148	      7.09869488	     -1.03774500	     -0.13445573	      0.91878058	     -0.54617191	     48.90414806	    -18.80862343	     -6.14050028	     58.81311948	      1.02648258	     19.99567721	      0.00000000	      0.00000000	     43.40141974	     -4.38081018	     -8.99881046	     54.93129782	      0.95873201	     24.90346250	      0.00000000	      0.00000000	      1.44003949	     -8.50378022	     -1.08120708
      0.73500000	    -17.91592362	      7.13247015	     -0.94396339	     -0.13573384	      0.91126797	     -0.54610340	     49.89190356	    -18.91245615	     -6.01264701	     60.10768228	      1.04907696	     20.99788916	      0.00000000	      0.00000000	     44.38490230	     -4.50498434	     -9.22075288	     56.34633333	      0.98342904	     25.81598797	      0.00000000	      0.00000000	      1.39552026	     -8.55966288	     -1.28343248
      0.74000000	    -18.09653806	      7.16867222	     -0.81099691	     -0.13707576	      0.90395460	     -0.54605520	     50.93965042	    -19.02289926	     -5.89693370	     61.39948417	      1.07162316	     21.89301996	      0.00000000	      0.00000000	     45.43324547	     -4.59322734	     -9.40238375	     57.74772406	      1.00788792	     26.63253465	      0.00000000	      0.00000000	      1.41465120	     -8.61889605	     -1.55304598
      0.74500000	    -18.33101442	      7.19994666	     -0.63527442	     -0.13847614	      0.89690530	     -0.54604473	     52.03760418	    -19.13769212	     -5.79010459	     62.68187850	      1.09400516	     22.67916057	      0.00000000	      0.00000000	     46.54578134	     -4.64415928	     -9.51003333	     59.13043469	      1.03202077	     27.32725120	      0.00000000	      0.00000000	      1.49500267	     -8.67289857	     -1.87234735
      0.75000000	    -18.61076127	      7.21059702	     -0.42600343	     -0.13992657	      0.89017406	     -0.54607265	     53.16558864	    -19.23614867	     -5.68114500	     63.93892980	      1.11594485	     23.36327273	      0.00000000	      0.00000000	     47.71937999	     -4.67287258	     -9.51198498	     60.49514030	      1.05583938	     27.87876759	      0.00000000	      0.00000000	      1.62515174	     -8.70093536	     -2.22556378
      0.75500000	    -18.91557065	      7.19281516	     -0.19129446	     -0.14139556	      0.88382115	     -0.54614953	     54.29783444	    -19.31349744	     -5.56676717	     65.17212820	      1.13746822	     23.92384891	      0.00000000	      0.00000000	     48.93749061	     -4.68049967	     -9.38189821	     61.84181325	      1.07934326	     28.27903707	      0.00000000	      0.00000000	      1.78280013	     -8.69119918	     -2.60260273
      0.76000000	    -19.22513069	      7.14136702	      0.04037188	     -0.14284941	      0.87790208	     -0.54626155	     55.40550186	    -19.34157164	     -5.41455054	     66.35558190	      1.15812338	     24.38900104	      0.00000000	      0.00000000	     50.17431732	     -4.68031704	     -9.11977647	     63.16165011	      1.10237876	     28.53871681	      0.00000000	      0.00000000	      1.95455115	     -8.63681470	     -2.95122629
      0.76500000	    -19.50656202	      7.06694114	      0.24695485	     -0.14422325	      0.87248083	     -0.54639549	     56.45324871	    -19.31861865	     -5.20763265	     67.48082803	      1.17776263	     24.76780162	      0.00000000	      0.00000000	     51.38014356	     -4.66831515	     -8.74711414	     64.43776142	      1.12465110	     28.68186421	      0.00000000	      0.00000000	      2.10892823	     -8.54646895	     -3.25392864
      0.77000000	    -19.72971089	      6.98592197	      0.40710974	     -0.14544167	      0.86761655	     -0.54652499	     57.40516188	    -19.24238854	     -4.92828330	     68.53429382	      1.19614908	     25.07098450	      0.00000000	      0.00000000	     52.49581673	     -4.64033487	     -8.30396316	     65.64031946	      1.14563970	     28.73518450	      0.00000000	      0.00000000	      2.21782997	     -8.43629605	     -3.49956595
      0.77500000	    -19.87211014	      6.91844279	      0.50792650	     -0.14642573	      0.86336514	     -0.54663119	     58.23108170	    -19.12138435	     -4.57435144	     69.50219225	      1.21304209	     25.30926297	      0.00000000	      0.00000000	     53.46233107	     -4.59081065	     -7.84486657	     66.73518975	      1.16474879	     28.73086255	      0.00000000	      0.00000000	      2.26544393	     -8.33131433	     -3.67230940
      0.78000000	    -19.92355840	      6.87897525	      0.54141797	     -0.14711646	      0.85976346	     -0.54668906	     58.90666058	    -18.96137105	     -4.15430756	     70.36069702	      1.22802583	     25.50820521	      0.00000000	      0.00000000	     54.23120059	     -4.52195517	     -7.42189501	     67.68515178	      1.18132875	     28.69121445	      0.00000000	      0.00000000	      2.24667737	     -8.24926687	     -3.76222091
      0.78500000	    -19.88316038	      6.87792033	      0.51142558	     -0.14747678	      0.85683141	     -0.54668917	     59.41815605	    -18.77856701	     -3.69525404	     71.09889155	      1.24090975	     25.66905043	      0.00000000	      0.00000000	     54.77107629	     -4.43507976	     -7.07765704	     68.46427827	      1.19492708	     28.64560769	      0.00000000	      0.00000000	      2.16120090	     -8.20222808	     -3.78423825
      0.79000000	    -19.76352605	      6.91407633	      0.42368017	     -0.14750409	      0.85455775	     -0.54661649	     59.76326304	    -18.58124065	     -3.22586801	     71.70150096	      1.25142727	     25.79724760	      0.00000000	      0.00000000	     55.08062924	     -4.34742357	     -6.84013119	     69.06695824	      1.20544583	     28.61813705	      0.00000000	      0.00000000	      2.02466053	     -8.19271233	     -3.74384251
      0.79500000	    -19.58381957	      6.97957305	      0.28690220	     -0.14722702	      0.85291606	     -0.54646825	     59.94863817	    -18.37471938	     -2.77490963	     72.15731906	      1.25938280	     25.90785989	      0.00000000	      0.00000000	     55.17777145	     -4.27680949	     -6.72081932	     69.49958550	      1.21299660	     28.63269013	      0.00000000	      0.00000000	      1.85949264	     -8.21558247	     -3.64726957
      0.80000000	    -19.36177558	      7.06507321	      0.11374562	     -0.14668719	      0.85186844	     -0.54625038	     59.98492629	    -18.16999243	     -2.36851443	     72.46838034	      1.26481184	     26.01046794	      0.00000000	      0.00000000	     55.08649004	     -4.23146916	     -6.71330738	     69.77116415	      1.21773654	     28.69786889	      0.00000000	      0.00000000	      1.68186892	     -8.26186073	     -3.50773901
      0.80500000	    -19.11940742	      7.16271255	     -0.08208571	     -0.14594170	      0.85136734	     -0.54598152	     59.89190180	    -17.97747715	     -2.02233769	     72.63909980	      1.26779146	     26.11498967	      0.00000000	      0.00000000	     54.84276221	     -4.21239518	     -6.80352318	     69.89433545	      1.21988628	     28.81374580	      0.00000000	      0.00000000	      1.51446821	     -8.32564757	     -3.34002931
      0.81000000	    -18.87259617	      7.26356362	     -0.28546978	     -0.14503767	      0.85136470	     -0.54567885	     59.68687644	    -17.81160371	     -1.75154593	     72.68090499	      1.26852110	     26.22023113	      0.00000000	      0.00000000	     54.47835498	     -4.21674320	     -6.96748632	     69.88181316	      1.21966773	     28.96609835	      0.00000000	      0.00000000	      1.37194770	     -8.39909075	     -3.16066317
      0.81500000	    -18.63609547	      7.35555630	     -0.48411270	     -0.14402888	      0.85181413	     -0.54537224	     59.38709929	    -17.67575517	     -1.56582895	     72.60398558	      1.26717860	     26.32622552	      0.00000000	      0.00000000	     54.02802378	     -4.24037526	     -7.17446832	     69.74761694	      1.21732556	     29.13541141	      0.00000000	      0.00000000	      1.26784584	     -8.46761280	     -2.98050806
      0.82000000	    -18.42116792	      7.42893527	     -0.66591362	     -0.14295527	      0.85267135	     -0.54508646	     59.01176503	    -17.57498030	     -1.47248801	     72.42331798	      1.26402535	     26.42270421	      0.00000000	      0.00000000	     53.52393544	     -4.27736027	     -7.39432675	     69.50927232	      1.21316566	     29.29844923	      0.00000000	      0.00000000	      1.20952159	     -8.51880855	     -2.81017794
      0.82500000	    -18.23857350	      7.47608120	     -0.82421205	     -0.14184870	      0.85389288	     -0.54484266	     58.58118012	    -17.50763715	     -1.47200724	     72.14922939	      1.25924161	     26.49683814	      0.00000000	      0.00000000	     52.99657778	     -4.32588650	     -7.60513747	     69.18448871	      1.20749712	     29.43658441	      0.00000000	      0.00000000	      1.20691578	     -8.54210566	     -2.65643734
      0.83000000	    -18.08967878	      7.48995771	     -0.95629679	     -0.14072740	      0.85544955	     -0.54465104	     58.10829267	    -17.47004010	     -1.56360215	     71.79364943	      1.25303556	     26.52659986	      0.00000000	      0.00000000	     52.46605808	     -4.38936907	     -7.79142585	     68.79320347	      1.20066790	     29.53733014	      0.00000000	      0.00000000	      1.25726047	     -8.52659140	     -2.52165701
      0.83500000	    -17.98001862	      7.46874618	     -1.06180495	     -0.13961301	      0.85731833	     -0.54451995	     57.61167788	    -17.45374844	     -1.73824842	     71.36639189	      1.24557851	     26.50507161	      0.00000000	      0.00000000	     51.95589928	     -4.46911681	     -7.94712332	     68.35303683	      1.19298555	     29.58873598	      0.00000000	      0.00000000	      1.36369883	     -8.46756577	     -2.40836293
      0.84000000	    -17.91020843	      7.41701280	     -1.14219004	     -0.13851237	      0.85949330	     -0.54444843	     57.10582113	    -17.45604277	     -1.98370665	     70.87617594	      1.23702263	     26.42278850	      0.00000000	      0.00000000	     51.47534243	     -4.56185496	     -8.07444081	     67.87188825	      1.18458792	     29.57632472	      0.00000000	      0.00000000	      1.52491665	     -8.37062057	     -2.31293135
      0.84500000	    -17.87908657	      7.34343526	     -1.20067219	     -0.13742807	      0.86198035	     -0.54442792	     56.60081111	    -17.47623632	     -2.28593328	     70.32849359	      1.22746377	     26.27296903	      0.00000000	      0.00000000	     51.02543599	     -4.66090321	     -8.18113365	     67.34844993	      1.17545220	     29.49175654	      0.00000000	      0.00000000	      1.73871419	     -8.24635062	     -2.23460661
      0.85000000	    -17.88309164	      7.26099757	     -1.23997481	     -0.13635910	      0.86480262	     -0.54444919	     56.10219629	    -17.51697439	     -2.62883856	     69.72649246	      1.21695687	     26.04884889	      0.00000000	      0.00000000	     50.59952792	     -4.75400015	     -8.27798513	     66.77493506	      1.16544247	     29.32552021	      0.00000000	      0.00000000	      2.00215988	     -8.11273975	     -2.16079739
      0.85500000	    -17.91709451	      7.18178334	     -1.26605181	     -0.13529556	      0.86799944	     -0.54450021	     55.60733738	    -17.57595043	     -2.99896564	     69.06762422	      1.20545745	     25.75586964	      0.00000000	      0.00000000	     50.18187245	     -4.83048028	     -8.37719507	     66.13662606	      1.15430188	     29.07297204	      0.00000000	      0.00000000	      2.30917042	     -7.98411626	     -2.08550000
      0.86000000	    -17.97002272	      7.11789511	     -1.28263785	     -0.13422068	      0.87160854	     -0.54456777	     55.10542013	    -17.65791284	     -3.38660451	     68.34864490	      1.19290889	     25.38971797	      0.00000000	      0.00000000	     49.75172154	     -4.87936643	     -8.48812349	     65.42626378	      1.14190372	     28.73654191	      0.00000000	      0.00000000	      2.64815935	     -7.87717210	     -1.99884798
      0.86500000	    -18.03084015	      7.07878691	     -1.29338074	     -0.13310934	      0.87565833	     -0.54463261	     54.58458630	    -17.76608409	     -3.78650660	     67.56951946	      1.17931059	     24.94955869	      0.00000000	      0.00000000	     49.28779864	     -4.89444435	     -8.62258816	     64.63581955	      1.12810787	     28.33116498	      0.00000000	      0.00000000	      3.00639249	     -7.80255220	     -1.90202691
      0.87000000	    -18.08521049	      7.07057739	     -1.30790135	     -0.13194420	      0.88016867	     -0.54468026	     54.02962241	    -17.89586070	     -4.19098024	     66.72951140	      1.16464968	     24.43302006	      0.00000000	      0.00000000	     48.76966374	     -4.87825313	     -8.79443870	     63.76615709	      1.11292939	     27.86320438	      0.00000000	      0.00000000	      3.36992536	     -7.76712156	     -1.77713468
      0.87500000	    -18.11908172	      7.09131377	     -1.33131775	     -0.13070722	      0.88514783	     -0.54470151	     53.42206207	    -18.04168535	     -4.60127977	     65.82930300	      1.14893808	     23.83986511	      0.00000000	      0.00000000	     48.18023614	     -4.83580818	     -9.00637873	     62.82178455	      1.09644698	     27.34312074	      0.00000000	      0.00000000	      3.71656765	     -7.76376460	     -1.64515106
      0.88000000	    -18.12557750	      7.13981272	     -1.37055573	     -0.12939159	      0.89057264	     -0.54468504	     52.75622774	    -18.19719078	     -5.00817548	     64.86575544	      1.13212100	     23.17642902	      0.00000000	      0.00000000	     47.51500259	     -4.77426883	     -9.26316809	     61.81199907	      1.07882290	     26.77256865	      0.00000000	      0.00000000	      4.03901552	     -7.78995072	     -1.50650560
      0.88500000	    -18.09365256	      7.20580633	     -1.42863125	     -0.12798855	      0.89642216	     -0.54463087	     52.01886096	    -18.35347079	     -5.41878789	     63.84532658	      1.11431116	     22.43382785	      0.00000000	      0.00000000	     46.76497412	     -4.70419883	     -9.56093777	     60.74211094	      1.06014983	     26.15598216	      0.00000000	      0.00000000	      4.32360023	     -7.83229847	     -1.36786601
      0.89000000	    -18.02133759	      7.28220132	     -1.50774470	     -0.12650769	      0.90266200	     -0.54454955	     51.20691375	    -18.50011922	     -5.82923765	     62.76812543	      1.09551045	     21.61272930	      0.00000000	      0.00000000	     45.93403671	     -4.62960453	     -9.88965862	     59.61990758	      1.04056369	     25.48197826	      0.00000000	      0.00000000	      4.56990124	     -7.88240730	     -1.21962662
      0.89500000	    -17.90980674	      7.35361393	     -1.59888851	     -0.12495480	      0.90925367	     -0.54446141	     50.31658159	    -18.63050727	     -6.24849952	     61.63127112	      1.07566860	     20.72232352	      0.00000000	      0.00000000	     45.03263211	     -4.55277547	    -10.22376214	     58.45169623	      1.02017455	     24.74535456	      0.00000000	      0.00000000	      4.77443353	     -7.92236309	     -1.08517123
      0.90000000	    -17.76244675	      7.41238874	     -1.69806511	     -0.12333823	      0.91615180	     -0.54438048	     49.35279842	    -18.73876910	     -6.67463377	     60.43457546	      1.05478232	     19.76653860	      0.00000000	      0.00000000	     44.07239177	     -4.47529838	    -10.54986530	     57.24203160	      0.99906192	     23.93730343	      0.00000000	      0.00000000	      4.94486185	     -7.94545949	     -0.95045203
      0.90500000	    -17.57667848	      7.45034010	     -1.79485412	     -0.12165114	      0.92331542	     -0.54431833	     48.31543611	    -18.82709534	     -7.12173940	     59.19907876	      1.03321884	     18.72911555	      0.00000000	      0.00000000	     43.05709183	     -4.39848924	    -10.85139809	     55.99733055	      0.97733779	     23.05288490	      0.00000000	      0.00000000	      5.08082960	     -7.94591487	     -0.81327582
      0.91000000	    -17.36239222	      7.46128529	     -1.88791893	     -0.11990851	      0.93069484	     -0.54428213	     47.21490474	    -18.88352840	     -7.57942127	     57.91614001	      1.01082733	     17.62455742	      0.00000000	      0.00000000	     42.00408590	     -4.32407598	    -11.11503299	     54.71913445	      0.95502906	     22.08552818	      0.00000000	      0.00000000	      5.19332411	     -7.91663532	     -0.66676971
      0.91500000	    -17.12068385	      7.44438568	     -1.97197451	     -0.11811029	      0.93824552	     -0.54427015	     46.05877941	    -18.91052093	     -8.04612566	     56.59374372	      0.98774716	     16.45933770	      0.00000000	      0.00000000	     40.92040937	     -4.25279610	    -11.33548681	     53.41317944	      0.93223585	     21.03288084	      0.00000000	      0.00000000	      5.27982336	     -7.85696144	     -0.53047606
      0.92000000	    -16.85036769	      7.40645685	     -2.05080129	     -0.11624843	      0.94592429	     -0.54426993	     44.85753109	    -18.91308004	     -8.51323243	     55.24887071	      0.96427470	     15.22942722	      0.00000000	      0.00000000	     39.80420504	     -4.18446657	    -11.52559716	     52.07916226	      0.90895285	     19.90612135	      0.00000000	      0.00000000	      5.34221049	     -7.77523381	     -0.39503613
      0.92500000	    -16.55146933	      7.34943709	     -2.12664395	     -0.11432569	      0.95368804	     -0.54427082	     43.61677321	    -18.89071308	     -8.97641475	     53.88806215	      0.94052411	     13.93669900	      0.00000000	      0.00000000	     38.65650107	     -4.12289384	    -11.69025190	     50.72015513	      0.88523370	     18.71087210	      0.00000000	      0.00000000	      5.37997869	     -7.67460522	     -0.26322308
      0.93000000	    -16.22664619	      7.27796472	     -2.20243702	     -0.11235280	      0.96150660	     -0.54426866	     42.34062086	    -18.84349616	     -9.42739270	     52.50107046	      0.91631654	     12.59545476	      0.00000000	      0.00000000	     37.48189903	     -4.06536858	    -11.83450317	     49.33801243	      0.86111076	     17.45475351	      0.00000000	      0.00000000	      5.39304609	     -7.55918686	     -0.13994623
      0.93500000	    -15.87324325	      7.19799290	     -2.27754649	     -0.11032578	      0.96934808	     -0.54425907	     41.03524332	    -18.78308464	     -9.87171837	     51.10472583	      0.89194573	     11.20446154	      0.00000000	      0.00000000	     36.27776524	     -4.01119753	    -11.96704937	     47.93811694	      0.83667798	     16.14687542	      0.00000000	      0.00000000	      5.37828068	     -7.43645496	     -0.03081796
      0.94000000	    -15.49549961	      7.11330758	     -2.35255818	     -0.10824874	      0.97717978	     -0.54423841	     39.70692487	    -18.71397548	    -10.31190939	     49.69920520	      0.86741477	      9.76441667	      0.00000000	      0.00000000	     35.04871411	     -3.95780915	    -12.09415542	     46.52178189	      0.81195827	     14.80523637	      0.00000000	      0.00000000	      5.34193910	     -7.31170379	      0.07024642
      0.94500000	    -15.09550457	      7.02367458	     -2.42787306	     -0.10613568	      0.98497569	     -0.54420881	     38.35498020	    -18.63425742	    -10.75466336	     48.27627456	      0.84257994	      8.27206264	      0.00000000	      0.00000000	     33.79893708	     -3.90707610	    -12.21408984	     45.09477377	      0.78705228	     13.42368978	      0.00000000	      0.00000000	      5.28431826	     -7.18452299	      0.16303890
      0.95000000	    -14.68049318	      6.93293915	     -2.49938855	     -0.10400091	      0.99270697	     -0.54417502	     36.99038638	    -18.55060937	    -11.20510204	     46.84073766	      0.81752510	      6.72947231	      0.00000000	      0.00000000	     32.54008039	     -3.85177410	    -12.32402431	     43.66340451	      0.76207017	     12.01210560	      0.00000000	      0.00000000	      5.21147049	     -7.05960226	      0.24396489
      0.95500000	    -14.26108716	      6.84057612	     -2.56897331	     -0.10185849	      1.00033424	     -0.54413275	     35.62957607	    -18.46033304	    -11.66214599	     45.39850905	      0.79235346	      5.13613364	      0.00000000	      0.00000000	     31.28435248	     -3.79578064	    -12.42541839	     42.23037113	      0.73705902	     10.57393497	      0.00000000	      0.00000000	      5.13453116	     -6.93568571	      0.31580214
      0.96000000	    -13.84157601	      6.74822285	     -2.63964696	     -0.09972260	      1.00783177	     -0.54407863	     34.27949829	    -18.36182862	    -12.12284858	     43.94872703	      0.76704999	      3.49323590	      0.00000000	      0.00000000	     30.03683292	     -3.73825546	    -12.52330915	     40.79619860	      0.71202799	      9.11786415	      0.00000000	      0.00000000	      5.05656544	     -6.81411363	      0.38253234
      0.96500000	    -13.42910339	      6.65613463	     -2.71272533	     -0.09761360	      1.01517363	     -0.54401578	     32.95239530	    -18.25251916	    -12.58263068	     42.49735817	      0.74171882	      1.80615303	      0.00000000	      0.00000000	     28.80700293	     -3.67941471	    -12.61642022	     39.36463073	      0.68704242	      7.64430375	      0.00000000	      0.00000000	      4.98297274	     -6.69398944	      0.44713255
      0.97000000	    -13.03501415	      6.55921083	     -2.78620200	     -0.09554805	      1.02232813	     -0.54394527	     31.66133001	    -18.12599047	    -13.03735125	     41.04577865	      0.71638398	      0.08446610	      0.00000000	      0.00000000	     27.60977644	     -3.62249125	    -12.69842677	     37.93785619	      0.66214050	      6.16663914	      0.00000000	      0.00000000	      4.92392282	     -6.56929760	      0.50905017
      0.97500000	    -12.66765018	      6.45325726	     -2.86248720	     -0.09353892	      1.02926915	     -0.54386665	     30.41645206	    -17.97371128	    -13.47766752	     39.59345425	      0.69103614	     -1.65874778	      0.00000000	      0.00000000	     26.45363743	     -3.57351788	    -12.76875601	     36.51609972	      0.63732617	      4.69917248	      0.00000000	      0.00000000	      4.88724242	     -6.43381615	      0.57213568
      0.98000000	    -12.33515754	      6.33370727	     -2.93840706	     -0.09160103	      1.03596743	     -0.54378525	     29.22642429	    -17.79076008	    -13.90170477	     38.14482332	      0.66575276	     -3.40025129	      0.00000000	      0.00000000	     25.35168991	     -3.53645344	    -12.82079423	     35.10781870	      0.61274703	      3.27161156	      0.00000000	      0.00000000	      4.87968288	     -6.28202697	      0.63471785
      0.98500000	    -12.05184717	      6.19078704	     -3.00932295	     -0.08976222	      1.04238960	     -0.54370868	     28.10600591	    -17.56454384	    -14.30213083	     36.70265039	      0.64058209	     -5.10275032	      0.00000000	      0.00000000	     24.32683059	     -3.52237306	    -12.84064631	     33.72818094	      0.58866781	      1.91530742	      0.00000000	      0.00000000	      4.91304685	     -6.10172220	      0.69255600
      0.99000000	    -11.82771942	      6.01805645	     -3.07189952	     -0.08803477	      1.04849501	     -0.54364077	     27.06490852	    -17.28793076	    -14.67232943	     35.26886374	      0.61555780	     -6.72421942	      0.00000000	      0.00000000	     23.39634551	     -3.54156088	    -12.82499448	     32.39319280	      0.56536787	      0.68106642	      0.00000000	      0.00000000	      4.99708902	     -5.88537654	      0.74217198
      0.99500000	    -11.67330931	      5.81126677	     -3.12396104	     -0.08644045	      1.05424826	     -0.54359219	     26.12059154	    -16.95680680	    -15.00554370	     33.85950207	      0.59095979	     -8.20304684	      0.00000000	      0.00000000	     22.58361120	     -3.60352398	    -12.77549733	     31.13067950	      0.54333286	     -0.36704730	      0.00000000	      0.00000000	      5.14037472	     -5.62623914	      0.78237199
      1.00000000	    -11.58810366	      5.57058220	     -3.16248009	     -0.08499202	      1.05961561	     -0.54357251	     25.28147375	    -16.57716309	    -15.30372870	     32.49867568	      0.56720889	     -9.48231592	      0.00000000	      0.00000000	     21.89839521	     -3.71202197	    -12.69803549	     29.96611739	      0.52300741	     -1.16951360	      0.00000000	      0.00000000	      5.34029957	     -5.32434094	      0.80785164
      1.00500000	    -11.56236539	      5.29976084	     -3.19091728	     -0.08369402	      1.06457825	     -0.54358387	     24.54750647	    -16.15776045	    -15.56578897	     31.20858983	      0.54469265	    -10.51240874	      0.00000000	      0.00000000	     21.33880979	     -3.86893702	    -12.60985804	     28.92384524	      0.50481633	     -1.68514717	      0.00000000	      0.00000000	      5.58471831	     -4.98326674	      0.82018862
      1.01000000	    -11.58491228	      5.01808196	     -3.20977635	     -0.08253821	      1.06911673	     -0.54362307	     23.92138422	    -15.72838879	    -15.79503615	     30.02007572	      0.52394916	    -11.25695836	      0.00000000	      0.00000000	     20.89737390	     -4.05656168	    -12.53195361	     28.01918380	      0.48902701	     -1.88563864	      0.00000000	      0.00000000	      5.86232112	     -4.62701576	      0.81963130
      1.01500000	    -11.63694818	      4.73837826	     -3.22093905	     -0.08151950	      1.07323631	     -0.54368596	     23.39988167	    -15.31271684	    -16.00337843	     28.97188305	      0.50565475	    -11.69341315	      0.00000000	      0.00000000	     20.55616702	     -4.26157504	    -12.47540019	     27.26080758	      0.47579085	     -1.78978346	      0.00000000	      0.00000000	      6.15178663	     -4.27154750	      0.80868724
      1.02000000	    -11.69893608	      4.48339612	     -3.23113053	     -0.08062381	      1.07694871	     -0.54375610	     22.97656276	    -14.94175672	    -16.19077563	     28.09006052	      0.49026404	    -11.82940969	      0.00000000	      0.00000000	     20.28537995	     -4.45825110	    -12.45139823	     26.63491321	      0.46486693	     -1.44914650	      0.00000000	      0.00000000	      6.43372025	     -3.94518183	      0.79360377
      1.02500000	    -11.75480760	      4.26544187	     -3.24049552	     -0.07983478	      1.08028227	     -0.54382683	     22.63450472	    -14.63297386	    -16.36209581	     27.37867941	      0.47784810	    -11.69368603	      0.00000000	      0.00000000	     20.05942357	     -4.62896842	    -12.45604192	     26.12528146	      0.45597218	     -0.94211906	      0.00000000	      0.00000000	      6.69077460	     -3.66395802	      0.77745298
      1.03000000	    -11.79585188	      4.08624665	     -3.24951360	     -0.07914080	      1.08327383	     -0.54389738	     22.35821137	    -14.38774416	    -16.51641333	     26.82740053	      0.46822647	    -11.33709290	      0.00000000	      0.00000000	     19.85983434	     -4.76640421	    -12.47776429	     25.71207453	      0.44876036	     -0.34264169	      0.00000000	      0.00000000	      6.91404297	     -3.43047748	      0.76137118
      1.03500000	    -11.81010418	      3.93723171	     -3.25811624	     -0.07852624	      1.08597279	     -0.54396846	     22.12090005	    -14.19468559	    -16.65650868	     26.41330245	      0.46099909	    -10.82547346	      0.00000000	      0.00000000	     19.66362744	     -4.87458172	    -12.49957661	     25.37515404	      0.44287999	      0.26847459	      0.00000000	      0.00000000	      7.09024609	     -3.23511196	      0.74466411
      1.04000000	    -11.78860823	      3.81385876	     -3.26824405	     -0.07797497	      1.08842010	     -0.54404410	     21.89675661	    -14.04460587	    -16.77680295	     26.10412899	      0.45560300	    -10.22895316	      0.00000000	      0.00000000	     19.44847151	     -4.95290698	    -12.51101046	     25.08891958	      0.43788425	      0.84509069	      0.00000000	      0.00000000	      7.21004307	     -3.07186074	      0.72810408
      1.04500000	    -11.73011769	      3.70617243	     -3.27658840	     -0.07747817	      1.09064234	     -0.54412714	     21.66792598	    -13.92338957	    -16.87960329	     25.87185918	      0.45154913	     -9.60632732	      0.00000000	      0.00000000	     19.20841283	     -5.00885935	    -12.49687998	     24.84234062	      0.43358064	      1.35970308	      0.00000000	      0.00000000	      7.27169812	     -2.92945639	      0.70708267
      1.05000000	    -11.63436580	      3.60446798	     -3.28506160	     -0.07703489	      1.09266172	     -0.54421819	     21.42280555	    -13.81539820	    -16.95902881	     25.69362226	      0.44843831	     -8.99784514	      0.00000000	      0.00000000	     18.93764737	     -5.05130401	    -12.44910715	     24.62404652	      0.42977069	      1.81304412	      0.00000000	      0.00000000	      7.27522703	     -2.79603886	      0.68171627
      1.05500000	    -11.50237847	      3.50802626	     -3.29278854	     -0.07664484	      1.09448275	     -0.54431091	     21.15598023	    -13.71779247	    -17.01442615	     25.55732918	      0.44605954	     -8.42630506	      0.00000000	      0.00000000	     18.63428764	     -5.08062446	    -12.36278394	     24.42664165	      0.42632532	      2.20365576	      0.00000000	      0.00000000	      7.22243156	     -2.67169651	      0.65070049
      1.06000000	    -11.33753098	      3.41728582	     -3.30105131	     -0.07631182	      1.09610051	     -0.54440071	     20.86770561	    -13.62869547	    -17.04329411	     25.45437253	      0.44426261	     -7.89937384	      0.00000000	      0.00000000	     18.30030620	     -5.09692476	    -12.23989673	     24.24288081	      0.42311809	      2.54375493	      0.00000000	      0.00000000	      7.11829070	     -2.55746571	      0.61710519
      1.06500000	    -11.15316405	      3.32923047	     -3.30800714	     -0.07604904	      1.09749885	     -0.54448270	     20.56839181	    -13.54106481	    -17.04096285	     25.37456752	      0.44286975	     -7.41582178	      0.00000000	      0.00000000	     17.95550531	     -5.10658559	    -12.08019071	     24.07926618	      0.42026248	      2.83634758	      0.00000000	      0.00000000	      6.97914007	     -2.45080551	      0.58043455
      1.07000000	    -10.95964133	      3.24567425	     -3.31647024	     -0.07586735	      1.09866466	     -0.54455234	     20.27169408	    -13.45378151	    -17.00057181	     25.31604758	      0.44184838	     -6.96822304	      0.00000000	      0.00000000	     17.61447007	     -5.11080324	    -11.89339705	     23.93903546	      0.41781499	      3.08249146	      0.00000000	      0.00000000	      6.81668831	     -2.35291952	      0.54635970
      1.07500000	    -10.77306705	      3.17545064	     -3.32310293	     -0.07577741	      1.09956380	     -0.54460556	     20.00284050	    -13.37857173	    -16.92391870	     25.29142592	      0.44141865	     -6.55245225	      0.00000000	      0.00000000	     17.30463807	     -5.10560954	    -11.68914244	     23.83599232	      0.41601655	      3.27199606	      0.00000000	      0.00000000	      6.64962096	     -2.27445037	      0.51362852
      1.08000000	    -10.61100058	      3.12095281	     -3.32891562	     -0.07579945	      1.10016408	     -0.54464398	     19.79123018	    -13.31858124	    -16.80714103	     25.31396454	      0.44181203	     -6.16249825	      0.00000000	      0.00000000	     17.05547312	     -5.09413598	    -11.48006065	     23.78548464	      0.41513502	      3.40762682	      0.00000000	      0.00000000	      6.49577994	     -2.21606629	      0.48517735
      1.08500000	    -10.49249724	      3.08731616	     -3.33203048	     -0.07594682	      1.10043850	     -0.54466588	     19.66509517	    -13.27946290	    -16.64719369	     25.39333313	      0.44319727	     -5.79512674	      0.00000000	      0.00000000	     16.89607775	     -5.07442045	    -11.27225315	     23.80013072	      0.41539064	      3.48351793	      0.00000000	      0.00000000	      6.37502216	     -2.18251481	      0.45986921
      1.09000000	    -10.43200476	      3.08237472	     -3.33111195	     -0.07622987	      1.10035282	     -0.54467094	     19.65519696	    -13.27428706	    -16.44843961	     25.55590761	      0.44603473	     -5.44609950	      0.00000000	      0.00000000	     16.85040584	     -5.04181541	    -11.07329327	     23.89206614	      0.41699522	      3.50024037	      0.00000000	      0.00000000	      6.30148839	     -2.18138622	      0.43730461
      1.09500000	    -10.43485815	      3.10655134	     -3.32270330	     -0.07665448	      1.09989095	     -0.54466358	     19.77351112	    -13.30717738	    -16.21851169	     25.81350362	      0.45053063	     -5.12154525	      0.00000000	      0.00000000	     16.92874471	     -4.99777524	    -10.88428714	     24.06837952	      0.42007247	      3.46140833	      0.00000000	      0.00000000	      6.28114243	     -2.21359198	      0.41452166
      1.10000000	    -10.50686835	      3.15794482	     -3.30521798	     -0.07722037	      1.09904417	     -0.54464836	     20.02910354	    -13.37645094	    -15.96337922	     26.16983920	      0.45674986	     -4.82174824	      0.00000000	      0.00000000	     17.13711470	     -4.94248204	    -10.70297727	     24.32771475	      0.42459872	      3.37667159	      0.00000000	      0.00000000	      6.32177043	     -2.27676050	      0.39133608
      1.10500000	    -10.64740351	      3.23082615	     -3.27621116	     -0.07791860	      1.09781421	     -0.54462885	     20.41632827	    -13.47559796	    -15.68841028	     26.61614415	      0.46453935	     -4.55359320	      0.00000000	      0.00000000	     17.47238248	     -4.88026976	    -10.52387706	     24.66706922	      0.43052157	      3.24634899	      0.00000000	      0.00000000	      6.42467457	     -2.36524515	      0.36534228
      1.11000000	    -10.85186562	      3.32189332	     -3.23583758	     -0.07874231	      1.09620265	     -0.54460764	     20.92988582	    -13.60152451	    -15.39835821	     27.15204197	      0.47389253	     -4.31992808	      0.00000000	      0.00000000	     17.92450551	     -4.81210848	    -10.34308101	     25.07841921	      0.43770099	      3.07658347	      0.00000000	      0.00000000	      6.58671872	     -2.47602548	      0.33860558
      1.11500000	    -11.11114846	      3.42581953	     -3.18359800	     -0.07968027	      1.09422741	     -0.54458566	     21.55313659	    -13.74734121	    -15.09760929	     27.76580929	      0.48460479	     -4.12930893	      0.00000000	      0.00000000	     18.47656960	     -4.74010930	    -10.15583543	     25.55103835	      0.44594975	      2.87410508	      0.00000000	      0.00000000	      6.80004937	     -2.60455392	      0.31065630
      1.12000000	    -11.41877417	      3.53898418	     -3.12254252	     -0.08072338	      1.09189968	     -0.54456098	     22.27423735	    -13.90606037	    -14.78361643	     28.44652647	      0.49648555	     -3.97177275	      0.00000000	      0.00000000	     19.11577950	     -4.66592195	     -9.96304282	     26.07772987	      0.45514225	      2.64818810	      0.00000000	      0.00000000	      7.05810920	     -2.74677885	      0.28319126
      1.12500000	    -11.76215695	      3.65088383	     -3.05339954	     -0.08185331	      1.08924303	     -0.54453237	     23.06717167	    -14.06386109	    -14.46109444	     29.17414453	      0.50918488	     -3.86570670	      0.00000000	      0.00000000	     19.82173992	     -4.59880967	     -9.76293664	     26.65116946	      0.46515066	      2.41327133	      0.00000000	      0.00000000	      7.34730855	     -2.89161990	      0.25589132
      1.13000000	    -12.12652423	      3.76730595	     -2.98070538	     -0.08305589	      1.08627809	     -0.54449383	     23.91462111	    -14.22574423	    -14.12996064	     29.94656312	      0.52266613	     -3.80629900	      0.00000000	      0.00000000	     20.56830343	     -4.52974301	     -9.55972061	     27.25551976	      0.47569856	      2.18262584	      0.00000000	      0.00000000	      7.65205622	     -3.04609813	      0.23232365
      1.13500000	    -12.49880613	      3.87965915	     -2.90749086	     -0.08431381	      1.08302905	     -0.54444856	     24.79220756	    -14.38019732	    -13.79285896	     30.74754355	      0.53664587	     -3.79941867	      0.00000000	      0.00000000	     21.33549017	     -4.46662452	     -9.35710745	     27.88404451	      0.48666839	      1.97257028	      0.00000000	      0.00000000	      7.95762584	     -3.19918918	      0.21161744
      1.14000000	    -12.86862499	      3.98482539	     -2.83628381	     -0.08561385	      1.07951627	     -0.54439625	     25.68030733	    -14.52159129	    -13.44981381	     31.56313980	      0.55088071	     -3.84993393	      0.00000000	      0.00000000	     22.10796595	     -4.41192577	     -9.15847244	     28.53305704	      0.49799579	      1.79458376	      0.00000000	      0.00000000	      8.25209238	     -3.34644986	      0.19510606
      1.14500000	    -13.22396152	      4.08047509	     -2.76831397	     -0.08693914	      1.07576463	     -0.54433757	     26.55549038	    -14.64606067	    -13.10455036	     32.37758859	      0.56509552	     -3.97043705	      0.00000000	      0.00000000	     22.86608528	     -4.36613166	     -8.96317922	     29.19122285	      0.50948295	      1.64598412	      0.00000000	      0.00000000	      8.52065768	     -3.48424447	      0.17612313
      1.15000000	    -13.55686778	      4.16625443	     -2.70770940	     -0.08828219	      1.07178667	     -0.54427194	     27.40763497	    -14.75285938	    -12.75425180	     33.18943180	      0.57926486	     -4.15420037	      0.00000000	      0.00000000	     23.60000407	     -4.33076017	     -8.77883280	     29.85737734	      0.52110954	      1.52001480	      0.00000000	      0.00000000	      8.75405693	     -3.61022503	      0.15503419
      1.15500000	    -13.85651123	      4.24115409	     -2.65456643	     -0.08963082	      1.06760072	     -0.54420097	     28.22055606	    -14.84259960	    -12.40510593	     33.99315795	      0.59329253	     -4.41088978	      0.00000000	      0.00000000	     24.29770391	     -4.30735558	     -8.61118070	     30.53148348	      0.53287491	      1.40674502	      0.00000000	      0.00000000	      8.93944039	     -3.72351210	      0.13151581
      1.16000000	    -14.11616738	      4.30637387	     -2.60904627	     -0.09097943	      1.06321898	     -0.54412219	     28.98537664	    -14.91764778	    -12.06122029	     34.78858930	      0.60717543	     -4.73879915	      0.00000000	      0.00000000	     24.95253157	     -4.29515481	     -8.46205166	     31.21358518	      0.54477983	      1.28745395	      0.00000000	      0.00000000	      9.06779555	     -3.82583721	      0.10284927
      1.16500000	    -14.33513409	      4.36604733	     -2.56943775	     -0.09232353	      1.05864106	     -0.54403902	     29.70514377	    -14.98526187	    -11.72782206	     35.58678718	      0.62110661	     -5.11349917	      0.00000000	      0.00000000	     25.56617780	     -4.28963566	     -8.33202420	     31.90873006	      0.55691240	      1.17955247	      0.00000000	      0.00000000	      9.13833290	     -3.92244371	      0.06469188
      1.17000000	    -14.51270978	      4.42228888	     -2.53444076	     -0.09366583	      1.05386195	     -0.54395249	     30.38583622	    -15.05083459	    -11.40681265	     36.40525039	      0.63539148	     -5.48430566	      0.00000000	      0.00000000	     26.14288846	     -4.28981108	     -8.22140839	     32.62993993	      0.56949989	      1.16410776	      0.00000000	      0.00000000	      9.15196411	     -4.01722337	      0.02569472
      1.17500000	    -14.65798166	      4.47347008	     -2.50209033	     -0.09501850	      1.04886675	     -0.54386330	     31.03736994	    -15.11036742	    -11.09184951	     37.24996508	      0.65013454	     -5.72743712	      0.00000000	      0.00000000	     26.69438335	     -4.29663603	     -8.11691254	     33.38087220	      0.58260613	      1.33791746	      0.00000000	      0.00000000	      9.11669620	     -4.10839831	     -0.01649040
      1.18000000	    -14.78036188	      4.52100247	     -2.46941295	     -0.09639018	      1.04364550	     -0.54377611	     31.67100383	    -15.16558498	    -10.77601282	     38.12715800	      0.66544444	     -5.68931669	      0.00000000	      0.00000000	     27.23421821	     -4.30790015	     -8.00814417	     34.17108107	      0.59639787	      1.79280426	      0.00000000	      0.00000000	      9.04256753	     -4.19713633	     -0.06533393
      1.18500000	    -14.88511103	      4.57066871	     -2.42868043	     -0.09777374	      1.03819018	     -0.54369982	     32.29217930	    -15.22845655	    -10.46395948	     39.04261947	      0.68142226	     -5.25698705	      0.00000000	      0.00000000	     27.77041561	     -4.31459257	     -7.88912832	     35.01178904	      0.61107100	      2.60044607	      0.00000000	      0.00000000	      8.93761279	     -4.29188357	     -0.12618523
      1.19000000	    -14.96716320	      4.62193719	     -2.38349107	     -0.09916391	      1.03251311	     -0.54363516	     32.89308186	    -15.29780622	    -10.15065909	     39.99174567	      0.69798764	     -4.37992781	      0.00000000	      0.00000000	     28.29128832	     -4.31656548	     -7.75969639	     35.89786612	      0.62653596	      3.76457506	      0.00000000	      0.00000000	      8.79691159	     -4.39093933	     -0.19391163
      1.19500000	    -15.03893551	      4.67690961	     -2.33008781	     -0.10056411	      1.02661485	     -0.54358511	     33.48081674	    -15.37267123	     -9.83040041	     40.96127411	      0.71490910	     -3.06465450	      0.00000000	      0.00000000	     28.81165907	     -4.30853200	     -7.61311260	     36.82889934	      0.64278555	      5.18333932	      0.00000000	      0.00000000	      8.63442980	     -4.49669934	     -0.27517776
      1.20000000	    -15.10751502	      4.73888856	     -2.26537178	     -0.10197709	      1.02050317	     -0.54355710	     34.06665391	    -15.45853434	     -9.50579049	     41.95023583	      0.73216974	     -1.45761402	      0.00000000	      0.00000000	     29.34782737	     -4.28547594	     -7.45430484	     37.81846309	      0.66005670	      6.73786955	      0.00000000	      0.00000000	      8.46002828	     -4.61306271	     -0.37097095
      1.20500000	    -15.18198614	      4.80443485	     -2.18759652	     -0.10341340	      1.01417379	     -0.54355137	     34.66565255	    -15.55069327	     -9.18029991	     42.96183944	      0.74982555	      0.25442757	      0.00000000	      0.00000000	     29.91757742	     -4.25166014	     -7.28349685	     38.87281054	      0.67845853	      8.33184608	      0.00000000	      0.00000000	      8.28445348	     -4.73634269	     -0.48266069
      1.21000000	    -15.27337801	      4.86804629	     -2.09993650	     -0.10490009	      1.00762495	     -0.54356136	     35.30038336	    -15.63699598	     -8.84421828	     44.00432934	      0.76802043	      1.96272231	      0.00000000	      0.00000000	     30.54000464	     -4.21646811	     -7.09881024	     39.99118330	      0.69797782	      9.90976003	      0.00000000	      0.00000000	      8.11802967	     -4.85902339	     -0.60731206
      1.21500000	    -15.39821401	      4.92822880	     -1.99294149	     -0.10646329	      1.00083969	     -0.54358426	     35.99972700	    -15.71861653	     -8.50154903	     45.09046067	      0.78697700	      3.63992622	      0.00000000	      0.00000000	     31.25204666	     -4.18230367	     -6.89538894	     41.18739753	      0.71885570	     11.44763630	      0.00000000	      0.00000000	      7.97719374	     -4.98165195	     -0.75357103
      1.22000000	    -15.55027149	      4.98004175	     -1.86561435	     -0.10810159	      0.99382166	     -0.54362206	     36.77053607	    -15.79908726	     -8.16469303	     46.23714071	      0.80699034	      5.27104690	      0.00000000	      0.00000000	     32.05703160	     -4.15979409	     -6.68410702	     42.46366639	      0.74113079	     12.95578697	      0.00000000	      0.00000000	      7.85424309	     -5.09844412	     -0.92362302
      1.22500000	    -15.72117476	      5.01940891	     -1.71314449	     -0.10981338	      0.98657811	     -0.54367868	     37.61053336	    -15.88401900	     -7.85010453	     47.45321911	      0.82821491	      6.89066514	      0.00000000	      0.00000000	     32.95342585	     -4.15292732	     -6.46675425	     43.81740398	      0.76475797	     14.43749852	      0.00000000	      0.00000000	      7.73822631	     -5.20571453	     -1.12336104
      1.23000000	    -15.89661627	      5.04150790	     -1.53936173	     -0.11158326	      0.97913141	     -0.54375127	     38.50402150	    -15.97286879	     -7.56666462	     48.73522722	      0.85059018	      8.54298795	      0.00000000	      0.00000000	     33.92686910	     -4.17194562	     -6.25728969	     45.24226093	      0.78962641	     15.87989781	      0.00000000	      0.00000000	      7.61410065	     -5.29720310	     -1.34962942
      1.23500000	    -16.06290432	      5.04444550	     -1.35109361	     -0.11338835	      0.97151354	     -0.54383706	     39.43032914	    -16.06456004	     -7.32050698	     50.07127353	      0.87390858	     10.22417454	      0.00000000	      0.00000000	     34.95831598	     -4.22104121	     -6.07099040	     46.72872584	      0.81557012	     17.25320775	      0.00000000	      0.00000000	      7.46934849	     -5.36899965	     -1.59554955
      1.24000000	    -16.20817758	      5.02853451	     -1.16368138	     -0.11520776	      0.96376991	     -0.54393201	     40.36908993	    -16.15132679	     -7.10531668	     51.44465977	      0.89787870	     11.88900912	      0.00000000	      0.00000000	     36.02028523	     -4.30368259	     -5.92174962	     48.25785276	      0.84225842	     18.53230110	      0.00000000	      0.00000000	      7.29501248	     -5.41734355	     -1.84543637
      1.24500000	    -16.32626112	      5.00267150	     -0.98491524	     -0.11702990	      0.95595046	     -0.54403408	     41.30600629	    -16.23659367	     -6.91545683	     52.84221086	      0.92227056	     13.50362160	      0.00000000	      0.00000000	     37.08853674	     -4.40708738	     -5.81387483	     49.81199280	      0.86938328	     19.70619268	      0.00000000	      0.00000000	      7.08821495	     -5.45024247	     -2.09074166
      1.25000000	    -16.41996757	      4.97368427	     -0.82495567	     -0.11884395	      0.94810553	     -0.54413330	     42.23300946	    -16.31596521	     -6.74102311	     54.24553287	      0.94676315	     15.04872040	      0.00000000	      0.00000000	     38.14866125	     -4.52618604	     -5.75328717	     51.37487025	      0.89666064	     20.77521759	      0.00000000	      0.00000000	      6.85720358	     -5.47390279	     -2.31931997
      1.25500000	    -16.49537089	      4.95503048	     -0.68938600	     -0.12065551	      0.94028037	     -0.54422558	     43.15399231	    -16.39551980	     -6.56995996	     55.64536979	      0.97119492	     16.51235960	      0.00000000	      0.00000000	     39.19495162	     -4.64634493	     -5.74532114	     52.93852702	      0.92395160	     21.75850270	      0.00000000	      0.00000000	      6.61063911	     -5.50223273	     -2.52385876
      1.26000000	    -16.56435021	      4.94907128	     -0.57434500	     -0.12247454	      0.93251310	     -0.54431379	     44.07551290	    -16.47728810	     -6.40463063	     57.03149157	      0.99538731	     17.89501701	      0.00000000	      0.00000000	     40.23871774	     -4.76479179	     -5.78474349	     54.50549954	      0.95130043	     22.67072373	      0.00000000	      0.00000000	      6.36238729	     -5.53866754	     -2.70661977
      1.26500000	    -16.63916387	      4.95596975	     -0.47171876	     -0.12431040	      0.92483884	     -0.54439954	     45.00413387	    -16.56399928	     -6.25142454	     58.39414239	      1.01917005	     19.20512971	      0.00000000	      0.00000000	     41.29310319	     -4.87975548	     -5.86608570	     56.07733695	      0.97873417	     23.52786714	      0.00000000	      0.00000000	      6.12769184	     -5.58648325	     -2.86816912
      1.27000000	    -16.73553475	      4.97321856	     -0.37626490	     -0.12617665	      0.91728861	     -0.54448177	     45.94916791	    -16.65053895	     -6.11128657	     59.71875112	      1.04228883	     20.45299699	      0.00000000	      0.00000000	     42.37505376	     -4.99425291	     -5.98267167	     57.64836034	      1.00615370	     24.33650991	      0.00000000	      0.00000000	      5.92293056	     -5.64425607	     -3.01385607
      1.27500000	    -16.86127198	      4.99698152	     -0.28376835	     -0.12807346	      0.90990591	     -0.54456245	     46.91155833	    -16.73242546	     -5.98534160	     60.99468067	      1.06455800	     21.64938218	      0.00000000	      0.00000000	     43.48485506	     -5.11115744	     -6.12737174	     59.20071360	      1.03324737	     25.10133299	      0.00000000	      0.00000000	      5.75576086	     -5.70780281	     -3.14791544
      1.28000000	    -17.02300286	      5.02104320	     -0.18576556	     -0.12998360	      0.90274217	     -0.54465037	     47.88441177	    -16.80676140	     -5.88159348	     62.20872040	      1.08574699	     22.79527741	      0.00000000	      0.00000000	     44.61708287	     -5.22854209	     -6.28592258	     60.70696614	      1.05953644	     25.81524559	      0.00000000	      0.00000000	      5.63517395	     -5.77208558	     -3.27931904
      1.28500000	    -17.22312047	      5.04832039	     -0.07906743	     -0.13189586	      0.89584623	     -0.54474449	     48.86217816	    -16.87356918	     -5.79217138	     63.35249093	      1.10570956	     23.88939113	      0.00000000	      0.00000000	     45.75732131	     -5.33518897	     -6.44974891	     62.13768955	      1.08450727	     26.47823167	      0.00000000	      0.00000000	      5.56438820	     -5.84184288	     -3.41103507
      1.29000000	    -17.46111052	      5.07941699	      0.03305330	     -0.13379282	      0.88926328	     -0.54484576	     49.83881819	    -16.92829396	     -5.70361123	     64.42179544	      1.12437244	     24.92055515	      0.00000000	      0.00000000	     46.88889705	     -5.42573489	     -6.61112611	     63.46651374	      1.10769963	     27.08678562	      0.00000000	      0.00000000	      5.54068175	     -5.91450052	     -3.55445505
      1.29500000	    -17.72873732	      5.11375177	      0.14673999	     -0.13565079	      0.88303615	     -0.54495427	     50.80296535	    -16.96719197	     -5.60109882	     65.41795421	      1.14175869	     25.86928651	      0.00000000	      0.00000000	     47.98809999	     -5.49749175	     -6.76353011	     64.67477330	      1.12878774	     27.64450564	      0.00000000	      0.00000000	      5.55721457	     -5.98879471	     -3.70374651
      1.30000000	    -18.01634164	      5.15477540	      0.25878728	     -0.13745648	      0.87718071	     -0.54506459	     51.75302173	    -16.99295903	     -5.46659048	     66.35502782	      1.15811371	     26.70657586	      0.00000000	      0.00000000	     49.03741097	     -5.54580180	     -6.90385492	     65.75828709	      1.14769862	     28.16487491	      0.00000000	      0.00000000	      5.60501376	     -6.06879683	     -3.85719004
      1.30500000	    -18.31274208	      5.20581130	      0.36613349	     -0.13920522	      0.87169740	     -0.54517635	     52.69329546	    -17.00988538	     -5.27945180	     67.25228261	      1.17377376	     27.41675024	      0.00000000	      0.00000000	     50.02271460	     -5.56760764	     -7.02676104	     66.72046404	      1.16449178	     28.65591460	      0.00000000	      0.00000000	      5.67176956	     -6.15761068	     -4.01075485
      1.31000000	    -18.60203865	      5.26699402	      0.46494404	     -0.14087873	      0.86659139	     -0.54529633	     53.62160529	    -17.02106548	     -5.02777734	     68.12650161	      1.18903176	     27.98770261	      0.00000000	      0.00000000	     50.92442257	     -5.56374954	     -7.12909396	     67.56373145	      1.17920957	     29.12249962	      0.00000000	      0.00000000	      5.74136256	     -6.25294539	     -4.16125361
      1.31500000	    -18.86759068	      5.33682736	      0.55797113	     -0.14245051	      0.86186552	     -0.54542793	     54.52978711	    -17.03312466	     -4.71519365	     68.99013267	      1.20410497	     28.41765476	      0.00000000	      0.00000000	     51.72566976	     -5.53485898	     -7.20755683	     68.29674568	      1.19200308	     29.56504684	      0.00000000	      0.00000000	      5.79847091	     -6.35346271	     -4.30743874
      1.32000000	    -19.09637684	      5.41218195	      0.64967024	     -0.14390125	      0.85752877	     -0.54558022	     55.40678925	    -17.05220277	     -4.35617338	     69.84548014	      1.21903360	     28.72749698	      0.00000000	      0.00000000	     52.41752268	     -5.47983360	     -7.25739783	     68.92671527	      1.20299812	     29.93104598	      0.00000000	      0.00000000	      5.82910706	     -6.45508704	     -4.45881940
      1.32500000	    -19.28399434	      5.48445553	      0.74298575	     -0.14519800	      0.85362008	     -0.54575037	     56.23036311	    -17.07172921	     -3.97334257	     70.66870899	      1.23340165	     28.94182690	      0.00000000	      0.00000000	     52.99709029	     -5.40953152	     -7.28392850	     69.44513055	      1.21204618	     29.98877787	      0.00000000	      0.00000000	      5.83101642	     -6.54905028	     -4.61645130
      1.33000000	    -19.42062079	      5.53419916	      0.82846417	     -0.14631734	      0.85015267	     -0.54595337	     56.96740635	    -17.07241196	     -3.60062979	     71.43564818	      1.24678726	     29.08637046	      0.00000000	      0.00000000	     53.46817362	     -5.34290158	     -7.28063599	     69.88814379	      1.21977822	     29.99392289	      0.00000000	      0.00000000	      5.79682769	     -6.60756253	     -4.77444552
      1.33500000	    -19.50742762	      5.54968511	      0.90363920	     -0.14724325	      0.84715101	     -0.54619199	     57.59401670	    -17.04768486	     -3.27306656	     72.12202431	      1.25876679	     29.17930221	      0.00000000	      0.00000000	     53.84442879	     -5.29325565	     -7.24780563	     70.27570252	      1.22654239	     29.99558821	      0.00000000	      0.00000000	      5.73097681	     -6.61607951	     -4.92924016
      1.34000000	    -19.54874712	      5.52586965	      0.96014834	     -0.14798226	      0.84464564	     -0.54645653	     58.09374723	    -16.98793543	     -3.00670547	     72.70255010	      1.26889887	     29.24652495	      0.00000000	      0.00000000	     54.14045426	     -5.27542097	     -7.19648778	     70.61874256	      1.23252957	     29.99635429	      0.00000000	      0.00000000	      5.64156563	     -6.57037810	     -5.06436476
      1.34500000	    -19.55468311	      5.46753227	      0.99626035	     -0.14853810	      0.84265969	     -0.54673408	     58.46230606	    -16.89797711	     -2.80942112	     73.16305017	      1.27693612	     29.29563377	      0.00000000	      0.00000000	     54.37156849	     -5.29364416	     -7.13993225	     70.92140264	      1.23781199	     29.99676458	      0.00000000	      0.00000000	      5.54174566	     -6.47798004	     -5.16901554
      1.35000000	    -19.53679220	      5.39239900	      1.01449390	     -0.14892892	      0.84121293	     -0.54701120	     58.70840442	    -16.79502146	     -2.67376562	     73.49912247	      1.28280168	     29.33367788	      0.00000000	      0.00000000	     54.54494919	     -5.33482504	     -7.08931012	     71.17586130	      1.24225313	     29.99698375	      0.00000000	      0.00000000	      5.44428104	     -6.36263725	     -5.23898101
      1.35500000	    -19.50480298	      5.32172833	      1.02149447	     -0.14916040	      0.84032536	     -0.54727848	     58.84308999	    -16.70508831	     -2.59039873	     73.71189533	      1.28651527	     29.35928410	      0.00000000	      0.00000000	     54.65937971	     -5.38022519	     -7.05710426	     71.36667302	      1.24558342	     29.99709762	      0.00000000	      0.00000000	      5.35961259	     -6.25271215	     -5.27411730
      1.36000000	    -19.46611913	      5.27482440	      1.01971966	     -0.14923936	      0.84001543	     -0.54752361	     58.87620335	    -16.64443458	     -2.54372523	     73.79852498	      1.28802724	     29.37415183	      0.00000000	      0.00000000	     54.70512091	     -5.41438263	     -7.05664873	     71.47144806	      1.24741209	     29.99715759	      0.00000000	      0.00000000	      5.29541252	     -6.17334535	     -5.27136110
      1.36500000	    -19.42637805	      5.27057129	      1.01694870	     -0.14915982	      0.84028130	     -0.54774240	     58.81826202	    -16.63576687	     -2.52629461	     73.76255663	      1.28739948	     29.36710203	      0.00000000	      0.00000000	     54.66892462	     -5.41585116	     -7.09413734	     71.46824017	      1.24735610	     29.99718097	      0.00000000	      0.00000000	      5.25769511	     -6.14822690	     -5.23658082
      1.37000000	    -19.38459322	      5.31876583	      1.01435755	     -0.14892131	      0.84112151	     -0.54793686	     58.67276678	    -16.68725096	     -2.53219845	     73.60591931	      1.28466564	     29.32980873	      0.00000000	      0.00000000	     54.53320801	     -5.37201856	     -7.17457601	     71.33469317	      1.24502527	     29.99716869	      0.00000000	      0.00000000	      5.24516955	     -6.18878983	     -5.17092988
      1.37500000	    -19.33839417	      5.41624214	      1.00998614	     -0.14852052	      0.84251150	     -0.54811207	     58.44280930	    -16.79659959	     -2.56273421	     73.33380114	      1.27991628	     29.25788462	      0.00000000	      0.00000000	     54.29091615	     -5.28406247	     -7.29568775	     71.06548607	      1.24032672	     29.99711767	      0.00000000	      0.00000000	      5.25647858	     -6.29101893	     -5.07287746
      1.38000000	    -19.28513921	      5.55304298	      0.99999467	     -0.14796133	      0.84441515	     -0.54827719	     58.13122577	    -16.95330038	     -2.62011811	     72.95170333	      1.27324742	     29.14803963	      0.00000000	      0.00000000	     53.94155148	     -5.16021211	     -7.45170559	     70.66105242	      1.23326802	     29.99700309	      0.00000000	      0.00000000	      5.28895857	     -6.44080866	     -4.94335937
      1.38500000	    -19.22244257	      5.71458370	      0.98369884	     -0.14724982	      0.84678591	     -0.54844067	     57.74210645	    -17.14522729	     -2.70979916	     72.47226539	      1.26487965	     29.00190448	      0.00000000	      0.00000000	     53.49384862	     -5.01056603	     -7.63113854	     70.13250012	      1.22404304	     29.99678664	      0.00000000	      0.00000000	      5.33917111	     -6.61946571	     -4.78936551
      1.39000000	    -19.15061893	      5.88106149	      0.95571987	     -0.14639981	      0.84958738	     -0.54861108	     57.27979048	    -17.34962752	     -2.83449265	     71.90360068	      1.25495458	     28.82089889	      0.00000000	      0.00000000	     52.96242404	     -4.85440193	     -7.82408952	     69.49499110	      1.21291641	     29.99640083	      0.00000000	      0.00000000	      5.40595741	     -6.80035820	     -4.61377876
      1.39500000	    -19.07374262	      6.03650442	      0.91489215	     -0.14542457	      0.85277743	     -0.54879385	     56.75283600	    -17.55180712	     -2.99791184	     71.25322249	      1.24360334	     28.60785727	      0.00000000	      0.00000000	     52.36604143	     -4.70699853	     -8.02238601	     68.76945965	      1.20025350	     29.99573907	      0.00000000	      0.00000000	      5.49238789	     -6.96340359	     -4.42442535
      1.40000000	    -18.99514004	      6.16827062	      0.85762860	     -0.14433882	      0.85632841	     -0.54898034	     56.16676814	    -17.73304790	     -3.20063858	     70.52625033	      1.23091528	     28.35897081	      0.00000000	      0.00000000	     51.71984421	     -4.58765419	     -8.22820470	     67.97275545	      1.18634838	     29.99458466	      0.00000000	      0.00000000	      5.59941993	     -7.09129750	     -4.22691341
      1.40500000	    -18.91785619	      6.26595472	      0.77975976	     -0.14315431	      0.86022425	     -0.54916298	     55.52836706	    -17.87727662	     -3.44211060	     69.72928065	      1.21700553	     28.07094681	      0.00000000	      0.00000000	     51.03427748	     -4.51314950	     -8.44533090	     67.11903029	      1.17144807	     29.99231787	      0.00000000	      0.00000000	      5.72985299	     -7.17143769	     -4.02017132
      1.41000000	    -18.84489795	      6.32481997	      0.67526432	     -0.14188701	      0.86445792	     -0.54933938	     54.84305060	    -17.97247721	     -3.71813919	     68.86107956	      1.20185256	     27.73930830	      0.00000000	      0.00000000	     50.31500339	     -4.49367712	     -8.68024061	     66.21548807	      1.15567828	     29.98631814	      0.00000000	      0.00000000	      5.88592095	     -7.19715715	     -3.79855369
      1.41500000	    -18.77398249	      6.34584178	      0.54564741	     -0.14053971	      0.86902726	     -0.54951329	     54.11175891	    -18.02202297	     -4.03126661	     67.92561835	      1.18552569	     27.35327170	      0.00000000	      0.00000000	     49.55727851	     -4.52563682	     -8.93777732	     65.25813770	      1.13896937	     29.94939536	      0.00000000	      0.00000000	      6.06319447	     -7.16880644	     -3.57388205
      1.42000000	    -18.70396719	      6.33048737	      0.38863444	     -0.13911938	      0.87394601	     -0.54967330	     53.33411739	    -18.01981836	     -4.37280866	     66.92179921	      1.16800574	     26.90502742	      0.00000000	      0.00000000	     48.75449939	     -4.61026982	     -9.22611562	     64.22835595	      1.12099628	     29.72584089	      0.00000000	      0.00000000	      6.25905164	     -7.08916290	     -3.34219401
      1.42500000	    -18.63052467	      6.28016093	      0.20207001	     -0.13763136	      0.87920442	     -0.54983546	     52.51218567	    -17.96816894	     -4.73870634	     65.85740426	      1.14942854	     26.39102781	      0.00000000	      0.00000000	     47.90121383	     -4.73894238	     -9.54176386	     63.12664654	      1.10176783	     29.39974299	      0.00000000	      0.00000000	      6.46780575	     -6.95795570	     -3.09923620
      1.43000000	    -18.54984655	      6.19567933	     -0.00797978	     -0.13608228	      0.88479086	     -0.55001097	     51.64422626	    -17.87373749	     -5.13155183	     64.73730409	      1.12987911	     25.80588957	      0.00000000	      0.00000000	     46.99842023	     -4.90086803	     -9.87396364	     61.95993892	      1.08140494	     29.01607413	      0.00000000	      0.00000000	      6.68284810	     -6.77639517	     -2.85118053
      1.43500000	    -18.45687051	      6.08082415	     -0.23548661	     -0.13447123	      0.89068943	     -0.55019981	     50.73105292	    -17.74521626	     -5.55141555	     63.57271774	      1.10955324	     25.14297449	      0.00000000	      0.00000000	     46.04473284	     -5.08728122	    -10.21720505	     60.73150292	      1.05996469	     28.56866087	      0.00000000	      0.00000000	      6.89614904	     -6.55062339	     -2.60357430
      1.44000000	    -18.35227285	      5.94038958	     -0.47652178	     -0.13280862	      0.89688326	     -0.55039840	     49.77959394	    -17.58610422	     -5.98698650	     62.37026301	      1.08856644	     24.40265652	      0.00000000	      0.00000000	     45.04834696	     -5.28860228	    -10.56486921	     59.44901402	      1.03758103	     28.05207705	      0.00000000	      0.00000000	      7.10763388	     -6.28900143	     -2.34538132
      1.44500000	    -18.23081597	      5.78134356	     -0.72212138	     -0.13109453	      0.90335869	     -0.55061135	     48.78983681	    -17.40961093	     -6.44056181	     61.13858430	      1.06706960	     23.57917477	      0.00000000	      0.00000000	     44.01013828	     -5.49074157	    -10.90823712	     58.11888724	      1.01436594	     27.45998930	      0.00000000	      0.00000000	      7.30871127	     -6.00136419	     -2.08569023
      1.45000000	    -18.08922042	      5.60649603	     -0.96162351	     -0.12933273	      0.91009633	     -0.55083655	     47.76119901	    -17.22530367	     -6.91588334	     59.88259482	      1.04514844	     22.66812556	      0.00000000	      0.00000000	     42.93728223	     -5.68398073	    -11.23239728	     56.75396679	      0.99054358	     26.78653092	      0.00000000	      0.00000000	      7.49299506	     -5.69521531	     -1.83403025
      1.45500000	    -17.92380246	      5.42593443	     -1.19293369	     -0.12752621	      0.91707614	     -0.55106663	     46.69822093	    -17.04255106	     -7.40411731	     58.61091229	      1.02295340	     21.66464745	      0.00000000	      0.00000000	     41.83057296	     -5.85897169	    -11.53659463	     55.35947123	      0.96620505	     26.03000708	      0.00000000	      0.00000000	      7.65274990	     -5.38368564	     -1.59368980
      1.46000000	    -17.73450347	      5.24528460	     -1.41150611	     -0.12568080	      0.92427828	     -0.55130593	     45.60363832	    -16.86829457	     -7.90036649	     57.32435886	      1.00049880	     20.56836378	      0.00000000	      0.00000000	     40.69517048	     -6.00321217	    -11.81122146	     53.93809156	      0.94139729	     25.18700533	      0.00000000	      0.00000000	      7.78622083	     -5.07436085	     -1.36786657
      1.46500000	    -17.51665984	      5.06735485	     -1.61570223	     -0.12379655	      0.93167918	     -0.55155410	     44.47516146	    -16.70681389	     -8.40681912	     56.02554233	      0.97783018	     19.38167306	      0.00000000	      0.00000000	     39.53114312	     -6.11525704	    -12.05299148	     52.49529863	      0.91621580	     24.25855167	      0.00000000	      0.00000000	      7.88629683	     -4.77068270	     -1.16302276
      1.47000000	    -17.27191189	      4.89765216	     -1.80320043	     -0.12187813	      0.93924497	     -0.55180714	     43.31964954	    -16.56574746	     -8.92066594	     54.71795941	      0.95500855	     18.11270902	      0.00000000	      0.00000000	     38.34379818	     -6.18779660	    -12.25718443	     51.03513644	      0.89073117	     23.24885502	      0.00000000	      0.00000000	      7.95359379	     -4.48075568	     -0.97939444
      1.47500000	    -17.00137077	      4.73941409	     -1.98096786	     -0.11993070	      0.94694334	     -0.55205976	     42.14203267	    -16.44142296	     -9.43252523	     53.40128523	      0.93202825	     16.76417645	      0.00000000	      0.00000000	     37.13525872	     -6.22376198	    -12.42906230	     49.55780994	      0.86494695	     22.15606184	      0.00000000	      0.00000000	      7.98890873	     -4.20644452	     -0.80916933
      1.48000000	    -16.70818361	      4.59021662	     -2.14707453	     -0.11796230	      0.95474079	     -0.55231412	     40.94514070	    -16.33117831	     -9.94302677	     52.07308754	      0.90884683	     15.33899128	      0.00000000	      0.00000000	     35.91305800	     -6.22344406	    -12.56143687	     48.06769790	      0.83893959	     20.98382375	      0.00000000	      0.00000000	      7.99545072	     -3.94578324	     -0.65158525
      1.48500000	    -16.39426591	      4.44640011	     -2.30605803	     -0.11598188	      0.96260011	     -0.55256276	     39.73354101	    -16.22610718	    -10.44893116	     50.73443473	      0.88548293	     13.84293975	      0.00000000	      0.00000000	     34.68109181	     -6.19969262	    -12.65985597	     46.56953588	      0.81279173	     19.73880496	      0.00000000	      0.00000000	      7.97418900	     -3.69391113	     -0.50263013
      1.49000000	    -16.06298995	      4.30666755	     -2.46008498	     -0.11400447	      0.97048643	     -0.55280200	     38.51375386	    -16.12090065	    -10.94629251	     49.38568008	      0.86194272	     12.27610176	      0.00000000	      0.00000000	     33.44421105	     -6.15669649	    -12.72506377	     45.06703541	      0.78656815	     18.42283927	      0.00000000	      0.00000000	      7.92635314	     -3.44918294	     -0.35899270
      1.49500000	    -15.71600527	      4.16594362	     -2.61234331	     -0.11203756	      0.97836891	     -0.55302893	     37.28561890	    -16.00462801	    -11.43292144	     48.02345191	      0.83816735	     10.63685733	      0.00000000	      0.00000000	     32.20662587	     -6.10719982	    -12.76653202	     43.56654507	      0.76037966	     17.04302911	      0.00000000	      0.00000000	      7.85275887	     -3.20506790	     -0.21664995
      1.50000000	    -15.35565678	      4.02086234	     -2.76060825	     -0.11008755	      0.98621347	     -0.55324482	     36.05344247	    -15.87543665	    -11.91343412	     46.65285291	      0.81424589	      8.93006379	      0.00000000	      0.00000000	     30.97266030	     -6.05634828	    -12.78946561	     42.07301214	      0.73431259	     15.61747633	      0.00000000	      0.00000000	      7.75464116	     -2.95868845	     -0.07700600
      1.50500000	    -14.98096628	      3.86819060	     -2.90824038	     -0.10816000	      0.99398817	     -0.55344983	     34.81948527	    -15.72922426	    -12.38968627	     45.27747942	      0.79024109	      7.16935579	      0.00000000	      0.00000000	     29.74197714	     -6.01397990	    -12.80665370	     40.58982555	      0.70842610	     14.14850565	      0.00000000	      0.00000000	      7.62925329	     -2.70508071	      0.06336314
      1.51000000	    -14.59531909	      3.71162367	     -3.05281239	     -0.10626200	      1.00165865	     -0.55364508	     33.59113360	    -15.57181941	    -12.86398780	     43.90394030	      0.76626831	      5.36343948	      0.00000000	      0.00000000	     28.52095788	     -5.97732331	    -12.82749743	     39.12362539	      0.68283608	     12.64611836	      0.00000000	      0.00000000	      7.47978852	     -2.44946090	      0.20397354
      1.51500000	    -14.20134974	      3.55197543	     -3.19286928	     -0.10439813	      1.00918686	     -0.55382872	     32.37540587	    -15.40523364	    -13.33615097	     42.54253153	      0.74250725	      3.52657434	      0.00000000	      0.00000000	     27.31553364	     -5.94911038	    -12.86200543	     37.68078150	      0.65765370	     11.11800314	      0.00000000	      0.00000000	      7.30873681	     -2.19356104	      0.34395562
      1.52000000	    -13.81069964	      3.39625279	     -3.32802018	     -0.10259011	      1.01652905	     -0.55399746	     31.19651494	    -15.23598318	    -13.79648811	     41.20989492	      0.71924835	      1.68320328	      0.00000000	      0.00000000	     26.14187445	     -5.92238751	    -12.91212291	     36.26684297	      0.63297582	      9.57081166	      0.00000000	      0.00000000	      7.12787627	     -1.94567371	      0.48436465
      1.52500000	    -13.42975609	      3.25129703	     -3.45867750	     -0.10085469	      1.02364823	     -0.55414472	     30.06915971	    -15.07026594	    -14.23480974	     39.91779668	      0.69669698	     -0.13887017	      0.00000000	      0.00000000	     25.01060251	     -5.89337046	    -12.98429697	     34.88940360	      0.60893497	      8.00844654	      0.00000000	      0.00000000	      6.94367130	     -1.71446892	      0.62566794
      1.53000000	    -13.07058528	      3.12870806	     -3.58653472	     -0.09920892	      1.03050432	     -0.55425722	     29.01520936	    -14.91610029	    -14.63254633	     38.67976593	      0.67508927	     -1.90439133	      0.00000000	      0.00000000	     23.93682118	     -5.85191946	    -13.08141123	     33.55277298	      0.58560636	      6.43909805	      0.00000000	      0.00000000	      6.76981317	     -1.51392880	      0.77029061
      1.53500000	    -12.74162901	      3.03665540	     -3.71330093	     -0.09767134	      1.03706055	     -0.55432396	     28.05318067	    -14.77985115	    -14.97323498	     37.51249469	      0.65471654	     -3.57375487	      0.00000000	      0.00000000	     22.93160237	     -5.79109364	    -13.20156814	     32.26040324	      0.56305025	      4.87054202	      0.00000000	      0.00000000	      6.61537940	     -1.35469230	      0.91824307
      1.54000000	    -12.45218592	      2.98451992	     -3.83917605	     -0.09626028	      1.04329052	     -0.55434142	     27.19949283	    -14.67037757	    -15.24354457	     36.42771598	      0.63578358	     -5.09745917	      0.00000000	      0.00000000	     22.00663521	     -5.69946377	    -13.33719117	     31.01479183	      0.54131023	      3.32502262	      0.00000000	      0.00000000	      6.49013370	     -1.24803318	      1.07014265
      1.54500000	    -12.20033703	      2.98111751	     -3.96116245	     -0.09497905	      1.04917024	     -0.55430522	     26.45506035	    -14.60073116	    -15.44135545	     35.43878333	      0.61852345	     -6.43118845	      0.00000000	      0.00000000	     21.16102990	     -5.56761669	    -13.48383911	     29.81954182	      0.52044919	      1.82843620	      0.00000000	      0.00000000	      6.39237423	     -1.20606885	      1.22227159
      1.55000000	    -11.99289359	      3.02934822	     -4.07838311	     -0.09384013	      1.05467452	     -0.55421646	     25.83251624	    -14.57439793	    -15.56047063	     34.56136307	      0.60320958	     -7.53402938	      0.00000000	      0.00000000	     20.40732706	     -5.39276767	    -13.63232146	     28.68663370	      0.50067621	      0.42764465	      0.00000000	      0.00000000	      6.32918420	     -1.23212307	      1.37190061
      1.55500000	    -11.82649862	      3.12676533	     -4.18467806	     -0.09284956	      1.05978688	     -0.55408824	     25.33183082	    -14.59681244	    -15.61088847	     33.81450496	      0.59017445	     -8.37554277	      0.00000000	      0.00000000	     19.74776425	     -5.17547336	    -13.77110156	     27.62917608	      0.48222009	     -0.81243954	      0.00000000	      0.00000000	      6.29579862	     -1.32469383	      1.51043194
      1.56000000	    -11.69874622	      3.26583234	     -4.27638797	     -0.09200744	      1.06449193	     -0.55393427	     24.94996231	    -14.66600900	    -15.60321589	     33.20867390	      0.57960070	     -8.94172982	      0.00000000	      0.00000000	     19.18682432	     -4.92417246	    -13.89453768	     26.66621653	      0.46541328	     -1.82101691	      0.00000000	      0.00000000	      6.28818764	     -1.47427613	      1.63394890
      1.56500000	    -11.60110879	      3.43355587	     -4.35363064	     -0.09130656	      1.06878759	     -0.55376593	     24.67561095	    -14.77241293	    -15.54823132	     32.74969552	      0.57159002	     -9.23782608	      0.00000000	      0.00000000	     18.72009169	     -4.65682100	    -14.00815575	     25.81758550	      0.45060187	     -2.53744868	      0.00000000	      0.00000000	      6.29623753	     -1.66493211	      1.73755917
      1.57000000	    -11.53262990	      3.61354504	     -4.41638721	     -0.09074357	      1.07267873	     -0.55359928	     24.50131443	    -14.89926179	    -15.45161483	     32.43153538	      0.56603707	     -9.28761594	      0.00000000	      0.00000000	     18.35012509	     -4.39031357	    -14.10781163	     25.09807931	      0.43804412	     -2.91894040	      0.00000000	      0.00000000	      6.31735154	     -1.87597518	      1.81791538
      1.57500000	    -11.48407604	      3.79220297	     -4.46241984	     -0.09030545	      1.07618119	     -0.55345115	     24.40598818	    -15.03547642	    -15.32634983	     32.24093338	      0.56271044	     -9.12619256	      0.00000000	      0.00000000	     18.06328272	     -4.13616415	    -14.18837869	     24.50664786	      0.42772169	     -2.97505956	      0.00000000	      0.00000000	      6.34034968	     -2.09076733	      1.86935469
      1.58000000	    -11.44923252	      3.95747930	     -4.49331510	     -0.08998211	      1.07932187	     -0.55332998	     24.36887886	    -15.16525069	    -15.17565570	     32.15160501	      0.56115137	     -8.80777105	      0.00000000	      0.00000000	     17.84899453	     -3.90566752	    -14.24883219	     24.04166535	      0.41960622	     -2.75193189	      0.00000000	      0.00000000	      6.35733732	     -2.29375841	      1.89203849
      1.58500000	    -11.42163689	      4.10251926	     -4.51029369	     -0.08976209	      1.08213780	     -0.55324303	     24.37028927	    -15.27871350	    -15.00348332	     32.13875943	      0.56092717	     -8.38407216	      0.00000000	      0.00000000	     17.69344734	     -3.70318619	    -14.28562333	     23.69072076	      0.41348108	     -2.33226315	      0.00000000	      0.00000000	      6.36101289	     -2.47595032	      1.88502255
      1.59000000	    -11.39879615	      4.22866456	     -4.51230029	     -0.08963550	      1.08465305	     -0.55319190	     24.39795793	    -15.37606054	    -14.81410324	     32.18214423	      0.56168438	     -7.90878581	      0.00000000	      0.00000000	     17.58928728	     -3.52325190	    -14.29276348	     23.43982370	      0.40910210	     -1.81010572	      0.00000000	      0.00000000	      6.34921440	     -2.63859609	      1.84817771
      1.59500000	    -11.37266063	      4.33646676	     -4.50197045	     -0.08959424	      1.08689751	     -0.55317485	     24.43647766	    -15.45731318	    -14.61150930	     32.26475386	      0.56312619	     -7.42365290	      0.00000000	      0.00000000	     17.52354783	     -3.36506003	    -14.27512392	     23.27796876	      0.40627720	     -1.26948367	      0.00000000	      0.00000000	      6.31317252	     -2.78196514	      1.78587052
      1.60000000	    -11.34660672	      4.42894314	     -4.48300764	     -0.08963924	      1.08888670	     -0.55318520	     24.48562795	    -15.52227372	    -14.39256260	     32.37130102	      0.56498579	     -6.96910549	      0.00000000	      0.00000000	     17.49785685	     -3.22618362	    -14.23321745	     23.19659249	      0.40485691	     -0.76325405	      0.00000000	      0.00000000	      6.25712852	     -2.90801572	      1.70429502
      1.60500000	    -11.32129722	      4.51045445	     -4.45658089	     -0.08976572	      1.09063472	     -0.55321922	     24.54259444	    -15.57493822	    -14.16006140	     32.49055667	      0.56706719	     -6.56889314	      0.00000000	      0.00000000	     17.50719402	     -3.10075091	    -14.16393974	     23.18103841	      0.40458544	     -0.31795421	      0.00000000	      0.00000000	      6.18274489	     -3.02110266	      1.60719125
      1.61000000	    -11.30488292	      4.58629580	     -4.42301419	     -0.08998065	      1.09213649	     -0.55327125	     24.61688087	    -15.62034983	    -13.91219989	     32.61749742	      0.56928272	     -6.23465667	      0.00000000	      0.00000000	     17.55915815	     -2.98318862	    -14.06382221	     23.22584815	      0.40536752	      0.06920915	      0.00000000	      0.00000000	      6.09999418	     -3.12656077	      1.49812407
      1.61500000	    -11.30236602	      4.66057353	     -4.38312091	     -0.09029028	      1.09339674	     -0.55333725	     24.71261504	    -15.66150986	    -13.64708445	     32.74223046	      0.57145973	     -5.97096035	      0.00000000	      0.00000000	     17.65300063	     -2.86780074	    -13.92729140	     23.31768614	      0.40697040	      0.41162533	      0.00000000	      0.00000000	      6.01525499	     -3.22852934	      1.38149073
      1.62000000	    -11.32369737	      4.73387858	     -4.33397745	     -0.09070440	      1.09440760	     -0.55341765	     24.83911468	    -15.69887500	    -13.36654814	     32.85918607	      0.57350099	     -5.77890584	      0.00000000	      0.00000000	     17.79414551	     -2.75069194	    -13.74013123	     23.44246101	      0.40914813	      0.72183544	      0.00000000	      0.00000000	      5.94034153	     -3.32734410	      1.25768768
      1.62500000	    -11.37103164	      4.80711077	     -4.27192339	     -0.09121648	      1.09516769	     -0.55351142	     24.99791992	    -15.73614626	    -13.08114177	     32.96765163	      0.57539407	     -5.65071448	      0.00000000	      0.00000000	     17.98083190	     -2.63015511	    -13.50298334	     23.59229909	      0.41176330	      1.00842685	      0.00000000	      0.00000000	      5.88001398	     -3.42487803	      1.12594971
      1.63000000	    -11.44944323	      4.88241997	     -4.19802758	     -0.09182847	      1.09566873	     -0.55361344	     25.19716259	    -15.77562283	    -12.79002341	     33.06799101	      0.57714532	     -5.58159366	      0.00000000	      0.00000000	     18.21761675	     -2.50566370	    -13.22413211	     23.76343981	      0.41475027	      1.26846494	      0.00000000	      0.00000000	      5.84235961	     -3.52373567	      0.99119646
      1.63500000	    -11.55535228	      4.95665813	     -4.11098578	     -0.09253382	      1.09590904	     -0.55372660	     25.43251571	    -15.81715949	    -12.50402941	     33.16069637	      0.57876333	     -5.56805685	      0.00000000	      0.00000000	     18.49796824	     -2.38090847	    -12.91187703	     23.95003951	      0.41800705	      1.49093922	      0.00000000	      0.00000000	      5.82351016	     -3.62070142	      0.85300367
      1.64000000	    -11.68581016	      5.02788713	     -4.01430277	     -0.09332088	      1.09588481	     -0.55384457	     25.70294431	    -15.85951861	    -12.22695217	     33.24936488	      0.58031089	     -5.60277080	      0.00000000	      0.00000000	     18.81720428	     -2.26099516	    -12.58418449	     24.14897500	      0.42147912	      1.66311164	      0.00000000	      0.00000000	      5.82044889	     -3.71294466	      0.71472511
      1.64500000	    -11.83689476	      5.09322659	     -3.91087856	     -0.09418206	      1.09559190	     -0.55396689	     26.00679299	    -15.90122028	    -11.96269669	     33.33873055	      0.58187062	     -5.68070587	      0.00000000	      0.00000000	     19.17507597	     -2.15493776	    -12.26402231	     24.36892028	      0.42531789	      1.77683175	      0.00000000	      0.00000000	      5.82862259	     -3.79624664	      0.57970043
      1.65000000	    -12.00754136	      5.15388062	     -3.80550169	     -0.09511529	      1.09502064	     -0.55409106	     26.34832146	    -15.94345640	    -11.70736178	     33.43603232	      0.58356885	     -5.79467189	      0.00000000	      0.00000000	     19.57063124	     -2.06340469	    -11.96424788	     24.60868696	      0.42950261	      1.82882524	      0.00000000	      0.00000000	      5.84637396	     -3.87080873	      0.45257533
      1.65500000	    -12.19223374	      5.20509382	     -3.70101781	     -0.09611418	      1.09417282	     -0.55422029	     26.72243901	    -15.98171370	    -11.46362677	     33.54451580	      0.58546225	     -5.93360918	      0.00000000	      0.00000000	     19.99661578	     -1.99269650	    -11.69292139	     24.86685385	      0.43400847	      1.81803655	      0.00000000	      0.00000000	      5.86593037	     -3.92994582	      0.33361265
      1.66000000	    -12.38417757	      5.24495083	     -3.60336351	     -0.09716883	      1.09305215	     -0.55435089	     27.12364112	    -16.01270809	    -11.23035270	     33.66755297	      0.58760965	     -6.08460843	      0.00000000	      0.00000000	     20.44333698	     -1.94658049	    -11.46020184	     25.14009814	      0.43877749	      1.75292862	      0.00000000	      0.00000000	      5.88138132	     -3.97123835	      0.22839045
      1.66500000	    -12.58085883	      5.27039447	     -3.51345462	     -0.09827728	      1.09165897	     -0.55448755	     27.54964057	    -16.03338546	    -11.00785837	     33.80953355	      0.59008768	     -6.23546607	      0.00000000	      0.00000000	     20.90982631	     -1.92856040	    -11.26709382	     25.43375567	      0.44390278	      1.64538149	      0.00000000	      0.00000000	      5.89151094	     -3.99112166	      0.13720471
      1.67000000	    -12.77692633	      5.28330039	     -3.43645170	     -0.09942400	      1.08999969	     -0.55462414	     27.99484971	    -16.04338698	    -10.79302652	     33.97083033	      0.59290284	     -6.36951626	      0.00000000	      0.00000000	     21.38368232	     -1.93526196	    -11.11199819	     25.73901082	      0.44923049	      1.50157676	      0.00000000	      0.00000000	      5.89351335	     -3.99227078	      0.06381784
      1.67500000	    -12.96667002	      5.28139119	     -3.37515490	     -0.10060373	      1.08808244	     -0.55475987	     28.45086209	    -16.03848796	    -10.58564977	     34.15028495	      0.59603491	     -6.47451900	      0.00000000	      0.00000000	     21.85789057	     -1.96980552	    -10.99459250	     26.05900694	      0.45481547	      1.32637177	      0.00000000	      0.00000000	      5.88189497	     -3.97221266	      0.00880031
      1.68000000	    -13.14686433	      5.26883850	     -3.33454849	     -0.10180414	      1.08591043	     -0.55488658	     28.91555686	    -16.02043455	    -10.37962356	     34.35090836	      0.59953645	     -6.53431356	      0.00000000	      0.00000000	     22.32555860	     -2.02832591	    -10.91741223	     26.39247075	      0.46063551	      1.13297939	      0.00000000	      0.00000000	      5.85548412	     -3.93565745	     -0.02488921
      1.68500000	    -13.32078528	      5.24855064	     -3.31601606	     -0.10302123	      1.08348080	     -0.55500138	     29.39340895	    -15.99036830	    -10.16799894	     34.57665613	      0.60347649	     -6.53526596	      0.00000000	      0.00000000	     22.79092988	     -2.10842086	    -10.87625314	     26.74513480	      0.46679066	      0.92762941	      0.00000000	      0.00000000	      5.81795357	     -3.88548850	     -0.03660343
      1.69000000	    -13.48725906	      5.22292323	     -3.32268955	     -0.10424743	      1.08079714	     -0.55510049	     29.88088442	    -15.94727913	     -9.94418438	     34.82322324	      0.60777990	     -6.46582025	      0.00000000	      0.00000000	     23.24791609	     -2.20719179	    -10.86713965	     27.11211381	      0.47319565	      0.71445622	      0.00000000	      0.00000000	      5.76654995	     -3.82354205	     -0.03325092
      1.69500000	    -13.64484685	      5.19631634	     -3.35182070	     -0.10548603	      1.07785886	     -0.55518567	     30.37726464	    -15.89680946	     -9.70686342	     35.09618150	      0.61254392	     -6.31919136	      0.00000000	      0.00000000	     23.69620570	     -2.31814395	    -10.88449755	     27.49694265	      0.47991218	      0.51432323	      0.00000000	      0.00000000	      5.69712963	     -3.75502918	     -0.01845246
      1.70000000	    -13.79887006	      5.16789624	     -3.40232910	     -0.10672857	      1.07466297	     -0.55525436	     30.88399910	    -15.83585964	     -9.45251506	     35.39203792	      0.61770759	     -6.09577790	      0.00000000	      0.00000000	     24.14143682	     -2.44253324	    -10.92339525	     27.90313137	      0.48700151	      0.34561232	      0.00000000	      0.00000000	      5.61642123	     -3.67916793	      0.00465647
      1.70500000	    -13.95112929	      5.13948440	     -3.46872135	     -0.10797845	      1.07120361	     -0.55531558	     31.40172031	    -15.76853601	     -9.18420046	     35.71301980	      0.62330978	     -5.80992896	      0.00000000	      0.00000000	     24.58721934	     -2.57436630	    -10.97074557	     28.33161013	      0.49447988	      0.20950462	      0.00000000	      0.00000000	      5.52684358	     -3.59951729	      0.03078012
      1.71000000	    -14.10109968	      5.11403184	     -3.54576639	     -0.10923208	      1.06748169	     -0.55536954	     31.92695058	    -15.69934384	     -8.90492188	     36.05765512	      0.62932480	     -5.48704433	      0.00000000	      0.00000000	     25.03338960	     -2.70758339	    -11.01851771	     28.78364981	      0.50236946	      0.11475124	      0.00000000	      0.00000000	      5.42992839	     -3.52224369	      0.05308802
      1.71500000	    -14.24858022	      5.09580244	     -3.62696854	     -0.11048882	      1.06349005	     -0.55542192	     32.46348592	    -15.63822412	     -8.62289319	     36.43896751	      0.63597996	     -5.15939325	      0.00000000	      0.00000000	     25.48475930	     -2.83534963	    -11.06068930	     29.26778597	      0.51081923	      0.07359953	      0.00000000	      0.00000000	      5.32915554	     -3.45523335	      0.08078473
      1.72000000	    -14.39716317	      5.08451531	     -3.70442452	     -0.11174738	      1.05922142	     -0.55547736	     33.01275633	    -15.58810091	     -8.34592030	     36.85738183	      0.64328267	     -4.86679220	      0.00000000	      0.00000000	     25.95025442	     -2.95587475	    -11.08487952	     29.79634799	      0.52004438	      0.13789476	      0.00000000	      0.00000000	      5.23071507	     -3.40121450	      0.10428167
      1.72500000	    -14.54717483	      5.08635087	     -3.76807073	     -0.11301417	      1.05466497	     -0.55554502	     33.58083006	    -15.56249094	     -8.08341992	     37.32704878	      0.65147990	     -4.64468570	      0.00000000	      0.00000000	     26.43450439	     -3.05710170	    -11.07479808	     30.37538263	      0.53015044	      0.38225258	      0.00000000	      0.00000000	      5.13558297	     -3.37014423	      0.11593991
      1.73000000	    -14.69741968	      5.10500038	     -3.81299202	     -0.11428272	      1.04982044	     -0.55562493	     34.16899699	    -15.56906635	     -7.84004983	     37.85616872	      0.66071479	     -4.51692602	      0.00000000	      0.00000000	     26.93872622	     -3.13545886	    -11.02897414	     31.01520341	      0.54131742	      0.87569844	      0.00000000	      0.00000000	      5.04227578	     -3.36718889	      0.10976202
      1.73500000	    -14.84589888	      5.14376985	     -3.83846578	     -0.11555582	      1.04468220	     -0.55571161	     34.78199544	    -15.61155508	     -7.61205384	     38.45857228	      0.67122871	     -4.46241140	      0.00000000	      0.00000000	     27.46665206	     -3.18976508	    -10.95331430	     31.73381611	      0.55385958	      1.66982471	      0.00000000	      0.00000000	      4.94735648	     -3.39699668	      0.08515870
      1.74000000	    -14.99386332	      5.20235475	     -3.84485560	     -0.11683887	      1.03924581	     -0.55579354	     35.42314632	    -15.68549730	     -7.38818424	     39.14213365	      0.68315911	     -4.39283301	      0.00000000	      0.00000000	     28.02128483	     -3.22158634	    -10.84774042	     32.54104509	      0.56794838	      2.79237354	      0.00000000	      0.00000000	      4.85054828	     -3.45988605	      0.03541505
      1.74500000	    -15.13854400	      5.28365436	     -3.84109566	     -0.11813261	      1.03351936	     -0.55585039	     36.09432261	    -15.78523137	     -7.14366902	     39.91614254	      0.69666811	     -4.17643977	      0.00000000	      0.00000000	     28.59736208	     -3.23307594	    -10.72888961	     33.43382899	      0.58353040	      4.16848900	      0.00000000	      0.00000000	      4.74930661	     -3.55907580	     -0.03035221
      1.75000000	    -15.28308409	      5.38802992	     -3.82855381	     -0.11944524	      1.02751117	     -0.55586929	     36.79817549	    -15.90513575	     -6.86328142	     40.78116601	      0.71176562	     -3.69202576	      0.00000000	      0.00000000	     29.20622969	     -3.22693973	    -10.60734089	     34.42238458	      0.60078395	      5.69224038	      0.00000000	      0.00000000	      4.64693549	     -3.69577307	     -0.11040356
      1.75500000	    -15.42811035	      5.51137332	     -3.81111820	     -0.12078488	      1.02123363	     -0.55583764	     37.53415893	    -16.03373680	     -6.53490306	     41.73734875	      0.72845416	     -2.85141406	      0.00000000	      0.00000000	     29.85397294	     -3.21213301	    -10.49161461	     35.50687972	      0.61971196	      7.28375067	      0.00000000	      0.00000000	      4.54417532	     -3.86590712	     -0.19920001
      1.76000000	    -15.57399289	      5.65391678	     -3.78079634	     -0.12215135	      1.01470616	     -0.55576499	     38.30010225	    -16.17548067	     -6.16787352	     42.78697507	      0.74677359	     -1.63040106	      0.00000000	      0.00000000	     30.54200287	     -3.18268659	    -10.36936506	     36.66771224	      0.63997231	      8.89280236	      0.00000000	      0.00000000	      4.44208475	     -4.07068159	     -0.30249321
      1.76500000	    -15.71983601	      5.81608171	     -3.73412598	     -0.12354282	      1.00795628	     -0.55566626	     39.09446194	    -16.33494549	     -5.77262143	     43.92418340	      0.76662162	     -0.10957694	      0.00000000	      0.00000000	     31.27322774	     -3.13830560	    -10.24575005	     37.88978093	      0.66130143	     10.47690350	      0.00000000	      0.00000000	      4.33964028	     -4.30924988	     -0.42245210
      1.77000000	    -15.86388529	      5.99050176	     -3.66006281	     -0.12495784	      1.00100862	     -0.55556571	     39.91435452	    -16.51671660	     -5.38163033	     45.14507089	      0.78793013	      1.57401362	      0.00000000	      0.00000000	     32.05596099	     -3.08362079	    -10.11504840	     39.16947661	      0.68363633	     12.03499184	      0.00000000	      0.00000000	      4.23344831	     -4.57294515	     -0.56742273
      1.77500000	    -16.00469313	      6.17092492	     -3.55880351	     -0.12639677	      0.99387764	     -0.55547519	     40.76264690	    -16.71772099	     -5.00734315	     46.44704784	      0.81065391	      3.32014048	      0.00000000	      0.00000000	     32.89244541	     -3.02793070	     -9.98376320	     40.50019215	      0.70686170	     13.56557602	      0.00000000	      0.00000000	      4.12118360	     -4.85253008	     -0.73645645
      1.78000000	    -16.14027061	      6.35320114	     -3.42743893	     -0.12786445	      0.98658339	     -0.55541297	     41.63908926	    -16.93919772	     -4.66144136	     47.81806550	      0.83458268	      5.08346206	      0.00000000	      0.00000000	     33.78345161	     -2.97159461	     -9.85297350	     41.87856421	      0.73091883	     15.05781289	      0.00000000	      0.00000000	      3.99872822	     -5.14125348	     -0.93233594
      1.78500000	    -16.26843872	      6.53074961	     -3.27360219	     -0.12936418	      0.97914321	     -0.55537411	     42.54277923	    -17.17044280	     -4.33918673	     49.23713075	      0.85935005	      6.83654620	      0.00000000	      0.00000000	     34.72733780	     -2.92712128	     -9.73967767	     43.30914135	      0.75588711	     16.48429375	      0.00000000	      0.00000000	      3.86326704	     -5.42986058	     -1.14842469
      1.79000000	    -16.38578259	      6.69942905	     -3.09872307	     -0.13089297	      0.97158280	     -0.55535514	     43.46544197	    -17.40724863	     -4.04158812	     50.67951450	      0.88452439	      8.57584062	      0.00000000	      0.00000000	     35.71763307	     -2.89581855	     -9.64757958	     44.79319189	      0.78178868	     17.81823307	      0.00000000	      0.00000000	      3.71079412	     -5.71325874	     -1.38382888
      1.79500000	    -16.48646869	      6.86389891	     -2.90916571	     -0.13244180	      0.96393239	     -0.55534352	     44.39702801	    -17.64920900	     -3.75839178	     52.12238530	      0.90970724	     10.30780807	      0.00000000	      0.00000000	     36.73601397	     -2.87024779	     -9.58717663	     46.32078919	      0.80845028	     19.05022302	      0.00000000	      0.00000000	      3.53596664	     -5.99636402	     -1.63465153
      1.80000000	    -16.56371770	      7.02814283	     -2.70622403	     -0.13399388	      0.95623572	     -0.55532474	     45.32127612	    -17.90115902	     -3.49219569	     53.54474437	      0.93453209	     12.02309724	      0.00000000	      0.00000000	     37.76171731	     -2.84228744	     -9.56447746	     47.87861092	      0.83563940	     20.18381989	      0.00000000	      0.00000000	      3.33283472	     -6.28523395	     -1.90157824
      1.80500000	    -16.61490210	      7.19139935	     -2.49020057	     -0.13553286	      0.94853344	     -0.55528177	     46.22341000	    -18.16387454	     -3.25086906	     54.93400379	      0.95877924	     13.68483592	      0.00000000	      0.00000000	     38.78216652	     -2.81198127	     -9.58284272	     49.45662781	      0.86318099	     21.22311833	      0.00000000	      0.00000000	      3.10201505	     -6.58103901	     -2.18042369
      1.81000000	    -16.64025501	      7.34887043	     -2.26152933	     -0.13704193	      0.94087364	     -0.55520365	     47.08590540	    -18.43365058	     -3.04772952	     56.27690169	      0.98221723	     15.26274765	      0.00000000	      0.00000000	     39.78977238	     -2.78481269	     -9.64404047	     51.04795826	      0.89095495	     22.18198104	      0.00000000	      0.00000000	      2.84722791	     -6.87928191	     -2.46627000
      1.81500000	    -16.64486026	      7.49935800	     -2.02149977	     -0.13851659	      0.93328607	     -0.55507962	     47.90542072	    -18.70903714	     -2.88776983	     57.57574444	      1.00488631	     16.75088634	      0.00000000	      0.00000000	     40.78385471	     -2.76478785	     -9.74972191	     52.64549212	      0.91883717	     23.08408005	      0.00000000	      0.00000000	      2.57723199	     -7.17895839	     -2.75640505
      1.82000000	    -16.64132799	      7.63507563	     -1.77086154	     -0.13996441	      0.92579274	     -0.55490849	     48.68553943	    -18.98122443	     -2.77717779	     58.83159432	      1.02680503	     18.15279337	      0.00000000	      0.00000000	     41.77636757	     -2.76289896	     -9.89215764	     54.24800366	      0.94680628	     23.94463972	      0.00000000	      0.00000000	      2.30674733	     -7.46955698	     -3.05412276
      1.82500000	    -16.64014221	      7.75877029	     -1.51300316	     -0.14138752	      0.91841997	     -0.55469773	     49.43414503	    -19.24778187	     -2.71000425	     60.04485972	      1.04798050	     19.46383393	      0.00000000	      0.00000000	     42.76664101	     -2.77533498	    -10.06524839	     55.83801791	      0.97455726	     24.77599005	      0.00000000	      0.00000000	      2.05058980	     -7.75107483	     -3.35576724
      1.83000000	    -16.65662887	      7.87452363	     -1.25303420	     -0.14279803	      0.91117775	     -0.55445589	     50.17337493	    -19.50549796	     -2.67075073	     61.21797652	      1.06845525	     20.68067513	      0.00000000	      0.00000000	     43.76009476	     -2.79597420	    -10.25959133	     57.39796525	      1.00178348	     25.58521606	      0.00000000	      0.00000000	      1.82544392	     -8.02427598	     -3.66382511
      1.83500000	    -16.70607211	      7.99353226	     -0.99054699	     -0.14421544	      0.90406468	     -0.55419625	     50.93502912	    -19.76278989	     -2.63909343	     62.36188179	      1.08842016	     21.80372528	      0.00000000	      0.00000000	     44.76152737	     -2.80461883	    -10.45933274	     58.90658365	      1.02811384	     26.37111051	      0.00000000	      0.00000000	      1.64614293	     -8.29880956	     -3.98731554
      1.84000000	    -16.80233045	      8.11807837	     -0.72500649	     -0.14565679	      0.89709730	     -0.55393819	     51.74118806	    -20.01812682	     -2.60207912	     63.47700130	      1.10788267	     22.82201477	      0.00000000	      0.00000000	     45.77437211	     -2.78558158	    -10.63709066	     60.34151011	      1.05315803	     27.11963916	      0.00000000	      0.00000000	      1.52598272	     -8.57419284	     -4.33070360
      1.84500000	    -16.95462584	      8.25157691	     -0.45838374	     -0.14713280	      0.89028534	     -0.55369046	     52.61439108	    -20.27170899	     -2.54122450	     64.57081914	      1.12697339	     23.72374879	      0.00000000	      0.00000000	     46.79891895	     -2.72735033	    -10.77241138	     61.68688115	      1.07663918	     27.81984999	      0.00000000	      0.00000000	      1.47677470	     -8.85352317	     -4.67822917
      1.85000000	    -17.16755633	      8.38835640	     -0.19151269	     -0.14865174	      0.88363592	     -0.55345435	     53.57038931	    -20.51798562	     -2.44459542	     65.65685015	      1.14592821	     24.49789085	      0.00000000	      0.00000000	     47.84192806	     -2.63338015	    -10.84480608	     62.94339969	      1.09856957	     28.45524710	      0.00000000	      0.00000000	      1.49995242	     -9.12873615	     -5.03204669
      1.85500000	    -17.43738829	      8.52253980	      0.07256749	     -0.15021821	      0.87717380	     -0.55323514	     54.61099301	    -20.74900460	     -2.30033219	     66.74358520	      1.16489532	     25.14588782	      0.00000000	      0.00000000	     48.90617774	     -2.50991171	    -10.84048190	     64.12022801	      1.11910910	     29.01685937	      0.00000000	      0.00000000	      1.58965993	     -9.39178654	     -5.38611633
      1.86000000	    -17.75068505	      8.64006795	      0.32731299	     -0.15181449	      0.87094347	     -0.55303180	     55.72005502	    -20.94850537	     -2.10576548	     67.83603424	      1.18396215	     25.66581177	      0.00000000	      0.00000000	     49.98741229	     -2.37330792	    -10.74959775	     65.22957408	      1.13847084	     29.48773625	      0.00000000	      0.00000000	      1.73224563	     -9.62572382	     -5.72748445
      1.86500000	    -18.08732494	      8.73161148	      0.56146665	     -0.15341180	      0.86499161	     -0.55283399	     56.87281969	    -21.10090851	     -1.85546192	     68.93247237	      1.20309860	     26.07103078	      0.00000000	      0.00000000	     51.07817159	     -2.24578658	    -10.58469042	     66.29117306	      1.15699923	     29.85252593	      0.00000000	      0.00000000	      1.90835747	     -9.81927772	     -6.03853935
      1.87000000	    -18.41960457	      8.79097248	      0.76318114	     -0.15495138	      0.85940623	     -0.55262955	     58.02445204	    -21.19373684	     -1.55599463	     70.01656249	      1.22201955	     26.37617766	      0.00000000	      0.00000000	     52.14904406	     -2.14361958	    -10.36624942	     67.29697540	      1.17455380	     29.97783078	      0.00000000	      0.00000000	      2.09115311	     -9.96377945	     -6.31539873
      1.87500000	    -18.71576172	      8.81510949	      0.91071185	     -0.15637155	      0.85427130	     -0.55241416	     59.12176360	    -21.21278378	     -1.21623152	     71.05977782	      1.24022709	     26.60779798	      0.00000000	      0.00000000	     53.16128486	     -2.08089092	    -10.11793002	     68.25026943	      1.19119192	     29.98889074	      0.00000000	      0.00000000	      2.25595046	    -10.05467703	     -6.52633253
      1.88000000	    -18.94729912	      8.80222017	      0.98379157	     -0.15759104	      0.84967676	     -0.55216894	     60.10734440	    -21.14649462	     -0.85823211	     72.02901978	      1.25714355	     26.78464747	      0.00000000	      0.00000000	     54.06876962	     -2.07402893	     -9.86821919	     69.14321583	      1.20677677	     29.99169585	      0.00000000	      0.00000000	      2.38272464	    -10.08837688	     -6.64531433
      1.88500000	    -19.10234252	      8.76687880	      0.96803679	     -0.15855650	      0.84569503	     -0.55187419	     60.94624027	    -20.99571221	     -0.49188995	     72.88869829	      1.27214777	     26.92091145	      0.00000000	      0.00000000	     54.83344585	     -2.12547498	     -9.65301773	     69.95279022	      1.22090651	     29.99294082	      0.00000000	      0.00000000	      2.46559831	    -10.08118566	     -6.65901186
      1.89000000	    -19.17572132	      8.72794194	      0.85975705	     -0.15922733	      0.84238318	     -0.55150819	     61.61412874	    -20.77489084	     -0.12843525	     73.61251893	      1.28478083	     27.02649832	      0.00000000	      0.00000000	     55.41871397	     -2.22731731	     -9.49900347	     70.64951102	      1.23306658	     29.99372970	      0.00000000	      0.00000000	      2.50288696	    -10.05626421	     -6.56308582
      1.89500000	    -19.17414657	      8.70338469	      0.66563799	     -0.15959999	      0.83976539	     -0.55105271	     62.10651081	    -20.50465286	      0.22279556	     74.18500248	      1.29477255	     27.11164659	      0.00000000	      0.00000000	     55.81037760	     -2.37136556	     -9.42658026	     71.21697007	      1.24297061	     29.99447769	      0.00000000	      0.00000000	      2.50145731	    -10.03811269	     -6.36156231
      1.90000000	    -19.11285883	      8.70225159	      0.40354292	     -0.15969041	      0.83783150	     -0.55050577	     62.43105277	    -20.20770431	      0.54735347	     74.60344006	      1.30207566	     27.17768432	      0.00000000	      0.00000000	     56.01571295	     -2.54748427	     -9.43886713	     71.64889349	      1.25050910	     29.99523284	      0.00000000	      0.00000000	      2.47466021	    -10.04068514	     -6.07460867
      1.90500000	    -19.01110119	      8.73020526	      0.10161271	     -0.15954195	      0.83653914	     -0.54988692	     62.60778971	    -19.91465211	      0.83564731	     74.87542983	      1.30682278	     27.22425772	      0.00000000	      0.00000000	     56.05762542	     -2.73510578	     -9.52303277	     71.94582687	      1.25569156	     29.99591361	      0.00000000	      0.00000000	      2.43684725	    -10.07475184	     -5.73007118
      1.91000000	    -18.88063535	      8.78081808	     -0.21296947	     -0.15918941	      0.83585149	     -0.54922087	     62.64724621	    -19.65024266	      1.06931968	     75.01322308	      1.30922773	     27.25850388	      0.00000000	      0.00000000	     55.95778426	     -2.92196665	     -9.65722699	     72.11130541	      1.25857971	     29.99644346	      0.00000000	      0.00000000	      2.39560463	    -10.13684137	     -5.35500619
      1.91500000	    -18.73415501	      8.84576394	     -0.51461688	     -0.15867006	      0.83572192	     -0.54854428	     62.56490700	    -19.43572291	      1.23192439	     75.03257845	      1.30956554	     27.28153163	      0.00000000	      0.00000000	     55.74543814	     -3.09582364	     -9.81905383	     72.15372933	      1.25932014	     29.99681344	      0.00000000	      0.00000000	      2.35946909	    -10.21952036	     -4.97723622
      1.92000000	    -18.58389853	      8.91197419	     -0.78321441	     -0.15802237	      0.83610112	     -0.54789584	     62.37541241	    -19.28077342	      1.31220472	     74.94481168	      1.30803372	     27.29172501	      0.00000000	      0.00000000	     55.45331813	     -3.24687005	     -9.98029125	     72.08512693	      1.25812281	     29.99703039	      0.00000000	      0.00000000	      2.33746983	    -10.30919586	     -4.62096286
      1.92500000	    -18.43675039	      8.96958956	     -1.00567339	     -0.15727120	      0.83694759	     -0.54730404	     62.09400303	    -19.19179552	      1.30736270	     74.76347660	      1.30486883	     27.28883563	      0.00000000	      0.00000000	     55.10505231	     -3.36941870	    -10.12310942	     71.91715377	      1.25519112	     29.99711598	      0.00000000	      0.00000000	      2.33328948	    -10.39382049	     -4.30366375
      1.93000000	    -18.29673233	      9.01237104	     -1.18133398	     -0.15643174	      0.83824229	     -0.54678842	     61.73165376	    -19.16302200	      1.22157262	     74.49535911	      1.30018929	     27.27521298	      0.00000000	      0.00000000	     54.71360766	     -3.46458815	    -10.24394888	     71.65722081	      1.25065444	     29.99709227	      0.00000000	      0.00000000	      2.35043253	    -10.46400527	     -4.03279589
      1.93500000	    -18.16736406	      9.03624601	     -1.31441529	     -0.15551161	      0.83996588	     -0.54635315	     61.29878444	    -19.18314722	      1.06101041	     74.14318267	      1.29404266	     27.24191862	      0.00000000	      0.00000000	     54.28638791	     -3.53757596	    -10.34595211	     71.31085722	      1.24460925	     29.99697844	      0.00000000	      0.00000000	      2.39295765	    -10.51321649	     -3.80906720
      1.94000000	    -18.05118424	      9.03472374	     -1.41700154	     -0.15451397	      0.84210760	     -0.54599648	     60.80443037	    -19.23177700	      0.83563793	     73.70686244	      1.28642743	     27.18340380	      0.00000000	      0.00000000	     53.82524758	     -3.60156776	    -10.43495556	     70.87983452	      1.23708649	     29.99677567	      0.00000000	      0.00000000	      2.46568346	    -10.53116770	     -3.62286218
      1.94500000	    -17.94955780	      9.00480794	     -1.49991704	     -0.15343792	      0.84466560	     -0.54571874	     60.25471075	    -19.29293552	      0.55315684	     73.18401623	      1.27730204	     27.09031474	      0.00000000	      0.00000000	     53.32646891	     -3.66517421	    -10.51978344	     70.36236379	      1.22805492	     29.99648089	      0.00000000	      0.00000000	      2.57235780	    -10.51100840	     -3.45901314
      1.95000000	    -17.86400741	      8.94485749	     -1.57393685	     -0.15229064	      0.84763060	     -0.54551039	     59.65514993	    -19.34979797	      0.22084942	     72.57344078	      1.26664549	     26.95603133	      0.00000000	      0.00000000	     52.78921002	     -3.73863963	    -10.60808351	     69.75834874	      1.21751287	     29.99606892	      0.00000000	      0.00000000	      2.71690352	    -10.45075908	     -3.30207966
      1.95500000	    -17.79465219	      8.84869887	     -1.64710593	     -0.15107245	      0.85098913	     -0.54535984	     59.00766315	    -19.38847910	     -0.16395148	     71.87677090	      1.25448631	     26.77031916	      0.00000000	      0.00000000	     52.21200823	     -3.83487237	    -10.70020703	     69.06999018	      1.20549874	     29.99547673	      0.00000000	      0.00000000	      2.89969571	    -10.34198891	     -3.14204804
      1.96000000	    -17.74507039	      8.71398741	     -1.72614088	     -0.14979863	      0.85472604	     -0.54526308	     58.31954176	    -19.39632927	     -0.59472269	     71.09413233	      1.24082669	     26.53926096	      0.00000000	      0.00000000	     51.60238289	     -3.96060229	    -10.79295016	     68.30466894	      1.19214137	     29.99451870	      0.00000000	      0.00000000	      3.12324969	    -10.17966703	     -2.96934534
      1.96500000	    -17.71334951	      8.54572521	     -1.81234330	     -0.14847777	      0.85882724	     -0.54520984	     57.59245307	    -19.37287523	     -1.06591726	     70.22791979	      1.22570843	     26.26238533	      0.00000000	      0.00000000	     50.96084999	     -4.11326992	    -10.88826856	     67.46622759	      1.17750781	     29.99280104	      0.00000000	      0.00000000	      3.38319556	     -9.96919568	     -2.78275280
      1.97000000	    -17.69450609	      8.35154731	     -1.90711468	     -0.14710911	      0.86327670	     -0.54518372	     56.82812713	    -19.32178794	     -1.57188709	     69.28893252	      1.20932001	     25.93922949	      0.00000000	      0.00000000	     50.28533834	     -4.29043509	    -10.99213315	     66.55882879	      1.16167071	     29.98895332	      0.00000000	      0.00000000	      3.67176283	     -9.72013876	     -2.59120563
      1.97500000	    -17.68709951	      8.13773884	     -2.00493361	     -0.14569413	      0.86806530	     -0.54518510	     56.02552517	    -19.25088461	     -2.11270193	     68.28085870	      1.19172580	     25.56592859	      0.00000000	      0.00000000	     49.57760512	     -4.47785529	    -11.09491068	     65.58714894	      1.14471170	     29.97199729	      0.00000000	      0.00000000	      3.98260683	     -9.43764203	     -2.41296733
      1.98000000	    -17.68869763	      7.92038263	     -2.10254432	     -0.14423461	      0.87319601	     -0.54519570	     55.18671024	    -19.16953849	     -2.67471995	     67.20598786	      1.17296577	     25.14623220	      0.00000000	      0.00000000	     48.83572267	     -4.66099222	    -11.20704013	     64.54093710	      1.12645185	     29.80333806	      0.00000000	      0.00000000	      4.31274160	     -9.14375511	     -2.25451199
      1.98500000	    -17.68870706	      7.71268476	     -2.19710606	     -0.14271388	      0.87866714	     -0.54520161	     54.30544619	    -19.09134768	     -3.25423303	     66.07430867	      1.15321424	     24.66391544	      0.00000000	      0.00000000	     48.04644563	     -4.82605863	    -11.33840151	     63.41448870	      1.10679162	     29.46802108	      0.00000000	      0.00000000	      4.65096448	     -8.85731398	     -2.11968336
      1.99000000	    -17.68215413	      7.51871428	     -2.28953524	     -0.14113263	      0.88446267	     -0.54519942	     53.37972456	    -19.01695744	     -3.84591145	     64.89034799	      1.13255023	     24.11497170	      0.00000000	      0.00000000	     47.21197890	     -4.96636949	    -11.48512181	     62.22249037	      1.08598733	     29.06210826	      0.00000000	      0.00000000	      4.99121923	     -8.58363974	     -2.01015614
      1.99500000	    -17.66506205	      7.34510819	     -2.37823973	     -0.13949518	      0.89057050	     -0.54518356	     52.41007801	    -18.94995721	     -4.44228925	     63.65788605	      1.11103971	     23.49391433	      0.00000000	      0.00000000	     46.33215373	     -5.07141568	    -11.64230242	     60.96933895	      1.06411571	     28.57640996	      0.00000000	      0.00000000	      5.32839426	     -8.33246971	     -1.92023480
      2.00000000	    -17.62816332	      7.19296001	     -2.47370888	     -0.13778987	      0.89699261	     -0.54513596	     51.39085134	    -18.88137307	     -5.03300343	     62.37364099	      1.08862540	     22.80118269	      0.00000000	      0.00000000	     45.39824028	     -5.14944640	    -11.82661601	     59.65491445	      1.04117467	     28.02864215	      0.00000000	      0.00000000	      5.65450452	     -8.10636785	     -1.83222804
      2.00500000	    -17.56756962	      7.06565818	     -2.57652489	     -0.13602054	      0.90370932	     -0.54505685	     50.32647580	    -18.81369623	     -5.60953298	     61.04255059	      1.06539349	     22.02045425	      0.00000000	      0.00000000	     44.41102753	     -5.19461237	    -12.03461404	     58.28532861	      1.01727089	     27.40915465	      0.00000000	      0.00000000	      5.96306198	     -7.90934035	     -1.74143690
      2.01000000	    -17.48149664	      6.95961184	     -2.68793297	     -0.13419721	      0.91069792	     -0.54495007	     49.22323476	    -18.74326527	     -6.16485999	     59.67031304	      1.04144343	     21.14705173	      0.00000000	      0.00000000	     43.37889594	     -5.20904057	    -12.25891470	     56.87272390	      0.99261629	     26.70632692	      0.00000000	      0.00000000	      6.24993980	     -7.73635235	     -1.64557209
      2.01500000	    -17.36753733	      6.86950825	     -2.80758374	     -0.13232011	      0.91793955	     -0.54482270	     48.08394556	    -18.66732882	     -6.69991070	     58.26458832	      1.01690890	     20.17116630	      0.00000000	      0.00000000	     42.30511452	     -5.19642730	    -12.49116523	     55.42631043	      0.96737161	     25.91885190	      0.00000000	      0.00000000	      6.51113330	     -7.58190425	     -1.53839839
      2.02000000	    -17.22361676	      6.78801480	     -2.93754013	     -0.13039258	      0.92541275	     -0.54468376	     46.91160701	    -18.58069009	     -7.21025018	     56.82834199	      0.99184168	     19.09256018	      0.00000000	      0.00000000	     41.19406819	     -5.16327692	    -12.72575741	     53.95387948	      0.94167284	     25.04619874	      0.00000000	      0.00000000	      6.74274738	     -7.43620819	     -1.41900423
      2.02500000	    -17.05143553	      6.71080201	     -3.07231274	     -0.12842775	      0.93307580	     -0.54454358	     45.71706906	    -18.48510444	     -7.69404797	     55.37901322	      0.96654612	     17.91013745	      0.00000000	      0.00000000	     40.05546836	     -5.10978927	    -12.94730478	     52.46662668	      0.91571538	     24.07787392	      0.00000000	      0.00000000	      6.94332435	     -7.29467351	     -1.29217300
      2.03000000	    -16.84939088	      6.62685726	     -3.21407648	     -0.12642787	      0.94090728	     -0.54440919	     44.49673282	    -18.36876524	     -8.15110439	     53.91544843	      0.94100209	     16.64117240	      0.00000000	      0.00000000	     38.89078121	     -5.04945954	    -13.15222429	     50.96874890	      0.88957248	     23.01983310	      0.00000000	      0.00000000	      7.10894960	     -7.14346386	     -1.15556418
      2.03500000	    -16.61582928	      6.52890859	     -3.36002747	     -0.12438995	      0.94887993	     -0.54428310	     43.24564800	    -18.22755858	     -8.58801977	     52.43697103	      0.91519779	     15.29268554	      0.00000000	      0.00000000	     37.69926734	     -4.98991523	    -13.33526794	     49.46406301	      0.86331076	     21.88450251	      0.00000000	      0.00000000	      7.23578502	     -6.97502755	     -1.01244845
      2.04000000	    -16.34949160	      6.41208306	     -3.51057773	     -0.12232350	      0.95695285	     -0.54416452	     41.96596726	    -18.05821186	     -9.00331967	     50.94842171	      0.88921771	     13.87585193	      0.00000000	      0.00000000	     36.48137158	     -4.93941517	    -13.49591765	     47.95490911	      0.83697106	     20.66595796	      0.00000000	      0.00000000	      7.31931022	     -6.78380698	     -0.86467186
      2.04500000	    -16.04986656	      6.27226801	     -3.66146019	     -0.12022890	      0.96509502	     -0.54405681	     40.65327351	    -17.85912607	     -9.40724451	     49.44864540	      0.86304167	     12.39592907	      0.00000000	      0.00000000	     35.23812685	     -4.90352988	    -13.63554284	     46.44402587	      0.81060117	     19.37994890	      0.00000000	      0.00000000	      7.35647081	     -6.56590149	     -0.71649368
      2.05000000	    -15.71564507	      6.10650143	     -3.81048397	     -0.11811161	      0.97326955	     -0.54396443	     39.30381275	    -17.63169207	     -9.80833765	     47.93405684	      0.83660712	     10.85630128	      0.00000000	      0.00000000	     33.96899965	     -4.88654310	    -13.75433271	     44.93202445	      0.78421177	     18.03217531	      0.00000000	      0.00000000	      7.34377998	     -6.31896820	     -0.56964932
      2.05500000	    -15.34595963	      5.91870243	     -3.95149069	     -0.11598104	      0.98143289	     -0.54388680	     37.92295665	    -17.38831535	    -10.21828782	     46.41841000	      0.81015409	      9.24896374	      0.00000000	      0.00000000	     32.67560817	     -4.88485265	    -13.85429998	     43.42285458	      0.75787178	     16.62743927	      0.00000000	      0.00000000	      7.27796070	     -6.04994403	     -0.43166568
      2.06000000	    -14.94459627	      5.70990787	     -4.08549970	     -0.11385989	      0.98954499	     -0.54382531	     36.51981266	    -17.12915899	    -10.63642216	     44.90554088	      0.78374954	      7.58192317	      0.00000000	      0.00000000	     31.36507774	     -4.90070066	    -13.94011759	     41.91965684	      0.73163603	     15.16833741	      0.00000000	      0.00000000	      7.16053026	     -5.75988587	     -0.30005293
      2.06500000	    -14.51222572	      5.48854665	     -4.20917904	     -0.11174889	      0.99757557	     -0.54378288	     35.09679665	    -16.86645027	    -11.07018960	     43.39673240	      0.75741586	      5.86130367	      0.00000000	      0.00000000	     30.03741732	     -4.92428735	    -14.02096154	     40.41961112	      0.70545530	     13.67982663	      0.00000000	      0.00000000	      6.99204841	     -5.45965910	     -0.17843947
      2.07000000	    -14.05609149	      5.25881640	     -4.32447998	     -0.10967110	      1.00548206	     -0.54375349	     33.66842007	    -16.60201752	    -11.51487574	     41.89805175	      0.73125895	      4.09093505	      0.00000000	      0.00000000	     28.70345337	     -4.95526639	    -14.10050185	     38.92820349	      0.67942532	     12.15751837	      0.00000000	      0.00000000	      6.77934828	     -5.15407612	     -0.06361239
      2.07500000	    -13.58314680	      5.02933398	     -4.43265057	     -0.10764040	      1.01323194	     -0.54372717	     32.24972941	    -16.34141986	    -11.96667349	     40.42071008	      0.70547448	      2.28101056	      0.00000000	      0.00000000	     27.37204881	     -4.98687997	    -14.18616243	     37.44819842	      0.65359436	     10.60968049	      0.00000000	      0.00000000	      6.52994591	     -4.85345794	      0.04696450
      2.08000000	    -13.10414633	      4.80442671	     -4.53518594	     -0.10567306	      1.02079469	     -0.54370052	     30.85220546	    -16.08304405	    -12.41569619	     38.95859515	      0.67995576	      0.44732244	      0.00000000	      0.00000000	     26.05641247	     -5.01527000	    -14.27800460	     35.98130227	      0.62799219	      9.04436289	      0.00000000	      0.00000000	      6.25583633	     -4.56249746	      0.15378221
      2.08500000	    -12.62946685	      4.59298166	     -4.62905167	     -0.10378220	      1.02813731	     -0.54366908	     29.49020246	    -15.83509731	    -12.85919981	     37.51732462	      0.65480084	     -1.39464700	      0.00000000	      0.00000000	     24.76957824	     -5.02921027	    -14.37260934	     34.53028419	      0.60266715	      7.47665521	      0.00000000	      0.00000000	      5.96876797	     -4.29235543	      0.25481789
      2.09000000	    -12.17135763	      4.39041267	     -4.71796274	     -0.10199736	      1.03523159	     -0.54362463	     28.17654055	    -15.58389126	    -13.28059110	     36.09543023	      0.62998410	     -3.21840015	      0.00000000	      0.00000000	     23.52832060	     -5.03675106	    -14.46274448	     33.10293382	      0.57775519	      5.91203272	      0.00000000	      0.00000000	      5.67993490	     -4.03633401	      0.35416703
      2.09500000	    -11.74642278	      4.20401337	     -4.79851833	     -0.10034255	      1.04203228	     -0.54356198	     26.93635167	    -15.33572975	    -13.66852243	     34.70817968	      0.60577201	     -4.98248366	      0.00000000	      0.00000000	     22.35651758	     -5.02978692	    -14.53763482	     31.70964034	      0.55343763	      4.38687354	      0.00000000	      0.00000000	      5.40700551	     -3.80314530	      0.44865892
      2.10000000	    -11.37136372	      4.03199154	     -4.87012682	     -0.09884750	      1.04849329	     -0.54348404	     25.79005116	    -15.08507016	    -14.00694145	     33.36169537	      0.58227143	     -6.63807528	      0.00000000	      0.00000000	     21.27926912	     -5.01343411	    -14.58965909	     30.36595954	      0.52998597	      2.93837086	      0.00000000	      0.00000000	      5.16688784	     -3.58897959	      0.53758907
      2.10500000	    -11.06066730	      3.87572596	     -4.93156906	     -0.09753706	      1.05456520	     -0.54338719	     24.76152873	    -14.83305645	    -14.28578564	     32.07842529	      0.55987414	     -8.12886554	      0.00000000	      0.00000000	     20.32368806	     -4.99198562	    -14.61698428	     29.09871062	      0.50786831	      1.62623213	      0.00000000	      0.00000000	      4.97335150	     -3.39411282	      0.62332822
      2.11000000	    -10.83144334	      3.73431643	     -4.98552133	     -0.09643778	      1.06019191	     -0.54327109	     23.88263634	    -14.57874115	    -14.48867503	     30.88992802	      0.53913095	     -9.39270778	      0.00000000	      0.00000000	     19.52213290	     -4.97557829	    -14.62546566	     27.94136592	      0.48766883	      0.51375495	      0.00000000	      0.00000000	      4.84441057	     -3.21452159	      0.70837400
      2.11500000	    -10.69440806	      3.61587932	     -5.03097782	     -0.09555874	      1.06532146	     -0.54313503	     23.18212787	    -14.33822264	    -14.61729719	     29.83805614	      0.52077232	    -10.38023426	      0.00000000	      0.00000000	     18.90220949	     -4.96392857	    -14.62898488	     26.93331548	      0.47007503	     -0.33112870	      0.00000000	      0.00000000	      4.79402870	     -3.05903604	      0.78936760
      2.12000000	    -10.64427702	      3.52507002	     -5.06927798	     -0.09489763	      1.06993285	     -0.54299007	     22.66795844	    -14.12676033	    -14.68138545	     28.95792947	      0.50541121	    -11.06169195	      0.00000000	      0.00000000	     18.46447499	     -4.95537340	    -14.64256096	     26.09467386	      0.45543798	     -0.86864423	      0.00000000	      0.00000000	      4.81730504	     -2.93160163	      0.86649175
      2.12500000	    -10.66640624	      3.46367362	     -5.09891687	     -0.09443479	      1.07403666	     -0.54283926	     22.32908684	    -13.95602035	    -14.70194375	     28.27115950	      0.49342482	    -11.43338035	      0.00000000	      0.00000000	     18.19666243	     -4.94908291	    -14.67773291	     25.44133356	      0.44403504	     -1.08751230	      0.00000000	      0.00000000	      4.89971608	     -2.83575621	      0.93698783
      2.13000000	    -10.74738829	      3.43468651	     -5.12007724	     -0.09415277	      1.07765431	     -0.54269574	     22.15634768	    -13.83854037	    -14.69318567	     27.79371312	      0.48509181	    -11.51310667	      0.00000000	      0.00000000	     18.07907703	     -4.93595732	    -14.73276226	     24.96648623	      0.43574739	     -1.02598871	      0.00000000	      0.00000000	      5.02870059	     -2.77477448	      0.99826202
      2.13500000	    -10.85891254	      3.43874395	     -5.12910131	     -0.09401403	      1.08083916	     -0.54256412	     22.10917123	    -13.78194943	    -14.67976087	     27.51246783	      0.48018315	    -11.35179512	      0.00000000	      0.00000000	     18.06942424	     -4.90714603	    -14.80329120	     24.64903975	      0.43020690	     -0.75916346	      0.00000000	      0.00000000	      5.17538934	     -2.75328928	      1.04465846
      2.14000000	    -10.97619284	      3.47148142	     -5.12646207	     -0.09399039	      1.08364958	     -0.54245059	     22.15033260	    -13.78462418	    -14.67224894	     27.40885544	      0.47837477	    -11.00672632	      0.00000000	      0.00000000	     18.12565674	     -4.85835652	    -14.88000365	     24.45971575	      0.42690257	     -0.37771626	      0.00000000	      0.00000000	      5.31267451	     -2.76746169	      1.07651701
      2.14500000	    -11.07654144	      3.52142973	     -5.11090522	     -0.09404809	      1.08615018	     -0.54235563	     22.23232142	    -13.83185817	    -14.67966761	     27.44182290	      0.47895016	    -10.54682312	      0.00000000	      0.00000000	     18.21000785	     -4.79435847	    -14.95022906	     24.37310731	      0.42539097	      0.03305614	      0.00000000	      0.00000000	      5.41619887	     -2.80653898	      1.09159190
      2.15000000	    -11.15017968	      3.58268710	     -5.08438784	     -0.09417196	      1.08837346	     -0.54228207	     22.33567034	    -13.91639656	    -14.70203688	     27.59193379	      0.48157009	    -10.02595236	      0.00000000	      0.00000000	     18.30136222	     -4.71571175	    -15.00120487	     24.36567929	      0.42526133	      0.40994961	      0.00000000	      0.00000000	      5.47560442	     -2.86356494	      1.09016841
      2.15500000	    -11.18064176	      3.65496356	     -5.04678464	     -0.09434074	      1.09035979	     -0.54222527	     22.43030126	    -14.03573240	    -14.74484487	     27.83378887	      0.48579126	     -9.49468876	      0.00000000	      0.00000000	     18.37157303	     -4.61860634	    -15.02731675	     24.41610344	      0.42614140	      0.72242960	      0.00000000	      0.00000000	      5.47374506	     -2.94032262	      1.07226095
      2.16000000	    -11.16605817	      3.73387315	     -5.00039737	     -0.09455543	      1.09212586	     -0.54218605	     22.50931964	    -14.18296228	    -14.80376886	     28.15425910	      0.49138452	     -8.98071699	      0.00000000	      0.00000000	     18.41226093	     -4.50498608	    -15.01814495	     24.50917291	      0.42776576	      0.97033023	      0.00000000	      0.00000000	      5.40595798	     -3.03027164	      1.03441165
      2.16500000	    -11.10891143	      3.81663988	     -4.94572709	     -0.09480762	      1.09368530	     -0.54216341	     22.56396630	    -14.35016095	    -14.87869863	     28.52838595	      0.49791427	     -8.50918789	      0.00000000	      0.00000000	     18.41906408	     -4.37522840	    -14.96669497	     24.62715346	      0.42982491	      1.17560616	      0.00000000	      0.00000000	      5.27622695	     -3.12975183	      0.97615895
      2.17000000	    -11.02211522	      3.90571675	     -4.88135917	     -0.09511402	      1.09503380	     -0.54215454	     22.60699228	    -14.53646802	    -14.96182461	     28.94654110	      0.50521245	     -8.08801298	      0.00000000	      0.00000000	     18.40660775	     -4.22647780	    -14.86424699	     24.76564138	      0.43224198	      1.36296502	      0.00000000	      0.00000000	      5.09850229	     -3.24090272	      0.89697667
      2.17500000	    -10.91743176	      4.00035487	     -4.80820050	     -0.09548810	      1.09617238	     -0.54215290	     22.64515129	    -14.73409589	    -15.04155167	     29.38919288	      0.51293818	     -7.72274071	      0.00000000	      0.00000000	     18.38709115	     -4.06102689	    -14.71096763	     24.91918171	      0.43492177	      1.54903087	      0.00000000	      0.00000000	      4.88533878	     -3.36227413	      0.79981439
      2.18000000	    -10.81125786	      4.09916946	     -4.72978057	     -0.09594501	      1.09708934	     -0.54215065	     22.69588783	    -14.93569610	    -15.10467410	     29.84672427	      0.52092361	     -7.40675586	      0.00000000	      0.00000000	     18.37886789	     -3.88523274	    -14.51364042	     25.08538994	      0.43782265	      1.73876603	      0.00000000	      0.00000000	      4.65459018	     -3.49049078	      0.68812713
      2.18500000	    -10.71703170	      4.20048399	     -4.64780914	     -0.09649525	      1.09777825	     -0.54214057	     22.76953808	    -15.13308839	    -15.14214848	     30.30352844	      0.52889635	     -7.13959805	      0.00000000	      0.00000000	     18.39990540	     -3.70575662	    -14.28172788	     25.26849220	      0.44101839	      1.93262295	      0.00000000	      0.00000000	      4.42423594	     -3.62395813	      0.57744788
      2.19000000	    -10.65308476	      4.30619906	     -4.56135687	     -0.09716280	      1.09821703	     -0.54211877	     22.89191282	    -15.32632689	    -15.14309980	     30.76331262	      0.53692109	     -6.91590205	      0.00000000	      0.00000000	     18.47613552	     -3.52508951	    -14.01645705	     25.47775237	      0.44467066	      2.10995004	      0.00000000	      0.00000000	      4.21325504	     -3.76411401	      0.46921477
      2.19500000	    -10.62443590	      4.41521082	     -4.47310770	     -0.09794733	      1.09839771	     -0.54208296	     23.07030099	    -15.51256996	    -15.10579996	     31.22597754	      0.54499612	     -6.72874432	      0.00000000	      0.00000000	     18.61268044	     -3.34854191	    -13.73112671	     25.71256061	      0.44876884	      2.25448555	      0.00000000	      0.00000000	      4.02726289	     -3.90852192	      0.36567211
      2.20000000	    -10.63575049	      4.52930736	     -4.37938188	     -0.09884332	      1.09830903	     -0.54203836	     23.31009046	    -15.69654356	    -15.03889849	     31.69259186	      0.55314008	     -6.57794250	      0.00000000	      0.00000000	     18.81542457	     -3.17456590	    -13.42924651	     25.97245607	      0.45330487	      2.35689393	      0.00000000	      0.00000000	      3.87330585	     -4.05959115	      0.26502479
      2.20500000	    -10.68081100	      4.64459998	     -4.28158011	     -0.09983586	      1.09795663	     -0.54198832	     23.59999370	    -15.87478343	    -14.94802317	     32.15534624	      0.56121666	     -6.47009418	      0.00000000	      0.00000000	     19.07400923	     -3.00761097	    -13.12007391	     26.25144203	      0.45817410	      2.41427491	      0.00000000	      0.00000000	      3.74587414	     -4.21285435	      0.16832182
      2.21000000	    -10.75580302	      4.75937138	     -4.17852359	     -0.10091688	      1.09733875	     -0.54193894	     23.93543169	    -16.04816102	    -14.83990650	     32.61630935	      0.56926199	     -6.40331694	      0.00000000	      0.00000000	     19.38225622	     -2.84832255	    -12.80539757	     26.54655154	      0.46332473	      2.41939992	      0.00000000	      0.00000000	      3.64006410	     -4.36569048	      0.06915768
      2.21500000	    -10.84827791	      4.86549309	     -4.07497806	     -0.10206245	      1.09646703	     -0.54189087	     24.29571529	    -16.20685112	    -14.71992407	     33.06520706	      0.57709673	     -6.37297534	      0.00000000	      0.00000000	     19.72133794	     -2.70672118	    -12.49818447	     26.85268082	      0.46866769	      2.38080170	      0.00000000	      0.00000000	      3.54374467	     -4.50849036	     -0.02866056
      2.22000000	    -10.94506710	      4.96017049	     -3.97721522	     -0.10324776	      1.09535411	     -0.54184124	     24.66038596	    -16.34760285	    -14.58948203	     33.49164415	      0.58453946	     -6.38197062	      0.00000000	      0.00000000	     20.07070088	     -2.58673071	    -12.21262937	     27.16128796	      0.47405390	      2.31035723	      0.00000000	      0.00000000	      3.44533024	     -4.63816023	     -0.11892114
      2.22500000	    -11.04059000	      5.04023759	     -3.89429127	     -0.10445870	      1.09400135	     -0.54178185	     25.02303628	    -16.46333778	    -14.44161147	     33.89442247	      0.59156927	     -6.42165774	      0.00000000	      0.00000000	     20.41956634	     -2.49480842	    -11.95919969	     27.47031359	      0.47944742	      2.21642139	      0.00000000	      0.00000000	      3.33930111	     -4.74973375	     -0.19304576
      2.23000000	    -11.13499946	      5.10375726	     -3.83092352	     -0.10568715	      1.09240277	     -0.54170604	     25.38439524	    -16.54967815	    -14.27163830	     34.27546749	      0.59821976	     -6.47733251	      0.00000000	      0.00000000	     20.76767544	     -2.43564679	    -11.74167321	     27.78631402	      0.48496267	      2.10789440	      0.00000000	      0.00000000	      3.22725368	     -4.84055496	     -0.24585573
      2.23500000	    -11.22341842	      5.14760438	     -3.79112600	     -0.10691248	      1.09056273	     -0.54160939	     25.73556195	    -16.60217227	    -14.08124260	     34.63177761	      0.60443855	     -6.54277723	      0.00000000	      0.00000000	     21.10615551	     -2.41427074	    -11.56793501	     28.10712962	      0.49056196	      2.00118584	      0.00000000	      0.00000000	      3.10620040	     -4.90694177	     -0.27589134
      2.24000000	    -11.30398261	      5.17729628	     -3.77938444	     -0.10812470	      1.08847872	     -0.54148598	     26.07704891	    -16.62608354	    -13.86579269	     34.96707712	      0.61029063	     -6.61538329	      0.00000000	      0.00000000	     21.42893031	     -2.42524784	    -11.44133012	     28.42826244	      0.49616678	      1.90589478	      0.00000000	      0.00000000	      2.97661472	     -4.95500239	     -0.27785705
      2.24500000	    -11.38549021	      5.19099589	     -3.79512570	     -0.10932471	      1.08613524	     -0.54133119	     26.42181473	    -16.61836004	    -13.62492755	     35.29148915	      0.61595268	     -6.67789277	      0.00000000	      0.00000000	     21.74691001	     -2.47151435	    -11.35459740	     28.75660248	      0.50189739	      1.82407459	      0.00000000	      0.00000000	      2.84902826	     -4.98245004	     -0.25163890
      2.25000000	    -11.47225326	      5.19116319	     -3.83459951	     -0.11051367	      1.08352356	     -0.54114647	     26.77726285	    -16.58302214	    -13.36144738	     35.61389387	      0.62157971	     -6.72250729	      0.00000000	      0.00000000	     22.06858806	     -2.55018791	    -11.30383009	     29.09995068	      0.50788995	      1.76520025	      0.00000000	      0.00000000	      2.72904642	     -4.99253425	     -0.20052322
      2.25500000	    -11.56738271	      5.18146274	     -3.89685906	     -0.11168780	      1.08063502	     -0.54093175	     27.15002334	    -16.52430112	    -13.07402299	     35.94225742	      0.62731073	     -6.74896589	      0.00000000	      0.00000000	     22.39655739	     -2.65606578	    -11.28438015	     29.45562232	      0.51409759	      1.72837545	      0.00000000	      0.00000000	      2.62093639	     -4.98945299	     -0.12703667
      2.26000000	    -11.67632698	      5.16675021	     -3.97779225	     -0.11285730	      1.07745318	     -0.54068809	     27.55307180	    -16.44924181	    -12.76263050	     36.29112831	      0.63339968	     -6.75164090	      0.00000000	      0.00000000	     22.74037596	     -2.78269227	    -11.28552841	     29.82933712	      0.52062015	      1.70453054	      0.00000000	      0.00000000	      2.52991140	     -4.97911303	     -0.03308795
      2.26500000	    -11.80156614	      5.14785903	     -4.07181055	     -0.11402486	      1.07397284	     -0.54041730	     27.99241557	    -16.36068853	    -12.43356860	     36.67253492	      0.64005648	     -6.72989281	      0.00000000	      0.00000000	     23.10656879	     -2.92744829	    -11.29953601	     30.22782634	      0.52757510	      1.68783148	      0.00000000	      0.00000000	      2.45750278	     -4.96310919	      0.07464531
      2.27000000	    -11.94107951	      5.13455114	     -4.17500637	     -0.11518717	      1.07019161	     -0.54012275	     28.46944161	    -16.27023487	    -12.08729425	     37.09285671	      0.64739248	     -6.69852595	      0.00000000	      0.00000000	     23.49553215	     -3.07855796	    -11.32551163	     30.65408010	      0.53501463	      1.67264666	      0.00000000	      0.00000000	      2.40258253	     -4.95415995	      0.18980815
      2.27500000	    -12.09436202	      5.12630064	     -4.28327700	     -0.11634498	      1.06610832	     -0.53981121	     28.98184867	    -16.17829584	    -11.72492435	     37.55169598	      0.65540073	     -6.67740849	      0.00000000	      0.00000000	     23.90870377	     -3.23419809	    -11.35585130	     31.11030098	      0.54297718	      1.64536346	      0.00000000	      0.00000000	      2.36420546	     -4.95184730	      0.30703583
      2.28000000	    -12.26319383	      5.12735673	     -4.38953672	     -0.11750540	      1.06172022	     -0.53948840	     29.53192174	    -16.09086412	    -11.35075294	     38.05197979	      0.66413233	     -6.67986376	      0.00000000	      0.00000000	     24.35377053	     -3.38720781	    -11.38333229	     31.60695683	      0.55164546	      1.62276551	      0.00000000	      0.00000000	      2.34390894	     -4.96228164	      0.41989098
      2.28500000	    -12.44866575	      5.13872134	     -4.48748484	     -0.11867070	      1.05702107	     -0.53916463	     30.11964432	    -16.01098020	    -10.96788723	     38.59647711	      0.67363561	     -6.71282510	      0.00000000	      0.00000000	     24.83578269	     -3.53340956	    -11.39784988	     32.15336839	      0.56118214	      1.68457630	      0.00000000	      0.00000000	      2.34253150	     -4.98659406	      0.51941766
      2.29000000	    -12.66358849	      5.16583305	     -4.56875962	     -0.11986694	      1.05199185	     -0.53884924	     30.76178198	    -15.94268530	    -10.56762328	     39.19185930	      0.68402698	     -6.73774664	      0.00000000	      0.00000000	     25.37542352	     -3.66249344	    -11.37757899	     32.76005172	      0.57177077	      1.92580610	      0.00000000	      0.00000000	      2.37313832	     -5.03135732	      0.59828465
      2.29500000	    -12.91736198	      5.20683072	     -4.63025510	     -0.12112105	      1.04661764	     -0.53854255	     31.47080457	    -15.88144855	    -10.13721707	     39.84764544	      0.69547261	     -6.64341632	      0.00000000	      0.00000000	     25.98658276	     -3.77429627	    -11.30475882	     33.43656949	      0.58357823	      2.42512262	      0.00000000	      0.00000000	      2.44344876	     -5.09401652	      0.65429891
      2.30000000	    -13.21097553	      5.26478373	     -4.66923477	     -0.12244565	      1.04089887	     -0.53824230	     32.24863732	    -15.82854386	     -9.66743500	     40.56908129	      0.70806404	     -6.29867151	      0.00000000	      0.00000000	     26.67477332	     -3.86401095	    -11.17596387	     34.19901340	      0.59688538	      3.25880489	      0.00000000	      0.00000000	      2.55323066	     -5.17892330	      0.68474015
      2.30500000	    -13.53170092	      5.34057192	     -4.69066968	     -0.12383361	      1.03485616	     -0.53794447	     33.08395874	    -15.78608106	     -9.15549835	     41.36440432	      0.72194505	     -5.59994222	      0.00000000	      0.00000000	     27.42063581	     -3.93105061	    -11.00058014	     35.04580577	      0.61166470	      4.44275225	      0.00000000	      0.00000000	      2.68883899	     -5.28743546	      0.69337529
      2.31000000	    -13.86588606	      5.43567497	     -4.69215674	     -0.12527463	      1.02852218	     -0.53765003	     33.95787798	    -15.76156773	     -8.60952851	     42.23325552	      0.73710936	     -4.49265521	      0.00000000	      0.00000000	     28.20948815	     -3.97085597	    -10.78608751	     35.97677550	      0.62791319	      5.88319986	      0.00000000	      0.00000000	      2.83480622	     -5.42341728	      0.67753389
      2.31500000	    -14.19663170	      5.54810381	     -4.67559866	     -0.12674540	      1.02193790	     -0.53735739	     34.84521692	    -15.75760220	     -8.04125727	     43.16638386	      0.75339552	     -2.99028703	      0.00000000	      0.00000000	     29.02461000	     -3.98642240	    -10.55399251	     36.99302350	      0.64565006	      7.46930886	      0.00000000	      0.00000000	      2.97313582	     -5.58549457	      0.63812443
      2.32000000	    -14.51264089	      5.67330967	     -4.63749048	     -0.12822747	      1.01514305	     -0.53708334	     35.72741552	    -15.77697175	     -7.47337842	     44.15319731	      0.77061867	     -1.23314630	      0.00000000	      0.00000000	     29.85892360	     -3.98089787	    -10.31574839	     38.09297132	      0.66484777	      9.11946722	      0.00000000	      0.00000000	      3.09111103	     -5.76823816	      0.57108017
      2.32500000	    -14.81275477	      5.80906425	     -4.57606761	     -0.12972083	      1.00816172	     -0.53683961	     36.60582515	    -15.82237079	     -6.92176465	     45.19451642	      0.78879312	      0.62619442	      0.00000000	      0.00000000	     30.71349655	     -3.95364683	    -10.06790634	     39.25686410	      0.68516153	     10.75966658	      0.00000000	      0.00000000	      3.18685445	     -5.96808217	      0.47507280
      2.33000000	    -15.10816010	      5.94974644	     -4.48585421	     -0.13124338	      1.00100102	     -0.53662938	     37.49196253	    -15.88687357	     -6.39026958	     46.28207832	      0.80777465	      2.49479247	      0.00000000	      0.00000000	     31.61490932	     -3.91226777	     -9.80776196	     40.48597906	      0.70661364	     12.36253473	      0.00000000	      0.00000000	      3.27045390	     -6.17835204	      0.34652611
      2.33500000	    -15.40728788	      6.08567149	     -4.37325316	     -0.13281152	      0.99366191	     -0.53644885	     38.40031083	    -15.95240747	     -5.87442286	     47.41044904	      0.82746844	      4.35100837	      0.00000000	      0.00000000	     32.58251628	     -3.87488988	     -9.54349842	     41.77853643	      0.72917302	     13.92715888	      0.00000000	      0.00000000	      3.35011818	     -6.38536288	      0.19284707
      2.34000000	    -15.70412492	      6.21005598	     -4.24164447	     -0.13442701	      0.98615737	     -0.53629545	     39.33091348	    -16.01472733	     -5.38050800	     48.57878719	      0.84785978	      6.18091141	      0.00000000	      0.00000000	     33.61563789	     -3.85439616	     -9.28560882	     43.13089910	      0.75277620	     15.44583619	      0.00000000	      0.00000000	      3.41838206	     -6.58099811	      0.01751391
      2.34500000	    -15.98811631	      6.32590728	     -4.09437885	     -0.13607374	      0.97850362	     -0.53615789	     40.27908502	    -16.08282266	     -4.91530048	     49.78582006	      0.86892648	      8.00863586	      0.00000000	      0.00000000	     34.70298520	     -3.85253064	     -9.05339414	     44.53981521	      0.77736642	     16.90050531	      0.00000000	      0.00000000	      3.46578214	     -6.77015234	     -0.17505878
      2.35000000	    -16.24492540	      6.43309073	     -3.93125746	     -0.13773239	      0.97072634	     -0.53603013	     41.22872033	    -16.16455848	     -4.49195392	     51.02394008	      0.89053575	      9.84759083	      0.00000000	      0.00000000	     35.82795446	     -3.87155600	     -8.86146110	     46.01013250	      0.80302830	     18.27230770	      0.00000000	      0.00000000	      3.47726150	     -6.95464373	     -0.38587387
      2.35500000	    -16.45899292	      6.53481537	     -3.75349281	     -0.13937920	      0.96286469	     -0.53591483	     42.16002050	    -16.27108118	     -4.12502286	     52.28538129	      0.91255205	     11.67854722	      0.00000000	      0.00000000	     36.96528353	     -3.90688053	     -8.72272244	     47.53643962	      0.82966739	     19.52437108	      0.00000000	      0.00000000	      3.44172391	     -7.14005592	     -0.60014425
      2.36000000	    -16.62291282	      6.64127523	     -3.55976628	     -0.14100443	      0.95495899	     -0.53581067	     43.06264498	    -16.41800029	     -3.82119330	     53.56321488	      0.93485446	     13.44470540	      0.00000000	      0.00000000	     38.09605330	     -3.94503307	     -8.64691201	     49.11169579	      0.85716079	     20.64911925	      0.00000000	      0.00000000	      3.35028065	     -7.33910658	     -0.81740022
      2.36500000	    -16.74361510	      6.75616055	     -3.35005058	     -0.14261831	      0.94704638	     -0.53571862	     43.93824392	    -16.60444310	     -3.58011196	     54.84795232	      0.95727736	     15.10567318	      0.00000000	      0.00000000	     39.21941737	     -3.97881122	     -8.63201592	     50.72774812	      0.88536623	     21.64582173	      0.00000000	      0.00000000	      3.20861438	     -7.55475510	     -1.04294508
      2.37000000	    -16.82877528	      6.87939256	     -3.12493534	     -0.14424689	      0.93916406	     -0.53563546	     44.78991693	    -16.82298730	     -3.39873035	     56.13279854	      0.97970215	     16.64684125	      0.00000000	      0.00000000	     40.33933057	     -4.00863790	     -8.67405945	     52.38037087	      0.91420994	     22.52330639	      0.00000000	      0.00000000	      3.02077330	     -7.78575272	     -1.27592600
      2.37500000	    -16.89065583	      7.01156339	     -2.88769128	     -0.14591027	      0.93134498	     -0.53555527	     45.62866731	    -17.06546022	     -3.27020663	     57.41436865	      1.00206977	     18.06708902	      0.00000000	      0.00000000	     41.46605550	     -4.04038940	     -8.77843746	     54.06447475	      0.94360309	     23.29842272	      0.00000000	      0.00000000	      2.80051338	     -8.03065430	     -1.51127025
      2.38000000	    -16.94347819	      7.15409156	     -2.64060111	     -0.14763028	      0.92361873	     -0.53547362	     46.47201918	    -17.32571687	     -3.18369915	     58.69245867	      1.02437665	     19.37268923	      0.00000000	      0.00000000	     42.60945396	     -4.07543914	     -8.93948697	     55.77025327	      0.97337454	     23.99367021	      0.00000000	      0.00000000	      2.55410588	     -8.28661828	     -1.77436506
      2.38500000	    -16.99734419	      7.30329297	     -2.38359499	     -0.14941372	      0.91602097	     -0.53539872	     47.33043696	    -17.59929145	     -3.13721477	     59.96777613	      1.04663514	     20.57933107	      0.00000000	      0.00000000	     43.77213542	     -4.11434162	     -9.14329805	     57.48306059	      1.00326867	     24.62312236	      0.00000000	      0.00000000	      2.29579551	     -8.54695673	     -2.06720789
      2.39000000	    -17.05649253	      7.46011989	     -2.11958164	     -0.15125259	      0.90858191	     -0.53533270	     48.21105798	    -17.88759374	     -3.12407698	     61.24533388	      1.06893273	     21.71263390	      0.00000000	      0.00000000	     44.94154844	     -4.15440205	     -9.37908983	     59.17757087	      1.03284345	     25.19143658	      0.00000000	      0.00000000	      2.03554393	     -8.81173879	     -2.37481607
      2.39500000	    -17.12741901	      7.62599441	     -1.85353066	     -0.15312282	      0.90133610	     -0.53528865	     49.12052130	    -18.19081392	     -3.13428045	     62.52698463	      1.09130175	     22.77891972	      0.00000000	      0.00000000	     46.10413503	     -4.18794892	     -9.63926740	     60.82240983	      1.06155131	     25.71498444	      0.00000000	      0.00000000	      1.78732691	     -9.07927245	     -2.70148073
      2.40000000	    -17.21313258	      7.79300313	     -1.59625020	     -0.15500256	      0.89433081	     -0.53527441	     50.05429613	    -18.49253532	     -3.15125525	     63.80209173	      1.11355657	     23.78536311	      0.00000000	      0.00000000	     47.23979109	     -4.21812757	     -9.90986200	     62.38589731	      1.08883931	     26.19948086	      0.00000000	      0.00000000	      1.55543557	     -9.33390808	     -3.04294592
      2.40500000	    -17.31635783	      7.95309971	     -1.35591111	     -0.15686996	      0.88759992	     -0.53529582	     51.00586783	    -18.77749819	     -3.15972843	     65.06015592	      1.13551393	     24.72971589	      0.00000000	      0.00000000	     48.33378612	     -4.24762493	    -10.17792843	     63.84316431	      1.11427342	     26.64821840	      0.00000000	      0.00000000	      1.35110908	     -9.56535555	     -3.37718503
      2.41000000	    -17.43844932	      8.09869211	     -1.14199152	     -0.15870451	      0.88116931	     -0.53534702	     51.96692768	    -19.02562655	     -3.13733901	     66.28868518	      1.15695581	     25.60060286	      0.00000000	      0.00000000	     49.37252446	     -4.28219470	    -10.43211062	     65.17463641	      1.13751199	     27.06768923	      0.00000000	      0.00000000	      1.17860140	     -9.76399061	     -3.69521089
      2.41500000	    -17.58055739	      8.21953654	     -0.96830762	     -0.16048440	      0.87506766	     -0.53541330	     52.92894422	    -19.20855477	     -3.06161633	     67.47319492	      1.17762941	     26.37497940	      0.00000000	      0.00000000	     50.34619430	     -4.33666775	    -10.66877876	     66.37032937	      1.15838077	     27.48234102	      0.00000000	      0.00000000	      1.04334812	     -9.91687052	     -3.98866652
      2.42000000	    -17.74172257	      8.30500960	     -0.84323187	     -0.16220325	      0.86930161	     -0.53547403	     53.88458396	    -19.30048052	     -2.90987574	     68.60021675	      1.19729965	     27.05007875	      0.00000000	      0.00000000	     51.25055113	     -4.42555817	    -10.87129884	     67.43075393	      1.17688867	     27.88357764	      0.00000000	      0.00000000	      0.94826680	    -10.01426681	     -4.23190666
      2.42500000	    -17.91640141	      8.35793296	     -0.76429161	     -0.16384469	      0.86386315	     -0.53551387	     54.83006303	    -19.30210620	     -2.67277446	     69.67152021	      1.21599742	     27.61322309	      0.00000000	      0.00000000	     52.08216145	     -4.54285216	    -11.03040470	     68.36286810	      1.19315713	     28.27678129	      0.00000000	      0.00000000	      0.89525288	    -10.06782156	     -4.41553200
      2.43000000	    -18.09166122	      8.37964892	     -0.73377039	     -0.16537245	      0.85875898	     -0.53551042	     55.75028557	    -19.21119414	     -2.35167567	     70.68585257	      1.23370086	     28.06257517	      0.00000000	      0.00000000	     52.82847474	     -4.69097304	    -11.14537444	     69.17507633	      1.20733284	     28.66031385	      0.00000000	      0.00000000	      0.87654259	    -10.08229263	     -4.53816444
      2.43500000	    -18.25183640	      8.37352245	     -0.75312568	     -0.16674978	      0.85400386	     -0.53545242	     56.62493106	    -19.03163435	     -1.95913769	     71.63619567	      1.25028748	     28.40860944	      0.00000000	      0.00000000	     53.47818779	     -4.87088537	    -11.22195880	     69.88228617	      1.21967598	     29.02919377	      0.00000000	      0.00000000	      0.87970945	    -10.06240586	     -4.59548050
      2.44000000	    -18.37818917	      8.34659851	     -0.81547742	     -0.16793391	      0.84961647	     -0.53533600	     57.42750505	    -18.78262995	     -1.52079433	     72.51665042	      1.26565431	     28.66660529	      0.00000000	      0.00000000	     54.02224273	     -5.07523665	    -11.26767778	     70.50477636	      1.23054049	     29.37297855	      0.00000000	      0.00000000	      0.88768408	    -10.01789304	     -4.59431998
      2.44500000	    -18.45328023	      8.30869378	     -0.91587796	     -0.16887189	      0.84564127	     -0.53516357	     58.12731038	    -18.48632522	     -1.06840542	     73.31655882	      1.27961535	     28.84605274	      0.00000000	      0.00000000	     54.44928008	     -5.29310150	    -11.29936180	     71.05809649	      1.24019774	     29.68683173	      0.00000000	      0.00000000	      0.88451964	     -9.96087851	     -4.54705798
      2.45000000	    -18.46740682	      8.26396119	     -1.05376161	     -0.16952773	      0.84213245	     -0.53493857	     58.69690117	    -18.15522244	     -0.62909636	     74.01814814	      1.29186039	     28.96860362	      0.00000000	      0.00000000	     54.75835787	     -5.52414684	    -11.33241951	     71.55657723	      1.24889787	     29.92891468	      0.00000000	      0.00000000	      0.86036355	     -9.89395054	     -4.45773599
      2.45500000	    -18.42008250	      8.22521921	     -1.22091064	     -0.16988987	      0.83914901	     -0.53466926	     59.12320842	    -17.81524924	     -0.21987725	     74.60856634	      1.30216513	     29.05400749	      0.00000000	      0.00000000	     54.95453027	     -5.75641529	    -11.38376107	     72.00169706	      1.25666668	     29.98378560	      0.00000000	      0.00000000	      0.81286003	     -9.83303899	     -4.33231427
      2.46000000	    -18.31629999	      8.19990530	     -1.40559719	     -0.16995652	      0.83673610	     -0.53437317	     59.40117075	    -17.49374612	      0.14089461	     75.08604592	      1.31049872	     29.11688998	      0.00000000	      0.00000000	     55.04982261	     -5.97596111	    -11.45412285	     72.40652791	      1.26373231	     29.99122812	      0.00000000	      0.00000000	      0.74582842	     -9.78846992	     -4.18174181
      2.46500000	    -18.17395571	      8.20142250	     -1.59282070	     -0.16975400	      0.83494496	     -0.53406718	     59.54133562	    -17.21673030	      0.45299261	     75.44203907	      1.31671198	     29.17649461	      0.00000000	      0.00000000	     55.05787303	     -6.15848267	    -11.54256345	     72.75847214	      1.26987490	     29.99376667	      0.00000000	      0.00000000	      0.67468705	     -9.77800373	     -4.01811294
      2.47000000	    -18.01448539	      8.24354505	     -1.76079762	     -0.16932241	      0.83381406	     -0.53376078	     59.56277156	    -17.01528487	      0.71699575	     75.67457781	      1.32077054	     29.24384850	      0.00000000	      0.00000000	     54.99125690	     -6.27841658	    -11.64661002	     73.03263132	      1.27465988	     29.99503160	      0.00000000	      0.00000000	      0.61688755	     -9.82155717	     -3.86179381
      2.47500000	    -17.85814269	      8.33961988	     -1.88577274	     -0.16870378	      0.83337599	     -0.53346984	     59.48635518	    -16.91902849	      0.93355875	     75.78273834	      1.32265830	     29.31676366	      0.00000000	      0.00000000	     54.85466075	     -6.30568048	    -11.76049712	     73.19277985	      1.27745500	     29.99574477	      0.00000000	      0.00000000	      0.58738392	     -9.93771653	     -3.73423643
      2.48000000	    -17.72297287	      8.49460322	     -1.95028444	     -0.16794187	      0.83363774	     -0.53320016	     59.33003942	    -16.94019577	      1.10467954	     75.76209459	      1.32229800	     29.38654948	      0.00000000	      0.00000000	     54.65382650	     -6.22125038	    -11.87688692	     73.20703927	      1.27770387	     29.99614188	      0.00000000	      0.00000000	      0.60012098	    -10.13538645	     -3.65190654
      2.48500000	    -17.61873161	      8.70556095	     -1.94878520	     -0.16707270	      0.83457493	     -0.53296270	     59.10922127	    -17.07828238	      1.23228948	     75.61246041	      1.31968639	     29.43906495	      0.00000000	      0.00000000	     54.39037594	     -6.02013500	    -11.99080988	     73.05524482	      1.27505456	     29.99632344	      0.00000000	      0.00000000	      0.66124620	    -10.41066752	     -3.61793948
      2.49000000	    -17.54314139	      8.95887606	     -1.88460465	     -0.16611612	      0.83614562	     -0.53277165	     58.82735117	    -17.32061812	      1.31064986	     75.33896304	      1.31491296	     29.46141423	      0.00000000	      0.00000000	     54.06221797	     -5.71399807	    -12.09626400	     72.73364010	      1.26944150	     29.99632465	      0.00000000	      0.00000000	      0.76499744	    -10.74505856	     -3.62794423
      2.49500000	    -17.49164686	      9.23086957	     -1.77307312	     -0.16508910	      0.83828603	     -0.53263959	     58.48630324	    -17.63491579	      1.33466747	     74.94896999	      1.30810630	     29.44000498	      0.00000000	      0.00000000	     53.67282589	     -5.33301059	    -12.18843026	     72.25421604	      1.26107397	     29.99611681	      0.00000000	      0.00000000	      0.90358946	    -11.10461307	     -3.66591966
      2.50000000	    -17.45742282	      9.49318566	     -1.62963280	     -0.16400175	      0.84091902	     -0.53257347	     58.08508225	    -17.98807396	      1.29616330	     74.45403039	      1.29946797	     29.36707182	      0.00000000	      0.00000000	     53.22889896	     -4.91266809	    -12.26043063	     71.63982436	      1.25035081	     29.99562287	      0.00000000	      0.00000000	      1.06953947	    -11.45170825	     -3.71709222
      2.50500000	    -17.43499863	      9.71645588	     -1.47034686	     -0.16286298	      0.84398202	     -0.53258478	     57.62208181	    -18.34597829	      1.18378563	     73.86269435	      1.28914721	     29.24919185	      0.00000000	      0.00000000	     52.73976551	     -4.49260826	    -12.30673972	     70.92084120	      1.23780219	     29.99463940	      0.00000000	      0.00000000	      1.25787227	    -11.74740387	     -3.76931874
      2.51000000	    -17.42072859	      9.87332709	     -1.30982121	     -0.16168214	      0.84742136	     -0.53267632	     57.09399625	    -18.67422607	      0.98747518	     73.18223637	      1.27727098	     29.09226097	      0.00000000	      0.00000000	     52.21555004	     -4.11458861	    -12.32541344	     70.12874749	      1.22397754	     29.99256631	      0.00000000	      0.00000000	      1.46413814	    -11.95557555	     -3.80972982
      2.51500000	    -17.41618470	      9.94489185	     -1.16140753	     -0.16047194	      0.85118473	     -0.53283554	     56.50705978	    -18.94400991	      0.70329057	     72.42543722	      1.26406234	     28.89215269	      0.00000000	      0.00000000	     51.66911339	     -3.81656970	    -12.32249857	     69.29222834	      1.20937753	     29.98712550	      0.00000000	      0.00000000	      1.69365167	    -12.05438526	     -3.82158186
      2.52000000	    -17.42197164	      9.91967599	     -1.02803954	     -0.15923966	      0.85524580	     -0.53305889	     55.86213774	    -19.14219829	      0.32527740	     71.59866011	      1.24963236	     28.65207915	      0.00000000	      0.00000000	     51.10892909	     -3.61745687	    -12.29892313	     68.43006147	      1.19432988	     29.95720014	      0.00000000	      0.00000000	      1.94868400	    -12.03228376	     -3.80117887
      2.52500000	    -17.43944527	      9.79839770	     -0.91460954	     -0.15799298	      0.85959921	     -0.53333441	     55.16281803	    -19.25946015	     -0.14280584	     70.70396689	      1.23401702	     28.37119598	      0.00000000	      0.00000000	     50.53588061	     -3.52705825	    -12.26586159	     67.54072965	      1.17880811	     29.76941777	      0.00000000	      0.00000000	      2.22979783	    -11.89029450	     -3.74836106
      2.53000000	    -17.46273455	      9.58689049	     -0.82767136	     -0.15673268	      0.86422198	     -0.53365216	     54.41130058	    -19.29448674	     -0.69186825	     69.75439908	      1.21744393	     28.04152663	      0.00000000	      0.00000000	     49.94490905	     -3.54686987	    -12.23268463	     66.63359841	      1.16297568	     29.50576721	      0.00000000	      0.00000000	      2.52865721	    -11.63213789	     -3.65648944
      2.53500000	    -17.49136975	      9.29703409	     -0.76832461	     -0.15545805	      0.86910132	     -0.53400952	     53.61433377	    -19.25331805	     -1.31062324	     68.75638427	      1.20002529	     27.65753766	      0.00000000	      0.00000000	     49.33522213	     -3.66303313	    -12.20338612	     65.70605241	      1.14678695	     29.22154821	      0.00000000	      0.00000000	      2.84610192	    -11.27228327	     -3.53101706
      2.54000000	    -17.52195723	      8.94281802	     -0.73044870	     -0.15416045	      0.87425326	     -0.53440343	     52.76955223	    -19.14890260	     -1.99086968	     67.70784282	      1.18172479	     27.21534747	      0.00000000	      0.00000000	     48.70017750	     -3.85422519	    -12.17767397	     64.74726567	      1.13005297	     28.90503558	      0.00000000	      0.00000000	      3.17164796	    -10.82432968	     -3.39374821
      2.54500000	    -17.55323628	      8.54777456	     -0.71122229	     -0.15283319	      0.87968792	     -0.53481561	     51.88225836	    -18.99581695	     -2.71155272	     66.60745543	      1.16251940	     26.70977306	      0.00000000	      0.00000000	     48.03484701	     -4.09591692	    -12.16410681	     63.74323816	      1.11252938	     28.53908240	      0.00000000	      0.00000000	      3.50200184	    -10.31715158	     -3.26186031
      2.55000000	    -17.58491971	      8.13755070	     -0.70303803	     -0.15146889	      0.88542103	     -0.53522800	     50.95997314	    -18.81503132	     -3.45206142	     65.45520213	      1.14240879	     26.13087375	      0.00000000	      0.00000000	     47.33759884	     -4.35829432	    -12.16867507	     62.68378073	      1.09403836	     28.11262744	      0.00000000	      0.00000000	      3.83606846	     -9.78493343	     -3.14144820
      2.55500000	    -17.61683685	      7.73161303	     -0.69896589	     -0.15005341	      0.89148010	     -0.53562170	     50.00463715	    -18.62014993	     -4.19808125	     64.24366567	      1.12126349	     25.46566075	      0.00000000	      0.00000000	     46.60709274	     -4.61669184	    -12.18988710	     61.55822705	      1.07439374	     27.60501829	      0.00000000	      0.00000000	      4.17405883	     -9.25576278	     -3.04143932
      2.56000000	    -17.64006652	      7.35360864	     -0.69487368	     -0.14856777	      0.89789256	     -0.53597291	     49.01384585	    -18.43065538	     -4.93200989	     62.97184657	      1.09906606	     24.70268435	      0.00000000	      0.00000000	     45.83166338	     -4.84627311	    -12.23224457	     60.36131039	      1.05350361	     27.00715944	      0.00000000	      0.00000000	      4.50472801	     -8.76040872	     -2.96472276
      2.56500000	    -17.64749505	      7.02528088	     -0.69194391	     -0.14699579	      0.90466751	     -0.53626141	     47.98969629	    -18.26093573	     -5.63493615	     61.64221383	      1.07585959	     23.83679155	      0.00000000	      0.00000000	     45.00196073	     -5.02635254	    -12.30265119	     59.08723928	      1.03126687	     26.31339692	      0.00000000	      0.00000000	      4.82415669	     -8.32926737	     -2.90038417
      2.57000000	    -17.63010977	      6.76082897	     -0.69004788	     -0.14532756	      0.91180267	     -0.53648014	     46.93334384	    -18.12503873	     -6.29573631	     60.26461230	      1.05181591	     22.86034370	      0.00000000	      0.00000000	     44.11027229	     -5.13833936	    -12.39753321	     57.73903328	      1.00773624	     25.52447350	      0.00000000	      0.00000000	      5.12295769	     -7.97964437	     -2.83933631
      2.57500000	    -17.56937479	      6.56441653	     -0.69310984	     -0.14353995	      0.91929094	     -0.53662694	     45.82930771	    -18.02950258	     -6.91352296	     58.84548270	      1.02704742	     21.77475097	      0.00000000	      0.00000000	     43.13680721	     -5.17817777	    -12.51528373	     56.31934908	      0.98295807	     24.63925794	      0.00000000	      0.00000000	      5.38154950	     -7.71618676	     -2.77703122
      2.58000000	    -17.45221826	      6.43792433	     -0.70697365	     -0.14162480	      0.92709457	     -0.53670662	     44.67315880	    -17.97954167	     -7.48428857	     57.39868548	      1.00179605	     20.58793151	      0.00000000	      0.00000000	     42.07187852	     -5.14593531	    -12.65931733	     54.83795876	      0.95710294	     23.67035016	      0.00000000	      0.00000000	      5.58665200	     -7.53935332	     -2.70472084
      2.58500000	    -17.26862442	      6.37237026	     -0.73792562	     -0.13958358	      0.93517091	     -0.53673411	     43.45920004	    -17.96901137	     -8.01089408	     55.93369849	      0.97622720	     19.30906220	      0.00000000	      0.00000000	     40.91041890	     -5.05037072	    -12.82502659	     53.30380049	      0.93032682	     22.62140277	      0.00000000	      0.00000000	      5.72798757	     -7.43590214	     -2.61321534
      2.59000000	    -17.00930601	      6.35676021	     -0.78705940	     -0.13742333	      0.94346939	     -0.53672138	     42.18077490	    -17.99502656	     -8.50130468	     54.46131389	      0.95052924	     17.94302733	      0.00000000	      0.00000000	     39.64856193	     -4.90118706	    -13.00444194	     51.72703005	      0.90280699	     21.49529696	      0.00000000	      0.00000000	      5.79355776	     -7.39168028	     -2.50243736
      2.59500000	    -16.67114742	      6.37265309	     -0.85621610	     -0.13515604	      0.95193856	     -0.53668052	     40.83204659	    -18.04200341	     -8.96565714	     52.98172036	      0.92470546	     16.50155197	      0.00000000	      0.00000000	     38.29056717	     -4.71906560	    -13.19423049	     50.12013889	      0.87476145	     20.29651020	      0.00000000	      0.00000000	      5.77830979	     -7.38357022	     -2.37035645
      2.60000000	    -16.25863949	      6.40445721	     -0.94795177	     -0.13280307	      0.96051701	     -0.53662306	     39.41961423	    -18.09728913	     -9.40926151	     51.49904774	      0.89882794	     14.99123872	      0.00000000	      0.00000000	     36.84775088	     -4.52091871	    -13.39149280	     48.49173564	      0.84634045	     19.03201199	      0.00000000	      0.00000000	      5.68573883	     -7.39129925	     -2.21563170
      2.60500000	    -15.77697749	      6.43822255	     -1.06265778	     -0.13039038	      0.96915619	     -0.53655780	     37.94862658	    -18.14689554	     -9.83758238	     50.01511708	      0.87292847	     13.41361583	      0.00000000	      0.00000000	     35.33012976	     -4.32114605	    -13.59068753	     46.84764189	      0.81764560	     17.69795564	      0.00000000	      0.00000000	      5.51857370	     -7.39741071	     -2.03867717
      2.61000000	    -15.23566195	      6.45959537	     -1.19567208	     -0.12793685	      0.97780082	     -0.53649473	     36.42541341	    -18.18035876	    -10.26336398	     48.52722727	      0.84695989	     11.77611947	      0.00000000	      0.00000000	     33.75393455	     -4.13385501	    -13.78877548	     45.19735104	      0.78884259	     16.30583554	      0.00000000	      0.00000000	      5.28484560	     -7.38545587	     -1.84496842
      2.61500000	    -14.64575809	      6.45691845	     -1.34413953	     -0.12546556	      0.98639896	     -0.53644408	     34.86173062	    -18.18699466	    -10.69527065	     47.03708034	      0.82095192	     10.08299921	      0.00000000	      0.00000000	     32.13662379	     -3.96995869	    -13.98299262	     43.54842076	      0.76006333	     14.85805583	      0.00000000	      0.00000000	      4.99431772	     -7.34128053	     -1.63839926
      2.62000000	    -14.01917851	      6.42632122	     -1.50630426	     -0.12299568	      0.99489823	     -0.53641334	     33.27284896	    -18.16364918	    -11.13370153	     45.54897284	      0.79497955	      8.33327067	      0.00000000	      0.00000000	     30.49331805	     -3.83287730	    -14.17564465	     41.90268926	      0.73133989	     13.36491372	      0.00000000	      0.00000000	      4.65843322	     -7.25987331	     -1.42066722
      2.62500000	    -13.37035827	      6.36472065	     -1.67306894	     -0.12054701	      1.00325464	     -0.53641155	     31.67393244	    -18.10828570	    -11.58771082	     44.06517513	      0.76908239	      6.52924560	      0.00000000	      0.00000000	     28.84580489	     -3.72444472	    -14.36253462	     40.27132017	      0.70286713	     11.83011798	      0.00000000	      0.00000000	      4.29039430	     -7.13893161	     -1.19944453
      2.63000000	    -12.71763276	      6.27112478	     -1.83595576	     -0.11814321	      1.01141582	     -0.53644805	     30.08785919	    -18.02269528	    -12.06168436	     42.58907535	      0.74331959	      4.68166792	      0.00000000	      0.00000000	     27.21983489	     -3.64222592	    -14.53562156	     38.66048109	      0.67475269	     10.26592661	      0.00000000	      0.00000000	      3.90777963	     -6.97801388	     -0.98298027
      2.63500000	    -12.07865385	      6.15340222	     -1.99260662	     -0.11581349	      1.01933505	     -0.53651504	     28.54431717	    -17.91183402	    -12.54440742	     41.13737101	      0.71798257	      2.79640506	      0.00000000	      0.00000000	     25.63886761	     -3.58169253	    -14.69821764	     37.07706831	      0.64711692	      8.67777450	      0.00000000	      0.00000000	      3.52789276	     -6.78714229	     -0.77223836
      2.64000000	    -11.47762610	      6.01668457	     -2.13879625	     -0.11358408	      1.02696834	     -0.53661163	     27.07363824	    -17.77596414	    -13.02380316	     39.71216338	      0.69310800	      0.88767128	      0.00000000	      0.00000000	     24.13534068	     -3.53835224	    -14.84769352	     35.53107872	      0.62013431	      7.08948509	      0.00000000	      0.00000000	      3.17605694	     -6.57281469	     -0.56905408
      2.64500000	    -10.93407248	      5.86347502	     -2.27062358	     -0.11148553	      1.03427441	     -0.53673451	     25.70332075	    -17.61452204	    -13.49221943	     38.32328753	      0.66886755	     -1.01592345	      0.00000000	      0.00000000	     22.73670038	     -3.51219391	    -14.97569865	     34.03353343	      0.59399721	      5.50595854	      0.00000000	      0.00000000	      2.87137009	     -6.33849692	     -0.37695121
      2.65000000	    -10.47533859	      5.69949584	     -2.38616886	     -0.10955363	      1.04120563	     -0.53687293	     24.46994706	    -17.42704054	    -13.92865497	     36.97909342	      0.64540693	     -2.87817119	      0.00000000	      0.00000000	     21.48165323	     -3.50117294	    -15.07649481	     32.60089731	      0.56899300	      3.96343930	      0.00000000	      0.00000000	      2.64186906	     -6.09149890	     -0.19686923
      2.65500000	    -10.12189733	      5.52949964	     -2.48666738	     -0.10781731	      1.04771640	     -0.53701395	     23.40358835	    -17.21175193	    -14.30960855	     35.69393537	      0.62297670	     -4.65041062	      0.00000000	      0.00000000	     20.39966700	     -3.50626130	    -15.14997954	     31.25134652	      0.54543889	      2.50034377	      0.00000000	      0.00000000	      2.50892290	     -5.83772659	     -0.02576808
      2.66000000	     -9.89440144	      5.35010288	     -2.56769732	     -0.10630056	      1.05376760	     -0.53715602	     22.52728140	    -16.96156217	    -14.62353684	     34.47249135	      0.60165848	     -6.27322266	      0.00000000	      0.00000000	     19.52698185	     -3.53678647	    -15.18829584	     30.01715826	      0.52389824	      1.17185556	      0.00000000	      0.00000000	      2.49332098	     -5.57308968	      0.13042914
      2.66500000	     -9.80420050	      5.16825668	     -2.62780756	     -0.10502509	      1.05931387	     -0.53729054	     21.86733882	    -16.68801901	    -14.86149904	     33.34867426	      0.58204417	     -7.67014999	      0.00000000	      0.00000000	     18.88860942	     -3.59227390	    -15.19386237	     28.92898936	      0.50490611	      0.04064877	      0.00000000	      0.00000000	      2.60688167	     -5.30662642	      0.26852285
      2.67000000	     -9.84904183	      4.98787898	     -2.66864067	     -0.10399289	      1.06433235	     -0.53740880	     21.42848717	    -16.39894108	    -15.01959187	     32.34447745	      0.56451763	     -8.77732572	      0.00000000	      0.00000000	     18.49275702	     -3.67687846	    -15.18338678	     28.01835352	      0.48901252	     -0.81395062	      0.00000000	      0.00000000	      2.84725052	     -5.04349558	      0.38784805
      2.67500000	    -10.01081526	      4.81374496	     -2.69371581	     -0.10319431	      1.06881984	     -0.53751065	     21.20104151	    -16.10919067	    -15.10528688	     31.48911334	      0.54958871	     -9.54256192	      0.00000000	      0.00000000	     18.32336307	     -3.78844244	    -15.17239533	     27.30241475	      0.47651703	     -1.35371565	      0.00000000	      0.00000000	      3.19322028	     -4.78840997	      0.48323889
      2.68000000	    -10.25353273	      4.64899817	     -2.70606818	     -0.10259453	      1.07281777	     -0.53759809	     21.14498188	    -15.83180532	    -15.14042209	     30.79370266	      0.53745150	     -9.94993804	      0.00000000	      0.00000000	     18.33744598	     -3.92305941	    -15.17847263	     26.78333292	      0.46745734	     -1.56293098	      0.00000000	      0.00000000	      3.60629922	     -4.54563851	      0.55299566
      2.68500000	    -10.53497303	      4.50646793	     -2.70989042	     -0.10215998	      1.07637175	     -0.53767150	     21.22061872	    -15.59358585	    -15.14567048	     30.27820918	      0.52845444	    -10.00803061	      0.00000000	      0.00000000	     18.47601269	     -4.05920267	    -15.20884082	     26.44064101	      0.46147624	     -1.46676520	      0.00000000	      0.00000000	      4.04133174	     -4.33187940	      0.59879411
      2.69000000	    -10.80504254	      4.38239073	     -2.71054527	     -0.10183614	      1.07956701	     -0.53773715	     21.35711674	    -15.39416764	    -15.14264526	     29.91887638	      0.52218290	     -9.77298855	      0.00000000	      0.00000000	     18.66531606	     -4.19375548	    -15.26960038	     26.24354148	      0.45803621	     -1.12962432	      0.00000000	      0.00000000	      4.44364520	     -4.14260104	      0.62512367
      2.69500000	    -11.03058421	      4.27620313	     -2.70931635	     -0.10158436	      1.08248279	     -0.53780184	     21.50309937	    -15.23412531	    -15.14374519	     29.68909044	      0.51817238	     -9.31867601	      0.00000000	      0.00000000	     18.85122122	     -4.31557329	    -15.34699189	     26.15678597	      0.45652204	     -0.64502485	      0.00000000	      0.00000000	      4.77734382	     -3.97777519	      0.63114277
      2.70000000	    -11.18126501	      4.18490389	     -2.70871876	     -0.10136386	      1.08519002	     -0.53787142	     21.60817421	    -15.10979158	    -15.15932225	     29.55682069	      0.51586384	     -8.72542590	      0.00000000	      0.00000000	     18.98234410	     -4.41887774	    -15.43152137	     26.14393405	      0.45629773	     -0.09688182	      0.00000000	      0.00000000	      5.01407015	     -3.83618850	      0.62965462
      2.70500000	    -11.24854931	      4.11188976	     -2.70889986	     -0.10115898	      1.08772643	     -0.53794456	     21.65382158	    -15.02268216	    -15.18669181	     29.50114044	      0.51489203	     -8.06457627	      0.00000000	      0.00000000	     19.03914698	     -4.49481993	    -15.50798068	     26.18460205	      0.45700752	      0.44622297	      0.00000000	      0.00000000	      5.14556591	     -3.72266569	      0.62229613
      2.71000000	    -11.22374837	      4.04499681	     -2.71353272	     -0.10095011	      1.09013718	     -0.53802525	     21.60895514	    -14.95144844	    -15.22144053	     29.47698875	      0.51447051	     -7.40058015	      0.00000000	      0.00000000	     19.00081044	     -4.55299515	    -15.56729440	     26.25478200	      0.45823239	      0.93310872	      0.00000000	      0.00000000	      5.16289703	     -3.62156614	      0.61290504
      2.71500000	    -11.11905280	      3.98697737	     -2.72040134	     -0.10074542	      1.09242346	     -0.53811366	     21.48415561	    -14.89667872	    -15.25728347	     29.47479142	      0.51443216	     -6.77543580	      0.00000000	      0.00000000	     18.87580249	     -4.58596162	    -15.59020922	     26.34173360	      0.45974998	      1.33971509	      0.00000000	      0.00000000	      5.08059458	     -3.53636519	      0.59993040
      2.72000000	    -10.94152859	      3.94650227	     -2.73117601	     -0.10055218	      1.09457418	     -0.53819862	     21.29103633	    -14.86703912	    -15.28790943	     29.49748710	      0.51482827	     -6.20654474	      0.00000000	      0.00000000	     18.66664764	     -4.58485633	    -15.57414242	     26.43167024	      0.46131967	      1.67082367	      0.00000000	      0.00000000	      4.90729898	     -3.47785515	      0.58865180
      2.72500000	    -10.71888502	      3.92547304	     -2.74338728	     -0.10039784	      1.09656351	     -0.53827606	     21.05948645	    -14.85901144	    -15.30077753	     29.53958557	      0.51556303	     -5.70468539	      0.00000000	      0.00000000	     18.40429176	     -4.54553043	    -15.50404125	     26.51703665	      0.46280960	      1.93399071	      0.00000000	      0.00000000	      4.67158891	     -3.44683333	      0.57465479
      2.73000000	    -10.46693975	      3.92206135	     -2.75802225	     -0.10029905	      1.09836989	     -0.53834085	     20.80727179	    -14.86848810	    -15.28985053	     29.59694424	      0.51656413	     -5.26508100	      0.00000000	      0.00000000	     18.10660367	     -4.47344411	    -15.38331096	     26.59298381	      0.46413513	      2.14524659	      0.00000000	      0.00000000	      4.39064774	     -3.44055113	      0.56074513
      2.73500000	    -10.21120746	      3.94451442	     -2.77089465	     -0.10028047	      1.09995453	     -0.53838295	     20.57071774	    -14.90439668	    -15.25087172	     29.68294146	      0.51806506	     -4.88667704	      0.00000000	      0.00000000	     17.80699693	     -4.36226334	    -15.21189501	     26.66209355	      0.46534132	      2.31920883	      0.00000000	      0.00000000	      4.09234369	     -3.46949196	      0.54543408
      2.74000000	     -9.97062295	      3.99217070	     -2.78036436	     -0.10035693	      1.10128798	     -0.53839978	     20.37113185	    -14.96392323	    -15.18095367	     29.79436478	      0.52000976	     -4.55796439	      0.00000000	      0.00000000	     17.53053420	     -4.21590218	    -14.99866604	     26.72170054	      0.46638166	      2.46796957	      0.00000000	      0.00000000	      3.79675027	     -3.53242145	      0.52944485
      2.74500000	     -9.76363012	      4.05570414	     -2.78453148	     -0.10053915	      1.10235135	     -0.53839563	     20.22516349	    -15.03445326	    -15.08055777	     29.92098059	      0.52221963	     -4.27820318	      0.00000000	      0.00000000	     17.30422758	     -4.05039242	    -14.75423044	     26.78189507	      0.46743225	      2.59014492	      0.00000000	      0.00000000	      3.52394900	     -3.61707942	      0.51359280
      2.75000000	     -9.59766801	      4.13453352	     -2.78069803	     -0.10082853	      1.10312425	     -0.53836721	     20.14454582	    -15.11834587	    -14.95716652	     30.06760069	      0.52477863	     -4.04527973	      0.00000000	      0.00000000	     17.14250076	     -3.87403858	    -14.49485235	     26.85341784	      0.46868056	      2.68974442	      0.00000000	      0.00000000	      3.28340446	     -3.72384929	      0.49745032
      2.75500000	     -9.48412481	      4.22518861	     -2.76467164	     -0.10122948	      1.10359007	     -0.53832189	     20.14144606	    -15.21173961	    -14.81737174	     30.23353814	      0.52767479	     -3.86504883	      0.00000000	      0.00000000	     17.06220277	     -3.69199020	    -14.22320682	     26.94000675	      0.47019182	      2.75944798	      0.00000000	      0.00000000	      3.08815458	     -3.84844880	      0.47983749
      2.76000000	     -9.42632772	      4.32341631	     -2.73890338	     -0.10173650	      1.10373596	     -0.53826295	     20.22171122	    -15.31072483	    -14.66300908	     30.42088490	      0.53094460	     -3.72984046	      0.00000000	      0.00000000	     17.06765745	     -3.51389241	    -13.95301451	     27.04532204	      0.47202992	      2.79637075	      0.00000000	      0.00000000	      2.94380232	     -3.98510916	      0.46471208
      2.76500000	     -9.42448241	      4.42039577	     -2.70266666	     -0.10234575	      1.10356326	     -0.53819652	     20.38347057	    -15.40617402	    -14.49845638	     30.62719843	      0.53454545	     -3.64337056	      0.00000000	      0.00000000	     17.16265271	     -3.35322275	    -13.68969149	     27.18074679	      0.47439352	      2.80591974	      0.00000000	      0.00000000	      2.85195621	     -4.12301507	      0.45301025
      2.77000000	     -9.47619084	      4.51528698	     -2.65497448	     -0.10305315	      1.10306424	     -0.53812741	     20.62475777	    -15.49878067	    -14.32643948	     30.85496426	      0.53852072	     -3.60520709	      0.00000000	      0.00000000	     17.34399688	     -3.20950599	    -13.43195480	     27.34577074	      0.47727374	      2.79721473	      0.00000000	      0.00000000	      2.80988090	     -4.26120030	      0.44116177
      2.77500000	     -9.57940614	      4.60076291	     -2.60115712	     -0.10384506	      1.10223759	     -0.53806198	     20.94208780	    -15.57908667	    -14.14408218	     31.10275960	      0.54284556	     -3.60895521	      0.00000000	      0.00000000	     17.60554939	     -3.09017239	    -13.18426056	     27.53764868	      0.48062264	      2.77464235	      0.00000000	      0.00000000	      2.81501248	     -4.38798449	      0.43292954
      2.78000000	     -9.72655588	      4.67090318	     -2.54266268	     -0.10470784	      1.10108544	     -0.53800403	     21.32547447	    -15.64240323	    -13.95527979	     31.37213845	      0.54754711	     -3.64773373	      0.00000000	      0.00000000	     17.93798466	     -3.00302214	    -12.95138320	     27.76110037	      0.48452261	      2.75480503	      0.00000000	      0.00000000	      2.85803613	     -4.49506813	      0.42697841
      2.78500000	     -9.91576247	      4.72085341	     -2.48210344	     -0.10563645	      1.09960642	     -0.53795593	     21.77181880	    -15.68251336	    -13.75706629	     31.66282374	      0.55262052	     -3.71714992	      0.00000000	      0.00000000	     18.33787776	     -2.95123173	    -12.73054830	     28.01685298	      0.48898633	      2.74968891	      0.00000000	      0.00000000	      2.93560068	     -4.57508930	      0.42351191
      2.79000000	    -10.14550057	      4.75397472	     -2.42155186	     -0.10661793	      1.09779446	     -0.53791180	     22.28042265	    -15.70275314	    -13.54817113	     31.97893379	      0.55813769	     -3.81086755	      0.00000000	      0.00000000	     18.80104767	     -2.93088916	    -12.52201166	     28.30489312	      0.49401358	      2.76208328	      0.00000000	      0.00000000	      3.04798608	     -4.63262563	      0.42439255
      2.79500000	    -10.41169726	      4.76834521	     -2.36719017	     -0.10764254	      1.09564916	     -0.53786598	     22.84957976	    -15.70010577	    -13.32596595	     32.32710243	      0.56421438	     -3.91434001	      0.00000000	      0.00000000	     19.31977429	     -2.94504104	    -12.33105504	     28.62373753	      0.49957846	      2.78985173	      0.00000000	      0.00000000	      3.19318541	     -4.66494339	      0.43616578
      2.80000000	    -10.70890004	      4.76537418	     -2.32065192	     -0.10870921	      1.09317566	     -0.53780900	     23.47278117	    -15.67498621	    -13.08885809	     32.70704511	      0.57084563	     -4.01718823	      0.00000000	      0.00000000	     19.88886074	     -2.99347122	    -12.15844231	     28.97807941	      0.50576290	      2.83773256	      0.00000000	      0.00000000	      3.36646076	     -4.67564085	      0.45928549
      2.80500000	    -11.03434402	      4.74497945	     -2.28433423	     -0.10981527	      1.09037875	     -0.53773685	     24.14477457	    -15.62470150	    -12.83362953	     33.11357967	      0.57794099	     -4.11058288	      0.00000000	      0.00000000	     20.50443915	     -3.07466999	    -12.00080741	     29.36746961	      0.51255904	      2.90287523	      0.00000000	      0.00000000	      3.56702382	     -4.66559379	      0.49529721
      2.81000000	    -11.37824797	      4.71285097	     -2.25944108	     -0.11095760	      1.08727035	     -0.53764345	     24.85604545	    -15.55530569	    -12.56139232	     33.54834669	      0.58552911	     -4.18046928	      0.00000000	      0.00000000	     21.15573384	     -3.18287396	    -11.86011084	     29.79327592	      0.51999076	      2.97588285	      0.00000000	      0.00000000	      3.78485579	     -4.64290692	      0.54583746
      2.81500000	    -11.73446895	      4.66791292	     -2.24540029	     -0.11213846	      1.08386117	     -0.53753199	     25.59781307	    -15.46524129	    -12.27410971	     34.00869239	      0.59356366	     -4.21938378	      0.00000000	      0.00000000	     21.83644400	     -3.31705749	    -11.73199197	     30.25580207	      0.52806336	      3.05486786	      0.00000000	      0.00000000	      4.01128140	     -4.60558536	      0.60636658
      2.82000000	    -12.09234869	      4.61627695	     -2.23955139	     -0.11335388	      1.08016761	     -0.53740282	     26.35608988	    -15.36217069	    -11.97578577	     34.49104173	      0.60198224	     -4.22927140	      0.00000000	      0.00000000	     22.53473920	     -3.46783046	    -11.61461671	     30.75262653	      0.53673459	      3.13845528	      0.00000000	      0.00000000	      4.23240701	     -4.56134157	      0.67182985
      2.82500000	    -12.44350562	      4.55958506	     -2.24004703	     -0.11459755	      1.07620718	     -0.53726292	     27.11896279	    -15.24932234	    -11.67190636	     34.99276521	      0.61073897	     -4.22255894	      0.00000000	      0.00000000	     23.23962772	     -3.63068075	    -11.50360307	     31.28043323	      0.54594655	      3.21442361	      0.00000000	      0.00000000	      4.43814736	     -4.51185499	      0.74027663
      2.83000000	    -12.77923052	      4.50649344	     -2.24308167	     -0.11586834	      1.07199154	     -0.53711406	     27.87977673	    -15.13969281	    -11.36722428	     35.52061062	      0.61995161	     -4.21238589	      0.00000000	      0.00000000	     23.94144550	     -3.79341004	    -11.39624030	     31.83569457	      0.55563769	      3.26899616	      0.00000000	      0.00000000	      4.61697000	     -4.46799022	      0.80667927
      2.83500000	    -13.10009777	      4.45707364	     -2.24555541	     -0.11716055	      1.06753067	     -0.53696060	     28.63465733	    -15.03383542	    -11.06559414	     36.06830036	      0.62951060	     -4.22904777	      0.00000000	      0.00000000	     24.63989576	     -3.95308034	    -11.28588259	     32.41507791	      0.56574984	      3.29533867	      0.00000000	      0.00000000	      4.77032594	     -4.43044823	      0.86557373
      2.84000000	    -13.39723080	      4.42105883	     -2.24589803	     -0.11846486	      1.06283709	     -0.53680377	     29.37656691	    -14.94542250	    -10.76926843	     36.64109535	      0.63950776	     -4.29058967	      0.00000000	      0.00000000	     25.32139168	     -4.09657442	    -11.17393756	     33.00854345	      0.57610776	      3.27658777	      0.00000000	      0.00000000	      4.88894244	     -4.41176612	      0.91586121
      2.84500000	    -13.67782573	      4.39827935	     -2.23789628	     -0.11978531	      1.05790541	     -0.53665202	     30.11312280	    -14.87698178	    -10.48198886	     37.24127194	      0.64998281	     -4.41521868	      0.00000000	      0.00000000	     25.99682365	     -4.22040004	    -11.04576694	     33.62058985	      0.58678999	      3.20510031	      0.00000000	      0.00000000	      4.98117974	     -4.41218779	      0.95157960
      2.85000000	    -13.94754174	      4.39420570	     -2.21688530	     -0.12113181	      1.05272524	     -0.53650703	     30.85529291	    -14.83540021	    -10.20036302	     37.87859252	      0.66110616	     -4.58465728	      0.00000000	      0.00000000	     26.67724067	     -4.31557467	    -10.89390764	     34.25942563	      0.59793978	      3.14007723	      0.00000000	      0.00000000	      5.05276160	     -4.43889655	      0.96780120
      2.85500000	    -14.22128671	      4.40866422	     -2.18270171	     -0.12252339	      1.04727428	     -0.53636676	     31.62361826	    -14.81596987	     -9.90863395	     38.56381243	      0.67306550	     -4.69644178	      0.00000000	      0.00000000	     27.38113625	     -4.38153990	    -10.70653690	     34.93289622	      0.60969406	      3.18745962	      0.00000000	      0.00000000	      5.11986630	     -4.49106701	      0.96561176
      2.86000000	    -14.50492783	      4.44274278	     -2.13475169	     -0.12397299	      1.04153734	     -0.53622989	     32.42770747	    -14.81754892	     -9.59207140	     39.30746555	      0.68604469	     -4.60626260	      0.00000000	      0.00000000	     28.11632102	     -4.41514460	    -10.47495491	     35.64724896	      0.62216186	      3.45321925	      0.00000000	      0.00000000	      5.18789544	     -4.56974901	      0.94606820
      2.86500000	    -14.80361437	      4.49211997	     -2.06956884	     -0.12548213	      1.03551242	     -0.53609827	     33.27030355	    -14.83574433	     -9.24805185	     40.11198462	      0.70008620	     -4.20128134	      0.00000000	      0.00000000	     28.89306046	     -4.42112720	    -10.19519842	     36.42436335	      0.63572507	      4.01919015	      0.00000000	      0.00000000	      5.26280203	     -4.67012864	      0.90527126
      2.87000000	    -15.10864197	      4.56142364	     -1.99464292	     -0.12703541	      1.02921165	     -0.53595809	     34.14488931	    -14.87189396	     -8.86679363	     40.98732409	      0.71536376	     -3.40198948	      0.00000000	      0.00000000	     29.69776038	     -4.40063380	     -9.88817834	     37.27429309	      0.65055914	      4.94811283	      0.00000000	      0.00000000	      5.33704133	     -4.79750952	      0.85269298
      2.87500000	    -15.41206545	      4.64854934	     -1.91215423	     -0.12861334	      1.02265991	     -0.53580535	     35.03707698	    -14.92254139	     -8.44942426	     41.93218071	      0.73185462	     -2.17741336	      0.00000000	      0.00000000	     30.51399967	     -4.35506968	     -9.55919725	     38.19244226	      0.66658387	      6.18919956	      0.00000000	      0.00000000	      5.40380990	     -4.94983679	      0.78956012
      2.88000000	    -15.70366361	      4.75370839	     -1.81709463	     -0.13019102	      1.01589542	     -0.53564893	     35.93017897	    -14.99435899	     -8.01426831	     42.94014641	      0.74944694	     -0.65393591	      0.00000000	      0.00000000	     31.33324808	     -4.28158723	     -9.21920350	     39.18372982	      0.68388510	      7.61149327	      0.00000000	      0.00000000	      5.45327584	     -5.12858429	      0.71030556
      2.88500000	    -15.97516217	      4.87540447	     -1.70977390	     -0.13175337	      1.00895105	     -0.53549044	     36.81887195	    -15.08970722	     -7.57836920	     44.01579380	      0.76822052	      0.99327183	      0.00000000	      0.00000000	     32.15277454	     -4.18721468	     -8.88961019	     40.25838110	      0.70264130	      9.10271346	      0.00000000	      0.00000000	      5.47682017	     -5.33214601	      0.61390585
      2.89000000	    -16.22820294	      5.01275558	     -1.59505477	     -0.13331020	      1.00183962	     -0.53532745	     37.71501037	    -15.20431486	     -7.14080619	     45.16610652	      0.78829727	      2.65653822	      0.00000000	      0.00000000	     32.97735452	     -4.07780462	     -8.58276827	     41.40736429	      0.72269484	     10.61925393	      0.00000000	      0.00000000	      5.47615162	     -5.55843426	      0.50615487
      2.89500000	    -16.46700778	      5.16353300	     -1.47399384	     -0.13488677	      0.99457081	     -0.53515975	     38.63304272	    -15.33429314	     -6.70086473	     46.39138271	      0.80968237	      4.30597887	      0.00000000	      0.00000000	     33.82090695	     -3.96016584	     -8.30173663	     42.62301742	      0.74391199	     12.11947666	      0.00000000	      0.00000000	      5.45325080	     -5.80467744	      0.38748902
      2.90000000	    -16.69459376	      5.32346137	     -1.34633324	     -0.13650294	      0.98714456	     -0.53499450	     39.58725449	    -15.47755004	     -6.26195247	     47.68895734	      0.83232932	      5.91545438	      0.00000000	      0.00000000	     34.70421711	     -3.84606597	     -8.06054604	     43.90873689	      0.76635203	     13.60728056	      0.00000000	      0.00000000	      5.40940584	     -6.06524710	      0.25833872
      2.90500000	    -16.91042498	      5.48782302	     -1.21502949	     -0.13817793	      0.97955719	     -0.53483210	     40.58727498	    -15.62927349	     -5.82324353	     49.05746066	      0.85621421	      7.51605578	      0.00000000	      0.00000000	     35.63561126	     -3.74545596	     -7.86275988	     45.25834750	      0.78990718	     15.09584945	      0.00000000	      0.00000000	      5.34350065	     -6.33422646	      0.12701639
      2.91000000	    -17.11035271	      5.65123089	     -1.08141617	     -0.13991738	      0.97181022	     -0.53467853	     41.62987681	    -15.78541350	     -5.38764135	     50.48456767	      0.88112193	      9.14388622	      0.00000000	      0.00000000	     36.61335142	     -3.66367798	     -7.70656968	     46.65921283	      0.81435689	     16.56995189	      0.00000000	      0.00000000	      5.25079604	     -6.60465502	     -0.00573145
      2.91500000	    -17.28335954	      5.80954535	     -0.94352621	     -0.14170623	      0.96393106	     -0.53454497	     42.69473992	    -15.94747114	     -4.96768450	     51.95087391	      0.90671380	     10.78858960	      0.00000000	      0.00000000	     37.62484090	     -3.60090639	     -7.59103691	     48.10408934	      0.83957474	     17.98359638	      0.00000000	      0.00000000	      5.11941471	     -6.87081816	     -0.14353505
      2.92000000	    -17.41801613	      5.96106312	     -0.80455521	     -0.14351470	      0.95596170	     -0.53443729	     43.75967145	    -16.11639543	     -4.57250168	     53.44069223	      0.93271603	     12.38836087	      0.00000000	      0.00000000	     38.64821329	     -3.55813724	     -7.52698760	     49.58467507	      0.86541584	     19.31105235	      0.00000000	      0.00000000	      4.94161020	     -7.12958325	     -0.28685222
      2.92500000	    -17.50807437	      6.10913252	     -0.67104265	     -0.14532244	      0.94795342	     -0.53435256	     44.80799446	    -16.29242419	     -4.20283427	     54.94206202	      0.95891988	     13.89860917	      0.00000000	      0.00000000	     39.65738405	     -3.53023687	     -7.51623986	     51.08590997	      0.89161733	     20.52354740	      0.00000000	      0.00000000	      4.71410117	     -7.38277797	     -0.42864258
      2.93000000	    -17.55042661	      6.26085142	     -0.54806618	     -0.14710416	      0.93996494	     -0.53428192	     45.82558469	    -16.47933680	     -3.85839379	     56.44353625	      0.98512555	     15.29488697	      0.00000000	      0.00000000	     40.62895281	     -3.51195929	     -7.57299349	     52.59425981	      0.91794300	     21.63670574	      0.00000000	      0.00000000	      4.43423083	     -7.63604054	     -0.57585168
      2.93500000	    -17.54906190	      6.41737245	     -0.43567317	     -0.14885572	      0.93205240	     -0.53422090	     46.80646675	    -16.67657164	     -3.54229820	     57.93864682	      1.01122015	     16.56863061	      0.00000000	      0.00000000	     41.55316128	     -3.50063964	     -7.69769272	     54.09922706	      0.94420964	     22.67669717	      0.00000000	      0.00000000	      4.10920790	     -7.89002881	     -0.72901141
      2.94000000	    -17.52053726	      6.58085409	     -0.33079855	     -0.15059082	      0.92425234	     -0.53416046	     47.76399929	    -16.88317239	     -3.25071471	     59.42610367	      1.03718117	     17.72569448	      0.00000000	      0.00000000	     42.43923838	     -3.49217776	     -7.88566224	     55.59345342	      0.97028880	     23.66341636	      0.00000000	      0.00000000	      3.75692315	     -8.14722722	     -0.89723314
      2.94500000	    -17.48444744	      6.74838749	     -0.22590829	     -0.15233019	      0.91659331	     -0.53409748	     48.71334855	    -17.09601458	     -2.98689008	     60.90067370	      1.06291727	     18.78251805	      0.00000000	      0.00000000	     43.30393333	     -3.48423896	     -8.12121902	     57.06736283	      0.99601338	     24.60173284	      0.00000000	      0.00000000	      3.39629374	     -8.40491008	     -1.08417972
      2.95000000	    -17.45520622	      6.91468258	     -0.11579172	     -0.15408522	      0.90910455	     -0.53403021	     49.66437980	    -17.31049906	     -2.75507876	     62.35559209	      1.08831039	     19.75982824	      0.00000000	      0.00000000	     44.16128270	     -3.48176045	     -8.39805489	     58.51336091	      1.02125080	     25.51298079	      0.00000000	      0.00000000	      3.04347519	     -8.65740277	     -1.29650740
      2.95500000	    -17.44782026	      7.06814796	      0.00022215	     -0.15586443	      0.90181211	     -0.53396090	     50.62595668	    -17.51392427	     -2.55999453	     63.78253509	      1.11321524	     20.67208990	      0.00000000	      0.00000000	     45.02411441	     -3.49545212	     -8.69891127	     59.92131688	      1.04582427	     26.38830307	      0.00000000	      0.00000000	      2.71977196	     -8.89147855	     -1.52861414
      2.96000000	    -17.47757471	      7.20274116	      0.12185807	     -0.15766029	      0.89473983	     -0.53389571	     51.60653326	    -17.69931018	     -2.40141063	     65.16972914	      1.13742635	     21.53187264	      0.00000000	      0.00000000	     45.90217825	     -3.52708567	     -9.00711349	     61.27714471	      1.06948793	     27.21887529	      0.00000000	      0.00000000	      2.44522312	     -9.09956599	     -1.77522916
      2.96500000	    -17.54670018	      7.30849278	      0.24379208	     -0.15945057	      0.88792192	     -0.53384460	     52.59599112	    -17.85731425	     -2.28639444	     66.50092283	      1.16066006	     22.34806711	      0.00000000	      0.00000000	     46.78966539	     -3.58316487	     -9.30384064	     62.56514645	      1.09196780	     27.99350586	      0.00000000	      0.00000000	      2.22981060	     -9.26806346	     -2.01840654
      2.97000000	    -17.65398231	      7.37633491	      0.35912787	     -0.16121129	      0.88138023	     -0.53381446	     53.58197870	    -17.97808073	     -2.21515261	     67.76540676	      1.18272947	     23.13595606	      0.00000000	      0.00000000	     47.67992328	     -3.66703556	     -9.56636662	     63.77589006	      1.11309926	     28.70151019	      0.00000000	      0.00000000	      2.07839484	     -9.38448951	     -2.25038572
      2.97500000	    -17.79465903	      7.39493103	      0.46256313	     -0.16291883	      0.87513599	     -0.53381039	     54.54672260	    -18.05066273	     -2.18919846	     68.95355182	      1.20346651	     23.90319221	      0.00000000	      0.00000000	     48.56795702	     -3.78174705	     -9.76092304	     64.91017159	      1.13289621	     29.31374701	      0.00000000	      0.00000000	      1.99105160	     -9.43406554	     -2.46401928
      2.98000000	    -17.95891126	      7.36150197	      0.54912426	     -0.16454544	      0.86920528	     -0.53383104	     55.46998972	    -18.07108944	     -2.20549920	     70.05838330	      1.22274946	     24.64913801	      0.00000000	      0.00000000	     49.44722879	     -3.92684257	     -9.86708072	     65.97709037	      1.15151746	     29.81232758	      0.00000000	      0.00000000	      1.96046042	     -9.41305448	     -2.65147627
      2.98500000	    -18.13403361	      7.28324421	      0.62064005	     -0.16606972	      0.86361776	     -0.53385681	     56.33171118	    -18.04585927	     -2.25515462	     71.07564120	      1.24050396	     25.36812265	      0.00000000	      0.00000000	     50.31105326	     -4.09728281	     -9.87819441	     66.97929070	      1.16900915	     29.98348329	      0.00000000	      0.00000000	      1.97184457	     -9.33217580	     -2.81246398
      2.99000000	    -18.30190457	      7.16111236	      0.66687234	     -0.16746324	      0.85837731	     -0.53388397	     57.11043080	    -17.97079282	     -2.32567071	     72.00354028	      1.25669885	     26.06350789	      0.00000000	      0.00000000	     51.15400909	     -4.29596687	     -9.78891093	     67.94841523	      1.18592357	     29.99225419	      0.00000000	      0.00000000	      2.00958631	     -9.19294338	     -2.93819439
      2.99500000	    -18.44278789	      7.00945869	      0.67819879	     -0.16868799	      0.85350393	     -0.53390807	     57.78733595	    -17.85347696	     -2.39982209	     72.84159420	      1.27132565	     26.73014776	      0.00000000	      0.00000000	     51.96062300	     -4.51680079	     -9.61615205	     68.90562867	      1.20263009	     29.99435746	      0.00000000	      0.00000000	      2.05514222	     -9.00944047	     -3.01727840
      3.00000000	    -18.54188280	      6.86086508	      0.65233140	     -0.16969889	      0.84903643	     -0.53391232	     58.35131995	    -17.71740055	     -2.45261134	     73.58707863	      1.28433681	     27.35151361	      0.00000000	      0.00000000	     52.70414410	     -4.73511469	     -9.39918681	     69.83753259	      1.21889489	     29.99520987	      0.00000000	      0.00000000	      2.09366251	     -8.82183376	     -3.04356297
      3.00500000	    -18.59003242	      6.74603302	      0.59004548	     -0.17045429	      0.84502620	     -0.53388068	     58.79743459	    -17.58539047	     -2.46103992	     74.23515888	      1.29564794	     27.91650748	      0.00000000	      0.00000000	     53.35544763	     -4.92568681	     -9.17972046	     70.71860814	      1.23427255	     29.99559003	      0.00000000	      0.00000000	      2.11537956	     -8.66795081	     -3.01909887
      3.01000000	    -18.58021223	      6.69176801	      0.48907688	     -0.17091797	      0.84153668	     -0.53379099	     59.12221240	    -17.47126382	     -2.40379326	     74.77639627	      1.30509432	     28.41900332	      0.00000000	      0.00000000	     53.87733193	     -5.07085857	     -9.00454919	     71.51141568	      1.24810966	     29.99579791	      0.00000000	      0.00000000	      2.11713054	     -8.58280626	     -2.94916715
      3.01500000	    -18.51279296	      6.72021897	      0.35879256	     -0.17108058	      0.83861173	     -0.53362586	     59.33522195	    -17.39636698	     -2.27305372	     75.21645165	      1.31277473	     28.83499592	      0.00000000	      0.00000000	     54.24555605	     -5.15399554	     -8.90862522	     72.19054864	      1.25996276	     29.99595720	      0.00000000	      0.00000000	      2.09573883	     -8.59542466	     -2.84192130
      3.02000000	    -18.39320467	      6.83354779	      0.20814195	     -0.17095100	      0.83629778	     -0.53337166	     59.44406521	    -17.36438029	     -2.07478015	     75.55387624	      1.31866390	     29.14344612	      0.00000000	      0.00000000	     54.44675312	     -5.17375608	     -8.90639345	     72.73345866	      1.26943833	     29.99613223	      0.00000000	      0.00000000	      2.05649071	     -8.71394788	     -2.71179818
      3.02500000	    -18.23102702	      7.01991020	      0.04445168	     -0.17055641	      0.83462307	     -0.53302098	     59.46123815	    -17.37132755	     -1.82442474	     75.79061529	      1.32279578	     29.34657193	      0.00000000	      0.00000000	     54.48059581	     -5.14203354	     -8.99799442	     73.12760992	      1.27631757	     29.99635195	      0.00000000	      0.00000000	      2.00726819	     -8.92729861	     -2.56738886
      3.03000000	    -18.03701954	      7.25658199	     -0.12531920	     -0.16994773	      0.83359564	     -0.53258938	     59.39886315	    -17.40728557	     -1.54484536	     75.93162999	      1.32525695	     29.45237083	      0.00000000	      0.00000000	     54.36080807	     -5.07516145	     -9.16679391	     73.37147498	      1.28057382	     29.99660290	      0.00000000	      0.00000000	      1.95699938	     -9.20909833	     -2.41504589
      3.03500000	    -17.82737359	      7.51584349	     -0.29673081	     -0.16917711	      0.83321092	     -0.53209906	     59.26979564	    -17.45795645	     -1.26373351	     75.98104113	      1.32611934	     29.47271998	      0.00000000	      0.00000000	     54.11095091	     -4.99176807	     -9.38775128	     73.46483840	      1.28220331	     29.99683507	      0.00000000	      0.00000000	      1.91777655	     -9.52467451	     -2.25377728
      3.04000000	    -17.61832959	      7.76409815	     -0.46756697	     -0.16828910	      0.83345607	     -0.53159010	     59.07988516	    -17.50528630	     -1.01320788	     75.93590802	      1.32533162	     29.43187247	      0.00000000	      0.00000000	     53.75973126	     -4.91064864	     -9.63035234	     73.41099151	      1.28126351	     29.99703165	      0.00000000	      0.00000000	      1.90371437	     -9.82994538	     -2.08848489
      3.04500000	    -17.42273389	      7.97593888	     -0.63483238	     -0.16732531	      0.83429597	     -0.53110186	     58.83564555	    -17.54160746	     -0.81790110	     75.80004916	      1.32296043	     29.35876636	      0.00000000	      0.00000000	     53.33489357	     -4.84452744	     -9.86630847	     73.22040399	      1.27793713	     29.99717205	      0.00000000	      0.00000000	      1.92331133	    -10.09032186	     -1.91848980
      3.05000000	    -17.24964288	      8.12977882	     -0.79855802	     -0.16631878	      0.83569283	     -0.53067857	     58.53733074	    -17.55566229	     -0.69822406	     75.57507006	      1.31903380	     29.27023383	      0.00000000	      0.00000000	     52.86199580	     -4.80335533	    -10.07270370	     72.90489571	      1.27243047	     29.99724348	      0.00000000	      0.00000000	      1.98261433	    -10.27482482	     -1.74540082
      3.05500000	    -17.10520313	      8.21177429	     -0.95749340	     -0.16527783	      0.83760360	     -0.53033589	     58.18126146	    -17.54167242	     -0.67189827	     75.25930518	      1.31352267	     29.17489008	      0.00000000	      0.00000000	     52.35944950	     -4.79891390	    -10.23824605	     72.48111226	      1.26503405	     29.99725626	      0.00000000	      0.00000000	      2.08510808	    -10.36510890	     -1.57030970
      3.06000000	    -16.99012519	      8.21885150	     -1.10877895	     -0.16420986	      0.83997630	     -0.53008925	     57.76591400	    -17.50198174	     -0.74408524	     74.85464399	      1.30646000	     29.07294994	      0.00000000	      0.00000000	     51.84029488	     -4.83239525	    -10.35856893	     71.96772989	      1.25607384	     29.99721073	      0.00000000	      0.00000000	      2.22963993	    -10.35648413	     -1.40012421
      3.06500000	    -16.90333969	      8.15568514	     -1.25206026	     -0.16311499	      0.84276053	     -0.52992947	     57.29301023	    -17.43892630	     -0.91007567	     74.36528317	      1.29791904	     28.95999286	      0.00000000	      0.00000000	     51.30999084	     -4.90566617	    -10.43853501	     71.37880510	      1.24579517	     29.99708402	      0.00000000	      0.00000000	      2.41435373	    -10.25619781	     -1.23716556
      3.07000000	    -16.84340710	      8.03117958	     -1.38702916	     -0.16198785	      0.84591804	     -0.52984222	     56.76547273	    -17.35395616	     -1.16382927	     73.79268614	      1.28792534	     28.81881683	      0.00000000	      0.00000000	     50.77034187	     -5.01756168	    -10.49179929	     70.72159272	      1.23432465	     29.99686933	      0.00000000	      0.00000000	      2.63674261	    -10.07577736	     -1.08325504
      3.07500000	    -16.81062120	      7.85985008	     -1.51124402	     -0.16082404	      0.84941257	     -0.52980195	     56.19096185	    -17.25504316	     -1.49376900	     73.13757509	      1.27649149	     28.63674689	      0.00000000	      0.00000000	     50.22196921	     -5.16128473	    -10.53255721	     70.00304150	      1.22178356	     29.99654274	      0.00000000	      0.00000000	      2.89768168	     -9.83622891	     -0.93822742
      3.08000000	    -16.80340330	      7.65625728	     -1.62372526	     -0.15963157	      0.85322090	     -0.52979093	     55.57951834	    -17.14789474	     -1.88269304	     72.40590927	      1.26372151	     28.40166252	      0.00000000	      0.00000000	     49.66453644	     -5.32698079	    -10.57150706	     69.22465810	      1.20819821	     29.99601759	      0.00000000	      0.00000000	      3.19420737	     -9.55733925	     -0.80489067
      3.08500000	    -16.81781784	      7.43255087	     -1.72297830	     -0.15840766	      0.85733212	     -0.52978809	     54.93455737	    -17.03803526	     -2.32188457	     71.60296521	      1.24970750	     28.10412082	      0.00000000	      0.00000000	     49.09212529	     -5.50723106	    -10.61828566	     68.38648641	      1.19356935	     29.99511243	      0.00000000	      0.00000000	      3.51993871	     -9.25559453	     -0.68385199
      3.09000000	    -16.85301689	      7.20288007	     -1.80358769	     -0.15715651	      0.86174561	     -0.52978437	     54.26382284	    -16.93602269	     -2.79968406	     70.73282451	      1.23452068	     27.73839082	      0.00000000	      0.00000000	     48.50543435	     -5.68616679	    -10.67720820	     67.49077940	      1.17793632	     29.99336814	      0.00000000	      0.00000000	      3.87243556	     -8.94898742	     -0.57892211
      3.09500000	    -16.90405600	      6.97751107	     -1.86381847	     -0.15588214	      0.86646777	     -0.52977176	     53.56817519	    -16.84893942	     -3.30508857	     69.79813442	      1.21820726	     27.30725323	      0.00000000	      0.00000000	     47.90038489	     -5.85334535	    -10.74950826	     66.53940482	      1.16133170	     29.98875326	      0.00000000	      0.00000000	      4.24599907	     -8.65290829	     -0.49109291
      3.10000000	    -16.96342806	      6.76319871	     -1.90012916	     -0.15458224	      0.87152333	     -0.52974922	     52.84180595	    -16.78099278	     -3.83295467	     68.80039592	      1.20079344	     26.80772363	      0.00000000	      0.00000000	     47.26947804	     -5.99658326	    -10.83012280	     65.52858661	      1.14368959	     29.95490433	      0.00000000	      0.00000000	      4.62939387	     -8.37531823	     -0.43330482
      3.10500000	    -17.02904268	      6.57578144	     -1.90782326	     -0.15325463	      0.87694357	     -0.52970787	     52.08496305	    -16.74308622	     -4.37167939	     67.73510608	      1.18220062	     26.24360740	      0.00000000	      0.00000000	     46.60517234	     -6.09751989	    -10.92624762	     64.43415028	      1.12458807	     29.66106326	      0.00000000	      0.00000000	      5.01954520	     -8.13833726	     -0.40551471
      3.11000000	    -17.09205157	      6.41437926	     -1.89008699	     -0.15189753	      0.88273775	     -0.52966401	     51.29342784	    -16.73511612	     -4.91764233	     66.60830699	      1.16253427	     25.61397211	      0.00000000	      0.00000000	     45.90255702	     -6.15142837	    -11.02803309	     63.26665798	      1.10421149	     29.22695179	      0.00000000	      0.00000000	      5.40734385	     -7.93976492	     -0.40236117
      3.11500000	    -17.14247247	      6.27484394	     -1.85369220	     -0.15050120	      0.88891053	     -0.52962301	     50.45672363	    -16.74861182	     -5.46969565	     65.42008365	      1.14179586	     24.91629815	      0.00000000	      0.00000000	     45.15498165	     -6.16293412	    -11.13135794	     62.03428346	      1.08270250	     28.71052900	      0.00000000	      0.00000000	      5.78206784	     -7.77299513	     -0.41759155
      3.12000000	    -17.17254295	      6.15291692	     -1.80055538	     -0.14905826	      0.89546099	     -0.52959434	     49.56834773	    -16.77824825	     -6.02888534	     64.17716618	      1.12010285	     24.14273983	      0.00000000	      0.00000000	     44.35693764	     -6.13241831	    -11.22799045	     60.73871582	      1.06009057	     28.10607272	      0.00000000	      0.00000000	      6.13398587	     -7.63139953	     -0.45203219
      3.12500000	    -17.17558521	      6.04772950	     -1.73665875	     -0.14756760	      0.90236715	     -0.52958093	     48.62823285	    -16.82009670	     -6.58820842	     62.88547985	      1.09755868	     23.29083792	      0.00000000	      0.00000000	     43.50716536	     -6.06555350	    -11.32117011	     59.39007328	      1.03655232	     27.41210525	      0.00000000	      0.00000000	      6.45629214	     -7.51363658	     -0.48762291
      3.13000000	    -17.14297358	      5.94752643	     -1.66535147	     -0.14602149	      0.90961357	     -0.52958693	     47.62668399	    -16.86036136	     -7.15202694	     61.55018424	      1.07425337	     22.35132995	      0.00000000	      0.00000000	     42.60174140	     -5.97381312	    -11.40148175	     57.99538005	      1.01221033	     26.61937678	      0.00000000	      0.00000000	      6.73830717	     -7.40317900	     -0.52636952
      3.13500000	    -17.06643033	      5.84657441	     -1.59112239	     -0.14441390	      0.91716649	     -0.52960578	     46.55650760	    -16.88826341	     -7.71723026	     60.17280768	      1.05021361	     21.32846628	      0.00000000	      0.00000000	     41.63721707	     -5.86906131	    -11.47045393	     56.56565245	      0.98725688	     25.73398340	      0.00000000	      0.00000000	      6.97234038	     -7.29491498	     -0.56373745
      3.14000000	    -16.93583663	      5.73935426	     -1.51707331	     -0.14274258	      0.92499052	     -0.52963757	     45.41269770	    -16.89786474	     -8.28407623	     58.76380971	      1.02562196	     20.21787047	      0.00000000	      0.00000000	     40.60581181	     -5.76165246	    -11.52851160	     55.10559742	      0.96177411	     24.76377520	      0.00000000	      0.00000000	      7.14607861	     -7.18179057	     -0.59755395
      3.14500000	    -16.74748450	      5.62368658	     -1.44341092	     -0.14101245	      0.93303960	     -0.52967858	     44.19626899	    -16.88607845	     -8.84877678	     57.32524889	      1.00051434	     19.02576744	      0.00000000	      0.00000000	     39.50967954	     -5.65655826	    -11.57518472	     53.62416108	      0.93591817	     23.71073420	      0.00000000	      0.00000000	      7.25351889	     -7.06116223	     -0.62456475
      3.15000000	    -16.49304843	      5.49614257	     -1.37172013	     -0.13921713	      0.94127730	     -0.52972389	     42.89996210	    -16.84855357	     -9.41459514	     55.86379636	      0.97500718	     17.75612614	      0.00000000	      0.00000000	     38.34138908	     -5.56151029	    -11.61069453	     52.12440300	      0.90974245	     22.57956968	      0.00000000	      0.00000000	      7.28541296	     -6.92838347	     -0.65440818
      3.15500000	    -16.17085789	      5.36694548	     -1.30462428	     -0.13736351	      0.94963587	     -0.52976270	     41.53819768	    -16.79847494	     -9.97214166	     54.39841545	      0.94943146	     16.41186289	      0.00000000	      0.00000000	     37.10160268	     -5.47361977	    -11.64762955	     50.61120307	      0.88333213	     21.37278267	      0.00000000	      0.00000000	      7.24039755	     -6.79623843	     -0.68148406
      3.16000000	    -15.78192468	      5.24000606	     -1.24426093	     -0.13545594	      0.95807364	     -0.52978823	     40.11599554	    -16.73820777	    -10.51942591	     52.93271408	      0.92385014	     14.99290666	      0.00000000	      0.00000000	     35.79288648	     -5.39387255	    -11.69363080	     49.08798491	      0.85674696	     20.09528362	      0.00000000	      0.00000000	      7.11380278	     -6.66417265	     -0.71156950
      3.16500000	    -15.33587191	      5.11933237	     -1.19473080	     -0.13350949	      0.96653545	     -0.52979370	     38.64926724	    -16.66771371	    -11.04697732	     51.46750223	      0.89827737	     13.50787655	      0.00000000	      0.00000000	     34.42979335	     -5.32238986	    -11.75341364	     47.56237361	      0.83012002	     18.74532749	      0.00000000	      0.00000000	      6.91716857	     -6.53589093	     -0.74304492
      3.17000000	    -14.83646287	      5.01006061	     -1.16147016	     -0.13152959	      0.97498020	     -0.52977102	     37.14633791	    -16.59020401	    -11.55272926	     50.00776971	      0.87280023	     11.96335504	      0.00000000	      0.00000000	     33.01595583	     -5.25935724	    -11.83848301	     46.03662399	      0.80349067	     17.33321977	      0.00000000	      0.00000000	      6.65555820	     -6.41607873	     -0.77194916
      3.17500000	    -14.29571741	      4.91605592	     -1.14778415	     -0.12953625	      0.98335826	     -0.52971412	     35.62781511	    -16.50903284	    -12.02825908	     48.55816370	      0.84749984	     10.36179010	      0.00000000	      0.00000000	     31.56825336	     -5.20300558	    -11.95639801	     44.51872728	      0.77699837	     15.86971475	      0.00000000	      0.00000000	      6.34163098	     -6.30886692	     -0.78913140
      3.18000000	    -13.72022644	      4.83130334	     -1.15475400	     -0.12753368	      0.99165267	     -0.52962961	     34.09266327	    -16.41480472	    -12.47995640	     47.10396617	      0.82211930	      8.70944474	      0.00000000	      0.00000000	     30.09363324	     -5.15650642	    -12.10523058	     43.00690430	      0.75061208	     14.36150468	      0.00000000	      0.00000000	      5.98193959	     -6.20616815	     -0.79440246
      3.18500000	    -13.12522624	      4.75637636	     -1.17977919	     -0.12554925	      0.99981524	     -0.52952308	     32.56493760	    -16.31164298	    -12.90875755	     45.65735977	      0.79687126	      7.01070436	      0.00000000	      0.00000000	     28.61332220	     -5.11368038	    -12.27538576	     41.50608269	      0.72441780	     12.81230117	      0.00000000	      0.00000000	      5.59456371	     -6.11114340	     -0.78611069
      3.19000000	    -12.52318648	      4.69172621	     -1.22137682	     -0.12360122	      1.00781262	     -0.52939724	     31.06140700	    -16.20158910	    -13.31301485	     44.22133554	      0.77180790	      5.27948745	      0.00000000	      0.00000000	     27.14329466	     -5.06981317	    -12.46373571	     40.01847180	      0.69845409	     11.23083395	      0.00000000	      0.00000000	      5.19062705	     -6.02405580	     -0.75852459
      3.19500000	    -11.92968477	      4.63646939	     -1.27613216	     -0.12171692	      1.01560295	     -0.52925446	     29.60533061	    -16.08635755	    -13.69011533	     42.80610631	      0.74710750	      3.51933414	      0.00000000	      0.00000000	     25.70637593	     -5.02245030	    -12.66325240	     38.55134740	      0.67284794	      9.62517782	      0.00000000	      0.00000000	      4.78530516	     -5.94507991	     -0.71633370
      3.20000000	    -11.36052624	      4.58809052	     -1.34648623	     -0.11992087	      1.02315111	     -0.52909775	     28.21841154	    -15.96026125	    -14.03249979	     41.41660968	      0.72285620	      1.73924316	      0.00000000	      0.00000000	     24.32174095	     -4.97251140	    -12.86969403	     37.10504983	      0.64760529	      7.99801967	      0.00000000	      0.00000000	      4.39457233	     -5.87020344	     -0.65909332
      3.20500000	    -10.83787290	      4.55164745	     -1.42492198	     -0.11825236	      1.03040727	     -0.52892724	     26.93553206	    -15.83289399	    -14.33277067	     40.07353373	      0.69941511	     -0.03854462	      0.00000000	      0.00000000	     23.02375674	     -4.91190301	    -13.07256889	     35.69675914	      0.62302598	      6.36777876	      0.00000000	      0.00000000	      4.04019744	     -5.80732017	     -0.59487253
      3.21000000	    -10.37648276	      4.52434029	     -1.51122266	     -0.11674001	      1.03733672	     -0.52874837	     25.77714070	    -15.70041725	    -14.57917188	     38.78326894	      0.67689574	     -1.78368908	      0.00000000	      0.00000000	     21.83323855	     -4.84281192	    -13.26656910	     34.33347213	      0.59923213	      4.74720680	      0.00000000	      0.00000000	      3.73649118	     -5.75251234	     -0.52402414
      3.21500000	     -9.99033927	      4.51125453	     -1.60126288	     -0.11540531	      1.04389574	     -0.52855692	     24.76847322	    -15.57142685	    -14.76850579	     37.57212646	      0.65575731	     -3.45994539	      0.00000000	      0.00000000	     20.77195582	     -4.76181179	    -13.44779091	     33.02983658	      0.57647940	      3.16560259	      0.00000000	      0.00000000	      3.49834511	     -5.71316259	     -0.45509339
      3.22000000	     -9.69360539	      4.51027372	     -1.68575954	     -0.11427428	      1.05005067	     -0.52836541	     23.92730294	    -15.44671661	    -14.90147798	     36.45388036	      0.63624024	     -5.00761065	      0.00000000	      0.00000000	     19.86401322	     -4.66751376	    -13.59806340	     31.80146326	      0.55504024	      1.65377784	      0.00000000	      0.00000000	      3.33844152	     -5.68658289	     -0.39775256
      3.22500000	     -9.49820255	      4.52650697	     -1.76054923	     -0.11336499	      1.05575517	     -0.52816416	     23.27851814	    -15.33695944	    -14.97289537	     35.45961532	      0.61888704	     -6.35447695	      0.00000000	      0.00000000	     19.13234520	     -4.56025091	    -13.71573324	     30.67357479	      0.53535487	      0.26446976	      0.00000000	      0.00000000	      3.26944088	     -5.68025178	     -0.35360755
      3.23000000	     -9.40493265	      4.55418578	     -1.82230307	     -0.11268113	      1.06098202	     -0.52796065	     22.82598801	    -15.24009589	    -14.98852724	     34.60828554	      0.60402853	     -7.44589561	      0.00000000	      0.00000000	     18.58371100	     -4.44735261	    -13.79433987	     29.66338310	      0.51772370	     -0.95699959	      0.00000000	      0.00000000	      3.29123268	     -5.68626227	     -0.32516513
      3.23500000	     -9.41013838	      4.58946549	     -1.86763451	     -0.11221063	      1.06571234	     -0.52775202	     22.56734842	    -15.15644257	    -14.95852007	     33.91895285	      0.59199741	     -8.23444176	      0.00000000	      0.00000000	     18.22297462	     -4.33950707	    -13.84003965	     28.79914176	      0.50263985	     -1.95395702	      0.00000000	      0.00000000	      3.40085221	     -5.70025099	     -0.31599894
      3.24000000	     -9.49439440	      4.62488117	     -1.89393602	     -0.11193315	      1.06995754	     -0.52755131	     22.47738275	    -15.08497787	    -14.89991880	     33.39761172	      0.58289829	     -8.69945365	      0.00000000	      0.00000000	     18.03224863	     -4.24505469	    -13.85772640	     28.09628464	      0.49037267	     -2.69031843	      0.00000000	      0.00000000	      3.57692333	     -5.71269433	     -0.32870069
      3.24500000	     -9.62790136	      4.65099589	     -1.90444402	     -0.11180475	      1.07374710	     -0.52736480	     22.51495274	    -15.02119619	    -14.83070519	     33.04100244	      0.57667428	     -8.85716511	      0.00000000	      0.00000000	     17.97735928	     -4.17884693	    -13.86730956	     27.56502009	      0.48110036	     -3.14662503	      0.00000000	      0.00000000	      3.78941229	     -5.71181140	     -0.36095308
      3.25000000	     -9.77364306	      4.66007798	     -1.89899439	     -0.11177491	      1.07714190	     -0.52720913	     22.62117785	    -14.96057733	    -14.77636429	     32.82650903	      0.57293066	     -8.74620774	      0.00000000	      0.00000000	     18.01147811	     -4.14589666	    -13.87843618	     27.20201635	      0.47476475	     -3.33286093	      0.00000000	      0.00000000	      3.99925778	     -5.68789403	     -0.41379510
      3.25500000	     -9.89653182	      4.64716283	     -1.88114542	     -0.11179063	      1.08020926	     -0.52709237	     22.74036234	    -14.90027691	    -14.75374739	     32.72744487	      0.57120167	     -8.42114981	      0.00000000	      0.00000000	     18.08479662	     -4.14974528	    -13.90446292	     26.99303230	      0.47111729	     -3.27161964	      0.00000000	      0.00000000	      4.17097821	     -5.63508165	     -0.48638907
      3.26000000	     -9.96734159	      4.61441028	     -1.85220385	     -0.11181021	      1.08301294	     -0.52702319	     22.82492945	    -14.84488410	    -14.77605366	     32.71656456	      0.57101177	     -7.94658897	      0.00000000	      0.00000000	     18.15168161	     -4.18257482	    -13.94803169	     26.91354489	      0.46972997	     -3.01148759	      0.00000000	      0.00000000	      4.27448932	     -5.55615610	     -0.57688217
      3.26500000	     -9.96995482	      4.56200254	     -1.81513457	     -0.11180464	      1.08560236	     -0.52700521	     22.84254771	    -14.79210950	    -14.84600565	     32.76435229	      0.57184582	     -7.38360625	      0.00000000	      0.00000000	     18.18075584	     -4.23888874	    -14.00422443	     26.93558058	      0.47011457	     -2.61060911	      0.00000000	      0.00000000	      4.29412642	     -5.45116749	     -0.68057869
      3.27000000	     -9.90020561	      4.49570900	     -1.76863161	     -0.11176161	      1.08801458	     -0.52703408	     22.77777218	    -14.74525975	    -14.96349632	     32.84654512	      0.57328036	     -6.78167513	      0.00000000	      0.00000000	     18.15664443	     -4.30770129	    -14.06144047	     27.03497939	      0.47184940	     -2.11895574	      0.00000000	      0.00000000	      4.22658406	     -5.32850593	     -0.79720295
      3.27500000	     -9.76168931	      4.42310147	     -1.71557771	     -0.11167982	      1.09026861	     -0.52710178	     22.62902022	    -14.70804128	    -15.11724959	     32.94470802	      0.57499363	     -6.18306502	      0.00000000	      0.00000000	     18.07073112	     -4.37727952	    -14.11098457	     27.18204778	      0.47441623	     -1.58856172	      0.00000000	      0.00000000	      4.07701126	     -5.19723771	     -0.92046087
      3.28000000	     -9.56299340	      4.34959676	     -1.65355736	     -0.11156915	      1.09236774	     -0.52719982	     22.40079892	    -14.68310488	    -15.30275099	     33.04413579	      0.57672897	     -5.61613177	      0.00000000	      0.00000000	     17.92747219	     -4.44026568	    -14.14205679	     27.36190992	      0.47755542	     -1.05777971	      0.00000000	      0.00000000	      3.85430209	     -5.06516794	     -1.05003183
      3.28500000	     -9.31550273	      4.28425257	     -1.58235816	     -0.11144255	      1.09431541	     -0.52731496	     22.10476469	    -14.67600422	    -15.51128898	     33.13523596	      0.57831897	     -5.09642177	      0.00000000	      0.00000000	     17.72960241	     -4.48316379	    -14.14240536	     27.54875140	      0.48081642	     -0.55569635	      0.00000000	      0.00000000	      3.57028565	     -4.94439061	     -1.18347696
      3.29000000	     -9.03448246	      4.23248486	     -1.49981568	     -0.11131374	      1.09610218	     -0.52743301	     21.75556897	    -14.68854223	    -15.73739126	     33.20829905	      0.57959416	     -4.63007948	      0.00000000	      0.00000000	     17.49088313	     -4.50233010	    -14.10887361	     27.73309990	      0.48403391	     -0.09240424	      0.00000000	      0.00000000	      3.24094120	     -4.84303585	     -1.32205297
      3.29500000	     -8.73509903	      4.20299911	     -1.40654498	     -0.11119736	      1.09771020	     -0.52754165	     21.37456173	    -14.72771328	    -15.97416638	     33.26481481	      0.58058054	     -4.22262767	      0.00000000	      0.00000000	     17.22296110	     -4.48798447	    -14.04071506	     27.89945418	      0.48693733	      0.32012757	      0.00000000	      0.00000000	      2.88383982	     -4.77196996	     -1.46273461
      3.30000000	     -8.43351460	      4.19833312	     -1.29894031	     -0.11111488	      1.09911446	     -0.52763306	     20.98418811	    -14.79500732	    -16.22105110	     33.30867188	      0.58134599	     -3.87044155	      0.00000000	      0.00000000	     16.94664378	     -4.43970861	    -13.93474962	     28.04727634	      0.48951732	      0.68441818	      0.00000000	      0.00000000	      2.51630274	     -4.73630180	     -1.60730086
      3.30500000	     -8.14766717	      4.22753335	     -1.17795001	     -0.11108611	      1.10029181	     -0.52769524	     20.61400100	    -14.89878559	    -16.46851549	     33.35092360	      0.58208343	     -3.56893298	      0.00000000	      0.00000000	     16.68026081	     -4.34822795	    -13.79184306	     28.16782326	      0.49162126	      1.00076434	      0.00000000	      0.00000000	      2.15863922	     -4.74744121	     -1.75386384
      3.31000000	     -7.89821766	      4.28709041	     -1.04551308	     -0.11113007	      1.10120554	     -0.52772650	     20.29319738	    -15.03331934	    -16.70626329	     33.39726234	      0.58289219	     -3.31913789	      0.00000000	      0.00000000	     16.45262046	     -4.22173977	    -13.61894675	     28.27015264	      0.49340724	      1.27309778	      0.00000000	      0.00000000	      1.83446364	     -4.80069695	     -1.89924861
      3.31500000	     -7.69855165	      4.38105065	     -0.90572362	     -0.11126690	      1.10183088	     -0.52772055	     20.04896349	    -15.20247315	    -16.91996152	     33.46211104	      0.58402401	     -3.11850538	      0.00000000	      0.00000000	     16.28204152	     -4.05951665	    -13.42622839	     28.35875295	      0.49495361	      1.50118045	      0.00000000	      0.00000000	      1.55794350	     -4.90052903	     -2.03943277
      3.32000000	     -7.56068850	      4.50002498	     -0.76137139	     -0.11151251	      1.10214910	     -0.52767935	     19.89762465	    -15.39298942	    -17.09656722	     33.54517738	      0.58547379	     -2.96427135	      0.00000000	      0.00000000	     16.18739713	     -3.87524594	    -13.21830097	     28.44247663	      0.49641486	      1.68562889	      0.00000000	      0.00000000	      1.33895928	     -5.03432040	     -2.17411607
      3.32500000	     -7.49615207	      4.64042459	     -0.61686669	     -0.11187499	      1.10214017	     -0.52760680	     19.85771186	    -15.59934620	    -17.22200011	     33.65159865	      0.58733119	     -2.85314346	      0.00000000	      0.00000000	     16.18413054	     -3.67299751	    -13.00007328	     28.52650991	      0.49788152	      1.82599643	      0.00000000	      0.00000000	      1.18862774	     -5.19546935	     -2.29927504
      3.33000000	     -7.50699243	      4.79183610	     -0.47507421	     -0.11235291	      1.10179062	     -0.52750976	     19.93256735	    -15.80859894	    -17.28748194	     33.78015787	      0.58957498	     -2.78307015	      0.00000000	      0.00000000	     16.27859628	     -3.46735226	    -12.77846420	     28.62027237	      0.49951799	      1.92038399	      0.00000000	      0.00000000	      1.10769460	     -5.36992910	     -2.41407375
      3.33500000	     -7.58795031	      4.94886466	     -0.33957944	     -0.11294471	      1.10110413	     -0.52739036	     20.11889058	    -16.01330051	    -17.28678807	     33.93292382	      0.59224125	     -2.74880595	      0.00000000	      0.00000000	     16.46847533	     -3.26703218	    -12.56159348	     28.73318216	      0.50148863	      1.97861692	      0.00000000	      0.00000000	      1.08976486	     -5.55071698	     -2.51523049
      3.34000000	     -7.73986562	      5.10535231	     -0.21067570	     -0.11364374	      1.10006692	     -0.52725846	     20.41895425	    -16.20761696	    -17.21950219	     34.11533059	      0.59542484	     -2.74218546	      0.00000000	      0.00000000	     16.75668535	     -3.07605152	    -12.34561218	     28.86927058	      0.50386382	      2.00564198	      0.00000000	      0.00000000	      1.13808978	     -5.73006289	     -2.60200787
      3.34500000	     -7.95317083	      5.25729231	     -0.08949336	     -0.11443751	      1.09868100	     -0.52711776	     20.82232185	    -16.38785400	    -17.08858764	     34.33121843	      0.59919280	     -2.76091817	      0.00000000	      0.00000000	     17.13338834	     -2.89881136	    -12.13235568	     29.03294044	      0.50672040	      2.01454742	      0.00000000	      0.00000000	      1.24580663	     -5.90401903	     -2.67168320
      3.35000000	     -8.22090776	      5.40142857	      0.02308084	     -0.11532375	      1.09694629	     -0.52697043	     21.32485991	    -16.55172097	    -16.89396376	     34.58884206	      0.60368918	     -2.80133535	      0.00000000	      0.00000000	     17.59346878	     -2.73924611	    -11.92192395	     29.23166175	      0.51018874	      2.01906753	      0.00000000	      0.00000000	      1.40709360	     -6.06952693	     -2.72365538
      3.35500000	     -8.53271839	      5.53521020	      0.12447371	     -0.11629289	      1.09487120	     -0.52681720	     21.91449584	    -16.69634153	    -16.63969593	     34.89062210	      0.60895623	     -2.86335773	      0.00000000	      0.00000000	     18.12759368	     -2.60248373	    -11.72132473	     29.47323084	      0.51440492	      2.03638251	      0.00000000	      0.00000000	      1.61205487	     -6.22355238	     -2.75661494
      3.36000000	     -8.88316248	      5.65547381	      0.21805665	     -0.11733506	      1.09245593	     -0.52666366	     22.58108798	    -16.81945519	    -16.33474604	     35.23552165	      0.61497587	     -2.94794392	      0.00000000	      0.00000000	     18.72918993	     -2.48751090	    -11.52020832	     29.75617814	      0.51934328	      2.07071336	      0.00000000	      0.00000000	      1.85575466	     -6.36249452	     -2.77609017
      3.36500000	     -9.25734589	      5.75661722	      0.30234625	     -0.11843906	      1.08971960	     -0.52650898	     23.30105723	    -16.91237887	    -15.98338641	     35.61291867	      0.62156269	     -3.06053393	      0.00000000	      0.00000000	     19.38258878	     -2.40252206	    -11.32341067	     30.08561029	      0.52509296	      2.13447540	      0.00000000	      0.00000000	      2.12088870	     -6.47947702	     -2.78446262
      3.37000000	     -9.65159417	      5.83743837	      0.37855220	     -0.11960029	      1.08666526	     -0.52635596	     24.06792199	    -16.97344212	    -15.59023605	     36.02349205	      0.62872854	     -3.19561706	      0.00000000	      0.00000000	     20.08612974	     -2.34803985	    -11.12828887	     30.46738523	      0.53175619	      2.23275958	      0.00000000	      0.00000000	      2.40361234	     -6.57235547	     -2.78514371
      3.37500000	    -10.05046435	      5.89212110	      0.44906161	     -0.12079374	      1.08332171	     -0.52621066	     24.84862284	    -16.99500424	    -15.17087054	     36.44764614	      0.63613143	     -3.35604504	      0.00000000	      0.00000000	     20.82111479	     -2.32925510	    -10.93484639	     30.90140854	      0.53933132	      2.36734287	      0.00000000	      0.00000000	      2.68807979	     -6.63334973	     -2.78521128
      3.38000000	    -10.44699391	      5.91948807	      0.51746617	     -0.12201100	      1.07969701	     -0.52607802	     25.62920798	    -16.97674775	    -14.73350378	     36.88097940	      0.64369452	     -3.53506390	      0.00000000	      0.00000000	     21.57928203	     -2.34262263	    -10.73335385	     31.38527159	      0.54777633	      2.53137075	      0.00000000	      0.00000000	      2.96875361	     -6.66183384	     -2.78823750
      3.38500000	    -10.83112651	      5.92224571	      0.58360228	     -0.12324095	      1.07580832	     -0.52595802	     26.39533826	    -16.92289032	    -14.28264802	     37.32354448	      0.65141874	     -3.73149244	      0.00000000	      0.00000000	     22.34940199	     -2.38524695	    -10.52712453	     31.92079729	      0.55712301	      2.71632199	      0.00000000	      0.00000000	      3.23621032	     -6.66071962	     -2.79498432
      3.39000000	    -11.19756670	      5.90342170	      0.65161844	     -0.12447496	      1.07166418	     -0.52585680	     27.13898400	    -16.84163866	    -13.83040526	     37.78061544	      0.65939613	     -3.94142749	      0.00000000	      0.00000000	     23.12542663	     -2.44935731	    -10.30901159	     32.50657581	      0.56734678	      2.90283942	      0.00000000	      0.00000000	      3.48574562	     -6.63347694	     -2.80998164
      3.39500000	    -11.54247937	      5.87084356	      0.72463952	     -0.12570175	      1.06727022	     -0.52577621	     27.85660126	    -16.74689833	    -13.38454179	     38.25899717	      0.66774547	     -4.17059989	      0.00000000	      0.00000000	     23.90124046	     -2.52393917	    -10.07815603	     33.13816071	      0.57837001	      3.06500270	      0.00000000	      0.00000000	      3.71303626	     -6.58948570	     -2.83762553
      3.40000000	    -11.86651400	      5.83233540	      0.80466082	     -0.12692369	      1.06261871	     -0.52571524	     28.55614228	    -16.65161338	    -12.94718336	     38.77500695	      0.67675154	     -4.41968651	      0.00000000	      0.00000000	     24.67680591	     -2.59705999	     -9.82996486	     33.81189048	      0.59012882	      3.17686611	      0.00000000	      0.00000000	      3.91807426	     -6.53841000	     -2.87854483
      3.40500000	    -12.17356917	      5.79570976	      0.88917685	     -0.12814298	      1.05770575	     -0.52566362	     29.24930459	    -16.56373347	    -12.51243429	     39.34161554	      0.68664072	     -4.66250244	      0.00000000	      0.00000000	     25.45498916	     -2.66112476	     -9.56917115	     34.52560305	      0.60258545	      3.21490026	      0.00000000	      0.00000000	      4.10424048	     -6.48924771	     -2.93134529
      3.41000000	    -12.47343392	      5.76504123	      0.98092703	     -0.12937158	      1.05251585	     -0.52561668	     29.95209748	    -16.48796251	    -12.07592505	     39.97199752	      0.69764297	     -4.80222761	      0.00000000	      0.00000000	     26.24765415	     -2.70874300	     -9.28847870	     35.28084325	      0.61576688	      3.18503800	      0.00000000	      0.00000000	      4.28073488	     -6.44784405	     -2.99859755
      3.41500000	    -12.77020070	      5.74414818	      1.07919536	     -0.13061358	      1.04703856	     -0.52557359	     30.67482020	    -16.42991925	    -11.63281191	     40.67651748	      0.70993916	     -4.72006825	      0.00000000	      0.00000000	     27.05862803	     -2.73514713	     -8.98899047	     36.07934108	      0.62970329	      3.15409398	      0.00000000	      0.00000000	      4.45098695	     -6.41828755	     -3.07558067
      3.42000000	    -13.06058611	      5.73297331	      1.18251768	     -0.13187031	      1.04127998	     -0.52552715	     31.41512906	    -16.38909651	    -11.18134520	     41.45799319	      0.72357848	     -4.31382031	      0.00000000	      0.00000000	     27.88135937	     -2.74150813	     -8.67227149	     36.92408255	      0.64444681	      3.24852748	      0.00000000	      0.00000000	      4.61080294	     -6.40118885	     -3.16016364
      3.42500000	    -13.34843759	      5.72894187	      1.28768023	     -0.13314744	      1.03524087	     -0.52547369	     32.17884654	    -16.36008602	    -10.71796205	     42.31750386	      0.73857977	     -3.51485449	      0.00000000	      0.00000000	     28.71841626	     -2.73399972	     -8.33915851	     37.81911774	      0.66006812	      3.58392963	      0.00000000	      0.00000000	      4.76431871	     -6.39315611	     -3.24776758
      3.43000000	    -13.62834603	      5.73695282	      1.39826093	     -0.13443719	      1.02894160	     -0.52542066	     32.95719212	    -16.35171395	    -10.25203739	     43.25091882	      0.75487094	     -2.30533327	      0.00000000	      0.00000000	     29.55953619	     -2.70470688	     -7.99144689	     38.76680943	      0.67660847	      4.25487057	      0.00000000	      0.00000000	      4.90453082	     -6.40068492	     -3.33852721
      3.43500000	    -13.88898200	      5.76234310	      1.50643607	     -0.13572149	      1.02241788	     -0.52536461	     33.73926454	    -16.36771757	     -9.78488580	     44.24850011	      0.77228202	     -0.80121508	      0.00000000	      0.00000000	     30.38138805	     -2.65349582	     -7.65105342	     39.76155363	      0.69397003	      5.30626801	      0.00000000	      0.00000000	      5.01936963	     -6.42793590	     -3.42251361
      3.44000000	    -14.13395344	      5.80668126	      1.60921518	     -0.13700679	      1.01569704	     -0.52529459	     34.53182358	    -16.40343388	     -9.31390639	     45.30292914	      0.79068527	      0.84702438	      0.00000000	      0.00000000	     31.18149715	     -2.58014175	     -7.31947380	     40.79779994	      0.71205594	      6.67905786	      0.00000000	      0.00000000	      5.11245484	     -6.47842936	     -3.49895437
      3.44500000	    -14.37179738	      5.87353141	      1.70702517	     -0.13831449	      1.00879070	     -0.52520851	     35.35157249	    -16.45790341	     -8.83272948	     46.41189597	      0.81004040	      2.53834308	      0.00000000	      0.00000000	     31.97208826	     -2.47958601	     -6.99886307	     41.87586868	      0.73087179	      8.22713366	      0.00000000	      0.00000000	      5.19007711	     -6.55709836	     -3.56597669
      3.45000000	    -14.59606356	      5.96931836	      1.79882476	     -0.13964615	      1.00172953	     -0.52510447	     36.19786129	    -16.53872969	     -8.34284141	     47.57187824	      0.83028591	      4.22836648	      0.00000000	      0.00000000	     32.74719694	     -2.34732224	     -6.70560867	     42.99393621	      0.75038575	      9.84547707	      0.00000000	      0.00000000	      5.24289007	     -6.67144832	     -3.62201157
      3.45500000	    -14.80693986	      6.08936201	      1.88044556	     -0.14101102	      0.99452644	     -0.52497639	     37.07659312	    -16.63918518	     -7.84230180	     48.77731766	      0.85132479	      5.88580637	      0.00000000	      0.00000000	     33.51161827	     -2.19680103	     -6.44839741	     44.15046293	      0.77057094	     11.48604894	      0.00000000	      0.00000000	      5.26970952	     -6.81546013	     -3.66423382
      3.46000000	    -15.00834821	      6.22633818	      1.95873143	     -0.14242512	      0.98719161	     -0.52483610	     37.99044202	    -16.75687144	     -7.34239147	     50.02018538	      0.87301693	      7.52843346	      0.00000000	      0.00000000	     34.27774634	     -2.03440280	     -6.21420583	     45.33931795	      0.79132038	     13.11860767	      0.00000000	      0.00000000	      5.27241349	     -6.98143360	     -3.70162042
      3.46500000	    -15.19510910	      6.37162958	      2.03583924	     -0.14388361	      0.97973683	     -0.52469922	     38.92719515	    -16.88937991	     -6.85905777	     51.28985789	      0.89517689	      9.18317819	      0.00000000	      0.00000000	     35.05092809	     -1.87406288	     -6.01156922	     46.55981017	      0.81262199	     14.75092613	      0.00000000	      0.00000000	      5.24463046	     -7.15790618	     -3.73648260
      3.47000000	    -15.35633051	      6.51351226	      2.10751687	     -0.14535840	      0.97219184	     -0.52457415	     39.86203558	    -17.02956655	     -6.41248046	     52.57132397	      0.91754270	     10.85106036	      0.00000000	      0.00000000	     35.81940419	     -1.73775377	     -5.85475108	     47.80010762	      0.83426926	     16.42180945	      0.00000000	      0.00000000	      5.17857001	     -7.32915630	     -3.76983803
      3.47500000	    -15.49259797	      6.63625645	      2.17052783	     -0.14684373	      0.96456885	     -0.52447612	     40.78358314	    -17.16364366	     -6.01753071	     53.85358274	      0.93992233	     12.50306423	      0.00000000	      0.00000000	     36.58470576	     -1.64290963	     -5.73862537	     49.04738039	      0.85603828	     18.12757137	      0.00000000	      0.00000000	      5.07685046	     -7.47412325	     -3.79920573
      3.48000000	    -15.60023513	      6.73401287	      2.21804454	     -0.14832330	      0.95689222	     -0.52440687	     41.67699095	    -17.28444483	     -5.68264298	     55.12728170	      0.96215257	     14.11653323	      0.00000000	      0.00000000	     37.33660354	     -1.60067221	     -5.67291532	     50.28563662	      0.87764993	     19.82709470	      0.00000000	      0.00000000	      4.93916816	     -7.58427499	     -3.81850694
      3.48500000	    -15.67295287	      6.80705885	      2.24250322	     -0.14978307	      0.94918592	     -0.52436521	     42.52856340	    -17.39034598	     -5.41158150	     56.39020734	      0.98419478	     15.68345315	      0.00000000	      0.00000000	     38.06121164	     -1.61545467	     -5.67395684	     51.50515307	      0.89893450	     21.48802040	      0.00000000	      0.00000000	      4.76157828	     -7.65800707	     -3.82152792
      3.49000000	    -15.70565325	      6.86207932	      2.24171829	     -0.15120995	      0.94148478	     -0.52434946	     43.32773022	    -17.48890443	     -5.20561468	     57.63906946	      1.00599154	     17.20317409	      0.00000000	      0.00000000	     38.73643646	     -1.67850635	     -5.74790414	     52.68703181	      0.91956218	     23.08352838	      0.00000000	      0.00000000	      4.54135933	     -7.70266182	     -3.80541855
      3.49500000	    -15.70758155	      6.90830864	      2.21708438	     -0.15261207	      0.93379901	     -0.52436153	     44.08583637	    -17.58728034	     -5.05460219	     58.87395680	      1.02754439	     18.67503083	      0.00000000	      0.00000000	     39.36089640	     -1.77229976	     -5.89289023	     53.81870736	      0.93931364	     24.59385143	      0.00000000	      0.00000000	      4.28697407	     -7.72638456	     -3.76889638
      3.50000000	    -15.69109761	      6.95260029	      2.17904790	     -0.15399671	      0.92614451	     -0.52439929	     44.81440857	    -17.69340491	     -4.95453987	     60.09153041	      1.04879506	     20.10488850	      0.00000000	      0.00000000	     39.94385828	     -1.88196638	     -6.10410703	     54.90197917	      0.95822030	     26.00619979	      0.00000000	      0.00000000	      4.01491204	     -7.74113128	     -3.72647527
      3.50500000	    -15.67447968	      6.99251275	      2.14180315	     -0.15538864	      0.91852266	     -0.52447495	     45.53441713	    -17.80868162	     -4.90442985	     61.29462567	      1.06979303	     21.50136723	      0.00000000	      0.00000000	     40.51319094	     -1.99375895	     -6.35862796	     55.95188020	      0.97654453	     27.29704574	      0.00000000	      0.00000000	      3.74696429	     -7.74751219	     -3.68870677
      3.51000000	    -15.68614344	      7.01511156	      2.12370283	     -0.15682168	      0.91092871	     -0.52459820	     46.27398975	    -17.92346262	     -4.90559983	     62.48106200	      1.09050025	     22.86422979	      0.00000000	      0.00000000	     41.12399001	     -2.10615672	     -6.62168294	     57.00430819	      0.99491287	     28.44187339	      0.00000000	      0.00000000	      3.51500286	     -7.73390186	     -3.66817473
      3.51500000	    -15.76037524	      6.99540355	      2.14246571	     -0.15835226	      0.90334421	     -0.52476551	     47.06770956	    -18.01178613	     -4.95821310	     63.65360795	      1.11096504	     24.18480392	      0.00000000	      0.00000000	     41.86375402	     -2.23821430	     -6.85109519	     58.12996897	      1.01455935	     29.42314637	      0.00000000	      0.00000000	      3.35452051	     -7.67707682	     -3.68110597
      3.52000000	    -15.92545602	      6.91075602	      2.21878240	     -0.16003838	      0.89579962	     -0.52495338	     47.93838307	    -18.04884333	     -5.06082684	     64.80667217	      1.13108981	     25.44458865	      0.00000000	      0.00000000	     42.81885733	     -2.41570918	     -7.00537829	     59.39127719	      1.03657333	     29.98259003	      0.00000000	      0.00000000	      3.29685438	     -7.56491629	     -3.74422599
      3.52500000	    -16.18925538	      6.74876257	      2.34371428	     -0.16189990	      0.88833813	     -0.52511180	     48.89778057	    -18.00572345	     -5.19018502	     65.94156806	      1.15089748	     26.61024344	      0.00000000	      0.00000000	     44.02846087	     -2.66871717	     -7.06261968	     60.81494364	      1.06142100	     29.99489348	      0.00000000	      0.00000000	      3.34902578	     -7.38660636	     -3.84586408
      3.53000000	    -16.53623776	      6.50047300	      2.49168781	     -0.16392611	      0.88099437	     -0.52523275	     49.94053358	    -17.86145000	     -5.32036830	     67.06652206	      1.17053163	     27.65340638	      0.00000000	      0.00000000	     45.49228334	     -3.01082712	     -6.99284403	     62.43861387	      1.08975939	     29.99663973	      0.00000000	      0.00000000	      3.49356718	     -7.12469559	     -3.96929737
      3.53500000	    -16.94106755	      6.21158851	      2.64233647	     -0.16606154	      0.87389406	     -0.52528503	     51.05520014	    -17.64485682	     -5.39642163	     68.18267738	      1.19001221	     28.53914595	      0.00000000	      0.00000000	     47.13965533	     -3.39101962	     -6.80731175	     64.18295630	      1.12020391	     29.99726232	      0.00000000	      0.00000000	      3.70312350	     -6.83204416	     -4.10386927
      3.54000000	    -17.36923897	      5.94386384	      2.77418819	     -0.16820657	      0.86719071	     -0.52525257	     52.21961645	    -17.40271934	     -5.36336301	     69.28570530	      1.20926368	     29.23990531	      0.00000000	      0.00000000	     48.85202398	     -3.74258639	     -6.54397940	     65.92825130	      1.15066506	     29.99751893	      0.00000000	      0.00000000	      3.94214201	     -6.57453470	     -4.22925169
      3.54500000	    -17.77397191	      5.76697577	      2.86170996	     -0.17022781	      0.86104034	     -0.52511375	     53.39268413	    -17.18283786	     -5.16953251	     70.36499874	      1.22810091	     29.73920626	      0.00000000	      0.00000000	     50.46991810	     -4.00742660	     -6.27970400	     67.53397301	      1.17869019	     29.99762013	      0.00000000	      0.00000000	      4.16034702	     -6.42394385	     -4.32004663
      3.55000000	    -18.12397771	      5.72161370	      2.90204597	     -0.17202542	      0.85557953	     -0.52490092	     54.53144773	    -17.02324698	     -4.80405309	     71.39174977	      1.24602109	     29.96513734	      0.00000000	      0.00000000	     51.87502607	     -4.14314740	     -6.07367079	     68.90589454	      1.20263473	     29.99764567	      0.00000000	      0.00000000	      4.32570290	     -6.42141985	     -4.36822411
      3.55500000	    -18.40180994	      5.81790363	      2.90721607	     -0.17353571	      0.85086984	     -0.52464771	     55.59730493	    -16.94163634	     -4.28918844	     72.34543121	      1.26266597	     29.98510921	      0.00000000	      0.00000000	     52.99976186	     -4.13052294	     -5.95683703	     70.00042794	      1.22173795	     29.99764245	      0.00000000	      0.00000000	      4.42205227	     -6.57597560	     -4.38000701
      3.56000000	    -18.59251641	      6.02662528	      2.88086222	     -0.17472434	      0.84690574	     -0.52436494	     56.54707967	    -16.91576535	     -3.67215601	     73.21100687	      1.27777312	     29.98848227	      0.00000000	      0.00000000	     53.81829289	     -4.00960886	     -5.93918639	     70.82091840	      1.23605821	     29.99763391	      0.00000000	      0.00000000	      4.43717770	     -6.85137475	     -4.35524892
      3.56500000	    -18.69144035	      6.29952478	      2.81672370	     -0.17559352	      0.84365671	     -0.52406338	     57.34144937	    -16.90336334	     -3.01171534	     73.95942407	      1.29083546	     29.98942102	      0.00000000	      0.00000000	     54.33923350	     -3.84053727	     -6.01379819	     71.39025456	      1.24599500	     29.99763186	      0.00000000	      0.00000000	      4.37129079	     -7.18900260	     -4.28904009
      3.57000000	    -18.70781788	      6.58587964	      2.71872583	     -0.17617428	      0.84106332	     -0.52377266	     57.96203777	    -16.87950353	     -2.37334574	     74.57648387	      1.30160519	     29.98984021	      0.00000000	      0.00000000	     54.60571350	     -3.66238400	     -6.14592358	     71.74751313	      1.25223033	     29.99762645	      0.00000000	      0.00000000	      4.23912835	     -7.52802289	     -4.18874189
      3.57500000	    -18.66075217	      6.84452818	      2.59336907	     -0.17651829	      0.83903977	     -0.52350987	     58.40894971	    -16.82787856	     -1.80851364	     75.06110947	      1.31006350	     29.99025584	      0.00000000	      0.00000000	     54.68199652	     -3.50375314	     -6.29718554	     71.94250991	      1.25563367	     29.99761031	      0.00000000	      0.00000000	      4.06362108	     -7.82143041	     -4.06366658
      3.58000000	    -18.56574571	      7.04081041	      2.43955814	     -0.17667531	      0.83750362	     -0.52327468	     58.69087909	    -16.73387405	     -1.35298056	     75.42360901	      1.31639031	     29.99093147	      0.00000000	      0.00000000	     54.63184396	     -3.40763482	     -6.44171590	     72.03640176	      1.25727239	     29.99758319	      0.00000000	      0.00000000	      3.86458928	     -8.03067852	     -3.91414595
      3.58500000	    -18.43962825	      7.15860719	      2.25596664	     -0.17668575	      0.83639008	     -0.52306280	     58.82683264	    -16.59505733	     -1.02142574	     75.67521026	      1.32078158	     29.99196748	      0.00000000	      0.00000000	     54.51077844	     -3.40307653	     -6.57141798	     72.08564772	      1.25813190	     29.99756506	      0.00000000	      0.00000000	      3.66322829	     -8.13830295	     -3.73907571
      3.59000000	    -18.29590807	      7.20163393	      2.05280118	     -0.17657058	      0.83564358	     -0.52287646	     58.84001837	    -16.43235979	     -0.81938278	     75.83645114	      1.32359577	     29.99299907	      0.00000000	      0.00000000	     54.35538610	     -3.48871030	     -6.68211648	     72.12928130	      1.25889345	     29.99757442	      0.00000000	      0.00000000	      3.47525503	     -8.15201101	     -3.54787333
      3.59500000	    -18.14419307	      7.18187679	      1.83662797	     -0.17634338	      0.83523233	     -0.52271023	     58.75083536	    -16.26072280	     -0.73756645	     75.91804859	      1.32501991	     29.99384707	      0.00000000	      0.00000000	     54.18318380	     -3.65753469	     -6.78095603	     72.18381718	      1.25984528	     29.99762968	      0.00000000	      0.00000000	      3.31143091	     -8.08838877	     -3.34494356
      3.60000000	    -17.99410998	      7.12029406	      1.61516090	     -0.17601061	      0.83514515	     -0.52255089	     58.58320815	    -16.09788359	     -0.75541205	     75.92667002	      1.32517038	     29.99444178	      0.00000000	      0.00000000	     53.99755388	     -3.89203796	     -6.88247265	     72.24259700	      1.26087118	     29.99773013	      0.00000000	      0.00000000	      3.18184728	     -7.97555944	     -3.13729979
      3.60500000	    -17.85963882	      7.04113714	      1.39941518	     -0.17557805	      0.83538604	     -0.52238377	     58.36265140	    -15.96112105	     -0.84595754	     75.86066861	      1.32401844	     29.99483407	      0.00000000	      0.00000000	     53.79522414	     -4.16313984	     -7.00104536	     72.27607660	      1.26145551	     29.99785070	      0.00000000	      0.00000000	      3.10086287	     -7.84606795	     -2.93319306
      3.61000000	    -17.75121096	      6.96865125	      1.20847263	     -0.17504461	      0.83597419	     -0.52220305	     58.10743485	    -15.87432323	     -0.99214538	     75.72220080	      1.32160172	     29.99496059	      0.00000000	      0.00000000	     53.56726376	     -4.42920409	     -7.14214913	     72.24471805	      1.26090820	     29.99796054	      0.00000000	      0.00000000	      3.07737147	     -7.73397692	     -2.74719999
      3.61500000	    -17.67747689	      6.92109097	      1.05443898	     -0.17442074	      0.83694582	     -0.52199841	     57.83159235	    -15.84985769	     -1.17287318	     75.50388154	      1.31779133	     29.99482592	      0.00000000	      0.00000000	     53.30727081	     -4.65689195	     -7.30858454	     72.11100482	      1.25857446	     29.99803728	      0.00000000	      0.00000000	      3.11702540	     -7.66433380	     -2.58752642
      3.62000000	    -17.64670975	      6.91031381	      0.94489492	     -0.17370983	      0.83833695	     -0.52176158	     57.54443132	    -15.89356285	     -1.37482599	     75.19817119	      1.31245568	     29.99434413	      0.00000000	      0.00000000	     53.01705223	     -4.82611167	     -7.50050985	     71.85237517	      1.25406052	     29.99806443	      0.00000000	      0.00000000	      3.22715337	     -7.65348496	     -2.45848913
      3.62500000	    -17.65597095	      6.93790630	      0.87813296	     -0.17290948	      0.84019447	     -0.52149740	     57.24044757	    -16.00166786	     -1.59272361	     74.79615949	      1.30543925	     29.99327819	      0.00000000	      0.00000000	     52.69068907	     -4.92735461	     -7.71080578	     71.45577382	      1.24713852	     29.99803010	      0.00000000	      0.00000000	      3.40250918	     -7.70118209	     -2.35564352
      3.63000000	    -17.70026621	      7.00873841	      0.85105817	     -0.17200937	      0.84254791	     -0.52122168	     56.91455584	    -16.17690815	     -1.82352804	     74.29645965	      1.29671784	     29.99072443	      0.00000000	      0.00000000	     52.32407024	     -4.94969983	     -7.93436092	     70.92035003	      1.23779361	     29.99792224	      0.00000000	      0.00000000	      3.63658186	     -7.80983072	     -2.27219120
      3.63500000	    -17.76773482	      7.12086765	      0.85465488	     -0.17100298	      0.84542378	     -0.52095074	     56.55301390	    -16.41238200	     -2.06655498	     73.69482527	      1.28621734	     29.98217767	      0.00000000	      0.00000000	     51.90776761	     -4.89350328	     -8.16724010	     70.25102447	      1.22611168	     29.99772297	      0.00000000	      0.00000000	      3.91580283	     -7.97212353	     -2.20330389
      3.64000000	    -17.84872395	      7.25947734	      0.87524740	     -0.16987899	      0.84883470	     -0.52070757	     56.13960674	    -16.69015365	     -2.33239421	     72.98361751	      1.27380443	     29.90346537	      0.00000000	      0.00000000	     51.43680340	     -4.77824658	     -8.40250641	     69.46165094	      1.21233451	     29.99738924	      0.00000000	      0.00000000	      4.23030612	     -8.16377721	     -2.13981712
      3.64500000	    -17.93337151	      7.40876923	      0.90497900	     -0.16863726	      0.85278442	     -0.52052170	     55.66007254	    -16.99747480	     -2.63446722	     72.15795893	      1.25939396	     29.60662313	      0.00000000	      0.00000000	     50.90758868	     -4.61817704	     -8.63111065	     68.56823341	      1.19674144	     29.99683393	      0.00000000	      0.00000000	      4.56798969	     -8.36077007	     -2.07652568
      3.65000000	    -18.00654141	      7.55644552	      0.94067839	     -0.16726860	      0.85724527	     -0.52039132	     55.09856146	    -17.32270702	     -2.98244897	     71.23872758	      1.24335035	     29.24055201	      0.00000000	      0.00000000	     50.31048088	     -4.43185468	     -8.85222131	     67.58801842	      1.17963346	     29.99583840	      0.00000000	      0.00000000	      4.91184457	     -8.54863411	     -2.01450966
      3.65500000	    -18.06128665	      7.68276797	      0.97796561	     -0.16577683	      0.86218664	     -0.52031962	     54.44316953	    -17.64185794	     -3.38700283	     70.23281052	      1.22579379	     28.83839455	      0.00000000	      0.00000000	     49.64771220	     -4.24234856	     -9.05999950	     66.53916644	      1.16132754	     29.99364279	      0.00000000	      0.00000000	      5.25401188	     -8.70386937	     -1.95595904
      3.66000000	    -18.08940230	      7.77388829	      1.01062993	     -0.16416244	      0.86757770	     -0.52030725	     53.68551243	    -17.93829222	     -3.85382348	     69.14744780	      1.20685063	     28.40338566	      0.00000000	      0.00000000	     48.91528864	     -4.06820645	     -9.25323380	     65.43466599	      1.14205037	     29.98482337	      0.00000000	      0.00000000	      5.58425729	     -8.80805393	     -1.89607784
      3.66500000	    -18.08669054	      7.83086622	      1.03800377	     -0.16242584	      0.87339472	     -0.52033374	     52.82550584	    -18.20428349	     -4.37408596	     67.98929573	      1.18663707	     27.92162780	      0.00000000	      0.00000000	     48.10916956	     -3.91375555	     -9.44395573	     64.26626093	      1.12165785	     29.80139421	      0.00000000	      0.00000000	      5.89746041	     -8.86515694	     -1.83254802
      3.67000000	    -18.05067886	      7.85469119	      1.05710314	     -0.16056219	      0.87961192	     -0.52038044	     51.86257027	    -18.42979161	     -4.93989400	     66.75831283	      1.16515236	     27.38928875	      0.00000000	      0.00000000	     47.22668487	     -3.78354646	     -9.64186920	     63.02708771	      1.10003020	     29.31846770	      0.00000000	      0.00000000	      6.19169000	     -8.87760228	     -1.76531103
      3.67500000	    -17.97617922	      7.83858865	      1.06052580	     -0.15857895	      0.88617538	     -0.52045129	     50.80114888	    -18.59946805	     -5.54251318	     65.46362589	      1.14255581	     26.80084261	      0.00000000	      0.00000000	     46.27601156	     -3.68598252	     -9.84230030	     61.75073855	      1.07775370	     28.76167893	      0.00000000	      0.00000000	      6.46076633	     -8.83418634	     -1.68904811
      3.68000000	    -17.86274885	      7.79063019	      1.04878114	     -0.15647731	      0.89304649	     -0.52053664	     49.65280029	    -18.71662951	     -6.16755390	     64.11426930	      1.11900510	     26.14460347	      0.00000000	      0.00000000	     45.26248894	     -3.61650035	    -10.05026135	     60.44690122	      1.05499745	     28.13697774	      0.00000000	      0.00000000	      6.70389885	     -8.74489539	     -1.60391617
      3.68500000	    -17.71378846	      7.71741627	      1.02658908	     -0.15426722	      0.90018750	     -0.52062838	     48.43186602	    -18.78480399	     -6.80339411	     62.71970378	      1.09466534	     25.40812159	      0.00000000	      0.00000000	     44.19867441	     -3.56836987	    -10.26341964	     59.12501902	      1.03192625	     27.44274840	      0.00000000	      0.00000000	      6.92261556	     -8.62022079	     -1.51079866
      3.69000000	    -17.53190350	      7.62838031	      0.99904142	     -0.15196070	      0.90756960	     -0.52071870	     47.14976998	    -18.81120404	     -7.43857139	     61.28521468	      1.06962878	     24.58479627	      0.00000000	      0.00000000	     43.09497909	     -3.53251938	    -10.47816884	     57.79384741	      1.00869292	     26.66737702	      0.00000000	      0.00000000	      7.11663693	     -8.47389342	     -1.41548319
      3.69500000	    -17.31720755	      7.53268613	      0.96698857	     -0.14957331	      0.91516853	     -0.52079181	     45.81845992	    -18.80166019	     -8.05718539	     59.81934361	      1.04404450	     23.66727356	      0.00000000	      0.00000000	     41.95614887	     -3.50483580	    -10.69505660	     56.45928200	      0.98540036	     25.81044485	      0.00000000	      0.00000000	      7.28591459	     -8.32128690	     -1.31127233
      3.70000000	    -17.07216318	      7.44239453	      0.93599289	     -0.14711905	      0.92295807	     -0.52084122	     44.44906457	    -18.77157345	     -8.64883295	     58.32869565	      1.01802779	     22.64767098	      0.00000000	      0.00000000	     40.78804298	     -3.47085837	    -10.90806859	     55.12032398	      0.96203114	     24.86905543	      0.00000000	      0.00000000	      7.42979712	     -8.17956192	     -1.20273064
      3.70500000	    -16.79747252	      7.36734961	      0.90541543	     -0.14462110	      0.93091280	     -0.52084744	     43.05270865	    -18.72876043	     -9.19927674	     56.82108480	      0.99171501	     21.52732715	      0.00000000	      0.00000000	     39.59281438	     -3.42415146	    -11.11647805	     53.77345244	      0.93852380	     23.84086341	      0.00000000	      0.00000000	      7.54461418	     -8.06268009	     -1.08669467
      3.71000000	    -16.49623123	      7.31449891	      0.87372189	     -0.14209232	      0.93900665	     -0.52080142	     41.63799563	    -18.67899596	     -9.69787813	     55.29685338	      0.96511216	     20.30984483	      0.00000000	      0.00000000	     38.37423401	     -3.35825378	    -11.31939683	     52.41380328	      0.91479344	     22.72343923	      0.00000000	      0.00000000	      7.63286469	     -7.98008647	     -0.96586661
      3.71500000	    -16.17034562	      7.28657709	      0.84009530	     -0.13955305	      0.94720466	     -0.52069896	     40.21489583	    -18.62884955	    -10.14221987	     53.76447861	      0.93836717	     18.99472701	      0.00000000	      0.00000000	     37.13559362	     -3.27128122	    -11.51452241	     51.03834899	      0.89078723	     21.51744105	      0.00000000	      0.00000000	      7.69412878	     -7.93550171	     -0.83988280
      3.72000000	    -15.82245755	      7.28883437	      0.80351060	     -0.13701696	      0.95547068	     -0.52054200	     38.79304296	    -18.58890626	    -10.53386401	     52.23118664	      0.91160618	     17.58505330	      0.00000000	      0.00000000	     35.87906142	     -3.15553893	    -11.70070532	     49.63829103	      0.86635161	     20.22022207	      0.00000000	      0.00000000	      7.72358408	     -7.93027616	     -0.71617756
      3.72500000	    -15.45490113	      7.31632354	      0.75859707	     -0.13450476	      0.96376810	     -0.52033118	     37.37990351	    -18.55485825	    -10.87413140	     50.69935766	      0.88487072	     16.09095971	      0.00000000	      0.00000000	     34.60907400	     -3.02056979	    -11.88130748	     48.21657633	      0.84153801	     18.83369655	      0.00000000	      0.00000000	      7.72152674	     -7.95679968	     -0.59033379
      3.73000000	    -15.07004854	      7.36438381	      0.70384139	     -0.13202383	      0.97206368	     -0.52007737	     35.97996609	    -18.52807343	    -11.17183601	     49.16970402	      0.85817323	     14.51684271	      0.00000000	      0.00000000	     33.32985492	     -2.87096401	    -12.05964476	     46.77549343	      0.81638637	     17.36859222	      0.00000000	      0.00000000	      7.69009974	     -8.00811169	     -0.46329863
      3.73500000	    -14.66321297	      7.42671592	      0.63829080	     -0.12959035	      0.98033246	     -0.51978782	     34.59121366	    -18.50803369	    -11.44044312	     47.64934245	      0.83163791	     12.86338846	      0.00000000	      0.00000000	     32.03815996	     -2.71499112	    -12.24187610	     45.31819525	      0.79095172	     15.83539534	      0.00000000	      0.00000000	      7.62023280	     -8.07554847	     -0.33525350
      3.74000000	    -14.23563883	      7.50028352	      0.56114902	     -0.12721630	      0.98854329	     -0.51946993	     33.21897601	    -18.49504123	    -11.68700492	     46.14492617	      0.80538089	     11.13793800	      0.00000000	      0.00000000	     30.73737706	     -2.55468425	    -12.43153675	     43.84842912	      0.76529946	     14.24496236	      0.00000000	      0.00000000	      7.51092013	     -8.15469332	     -0.20697540
      3.74500000	    -13.79083261	      7.57017787	      0.47694768	     -0.12491788	      0.99667105	     -0.51913915	     31.86253657	    -18.47762567	    -11.92525428	     44.65159048	      0.77931727	      9.34881005	      0.00000000	      0.00000000	     29.43728046	     -2.40349747	    -12.62207095	     42.37863039	      0.73964663	     12.60380143	      0.00000000	      0.00000000	      7.36701038	     -8.23073344	     -0.08508094
      3.75000000	    -13.33265744	      7.63264352	      0.39171602	     -0.12269758	      1.00468465	     -0.51880725	     30.52764423	    -18.45765349	    -12.16833355	     43.18027933	      0.75363805	      7.49820530	      0.00000000	      0.00000000	     28.14413068	     -2.26199068	    -12.81252844	     40.91300730	      0.71406668	     10.92211921	      0.00000000	      0.00000000	      7.19131721	     -8.30005438	      0.02216078
      3.75500000	    -12.86498655	      7.68388484	      0.31278657	     -0.12056807	      1.01255524	     -0.51848668	     29.21947061	    -18.43487772	    -12.42771735	     41.74160467	      0.72852844	      5.59176970	      0.00000000	      0.00000000	     26.86532572	     -2.13054300	    -12.99528821	     39.45780075	      0.68866854	      9.20328809	      0.00000000	      0.00000000	      6.98507240	     -8.35893038	      0.10556812
      3.76000000	    -12.40600001	      7.71447215	      0.24788448	     -0.11854922	      1.02023864	     -0.51819697	     27.95668521	    -18.40026695	    -12.70742285	     40.33744978	      0.70402131	      3.64776180	      0.00000000	      0.00000000	     25.62771576	     -2.01478259	    -13.15385926	     38.02718403	      0.66369957	      7.45759498	      0.00000000	      0.00000000	      6.76668226	     -8.39637948	      0.15779327
      3.76500000	    -11.96228166	      7.71639176	      0.20049164	     -0.11664528	      1.02771208	     -0.51794971	     26.74184866	    -18.34483728	    -13.01097063	     38.96341745	      0.68003992	      1.67822215	      0.00000000	      0.00000000	     24.44083872	     -1.92335088	    -13.28440864	     36.62866492	      0.63929080	      5.70899060	      0.00000000	      0.00000000	      6.54320174	     -8.40238268	      0.17433251
      3.77000000	    -11.54971998	      7.69069408	      0.17389254	     -0.11486633	      1.03492670	     -0.51775166	     25.59959952	    -18.26963369	    -13.33351626	     37.64038651	      0.65694868	     -0.29641552	      0.00000000	      0.00000000	     23.32653828	     -1.85568708	    -13.38493878	     35.27410497	      0.61564927	      3.99126167	      0.00000000	      0.00000000	      6.33077052	     -8.37674576	      0.15956492
      3.77500000	    -11.18198277	      7.63405163	      0.16879617	     -0.11323008	      1.04184477	     -0.51760792	     24.54635416	    -18.16835276	    -13.66575880	     36.37259102	      0.63482147	     -2.23747665	      0.00000000	      0.00000000	     22.30712755	     -1.81740728	    -13.45045510	     33.98331244	      0.59312069	      2.35053883	      0.00000000	      0.00000000	      6.14432864	     -8.31444257	      0.11446273
      3.78000000	    -10.87365466	      7.53793490	      0.18430334	     -0.11175203	      1.04842639	     -0.51752215	     23.59807721	    -18.02774102	    -13.99536518	     35.16177018	      0.61368866	     -4.10052064	      0.00000000	      0.00000000	     21.40794450	     -1.82050401	    -13.47741018	     32.77941130	      0.57210865	      0.83472246	      0.00000000	      0.00000000	      6.00073554	     -8.20480505	      0.04172960
      3.78500000	    -10.63237962	      7.40478781	      0.21924433	     -0.11043638	      1.05463173	     -0.51749315	     22.76934873	    -17.85096605	    -14.31138322	     34.02523808	      0.59385243	     -5.83692509	      0.00000000	      0.00000000	     20.64481766	     -1.86637521	    -13.47067586	     31.68279959	      0.55296917	     -0.50351916	      0.00000000	      0.00000000	      5.90945962	     -8.04992170	     -0.05578449
      3.79000000	    -10.47015625	      7.23854680	      0.27071004	     -0.10929963	      1.06040809	     -0.51751359	     22.08516662	    -17.64200131	    -14.59730357	     32.98887879	      0.57576455	     -7.38198361	      0.00000000	      0.00000000	     20.04340861	     -1.95693648	    -13.43753714	     30.72581548	      0.53626665	     -1.62373221	      0.00000000	      0.00000000	      5.88438402	     -7.85457809	     -0.17110486
      3.79500000	    -10.38419567	      7.04046765	      0.33523038	     -0.10834375	      1.06573141	     -0.51758003	     21.54580213	    -17.40345800	    -14.84652421	     32.06319039	      0.55960824	     -8.68783737	      0.00000000	      0.00000000	     19.60985981	     -2.09491065	    -13.38676023	     29.93319133	      0.52243274	     -2.49404548	      0.00000000	      0.00000000	      5.92337978	     -7.62004329	     -0.30258886
      3.80000000	    -10.36796533	      6.81671838	      0.40742733	     -0.10755382	      1.07058057	     -0.51768403	     21.15091473	    -17.14449057	    -15.05503113	     31.26710416	      0.54571392	     -9.72221658	      0.00000000	      0.00000000	     19.34274227	     -2.28043630	    -13.33965326	     29.32429041	      0.51180542	     -3.09834988	      0.00000000	      0.00000000	      6.02190125	     -7.35323783	     -0.44246207
      3.80500000	    -10.40599766	      6.58339324	      0.48487247	     -0.10691499	      1.07495084	     -0.51781939	     20.89295159	    -16.88957196	    -15.22863936	     30.62553356	      0.53451640	    -10.46907056	      0.00000000	      0.00000000	     19.22585760	     -2.49691269	    -13.30922596	     28.90615550	      0.50450759	     -3.43415333	      0.00000000	      0.00000000	      6.16336462	     -7.07330876	     -0.58641281
      3.81000000	    -10.47438249	      6.35058906	      0.56156497	     -0.10639890	      1.07886479	     -0.51797479	     20.74828805	    -16.65267469	    -15.37586117	     30.14853051	      0.52619112	    -10.93029686	      0.00000000	      0.00000000	     19.22764810	     -2.73593157	    -13.31221314	     28.67475913	      0.50046896	     -3.52174119	      0.00000000	      0.00000000	      6.32329071	     -6.79202084	     -0.72718938
      3.81500000	    -10.54596872	      6.12952822	      0.63558681	     -0.10596554	      1.08236202	     -0.51815003	     20.68317417	    -16.45053217	    -15.51459292	     29.83516335	      0.52072183	    -11.13420640	      0.00000000	      0.00000000	     19.30405354	     -2.98133652	    -13.35266518	     28.60476734	      0.49924737	     -3.39391584	      0.00000000	      0.00000000	      6.47365983	     -6.52158226	     -0.86274812
      3.82000000	    -10.59939343	      5.93389153	      0.70548375	     -0.10558774	      1.08548757	     -0.51834038	     20.67460438	    -16.30135985	    -15.65441217	     29.68778868	      0.51814966	    -11.11275496	      0.00000000	      0.00000000	     19.41591991	     -3.21378369	    -13.42929688	     28.66529180	      0.50030372	     -3.09302236	      0.00000000	      0.00000000	      6.59206593	     -6.27881003	     -0.98996828
      3.82500000	    -10.60659603	      5.76234649	      0.76994989	     -0.10523521	      1.08830924	     -0.51854708	     20.67600410	    -16.20217241	    -15.80876800	     29.67836184	      0.51798513	    -10.91271887	      0.00000000	      0.00000000	     19.51514813	     -3.42946671	    -13.53436197	     28.82088109	      0.50301927	     -2.66649513	      0.00000000	      0.00000000	      6.64768463	     -6.06115058	     -1.10863560
      3.83000000	    -10.55773316	      5.61584997	      0.82921439	     -0.10488638	      1.09088226	     -0.51877113	     20.66176834	    -16.14976335	    -15.97830541	     29.77632407	      0.51969489	    -10.57856556	      0.00000000	      0.00000000	     19.57248942	     -3.61914418	    -13.65350881	     29.03214207	      0.50670647	     -2.16822967	      0.00000000	      0.00000000	      6.63105888	     -5.86930863	     -1.21719154
      3.83500000	    -10.44574697	      5.49016517	      0.88038994	     -0.10452702	      1.09325335	     -0.51901049	     20.60968057	    -16.13342856	    -16.15882833	     29.94929144	      0.52271374	    -10.15553494	      0.00000000	      0.00000000	     19.56391918	     -3.78326638	    -13.77838795	     29.26582258	      0.51078496	     -1.63822661	      0.00000000	      0.00000000	      6.53572650	     -5.69704462	     -1.31204068
      3.84000000	    -10.26868656	      5.38165994	      0.92535108	     -0.10415368	      1.09546526	     -0.51926236	     20.50312025	    -16.14371555	    -16.34702811	     30.16601167	      0.52649623	     -9.68173154	      0.00000000	      0.00000000	     19.47633767	     -3.92059527	    -13.89522496	     29.49546883	      0.51479305	     -1.11428957	      0.00000000	      0.00000000	      6.35948724	     -5.54089859	     -1.39465920
      3.84500000	    -10.02701578	      5.27957615	      0.96489154	     -0.10375778	      1.09755239	     -0.51952687	     20.31985150	    -16.15982231	    -16.54053049	     30.38086467	      0.53024612	     -9.19028828	      0.00000000	      0.00000000	     19.30058085	     -4.03942532	    -13.99606444	     29.69968115	      0.51835722	     -0.62196490	      0.00000000	      0.00000000	      6.10333919	     -5.38739028	     -1.46661170
      3.85000000	     -9.73977149	      5.18492560	      1.00022954	     -0.10336003	      1.09951417	     -0.51979774	     20.07848068	    -16.17802321	    -16.72591232	     30.58171960	      0.53375170	     -8.69714068	      0.00000000	      0.00000000	     19.05353282	     -4.13513748	    -14.06865283	     29.86490887	      0.52124099	     -0.18289966	      0.00000000	      0.00000000	      5.78743458	     -5.23874939	     -1.52685366
      3.85500000	     -9.41681215	      5.09374753	      1.03207773	     -0.10296497	      1.10134390	     -0.52007073	     19.78533308	    -16.19248737	    -16.90196559	     30.75781115	      0.53682508	     -8.21340276	      0.00000000	      0.00000000	     18.74299214	     -4.21321105	    -14.11242109	     29.98168169	      0.52327906	      0.19714256	      0.00000000	      0.00000000	      5.42405188	     -5.09133012	     -1.57540380
      3.86000000	     -9.07198691	      5.00546297	      1.06333874	     -0.10258813	      1.10303381	     -0.52033856	     19.45243021	    -16.19971037	    -17.06498516	     30.89968362	      0.53930122	     -7.74714737	      0.00000000	      0.00000000	     18.38845933	     -4.27584041	    -14.12710239	     30.05316891	      0.52452675	      0.51680727	      0.00000000	      0.00000000	      5.02838809	     -4.94653474	     -1.61373152
      3.86500000	     -8.72035025	      4.91671689	      1.09706748	     -0.10224643	      1.10456126	     -0.52059961	     19.09336254	    -16.19405343	    -17.21245884	     30.99904817	      0.54103546	     -7.30078120	      0.00000000	      0.00000000	     18.00957534	     -4.32661475	    -14.10915820	     30.07919652	      0.52498102	      0.77843975	      0.00000000	      0.00000000	      4.61732399	     -4.80236727	     -1.64346960
      3.87000000	     -8.38180371	      4.83025411	      1.13130656	     -0.10196000	      1.10589190	     -0.52084487	     18.74083790	    -16.17996987	    -17.33451449	     31.07021884	      0.54227762	     -6.87488731	      0.00000000	      0.00000000	     17.63450056	     -4.36763014	    -14.06564655	     30.06927499	      0.52480785	      0.98483488	      0.00000000	      0.00000000	      4.21430256	     -4.66371684	     -1.66008670
      3.87500000	     -8.06956441	      4.74450575	      1.17072047	     -0.10173725	      1.10699549	     -0.52107177	     18.40976081	    -16.15717417	    -17.43406404	     31.11389626	      0.54303993	     -6.47065173	      0.00000000	      0.00000000	     17.28422753	     -4.40169734	    -13.99574389	     30.03258908	      0.52416756	      1.14145722	      0.00000000	      0.00000000	      3.83451182	     -4.53100873	     -1.66823060
      3.88000000	     -7.78915166	      4.65647700	      1.21384386	     -0.10158589	      1.10785888	     -0.52127404	     18.10699257	    -16.11949641	    -17.50749199	     31.12714621	      0.54327119	     -6.09605229	      0.00000000	      0.00000000	     16.97221169	     -4.43778135	    -13.90885723	     29.98260691	      0.52329521	      1.24923610	      0.00000000	      0.00000000	      3.48212874	     -4.40069858	     -1.66877132
      3.88500000	     -7.55320956	      4.56376108	      1.26329357	     -0.10151421	      1.10845209	     -0.52145607	     17.85037658	    -16.06588723	    -17.55413671	     31.11591798	      0.54307522	     -5.75369874	      0.00000000	      0.00000000	     16.71744480	     -4.47795133	    -13.79960922	     29.92637572	      0.52231379	      1.30488676	      0.00000000	      0.00000000	      3.16957963	     -4.27001586	     -1.66609961
      3.89000000	     -7.37328326	      4.47360442	      1.31640617	     -0.10152793	      1.10874683	     -0.52161008	     17.66422525	    -16.00661740	    -17.56661004	     31.09772212	      0.54275764	     -5.44479335	      0.00000000	      0.00000000	     16.53803826	     -4.51764840	    -13.67626697	     29.87613003	      0.52143684	      1.31401571	      0.00000000	      0.00000000	      2.90808532	     -4.14684531	     -1.66035180
      3.89500000	     -7.24812385	      4.38518022	      1.37465800	     -0.10162035	      1.10873135	     -0.52173707	     17.54722708	    -15.94107809	    -17.54996718	     31.07412547	      0.54234580	     -5.17374152	      0.00000000	      0.00000000	     16.43527401	     -4.55944670	    -13.53813144	     29.83875785	      0.52078457	      1.27598793	      0.00000000	      0.00000000	      2.69416070	     -4.02952179	     -1.65682225
      3.90000000	     -7.18061409	      4.30028491	      1.43809963	     -0.10178937	      1.10839297	     -0.52183830	     17.50643429	    -15.87204126	    -17.50372030	     31.05238530	      0.54196636	     -4.94942321	      0.00000000	      0.00000000	     16.41562996	     -4.60125970	    -13.38606291	     29.82054264	      0.52046665	      1.19570889	      0.00000000	      0.00000000	      2.53013272	     -3.91988434	     -1.65738844
      3.90500000	     -7.18491263	      4.22762179	      1.50744210	     -0.10204092	      1.10769978	     -0.52191082	     17.56884596	    -15.81317097	    -17.42253494	     31.05455942	      0.54200431	     -4.76981654	      0.00000000	      0.00000000	     16.49967576	     -4.63299123	    -13.21592077	     29.83305346	      0.52068501	      1.08857270	      0.00000000	      0.00000000	      2.43335520	     -3.82959069	     -1.66295463
      3.91000000	     -7.25604896	      4.17097648	      1.58282568	     -0.10235892	      1.10664852	     -0.52195405	     17.73099457	    -15.77214518	    -17.31422923	     31.09003911	      0.54262355	     -4.64274740	      0.00000000	      0.00000000	     16.67969056	     -4.65079051	    -13.02995684	     29.87637598	      0.52144113	      0.96740800	      0.00000000	      0.00000000	      2.40074946	     -3.76389013	     -1.67457609
      3.91500000	     -7.39968051	      4.12995008	      1.66940782	     -0.10274823	      1.10522366	     -0.52197211	     18.00112951	    -15.75078006	    -17.18255624	     31.16714962	      0.54396938	     -4.57761761	      0.00000000	      0.00000000	     16.96655636	     -4.65280790	    -12.81438216	     29.96081728	      0.52291491	      0.84329873	      0.00000000	      0.00000000	      2.44104608	     -3.72509034	     -1.69560544
      3.92000000	     -7.60983753	      4.10664043	      1.76710433	     -0.10320453	      1.10342604	     -0.52196720	     18.37551729	    -15.75479509	    -17.03246441	     31.29436963	      0.54618979	     -4.58020072	      0.00000000	      0.00000000	     17.35486812	     -4.63489481	    -12.56931672	     30.08952182	      0.52516123	      0.73602667	      0.00000000	      0.00000000	      2.55184480	     -3.71794173	     -1.72501394
      3.92500000	     -7.88108196	      4.10474980	      1.87743532	     -0.10372408	      1.10125488	     -0.52194243	     18.85104442	    -15.79298755	    -16.86985860	     31.48222984	      0.54946857	     -4.65641832	      0.00000000	      0.00000000	     17.83574792	     -4.59094813	    -12.28999737	     30.26045259	      0.52814453	      0.65659951	      0.00000000	      0.00000000	      2.73365817	     -3.75046673	     -1.75899903
      3.93000000	     -8.19829264	      4.12118734	      2.00165426	     -0.10429640	      1.09872644	     -0.52190045	     19.40673271	    -15.86325198	    -16.70507212	     31.72852172	      0.55376717	     -4.81140099	      0.00000000	      0.00000000	     18.39200408	     -4.52499586	    -11.97792449	     30.47573376	      0.53190190	      0.61067678	      0.00000000	      0.00000000	      2.96869969	     -3.81930945	     -1.80127859
      3.93500000	     -8.55578386	      4.15379721	      2.13786826	     -0.10492943	      1.09584176	     -0.52184287	     20.03839706	    -15.96330134	    -16.53371546	     32.03578234	      0.55912988	     -5.03912652	      0.00000000	      0.00000000	     19.01961253	     -4.43843277	    -11.63238557	     30.74065634	      0.53652567	      0.59710629	      0.00000000	      0.00000000	      3.25136958	     -3.92255026	     -1.84888860
      3.94000000	     -8.93544897	      4.19922891	      2.28139252	     -0.10560906	      1.09262868	     -0.52177088	     20.72133835	    -16.08786556	    -16.35844968	     32.39736710	      0.56544072	     -5.33260714	      0.00000000	      0.00000000	     19.69280459	     -4.33635776	    -11.26490344	     31.04703975	      0.54187307	      0.60922038	      0.00000000	      0.00000000	      3.56206850	     -4.05437047	     -1.89867327
      3.94500000	     -9.33968441	      4.25444183	      2.43305425	     -0.10633604	      1.08908327	     -0.52168774	     21.45820621	    -16.23323492	    -16.17552959	     32.81586810	      0.57274495	     -5.67671981	      0.00000000	      0.00000000	     20.41492225	     -4.22031530	    -10.87311583	     31.39825305	      0.54800290	      0.63041924	      0.00000000	      0.00000000	      3.90160106	     -4.20991682	     -1.95333572
      3.95000000	     -9.76008809	      4.31657126	      2.59285091	     -0.10710129	      1.08522000	     -0.52159636	     22.23597010	    -16.39520191	    -15.98661205	     33.28843422	      0.58099278	     -6.05270447	      0.00000000	      0.00000000	     21.17621306	     -4.09308745	    -10.46046829	     31.79457842	      0.55492008	      0.64629536	      0.00000000	      0.00000000	      4.25213789	     -4.38003336	     -2.02028640
      3.95500000	    -10.18526933	      4.37777721	      2.75328402	     -0.10789770	      1.08105830	     -0.52149825	     23.04008849	    -16.56065397	    -15.78556407	     33.80962429	      0.59008926	     -6.44714463	      0.00000000	      0.00000000	     21.96162144	     -3.96541827	    -10.03898261	     32.23429374	      0.56259456	      0.63562069	      0.00000000	      0.00000000	      4.60448076	     -4.55291870	     -2.09148620
      3.96000000	    -10.60334598	      4.43701907	      2.91398790	     -0.10870909	      1.07662059	     -0.52139665	     23.85350528	    -16.72794624	    -15.57661436	     34.37801934	      0.60000963	     -6.84523403	      0.00000000	      0.00000000	     22.75434022	     -3.83917638	     -9.61477878	     32.71296177	      0.57094889	      0.58783403	      0.00000000	      0.00000000	      4.94232155	     -4.72376401	     -2.16956639
      3.96500000	    -11.00892232	      4.49522955	      3.07747300	     -0.10952687	      1.07191267	     -0.52129501	     24.67078488	    -16.89995796	    -15.36342728	     35.00098562	      0.61088244	     -7.22568603	      0.00000000	      0.00000000	     23.54695294	     -3.71074446	     -9.18605228	     33.22920469	      0.57995903	      0.49139735	      0.00000000	      0.00000000	      5.25751977	     -4.89250129	     -2.25849905
      3.97000000	    -11.38818718	      4.54961680	      3.23692152	     -0.11033839	      1.06695740	     -0.52118627	     25.47606060	    -17.06890400	    -15.14335595	     35.67960924	      0.62272666	     -7.55010576	      0.00000000	      0.00000000	     24.32052293	     -3.58699103	     -8.76298007	     33.77921666	      0.58955855	      0.34725124	      0.00000000	      0.00000000	      5.53474219	     -5.05328364	     -2.35154714
      3.97500000	    -11.74282086	      4.59370803	      3.38607539	     -0.11115635	      1.06175825	     -0.52106322	     26.27238607	    -17.21981020	    -14.89787653	     36.41435987	      0.63555047	     -7.72898542	      0.00000000	      0.00000000	     25.07932711	     -3.47726249	     -8.34802667	     34.36925383	      0.59985664	      0.17528456	      0.00000000	      0.00000000	      5.77866122	     -5.19956088	     -2.44153565
      3.98000000	    -12.07414939	      4.62963204	      3.52351235	     -0.11198727	      1.05631222	     -0.52092198	     27.06411881	    -17.35258986	    -14.61438832	     37.21351627	      0.64949839	     -7.63604485	      0.00000000	      0.00000000	     25.82468617	     -3.37723774	     -7.93705282	     35.00190637	      0.61089851	      0.04597449	      0.00000000	      0.00000000	      5.98869817	     -5.33350735	     -2.52755473
      3.98500000	    -12.38699196	      4.64929930	      3.64543821	     -0.11284199	      1.05060817	     -0.52076086	     27.85951792	    -17.45520926	    -14.28327746	     38.08180227	      0.66465283	     -7.16892885	      0.00000000	      0.00000000	     26.56618144	     -3.29695633	     -7.52368450	     35.69037869	      0.62291462	      0.08139169	      0.00000000	      0.00000000	      6.17275899	     -5.44647977	     -2.60295200
      3.99000000	    -12.67623988	      4.64640887	      3.74620504	     -0.11372691	      1.04465344	     -0.52057574	     28.65415928	    -17.51644471	    -13.89897335	     39.02016155	      0.68103029	     -6.28004905	      0.00000000	      0.00000000	     27.30235776	     -3.25017706	     -7.11154038	     36.44856479	      0.63614746	      0.40816310	      0.00000000	      0.00000000	      6.32585006	     -5.52961543	     -2.66236583
      3.99500000	    -12.93608607	      4.62872988	      3.82603349	     -0.11464110	      1.03845475	     -0.52037325	     29.44547467	    -17.54780556	    -13.46582810	     40.03492803	      0.69874131	     -4.97039734	      0.00000000	      0.00000000	     28.02591880	     -3.22885969	     -6.70100765	     37.28292586	      0.65070981	      1.10856431	      0.00000000	      0.00000000	      6.43958070	     -5.59041989	     -2.70608532
      4.00000000	    -13.15907100	      4.60330867	      3.88980824	     -0.11556908	      1.03202597	     -0.52016355	     30.22636400	    -17.56413645	    -13.00342526	     41.12682522	      0.71779851	     -3.34130046	      0.00000000	      0.00000000	     28.72706263	     -3.22479436	     -6.29395715	     38.20133401	      0.66673906	      2.22038279	      0.00000000	      0.00000000	      6.50444370	     -5.63627551	     -2.73517156
      4.00500000	    -13.34952644	      4.57404784	      3.93834822	     -0.11650780	      1.02537898	     -0.51994688	     31.00488119	    -17.57035065	    -12.52232841	     42.28932198	      0.73808791	     -1.56572118	      0.00000000	      0.00000000	     29.40637600	     -3.23305273	     -5.88790191	     39.19954244	      0.68416108	      3.68377905	      0.00000000	      0.00000000	      6.52447010	     -5.67142108	     -2.74921559
      4.01000000	    -13.51762404	      4.55032300	      3.97489038	     -0.11747709	      1.01852516	     -0.51972223	     31.80049502	    -17.57619523	    -12.02321511	     43.52013601	      0.75956966	      0.22290053	      0.00000000	      0.00000000	     30.07856550	     -3.23866956	     -5.48362424	     40.27633843	      0.70295472	      5.35076063	      0.00000000	      0.00000000	      6.50683258	     -5.70766449	     -2.75105943
      4.01500000	    -13.67646981	      4.53915382	      4.00079610	     -0.11849401	      1.01146643	     -0.51948590	     32.63643525	    -17.58910438	    -11.50367120	     44.81319170	      0.78213774	      1.97938639	      0.00000000	      0.00000000	     30.76295961	     -3.23119557	     -5.08716046	     41.43080692	      0.72310399	      7.09061864	      0.00000000	      0.00000000	      6.46413454	     -5.75496122	     -2.74053984
      4.02000000	    -13.83788878	      4.53255646	      4.01484891	     -0.11958039	      1.00420902	     -0.51923006	     33.52856199	    -17.59741839	    -10.96032290	     46.15132238	      0.80549253	      3.67568799	      0.00000000	      0.00000000	     31.47898813	     -3.22011243	     -4.69804625	     42.65778953	      0.74451888	      8.83453835	      0.00000000	      0.00000000	      6.40898496	     -5.80534902	     -2.71637782
      4.02500000	    -14.00657683	      4.52779728	      4.01669179	     -0.12075273	      0.99675761	     -0.51895050	     34.48665839	    -17.59964818	    -10.39865314	     47.52895793	      0.82953681	      5.30742221	      0.00000000	      0.00000000	     32.23821979	     -3.21156271	     -4.31943790	     43.94437758	      0.76697408	     10.55639999	      0.00000000	      0.00000000	      6.34544996	     -5.85659083	     -2.68226947
      4.03000000	    -14.17730518	      4.52185843	      4.00691667	     -0.12201492	      0.98913510	     -0.51865125	     35.50154553	    -17.59600084	     -9.82786727	     48.93648186	      0.85410273	      6.90284182	      0.00000000	      0.00000000	     33.04321608	     -3.21474955	     -3.96380566	     45.28450266	      0.79036367	     12.26318450	      0.00000000	      0.00000000	      6.26749809	     -5.90478327	     -2.64055627
      4.03500000	    -14.33789614	      4.51033962	      3.98632093	     -0.12334377	      0.98136476	     -0.51834735	     36.54947566	    -17.58970734	     -9.26998529	     50.36554588	      0.87904461	      8.48043829	      0.00000000	      0.00000000	     33.88085997	     -3.23899869	     -3.64293098	     46.66174519	      0.81440109	     13.97725344	      0.00000000	      0.00000000	      6.16415984	     -5.94292758	     -2.59470815
      4.04000000	    -14.47521845	      4.48625712	      3.95124899	     -0.12471839	      0.97348307	     -0.51805121	     37.60088569	    -17.57588819	     -8.74025581	     51.80299156	      0.90413277	     10.01200512	      0.00000000	      0.00000000	     34.73238952	     -3.29747064	     -3.36778381	     48.05787539	      0.83876816	     15.69616463	      0.00000000	      0.00000000	      6.02384919	     -5.95967799	     -2.54432429
      4.04500000	    -14.57811836	      4.44966824	      3.89474666	     -0.12611353	      0.96552621	     -0.51776946	     38.63137793	    -17.55254634	     -8.24595796	     53.24195515	      0.92924742	     11.48053417	      0.00000000	      0.00000000	     35.57728302	     -3.39723914	     -3.15841154	     49.45838696	      0.86321170	     17.38763122	      0.00000000	      0.00000000	      5.83761440	     -5.95191960	     -2.48431979
      4.05000000	    -14.64106466	      4.40026232	      3.81082557	     -0.12750727	      0.95754467	     -0.51751125	     39.61967686	    -17.51434967	     -7.78763949	     54.66906842	      0.95415524	     12.88931001	      0.00000000	      0.00000000	     36.39630823	     -3.54017456	     -3.02785576	     50.84936458	      0.88748883	     19.00960839	      0.00000000	      0.00000000	      5.59980564	     -5.91425870	     -2.41260944
      4.05500000	    -14.66126307	      4.34496740	      3.69677487	     -0.12887883	      0.94957565	     -0.51727417	     40.55368785	    -17.46413232	     -7.36497143	     56.08071757	      0.97879317	     14.25210072	      0.00000000	      0.00000000	     37.16977439	     -3.71841935	     -2.98814465	     52.21666352	      0.91135270	     20.53063456	      0.00000000	      0.00000000	      5.30926880	     -5.85508172	     -2.32507816
      4.06000000	    -14.63984456	      4.28895182	      3.55193450	     -0.13022576	      0.94166409	     -0.51705148	     41.42725736	    -17.40090283	     -6.97204311	     57.46701285	      1.00298859	     15.57335691	      0.00000000	      0.00000000	     37.88404185	     -3.92452689	     -3.04449274	     53.55132426	      0.93464693	     21.94555578	      0.00000000	      0.00000000	      4.96812416	     -5.78205022	     -2.21826705
      4.06500000	    -14.58565303	      4.23760462	      3.38408165	     -0.13154896	      0.93383682	     -0.51684029	     42.24634367	    -17.33078798	     -6.61150539	     58.82540835	      1.02669706	     16.87155079	      0.00000000	      0.00000000	     38.54233730	     -4.14780432	     -3.19513503	     54.85301305	      0.95736568	     23.26469115	      0.00000000	      0.00000000	      4.58729229	     -5.70561194	     -2.09829995
      4.07000000	    -14.51391326	      4.18960562	      3.20908119	     -0.13285321	      0.92611872	     -0.51664538	     43.02172726	    -17.26019442	     -6.29707230	     60.15217314	      1.04985347	     18.15731582	      0.00000000	      0.00000000	     39.16567884	     -4.38119243	     -3.42772073	     56.13021855	      0.97965712	     24.50282609	      0.00000000	      0.00000000	      4.18612640	     -5.63054770	     -1.97939397
      4.07500000	    -14.44656240	      4.13966490	      3.04393245	     -0.13415807	      0.91851595	     -0.51646323	     43.77283180	    -17.19001847	     -6.04055715	     61.44534409	      1.07242356	     19.43620349	      0.00000000	      0.00000000	     39.79357693	     -4.62459949	     -3.72702211	     57.40243915	      1.00186156	     25.68262834	      0.00000000	      0.00000000	      3.79730018	     -5.56249261	     -1.86831650
      4.08000000	    -14.40784219	      4.07321373	      2.90547399	     -0.13548828	      0.91104638	     -0.51629771	     44.51659445	    -17.11218660	     -5.85694059	     62.69343554	      1.09420687	     20.71014772	      0.00000000	      0.00000000	     40.47228893	     -4.88640309	     -4.06371919	     58.68874694	      1.02431187	     26.81140573	      0.00000000	      0.00000000	      3.44946870	     -5.48774783	     -1.78069051
      4.08500000	    -14.42324884	      3.98094601	      2.80585314	     -0.13685059	      0.90372478	     -0.51615113	     45.27194365	    -17.02061653	     -5.75458129	     63.88686765	      1.11503619	     21.97647695	      0.00000000	      0.00000000	     41.23866290	     -5.16941223	     -4.40662883	     59.99250725	      1.04706678	     27.87899050	      0.00000000	      0.00000000	      3.17461524	     -5.39800772	     -1.73187359
      4.09000000	    -14.50863765	      3.85594384	      2.75735181	     -0.13824960	      0.89659031	     -0.51603227	     46.04567029	    -16.91288738	     -5.74023065	     65.01374408	      1.13470389	     23.22830384	      0.00000000	      0.00000000	     42.11132809	     -5.46296704	     -4.71222145	     61.30433399	      1.06996247	     28.86028845	      0.00000000	      0.00000000	      2.99205044	     -5.28707009	     -1.73212553
      4.09500000	    -14.67228008	      3.69701448	      2.76670443	     -0.13969264	      0.88968642	     -0.51594976	     46.83900331	    -16.78772393	     -5.80672131	     66.06187306	      1.15299719	     24.45661703	      0.00000000	      0.00000000	     43.09428657	     -5.74873156	     -4.93764088	     62.60753400	      1.09270760	     29.72402402	      0.00000000	      0.00000000	      2.90856583	     -5.15180966	     -1.79214098
      4.10000000	    -14.91879388	      3.51905775	      2.83737762	     -0.14118107	      0.88308373	     -0.51588579	     47.65400717	    -16.65261412	     -5.92699330	     67.01921855	      1.16970603	     25.64689344	      0.00000000	      0.00000000	     44.17299265	     -6.00036817	     -5.05760461	     63.84396969	      1.11428748	     29.99080599	      0.00000000	      0.00000000	      2.92359680	     -5.01005424	     -1.91917401
      4.10500000	    -15.23446838	      3.31204310	      2.95169799	     -0.14271195	      0.87678373	     -0.51586264	     48.48448999	    -16.49198573	     -6.07851097	     67.89425933	      1.18497837	     26.77342675	      0.00000000	      0.00000000	     45.33585301	     -6.22181440	     -5.03887646	     65.04006628	      1.13516330	     29.99576224	      0.00000000	      0.00000000	      3.02278431	     -4.84428325	     -2.10128298
      4.11000000	    -15.59842075	      3.07269437	      3.09365908	     -0.14428849	      0.87078686	     -0.51589378	     49.32597570	    -16.29991301	     -6.23432105	     68.70798922	      1.19918063	     27.80509836	      0.00000000	      0.00000000	     46.57212429	     -6.41572465	     -4.85989027	     66.23123171	      1.15595306	     29.99691933	      0.00000000	      0.00000000	      3.18095579	     -4.64412667	     -2.32196806
      4.11500000	    -15.99085023	      2.82002265	      3.24365617	     -0.14590252	      0.86510281	     -0.51596964	     50.18523588	    -16.08533075	     -6.34667194	     69.48651245	      1.21276843	     28.70973889	      0.00000000	      0.00000000	     47.85965361	     -6.57687403	     -4.54261061	     67.41986274	      1.17669859	     29.99735282	      0.00000000	      0.00000000	      3.37312575	     -4.42639875	     -2.56249595
      4.12000000	    -16.38603620	      2.58322259	      3.38710813	     -0.14752014	      0.85974742	     -0.51608139	     51.06516067	    -15.87198777	     -6.37283542	     70.26145089	      1.22629366	     29.45722448	      0.00000000	      0.00000000	     49.15903636	     -6.68863524	     -4.12649432	     68.59536934	      1.19721505	     29.99749562	      0.00000000	      0.00000000	      3.57129495	     -4.22267427	     -2.80031072
      4.12500000	    -16.75554573	      2.38945950	      3.51248391	     -0.14907832	      0.85477549	     -0.51621923	     51.95112508	    -15.68075720	     -6.28664594	     71.04174882	      1.23991242	     29.94917742	      0.00000000	      0.00000000	     50.41327341	     -6.73936519	     -3.66982079	     69.72605203	      1.21694918	     29.99748852	      0.00000000	      0.00000000	      3.74484004	     -4.05995247	     -3.02090180
      4.13000000	    -17.07660188	      2.26340777	      3.61051808	     -0.15050989	      0.85025629	     -0.51638411	     52.82246299	    -15.53018938	     -6.08074779	     71.81295118	      1.25337244	     29.98979578	      0.00000000	      0.00000000	     51.56164579	     -6.71677862	     -3.22830726	     70.77085193	      1.23518438	     29.99736642	      0.00000000	      0.00000000	      3.87059110	     -3.96166677	     -3.20877645
      4.13500000	    -17.32893979	      2.23087457	      3.68602834	     -0.15174213	      0.84623013	     -0.51654831	     53.65763368	    -15.44001836	     -5.75038781	     72.58965831	      1.26692854	     29.99350641	      0.00000000	      0.00000000	     52.54594944	     -6.60910044	     -2.85923119	     71.69316763	      1.25128183	     29.99715614	      0.00000000	      0.00000000	      3.92970261	     -3.96131837	     -3.36375495
      4.14000000	    -17.50296268	      2.28578954	      3.73646617	     -0.15272058	      0.84277127	     -0.51670062	     54.41616172	    -15.39604660	     -5.32523319	     73.33089442	      1.27986555	     29.99460353	      0.00000000	      0.00000000	     53.32413577	     -6.43339055	     -2.59103334	     72.46051617	      1.26467458	     29.99686121	      0.00000000	      0.00000000	      3.91730384	     -4.05213929	     -3.48254276
      4.14500000	    -17.60082631	      2.40642467	      3.75440816	     -0.15341883	      0.83994661	     -0.51682560	     55.06175432	    -15.36870190	     -4.84677469	     73.98535879	      1.29128811	     29.99497309	      0.00000000	      0.00000000	     53.88046922	     -6.22704010	     -2.43760074	     73.05351977	      1.27502445	     29.99651879	      0.00000000	      0.00000000	      3.84045209	     -4.20846586	     -3.56220003
      4.15000000	    -17.63106518	      2.56533360	      3.73050232	     -0.15384610	      0.83779117	     -0.51690961	     55.57059674	    -15.33051363	     -4.35851442	     74.51547881	      1.30054045	     29.99505848	      0.00000000	      0.00000000	     54.22120200	     -6.03405558	     -2.39874043	     73.47491530	      1.28237919	     29.99620271	      0.00000000	      0.00000000	      3.71263366	     -4.39934884	     -3.59433354
      4.15500000	    -17.60934312	      2.73741662	      3.66369154	     -0.15403506	      0.83631085	     -0.51695036	     55.93460395	    -15.26968267	     -3.89782147	     74.90113268	      1.30727138	     29.99498565	      0.00000000	      0.00000000	     54.37181136	     -5.88379543	     -2.46239737	     73.73569664	      1.28693068	     29.99601012	      0.00000000	      0.00000000	      3.55272198	     -4.59718939	     -3.58059764
      4.16000000	    -17.55292629	      2.90795655	      3.55434645	     -0.15402423	      0.83548190	     -0.51694704	     56.15758153	    -15.18490198	     -3.48784170	     75.13704087	      1.31138875	     29.99480211	      0.00000000	      0.00000000	     54.36132434	     -5.79428513	     -2.61920184	     73.84881730	      1.28890501	     29.99603481	      0.00000000	      0.00000000	      3.38082194	     -4.78661853	     -3.52526649
      4.16500000	    -17.47675345	      3.06835896	      3.40667530	     -0.15384879	      0.83525893	     -0.51690324	     56.25308111	    -15.08826123	     -3.14507220	     75.23396216	      1.31308035	     29.99455974	      0.00000000	      0.00000000	     54.21815748	     -5.77357798	     -2.85859752	     73.83007410	      1.28857788	     29.99629382	      0.00000000	      0.00000000	      3.21441186	     -4.95986673	     -3.43293019
      4.17000000	    -17.39235279	      3.21342377	      3.23139470	     -0.15354024	      0.83558263	     -0.51684229	     56.23571043	    -14.99885471	     -2.88315221	     75.20871406	      1.31263969	     29.99425296	      0.00000000	      0.00000000	     53.96863142	     -5.81356335	     -3.15923383	     73.69515910	      1.28622317	     29.99665031	      0.00000000	      0.00000000	      3.06700702	     -5.11147532	     -3.31537553
      4.17500000	    -17.30879245	      3.34694273	      3.04477639	     -0.15311366	      0.83639930	     -0.51679628	     56.11991399	    -14.94314203	     -2.70763195	     75.07501767	      1.31030624	     29.99382865	      0.00000000	      0.00000000	     53.63195891	     -5.88655969	     -3.49855168	     73.45164562	      1.28197306	     29.99698784	      0.00000000	      0.00000000	      2.94962092	     -5.24605890	     -3.19063932
      4.18000000	    -17.23160200	      3.47160632	      2.85500803	     -0.15257329	      0.83765157	     -0.51677808	     55.91883441	    -14.93001245	     -2.61649377	     74.84411609	      1.30627625	     29.99318749	      0.00000000	      0.00000000	     53.22370064	     -5.97762461	     -3.86087376	     73.10756613	      1.27596774	     29.99725892	      0.00000000	      0.00000000	      2.87064515	     -5.36706251	     -3.06594972
      4.18500000	    -17.16093805	      3.58670367	      2.67202266	     -0.15191958	      0.83929753	     -0.51680502	     55.64089135	    -14.96632549	     -2.61054359	     74.52713092	      1.30074382	     29.99214712	      0.00000000	      0.00000000	     52.75706550	     -6.07118265	     -4.22249384	     72.67532151	      1.26842365	     29.99743615	      0.00000000	      0.00000000	      2.83139482	     -5.47352517	     -2.95099888
      4.19000000	    -17.09825552	      3.69395610	      2.50600307	     -0.15115013	      0.84130704	     -0.51689178	     55.29540112	    -15.05534013	     -2.68462988	     74.13088484	      1.29382802	     29.99032229	      0.00000000	      0.00000000	     52.24957067	     -6.15181032	     -4.56647196	     72.16928287	      1.25959160	     29.99751239	      0.00000000	      0.00000000	      2.83391536	     -5.56768694	     -2.85512960
      4.19500000	    -17.04494391	      3.80083928	      2.36153121	     -0.15025528	      0.84366204	     -0.51703537	     54.89472557	    -15.19987277	     -2.82555994	     73.66275320	      1.28565758	     29.98636711	      0.00000000	      0.00000000	     51.71411085	     -6.20956704	     -4.89213291	     71.60095471	      1.24967241	     29.99749675	      0.00000000	      0.00000000	      2.88046170	     -5.66010263	     -2.77783839
      4.20000000	    -17.00119329	      3.90950006	      2.23851567	     -0.14923211	      0.84636192	     -0.51722908	     54.44462751	    -15.39097595	     -3.02150384	     73.12332046	      1.27624270	     29.97347195	      0.00000000	      0.00000000	     51.15998580	     -6.24281348	     -5.20092567	     70.97642955	      1.23877239	     29.99738962	      0.00000000	      0.00000000	      2.97055941	     -5.75422100	     -2.71449657
      4.20500000	    -16.96910479	      4.02343011	      2.13720359	     -0.14807506	      0.84943557	     -0.51747839	     53.94869302	    -15.62553998	     -3.26459648	     72.50558372	      1.26546116	     29.88765720	      0.00000000	      0.00000000	     50.59017062	     -6.24341397	     -5.49423979	     70.29548640	      1.22688769	     29.99715083	      0.00000000	      0.00000000	      3.10551414	     -5.85341817	     -2.66427146
      4.21000000	    -16.94746793	      4.15001056	      2.06104050	     -0.14677845	      0.85292392	     -0.51778929	     53.40497091	    -15.90765118	     -3.55051470	     71.80015273	      1.25314907	     29.64628814	      0.00000000	      0.00000000	     49.99972790	     -6.19962529	     -5.77931783	     69.55101017	      1.21389413	     29.99670919	      0.00000000	      0.00000000	      3.28195377	     -5.96707024	     -2.62826047
      4.21500000	    -16.93321203	      4.29039760	      2.00608893	     -0.14533395	      0.85686213	     -0.51815400	     52.80843231	    -16.22730447	     -3.87391742	     71.00578928	      1.23928481	     29.32268759	      0.00000000	      0.00000000	     49.37625431	     -6.11268455	     -6.06302335	     68.73423412	      1.19963869	     29.99587377	      0.00000000	      0.00000000	      3.49508767	     -6.09609248	     -2.60134982
      4.22000000	    -16.92409355	      4.44352273	      1.97038439	     -0.14374415	      0.86128098	     -0.51857303	     52.15447578	    -16.57466523	     -4.23203655	     70.12104804	      1.22384316	     28.92999617	      0.00000000	      0.00000000	     48.71063362	     -5.98214208	     -6.34518022	     67.84037812	      1.18403796	     29.99396465	      0.00000000	      0.00000000	      3.74045076	     -6.23887686	     -2.58187507
      4.22500000	    -16.91093395	      4.60736958	      1.95097476	     -0.14201266	      0.86619941	     -0.51904210	     51.43617569	    -16.94315844	     -4.62345429	     69.14976319	      1.20689104	     28.46694183	      0.00000000	      0.00000000	     47.99026356	     -5.81385179	     -6.62858125	     66.87089629	      1.16711731	     29.98655116	      0.00000000	      0.00000000	      4.00792880	     -6.39437702	     -2.56792740
      4.23000000	    -16.88902583	      4.77657528	      1.94640883	     -0.14014787	      0.87161911	     -0.51954944	     50.65000792	    -17.32129942	     -5.04841185	     68.09661987	      1.18851023	     27.92880098	      0.00000000	      0.00000000	     47.21007221	     -5.61861780	     -6.91567862	     65.82045525	      1.14878366	     29.81399363	      0.00000000	      0.00000000	      4.29003491	     -6.55848432	     -2.55487570
      4.23500000	    -16.85413692	      4.94387302	      1.95126285	     -0.13816362	      0.87752888	     -0.52007704	     49.79319188	    -17.69013558	     -5.50181521	     66.96527058	      1.16876446	     27.31820976	      0.00000000	      0.00000000	     46.36930189	     -5.41256068	     -7.21016611	     64.68403157	      1.12894932	     29.28189912	      0.00000000	      0.00000000	      4.57973178	     -6.72257316	     -2.53741731
      4.24000000	    -16.79304888	      5.09565237	      1.96303495	     -0.13607869	      0.88386612	     -0.52063785	     48.86278040	    -18.03961198	     -5.98866817	     65.77749280	      1.14803382	     26.63271357	      0.00000000	      0.00000000	     45.47303246	     -5.20735814	     -7.49799772	     63.50357281	      1.10834643	     28.65124884	      0.00000000	      0.00000000	      4.86047430	     -6.86933648	     -2.51650170
      4.24500000	    -16.69898370	      5.21836064	      1.97892252	     -0.13390963	      0.89057687	     -0.52122255	     47.85770974	    -18.35222776	     -6.50980951	     64.54364684	      1.12649915	     25.87329317	      0.00000000	      0.00000000	     44.52882225	     -5.02224147	     -7.77676864	     62.29737498	      1.08729431	     27.93656736	      0.00000000	      0.00000000	      5.12161059	     -6.98260218	     -2.49315792
      4.25000000	    -16.57110335	      5.30240052	      2.00067971	     -0.13166815	      0.89760482	     -0.52182766	     46.78085057	    -18.61670518	     -7.06919547	     63.27729846	      1.10439720	     25.03409853	      0.00000000	      0.00000000	     43.54698284	     -4.86740795	     -8.03833269	     61.07821955	      1.06601603	     27.12842592	      0.00000000	      0.00000000	      5.35533805	     -7.04812132	     -2.47531231
      4.25500000	    -16.40914598	      5.34315473	      2.03052644	     -0.12938080	      0.90490106	     -0.52244817	     45.63922639	    -18.82522310	     -7.65988495	     61.98580491	      1.08185639	     24.11698691	      0.00000000	      0.00000000	     42.53855123	     -4.74659028	     -8.27567821	     59.85587348	      1.04468207	     26.22861398	      0.00000000	      0.00000000	      5.55731155	     -7.06126688	     -2.46987543
      4.26000000	    -16.21204020	      5.34130373	      2.07042295	     -0.12705884	      0.91241932	     -0.52307656	     44.43865353	    -18.97761899	     -8.27696343	     60.67557718	      1.05898860	     23.11739701	      0.00000000	      0.00000000	     41.50704248	     -4.66119158	     -8.48814261	     58.63396167	      1.02335568	     25.24242903	      0.00000000	      0.00000000	      5.72386471	     -7.02501384	     -2.48073231
      4.26500000	    -15.98688467	      5.29853746	      2.11937894	     -0.12472510	      0.92010722	     -0.52370194	     43.19544100	    -19.06982651	     -8.90759929	     59.35369594	      1.03591742	     22.03781449	      0.00000000	      0.00000000	     40.46549159	     -4.61064156	     -8.67076684	     57.41591180	      1.00209670	     24.16899251	      0.00000000	      0.00000000	      5.86020145	     -6.94144250	     -2.50717696
      4.27000000	    -15.74055963	      5.22423329	      2.17415419	     -0.12239762	      0.92792611	     -0.52431525	     41.92762400	    -19.10621862	     -9.53378545	     58.02288824	      1.01269044	     20.88150243	      0.00000000	      0.00000000	     39.42188387	     -4.58897057	     -8.82667540	     56.20132478	      0.98089816	     23.01273349	      0.00000000	      0.00000000	      5.97288724	     -6.82276311	     -2.54408371
      4.27500000	    -15.48101730	      5.13013492	      2.22984634	     -0.12009573	      0.93583855	     -0.52490732	     40.65404624	    -19.09388681	    -10.13409277	     56.67955761	      0.98924490	     19.65264000	      0.00000000	      0.00000000	     38.38348494	     -4.58506258	     -8.95921911	     54.98455535	      0.95966153	     21.77658971	      0.00000000	      0.00000000	      6.07129120	     -6.68449738	     -2.58362941
      4.28000000	    -15.21332019	      5.02659529	      2.28008721	     -0.11781887	      0.94381221	     -0.52546475	     39.38750710	    -19.04093735	    -10.69986873	     55.32763053	      0.96564932	     18.34287615	      0.00000000	      0.00000000	     37.35206764	     -4.59559233	     -9.07999695	     53.76287451	      0.93833918	     20.46810825	      0.00000000	      0.00000000	      6.16090723	     -6.53847613	     -2.61899772
      4.28500000	    -14.94424527	      4.93088534	      2.31781048	     -0.11557534	      0.95181124	     -0.52597496	     38.14768061	    -18.96337571	    -11.21301891	     53.97530029	      0.94204670	     16.94923284	      0.00000000	      0.00000000	     36.32973496	     -4.60388958	     -9.19770732	     52.52891038	      0.91680244	     19.09775924	      0.00000000	      0.00000000	      6.24790184	     -6.40426659	     -2.64137330
      4.29000000	    -14.67547559	      4.84841527	      2.33323340	     -0.11335974	      0.95982230	     -0.52643324	     36.93657027	    -18.86492087	    -11.66719017	     52.61053670	      0.91822709	     15.47701488	      0.00000000	      0.00000000	     35.31469901	     -4.61112595	     -9.32774707	     51.28205016	      0.89504062	     17.68371924	      0.00000000	      0.00000000	      6.33442369	     -6.28591493	     -2.64086883
      4.29500000	    -14.40717729	      4.78793603	      2.32173209	     -0.11116471	      0.96782643	     -0.52683332	     35.75652266	    -18.75778517	    -12.06355495	     51.23572320	      0.89423206	     13.91955342	      0.00000000	      0.00000000	     34.30183148	     -4.60867856	     -9.47673678	     50.01851185	      0.87298772	     16.22987031	      0.00000000	      0.00000000	      6.41976253	     -6.19237366	     -2.61296396
      4.30000000	    -14.13429393	      4.75164843	      2.27993993	     -0.10898148	      0.97580999	     -0.52717563	     34.60422543	    -18.64885644	    -12.40897573	     49.85784069	      0.87018348	     12.27689957	      0.00000000	      0.00000000	     33.28244851	     -4.59552524	     -9.65180612	     48.73722261	      0.85062500	     14.75178388	      0.00000000	      0.00000000	      6.49767834	     -6.12488584	     -2.55370783
      4.30500000	    -13.85425542	      4.74154071	      2.20212564	     -0.10680498	      0.98375378	     -0.52745832	     33.47776696	    -18.54177996	    -12.70101795	     48.47334003	      0.84601938	     10.56381689	      0.00000000	      0.00000000	     32.25029875	     -4.56913523	     -9.85872598	     47.43500479	      0.82789701	     13.24915681	      0.00000000	      0.00000000	      6.56493931	     -6.08399656	     -2.45797647
      4.31000000	    -13.56761098	      4.74850145	      2.08919251	     -0.10463649	      0.99164270	     -0.52769076	     32.37349591	    -18.43027473	    -12.94929287	     47.07713478	      0.82165100	      8.78847304	      0.00000000	      0.00000000	     31.20768131	     -4.53659305	    -10.09473330	     46.11598675	      0.80487581	     11.71719418	      0.00000000	      0.00000000	      6.62136885	     -6.05817477	     -2.32757372
      4.31500000	    -13.26919665	      4.77230082	      1.94516283	     -0.10247500	      0.99945537	     -0.52788026	     31.28879319	    -18.32127513	    -13.16395691	     45.68170769	      0.79729621	      6.95179326	      0.00000000	      0.00000000	     30.14761023	     -4.49288921	    -10.35627722	     44.77710587	      0.78150793	     10.15586158	      0.00000000	      0.00000000	      6.65913749	     -6.04726469	     -2.16724243
      4.32000000	    -12.95244717	      4.80587255	      1.77539325	     -0.10031758	      1.00717214	     -0.52804142	     30.21559205	    -18.21441438	    -13.36023652	     44.29338579	      0.77306542	      5.06338869	      0.00000000	      0.00000000	     29.06401802	     -4.44121829	    -10.64132915	     43.41775134	      0.75778271	      8.57104903	      0.00000000	      0.00000000	      6.66952842	     -6.04289474	     -1.98428448
      4.32500000	    -12.61869320	      4.84252598	      1.58332721	     -0.09817329	      1.01476564	     -0.52817899	     29.15333430	    -18.10464098	    -13.53905268	     42.91029838	      0.74892599	      3.14288468	      0.00000000	      0.00000000	     27.96108053	     -4.38580770	    -10.94671653	     42.04248611	      0.73377981	      6.96695025	      0.00000000	      0.00000000	      6.65210764	     -6.03778095	     -1.78287711
      4.33000000	    -12.26862929	      4.87397930	      1.37723920	     -0.09605426	      1.02221053	     -0.52831077	     28.10123086	    -17.98721689	    -13.71097209	     41.54007000	      0.72501099	      1.20561565	      0.00000000	      0.00000000	     26.84312816	     -4.32849180	    -11.26022857	     40.65362760	      0.70953965	      5.35493241	      0.00000000	      0.00000000	      6.60476312	     -6.02268323	     -1.57329679
      4.33500000	    -11.90048326	      4.90068718	      1.16340630	     -0.09396568	      1.02948300	     -0.52844441	     27.05850480	    -17.86800262	    -13.88325600	     40.19473676	      0.70153050	     -0.72376611	      0.00000000	      0.00000000	     25.70976254	     -4.26512247	    -11.57671706	     39.25451427	      0.68512052	      3.75214987	      0.00000000	      0.00000000	      6.52364624	     -5.99975994	     -1.36137373
      4.34000000	    -11.52165422	      4.91770025	      0.94448635	     -0.09192026	      1.03654696	     -0.52858402	     26.03182567	    -17.74088083	    -14.05168727	     38.87731294	      0.67853712	     -2.60161150	      0.00000000	      0.00000000	     24.57071504	     -4.19888352	    -11.88813849	     37.84963840	      0.66060081	      2.17549803	      0.00000000	      0.00000000	      6.41561197	     -5.96360664	     -1.15075542
      4.34500000	    -11.14926614	      4.92172032	      0.72423909	     -0.08994319	      1.04335669	     -0.52873171	     25.04083838	    -17.60031922	    -14.20423461	     37.59511838	      0.65615860	     -4.37416275	      0.00000000	      0.00000000	     23.45075039	     -4.13036376	    -12.17909650	     36.45083989	      0.63618717	      0.65262276	      0.00000000	      0.00000000	      6.29788924	     -5.91200846	     -0.94303992
      4.35000000	    -10.79240132	      4.91456235	      0.50771390	     -0.08804620	      1.04987404	     -0.52889168	     24.09788914	    -17.44993959	    -14.34277028	     36.36356665	      0.63466397	     -5.99135043	      0.00000000	      0.00000000	     22.36380498	     -4.05755608	    -12.43956461	     35.06809005	      0.61205363	     -0.78467893	      0.00000000	      0.00000000	      6.17960325	     -5.84833297	     -0.74189091
      4.35500000	    -10.46416076	      4.89854631	      0.29750673	     -0.08624782	      1.05605311	     -0.52906436	     23.22373331	    -17.29438478	    -14.46037745	     35.20001156	      0.61435610	     -7.39488592	      0.00000000	      0.00000000	     21.33092869	     -3.97938060	    -12.66276655	     33.71692856	      0.58847142	     -2.08638523	      0.00000000	      0.00000000	      6.07422727	     -5.77624137	     -0.54699824
      4.36000000	    -10.17704480	      4.87092485	      0.09540982	     -0.08456254	      1.06184454	     -0.52924793	     22.43621141	    -17.13083695	    -14.55256232	     34.11931942	      0.59549446	     -8.52940531	      0.00000000	      0.00000000	     20.37621850	     -3.90493583	    -12.84743080	     32.42127321	      0.56585797	     -3.19405147	      0.00000000	      0.00000000	      5.99521767	     -5.69338095	     -0.35970101
      4.36500000	     -9.93847181	      4.83500591	     -0.09516865	     -0.08300293	      1.06721349	     -0.52944552	     21.75245331	    -16.96743092	    -14.62111227	     33.14633123	      0.57851261	     -9.35205884	      0.00000000	      0.00000000	     19.52044017	     -3.83609442	    -12.99820170	     31.20867298	      0.54469410	     -4.04882026	      0.00000000	      0.00000000	      5.94983041	     -5.60362072	     -0.17967547
      4.37000000	     -9.74468080	      4.79407567	     -0.27237704	     -0.08156727	      1.07213593	     -0.52966012	     21.17584782	    -16.81456741	    -14.67885052	     32.30401303	      0.56381139	     -9.84567826	      0.00000000	      0.00000000	     18.76938313	     -3.77751788	    -13.13025118	     30.10465174	      0.52542529	     -4.60117172	      0.00000000	      0.00000000	      5.93407486	     -5.51059193	     -0.00939879
      4.37500000	     -9.59129154	      4.74434693	     -0.43569183	     -0.08025489	      1.07660967	     -0.52989725	     20.70390560	    -16.67201958	    -14.73320623	     31.60233895	      0.55156487	    -10.01412435	      0.00000000	      0.00000000	     18.13011801	     -3.74032027	    -13.25776676	     29.13742982	      0.50854409	     -4.81287453	      0.00000000	      0.00000000	      5.94276698	     -5.40890360	      0.14994576
      4.38000000	     -9.46924252	      4.68568429	     -0.58249615	     -0.07905741	      1.08064641	     -0.53016120	     20.32402076	    -16.54254921	    -14.79617503	     31.04207736	      0.54178646	     -9.89092081	      0.00000000	      0.00000000	     17.59755765	     -3.72782615	    -13.38914049	     28.31860734	      0.49425294	     -4.69425099	      0.00000000	      0.00000000	      5.96638650	     -5.29869243	      0.29420427
      4.38500000	     -9.36752930	      4.61777051	     -0.71204097	     -0.07796888	      1.08428033	     -0.53045959	     20.02000042	    -16.42690395	    -14.87430305	     30.61435322	      0.53432126	     -9.53690305	      0.00000000	      0.00000000	     17.15831853	     -3.73778553	    -13.52374313	     27.64588249	      0.48251167	     -4.28113620	      0.00000000	      0.00000000	      5.99238995	     -5.17821398	      0.42292496
      4.39000000	     -9.28195140	      4.53681340	     -0.81936609	     -0.07698193	      1.08754265	     -0.53079592	     19.77670168	    -16.31969124	    -14.97701923	     30.30083049	      0.52884926	     -9.02717603	      0.00000000	      0.00000000	     16.80629876	     -3.77237355	    -13.65030992	     27.11443876	      0.47323623	     -3.63604430	      0.00000000	      0.00000000	      6.01695781	     -5.04467971	      0.52712018
      4.39500000	     -9.20519490	      4.43572863	     -0.90481838	     -0.07609197	      1.09048457	     -0.53117278	     19.57131576	    -16.20691923	    -15.09955501	     30.06613356	      0.52475302	     -8.43722373	      0.00000000	      0.00000000	     16.52528169	     -3.83359091	    -13.75361109	     26.70353939	      0.46606468	     -2.84193005	      0.00000000	      0.00000000	      6.03195899	     -4.88972382	      0.60560642
      4.40000000	     -9.13372405	      4.31900175	     -0.97028796	     -0.07529628	      1.09313596	     -0.53158464	     19.39430687	    -16.08851768	    -15.23491533	     29.89183785	      0.52171099	     -7.83046448	      0.00000000	      0.00000000	     16.29943589	     -3.91059528	    -13.81931551	     26.38523729	      0.46050926	     -1.98821934	      0.00000000	      0.00000000	      6.03430184	     -4.71898826	      0.65959975
      4.40500000	     -9.06510512	      4.18939663	     -1.01824983	     -0.07459373	      1.09552700	     -0.53202553	     19.23915575	    -15.96365898	    -15.37775633	     29.76311641	      0.51946438	     -7.25175225	      0.00000000	      0.00000000	     16.11702145	     -3.99744604	    -13.83707545	     26.14083235	      0.45624359	     -1.14241312	      0.00000000	      0.00000000	      6.02165549	     -4.53568770	      0.69094785
      4.41000000	     -8.99959972	      4.05463526	     -1.05444999	     -0.07398349	      1.09767122	     -0.53248367	     19.10676789	    -15.83764365	    -15.51779768	     29.67326585	      0.51789619	     -6.72415335	      0.00000000	      0.00000000	     15.96653322	     -4.08414288	    -13.80522529	     25.94544052	      0.45283336	     -0.35850988	      0.00000000	      0.00000000	      5.99546554	     -4.34893112	      0.70479191
      4.41500000	     -8.93105148	      3.91960445	     -1.08481633	     -0.07346632	      1.09958225	     -0.53295115	     18.99238278	    -15.71397927	    -15.64680084	     29.61857978	      0.51694174	     -6.25412473	      0.00000000	      0.00000000	     15.83175047	     -4.16369231	    -13.72286872	     25.77919943	      0.44993191	      0.32864619	      0.00000000	      0.00000000	      5.94866506	     -4.16343291	      0.70710741
      4.42000000	     -8.86757463	      3.79814363	     -1.11340594	     -0.07304734	      1.10125224	     -0.53341400	     18.91181913	    -15.60637411	    -15.75482528	     29.60483541	      0.51670185	     -5.83784547	      0.00000000	      0.00000000	     15.71310394	     -4.21968211	    -13.58996734	     25.62507167	      0.44724187	      0.90119519	      0.00000000	      0.00000000	      5.89079891	     -3.99572050	      0.70348752
      4.42500000	     -8.81531912	      3.69648460	     -1.14267111	     -0.07273331	      1.10267211	     -0.53386403	     18.87589159	    -15.52115382	    -15.83483082	     29.63404575	      0.51721167	     -5.46132255	      0.00000000	      0.00000000	     15.61223862	     -4.24524447	    -13.40657617	     25.47118056	      0.44455597	      1.35629230	      0.00000000	      0.00000000	      5.82794313	     -3.85293237	      0.69669830
      4.43000000	     -8.78268449	      3.62085166	     -1.17079862	     -0.07253004	      1.10382985	     -0.53429526	     18.89649463	    -15.46525072	    -15.88335476	     29.70851730	      0.51851144	     -5.11286353	      0.00000000	      0.00000000	     15.53642112	     -4.23220796	    -13.17201267	     25.30975295	      0.44173852	      1.69706296	      0.00000000	      0.00000000	      5.76977945	     -3.74382177	      0.68617509
      4.43500000	     -8.77500173	      3.56869396	     -1.19621342	     -0.07244297	      1.10471814	     -0.53470394	     18.97654872	    -15.43303283	    -15.89918036	     29.81945798	      0.52044772	     -4.78868028	      0.00000000	      0.00000000	     15.49601667	     -4.18706719	    -12.89092389	     25.14786570	      0.43891306	      1.92366435	      0.00000000	      0.00000000	      5.72294219	     -3.66648071	      0.67113885
      4.44000000	     -8.80810741	      3.53777542	     -1.21679990	     -0.07248490	      1.10531752	     -0.53509070	     19.13231583	    -15.41979951	    -15.87599921	     29.96010698	      0.52290251	     -4.48535712	      0.00000000	      0.00000000	     15.51412073	     -4.11462555	    -12.56713425	     24.99463166	      0.43623862	      2.04600661	      0.00000000	      0.00000000	      5.70566906	     -3.61928352	      0.65255474
      4.44500000	     -8.88768838	      3.52708679	     -1.23069227	     -0.07266146	      1.10561228	     -0.53545330	     19.37229131	    -15.42507614	    -15.81572260	     30.13501034	      0.52595515	     -4.20007551	      0.00000000	      0.00000000	     15.60552796	     -4.02216787	    -12.21333669	     24.86538859	      0.43398290	      2.07196317	      0.00000000	      0.00000000	      5.72531265	     -3.60250784	      0.63022734
      4.45000000	     -9.01387624	      3.53081053	     -1.23767186	     -0.07297142	      1.10560043	     -0.53579264	     19.69306061	    -15.44094572	    -15.71986738	     30.33673696	      0.52947594	     -3.94220968	      0.00000000	      0.00000000	     15.77893495	     -3.92135201	    -11.84459417	     24.77777611	      0.43245377	      2.00976851	      0.00000000	      0.00000000	      5.78337478	     -3.60947000	      0.60617994
      4.45500000	     -9.19432207	      3.54522626	     -1.23841279	     -0.07341889	      1.10526598	     -0.53610916	     20.10327049	    -15.46207657	    -15.58651943	     30.56444502	      0.53345020	     -3.71310177	      0.00000000	      0.00000000	     16.05116263	     -3.82148977	    -11.47254547	     24.74801616	      0.43193437	      1.86845214	      0.00000000	      0.00000000	      5.88786843	     -3.63525334	      0.58198784
      4.46000000	     -9.42410831	      3.56984063	     -1.23630937	     -0.07399629	      1.10460972	     -0.53640109	     20.59904017	    -15.48874015	    -15.41612969	     30.82088775	      0.53792597	     -3.51510304	      0.00000000	      0.00000000	     16.41771225	     -3.72597745	    -11.11159060	     24.78065313	      0.43250399	      1.66173463	      0.00000000	      0.00000000	      6.03213088	     -3.67788400	      0.56063234
      4.46500000	     -9.69877549	      3.60301846	     -1.22885935	     -0.07469555	      1.10363398	     -0.53666919	     21.17265868	    -15.51982753	    -15.21553113	     31.10513038	      0.54288694	     -3.35190832	      0.00000000	      0.00000000	     16.87777339	     -3.63756720	    -10.76468126	     24.88438298	      0.43431442	      1.40152962	      0.00000000	      0.00000000	      6.21001385	     -3.73514567	      0.53847218
      4.47000000	    -10.00520815	      3.64031634	     -1.21943250	     -0.07549849	      1.10235005	     -0.53691622	     21.80588755	    -15.55119475	    -14.98949133	     31.41252191	      0.54825193	     -3.22256038	      0.00000000	      0.00000000	     17.41234346	     -3.56079076	    -10.43988188	     25.05434291	      0.43728078	      1.10615681	      0.00000000	      0.00000000	      6.40652140	     -3.79985494	      0.51778806
      4.47500000	    -10.33518362	      3.67777636	     -1.20788878	     -0.07639853	      1.10076780	     -0.53714661	     22.48775230	    -15.57956823	    -14.74296543	     31.74293963	      0.55401881	     -3.12418431	      0.00000000	      0.00000000	     18.00895639	     -3.49741890	    -10.13344573	     25.28508680	      0.44130802	      0.79265412	      0.00000000	      0.00000000	      6.61314156	     -3.86768035	      0.49630725
      4.48000000	    -10.67790287	      3.71404026	     -1.19756525	     -0.07737762	      1.09889712	     -0.53736051	     23.20386480	    -15.60357449	    -14.47959807	     32.09390491	      0.56014431	     -3.05595443	      0.00000000	      0.00000000	     18.64901018	     -3.44864195	     -9.84883575	     25.56963299	      0.44627428	      0.47966126	      0.00000000	      0.00000000	      6.81915918	     -3.93571434	      0.47665660
      4.48500000	    -11.02618484	      3.74763769	     -1.18513397	     -0.07842250	      1.09674489	     -0.53756408	     23.94106842	    -15.62370275	    -14.20961773	     32.46192100	      0.56656740	     -3.01261469	      0.00000000	      0.00000000	     19.32160945	     -3.41190341	     -9.57806110	     25.90399287	      0.45210997	      0.19374957	      0.00000000	      0.00000000	      7.01768827	     -4.00286276	      0.45515730
      4.49000000	    -11.36788084	      3.77822433	     -1.17737643	     -0.07951063	      1.09432519	     -0.53775385	     24.68488662	    -15.63888031	    -13.93362507	     32.84622687	      0.57327481	     -2.98710502	      0.00000000	      0.00000000	     20.00288301	     -3.38872156	     -9.33025341	     26.27458332	      0.45857799	     -0.04434486	      0.00000000	      0.00000000	      7.19792595	     -4.06790570	      0.43880206
      4.49500000	    -11.70147991	      3.80447393	     -1.17294097	     -0.08063600	      1.09163765	     -0.53793385	     25.43220333	    -15.64901741	    -13.65697057	     33.24766558	      0.58028123	     -2.97155665	      0.00000000	      0.00000000	     20.68891232	     -3.37818769	     -9.09840979	     26.67904246	      0.46563713	     -0.22725853	      0.00000000	      0.00000000	      7.35908023	     -4.12951561	      0.42473815
      4.50000000	    -12.02078339	      3.82927173	     -1.17306293	     -0.08177647	      1.08868912	     -0.53810090	     26.17216550	    -15.65709663	    -13.38270249	     33.66242133	      0.58752009	     -2.95404797	      0.00000000	      0.00000000	     21.36645442	     -3.37689386	     -8.88510038	     27.10990086	      0.47315703	     -0.34274632	      0.00000000	      0.00000000	      7.49519174	     -4.19016662	      0.41664125
      4.50500000	    -12.32224707	      3.85151830	     -1.17794569	     -0.08292426	      1.08548441	     -0.53825864	     26.89977186	    -15.66341082	    -13.11386302	     34.09194574	      0.59501670	     -2.92883939	      0.00000000	      0.00000000	     22.03003807	     -3.38529991	     -8.69029817	     27.56539907	      0.48110697	     -0.39398628	      0.00000000	      0.00000000	      7.60471335	     -4.24883911	      0.41509295
      4.51000000	    -12.60152923	      3.87254606	     -1.19090510	     -0.08407040	      1.08202956	     -0.53840520	     27.61174639	    -15.66868206	    -12.84864871	     34.53999985	      0.60283672	     -2.88862657	      0.00000000	      0.00000000	     22.67221900	     -3.40376997	     -8.51990995	     28.04172202	      0.48942038	     -0.39715804	      0.00000000	      0.00000000	      7.68484640	     -4.30693069	      0.42405397
      4.51500000	    -12.85619069	      3.89045087	     -1.20997342	     -0.08521224	      1.07832468	     -0.53854698	     28.30529723	    -15.67314431	    -12.59212695	     35.01012349	      0.61104193	     -2.83289258	      0.00000000	      0.00000000	     23.29205465	     -3.43236856	     -8.37073790	     28.54123869	      0.49813859	     -0.37925842	      0.00000000	      0.00000000	      7.73335997	     -4.36156781	      0.44105026
      4.52000000	    -13.08083217	      3.90761197	     -1.23910398	     -0.08633902	      1.07438023	     -0.53868115	     28.97556863	    -15.67770771	    -12.34103475	     35.50405246	      0.61966261	     -2.76851797	      0.00000000	      0.00000000	     23.88242505	     -3.47146398	     -8.25284857	     29.06272729	      0.50724028	     -0.36131249	      0.00000000	      0.00000000	      7.74502447	     -4.41449828	      0.46936549
      4.52500000	    -13.27267923	      3.92445300	     -1.27755452	     -0.08745028	      1.07019718	     -0.53881232	     29.62289193	    -15.68510485	    -12.09829656	     36.03040924	      0.62884927	     -2.71139371	      0.00000000	      0.00000000	     24.44379121	     -3.52125750	     -8.16903760	     29.61086926	      0.51680716	     -0.37404375	      0.00000000	      0.00000000	      7.71696369	     -4.46635965	      0.50425805
      4.53000000	    -13.43414973	      3.93913449	     -1.32214685	     -0.08855021	      1.06577129	     -0.53894727	     30.25064935	    -15.69462128	    -11.86541723	     36.59277301	      0.63866437	     -2.67461487	      0.00000000	      0.00000000	     24.98411373	     -3.58238618	     -8.11292571	     30.19561940	      0.52701298	     -0.40486338	      0.00000000	      0.00000000	      7.64952919	     -4.51499296	      0.53980595
      4.53500000	    -13.57289084	      3.95385164	     -1.36847007	     -0.08965183	      1.06109136	     -0.53909643	     30.87159062	    -15.71079979	    -11.64009725	     37.19941954	      0.64925235	     -2.67869181	      0.00000000	      0.00000000	     25.51544337	     -3.64885396	     -8.07143613	     30.82684220	      0.53802989	     -0.37160096	      0.00000000	      0.00000000	      7.54945869	     -4.56248957	      0.56986614
      4.54000000	    -13.69558733	      3.96576604	     -1.40916900	     -0.09076693	      1.05614598	     -0.53927164	     31.49242910	    -15.73375175	    -11.42534857	     37.85346014	      0.66066751	     -2.73437058	      0.00000000	      0.00000000	     26.04945292	     -3.71981482	     -8.02315137	     31.51319172	      0.55000895	     -0.16518425	      0.00000000	      0.00000000	      7.42280971	     -4.60666479	      0.58559556
      4.54500000	    -13.81293497	      3.97847128	     -1.43592606	     -0.09191318	      1.05092323	     -0.53948451	     32.12664513	    -15.77007627	    -11.21853971	     38.55924839	      0.67298584	     -2.84860724	      0.00000000	      0.00000000	     26.59934390	     -3.78355795	     -7.94301935	     32.26120756	      0.56306429	      0.30787020	      0.00000000	      0.00000000	      7.27871578	     -4.65198212	      0.57228389
      4.55000000	    -13.93409224	      3.99131298	     -1.44342821	     -0.09310319	      1.04541306	     -0.53973820	     32.78646382	    -15.82005642	    -11.01658068	     39.32282362	      0.68631274	     -3.00130420	      0.00000000	      0.00000000	     27.18209713	     -3.83827842	     -7.81981669	     33.09504940	      0.57761758	      1.13156275	      0.00000000	      0.00000000	      7.12644930	     -4.69853802	      0.52598365
      4.55500000	    -14.05869125	      4.00742405	     -1.43875570	     -0.09434086	      1.03961476	     -0.54001739	     33.47601105	    -15.88032825	    -10.80165938	     40.15214626	      0.70078715	     -3.09250294	      0.00000000	      0.00000000	     27.79352997	     -3.88335758	     -7.66210925	     34.01833146	      0.59373189	      2.32231926	      0.00000000	      0.00000000	      6.96659820	     -4.74905869	      0.45375915
      4.56000000	    -14.18537529	      4.02711483	     -1.42455277	     -0.09562380	      1.03353915	     -0.54029910	     34.19063720	    -15.94522335	    -10.56250338	     41.04489395	      0.71636854	     -2.97983979	      0.00000000	      0.00000000	     28.43390739	     -3.92279177	     -7.47861469	     35.03745817	      0.61151901	      3.76832339	      0.00000000	      0.00000000	      6.79840085	     -4.80599646	      0.35908838
      4.56500000	    -14.31917618	      4.05350172	     -1.40298574	     -0.09695807	      1.02719219	     -0.54057086	     34.93770282	    -16.01328298	    -10.28665682	     42.00408126	      0.73310952	     -2.55323621	      0.00000000	      0.00000000	     29.11831743	     -3.95586512	     -7.28530964	     36.16737841	      0.63123984	      5.33945729	      0.00000000	      0.00000000	      6.62771599	     -4.87347992	      0.24480663
      4.57000000	    -14.45730349	      4.08442417	     -1.37720310	     -0.09833868	      1.02058498	     -0.54081870	     35.71276138	    -16.07948735	     -9.97173353	     43.03211967	      0.75105217	     -1.73094421	      0.00000000	      0.00000000	     29.85315803	     -3.99181124	     -7.09985827	     37.41484928	      0.65301231	      6.94976506	      0.00000000	      0.00000000	      6.45562833	     -4.95150694	      0.12687522
      4.57500000	    -14.59889271	      4.12272404	     -1.34764730	     -0.09977080	      1.01373167	     -0.54103880	     36.51368276	    -16.14435789	     -9.61438832	     44.12815350	      0.77018157	     -0.47736315	      0.00000000	      0.00000000	     30.63750915	     -4.02740311	     -6.92134540	     38.75550346	      0.67641114	      8.53590389	      0.00000000	      0.00000000	      6.28075691	     -5.04387947	      0.00640013
      4.58000000	    -14.74753673	      4.16871025	     -1.30451891	     -0.10125255	      1.00665301	     -0.54124415	     37.33975318	    -16.21414193	     -9.22969890	     45.28433051	      0.79036067	      1.09822060	      0.00000000	      0.00000000	     31.48453858	     -4.05980737	     -6.74279758	     40.17773992	      0.70123385	     10.06855203	      0.00000000	      0.00000000	      6.10732459	     -5.15262299	     -0.12507575
      4.58500000	    -14.90769616	      4.22305449	     -1.24600419	     -0.10279057	      0.99935547	     -0.54145404	     38.20096751	    -16.29296622	     -8.82480752	     46.50267823	      0.81162485	      2.82114922	      0.00000000	      0.00000000	     32.40638493	     -4.08763062	     -6.56558470	     41.66750584	      0.72723517	     11.55572467	      0.00000000	      0.00000000	      5.94054485	     -5.27653266	     -0.26823422
      4.59000000	    -15.07202188	      4.28343083	     -1.17688608	     -0.10437795	      0.99186372	     -0.54167212	     39.09168125	    -16.37724925	     -8.40336203	     47.77883423	      0.83389797	      4.57911941	      0.00000000	      0.00000000	     33.39385267	     -4.11795862	     -6.40033020	     43.20462239	      0.75406291	     13.01260000	      0.00000000	      0.00000000	      5.77322069	     -5.41115054	     -0.41825983
      4.59500000	    -15.23984046	      4.35024740	     -1.10211488	     -0.10601481	      0.98419315	     -0.54189894	     40.01584740	    -16.46334973	     -7.96223757	     49.10535955	      0.85705020	      6.32637875	      0.00000000	      0.00000000	     34.44346348	     -4.15270454	     -6.25616441	     44.77550704	      0.78148002	     14.41504889	      0.00000000	      0.00000000	      5.60399050	     -5.55439893	     -0.57659844
      4.60000000	    -15.40161535	      4.42628641	     -1.02691688	     -0.10768164	      0.97637780	     -0.54213167	     40.96348434	    -16.55348380	     -7.50280065	     50.46648374	      0.88080630	      8.03045652	      0.00000000	      0.00000000	     35.53963023	     -4.19430205	     -6.15448125	     46.37546961	      0.80940464	     15.73630061	      0.00000000	      0.00000000	      5.42529530	     -5.70848067	     -0.73624087
      4.60500000	    -15.54113765	      4.51609718	     -0.95645855	     -0.10934972	      0.96846419	     -0.54236225	     41.91416206	    -16.65330377	     -7.02965521	     51.84336847	      0.90483748	      9.70685997	      0.00000000	      0.00000000	     36.64939970	     -4.24138457	     -6.11498337	     47.99152410	      0.83761011	     16.95230248	      0.00000000	      0.00000000	      5.22145657	     -5.87804366	     -0.89334106
      4.61000000	    -15.64523034	      4.62977931	     -0.88812158	     -0.11098345	      0.96050956	     -0.54257210	     42.84659540	    -16.77655461	     -6.55247818	     53.21614713	      0.92879698	     11.38839230	      0.00000000	      0.00000000	     37.74032798	     -4.28350794	     -6.15214362	     49.61313426	      0.86591255	     18.06784670	      0.00000000	      0.00000000	      4.98278670	     -6.07927738	     -1.04065232
      4.61500000	    -15.71421241	      4.77659551	     -0.81439916	     -0.11256109	      0.95255821	     -0.54274608	     43.75215015	    -16.93563075	     -6.08141886	     54.56627154	      0.95236110	     13.07221100	      0.00000000	      0.00000000	     38.79524008	     -4.30774249	     -6.26812633	     51.22915692	      0.89411746	     19.08340113	      0.00000000	      0.00000000	      4.71257171	     -6.32663642	     -1.18627835
      4.62000000	    -15.74812279	      4.96291001	     -0.72942720	     -0.11406467	      0.94466346	     -0.54286498	     44.62239336	    -17.13940340	     -5.62774754	     55.88085970	      0.97530499	     14.70756443	      0.00000000	      0.00000000	     39.79899085	     -4.30797340	     -6.46853981	     52.82710657	      0.92200694	     20.02713927	      0.00000000	      0.00000000	      4.41360858	     -6.63105831	     -1.33312629
      4.62500000	    -15.76034384	      5.18956130	     -0.62581548	     -0.11549320	      0.93686488	     -0.54291671	     45.46360627	    -17.38837421	     -5.20018033	     57.15292316	      0.99750669	     16.25620215	      0.00000000	      0.00000000	     40.75583138	     -4.27981326	     -6.74727066	     54.39619877	      0.94939277	     20.91645144	      0.00000000	      0.00000000	      4.10284546	     -6.99582526	     -1.48914664
      4.63000000	    -15.77201371	      5.45292452	     -0.49983169	     -0.11685976	      0.92918561	     -0.54289259	     46.29397535	    -17.67377411	     -4.80185145	     58.38307817	      1.01897694	     17.69501202	      0.00000000	      0.00000000	     41.68651417	     -4.22872765	     -7.09821053	     55.93389269	      0.97623059	     21.76895938	      0.00000000	      0.00000000	      3.80649293	     -7.41736383	     -1.65610145
      4.63500000	    -15.80001062	      5.74535511	     -0.35135886	     -0.11817853	      0.92165337	     -0.54279825	     47.12805269	    -17.98513962	     -4.43690134	     59.57310215	      1.03974678	     19.01562835	      0.00000000	      0.00000000	     42.60443752	     -4.16070978	     -7.50834856	     57.42751814	      1.00229927	     22.58746324	      0.00000000	      0.00000000	      3.54195688	     -7.88230679	     -1.85115971
      4.64000000	    -15.85153250	      6.06099545	     -0.18408734	     -0.11945772	      0.91430339	     -0.54264933	     47.97430358	    -18.31624927	     -4.10697686	     60.72805944	      1.05990459	     20.21847746	      0.00000000	      0.00000000	     43.51101549	     -4.07980823	     -7.96854858	     58.86409266	      1.02737223	     23.38134532	      0.00000000	      0.00000000	      3.31924576	     -8.37984691	     -2.06842961
      4.64500000	    -15.93375699	      6.39103626	     -0.00039135	     -0.12070454	      0.90716870	     -0.54248074	     48.83968520	    -18.66273264	     -3.81588605	     61.85009520	      1.07948780	     21.32002218	      0.00000000	      0.00000000	     44.40829785	     -3.98469300	     -8.45775322	     60.23005463	      1.05121276	     24.14177159	      0.00000000	      0.00000000	      3.14755224	     -8.89371871	     -2.30756022
      4.65000000	    -16.04731684	      6.72473530	      0.19275046	     -0.12191917	      0.90028207	     -0.54232330	     49.72670324	    -19.01787864	     -3.56507779	     62.94427374	      1.09858482	     22.33455975	      0.00000000	      0.00000000	     45.29123571	     -3.87887491	     -8.95637826	     61.51405091	      1.07362272	     24.86648029	      0.00000000	      0.00000000	      3.03032161	     -9.40591034	     -2.55645086
      4.65500000	    -16.18889444	      7.05171763	      0.38872297	     -0.12310888	      0.89367658	     -0.54221111	     50.63383177	    -19.37539516	     -3.34808380	     64.01501130	      1.11727272	     23.27479405	      0.00000000	      0.00000000	     46.15109976	     -3.75864441	     -9.43554862	     62.70271259	      1.09436878	     25.54373091	      0.00000000	      0.00000000	      2.96057805	     -9.89776254	     -2.81602050
      4.66000000	    -16.35579111	      7.36300222	      0.57645446	     -0.12428054	      0.88737745	     -0.54216524	     51.56209361	    -19.72313262	     -3.14832798	     65.06821354	      1.13565456	     24.12943575	      0.00000000	      0.00000000	     46.98299923	     -3.62769250	     -9.87501042	     63.79334066	      1.11340384	     26.17569094	      0.00000000	      0.00000000	      2.93523603	    -10.35293520	     -3.07685724
      4.66500000	    -16.54780478	      7.64085712	      0.74850192	     -0.12544285	      0.88140011	     -0.54220213	     52.51110305	    -20.04132721	     -2.95228135	     66.10767390	      1.15379657	     24.89046131	      0.00000000	      0.00000000	     47.79403410	     -3.49888182	    -10.24676055	     64.79377156	      1.13086465	     26.75642257	      0.00000000	      0.00000000	      2.95351940	    -10.74723766	     -3.33200916
      4.67000000	    -16.75784796	      7.87257056	      0.89454168	     -0.12659930	      0.87576786	     -0.54232511	     53.47368556	    -20.30855368	     -2.73750136	     67.13377611	      1.17170543	     25.54456544	      0.00000000	      0.00000000	     48.58261915	     -3.38485449	    -10.53240349	     65.71141928	      1.14688062	     27.29099360	      0.00000000	      0.00000000	      3.00688855	    -11.06345737	     -3.57193791
      4.67500000	    -16.97542323	      8.04683596	      1.00507573	     -0.12775417	      0.87049557	     -0.54252140	     54.43922289	    -20.50281041	     -2.48480104	     68.14727945	      1.18939440	     26.07811147	      0.00000000	      0.00000000	     49.34654446	     -3.30200515	    -10.72092365	     66.55833593	      1.16166211	     27.77511742	      0.00000000	      0.00000000	      3.08059148	    -11.28785053	     -3.79631525
      4.68000000	    -17.18371222	      8.15686104	      1.07350209	     -0.12888325	      0.86561574	     -0.54277125	     55.38425984	    -20.60969365	     -2.18957629	     69.13873687	      1.20669860	     26.48358046	      0.00000000	      0.00000000	     50.07214307	     -3.26354501	    -10.81379638	     67.34207886	      1.17534100	     28.21351964	      0.00000000	      0.00000000	      3.16122388	    -11.41461437	     -3.98884412
      4.68500000	    -17.36528515	      8.19674129	      1.09920810	     -0.12995320	      0.86116762	     -0.54306206	     56.27602674	    -20.62265892	     -1.86443470	     70.08734242	      1.22325489	     26.77782808	      0.00000000	      0.00000000	     50.74369923	     -3.27636084	    -10.81438805	     68.06753586	      1.18800261	     28.60404021	      0.00000000	      0.00000000	      3.23397216	    -11.44278090	     -4.12858879
      4.69000000	    -17.50542051	      8.17443183	      1.07731443	     -0.13091987	      0.85720043	     -0.54336528	     57.08295647	    -20.54062386	     -1.51925737	     70.96511698	      1.23857495	     26.97405178	      0.00000000	      0.00000000	     51.33771903	     -3.33901083	    -10.74553882	     68.72689155	      1.19951054	     28.94541907	      0.00000000	      0.00000000	      3.28524530	    -11.38347404	     -4.21017648
      4.69500000	    -17.59412809	      8.09850677	      1.01470514	     -0.13173397	      0.85376579	     -0.54365699	     57.77165175	    -20.37817075	     -1.18580450	     71.74371012	      1.25216396	     27.08668911	      0.00000000	      0.00000000	     51.83488397	     -3.44471285	    -10.62920119	     69.31431485	      1.20976301	     29.23791325	      0.00000000	      0.00000000	      3.30600265	    -11.25127717	     -4.23994294
      4.70000000	    -17.63114949	      7.98990682	      0.91653259	     -0.13235597	      0.85091755	     -0.54391449	     58.32130428	    -20.15515428	     -0.88073626	     72.39048393	      1.26345229	     27.13869811	      0.00000000	      0.00000000	     52.22103403	     -3.57690646	    -10.49771970	     69.81595812	      1.21851834	     29.48517938	      0.00000000	      0.00000000	      3.29955366	    -11.07531439	     -4.21692543
      4.70500000	    -17.62629077	      7.87118309	      0.79422002	     -0.13276366	      0.84869071	     -0.54412826	     58.72725911	    -19.90215110	     -0.61884790	     72.88799142	      1.27213544	     27.14077395	      0.00000000	      0.00000000	     52.49465748	     -3.71464193	    -10.37778728	     70.22053422	      1.22557952	     29.68845474	      0.00000000	      0.00000000	      3.27629834	    -10.88642767	     -4.15506287
      4.71000000	    -17.59076701	      7.76392647	      0.65823648	     -0.13295679	      0.84711289	     -0.54427653	     58.99286329	    -19.64591558	     -0.40202273	     73.22755075	      1.27806186	     27.11493932	      0.00000000	      0.00000000	     52.65698951	     -3.84111117	    -10.29169773	     70.51519896	      1.23072239	     29.84222598	      0.00000000	      0.00000000	      3.24652485	    -10.71348938	     -4.07430640
      4.71500000	    -17.53511984	      7.68720509	      0.52254071	     -0.13294870	      0.84620059	     -0.54436010	     59.12658833	    -19.41794727	     -0.22990041	     73.41095943	      1.28126295	     27.07807470	      0.00000000	      0.00000000	     52.71198660	     -3.93749311	    -10.25254972	     70.69102793	      1.23379119	     29.93635397	      0.00000000	      0.00000000	      3.22037285	    -10.58482541	     -3.98898524
      4.72000000	    -17.47195854	      7.65099626	      0.39898067	     -0.13276132	      0.84594633	     -0.54439249	     59.14228120	    -19.24115658	     -0.10130553	     73.44683480	      1.28188909	     27.04202390	      0.00000000	      0.00000000	     52.66900824	     -3.99010224	    -10.25979450	     70.74095810	      1.23466263	     29.96924173	      0.00000000	      0.00000000	      3.21055279	    -10.51448644	     -3.91328660
      4.72500000	    -17.40650456	      7.65608944	      0.29610965	     -0.13241311	      0.84632397	     -0.54440009	     59.05073469	    -19.13478833	     -0.02051918	     73.35338566	      1.28025810	     27.00924285	      0.00000000	      0.00000000	     52.53501387	     -3.99277557	    -10.30391756	     70.66711286	      1.23337379	     29.97885144	      0.00000000	      0.00000000	      3.22133380	    -10.50245997	     -3.85431954
      4.73000000	    -17.33922205	      7.69350642	      0.21905504	     -0.13192943	      0.84730781	     -0.54440949	     58.85315000	    -19.10169589	      0.00336443	     73.13969062	      1.27652842	     26.98346937	      0.00000000	      0.00000000	     52.31455201	     -3.94637928	    -10.36705339	     70.47327966	      1.22999076	     29.98225199	      0.00000000	      0.00000000	      3.25080803	    -10.53676335	     -3.81879367
      4.73500000	    -17.27106669	      7.74930014	      0.17047459	     -0.13132155	      0.84885779	     -0.54446095	     58.55236154	    -19.14044733	     -0.04366330	     72.81456857	      1.27085397	     26.95036961	      0.00000000	      0.00000000	     52.01466417	     -3.85531814	    -10.43085520	     70.16446863	      1.22460100	     29.98294259	      0.00000000	      0.00000000	      3.29862082	    -10.59656203	     -3.80910960
      4.74000000	    -17.20347127	      7.80784554	      0.14983115	     -0.13059925	      0.85092348	     -0.54457949	     58.15465514	    -19.24143587	     -0.17194975	     72.38785258	      1.26340637	     26.89475263	      0.00000000	      0.00000000	     51.64490569	     -3.72918340	    -10.47857417	     69.74935744	      1.21735594	     29.98084054	      0.00000000	      0.00000000	      3.36667733	    -10.65964414	     -3.82329203
      4.74500000	    -17.13418900	      7.85239961	      0.15307549	     -0.12977440	      0.85346057	     -0.54477998	     57.66444840	    -19.38731171	     -0.38818465	     71.86895980	      1.25434998	     26.80686898	      0.00000000	      0.00000000	     51.21439042	     -3.58384718	    -10.49955442	     69.24027574	      1.20847079	     29.97244532	      0.00000000	      0.00000000	      3.45284284	    -10.70481266	     -3.84878261
      4.75000000	    -17.06657302	      7.86891476	      0.17330389	     -0.12886322	      0.85642992	     -0.54506421	     57.09080895	    -19.55276052	     -0.69008460	     71.25992147	      1.24372025	     26.68128863	      0.00000000	      0.00000000	     50.73627367	     -3.43689643	    -10.49062927	     68.64851670	      1.19814264	     29.93576568	      0.00000000	      0.00000000	      3.56272309	    -10.71505638	     -3.87589618
      4.75500000	    -17.00296216	      7.84784546	      0.20169055	     -0.12786796	      0.85980613	     -0.54542338	     56.44458321	    -19.71542101	     -1.06851155	     70.56510241	      1.23159337	     26.51452081	      0.00000000	      0.00000000	     50.21659329	     -3.30544341	    -10.45860723	     67.97414888	      1.18637270	     29.80162847	      0.00000000	      0.00000000	      3.69909795	    -10.67796487	     -3.89293724
      4.76000000	    -16.94494597	      7.78220037	      0.23029890	     -0.12680041	      0.86356272	     -0.54584262	     55.73794631	    -19.85533951	     -1.51325606	     69.79441207	      1.21814229	     26.30187131	      0.00000000	      0.00000000	     49.66313740	     -3.20604536	    -10.41028758	     67.22965944	      1.17337891	     29.57871885	      0.00000000	      0.00000000	      3.86443733	    -10.58551488	     -3.89183621
      4.76500000	    -16.89206622	      7.66414661	      0.24791068	     -0.12567282	      0.86768517	     -0.54630638	     54.97726205	    -19.94915812	     -2.01545632	     68.95176458	      1.20343532	     26.04138826	      0.00000000	      0.00000000	     49.08043693	     -3.15732051	    -10.35482127	     66.42592290	      1.15935106	     29.29697417	      0.00000000	      0.00000000	      4.05682489	    -10.42660702	     -3.86228275
      4.77000000	    -16.84763445	      7.49282321	      0.24810184	     -0.12449394	      0.87215933	     -0.54679722	     54.17267032	    -19.98400119	     -2.56370647	     68.03886945	      1.18750229	     25.72706125	      0.00000000	      0.00000000	     48.47380096	     -3.16888008	    -10.30183564	     65.57002617	      1.14441285	     28.96240031	      0.00000000	      0.00000000	      4.27697808	    -10.19723738	     -3.81149088
      4.77500000	    -16.80822169	      7.27134108	      0.22647651	     -0.12326684	      0.87697776	     -0.54729593	     53.32832588	    -19.95437639	     -3.14950910	     67.06226971	      1.17045741	     25.35253054	      0.00000000	      0.00000000	     47.83936084	     -3.24557848	    -10.26136765	     64.66499134	      1.12861701	     28.57824422	      0.00000000	      0.00000000	      4.51662187	     -9.89988209	     -3.74140507
      4.78000000	    -16.77308519	      7.00454303	      0.18778287	     -0.12200102	      0.88213123	     -0.54779058	     52.44935942	    -19.86527835	     -3.77059900	     66.02825672	      1.15241048	     24.90705244	      0.00000000	      0.00000000	     47.17929975	     -3.38296631	    -10.23372858	     63.71746266	      1.11207951	     28.14106294	      0.00000000	      0.00000000	      4.77274535	     -9.54158196	     -3.66175746
      4.78500000	    -16.74163669	      6.70337149	      0.12953936	     -0.12069660	      0.88761096	     -0.54826486	     51.54171883	    -19.71985854	     -4.41627901	     64.93821638	      1.13338569	     24.38026114	      0.00000000	      0.00000000	     46.49168521	     -3.57481276	    -10.22863050	     62.72457083	      1.09475028	     27.65130794	      0.00000000	      0.00000000	      5.04372202	     -9.13645627	     -3.57244588
      4.79000000	    -16.71342340	      6.38504831	      0.05917881	     -0.11935943	      0.89339793	     -0.54870820	     50.61468240	    -19.53669783	     -5.07624728	     63.80151320	      1.11354647	     23.76162530	      0.00000000	      0.00000000	     45.77885208	     -3.79980284	    -10.24552183	     61.68845976	      1.07666673	     27.10206133	      0.00000000	      0.00000000	      5.32640222	     -8.70809837	     -3.48445344
      4.79500000	    -16.68388574	      6.06499016	     -0.02186400	     -0.11798691	      0.89948545	     -0.54911468	     49.67064184	    -19.33026784	     -5.74216486	     62.62435723	      1.09300123	     23.04442439	      0.00000000	      0.00000000	     45.03481595	     -4.04034534	    -10.28605137	     60.60457732	      1.05774942	     26.48852232	      0.00000000	      0.00000000	      5.61562495	     -8.27668973	     -3.39263382
      4.80000000	    -16.64880615	      5.75869917	     -0.11029853	     -0.11657951	      0.90586392	     -0.54948248	     48.71190622	    -19.11830166	     -6.40458759	     61.41187519	      1.07183942	     22.22500288	      0.00000000	      0.00000000	     44.25670039	     -4.27499687	    -10.34756823	     59.47151259	      1.03797371	     25.80504767	      0.00000000	      0.00000000	      5.90650555	     -7.86221730	     -3.29831317
      4.80500000	    -16.60337199	      5.48354275	     -0.21096508	     -0.11513747	      0.91251492	     -0.54979812	     47.74110375	    -18.91087968	     -7.04682112	     60.16824903	      1.05013405	     21.30238174	      0.00000000	      0.00000000	     43.43978718	     -4.48915856	    -10.43807317	     58.28782909	      1.01731453	     25.05536744	      0.00000000	      0.00000000	      6.19298428	     -7.48548190	     -3.19493643
      4.81000000	    -16.54185202	      5.24961183	     -0.31890147	     -0.11366544	      0.91941758	     -0.55006845	     46.75766525	    -18.72421779	     -7.66378709	     58.90061677	      1.02800969	     20.28372075	      0.00000000	      0.00000000	     42.58327853	     -4.66229725	    -10.54570506	     57.05661639	      0.99582582	     24.22999582	      0.00000000	      0.00000000	      6.46647267	     -7.15847613	     -3.08483380
      4.81500000	    -16.45640355	      5.06000258	     -0.43773403	     -0.11215260	      0.92655659	     -0.55029645	     45.75595687	    -18.56330470	     -8.25168794	     57.61056189	      1.00549399	     19.17513631	      0.00000000	      0.00000000	     41.67792374	     -4.79028161	    -10.67029597	     55.77459965	      0.97345040	     23.33246555	      0.00000000	      0.00000000	      6.71955583	     -6.88399411	     -2.95957845
      4.82000000	    -16.34105850	      4.91365851	     -0.56602298	     -0.11059619	      0.93390509	     -0.55048402	     44.73075356	    -18.43044488	     -8.81074520	     56.30150539	      0.98264664	     17.98024847	      0.00000000	      0.00000000	     40.72203810	     -4.87046539	    -10.80666857	     54.44603706	      0.95026261	     22.36258844	      0.00000000	      0.00000000	      6.94513780	     -6.66119981	     -2.82173961
      4.82500000	    -16.19112204	      4.80925907	     -0.70053582	     -0.10898945	      0.94142868	     -0.55064190	     43.67931819	    -18.33061842	     -9.34664792	     54.98072219	      0.95959463	     16.69586259	      0.00000000	      0.00000000	     39.71172572	     -4.89992943	    -10.94955828	     53.07163628	      0.92627479	     21.32030871	      0.00000000	      0.00000000	      7.13755619	     -6.48851742	     -2.67416020
      4.83000000	    -16.00847724	      4.73356751	     -0.83825621	     -0.10733605	      0.94909103	     -0.55078584	     42.60161571	    -18.25526032	     -9.86685459	     53.64873085	      0.93634699	     15.32520488	      0.00000000	      0.00000000	     38.65635421	     -4.88917688	    -11.08822283	     51.66055824	      0.90164683	     20.21104314	      0.00000000	      0.00000000	      7.29762310	     -6.34981449	     -2.52087106
      4.83500000	    -15.78987667	      4.67524506	     -0.98111170	     -0.10563216	      0.95686173	     -0.55091933	     41.49164421	    -18.19204418	    -10.37651659	     52.30397508	      0.91287658	     13.87036651	      0.00000000	      0.00000000	     37.55281356	     -4.85333000	    -11.22425355	     50.21544577	      0.87642486	     19.04042210	      0.00000000	      0.00000000	      7.42084037	     -6.23094218	     -2.36239695
      4.84000000	    -15.53750317	      4.62272115	     -1.12841899	     -0.10388444	      0.96470730	     -0.55104776	     40.34861320	    -18.12706858	    -10.88083065	     50.94404257	      0.88914128	     12.33541780	      0.00000000	      0.00000000	     36.40648205	     -4.80528037	    -11.35543848	     48.74242491	      0.85071580	     17.81404495	      0.00000000	      0.00000000	      7.50767177	     -6.11765193	     -2.20282077
      4.84500000	    -15.25580876	      4.56591875	     -1.27689700	     -0.10209950	      0.97258967	     -0.55117959	     39.17476015	    -18.05183937	    -11.38620662	     49.56594868	      0.86508900	     10.72803483	      0.00000000	      0.00000000	     35.22596374	     -4.75641829	    -11.48024955	     47.24952133	      0.82465972	     16.53936367	      0.00000000	      0.00000000	      7.56047322	     -5.99825402	     -2.04671035
      4.85000000	    -14.94806481	      4.49150080	     -1.43129009	     -0.10028537	      0.98047738	     -0.55131154	     37.97009735	    -17.94653774	    -11.88984976	     48.16203757	      0.84058613	      9.06087205	      0.00000000	      0.00000000	     34.01690172	     -4.72593785	    -11.60376071	     45.74175436	      0.79834422	     15.22681980	      0.00000000	      0.00000000	      7.58136826	     -5.85613187	     -1.89057191
      4.85500000	    -14.61127617	      4.39634071	     -1.59072173	     -0.09844708	      0.98834180	     -0.55144326	     36.73268591	    -17.80958421	    -12.39489401	     46.73476984	      0.81567561	      7.34711640	      0.00000000	      0.00000000	     32.77651489	     -4.71736895	    -11.73001640	     44.22151546	      0.77181105	     13.87701710	      0.00000000	      0.00000000	      7.56477601	     -5.68799847	     -1.73626269
      4.86000000	    -14.24743673	      4.27622363	     -1.75202478	     -0.09659090	      0.99614966	     -0.55158070	     35.46648007	    -17.64048706	    -12.90729485	     45.28961947	      0.79045298	      5.59189760	      0.00000000	      0.00000000	     31.50850539	     -4.73433495	    -11.86029785	     42.69264920	      0.74512729	     12.49812418	      0.00000000	      0.00000000	      7.51062360	     -5.48957104	     -1.58732143
      4.86500000	    -13.85950770	      4.13014149	     -1.91241708	     -0.09473230	      1.00386272	     -0.55172402	     34.17763347	    -17.43913324	    -13.42486150	     43.83211258	      0.76501468	      3.80407868	      0.00000000	      0.00000000	     30.22101301	     -4.77720785	    -11.99461995	     41.16218148	      0.71841559	     11.09563723	      0.00000000	      0.00000000	      7.41907907	     -5.26086150	     -1.44612247
      4.87000000	    -13.45062678	      3.95794694	     -2.07608224	     -0.09288881	      1.01145009	     -0.55187105	     32.87340530	    -17.20103844	    -13.93731396	     42.36682279	      0.73944055	      1.99523063	      0.00000000	      0.00000000	     28.91826553	     -4.84711495	    -12.13695771	     39.63215963	      0.69171168	      9.67477174	      0.00000000	      0.00000000	      7.29160721	     -5.00086407	     -1.30761373
      4.87500000	    -13.02709786	      3.76587602	     -2.24108196	     -0.09108199	      1.01887413	     -0.55202213	     31.56752654	    -16.93320291	    -14.43663732	     40.90231407	      0.71388005	      0.18889290	      0.00000000	      0.00000000	     27.61216637	     -4.93691602	    -12.28663202	     38.11151048	      0.66517134	      8.24004868	      0.00000000	      0.00000000	      7.13332006	     -4.71784016	     -1.17464313
      4.88000000	    -12.59866329	      3.55994816	     -2.40631417	     -0.08932368	      1.02609317	     -0.55217699	     30.27596286	    -16.64193454	    -14.91514441	     39.44983029	      0.68852943	     -1.59521276	      0.00000000	      0.00000000	     26.31415482	     -5.03950487	    -12.44324666	     36.60181540	      0.63882219	      6.80059743	      0.00000000	      0.00000000	      6.95433219	     -4.41924157	     -1.04650074
      4.88500000	    -12.17850254	      3.34881504	     -2.57493088	     -0.08763946	      1.03306583	     -0.55232991	     29.01928736	    -16.33114398	    -15.35259462	     38.01623534	      0.66350848	     -3.30988110	      0.00000000	      0.00000000	     25.04372521	     -5.14626704	    -12.60634289	     35.11172427	      0.61281519	      5.37039679	      0.00000000	      0.00000000	      6.76829707	     -4.11447494	     -0.91706912
      4.89000000	    -11.77452768	      3.14642022	     -2.74947062	     -0.08604278	      1.03974968	     -0.55247281	     27.81719199	    -16.01646129	    -15.73796377	     36.62140245	      0.63916405	     -4.89423212	      0.00000000	      0.00000000	     23.81254292	     -5.24490432	    -12.77879255	     33.64947745	      0.58729417	      3.97161909	      0.00000000	      0.00000000	      6.58428200	     -3.81982477	     -0.78136334
      4.89500000	    -11.40363902	      2.96514964	     -2.92455769	     -0.08455992	      1.04608791	     -0.55260146	     26.70161423	    -15.71630738	    -16.06428946	     35.29451633	      0.61600552	     -6.27363489	      0.00000000	      0.00000000	     22.64997517	     -5.32185952	    -12.94979033	     32.23382254	      0.56258633	      2.63934885	      0.00000000	      0.00000000	      6.42064268	     -3.55113144	     -0.64330562
      4.90000000	    -11.07614633	      2.81098223	     -3.10164154	     -0.08320434	      1.05203241	     -0.55270884	     25.69460534	    -15.43990926	    -16.32668443	     34.06348304	      0.59451993	     -7.37864427	      0.00000000	      0.00000000	     21.57777159	     -5.37798751	    -13.12510180	     30.89005588	      0.53913318	      1.42530386	      0.00000000	      0.00000000	      6.28786324	     -3.31442016	     -0.49516469
      4.90500000	    -10.80597282	      2.68954222	     -3.27904172	     -0.08200560	      1.05753631	     -0.55279166	     24.82257731	    -15.19620064	    -16.51894229	     32.95322532	      0.57514228	     -8.13835510	      0.00000000	      0.00000000	     20.62595628	     -5.41071356	    -13.29763128	     29.64782405	      0.51745215	      0.39198512	      0.00000000	      0.00000000	      6.20030778	     -3.11667229	     -0.33990565
      4.91000000	    -10.60084580	      2.59960826	     -3.45141304	     -0.08097280	      1.06256432	     -0.55285169	     24.10221996	    -14.99160191	    -16.65114763	     31.99104827	      0.55834912	     -8.52419703	      0.00000000	      0.00000000	     19.81760937	     -5.42883091	    -13.46736381	     28.54164584	      0.49814569	     -0.39077488	      0.00000000	      0.00000000	      6.16694864	     -2.95725784	     -0.18391708
      4.91500000	    -10.47274845	      2.53102411	     -3.61259631	     -0.08012039	      1.06710176	     -0.55290081	     23.54606022	    -14.81816795	    -16.72932224	     31.18386883	      0.54426118	     -8.54422147	      0.00000000	      0.00000000	     19.17920228	     -5.44649459	    -13.62694121	     27.60139175	      0.48173516	     -0.86504661	      0.00000000	      0.00000000	      6.19997615	     -2.82374477	     -0.03653062
      4.92000000	    -10.41064548	      2.47634102	     -3.75815275	     -0.07943370	      1.07116013	     -0.55295051	     23.13769541	    -14.67373808	    -16.77398442	     30.53356791	      0.53291129	     -8.25140804	      0.00000000	      0.00000000	     18.70100683	     -5.47283530	    -13.77817362	     26.83891258	      0.46842739	     -1.00560704	      0.00000000	      0.00000000	      6.28702129	     -2.70754318	      0.09670491
      4.92500000	    -10.40932219	      2.43262584	     -3.88091506	     -0.07890772	      1.07476409	     -0.55301529	     22.86786011	    -14.55987605	    -16.80122941	     30.03836940	      0.52426845	     -7.72525294	      0.00000000	      0.00000000	     18.37407337	     -5.50473868	    -13.90503873	     26.24708268	      0.45809801	     -0.83355292	      0.00000000	      0.00000000	      6.42280061	     -2.60642983	      0.20532766
      4.93000000	    -10.45707451	      2.39030008	     -3.97503967	     -0.07852524	      1.07795465	     -0.55310771	     22.71214678	    -14.46754053	    -16.82438102	     29.68317500	      0.51806914	     -7.06198979	      0.00000000	      0.00000000	     18.17780172	     -5.54617365	    -13.99432605	     25.81147374	      0.45049520	     -0.40824142	      0.00000000	      0.00000000	      6.59409336	     -2.51004621	      0.28286837
      4.93500000	    -10.54378426	      2.34789997	     -4.04079878	     -0.07827421	      1.08077017	     -0.55322956	     22.65029666	    -14.39243429	    -16.84558638	     29.44737594	      0.51395367	     -6.34113902	      0.00000000	      0.00000000	     18.09062179	     -5.59253725	    -14.03831208	     25.50936454	      0.44522240	      0.17242702	      0.00000000	      0.00000000	      6.78991560	     -2.41701322	      0.32882282
      4.94000000	    -10.65225855	      2.30732258	     -4.07808935	     -0.07813920	      1.08324711	     -0.55338171	     22.65957380	    -14.33844041	    -16.87066504	     29.32316550	      0.51178579	     -5.63245051	      0.00000000	      0.00000000	     18.08048784	     -5.63529145	    -14.02909923	     25.31150675	      0.44176913	      0.80050214	      0.00000000	      0.00000000	      6.99162924	     -2.33115049	      0.34412720
      4.94500000	    -10.77609816	      2.26159818	     -4.08907198	     -0.07811099	      1.08542446	     -0.55356455	     22.71852970	    -14.29111373	    -16.89538954	     29.28092969	      0.51104863	     -4.97752006	      0.00000000	      0.00000000	     18.13119477	     -5.67858718	    -13.95908904	     25.19815138	      0.43979071	      1.39475955	      0.00000000	      0.00000000	      7.19198269	     -2.24433830	      0.32784769
      4.95000000	    -10.90698952	      2.21532299	     -4.07661854	     -0.07818231	      1.08732576	     -0.55377008	     22.81280427	    -14.25150942	    -16.91331274	     29.30505674	      0.51146973	     -4.39435527	      0.00000000	      0.00000000	     18.22703915	     -5.71586475	    -13.82819670	     25.15421355	      0.43902385	      1.89971963	      0.00000000	      0.00000000	      7.38263082	     -2.16296612	      0.28398993
      4.95500000	    -11.03562005	      2.17095614	     -4.04656745	     -0.07834636	      1.08897016	     -0.55399143	     22.93077908	    -14.22090794	    -16.92205017	     29.38696423	      0.51289928	     -3.88401411	      0.00000000	      0.00000000	     18.35022712	     -5.74484338	    -13.64269757	     25.16624606	      0.43923385	      2.29527413	      0.00000000	      0.00000000	      7.55369598	     -2.08980072	      0.21800361
      4.96000000	    -11.15849059	      2.13270231	     -4.00315331	     -0.07859813	      1.09037067	     -0.55422455	     23.06653470	    -14.20134406	    -16.91465133	     29.51893047	      0.51520253	     -3.44062165	      0.00000000	      0.00000000	     18.48795704	     -5.75785624	    -13.40143118	     25.21597150	      0.44010173	      2.59660324	      0.00000000	      0.00000000	      7.70212866	     -2.02895926	      0.13501839
      4.96500000	    -11.27099476	      2.10309685	     -3.94951000	     -0.07893039	      1.09153893	     -0.55446320	     23.21016228	    -14.19250530	    -16.89031126	     29.68902268	      0.51817120	     -3.05066291	      0.00000000	      0.00000000	     18.62948481	     -5.75183819	    -13.10957617	     25.29283349	      0.44144322	      2.82728934	      0.00000000	      0.00000000	      7.82190915	     -1.98290218	      0.03255587
      4.97000000	    -11.37912090	      2.09587753	     -3.89102477	     -0.07935419	      1.09246190	     -0.55469406	     23.38025821	    -14.20896654	    -16.83542979	     29.91038722	      0.52203474	     -2.69294727	      0.00000000	      0.00000000	     18.77907786	     -5.71226333	    -12.77441457	     25.38801411	      0.44310444	      3.00530410	      0.00000000	      0.00000000	      7.92044166	     -1.96729950	     -0.07938860
      4.97500000	    -11.48277516	      2.10580648	     -3.83192342	     -0.07986248	      1.09314230	     -0.55491659	     23.57301023	    -14.24362520	    -16.75006247	     30.17481906	      0.52664994	     -2.36169327	      0.00000000	      0.00000000	     18.93303926	     -5.64686070	    -12.40831560	     25.49427388	      0.44495902	      3.14805252	      0.00000000	      0.00000000	      7.99783312	     -1.97440233	     -0.19745600
      4.98000000	    -11.58580513	      2.13314140	     -3.77406176	     -0.08045472	      1.09357703	     -0.55512599	     23.79030354	    -14.29382962	    -16.63191476	     30.47513288	      0.53189141	     -2.05398683	      0.00000000	      0.00000000	     19.09656287	     -5.55802361	    -12.02335087	     25.60987300	      0.44697660	      3.25945537	      0.00000000	      0.00000000	      8.05909730	     -2.00435103	     -0.31748350
      4.98500000	    -11.68847260	      2.17324160	     -3.71718714	     -0.08112003	      1.09379584	     -0.55532372	     24.02856377	    -14.35518325	    -16.48923292	     30.80503324	      0.53764926	     -1.76439884	      0.00000000	      0.00000000	     19.26988907	     -5.45285008	    -11.62703767	     25.73391470	      0.44914154	      3.33299737	      0.00000000	      0.00000000	      8.10576598	     -2.05145934	     -0.44028474
      4.99000000	    -11.80001993	      2.22169353	     -3.66335977	     -0.08187120	      1.09377304	     -0.55550538	     24.29937936	    -14.42047002	    -16.31656886	     31.16263722	      0.54389062	     -1.50272986	      0.00000000	      0.00000000	     19.47275894	     -5.34281694	    -11.23515563	     25.88108758	      0.45171019	      3.36360474	      0.00000000	      0.00000000	      8.15063630	     -2.11131607	     -0.55027169
      4.99500000	    -11.90568465	      2.27069973	     -3.61121352	     -0.08263837	      1.09368224	     -0.55568520	     24.56659211	    -14.48439939	    -16.13804288	     31.52228148	      0.55016760	     -1.25176312	      0.00000000	      0.00000000	     19.66964800	     -5.23127577	    -10.84599849	     26.02674686	      0.45425243	      3.38147810	      0.00000000	      0.00000000	      8.18412765	     -2.17227081	     -0.65988547
      5.00000000	    -12.02583496	      2.31773593	     -3.56123142	     -0.08350892	      1.09330210	     -0.55584731	     24.86925361	    -14.53823288	    -15.93225011	     31.90141410	      0.55678471	     -1.05226973	      0.00000000	      0.00000000	     19.91576484	     -5.13284598	    -10.47461819	     26.21577864	      0.45755165	      3.33425709	      0.00000000	      0.00000000	      8.22162301	     -2.23555599	     -0.74711456
