Joint Reaction Loads
version=1
nRows=1000
nColumns=10
inDegrees=no

This file contains the reaction forces and moments
applied to the specified body of a joint pair and expressed  in the specified reference frame.

Units are S.I. units (seconds, meters, Newtons, ...)
endheader
time	hip_r_on_femur_r_in_ground_fx	hip_r_on_femur_r_in_ground_fy	hip_r_on_femur_r_in_ground_fz	hip_r_on_femur_r_in_ground_mx	hip_r_on_femur_r_in_ground_my	hip_r_on_femur_r_in_ground_mz	hip_r_on_femur_r_in_ground_px	hip_r_on_femur_r_in_ground_py	hip_r_on_femur_r_in_ground_pz
      0.00500000	    -20.48568289	   -304.43077703	     76.04439304	      0.03368660	      0.24148441	     -0.06990986	     -0.10287931	      0.88561659	     -0.49358799
      0.01000000	    -19.71494473	   -300.37193502	     84.68735566	      0.07028499	      0.19871765	     -0.03671859	     -0.10278646	      0.89118292	     -0.49355534
      0.01500000	    -37.20385824	   -319.38539473	     95.70211760	      0.05509117	      0.00227292	      0.05352928	     -0.10269435	      0.89672973	     -0.49352276
      0.02000000	    -75.78501371	   -387.34036028	    119.47882015	      0.03560408	     -0.06277646	      0.13392034	     -0.10260452	      0.90223421	     -0.49349010
      0.02500000	   -106.45708944	   -420.30105391	    132.52757353	      0.01216494	     -0.13097868	      0.20652869	     -0.10251819	      0.90767427	     -0.49345725
      0.03000000	   -131.21450422	   -451.10365466	    142.45054971	     -0.00845182	     -0.13939922	      0.26094627	     -0.10243612	      0.91302866	     -0.49342411
      0.03500000	   -149.44239966	   -471.25031155	    147.63541887	     -0.02906054	     -0.14092268	      0.30229712	     -0.10235849	      0.91827743	     -0.49339064
      0.04000000	   -159.71082920	   -484.23780183	    145.52884997	     -0.05974430	     -0.12847710	      0.33147432	     -0.10228490	      0.92340190	     -0.49335684
      0.04500000	   -169.09384703	   -493.26362542	    144.64568409	     -0.08433039	     -0.11825424	      0.35715744	     -0.10221433	      0.92838537	     -0.49332282
      0.05000000	   -173.03000240	   -488.75929671	    142.37101346	     -0.10676875	     -0.10850658	      0.37521370	     -0.10214528	      0.93321206	     -0.49328861
      0.05500000	   -168.89826191	   -466.73517038	    135.53960094	     -0.12677057	     -0.09254746	      0.37810925	     -0.10207577	      0.93786853	     -0.49325438
      0.06000000	   -166.76115144	   -440.99413052	    139.12418593	     -0.13467445	     -0.10705550	      0.39045629	     -0.10200359	      0.94234287	     -0.49322034
      0.06500000	   -170.81492147	   -428.76783953	    134.17734565	     -0.14524578	     -0.09028119	      0.40068838	     -0.10192640	      0.94662488	     -0.49318673
      0.07000000	   -173.66001222	   -410.82201408	    129.19624177	     -0.14003736	     -0.07925010	      0.40297219	     -0.10184194	      0.95070599	     -0.49315376
      0.07500000	   -173.59933549	   -390.19028119	    122.80328439	     -0.13633266	     -0.04548370	      0.39696496	     -0.10174824	      0.95457924	     -0.49312168
      0.08000000	   -171.15564965	   -381.27641512	    117.30724930	     -0.13566851	     -0.00722267	      0.38430861	     -0.10164376	      0.95823877	     -0.49309069
      0.08500000	   -168.48514956	   -382.77767117	    113.35265038	     -0.13789007	      0.02155330	      0.36929301	     -0.10152761	      0.96168028	     -0.49306095
      0.09000000	   -173.01391941	   -391.94827908	    115.55990522	     -0.11988676	      0.11056136	      0.35508853	     -0.10139963	      0.96490038	     -0.49303254
      0.09500000	   -174.85430869	   -397.85335549	    111.57923222	     -0.12977012	      0.10566206	      0.35200154	     -0.10126047	      0.96789666	     -0.49300550
      0.10000000	   -180.58324416	   -411.64505268	    113.39662804	     -0.12567502	      0.15480662	      0.34511044	     -0.10111165	      0.97066740	     -0.49297975
      0.10500000	   -177.28950202	   -403.80332955	    112.29938461	     -0.08746464	      0.25103327	      0.31276832	     -0.10095555	      0.97321175	     -0.49295525
      0.11000000	   -170.13155258	   -395.98582335	    105.80887675	     -0.08686665	      0.25317554	      0.29153283	     -0.10079527	      0.97552888	     -0.49293161
      0.11500000	   -164.44804976	   -393.48226590	    104.90802413	     -0.05604858	      0.31421874	      0.25916832	     -0.10063457	      0.97761866	     -0.49290849
      0.12000000	   -161.13708316	   -382.91739298	    105.27483920	     -0.02435546	      0.40784529	      0.23065915	     -0.10047776	      0.97948117	     -0.49288573
      0.12500000	   -156.28306593	   -378.20223703	    104.89917700	      0.00105549	      0.46318494	      0.20432094	     -0.10032935	      0.98111662	     -0.49286290
      0.13000000	   -152.35108284	   -365.22572930	    101.06227288	      0.00663298	      0.49230399	      0.19253992	     -0.10019399	      0.98252491	     -0.49283950
      0.13500000	   -149.06211456	   -358.25617842	    100.51578714	      0.02250705	      0.53467225	      0.17663928	     -0.10007613	      0.98370657	     -0.49281527
      0.14000000	   -147.20816423	   -356.90015204	     99.91571830	      0.02079994	      0.53478698	      0.17116368	     -0.09997986	      0.98466164	     -0.49278980
      0.14500000	   -145.61359631	   -352.87852567	     99.80912143	      0.02815473	      0.55803583	      0.16463366	     -0.09990871	      0.98539017	     -0.49276282
      0.15000000	   -144.36715568	   -350.91836746	     99.59804344	      0.02954363	      0.56468769	      0.16237482	     -0.09986539	      0.98589253	     -0.49273423
      0.15500000	   -146.31223434	   -353.50676355	     99.49570970	      0.00869989	      0.53455552	      0.17441242	     -0.09985171	      0.98616806	     -0.49270374
      0.16000000	   -147.32011594	   -359.95899700	    102.39286458	      0.01232415	      0.54909594	      0.17382195	     -0.09986842	      0.98621719	     -0.49267153
      0.16500000	   -148.95048483	   -364.36017966	    101.93934907	     -0.00531026	      0.51984679	      0.18688003	     -0.09991516	      0.98603956	     -0.49263764
      0.17000000	   -153.04910333	   -378.52268979	    102.43403467	     -0.04602126	      0.44528547	      0.21079944	     -0.09999043	      0.98563502	     -0.49260228
      0.17500000	   -154.66482575	   -390.89033162	    103.40029364	     -0.05327918	      0.42741756	      0.21972239	     -0.10009159	      0.98500345	     -0.49256575
      0.18000000	   -158.01105016	   -405.52729948	    103.28238043	     -0.07607636	      0.38044948	      0.23834681	     -0.10021498	      0.98414473	     -0.49252840
      0.18500000	   -161.92988824	   -433.40731580	    108.06826312	     -0.09365427	      0.35504490	      0.24882851	     -0.10035600	      0.98305889	     -0.49249064
      0.19000000	   -167.08575173	   -458.81522286	    109.67466099	     -0.13502700	      0.28175650	      0.27274480	     -0.10050928	      0.98174586	     -0.49245286
      0.19500000	   -167.86011115	   -483.09039278	    112.64844337	     -0.13071874	      0.28756871	      0.27215810	     -0.10066885	      0.98020592	     -0.49241548
      0.20000000	   -172.30863382	   -520.88646743	    117.61496343	     -0.17209040	      0.22216104	      0.28798245	     -0.10082838	      0.97843940	     -0.49237889
      0.20500000	   -173.80244120	   -538.34449558	    117.13482908	     -0.18204982	      0.18910691	      0.29660946	     -0.10098143	      0.97644677	     -0.49234341
      0.21000000	   -176.43056126	   -574.69335761	    123.83666623	     -0.19760700	      0.18821097	      0.29702962	     -0.10112166	      0.97422872	     -0.49230930
      0.21500000	   -177.31763331	   -604.16935553	    127.07579796	     -0.21596195	      0.15109490	      0.30073895	     -0.10124310	      0.97178613	     -0.49227675
      0.22000000	   -180.20143087	   -636.55260009	    132.28251399	     -0.23177114	      0.13431500	      0.30546903	     -0.10134042	      0.96912010	     -0.49224587
      0.22500000	   -186.49144476	   -678.52369744	    141.29357512	     -0.25650030	      0.12769149	      0.31529424	     -0.10140913	      0.96623199	     -0.49221669
      0.23000000	   -192.61610946	   -708.39114015	    146.31416990	     -0.27118377	      0.10041654	      0.33089915	     -0.10144584	      0.96312344	     -0.49218915
      0.23500000	   -201.32106205	   -733.26658092	    151.55795690	     -0.28237769	      0.09427857	      0.35280548	     -0.10144844	      0.95979643	     -0.49216315
      0.24000000	   -199.21712890	   -810.22653782	    157.33746609	     -0.28204130	      0.09815847	      0.32832015	     -0.10141624	      0.95625332	     -0.49213857
      0.24500000	   -230.35232258	   -666.46108535	    164.48096660	     -0.33345841	      0.02252511	      0.50437418	     -0.10135018	      0.95249675	     -0.49211518
      0.25000000	   -390.37278694	   -815.25120238	    247.31245393	     -0.49185455	     -0.10876480	      0.98690832	     -0.10125285	      0.94852974	     -0.49209274
      0.25500000	   -445.18118524	   -954.45547185	    273.01806545	     -0.50210661	     -0.16943311	      1.13313562	     -0.10112854	      0.94435595	     -0.49207102
      0.26000000	   -396.28947949	   -824.47609040	    244.24008223	     -0.33319827	     -0.20339763	      0.99292552	     -0.10098329	      0.93997965	     -0.49204979
      0.26500000	   -297.05729909	   -590.27579685	    188.62719050	     -0.21881623	     -0.12258969	      0.75118861	     -0.10082478	      0.93540563	     -0.49202884
      0.27000000	   -255.98359537	   -626.53061464	    166.96994382	     -0.31611525	     -0.03123360	      0.66529964	     -0.10066222	      0.93063945	     -0.49200791
      0.27500000	   -221.68765301	   -703.05714661	    174.67573566	     -0.35333046	     -0.00795117	      0.56298713	     -0.10050617	      0.92568761	     -0.49198680
      0.28000000	   -190.11011331	   -954.98047932	    213.65557110	     -0.41306574	      0.08359270	      0.39071295	     -0.10036824	      0.92055766	     -0.49196539
      0.28500000	   -143.83006026	  -1112.09009235	    222.55123347	     -0.39460357	      0.18219262	      0.18322686	     -0.10026081	      0.91525822	     -0.49194352
      0.29000000	    -97.18459266	  -1092.37682424	    189.83767769	     -0.25068687	      0.30916158	     -0.04563224	     -0.10019659	      0.90979943	     -0.49192111
      0.29500000	    -72.66415474	   -985.75499361	    166.14033510	     -0.18914082	      0.31921621	     -0.06965923	     -0.10018817	      0.90419288	     -0.49189817
      0.30000000	    -49.31239809	   -656.35818940	    130.15584740	     -0.18328531	      0.14178756	      0.07938996	     -0.10024755	      0.89845191	     -0.49187476
      0.30500000	   -114.94823458	   -739.74354788	    163.09098571	     -0.29342295	      0.02609321	      0.44979840	     -0.10038566	      0.89259182	     -0.49185104
      0.31000000	   -169.11868864	  -1149.69554869	    221.13347099	     -0.41804520	     -0.01837341	      0.75825221	     -0.10061183	      0.88662985	     -0.49182729
      0.31500000	   -130.31837138	  -1309.47332147	    216.75732708	     -0.36263852	      0.06789865	      0.70565480	     -0.10093343	      0.88058540	     -0.49180387
      0.32000000	    -97.32735046	  -1299.36702832	    203.37887857	     -0.31006246	      0.13062992	      0.62333305	     -0.10135550	      0.87447996	     -0.49178125
      0.32500000	    -67.03931734	  -1291.34637552	    195.08596204	     -0.26480647	      0.20692341	      0.51896764	     -0.10188044	      0.86833712	     -0.49175995
      0.33000000	    -45.03378951	  -1397.52797807	    202.77710408	     -0.24457100	      0.30310310	      0.46324712	     -0.10250792	      0.86218244	     -0.49174058
      0.33500000	    -26.63631209	  -1637.63108826	    230.35214418	     -0.25604713	      0.42667043	      0.46093672	     -0.10323476	      0.85604326	     -0.49172373
      0.34000000	     -4.40445015	  -1922.04171316	    264.43088390	     -0.27818318	      0.57450447	      0.46794659	     -0.10405500	      0.84994850	     -0.49170995
      0.34500000	     10.78584807	  -2142.57193097	    296.87422893	     -0.31032002	      0.68724883	      0.49212892	     -0.10496002	      0.84392831	     -0.49169976
      0.35000000	     17.98887354	  -2265.53005283	    321.18385260	     -0.34910420	      0.74634638	      0.50451299	     -0.10593879	      0.83801385	     -0.49169355
      0.35500000	     23.12299849	  -2331.31887304	    340.49967701	     -0.39864236	      0.73348920	      0.48746107	     -0.10697813	      0.83223685	     -0.49169157
      0.36000000	     29.41580574	  -2368.95377360	    353.16929554	     -0.42014621	      0.74839664	      0.47812830	     -0.10806313	      0.82662929	     -0.49169395
      0.36500000	     41.55159587	  -2479.32661687	    374.68973003	     -0.44369294	      0.81204556	      0.51211368	     -0.10917747	      0.82122307	     -0.49170062
      0.37000000	     65.60870314	  -2656.49633722	    403.82079894	     -0.46893068	      0.89158193	      0.59445719	     -0.11030387	      0.81604976	     -0.49171140
      0.37500000	    100.40140916	  -2881.66714350	    440.26898344	     -0.50495149	      0.94501123	      0.71078238	     -0.11142451	      0.81114009	     -0.49172591
      0.38000000	    135.36609028	  -3067.04422289	    471.83303142	     -0.53256790	      0.96348406	      0.81668827	     -0.11252147	      0.80652384	     -0.49174359
      0.38500000	    165.25021111	  -3187.98056716	    494.03765315	     -0.54955534	      0.93484459	      0.89483600	     -0.11357706	      0.80222950	     -0.49176389
      0.39000000	    189.87446141	  -3288.99258829	    514.09292397	     -0.58255601	      0.85376374	      0.95698822	     -0.11457419	      0.79828404	     -0.49178607
      0.39500000	    206.82464809	  -3365.44470794	    531.43977936	     -0.61590862	      0.76002361	      1.00336236	     -0.11549672	      0.79471263	     -0.49180929
      0.40000000	    221.49921115	  -3463.46408695	    553.10957456	     -0.65302650	      0.67223735	      1.06254353	     -0.11632969	      0.79153859	     -0.49183285
      0.40500000	    223.31053882	  -3544.34806228	    574.23606258	     -0.70281197	      0.58389005	      1.10767444	     -0.11705956	      0.78878293	     -0.49185583
      0.41000000	    204.69465945	  -3578.27712006	    593.53452715	     -0.75868642	      0.49068446	      1.14292434	     -0.11767443	      0.78646438	     -0.49187746
      0.41500000	    191.87752738	  -3586.64333853	    610.62144005	     -0.82581046	      0.35159931	      1.10656336	     -0.11816411	      0.78459914	     -0.49189702
      0.42000000	    161.14870684	  -3590.62167107	    635.07071444	     -0.91479007	      0.28365956	      1.08396136	     -0.11852036	      0.78320061	     -0.49191388
      0.42500000	    111.64391137	  -3608.19897195	    671.19534521	     -1.05514266	      0.26117335	      1.09636366	     -0.11873688	      0.78227950	     -0.49192750
      0.43000000	     53.77903130	  -3596.76034122	    699.92296677	     -1.20463843	      0.23558420	      1.12913468	     -0.11880950	      0.78184318	     -0.49193749
      0.43500000	      0.07071189	  -3593.43092294	    726.78164908	     -1.38211599	      0.21827179	      1.16120164	     -0.11873614	      0.78189605	     -0.49194360
      0.44000000	    -47.85781947	  -3551.26870326	    739.98994205	     -1.55511222	      0.24593822	      1.16382632	     -0.11851697	      0.78243899	     -0.49194573
      0.44500000	    -78.61320843	  -3462.01579569	    729.59490923	     -1.67298001	      0.27993570	      1.13682666	     -0.11815437	      0.78346949	     -0.49194393
      0.45000000	   -102.80180428	  -3364.74199261	    713.18917144	     -1.76671792	      0.30168044	      1.11788736	     -0.11765297	      0.78498145	     -0.49193838
      0.45500000	   -144.16524587	  -3291.97998847	    708.04695848	     -1.85267492	      0.26620478	      1.16475916	     -0.11701963	      0.78696514	     -0.49192937
      0.46000000	   -197.21291881	  -3233.23182559	    706.34141161	     -1.90078653	      0.19256588	      1.24323764	     -0.11626342	      0.78940732	     -0.49191729
      0.46500000	   -233.93329496	  -3139.95209936	    689.23548406	     -1.91872186	      0.15370468	      1.26989971	     -0.11539548	      0.79229125	     -0.49190258
      0.47000000	   -250.35908232	  -3008.06765544	    655.60182348	     -1.90780151	      0.16475574	      1.23573884	     -0.11442891	      0.79559673	     -0.49188562
      0.47500000	   -261.01266616	  -2869.93076984	    618.86736632	     -1.89265958	      0.20173607	      1.18424860	     -0.11337865	      0.79930062	     -0.49186681
      0.48000000	   -302.08768485	  -2730.50553097	    598.07320570	     -1.92708487	      0.19648733	      1.18969991	     -0.11226118	      0.80337684	     -0.49184646
      0.48500000	   -351.09353151	  -2616.29384129	    587.33701059	     -1.99214701	      0.18220125	      1.22101148	     -0.11109427	      0.80779681	     -0.49182469
      0.49000000	   -387.47308311	  -2490.95413841	    570.04028212	     -2.01619650	      0.17778944	      1.22662071	     -0.10989668	      0.81252984	     -0.49180144
      0.49500000	   -405.82132940	  -2352.36548744	    545.52222282	     -2.01436114	      0.19660458	      1.19715622	     -0.10868779	      0.81754356	     -0.49177648
      0.50000000	   -420.07440818	  -2186.91526450	    513.47809568	     -1.92675877	      0.19300934	      1.15310939	     -0.10748722	      0.82280439	     -0.49174930
      0.50500000	   -414.92683540	  -2002.33047985	    475.38952001	     -1.82957687	      0.21380435	      1.07405378	     -0.10631443	      0.82827796	     -0.49171920
      0.51000000	   -403.92052985	  -1815.50793986	    435.56709023	     -1.68797640	      0.22004584	      0.98832008	     -0.10518829	      0.83392965	     -0.49168525
      0.51500000	   -383.07669638	  -1622.20631395	    393.15356434	     -1.51585166	      0.21910885	      0.89075233	     -0.10412673	      0.83972493	     -0.49164629
      0.52000000	   -350.83041547	  -1418.62522930	    346.39496132	     -1.30525639	      0.20911722	      0.77748171	     -0.10314628	      0.84562989	     -0.49160105
      0.52500000	   -311.77857695	  -1218.75011294	    299.79862668	     -1.08564003	      0.18870653	      0.66204593	     -0.10226178	      0.85161157	     -0.49154812
      0.53000000	   -276.10064992	  -1040.65843972	    258.99068215	     -0.87713780	      0.15338289	      0.56581701	     -0.10148601	      0.85763829	     -0.49148606
      0.53500000	   -232.93697186	   -859.74390791	    215.79715374	     -0.66093625	      0.11367743	      0.46330893	     -0.10082946	      0.86367997	     -0.49141342
      0.54000000	   -203.82507216	   -721.36862813	    183.99324644	     -0.49181833	      0.06410188	      0.39963101	     -0.10030010	      0.86970838	     -0.49132887
      0.54500000	   -169.17758557	   -578.63861492	    149.72066523	     -0.32099933	      0.01351563	      0.33137869	     -0.09990330	      0.87569738	     -0.49123126
      0.55000000	   -137.26151384	   -459.16026773	    121.50944629	     -0.19535704	     -0.02465759	      0.27434446	     -0.09964165	      0.88162289	     -0.49111961
      0.55500000	   -111.66064651	   -382.45412685	    107.32903392	     -0.12029867	     -0.03195297	      0.22854440	     -0.09951503	      0.88746314	     -0.49099323
      0.56000000	   -122.39573749	   -358.89374004	    115.61613899	     -0.11911714	     -0.04368222	      0.25461253	     -0.09952067	      0.89319863	     -0.49085172
      0.56500000	   -147.26394840	   -406.15095162	    124.23474509	     -0.13088148	     -0.07915177	      0.30839233	     -0.09965321	      0.89881209	     -0.49069502
      0.57000000	   -181.82524232	   -476.83970040	    138.53951549	     -0.17988563	     -0.07384158	      0.38487203	     -0.09990492	      0.90428844	     -0.49052337
      0.57500000	   -207.09501528	   -535.11645169	    148.88747267	     -0.23780869	     -0.05206747	      0.44792008	     -0.10026589	      0.90961473	     -0.49033734
      0.58000000	   -222.14347127	   -572.41557020	    155.30985072	     -0.26525228	     -0.03968152	      0.49021383	     -0.10072433	      0.91477996	     -0.49013781
      0.58500000	   -232.30192880	   -586.00458913	    160.00929168	     -0.28210521	     -0.03440544	      0.52952606	     -0.10126682	      0.91977496	     -0.48992589
      0.59000000	   -227.78795390	   -571.45094386	    158.94402628	     -0.28260588	     -0.02699906	      0.53865651	     -0.10187868	      0.92459231	     -0.48970294
      0.59500000	   -221.96700626	   -532.65661817	    153.94548142	     -0.28008320	     -0.02241458	      0.55304596	     -0.10254431	      0.92922590	     -0.48947045
      0.60000000	   -215.08055150	   -499.35900381	    149.26641126	     -0.27613633	     -0.00955578	      0.55770658	     -0.10324757	      0.93367095	     -0.48923004
      0.60500000	   -195.47651294	   -489.46726529	    151.74146311	     -0.26297384	     -0.03484237	      0.52977165	     -0.10397222	      0.93792388	     -0.48898336
      0.61000000	   -189.21965466	   -505.19594645	    150.99961053	     -0.27115809	     -0.02101237	      0.51461319	     -0.10470224	      0.94198195	     -0.48873209
      0.61500000	   -181.34591270	   -482.29875220	    141.48482107	     -0.26341221	     -0.00479853	      0.49672349	     -0.10542233	      0.94584315	     -0.48847779
      0.62000000	   -175.76386862	   -460.90484004	    132.97100355	     -0.23794384	      0.03374990	      0.47099478	     -0.10611822	      0.94950600	     -0.48822194
      0.62500000	   -169.68011870	   -446.29383697	    124.15321914	     -0.19065939	      0.09830527	      0.43696135	     -0.10677710	      0.95296946	     -0.48796587
      0.63000000	   -161.43162730	   -447.49861636	    116.27364867	     -0.18141427	      0.08805670	      0.40416482	     -0.10738794	      0.95623276	     -0.48771070
      0.63500000	   -160.63233545	   -470.31968453	    116.86433123	     -0.15591915	      0.13104207	      0.37307080	     -0.10794178	      0.95929537	     -0.48745736
      0.64000000	   -165.51248779	   -491.41137417	    116.53698769	     -0.13135030	      0.17330531	      0.35561636	     -0.10843190	      0.96215668	     -0.48720656
      0.64500000	   -172.88409630	   -521.23510293	    119.67592127	     -0.12682471	      0.18834619	      0.34448230	     -0.10885400	      0.96481610	     -0.48695877
      0.65000000	   -179.66695702	   -535.13172191	    120.23160478	     -0.09832764	      0.24754825	      0.32915475	     -0.10920623	      0.96727300	     -0.48671425
      0.65500000	   -182.91856578	   -546.44832596	    120.92238135	     -0.07217624	      0.29367445	      0.30732159	     -0.10948914	      0.96952673	     -0.48647303
      0.66000000	   -180.76463124	   -541.82929232	    116.66734460	     -0.08562818	      0.26676786	      0.29236901	     -0.10970550	      0.97157606	     -0.48623502
      0.66500000	   -172.36876567	   -526.31348974	    116.79289712	     -0.02323038	      0.37740174	      0.23987285	     -0.10986016	      0.97341995	     -0.48599989
      0.67000000	   -164.28701269	   -507.88339807	    114.06524890	      0.00409623	      0.41960646	      0.20483757	     -0.10995973	      0.97505702	     -0.48576723
      0.67500000	   -157.04351341	   -485.47872146	    108.26760707	      0.00632475	      0.41629970	      0.18611485	     -0.11001222	      0.97648551	     -0.48553649
      0.68000000	   -150.59937101	   -458.56654878	    105.32230967	      0.02177822	      0.44448914	      0.16460298	     -0.11002671	      0.97770351	     -0.48530708
      0.68500000	   -145.77279357	   -439.71731997	    105.46139416	      0.03900159	      0.46556504	      0.14502870	     -0.11001293	      0.97870901	     -0.48507844
      0.69000000	   -143.40961066	   -413.02189706	     99.37565166	      0.00958672	      0.40880966	      0.15467405	     -0.10998092	      0.97949957	     -0.48484993
      0.69500000	   -139.78102664	   -390.57836851	     98.67815795	      0.02769958	      0.43663019	      0.14278894	     -0.10994058	      0.98007278	     -0.48462106
      0.70000000	   -141.65685446	   -369.53563672	     97.12289272	      0.00376670	      0.40005383	      0.15699717	     -0.10990141	      0.98042571	     -0.48439126
      0.70500000	   -142.84182957	   -352.27247992	     96.39824664	     -0.00762688	      0.38138086	      0.16644051	     -0.10987217	      0.98055585	     -0.48416026
      0.71000000	   -145.35098953	   -340.57146538	     96.78875792	     -0.02391686	      0.35426583	      0.17955089	     -0.10986063	      0.98046034	     -0.48392779
      0.71500000	   -148.11751718	   -333.39811005	     97.43162634	     -0.03736317	      0.32943707	      0.19291484	     -0.10987341	      0.98013634	     -0.48369368
      0.72000000	   -153.50986264	   -330.40702822	     98.18843047	     -0.06944086	      0.28033150	      0.21731368	     -0.10991579	      0.97958124	     -0.48345797
      0.72500000	   -156.42792837	   -329.44657789	     99.18980387	     -0.08062538	      0.26106297	      0.23056075	     -0.10999170	      0.97879256	     -0.48322078
      0.73000000	   -161.21090509	   -332.83168585	     99.64892276	     -0.10970170	      0.21190356	      0.25396432	     -0.11010365	      0.97776799	     -0.48298233
      0.73500000	   -166.11244877	   -345.44525576	    102.63373189	     -0.13146223	      0.18122278	      0.27200433	     -0.11025283	      0.97650561	     -0.48274292
      0.74000000	   -170.45300945	   -362.13963862	    105.75587800	     -0.14861987	      0.15599125	      0.28753488	     -0.11043915	      0.97500376	     -0.48250289
      0.74500000	   -173.83827017	   -379.47455305	    108.90898295	     -0.16193696	      0.14234792	      0.29958275	     -0.11066139	      0.97326122	     -0.48226260
      0.75000000	   -179.52372887	   -396.46610288	    112.21341526	     -0.17867751	      0.13421941	      0.31708141	     -0.11091740	      0.97127724	     -0.48202237
      0.75500000	   -185.82128201	   -422.92593223	    116.22789046	     -0.21184128	      0.08586808	      0.34070198	     -0.11120429	      0.96905155	     -0.48178248
      0.76000000	   -190.14512127	   -450.23321217	    120.69881251	     -0.22622909	      0.07174049	      0.35450983	     -0.11151866	      0.96658441	     -0.48154313
      0.76500000	   -196.14934176	   -479.50789662	    126.02196737	     -0.24442797	      0.05583977	      0.37275437	     -0.11185688	      0.96387666	     -0.48130443
      0.77000000	   -202.27844024	   -505.63165707	    131.77019548	     -0.25285098	      0.07116471	      0.38856751	     -0.11221525	      0.96092980	     -0.48106638
      0.77500000	   -210.11621027	   -549.92846578	    142.00881350	     -0.27662476	      0.06871210	      0.40842793	     -0.11259037	      0.95774578	     -0.48082889
      0.78000000	   -219.25449663	   -577.25582055	    148.56334579	     -0.29994880	      0.05096173	      0.43887668	     -0.11297927	      0.95432710	     -0.48059170
      0.78500000	   -224.72794293	   -602.61550324	    154.56760296	     -0.30716261	      0.04984887	      0.46036888	     -0.11337963	      0.95067728	     -0.48035464
      0.79000000	   -239.92503589	   -698.02733391	    166.34275143	     -0.32350099	      0.03632859	      0.48789119	     -0.11378999	      0.94680018	     -0.48011743
      0.79500000	   -254.40868682	   -609.88210651	    164.13984827	     -0.32429915	      0.02010099	      0.58151201	     -0.11420986	      0.94270074	     -0.47987974
      0.80000000	   -271.85904827	   -601.90152492	    187.45999428	     -0.37853637	     -0.04429244	      0.69931084	     -0.11463987	      0.93838440	     -0.47964143
      0.80500000	   -556.55074313	  -1263.52669843	    351.55667551	     -0.50908839	     -0.29600176	      1.44854361	     -0.11508177	      0.93385765	     -0.47940236
      0.81000000	   -799.60016936	  -1865.65661998	    523.88544399	     -0.48498339	     -0.59215263	      2.04175273	     -0.11553849	      0.92912794	     -0.47916256
      0.81500000	   -706.96872905	  -1636.39453973	    472.88815971	     -0.44110454	     -0.55898149	      1.88687921	     -0.11601408	      0.92420383	     -0.47892224
      0.82000000	   -498.12145188	  -1154.65380434	    342.81879309	     -0.46478106	     -0.36862587	      1.46000883	     -0.11651368	      0.91909476	     -0.47868166
      0.82500000	   -325.31102839	   -795.20105857	    250.48187914	     -0.50110327	     -0.14466196	      1.04409020	     -0.11704335	      0.91381172	     -0.47844140
      0.83000000	   -169.73839456	   -776.60983491	    201.74564595	     -0.38221643	      0.00439191	      0.48353055	     -0.11760986	      0.90836706	     -0.47820224
      0.83500000	    -80.19284598	   -938.13722255	    168.61196045	     -0.21180826	      0.13976325	      0.01985235	     -0.11822052	      0.90277455	     -0.47796512
      0.84000000	    -48.69184764	   -986.70857920	    145.92715218	     -0.00363847	      0.44888462	     -0.16446764	     -0.11888284	      0.89704956	     -0.47773121
      0.84500000	     -9.26480042	   -622.57647735	    103.01743732	      0.02174365	      0.23627692	     -0.09077320	     -0.11960424	      0.89120917	     -0.47750188
      0.85000000	    -64.86964367	   -587.88081184	    122.79916765	     -0.17098945	     -0.07472004	      0.35446931	     -0.12039170	      0.88527222	     -0.47727868
      0.85500000	   -149.63177497	  -1194.19797887	    224.04358015	     -0.37509351	     -0.07942058	      0.76753153	     -0.12125138	      0.87925932	     -0.47706336
      0.86000000	   -182.89194250	  -1647.90150961	    286.90308132	     -0.48381519	     -0.03962949	      1.01444997	     -0.12218830	      0.87319279	     -0.47685778
      0.86500000	   -137.26899301	  -1941.87676653	    305.14728484	     -0.47065182	      0.07655819	      0.89965328	     -0.12320603	      0.86709660	     -0.47666395
      0.87000000	   -112.11750610	  -2119.08818244	    339.71190819	     -0.52592825	      0.11395456	      0.79405102	     -0.12430638	      0.86099619	     -0.47648393
      0.87500000	    -84.42699501	  -2195.84675206	    358.70336505	     -0.52404993	      0.23371182	      0.59586178	     -0.12548925	      0.85491829	     -0.47631978
      0.88000000	    -64.47492585	  -2363.39819210	    395.83508622	     -0.55540303	      0.35063497	      0.45195220	     -0.12675240	      0.84889059	     -0.47617353
      0.88500000	    -51.98996209	  -2619.35115795	    437.67902220	     -0.60440511	      0.45934260	      0.43794612	     -0.12809147	      0.84294142	     -0.47604702
      0.89000000	    -38.99443090	  -2883.72007087	    467.32595974	     -0.64478039	      0.54035315	      0.53339204	     -0.12949991	      0.83709945	     -0.47594192
      0.89500000	    -19.26987210	  -2996.92609753	    465.91476678	     -0.61785563	      0.65615753	      0.60961447	     -0.13096910	      0.83139327	     -0.47585957
      0.90000000	     -7.26097469	  -2982.02185272	    455.61044244	     -0.53782087	      0.91772045	      0.63413183	     -0.13248847	      0.82585112	     -0.47580096
      0.90500000	      1.90884511	  -2785.71527755	    421.41069621	     -0.42246630	      1.07485619	      0.58400789	     -0.13404566	      0.82050054	     -0.47576668
      0.91000000	     21.29724825	  -2560.64180667	    381.13864289	     -0.27324857	      1.16086537	      0.54616210	     -0.13562680	      0.81536813	     -0.47575687
      0.91500000	     52.90408567	  -2588.49480906	    386.64864449	     -0.22518023	      1.19842812	      0.59755334	     -0.13721678	      0.81047938	     -0.47577120
      0.92000000	    101.29732525	  -2859.15352095	    431.97324953	     -0.27074989	      1.21429425	      0.74639430	     -0.13879951	      0.80585849	     -0.47580893
      0.92500000	    157.23779046	  -3230.53888960	    495.10811888	     -0.37909477	      1.18269773	      0.93555616	     -0.14035825	      0.80152831	     -0.47586891
      0.93000000	    195.14705927	  -3553.98536729	    559.30721223	     -0.53011950	      1.12270574	      1.07359733	     -0.14187593	      0.79751029	     -0.47594962
      0.93500000	    174.33776388	  -3750.27039041	    627.13450591	     -0.75870310	      0.92437792	      1.30470337	     -0.14333549	      0.79382451	     -0.47604926
      0.94000000	    144.38575988	  -3869.02842615	    685.51983626	     -0.95928893	      0.71053766	      1.48366404	     -0.14472018	      0.79048958	     -0.47616589
      0.94500000	    125.37244916	  -4021.95927704	    763.66331302	     -1.16263066	      0.44609560	      1.61805126	     -0.14601384	      0.78752279	     -0.47629735
      0.95000000	    104.96649811	  -4155.19302092	    833.14811040	     -1.30828010	      0.32531966	      1.71991141	     -0.14720127	      0.78493985	     -0.47644151
      0.95500000	     83.90317733	  -4258.03552645	    889.70633311	     -1.41114447	      0.28387971	      1.79409237	     -0.14826839	      0.78275505	     -0.47659631
      0.96000000	     60.18347909	  -4335.10481368	    937.00487883	     -1.50806786	      0.26092173	      1.85091473	     -0.14920255	      0.78098120	     -0.47675981
      0.96500000	     51.03885145	  -4317.90230701	    947.48503581	     -1.56122271	      0.28795096	      1.77909432	     -0.14999270	      0.77962924	     -0.47693024
      0.97000000	     50.17003882	  -4188.59534264	    919.82891093	     -1.58334732	      0.32893845	      1.61589411	     -0.15062962	      0.77870833	     -0.47710607
      0.97500000	     38.58823893	  -4009.85552808	    881.14126029	     -1.61498893	      0.33248833	      1.47139598	     -0.15110609	      0.77822556	     -0.47728601
      0.98000000	     30.40587483	  -3783.62577344	    822.57559757	     -1.61073334	      0.30333288	      1.31644505	     -0.15141689	      0.77818593	     -0.47746905
      0.98500000	      5.69258767	  -3563.89087677	    769.94477998	     -1.58763065	      0.25388889	      1.22163899	     -0.15155910	      0.77859190	     -0.47765441
      0.99000000	    -35.75727444	  -3384.76280305	    734.26942406	     -1.56264226	      0.17495553	      1.19529565	     -0.15153206	      0.77944345	     -0.47784158
      0.99500000	    -39.74367288	  -3229.83005935	    687.17860779	     -1.52315346	      0.15713377	      1.10245418	     -0.15133743	      0.78073781	     -0.47803025
      1.00000000	    -61.76063951	  -3123.03979149	    663.91236885	     -1.54423868	      0.13107402	      1.08242021	     -0.15097928	      0.78246938	     -0.47822033
      1.00500000	   -100.26010843	  -3073.03067314	    665.25824296	     -1.65558918	      0.11911941	      1.12301386	     -0.15046404	      0.78462962	     -0.47841179
      1.01000000	   -139.08798845	  -3026.81388678	    666.81752003	     -1.77432668	      0.11457127	      1.16832411	     -0.14980054	      0.78720709	     -0.47860480
      1.01500000	   -173.65330473	  -2998.68439192	    673.05870533	     -1.96610364	      0.15350957	      1.21348775	     -0.14899984	      0.79018740	     -0.47879950
      1.02000000	   -210.62306590	  -2966.33763321	    676.51459138	     -2.13821777	      0.18461586	      1.26066305	     -0.14807524	      0.79355318	     -0.47899599
      1.02500000	   -238.99388231	  -2902.08522526	    666.55044406	     -2.25597568	      0.22200948	      1.27454132	     -0.14704209	      0.79728458	     -0.47919441
      1.03000000	   -265.87645994	  -2812.07778862	    650.28576332	     -2.35449186	      0.26198344	      1.27278538	     -0.14591757	      0.80135904	     -0.47939469
      1.03500000	   -316.31358022	  -2715.41999245	    643.28436982	     -2.45746977	      0.25228937	      1.31265869	     -0.14472043	      0.80575173	     -0.47959658
      1.04000000	   -355.90466117	  -2585.75254880	    626.06024127	     -2.52747260	      0.26039439	      1.31764567	     -0.14347069	      0.81043586	     -0.47979964
      1.04500000	   -369.05479255	  -2419.43060369	    591.24196176	     -2.49864767	      0.28935724	      1.25942980	     -0.14218924	      0.81538298	     -0.48000317
      1.05000000	   -385.20616045	  -2249.42664907	    556.17853813	     -2.39882764	      0.28742844	      1.20584122	     -0.14089744	      0.82056339	     -0.48020623
      1.05500000	   -388.90354178	  -2043.79233671	    508.74653688	     -2.19080947	      0.27234058	      1.11837562	     -0.13961666	      0.82594650	     -0.48040758
      1.06000000	   -372.79007965	  -1820.43196398	    455.21982863	     -1.96263558	      0.27599744	      0.99852936	     -0.13836782	      0.83150122	     -0.48060576
      1.06500000	   -346.77175893	  -1584.27096087	    397.05644533	     -1.67741306	      0.26342358	      0.86539914	     -0.13717091	      0.83719641	     -0.48079908
      1.07000000	   -301.19531140	  -1330.08772104	    332.21333607	     -1.36501003	      0.25269285	      0.70500248	     -0.13604455	      0.84300120	     -0.48098570
      1.07500000	   -258.71928625	  -1090.15925048	    271.30148902	     -1.02955797	      0.20397065	      0.56627778	     -0.13500555	      0.84888537	     -0.48116363
      1.08000000	   -216.68992173	   -882.46182067	    219.12803373	     -0.74964083	      0.16040247	      0.44729747	     -0.13406852	      0.85481966	     -0.48133086
      1.08500000	   -174.45000357	   -683.04925758	    168.29784140	     -0.46830747	      0.10202605	      0.33971181	     -0.13324557	      0.86077607	     -0.48148538
      1.09000000	   -138.66023310	   -517.53238437	    127.72736411	     -0.24041096	      0.07262577	      0.25588247	     -0.13254606	      0.86672805	     -0.48162527
      1.09500000	    -97.46023272	   -403.85642933	    109.54289252	     -0.03401826	      0.17869127	      0.14918991	     -0.13197639	      0.87265080	     -0.48174881
      1.10000000	    -67.31386364	   -352.92881846	    112.87435848	      0.05734182	      0.22884849	      0.07382907	     -0.13153993	      0.87852133	     -0.48185448
      1.10500000	    -67.44938567	   -367.13807219	    119.22767659	      0.08182041	      0.24823922	      0.06542555	     -0.13123699	      0.88431846	     -0.48194103
      1.11000000	   -121.65193709	   -465.31587247	    129.91419980	      0.00879063	      0.10092434	      0.18259414	     -0.13106487	      0.89002306	     -0.48200756
      1.11500000	   -166.17416686	   -551.98174852	    145.51115641	     -0.03848209	      0.05478723	      0.26845906	     -0.13101802	      0.89561800	     -0.48205354
      1.12000000	   -199.86669355	   -607.07764943	    151.55203182	     -0.09334676	      0.02191885	      0.34476878	     -0.13108819	      0.90108797	     -0.48207881
      1.12500000	   -220.65459905	   -626.32620263	    149.01960204	     -0.15787323	     -0.02179432	      0.41158893	     -0.13126473	      0.90641955	     -0.48208357
      1.13000000	   -235.98969328	   -653.99498540	    154.51966085	     -0.19805840	      0.02504562	      0.45421132	     -0.13153487	      0.91160107	     -0.48206844
      1.13500000	   -238.54628561	   -650.37446228	    155.35700538	     -0.22113044	      0.02319771	      0.48176833	     -0.13188412	      0.91662248	     -0.48203440
      1.14000000	   -235.55185523	   -636.91593892	    155.10015044	     -0.24189017	      0.02606429	      0.49916537	     -0.13229662	      0.92147513	     -0.48198276
      1.14500000	   -225.89678732	   -575.47785112	    152.11897528	     -0.24910219	      0.02618447	      0.51498433	     -0.13275562	      0.92615172	     -0.48191516
      1.15000000	   -202.24800290	   -528.06955443	    154.12857889	     -0.23954178	     -0.04779441	      0.51197579	     -0.13324393	      0.93064612	     -0.48183352
      1.15500000	   -195.60666505	   -522.52407288	    149.02434441	     -0.24607118	     -0.02550069	      0.50246701	     -0.13374435	      0.93495318	     -0.48174002
      1.16000000	   -195.90004437	   -490.52394719	    142.42264554	     -0.23904149	      0.03074913	      0.50189530	     -0.13424021	      0.93906844	     -0.48163695
      1.16500000	   -189.00971324	   -466.25742866	    134.41209132	     -0.21143360	      0.09893201	      0.47737240	     -0.13471576	      0.94298820	     -0.48152678
      1.17000000	   -175.66394684	   -462.96535685	    127.96420810	     -0.18778418	      0.11981071	      0.43330245	     -0.13515664	      0.94670922	     -0.48141200
      1.17500000	   -167.58294879	   -459.67427144	    120.77388299	     -0.15692962	      0.15339552	      0.39780902	     -0.13555029	      0.95022879	     -0.48129510
      1.18000000	   -163.60113736	   -470.28410224	    119.81153773	     -0.13438272	      0.18548078	      0.36504006	     -0.13588618	      0.95354428	     -0.48117850
      1.18500000	   -163.18997641	   -482.06401723	    118.29580343	     -0.10772004	      0.21965495	      0.33888482	     -0.13615620	      0.95665355	     -0.48106446
      1.19000000	   -166.90118108	   -496.14880732	    117.79455762	     -0.10859987	      0.21137307	      0.32933882	     -0.13635471	      0.95955440	     -0.48095507
      1.19500000	   -171.35954038	   -510.89473680	    118.50241463	     -0.09563208	      0.22451519	      0.31585678	     -0.13647866	      0.96224491	     -0.48085219
      1.20000000	   -175.44462549	   -518.47231616	    120.04027294	     -0.08508822	      0.24087480	      0.30273819	     -0.13652757	      0.96472307	     -0.48075736
      1.20500000	   -175.03530017	   -511.01068083	    116.94289228	     -0.07075422	      0.25464429	      0.28532480	     -0.13650338	      0.96698718	     -0.48067187
      1.21000000	   -173.24395742	   -495.99392345	    113.55616477	     -0.08131794	      0.22672751	      0.27638432	     -0.13641027	      0.96903536	     -0.48059668
      1.21500000	   -169.97231488	   -482.12630761	    113.47113309	     -0.05290675	      0.26659003	      0.24942021	     -0.13625439	      0.97086588	     -0.48053248
      1.22000000	   -164.60176489	   -456.54874497	    110.00384097	     -0.04633842	      0.27010252	      0.23209508	     -0.13604347	      0.97247705	     -0.48047968
      1.22500000	   -159.95327846	   -433.64014305	    106.74378199	     -0.05069519	      0.24873838	      0.22213746	     -0.13578652	      0.97386710	     -0.48043841
      1.23000000	   -155.43546153	   -410.74861046	    104.13534349	     -0.04708608	      0.24193470	      0.21075535	     -0.13549339	      0.97503444	     -0.48040873
      1.23500000	   -153.31484819	   -382.21105501	    101.26462943	     -0.05139382	      0.23805508	      0.20879267	     -0.13517440	      0.97597749	     -0.48039051
      1.24000000	   -154.33160545	   -361.90818149	    100.08394528	     -0.06660660	      0.21812791	      0.21593262	     -0.13483992	      0.97669463	     -0.48038351
      1.24500000	   -155.00214065	   -337.98173590	     98.59069631	     -0.06513452	      0.23525623	      0.21702562	     -0.13450008	      0.97718425	     -0.48038743
      1.25000000	   -156.85062411	   -324.68131798	     97.85961272	     -0.07713402	      0.22073144	      0.22491844	     -0.13416442	      0.97744506	     -0.48040211
      1.25500000	   -160.84135874	   -317.63805866	     98.11631802	     -0.10606548	      0.18375786	      0.24202561	     -0.13384163	      0.97747574	     -0.48042732
      1.26000000	   -165.61398709	   -316.63467324	    100.49080151	     -0.09977452	      0.21386965	      0.24516165	     -0.13353935	      0.97727491	     -0.48046288
      1.26500000	   -174.28674841	   -318.36405500	    102.88545242	     -0.12793983	      0.19821915	      0.26867514	     -0.13326404	      0.97684170	     -0.48050873
      1.27000000	   -174.88265665	   -322.29735426	    102.69334359	     -0.13447025	      0.18728033	      0.27150453	     -0.13302088	      0.97617527	     -0.48056480
      1.27500000	   -180.69417275	   -323.17485683	    102.82785665	     -0.16805688	      0.15111751	      0.29394664	     -0.13281373	      0.97527499	     -0.48063107
      1.28000000	   -185.33580880	   -334.17234820	    105.72778354	     -0.17080024	      0.18136513	      0.29907287	     -0.13264518	      0.97414048	     -0.48070746
      1.28500000	   -190.00538261	   -358.56704145	    110.85430017	     -0.20095869	      0.16894730	      0.30972403	     -0.13251663	      0.97277165	     -0.48079383
      1.29000000	   -193.75362629	   -369.83014889	    112.58843631	     -0.20385326	      0.19363686	      0.31561173	     -0.13242837	      0.97116866	     -0.48088994
      1.29500000	   -199.02524232	   -393.62707275	    116.29043759	     -0.22732667	      0.17781779	      0.32922086	     -0.13237976	      0.96933189	     -0.48099535
      1.30000000	   -205.45606285	   -430.33588898	    123.70055692	     -0.26902969	      0.14935689	      0.34580644	     -0.13236942	      0.96726202	     -0.48110945
      1.30500000	   -209.29617267	   -461.66950465	    128.26349391	     -0.27879996	      0.15386468	      0.35271944	     -0.13239540	      0.96495996	     -0.48123136
      1.31000000	   -217.45307738	   -493.72011107	    135.01077601	     -0.29631680	      0.16866865	      0.36947426	     -0.13245540	      0.96242687	     -0.48135996
      1.31500000	   -226.44765381	   -536.52230761	    143.74874320	     -0.32183375	      0.16249374	      0.38998365	     -0.13254701	      0.95966417	     -0.48149389
      1.32000000	   -235.62278198	   -566.27152073	    150.40171641	     -0.33539045	      0.17265017	      0.41306153	     -0.13266787	      0.95667356	     -0.48163154
      1.32500000	   -242.90716014	   -599.38459968	    157.78356404	     -0.35037185	      0.17231413	      0.43409319	     -0.13281590	      0.95345688	     -0.48177106
      1.33000000	   -249.25827980	   -632.78140793	    165.52899328	     -0.36266715	      0.16967964	      0.45498594	     -0.13298946	      0.95001620	     -0.48191037
      1.33500000	   -253.68961451	   -670.74983619	    173.80973640	     -0.36997123	      0.15890864	      0.47306157	     -0.13318752	      0.94635413	     -0.48204742
      1.34000000	   -275.07921941	   -691.67655905	    182.87764555	     -0.38425313	      0.14970376	      0.55022575	     -0.13340975	      0.94247322	     -0.48217987
      1.34500000	   -297.48614008	   -728.28099921	    206.68342206	     -0.44779699	      0.11408882	      0.64169139	     -0.13365660	      0.93837699	     -0.48230545
      1.35000000	   -329.09450411	   -636.54782354	    217.38171040	     -0.46579902	      0.05568648	      0.82753812	     -0.13392941	      0.93406887	     -0.48242190
      1.35500000	   -590.29651622	  -1255.18513865	    365.85753701	     -0.52771239	     -0.17992441	      1.53522751	     -0.13423034	      0.92955337	     -0.48252721
      1.36000000	   -702.26967409	  -1494.20375143	    446.72854726	     -0.54130370	     -0.28579342	      1.86046580	     -0.13456241	      0.92483558	     -0.48261942
      1.36500000	   -591.75337801	  -1247.28872555	    388.46434964	     -0.50771894	     -0.24502620	      1.66545225	     -0.13492945	      0.91992136	     -0.48269666
      1.37000000	   -440.86071789	   -921.64965288	    306.14658169	     -0.37907619	     -0.20988588	      1.31044691	     -0.13533594	      0.91481770	     -0.48275740
      1.37500000	   -304.30296106	   -643.10991959	    227.28803664	     -0.38929203	     -0.07305697	      0.99225259	     -0.13578691	      0.90953300	     -0.48280053
      1.38000000	   -185.53895218	   -587.34341894	    175.75278134	     -0.31019209	      0.02682431	      0.58818171	     -0.13628780	      0.90407688	     -0.48282516
      1.38500000	   -106.83545695	   -629.19488387	    141.89024649	     -0.19145608	      0.07435393	      0.27256670	     -0.13684420	      0.89846068	     -0.48283082
      1.39000000	    -45.41154109	   -672.74738435	    118.50259066	      0.03470583	      0.37387949	     -0.07538772	     -0.13746168	      0.89269756	     -0.48281747
      1.39500000	    -25.51589446	   -585.28030499	    127.79828111	      0.13867357	      0.25812296	     -0.03582390	     -0.13814555	      0.88680247	     -0.48278538
      1.40000000	    -76.35028679	   -430.74364915	    164.88564380	      0.16101148	     -0.28227629	      0.29246528	     -0.13890051	      0.88079275	     -0.48273541
      1.40500000	   -137.89294725	   -883.18663826	    209.71704004	     -0.07175575	     -0.23657329	      0.66002783	     -0.13973056	      0.87468775	     -0.48266879
      1.41000000	   -189.34134167	  -1358.21545795	    274.91542843	     -0.27470437	     -0.16223218	      1.00776377	     -0.14063865	      0.86850900	     -0.48258719
      1.41500000	   -183.83770918	  -1762.48706985	    319.91956839	     -0.39907569	      0.12308851	      1.10220445	     -0.14162655	      0.86228017	     -0.48249269
      1.42000000	   -148.45689681	  -2081.03366125	    359.46779245	     -0.43596773	      0.35673004	      0.97777242	     -0.14269467	      0.85602694	     -0.48238773
      1.42500000	   -119.35119043	  -2188.85232926	    376.18202169	     -0.46027804	      0.43691528	      0.84266202	     -0.14384196	      0.84977669	     -0.48227508
      1.43000000	    -83.56925696	  -2229.32343954	    387.72802363	     -0.47672924	      0.45690986	      0.63053625	     -0.14506580	      0.84355827	     -0.48215770
      1.43500000	    -66.79600035	  -2336.75081151	    417.85709651	     -0.52406530	      0.52181295	      0.48823720	     -0.14636204	      0.83740163	     -0.48203872
      1.44000000	    -64.73954323	  -2505.91125778	    447.44004169	     -0.55075311	      0.65193537	      0.53772653	     -0.14772493	      0.83133749	     -0.48192130
      1.44500000	    -60.42380496	  -2707.23305766	    478.36080948	     -0.54037625	      0.92892182	      0.63456956	     -0.14914721	      0.82539678	     -0.48180853
      1.45000000	    -52.22550967	  -2820.02401794	    498.76561465	     -0.51855018	      1.15685368	      0.69475585	     -0.15062015	      0.81961034	     -0.48170339
      1.45500000	    -34.70665983	  -2834.90219593	    499.91926571	     -0.46146148	      1.28048600	      0.73554273	     -0.15213363	      0.81400868	     -0.48160854
      1.46000000	    -10.41805834	  -2769.77613547	    484.53845446	     -0.37425506	      1.31412406	      0.76181221	     -0.15367618	      0.80862143	     -0.48152635
      1.46500000	     13.89647328	  -2709.44503425	    475.85956422	     -0.30254768	      1.29631680	      0.78109568	     -0.15523516	      0.80347731	     -0.48145872
      1.47000000	     46.62147600	  -2737.85277129	    482.40910970	     -0.25396944	      1.26449372	      0.85043623	     -0.15679682	      0.79860376	     -0.48140715
      1.47500000	     80.66785086	  -2893.59736140	    514.04464061	     -0.27303193	      1.23740053	      0.96235214	     -0.15834644	      0.79402696	     -0.48137259
      1.48000000	    109.64172907	  -3107.76379217	    559.24385300	     -0.34789449	      1.20973325	      1.08163608	     -0.15986849	      0.78977159	     -0.48135550
      1.48500000	    129.70041198	  -3320.42053238	    608.43122125	     -0.44864828	      1.18834509	      1.18446975	     -0.16134682	      0.78586086	     -0.48135592
      1.49000000	    101.45471090	  -3525.43264858	    675.69773321	     -0.64533337	      1.11451835	      1.41400407	     -0.16276481	      0.78231650	     -0.48137334
      1.49500000	     43.17436210	  -3704.38998258	    752.52901319	     -0.88994981	      0.96262048	      1.69741047	     -0.16410570	      0.77915844	     -0.48140698
      1.50000000	    -21.80831557	  -3885.21884381	    833.62651809	     -1.13272277	      0.81628464	      1.98208195	     -0.16535276	      0.77640500	     -0.48145570
      1.50500000	    -68.57430148	  -4025.92991926	    902.88800976	     -1.31256543	      0.72115009	      2.12269130	     -0.16648965	      0.77407263	     -0.48151820
      1.51000000	   -100.33367379	  -4129.24557237	    962.63667088	     -1.47583038	      0.50752218	      2.20050853	     -0.16750068	      0.77217582	     -0.48159305
      1.51500000	   -149.51572675	  -4210.84967734	   1022.35705761	     -1.62290712	      0.38214427	      2.30359687	     -0.16837115	      0.77072702	     -0.48167879
      1.52000000	   -204.98380451	  -4235.40621482	   1070.52886349	     -1.74785922	      0.36300963	      2.34577021	     -0.16908778	      0.76973606	     -0.48177399
      1.52500000	   -248.73474647	  -4172.06437571	   1084.63963073	     -1.82207511	      0.34053042	      2.30534426	     -0.16963881	      0.76921057	     -0.48187735
      1.53000000	   -268.30334108	  -4019.00699223	   1056.92781685	     -1.82005703	      0.28670760	      2.16619273	     -0.17001445	      0.76915535	     -0.48198772
      1.53500000	   -277.29629955	  -3832.54044153	   1009.87744457	     -1.77923707	      0.19020454	      2.00622989	     -0.17020716	      0.76957242	     -0.48210415
      1.54000000	   -270.92461743	  -3613.08103555	    942.13625978	     -1.68948156	      0.10919504	      1.80390279	     -0.17021179	      0.77046082	     -0.48222591
      1.54500000	   -256.26253542	  -3369.60789250	    860.61491851	     -1.54956804	      0.06497048	      1.58597125	     -0.17002585	      0.77181659	     -0.48235246
      1.55000000	   -252.21033673	  -3166.61484638	    798.03415319	     -1.46664586	      0.03336678	      1.43177264	     -0.16964964	      0.77363269	     -0.48248345
      1.55500000	   -254.09253449	  -2999.47000768	    747.92105865	     -1.41801569	      0.01210382	      1.32439717	     -0.16908632	      0.77589910	     -0.48261870
      1.56000000	   -260.65075005	  -2873.14471145	    713.16266827	     -1.44372259	      0.03276384	      1.24919141	     -0.16834198	      0.77860273	     -0.48275813
      1.56500000	   -272.23388286	  -2756.60745844	    683.41122371	     -1.48740507	      0.05780551	      1.19707533	     -0.16742564	      0.78172764	     -0.48290172
      1.57000000	   -294.36968722	  -2668.45681876	    666.28255013	     -1.58564038	      0.09473015	      1.17905667	     -0.16634916	      0.78525508	     -0.48304946
      1.57500000	   -311.12116966	  -2559.65805622	    642.70904544	     -1.68135724	      0.14884919	      1.14493646	     -0.16512707	      0.78916383	     -0.48320126
      1.58000000	   -327.09172522	  -2452.55784950	    621.42232850	     -1.81222326	      0.22061818	      1.11248755	     -0.16377642	      0.79343027	     -0.48335693
      1.58500000	   -347.71926286	  -2367.45357688	    609.03853979	     -1.99627066	      0.30245648	      1.09931884	     -0.16231644	      0.79802875	     -0.48351612
      1.59000000	   -345.24533021	  -2232.24188128	    576.08181885	     -2.08432655	      0.39526026	      1.02678955	     -0.16076824	      0.80293181	     -0.48367827
      1.59500000	   -343.70481006	  -2084.10789145	    539.64301126	     -2.09865599	      0.44548362	      0.95891157	     -0.15915436	      0.80811052	     -0.48384258
      1.60000000	   -329.75086665	  -1899.02984612	    491.99633358	     -2.03603481	      0.48412559	      0.86179706	     -0.15749835	      0.81353487	     -0.48400803
      1.60500000	   -320.32079254	  -1717.73533116	    445.64468124	     -1.89513713	      0.48090351	      0.77824202	     -0.15582425	      0.81917410	     -0.48417338
      1.61000000	   -308.33409504	  -1536.41801349	    399.38643954	     -1.71357412	      0.45760363	      0.69769495	     -0.15415599	      0.82499703	     -0.48433720
      1.61500000	   -294.01531583	  -1356.05414408	    352.97513993	     -1.48700182	      0.41473410	      0.61970694	     -0.15251691	      0.83097245	     -0.48449789
      1.62000000	   -267.37053804	  -1176.05454255	    306.44686321	     -1.27394049	      0.38652968	      0.52778171	     -0.15092919	      0.83706943	     -0.48465377
      1.62500000	   -245.78938967	  -1007.17828879	    263.34111506	     -1.03185160	      0.32637977	      0.45681563	     -0.14941331	      0.84325761	     -0.48480308
      1.63000000	   -225.11688149	   -850.39853856	    223.33723317	     -0.79117028	      0.25256545	      0.39876617	     -0.14798764	      0.84950752	     -0.48494416
      1.63500000	   -201.41827408	   -706.86444088	    186.82888835	     -0.58109554	      0.19020719	      0.34428824	     -0.14666797	      0.85579080	     -0.48507539
      1.64000000	   -190.76608984	   -589.78808315	    158.66136400	     -0.38978596	      0.13092586	      0.32206676	     -0.14546720	      0.86208035	     -0.48519531
      1.64500000	   -183.95529948	   -494.74447971	    138.30661909	     -0.21053884	      0.14034814	      0.30386545	     -0.14439517	      0.86835066	     -0.48530276
      1.65000000	   -168.72866204	   -434.51709541	    128.99372889	     -0.12621661	      0.12737793	      0.27854061	     -0.14345844	      0.87457778	     -0.48539680
      1.65500000	   -161.35366889	   -408.65515908	    132.48873818	     -0.06694995	      0.08693875	      0.26447774	     -0.14266024	      0.88073952	     -0.48547677
      1.66000000	   -168.83357022	   -376.15241332	    136.23090160	     -0.05702939	      0.03540583	      0.28531770	     -0.14200056	      0.88681544	     -0.48554235
      1.66500000	   -188.53334453	   -390.05091204	    138.94689318	     -0.08751243	      0.00611514	      0.33451593	     -0.14147623	      0.89278686	     -0.48559349
      1.67000000	   -218.93591889	   -446.53981358	    155.54482995	     -0.10517882	     -0.00582087	      0.39438068	     -0.14108114	      0.89863701	     -0.48563046
      1.67500000	   -238.04737314	   -465.36858047	    154.56601603	     -0.15396278	     -0.06554485	      0.46079309	     -0.14080651	      0.90435079	     -0.48565376
      1.68000000	   -248.61360233	   -473.46041497	    155.87627722	     -0.18241236	     -0.06679079	      0.50709362	     -0.14064122	      0.90991485	     -0.48566412
      1.68500000	   -252.69631028	   -467.19596464	    156.51794997	     -0.18956416	     -0.05966271	      0.54036184	     -0.14057220	      0.91531763	     -0.48566250
      1.69000000	   -248.75698918	   -440.55769409	    154.71353532	     -0.18954644	     -0.05276119	      0.56207533	     -0.14058484	      0.92054888	     -0.48564995
      1.69500000	   -238.55167975	   -420.15765228	    148.49062132	     -0.20705342	     -0.04178250	      0.57208297	     -0.14066344	      0.92559995	     -0.48562768
      1.70000000	   -228.99445704	   -410.92196844	    150.00254086	     -0.18582539	     -0.07380317	      0.56826014	     -0.14079170	      0.93046328	     -0.48559697
      1.70500000	   -217.22228449	   -397.13794453	    141.05099415	     -0.20560962	     -0.04395484	      0.56281707	     -0.14095318	      0.93513286	     -0.48555919
      1.71000000	   -201.41415334	   -386.86656185	    133.47295092	     -0.18265845	     -0.02192131	      0.52681772	     -0.14113175	      0.93960334	     -0.48551571
      1.71500000	   -188.44324290	   -370.31171178	    125.99183914	     -0.17394761	      0.02647912	      0.49820837	     -0.14131212	      0.94387054	     -0.48546797
      1.72000000	   -183.49089630	   -363.53211224	    123.69500243	     -0.12921010	      0.13348127	      0.46844961	     -0.14148018	      0.94793094	     -0.48541737
      1.72500000	   -167.85795744	   -357.51443933	    117.32433002	     -0.10807589	      0.16300656	      0.41955684	     -0.14162344	      0.95178172	     -0.48536528
      1.73000000	   -160.69468933	   -362.93715494	    114.21380771	     -0.09083585	      0.18774762	      0.38603453	     -0.14173136	      0.95542059	     -0.48531305
      1.73500000	   -159.99602817	   -367.88665696	    111.28856792	     -0.10272098	      0.19973663	      0.37469853	     -0.14179556	      0.95884575	     -0.48526196
      1.74000000	   -167.73989524	   -401.20963041	    115.74461087	     -0.10893160	      0.19066569	      0.36895279	     -0.14181009	      0.96205576	     -0.48521316
      1.74500000	   -177.62870673	   -427.57313131	    119.32664532	     -0.11177460	      0.19545666	      0.36825811	     -0.14177145	      0.96504952	     -0.48516771
      1.75000000	   -183.69284325	   -441.28752795	    120.47734207	     -0.11487691	      0.19918465	      0.36212170	     -0.14167867	      0.96782608	     -0.48512653
      1.75500000	   -182.81540057	   -435.79731411	    114.83851878	     -0.13746110	      0.16125680	      0.35519644	     -0.14153316	      0.97038474	     -0.48509037
      1.76000000	   -180.29933787	   -430.46394458	    116.84878941	     -0.08250339	      0.25978807	      0.31407462	     -0.14133861	      0.97272481	     -0.48505979
      1.76500000	   -172.03479880	   -408.21607889	    108.80780586	     -0.08467182	      0.24986978	      0.29162404	     -0.14110071	      0.97484586	     -0.48503526
      1.77000000	   -165.22405414	   -390.21477405	    105.66260007	     -0.06015032	      0.29223071	      0.26041840	     -0.14082686	      0.97674722	     -0.48501697
      1.77500000	   -159.98276245	   -384.07148104	    106.42473006	     -0.03683791	      0.32423719	      0.22940121	     -0.14052578	      0.97842860	     -0.48500510
      1.78000000	   -153.99307879	   -364.85091951	    100.17913221	     -0.03876112	      0.31751526	      0.21586603	     -0.14020717	      0.97988930	     -0.48499959
      1.78500000	   -149.37301909	   -340.51038838	     96.46513890	     -0.04006964	      0.33057277	      0.20367344	     -0.13988123	      0.98112883	     -0.48500031
      1.79000000	   -148.10573256	   -324.33022695	     95.62230771	     -0.02915908	      0.37469056	      0.19222979	     -0.13955830	      0.98214645	     -0.48500705
      1.79500000	   -147.05230404	   -321.31045597	     97.42784620	     -0.02053837	      0.40279216	      0.17887250	     -0.13924846	      0.98294156	     -0.48501955
      1.80000000	   -145.22828512	   -306.75708392	     93.00496552	     -0.03913355	      0.37737595	      0.18306693	     -0.13896113	      0.98351346	     -0.48503756
      1.80500000	   -147.03066036	   -292.17802120	     92.91882425	     -0.03999808	      0.41795370	      0.18404651	     -0.13870476	      0.98386131	     -0.48506073
      1.81000000	   -149.67792178	   -300.22831591	     94.88192594	     -0.04816133	      0.41665098	      0.18705970	     -0.13848657	      0.98398440	     -0.48508878
      1.81500000	   -152.85289451	   -299.85830847	     95.74529831	     -0.06133569	      0.42192650	      0.19537037	     -0.13831233	      0.98388217	     -0.48512148
      1.82000000	   -155.95957863	   -305.50512246	     96.38848884	     -0.08386084	      0.40024237	      0.20762663	     -0.13818623	      0.98355371	     -0.48515848
      1.82500000	   -158.53685395	   -322.37262278	    100.05234371	     -0.10212850	      0.38975036	      0.21275107	     -0.13811076	      0.98299866	     -0.48519955
      1.83000000	   -162.27523893	   -338.74798669	    101.87032472	     -0.14223422	      0.32951027	      0.23100281	     -0.13808673	      0.98221644	     -0.48524438
      1.83500000	   -166.06190434	   -360.78136450	    105.61015247	     -0.15385952	      0.32673195	      0.23967090	     -0.13811331	      0.98120684	     -0.48529267
      1.84000000	   -169.02020252	   -388.49961847	    110.39548039	     -0.17644515	      0.30357092	      0.24854237	     -0.13818815	      0.97996975	     -0.48534409
      1.84500000	   -174.18721005	   -405.14227733	    112.94673748	     -0.18035301	      0.31766847	      0.26230071	     -0.13830751	      0.97850524	     -0.48539826
      1.85000000	   -175.58731330	   -437.12753214	    117.44329871	     -0.21060316	      0.26380902	      0.27190635	     -0.13846647	      0.97681351	     -0.48545470
      1.85500000	   -177.21250613	   -465.85718457	    122.39459179	     -0.24210229	      0.21571948	      0.28266779	     -0.13865921	      0.97489512	     -0.48551296
      1.86000000	   -178.59414353	   -496.32096346	    126.44974240	     -0.24695486	      0.20764853	      0.28852091	     -0.13887923	      0.97275075	     -0.48557246
      1.86500000	   -182.81921733	   -536.09670765	    134.00966109	     -0.26147635	      0.19883907	      0.30013638	     -0.13911964	      0.97038133	     -0.48563261
      1.87000000	   -189.32685559	   -575.20039182	    142.76569152	     -0.27973098	      0.19565587	      0.31689811	     -0.13937344	      0.96778810	     -0.48569280
      1.87500000	   -196.86235468	   -620.94582166	    153.09333677	     -0.29929612	      0.18819274	      0.33677824	     -0.13963387	      0.96497228	     -0.48575230
      1.88000000	   -206.18557867	   -662.51368459	    162.19153654	     -0.31448527	      0.18056742	      0.36413064	     -0.13989456	      0.96193575	     -0.48581048
      1.88500000	   -219.76443976	   -710.08881967	    175.41524567	     -0.34183352	      0.18054363	      0.40224413	     -0.14014991	      0.95868035	     -0.48586662
      1.89000000	   -230.40646927	   -758.12022130	    186.73461862	     -0.35851000	      0.16386244	      0.43701649	     -0.14039520	      0.95520853	     -0.48592014
      1.89500000	   -246.96320403	   -804.36458422	    200.66329033	     -0.38644463	      0.15712262	      0.48972995	     -0.14062689	      0.95152291	     -0.48597033
      1.90000000	   -253.97078356	   -844.50017643	    210.71687397	     -0.39378113	      0.13565176	      0.52328423	     -0.14084271	      0.94762655	     -0.48601659
      1.90500000	   -279.42121323	   -794.02155536	    219.94986881	     -0.44087248	      0.11215987	      0.65684675	     -0.14104178	      0.94352295	     -0.48605840
      1.91000000	   -304.69898912	   -662.20860610	    228.04386314	     -0.46297681	      0.04357918	      0.84614680	     -0.14122472	      0.93921631	     -0.48609510
      1.91500000	   -398.09345116	   -795.83938141	    270.50799125	     -0.48427538	     -0.01559731	      1.16502203	     -0.14139365	      0.93471115	     -0.48612647
      1.92000000	   -490.77956222	  -1089.07929454	    343.43248596	     -0.38010467	     -0.19420168	      1.40837626	     -0.14155220	      0.93001281	     -0.48615183
      1.92500000	   -523.31441914	  -1180.54971407	    379.37049844	     -0.33813397	     -0.26577112	      1.52814378	     -0.14170541	      0.92512735	     -0.48617083
      1.93000000	   -352.97482772	   -742.63975475	    264.80573403	     -0.31073262	     -0.13879725	      1.12127726	     -0.14185965	      0.92006166	     -0.48618310
      1.93500000	   -224.09519200	   -683.44673774	    204.14948474	     -0.36578778	      0.02576433	      0.74253016	     -0.14202240	      0.91482380	     -0.48618832
      1.94000000	   -177.00102760	  -1031.27133215	    254.80133165	     -0.42508090	      0.12800897	      0.46233326	     -0.14220210	      0.90942279	     -0.48618621
      1.94500000	   -124.22284591	  -1416.39702092	    300.22116780	     -0.40746314	      0.29174537	      0.04676538	     -0.14240777	      0.90386900	     -0.48617658
      1.95000000	    -84.85164299	  -1593.35818876	    278.44752391	     -0.19394211	      0.68023394	     -0.23237045	     -0.14264875	      0.89817422	     -0.48615929
      1.95500000	    -47.92640166	  -1404.85627476	    236.82529923	     -0.02809942	      0.77225884	     -0.27387759	     -0.14293427	      0.89235181	     -0.48613436
      1.96000000	     -4.78378511	   -825.32676892	    152.62546838	      0.00115487	      0.38792791	     -0.13710914	     -0.14327310	      0.88641686	     -0.48610192
      1.96500000	    -32.50762409	   -461.66847368	    127.25885832	     -0.15673643	     -0.02585749	      0.29037591	     -0.14367305	      0.88038630	     -0.48606228
      1.97000000	    -83.56276022	  -1109.25222475	    230.33354659	     -0.28899179	     -0.02882473	      0.71843300	     -0.14414068	      0.87427894	     -0.48601593
      1.97500000	    -68.40339045	  -1509.01429476	    278.09839077	     -0.34330065	      0.02194341	      0.84115494	     -0.14468086	      0.86811554	     -0.48596356
      1.98000000	    -26.42077888	  -1570.22077745	    276.93935887	     -0.32317399	      0.04982579	      0.70117708	     -0.14529650	      0.86191862	     -0.48590606
      1.98500000	      3.53169862	  -1510.95532330	    281.76077904	     -0.32716560	      0.06193833	      0.46123645	     -0.14598838	      0.85571264	     -0.48584449
      1.99000000	     28.24123263	  -1511.39126281	    296.04643054	     -0.31865282	      0.13010235	      0.20211475	     -0.14675494	      0.84952353	     -0.48578007
      1.99500000	     26.58192575	  -1690.00834644	    339.37216878	     -0.37341426	      0.19427245	      0.19878403	     -0.14759228	      0.84337866	     -0.48571414
      2.00000000	     42.84383131	  -1986.95922826	    384.97643234	     -0.43062985	      0.26107213	      0.28568487	     -0.14849418	      0.83730651	     -0.48564808
      2.00500000	     61.37031653	  -2194.60520165	    410.72679503	     -0.45350552	      0.33102371	      0.36640129	     -0.14945223	      0.83133627	     -0.48558329
      2.01000000	     79.53144563	  -2295.03712432	    417.39225626	     -0.45118329	      0.37876033	      0.42151961	     -0.15045601	      0.82549783	     -0.48552111
      2.01500000	     86.23384329	  -2248.75623578	    403.60291563	     -0.41347646	      0.43850920	      0.42237299	     -0.15149334	      0.81982112	     -0.48546274
      2.02000000	     90.33443302	  -2180.08547699	    387.19668473	     -0.34468393	      0.58463826	      0.42517330	     -0.15255055	      0.81433597	     -0.48540922
      2.02500000	    103.00655475	  -2152.96963552	    382.03833645	     -0.28808869	      0.67903107	      0.43969778	     -0.15361279	      0.80907198	     -0.48536133
      2.03000000	    132.72070529	  -2245.52507011	    400.42556908	     -0.25726695	      0.75526807	      0.50716390	     -0.15466442	      0.80405794	     -0.48531955
      2.03500000	    175.65385097	  -2442.35272889	    439.47688918	     -0.26955044	      0.79796622	      0.61580847	     -0.15568925	      0.79932190	     -0.48528409
      2.04000000	    220.04353274	  -2636.18294768	    478.76513264	     -0.29075980	      0.80376260	      0.72482539	     -0.15667097	      0.79489078	     -0.48525478
      2.04500000	    252.21530437	  -2797.80454022	    514.63137576	     -0.33928257	      0.77045646	      0.80410363	     -0.15759343	      0.79079029	     -0.48523114
      2.05000000	    269.63011554	  -2913.39622087	    543.16606546	     -0.40015170	      0.72258384	      0.85059443	     -0.15844097	      0.78704468	     -0.48521240
      2.05500000	    272.04840873	  -3007.27285001	    571.50838866	     -0.48507632	      0.66758916	      0.86819295	     -0.15919869	      0.78367663	     -0.48519748
      2.06000000	    265.21741224	  -3095.11087691	    600.90926540	     -0.58006386	      0.62795528	      0.87476649	     -0.15985277	      0.78070681	     -0.48518505
      2.06500000	    257.40173925	  -3190.06659783	    636.99979538	     -0.69589631	      0.55526312	      0.87004443	     -0.16039064	      0.77815429	     -0.48517369
      2.07000000	    251.07053322	  -3300.34819423	    683.73405758	     -0.80919258	      0.51874177	      0.87149914	     -0.16080132	      0.77603557	     -0.48516176
      2.07500000	    236.44583926	  -3389.13265712	    724.49241962	     -0.91460896	      0.54459992	      0.88061546	     -0.16107552	      0.77436508	     -0.48514768
      2.08000000	    211.95679604	  -3420.70997091	    751.53221422	     -1.02695904	      0.54130748	      0.88911230	     -0.16120584	      0.77315458	     -0.48512984
      2.08500000	    177.15849323	  -3416.02007312	    768.36064047	     -1.13573483	      0.49195873	      0.91950718	     -0.16118694	      0.77241316	     -0.48510676
      2.09000000	    136.77857946	  -3375.08332161	    776.02387742	     -1.23216609	      0.43699363	      0.94339579	     -0.16101561	      0.77214701	     -0.48507707
      2.09500000	     95.61882557	  -3278.88589316	    763.12574126	     -1.26952458	      0.36223508	      0.94759378	     -0.16069086	      0.77235925	     -0.48503961
      2.10000000	     56.48114251	  -3138.88663064	    733.24949781	     -1.25169617	      0.28976713	      0.92793407	     -0.16021393	      0.77304993	     -0.48499346
      2.10500000	     40.76867933	  -2973.54187743	    682.29660263	     -1.16376724	      0.22920254	      0.86238510	     -0.15958827	      0.77421586	     -0.48493795
      2.11000000	     29.51635982	  -2837.52298305	    636.40529099	     -1.05517627	      0.16400818	      0.81633277	     -0.15881949	      0.77585060	     -0.48487263
      2.11500000	      9.51249700	  -2740.21885216	    605.90370146	     -0.97715530	      0.10637044	      0.80284251	     -0.15791530	      0.77794453	     -0.48479739
      2.12000000	    -24.64375784	  -2703.96700856	    600.26828546	     -0.96849432	      0.05776892	      0.83974563	     -0.15688531	      0.78048481	     -0.48471227
      2.12500000	    -82.87262010	  -2717.38681406	    622.90991248	     -1.07321016	      0.01533567	      0.93472758	     -0.15574097	      0.78345552	     -0.48461757
      2.13000000	   -126.85551925	  -2696.43841204	    629.22239571	     -1.17246205	      0.02005770	      0.97895005	     -0.15449537	      0.78683784	     -0.48451378
      2.13500000	   -157.56333676	  -2655.86830945	    627.32347604	     -1.31644187	      0.08140263	      0.98430825	     -0.15316297	      0.79061013	     -0.48440143
      2.14000000	   -204.51312248	  -2625.56463176	    634.99462715	     -1.49047796	      0.11666231	      1.02709240	     -0.15175950	      0.79474833	     -0.48428125
      2.14500000	   -254.56018398	  -2584.74408035	    640.68745056	     -1.66518842	      0.14671358	      1.07196595	     -0.15030165	      0.79922603	     -0.48415393
      2.15000000	   -302.13556342	  -2524.75182978	    641.84544415	     -1.83974255	      0.17275903	      1.10928689	     -0.14880682	      0.80401486	     -0.48402015
      2.15500000	   -338.36115115	  -2420.36635157	    624.66817920	     -1.90152854	      0.18751540	      1.11142600	     -0.14729284	      0.80908482	     -0.48388056
      2.16000000	   -353.65643717	  -2265.93711206	    589.14607484	     -1.87994677	      0.21070873	      1.06410277	     -0.14577769	      0.81440460	     -0.48373568
      2.16500000	   -354.40313325	  -2056.37632956	    536.07722808	     -1.75707274	      0.22246858	      0.98013631	     -0.14427917	      0.81994198	     -0.48358595
      2.17000000	   -336.35350095	  -1828.54359853	    476.99259868	     -1.61632502	      0.25114844	      0.86557029	     -0.14281458	      0.82566417	     -0.48343169
      2.17500000	   -311.16738228	  -1592.98812061	    414.43498262	     -1.41644138	      0.26140903	      0.74545433	     -0.14140039	      0.83153821	     -0.48327306
      2.18000000	   -271.24880778	  -1338.62305652	    344.95328857	     -1.16763571	      0.26193189	      0.60574947	     -0.14005192	      0.83753130	     -0.48311015
      2.18500000	   -220.94080623	  -1082.34264183	    274.57497969	     -0.90482055	      0.25266084	      0.46022582	     -0.13878301	      0.84361123	     -0.48294293
      2.19000000	   -166.02936807	   -842.24984020	    208.52596461	     -0.64981381	      0.23832339	      0.31925493	     -0.13760573	      0.84974662	     -0.48277130
      2.19500000	   -117.75760855	   -633.16858362	    152.94518471	     -0.40053846	      0.26156446	      0.19831459	     -0.13653015	      0.85590730	     -0.48259516
      2.20000000	    -75.14677579	   -458.93262603	    109.91315188	     -0.17724284	      0.35297495	      0.09041050	     -0.13556409	      0.86206457	     -0.48241441
      2.20500000	    -46.03099302	   -348.79596041	     90.78434418	      0.00812464	      0.51545287	     -0.01437467	     -0.13471295	      0.86819134	     -0.48222898
      2.21000000	    -31.26659485	   -337.80085396	     97.77444167	      0.07955677	      0.49613632	     -0.05499809	     -0.13397971	      0.87426255	     -0.48203897
      2.21500000	    -32.33372478	   -369.99954413	    108.28211835	      0.10168905	      0.42443627	     -0.03154708	     -0.13336477	      0.88025504	     -0.48184454
      2.22000000	    -61.66273950	   -425.92708600	    116.71686417	      0.05978029	      0.30698519	      0.05157847	     -0.13286604	      0.88614774	     -0.48164602
      2.22500000	   -114.38618392	   -493.29782648	    128.63797491	     -0.01560698	      0.07773743	      0.18472727	     -0.13247909	      0.89192181	     -0.48144393
      2.23000000	   -160.10819855	   -548.29121127	    137.66767684	     -0.10325639	     -0.03448684	      0.29537171	     -0.13219725	      0.89756054	     -0.48123901
      2.23500000	   -192.78133218	   -596.95593178	    149.72276510	     -0.16314994	     -0.05524464	      0.37117980	     -0.13201184	      0.90304930	     -0.48103210
      2.24000000	   -220.46516770	   -624.30947158	    163.93310495	     -0.21903897	     -0.04267010	      0.43938098	     -0.13191247	      0.90837551	     -0.48082426
      2.24500000	   -239.02567617	   -643.75279641	    174.18209258	     -0.27905684	     -0.02132996	      0.49410173	     -0.13188733	      0.91352855	     -0.48061668
      2.25000000	   -244.15695593	   -614.82339755	    177.52207659	     -0.29724208	     -0.02000571	      0.53121983	     -0.13192355	      0.91849955	     -0.48041065
      2.25500000	   -242.53499320	   -523.43234454	    172.50515438	     -0.30125291	     -0.02655199	      0.57281619	     -0.13200759	      0.92328136	     -0.48020756
      2.26000000	   -239.13992912	   -512.25658979	    173.02707830	     -0.30416674	     -0.02386507	      0.58320287	     -0.13212563	      0.92786815	     -0.48000880
      2.26500000	   -228.62085527	   -511.01302360	    174.56456875	     -0.31123594	     -0.02331772	      0.57627766	     -0.13226399	      0.93225550	     -0.47981574
      2.27000000	   -222.39498011	   -505.96722906	    171.01207972	     -0.31405298	     -0.01200705	      0.56835153	     -0.13240950	      0.93644010	     -0.47962972
      2.27500000	   -216.35324486	   -453.96650007	    154.10771024	     -0.26122490	     -0.00695687	      0.55854197	     -0.13254994	      0.94041955	     -0.47945193
      2.28000000	   -204.44684640	   -458.45911824	    150.57304485	     -0.26582444	      0.00176479	      0.52842364	     -0.13267436	      0.94419216	     -0.47928339
      2.28500000	   -196.10191211	   -440.19645553	    142.19070852	     -0.24628121	      0.02009390	      0.50179631	     -0.13277342	      0.94775684	     -0.47912492
      2.29000000	   -185.50571552	   -431.15953128	    132.80911796	     -0.21429119	      0.02697022	      0.46422083	     -0.13283965	      0.95111293	     -0.47897712
      2.29500000	   -173.58628016	   -434.53582655	    125.47439140	     -0.21376453	      0.00755759	      0.42758539	     -0.13286762	      0.95426003	     -0.47884028
      2.30000000	   -180.98460178	   -445.24528982	    126.81041980	     -0.18769410	      0.06519594	      0.41440042	     -0.13285408	      0.95719805	     -0.47871445
      2.30500000	   -182.55870402	   -446.31007800	    121.71120587	     -0.17686825	      0.08525858	      0.39887062	     -0.13279795	      0.95992678	     -0.47859943
      2.31000000	   -181.39298896	   -462.64995677	    120.56441361	     -0.17435923	      0.08612437	      0.37367553	     -0.13270031	      0.96244596	     -0.47849464
      2.31500000	   -183.08190178	   -463.11453253	    120.73190364	     -0.13229441	      0.18007804	      0.34302173	     -0.13256422	      0.96475547	     -0.47839943
      2.32000000	   -175.35886214	   -451.97369768	    116.83020874	     -0.10300066	      0.24242678	      0.30025210	     -0.13239453	      0.96685485	     -0.47831288
      2.32500000	   -166.27525277	   -434.35824987	    111.57514444	     -0.08255478	      0.29289440	      0.26041920	     -0.13219756	      0.96874347	     -0.47823393
      2.33000000	   -155.74985401	   -404.00906535	    106.57212984	     -0.03771557	      0.40388843	      0.21211673	     -0.13198084	      0.97042050	     -0.47816148
      2.33500000	   -146.19879280	   -395.09911576	    105.33252442	      0.00641725	      0.49430340	      0.16334053	     -0.13175267	      0.97188483	     -0.47809436
      2.34000000	   -141.61655224	   -369.04170422	     99.35002092	     -0.01288277	      0.49935371	      0.15238816	     -0.13152179	      0.97313516	     -0.47803146
      2.34500000	   -135.06945781	   -353.84603697	     98.57188201	      0.02829472	      0.60694202	      0.11495900	     -0.13129699	      0.97416993	     -0.47797175
      2.35000000	   -131.16589998	   -340.34528836	     97.18792301	      0.03928696	      0.66144348	      0.09493866	     -0.13108675	      0.97498745	     -0.47791434
      2.35500000	   -129.05802503	   -327.97425782	     96.25748622	      0.04156399	      0.70373711	      0.08281051	     -0.13089889	      0.97558583	     -0.47785848
      2.36000000	   -129.24109047	   -311.61017226	     95.20363319	      0.03188794	      0.73727289	      0.08194931	     -0.13074033	      0.97596313	     -0.47780361
      2.36500000	   -128.32482105	   -304.72623857	     94.93907695	      0.03169233	      0.76449221	      0.07777733	     -0.13061681	      0.97611737	     -0.47774936
      2.37000000	   -130.15998865	   -302.41559137	     96.07055837	     -0.00198901	      0.74085904	      0.08748539	     -0.13053274	      0.97604652	     -0.47769546
      2.37500000	   -132.89078801	   -296.22672376	     97.35917483	     -0.00536433	      0.77188029	      0.09464327	     -0.13049112	      0.97574872	     -0.47764187
      2.38000000	   -135.47761440	   -310.17051713	    100.44961686	     -0.05462374	      0.69651179	      0.11216903	     -0.13049345	      0.97522223	     -0.47758860
      2.38500000	   -139.05196190	   -324.93983045	    104.51101602	     -0.10421634	      0.62816117	      0.13189134	     -0.13053981	      0.97446549	     -0.47753575
      2.39000000	   -144.35033283	   -334.68014245	    108.22250772	     -0.12588032	      0.60855151	      0.15195623	     -0.13062888	      0.97347720	     -0.47748341
      2.39500000	   -149.05240891	   -358.83953384	    113.14537480	     -0.16257043	      0.53647766	      0.17499144	     -0.13075815	      0.97225629	     -0.47743167
      2.40000000	   -156.10466522	   -384.50198314	    119.70859900	     -0.20250290	      0.47411297	      0.20325654	     -0.13092405	      0.97080199	     -0.47738052
      2.40500000	   -164.75363078	   -412.32486328	    127.57560105	     -0.24214942	      0.42240457	      0.23466784	     -0.13112220	      0.96911395	     -0.47732987
      2.41000000	   -173.80075725	   -453.32805166	    137.41840872	     -0.27516016	      0.37008740	      0.26497284	     -0.13134762	      0.96719206	     -0.47727950
      2.41500000	   -188.26018886	   -502.60141738	    151.41802320	     -0.31861950	      0.33241827	      0.30588435	     -0.13159501	      0.96503662	     -0.47722904
      2.42000000	   -198.15422824	   -532.45164185	    159.95317283	     -0.32827370	      0.32315573	      0.33683250	     -0.13185901	      0.96264828	     -0.47717799
      2.42500000	   -212.12074223	   -585.86838889	    174.83248506	     -0.36146950	      0.29954413	      0.37632688	     -0.13213445	      0.96002808	     -0.47712573
      2.43000000	   -226.28100148	   -630.29182674	    187.57286020	     -0.38211268	      0.28107819	      0.41830340	     -0.13241657	      0.95717745	     -0.47707153
      2.43500000	   -240.17537086	   -680.96464193	    201.79334490	     -0.40311044	      0.26108645	      0.45971267	     -0.13270128	      0.95409825	     -0.47701455
      2.44000000	   -257.15755682	   -726.71537322	    216.47555455	     -0.42630427	      0.24743661	      0.51121535	     -0.13298533	      0.95079279	     -0.47695392
      2.44500000	   -274.92731000	   -774.76117005	    231.46022961	     -0.44533853	      0.22848458	      0.56738797	     -0.13326643	      0.94726378	     -0.47688871
      2.45000000	   -289.29023220	   -826.93465747	    247.44317698	     -0.46248182	      0.21223055	      0.61683387	     -0.13354337	      0.94351475	     -0.47681806
      2.45500000	   -302.91169238	   -856.24813969	    258.60435385	     -0.46883647	      0.19598215	      0.67251491	     -0.13381613	      0.93954956	     -0.47674106
      2.46000000	   -313.94454996	   -911.02318945	    275.88819393	     -0.48898237	      0.18090414	      0.72654301	     -0.13408583	      0.93537287	     -0.47665690
      2.46500000	   -350.38492760	   -854.09373036	    303.70864577	     -0.53661276	      0.13194645	      0.92595578	     -0.13435472	      0.93099009	     -0.47656477
      2.47000000	   -450.39135103	   -986.65785374	    374.68356738	     -0.61894008	      0.06790091	      1.28968523	     -0.13462615	      0.92640742	     -0.47646402
      2.47500000	   -594.58755273	  -1348.16997081	    459.21702724	     -0.64128674	     -0.04198226	      1.75419759	     -0.13490440	      0.92163213	     -0.47635403
      2.48000000	   -535.44261915	  -1176.75370633	    425.83613091	     -0.42414505	     -0.16398170	      1.60699090	     -0.13519460	      0.91667259	     -0.47623433
      2.48500000	   -401.61172072	   -853.49431656	    338.24352188	     -0.35785481	     -0.14714906	      1.30706082	     -0.13550256	      0.91153821	     -0.47610448
      2.49000000	   -261.75055684	   -729.12860102	    261.48447181	     -0.39847253	     -0.01852699	      0.92975430	     -0.13583454	      0.90623993	     -0.47596420
      2.49500000	   -216.68375910	  -1004.80208202	    295.13918307	     -0.45467628	      0.07700052	      0.69053695	     -0.13619712	      0.90078997	     -0.47581329
      2.50000000	   -143.14550771	  -1326.59706684	    329.86347613	     -0.45380190	      0.20413131	      0.27741403	     -0.13659691	      0.89520218	     -0.47565171
      2.50500000	    -89.70944653	  -1464.35838553	    326.07956601	     -0.34019673	      0.37202499	     -0.07997862	     -0.13704031	      0.88949209	     -0.47547952
      2.51000000	    -41.77999936	  -1125.31146886	    248.04637891	     -0.20764010	      0.24161007	     -0.06807719	     -0.13753325	      0.88367712	     -0.47529698
      2.51500000	    -21.96641629	   -587.14033592	    175.03621337	     -0.19846893	     -0.00724525	      0.21412825	     -0.13808093	      0.87777638	     -0.47510447
      2.52000000	   -101.87708749	   -847.63207390	    243.78644632	     -0.32816910	     -0.05111727	      0.70191515	     -0.13868749	      0.87181103	     -0.47490266
      2.52500000	   -146.86316990	  -1332.57803987	    330.46933273	     -0.44808165	     -0.04353404	      1.05240074	     -0.13935582	      0.86580401	     -0.47469237
      2.53000000	   -127.27311565	  -1683.42594727	    367.49568713	     -0.45879850	      0.04756312	      1.11099012	     -0.14008733	      0.85978009	     -0.47447464
      2.53500000	    -55.28259039	  -1751.89299851	    347.51653027	     -0.37378043	      0.20502424	      0.79041834	     -0.14088177	      0.85376569	     -0.47425075
      2.54000000	    -11.08632665	  -1515.45668230	    322.22092592	     -0.35311489	      0.16963125	      0.41268268	     -0.14173709	      0.84778858	     -0.47402216
      2.54500000	     10.39968727	  -1521.54095802	    324.10301064	     -0.32842970	      0.27559646	      0.20251265	     -0.14264945	      0.84187783	     -0.47379049
      2.55000000	     -1.47795277	  -1521.11195005	    341.31960330	     -0.35595568	      0.33358848	      0.11639914	     -0.14361315	      0.83606317	     -0.47355746
      2.55500000	     -3.02321166	  -1569.26568728	    343.41363460	     -0.34903642	      0.39380076	      0.12134910	     -0.14462067	      0.83037529	     -0.47332480
      2.56000000	      7.93728816	  -1698.18737480	    343.09300597	     -0.30290625	      0.58011754	      0.21604633	     -0.14566283	      0.82484482	     -0.47309422
      2.56500000	     14.51846937	  -1801.58384031	    358.43069137	     -0.23256515	      0.89704606	      0.29321456	     -0.14672889	      0.81950238	     -0.47286733
      2.57000000	     32.73750166	  -1858.96760073	    373.13375810	     -0.14780053	      1.07703829	      0.36355251	     -0.14780678	      0.81437809	     -0.47264556
      2.57500000	     60.15902379	  -1939.89879441	    396.29262757	     -0.07831822	      1.19280094	      0.44455469	     -0.14888330	      0.80950144	     -0.47243005
      2.58000000	     98.85145930	  -2181.21173919	    450.60536619	     -0.08951150	      1.28701013	      0.56868962	     -0.14994437	      0.80490092	     -0.47222162
      2.58500000	    147.65438563	  -2511.60476086	    521.36289628	     -0.14381828	      1.35765056	      0.72577689	     -0.15097531	      0.80060386	     -0.47202075
      2.59000000	    195.37685450	  -2813.12670534	    586.37690622	     -0.20932185	      1.36405458	      0.86871627	     -0.15196120	      0.79663592	     -0.47182742
      2.59500000	    225.75029861	  -3049.20748806	    637.37937276	     -0.31498597	      1.30129568	      0.95463163	     -0.15288704	      0.79302156	     -0.47164136
      2.60000000	    243.55843001	  -3257.85551371	    687.05572074	     -0.43376035	      1.23268470	      1.01704943	     -0.15373822	      0.78978310	     -0.47146177
      2.60500000	    243.10838034	  -3369.06125204	    718.55155720	     -0.53714303	      1.15168838	      1.02942208	     -0.15450074	      0.78694105	     -0.47128759
      2.61000000	    228.58664224	  -3425.25743805	    739.44200508	     -0.63993437	      1.06668405	      1.01021214	     -0.15516152	      0.78451372	     -0.47111744
      2.61500000	    214.70538921	  -3493.76729142	    763.87336156	     -0.73719683	      0.98102735	      1.01173032	     -0.15570866	      0.78251714	     -0.47094976
      2.62000000	    195.99742069	  -3552.42833624	    786.86558121	     -0.81855392	      0.92214282	      1.02268941	     -0.15613173	      0.78096478	     -0.47078287
      2.62500000	    178.72461261	  -3583.98665889	    814.48628876	     -0.93447989	      0.76460751	      1.01241856	     -0.15642194	      0.77986741	     -0.47061506
      2.63000000	    138.91645666	  -3541.29286477	    829.85543731	     -1.01230649	      0.69620670	      1.01511515	     -0.15657236	      0.77923294	     -0.47044474
      2.63500000	     87.23397471	  -3439.68620983	    834.77472680	     -1.10973033	      0.60269403	      1.00578630	     -0.15657809	      0.77906612	     -0.47027043
      2.64000000	     41.44927876	  -3260.76307585	    810.62042044	     -1.16721563	      0.49713306	      0.96081843	     -0.15643631	      0.77936858	     -0.47009095
      2.64500000	      5.98335888	  -3076.76419446	    776.90895424	     -1.18864889	      0.41750450	      0.91932433	     -0.15614641	      0.78013860	     -0.46990538
      2.65000000	    -20.33401606	  -2874.45382224	    728.48787815	     -1.15495842	      0.32778007	      0.87592861	     -0.15571003	      0.78137102	     -0.46971313
      2.65500000	    -45.97474934	  -2687.85459544	    679.84033558	     -1.07181643	      0.23842681	      0.85408050	     -0.15513104	      0.78305738	     -0.46951393
      2.66000000	    -68.62484453	  -2560.48370974	    642.67918376	     -0.96865138	      0.13248800	      0.86422084	     -0.15441554	      0.78518577	     -0.46930784
      2.66500000	   -103.52446482	  -2473.82188419	    625.51045091	     -0.92907073	      0.05323625	      0.90344930	     -0.15357177	      0.78774114	     -0.46909517
      2.67000000	   -146.83632173	  -2409.96397375	    618.93360674	     -0.93132467	     -0.00532579	      0.95777131	     -0.15261005	      0.79070529	     -0.46887642
      2.67500000	   -194.29903024	  -2366.63974911	    620.76465904	     -0.98937190	     -0.03166578	      1.01737747	     -0.15154261	      0.79405716	     -0.46865218
      2.68000000	   -227.01243823	  -2305.62052666	    615.69543267	     -1.10657685	      0.00875607	      1.03170145	     -0.15038349	      0.79777312	     -0.46842318
      2.68500000	   -241.71946359	  -2224.30413588	    600.30575162	     -1.25240672	      0.10443938	      0.99797077	     -0.14914828	      0.80182728	     -0.46819005
      2.69000000	   -250.66466564	  -2118.28307887	    575.85643574	     -1.36527310	      0.19340237	      0.94785840	     -0.14785392	      0.80619178	     -0.46795330
      2.69500000	   -249.65289395	  -1989.23808938	    543.75577890	     -1.45984564	      0.28752556	      0.87503299	     -0.14651843	      0.81083718	     -0.46771328
      2.70000000	   -259.21947554	  -1869.11343514	    515.00936562	     -1.48963308	      0.32919787	      0.83189226	     -0.14516057	      0.81573287	     -0.46747011
      2.70500000	   -259.12474375	  -1724.94626170	    478.28317297	     -1.47665524	      0.36340547	      0.76768940	     -0.14379953	      0.82084739	     -0.46722363
      2.71000000	   -251.72446576	  -1566.93956341	    435.90137014	     -1.41473361	      0.38390031	      0.69035005	     -0.14245453	      0.82614889	     -0.46697345
      2.71500000	   -239.14957627	  -1397.94797374	    389.87503696	     -1.30124035	      0.38414219	      0.60765684	     -0.14114444	      0.83160544	     -0.46671894
      2.72000000	   -224.68844343	  -1248.52651430	    350.11994111	     -1.20072257	      0.38486831	      0.53208795	     -0.13988736	      0.83718542	     -0.46645923
      2.72500000	   -197.27195604	  -1089.80201884	    306.99385503	     -1.08747595	      0.39028145	      0.43689891	     -0.13870018	      0.84285782	     -0.46619333
      2.73000000	   -180.50969373	   -955.04885937	    270.92491056	     -0.94721937	      0.36129255	      0.37371427	     -0.13759820	      0.84859260	     -0.46592013
      2.73500000	   -165.43798307	   -834.18745835	    239.25439773	     -0.81002185	      0.32206663	      0.32364983	     -0.13659474	      0.85436084	     -0.46563849
      2.74000000	   -145.88168879	   -715.22935777	    207.61059213	     -0.67028629	      0.28497211	      0.27046077	     -0.13570081	      0.86013505	     -0.46534733
      2.74500000	   -132.63215521	   -615.68800103	    181.03846714	     -0.54139179	      0.23054744	      0.24067750	     -0.13492487	      0.86588947	     -0.46504578
      2.75000000	   -125.58449630	   -533.17751083	    160.27097265	     -0.42740755	      0.18533255	      0.22685702	     -0.13427258	      0.87159998	     -0.46473307
      2.75500000	   -110.96917641	   -441.12694295	    136.31661601	     -0.31019744	      0.15674876	      0.20088579	     -0.13374675	      0.87724428	     -0.46440871
      2.76000000	   -120.37093226	   -377.58413036	    127.91457748	     -0.26663361	      0.09840839	      0.23006727	     -0.13334725	      0.88280212	     -0.46407254
      2.76500000	   -139.85012756	   -377.73404267	    129.78737106	     -0.24705361	      0.04995438	      0.28136398	     -0.13307112	      0.88825507	     -0.46372469
      2.77000000	   -172.76228792	   -429.34950622	    142.20608340	     -0.25256190	      0.01244326	      0.35910929	     -0.13291268	      0.89358671	     -0.46336565
      2.77500000	   -198.93541324	   -493.49117579	    158.01499103	     -0.28180642	      0.00262217	      0.42071646	     -0.13286372	      0.89878237	     -0.46299622
      2.78000000	   -215.24319505	   -529.14454112	    166.78192636	     -0.29216114	     -0.00988616	      0.46817797	     -0.13291383	      0.90382930	     -0.46261753
      2.78500000	   -227.50435274	   -544.91666709	    173.00891344	     -0.30186313	     -0.02140185	      0.51415534	     -0.13305071	      0.90871638	     -0.46223097
      2.79000000	   -229.23948285	   -537.16597767	    173.62983975	     -0.30260478	     -0.03229326	      0.54279624	     -0.13326056	      0.91343406	     -0.46183825
      2.79500000	   -225.23246733	   -508.05061883	    170.10083934	     -0.30234556	     -0.03880109	      0.56184940	     -0.13352848	      0.91797443	     -0.46144125
      2.80000000	   -222.43718924	   -479.01808029	    165.82703750	     -0.28843081	     -0.05558043	      0.58188473	     -0.13383895	      0.92233088	     -0.46104207
      2.80500000	   -218.10363723	   -469.54746641	    161.50198856	     -0.25410298	     -0.08026579	      0.58197835	     -0.13417625	      0.92649761	     -0.46064287
      2.81000000	   -211.40181370	   -482.90160204	    158.54840900	     -0.26404748	     -0.07671881	      0.57506657	     -0.13452493	      0.93047024	     -0.46024594
      2.81500000	   -209.09164059	   -483.68154390	    156.18985160	     -0.20011798	     -0.11909051	      0.56277247	     -0.13487022	      0.93424494	     -0.45985358
      2.82000000	   -205.90011400	   -469.69813823	    151.09312061	     -0.17692904	     -0.12312958	      0.55109454	     -0.13519851	      0.93781909	     -0.45946810
      2.82500000	   -200.25982687	   -463.10706261	    146.53544364	     -0.15119048	     -0.12762097	      0.52629364	     -0.13549764	      0.94119032	     -0.45909170
      2.83000000	   -193.55714232	   -464.26047897	    142.76789921	     -0.12333429	     -0.11409741	      0.49095929	     -0.13575727	      0.94435676	     -0.45872646
      2.83500000	   -183.39477263	   -467.75720844	    136.02996710	     -0.12434896	     -0.07084631	      0.45159699	     -0.13596916	      0.94731707	     -0.45837428
      2.84000000	   -181.08620350	   -474.28333947	    132.03806942	     -0.11439048	     -0.02943730	      0.42399279	     -0.13612729	      0.95007012	     -0.45803680
      2.84500000	   -182.41261834	   -488.06278022	    130.70422228	     -0.09894833	      0.02179282	      0.39831938	     -0.13622805	      0.95261480	     -0.45771541
      2.85000000	   -177.77149183	   -495.14806125	    124.69992621	     -0.10934095	      0.06163735	      0.36760310	     -0.13627022	      0.95495018	     -0.45741117
      2.85500000	   -175.54063444	   -492.84166613	    121.41142880	     -0.07330248	      0.16190249	      0.32739297	     -0.13625491	      0.95707537	     -0.45712477
      2.86000000	   -166.68099457	   -473.18731796	    114.02241314	     -0.06928049	      0.25830761	      0.28310225	     -0.13618547	      0.95898956	     -0.45685656
      2.86500000	   -159.51563308	   -471.14387020	    110.15943322	     -0.05326553	      0.31195297	      0.23945628	     -0.13606720	      0.96069171	     -0.45660651
      2.87000000	   -152.67774452	   -457.09541696	    107.15770535	     -0.02562308	      0.38966675	      0.19501158	     -0.13590714	      0.96218071	     -0.45637424
      2.87500000	   -146.65057084	   -455.58851709	    106.97342418	     -0.00481319	      0.44497555	      0.15315080	     -0.13571366	      0.96345528	     -0.45615897
      2.88000000	   -141.41887464	   -443.02168060	    104.15747563	      0.00665628	      0.49986577	      0.12082073	     -0.13549617	      0.96451404	     -0.45595972
      2.88500000	   -136.48040812	   -431.16751109	    100.72469507	      0.01313214	      0.54553079	      0.09418417	     -0.13526464	      0.96535544	     -0.45577520
      2.89000000	   -131.89861990	   -419.16855117	     98.47674016	      0.03255627	      0.61659654	      0.06592446	     -0.13502929	      0.96597780	     -0.45560398
      2.89500000	   -130.56768608	   -407.60415121	     96.04006970	      0.02041803	      0.64093330	      0.05593925	     -0.13480013	      0.96637934	     -0.45544449
      2.90000000	   -128.56030638	   -401.28508198	     95.89770609	      0.03798525	      0.70741129	      0.03511973	     -0.13458664	      0.96655815	     -0.45529515
      2.90500000	   -128.42631718	   -397.62158572	     94.87729287	      0.01900553	      0.70884782	      0.03500607	     -0.13439743	      0.96651221	     -0.45515433
      2.91000000	   -129.87297716	   -393.05501331	     94.96593458	     -0.01481134	      0.69158426	      0.04529002	     -0.13424001	      0.96623963	     -0.45502058
      2.91500000	   -132.84351529	   -397.41360418	     97.16793449	     -0.05046510	      0.66195538	      0.06009245	     -0.13412052	      0.96573850	     -0.45489251
      2.92000000	   -136.45932213	   -405.17270242	    100.00237617	     -0.08528031	      0.62353807	      0.07822811	     -0.13404364	      0.96500702	     -0.45476891
      2.92500000	   -141.54511245	   -416.52832891	    103.51192965	     -0.11799131	      0.57878712	      0.10131299	     -0.13401248	      0.96404357	     -0.45464876
      2.93000000	   -148.56915089	   -431.11811697	    108.40212065	     -0.16812428	      0.50742726	      0.13320269	     -0.13402858	      0.96284678	     -0.45453120
      2.93500000	   -155.44355813	   -450.49428073	    113.34145800	     -0.20451449	      0.43632189	      0.16497990	     -0.13409197	      0.96141550	     -0.45441551
      2.94000000	   -164.29888629	   -477.76340121	    121.71796553	     -0.26175193	      0.35387059	      0.20305627	     -0.13420133	      0.95974901	     -0.45430114
      2.94500000	   -172.37964080	   -496.40684582	    127.79004425	     -0.28772963	      0.30189162	      0.23874985	     -0.13435408	      0.95784725	     -0.45418770
      2.95000000	   -182.94832004	   -523.60561088	    138.03564627	     -0.31986637	      0.28185311	      0.27614854	     -0.13454672	      0.95571004	     -0.45407463
      2.95500000	   -194.58398172	   -552.36429159	    148.09104953	     -0.34534310	      0.25293851	      0.31828269	     -0.13477501	      0.95333813	     -0.45396156
      2.96000000	   -208.06828565	   -580.81824514	    158.09954989	     -0.37476453	      0.21318461	      0.36942632	     -0.13503429	      0.95073273	     -0.45384798
      2.96500000	   -221.27929854	   -608.88271451	    168.37232995	     -0.39698170	      0.18899437	      0.41960121	     -0.13531980	      0.94789548	     -0.45373332
      2.97000000	   -235.06003887	   -634.59958386	    178.95828864	     -0.42021589	      0.16944411	      0.47340549	     -0.13562695	      0.94482888	     -0.45361688
      2.97500000	   -245.45399414	   -652.00019468	    186.03621071	     -0.42953658	      0.13168196	      0.52538889	     -0.13595166	      0.94153577	     -0.45349787
      2.98000000	   -250.66306758	   -708.25972867	    177.91271798	     -0.36613370	      0.12636586	      0.53321436	     -0.13629059	      0.93801975	     -0.45337535
      2.98500000	   -256.32871612	   -711.89120571	    186.49454233	     -0.37111104	      0.06833638	      0.58892560	     -0.13664141	      0.93428526	     -0.45324823
      2.99000000	   -251.46968857	   -651.53829610	    182.50461188	     -0.29994461	     -0.00419440	      0.64080342	     -0.13700295	      0.93033715	     -0.45311547
      2.99500000	   -473.41280034	  -1063.70146117	    345.00464439	     -0.37335464	     -0.19746939	      1.23792828	     -0.13737539	      0.92618122	     -0.45297596
      3.00000000	   -515.64813601	  -1153.83714598	    373.23858986	     -0.46338037	     -0.21333723	      1.41845321	     -0.13776026	      0.92182401	     -0.45282866
      3.00500000	   -480.73147363	  -1093.77417766	    352.13398891	     -0.54005132	     -0.18161833	      1.42000031	     -0.13816049	      0.91727292	     -0.45267273
      3.01000000	   -363.90616079	   -852.02657896	    291.17198883	     -0.57319393	     -0.07933812	      1.16004322	     -0.13858031	      0.91253616	     -0.45250741
      3.01500000	   -199.22188880	   -779.25859981	    221.09162677	     -0.41846104	      0.00198050	      0.62792944	     -0.13902512	      0.90762307	     -0.45233237
      3.02000000	   -112.75900744	   -957.22323641	    206.92712702	     -0.30441699	      0.07756060	      0.25153101	     -0.13950123	      0.90254396	     -0.45214767
      3.02500000	    -60.98044202	  -1099.92803542	    199.12023420	     -0.16901055	      0.22084767	     -0.06396234	     -0.14001564	      0.89731028	     -0.45195380
      3.03000000	    -39.30113223	  -1064.23658957	    198.94797239	     -0.15660236	      0.26332851	     -0.10291803	     -0.14057565	      0.89193479	     -0.45175180
      3.03500000	    -22.67261616	   -803.90043559	    186.73967006	     -0.21731458	      0.11300703	     -0.01382640	     -0.14118853	      0.88643155	     -0.45154327
      3.04000000	    -58.58811838	   -775.64537796	    208.04835588	     -0.32849612	      0.05328205	      0.27114745	     -0.14186110	      0.88081605	     -0.45133037
      3.04500000	   -137.27944459	  -1258.24731977	    274.88847342	     -0.46608044	      0.03456629	      0.70028532	     -0.14259936	      0.87510528	     -0.45111589
      3.05000000	   -175.33055132	  -1714.86564783	    330.52228601	     -0.55917248	      0.08339538	      1.00080466	     -0.14340812	      0.86931763	     -0.45090309
      3.05500000	   -150.71756735	  -2084.33792212	    362.38333535	     -0.54133698	      0.34875440	      1.00907474	     -0.14429066	      0.86347304	     -0.45069574
      3.06000000	   -102.51971050	  -2079.59335098	    350.43603316	     -0.48231770	      0.48184903	      0.83052974	     -0.14524850	      0.85759282	     -0.45049800
      3.06500000	    -79.47267165	  -2198.91621777	    365.08742736	     -0.44907182	      0.75319002	      0.75217222	     -0.14628118	      0.85169942	     -0.45031429
      3.07000000	    -50.41730094	  -2272.26529084	    374.82154360	     -0.42924703	      0.96102509	      0.59180892	     -0.14738616	      0.84581636	     -0.45014914
      3.07500000	    -31.98480396	  -2291.13515561	    377.42726447	     -0.39043913	      1.17286355	      0.46436251	     -0.14855878	      0.83996801	     -0.45000708
      3.08000000	    -30.53712842	  -2414.40833368	    400.83705089	     -0.36761641	      1.46730013	      0.51421130	     -0.14979232	      0.83417931	     -0.44989239
      3.08500000	    -24.04686614	  -2613.48125342	    440.50171422	     -0.37100901	      1.75935110	      0.58785942	     -0.15107808	      0.82847544	     -0.44980902
      3.09000000	    -13.72355984	  -2661.82597751	    456.21549605	     -0.32370359	      1.95208057	      0.62446686	     -0.15240562	      0.82288169	     -0.44976037
      3.09500000	     -2.34646279	  -2566.20252352	    445.87315374	     -0.25290855	      1.98618086	      0.60800812	     -0.15376294	      0.81742309	     -0.44974914
      3.10000000	     12.36665179	  -2503.08405552	    440.95926191	     -0.21055141	      1.95855465	      0.59715741	     -0.15513679	      0.81212422	     -0.44977730
      3.10500000	     37.80302790	  -2584.51018598	    460.61587527	     -0.22619718	      1.94788746	      0.64531188	     -0.15651298	      0.80700907	     -0.44984592
      3.11000000	     75.59799901	  -2853.17269404	    517.44883256	     -0.31928352	      1.98261796	      0.76352078	     -0.15787670	      0.80210086	     -0.44995521
      3.11500000	    121.83079413	  -3215.38821851	    593.62892985	     -0.46347792	      2.02684193	      0.92057572	     -0.15921288	      0.79742195	     -0.45010447
      3.12000000	    159.52062289	  -3524.39169544	    664.30845625	     -0.62558088	      2.02271548	      1.04071583	     -0.16050651	      0.79299372	     -0.45029213
      3.12500000	    185.24943187	  -3708.93585081	    714.36579435	     -0.75641868	      1.95481179	      1.10499095	     -0.16174296	      0.78883660	     -0.45051587
      3.13000000	    205.45843040	  -3783.67477288	    740.42692260	     -0.83264298	      1.82678826	      1.13955689	     -0.16290830	      0.78496994	     -0.45077268
      3.13500000	    212.90484010	  -3817.13530911	    759.06723577	     -0.90502608	      1.63910427	      1.20579445	     -0.16398950	      0.78141219	     -0.45105899
      3.14000000	    194.28884675	  -3858.67943337	    788.11569406	     -1.02324463	      1.35446479	      1.38277774	     -0.16497468	      0.77818059	     -0.45137080
      3.14500000	    182.95203974	  -3857.32663331	    800.77576804	     -1.07929103	      1.09904159	      1.49418985	     -0.16585327	      0.77529146	     -0.45170393
      3.15000000	    170.49975017	  -3846.61047891	    809.48000795	     -1.11223975	      0.88516885	      1.57412042	     -0.16661614	      0.77275987	     -0.45205405
      3.15500000	    169.98840769	  -3789.61210849	    798.78250528	     -1.09124204	      0.75292838	      1.53388525	     -0.16725566	      0.77059975	     -0.45241693
      3.16000000	    187.54331731	  -3655.06625326	    757.64878615	     -1.00489624	      0.67239444	      1.35732415	     -0.16776578	      0.76882372	     -0.45278855
      3.16500000	    204.50137483	  -3470.23498903	    704.46793144	     -0.91134596	      0.55768239	      1.14430751	     -0.16814198	      0.76744305	     -0.45316517
      3.17000000	    169.68713502	  -3284.91929516	    673.87540661	     -0.88455684	      0.30652219	      1.08772983	     -0.16838143	      0.76646724	     -0.45354358
      3.17500000	    120.84020087	  -3125.34636393	    655.60809741	     -0.86533754	      0.13095206	      1.06309628	     -0.16848272	      0.76590430	     -0.45392098
      3.18000000	     70.55184803	  -3020.18320643	    652.02121592	     -0.88155290	      0.00895101	      1.06310319	     -0.16844605	      0.76576029	     -0.45429517
      3.18500000	     19.67430122	  -2988.40785554	    667.13926628	     -0.93417058	     -0.07417892	      1.10841455	     -0.16827311	      0.76603924	     -0.45466458
      3.19000000	    -34.63613252	  -3050.23810982	    709.18405853	     -1.05596165	     -0.12305997	      1.21196243	     -0.16796706	      0.76674307	     -0.45502813
      3.19500000	    -92.37072300	  -3163.34602770	    765.01315596	     -1.22354595	     -0.16635751	      1.35232772	     -0.16753251	      0.76787136	     -0.45538536
      3.20000000	   -154.96773445	  -3265.71563684	    819.00825905	     -1.42223734	     -0.19743748	      1.48957574	     -0.16697548	      0.76942134	     -0.45573628
      3.20500000	   -234.18688548	  -3357.21930020	    875.74415199	     -1.66601481	     -0.24057862	      1.65000369	     -0.16630334	      0.77138777	     -0.45608132
      3.21000000	   -295.97610956	  -3393.44345654	    906.70442638	     -1.87786977	     -0.24520325	      1.74398102	     -0.16552480	      0.77376282	     -0.45642126
      3.21500000	   -346.28243898	  -3401.34701693	    923.68520555	     -2.09096569	     -0.21777679	      1.80150709	     -0.16464981	      0.77653616	     -0.45675707
      3.22000000	   -386.48651121	  -3361.42112069	    920.17539480	     -2.23992674	     -0.18509737	      1.82185279	     -0.16368953	      0.77969488	     -0.45708985
      3.22500000	   -416.33779159	  -3286.83801783	    901.82473399	     -2.34724251	     -0.13653758	      1.80887293	     -0.16265618	      0.78322355	     -0.45742069
      3.23000000	   -433.70922579	  -3174.50797988	    867.68902281	     -2.40063607	     -0.07254970	      1.75777632	     -0.16156296	      0.78710432	     -0.45775054
      3.23500000	   -443.41483645	  -3028.26145826	    822.14824259	     -2.39947995	     -0.00503240	      1.68140671	     -0.16042390	      0.79131716	     -0.45808019
      3.24000000	   -475.88932491	  -2871.16142310	    783.45573208	     -2.40175066	      0.00955554	      1.64677864	     -0.15925372	      0.79583971	     -0.45841002
      3.24500000	   -487.47727885	  -2673.32735459	    730.15387365	     -2.34768395	      0.05102783	      1.56164588	     -0.15806759	      0.80064778	     -0.45874004
      3.25000000	   -488.41639283	  -2449.62681692	    668.48485494	     -2.22361193	      0.08441848	      1.45374306	     -0.15688099	      0.80571546	     -0.45906981
      3.25500000	   -469.13135545	  -2170.10344529	    589.52203508	     -1.99809280	      0.11905591	      1.29703406	     -0.15570941	      0.81101543	     -0.45939839
      3.26000000	   -440.51072085	  -1881.14628304	    508.47984933	     -1.71662588	      0.12987956	      1.13441968	     -0.15456820	      0.81651923	     -0.45972437
      3.26500000	   -409.46916012	  -1601.53747823	    430.91657308	     -1.39593874	      0.10671526	      0.98557420	     -0.15347215	      0.82219762	     -0.46004581
      3.27000000	   -359.28772136	  -1298.06726792	    345.46750501	     -1.01832688	      0.07607545	      0.80931540	     -0.15243539	      0.82802084	     -0.46036036
      3.27500000	   -296.90080420	  -1002.27059533	    262.51929405	     -0.65578610	      0.04008664	      0.62890521	     -0.15147098	      0.83395906	     -0.46066525
      3.28000000	   -241.49181798	   -750.74745189	    197.07279983	     -0.27499915	      0.01207599	      0.47750121	     -0.15059078	      0.83998262	     -0.46095744
      3.28500000	   -172.74563158	   -618.96787645	    185.28053911	     -0.05883777	     -0.10456131	      0.32098960	     -0.14980513	      0.84606243	     -0.46123364
      3.29000000	   -109.23100399	   -506.90750713	    186.02540317	      0.08372420	     -0.07680269	      0.16527334	     -0.14912271	      0.85217023	     -0.46149046
      3.29500000	    -82.10195036	   -467.67484379	    202.10260848	      0.16500694	     -0.09830755	      0.09761835	     -0.14855033	      0.85827889	     -0.46172448
      3.30000000	    -70.27513651	   -454.90713104	    214.66748712	      0.20754248	     -0.00299249	      0.06354778	     -0.14809278	      0.86436266	     -0.46193238
      3.30500000	    -67.23156702	   -459.20075126	    218.25932567	      0.22870226	      0.12776318	      0.04590123	     -0.14775281	      0.87039753	     -0.46211110
      3.31000000	    -75.59482903	   -479.00672979	    216.20890320	      0.22819673	      0.18237723	      0.05426419	     -0.14753103	      0.87636120	     -0.46225786
      3.31500000	   -103.57524423	   -531.20655654	    214.77626192	      0.19976360	      0.15436836	      0.10072453	     -0.14742590	      0.88223325	     -0.46237024
      3.32000000	   -137.43382431	   -569.23997330	    207.51721670	      0.14309147	      0.12947726	      0.17388345	     -0.14743382	      0.88799525	     -0.46244632
      3.32500000	   -164.69658077	   -592.33198686	    195.49574908	      0.07807726	      0.10790314	      0.24213064	     -0.14754923	      0.89363094	     -0.46248476
      3.33000000	   -186.55161389	   -602.41988129	    181.85094974	      0.00668762	      0.09189584	      0.30805528	     -0.14776470	      0.89912591	     -0.46248476
      3.33500000	   -202.85505317	   -585.81017101	    164.49580226	     -0.10658200	      0.05412625	      0.38270115	     -0.14807117	      0.90446772	     -0.46244615
      3.34000000	   -207.93877934	   -572.73315708	    157.42767527	     -0.19491766	      0.05101530	      0.42425053	     -0.14845812	      0.90964576	     -0.46236938
      3.34500000	   -218.13642760	   -565.02065445	    161.76473466	     -0.26415888	      0.05806465	      0.46764475	     -0.14891389	      0.91465112	     -0.46225553
      3.35000000	   -222.64465804	   -577.21443680	    172.10520192	     -0.30899552	      0.04539946	      0.49616389	     -0.14942592	      0.91947642	     -0.46210632
      3.35500000	   -214.74151129	   -574.24187173	    183.86724792	     -0.33094594	      0.03799517	      0.50280564	     -0.14998107	      0.92411564	     -0.46192403
      3.36000000	   -216.73471391	   -579.65799760	    184.07686296	     -0.34205375	      0.05270138	      0.51053405	     -0.15056597	      0.92856359	     -0.46171143
      3.36500000	   -220.69729240	   -554.04382329	    179.86188813	     -0.35207909	      0.07114029	      0.52790064	     -0.15116737	      0.93281667	     -0.46147192
      3.37000000	   -217.82628370	   -560.44783784	    179.25071813	     -0.35303567	      0.08094132	      0.51806690	     -0.15177245	      0.93687159	     -0.46120918
      3.37500000	   -210.48384594	   -553.01641873	    174.17794346	     -0.34262992	      0.08550953	      0.49753287	     -0.15236915	      0.94072577	     -0.46092726
      3.38000000	   -200.47788598	   -548.29031695	    167.70580724	     -0.32383721	      0.08271124	      0.46743070	     -0.15294647	      0.94437708	     -0.46063045
      3.38500000	   -190.25259794	   -543.72365887	    160.74746879	     -0.30286221	      0.07705144	      0.43453488	     -0.15349475	      0.94782370	     -0.46032318
      3.39000000	   -184.58385827	   -534.96836909	    152.59589236	     -0.28197972	      0.07195790	      0.41282264	     -0.15400585	      0.95106398	     -0.46000990
      3.39500000	   -185.97005329	   -541.76648054	    148.89185825	     -0.27389903	      0.06030327	      0.40635442	     -0.15447336	      0.95409648	     -0.45969495
      3.40000000	   -192.52877783	   -553.13778955	    146.15005780	     -0.26408952	      0.05727748	      0.40679618	     -0.15489263	      0.95691962	     -0.45938256
      3.40500000	   -197.23471921	   -551.39421775	    141.32101952	     -0.25217288	      0.05449021	      0.40594005	     -0.15526086	      0.95953201	     -0.45907665
      3.41000000	   -198.69741388	   -550.55593749	    136.44650168	     -0.23806440	      0.04756520	      0.39687654	     -0.15557704	      0.96193210	     -0.45878081
      3.41500000	   -201.35083415	   -542.63630059	    133.64044859	     -0.22443549	      0.06075598	      0.38940626	     -0.15584188	      0.96411852	     -0.45849824
      3.42000000	   -199.83486306	   -518.68496507	    125.54018240	     -0.21170695	      0.05325744	      0.38117613	     -0.15605765	      0.96608963	     -0.45823168
      3.42500000	   -197.96869161	   -501.33200400	    121.05681870	     -0.19686445	      0.06168942	      0.36781831	     -0.15622802	      0.96784395	     -0.45798340
      3.43000000	   -193.68331974	   -475.80616050	    113.16507202	     -0.19218303	      0.04162558	      0.35764600	     -0.15635782	      0.96937996	     -0.45775519
      3.43500000	   -191.55235700	   -451.74821808	    110.59821052	     -0.17004601	      0.08484598	      0.34167100	     -0.15645280	      0.97069605	     -0.45754833
      3.44000000	   -188.65892943	   -438.90612865	    107.95644947	     -0.16956920	      0.07834349	      0.33065480	     -0.15651937	      0.97179078	     -0.45736366
      3.44500000	   -185.43503272	   -409.05597617	    100.70093663	     -0.16050223	      0.08941198	      0.32258464	     -0.15656434	      0.97266268	     -0.45720160
      3.45000000	   -184.77844673	   -399.55252938	    101.38102921	     -0.14251558	      0.13673684	      0.30757980	     -0.15659467	      0.97331019	     -0.45706210
      3.45500000	   -184.44454987	   -381.96524862	    100.28503643	     -0.14123713	      0.16676044	      0.30041253	     -0.15661727	      0.97373208	     -0.45694484
      3.46000000	   -182.78551309	   -373.69804906	     98.70895302	     -0.12657273	      0.20852821	      0.28624506	     -0.15663872	      0.97392701	     -0.45684914
      3.46500000	   -184.16137538	   -368.07217992	     98.47491910	     -0.13811938	      0.21968077	      0.28498193	     -0.15666520	      0.97389368	     -0.45677400
      3.47000000	   -185.32793403	   -362.48526311	     98.19054115	     -0.14275685	      0.24864773	      0.28089695	     -0.15670224	      0.97363094	     -0.45671823
      3.47500000	   -184.89148212	   -367.00405995	     98.21155384	     -0.14805600	      0.26459451	      0.27330576	     -0.15675473	      0.97313756	     -0.45668039
      3.48000000	   -186.73291450	   -369.00340605	     98.76334043	     -0.14725323	      0.30879168	      0.26785897	     -0.15682678	      0.97241312	     -0.45665920
      3.48500000	   -189.20539124	   -372.73553495	    100.14454972	     -0.15891592	      0.33920260	      0.26651491	     -0.15692173	      0.97145607	     -0.45665272
      3.49000000	   -189.72213033	   -381.60723674	    101.08214192	     -0.16343088	      0.37001429	      0.26025187	     -0.15704216	      0.97026592	     -0.45665931
      3.49500000	   -191.96575131	   -402.29686113	    105.29502785	     -0.20469023	      0.34341640	      0.26359950	     -0.15718994	      0.96884193	     -0.45667715
      3.50000000	   -196.63618287	   -420.68308514	    108.87890935	     -0.23570653	      0.33225001	      0.27161768	     -0.15736631	      0.96718355	     -0.45670434
      3.50500000	   -196.82296420	   -448.00221129	    112.95151671	     -0.26249450	      0.31072499	      0.26975787	     -0.15757194	      0.96529028	     -0.45673899
      3.51000000	   -202.41884857	   -476.03136067	    120.41802514	     -0.29636946	      0.31748479	      0.27738027	     -0.15780712	      0.96316173	     -0.45677916
      3.51500000	   -207.01846862	   -505.49582115	    126.75423213	     -0.32516842	      0.30977156	      0.28637032	     -0.15807180	      0.96079766	     -0.45682293
      3.52000000	   -214.61980837	   -532.51349953	    132.81080261	     -0.35056993	      0.30272182	      0.30522871	     -0.15836578	      0.95819800	     -0.45686843
      3.52500000	   -223.24639851	   -566.62946584	    141.10640489	     -0.37946319	      0.29345253	      0.32726609	     -0.15868881	      0.95536304	     -0.45691387
      3.53000000	   -235.61969684	   -606.18013091	    152.33105547	     -0.41888312	      0.27721324	      0.36057283	     -0.15904069	      0.95229320	     -0.45695750
      3.53500000	   -242.63162283	   -640.15929940	    160.17461302	     -0.43647317	      0.25702244	      0.38639423	     -0.15942139	      0.94898932	     -0.45699769
      3.54000000	   -253.15257035	   -668.03858495	    169.02955489	     -0.45876263	      0.24382187	      0.42479222	     -0.15983115	      0.94545265	     -0.45703298
      3.54500000	   -263.46134659	   -685.39732333	    175.41352089	     -0.47282479	      0.22228473	      0.47098369	     -0.16027052	      0.94168505	     -0.45706203
      3.55000000	   -267.30952362	   -697.74952637	    176.20602144	     -0.45942387	      0.17163228	      0.51167541	     -0.16074043	      0.93768897	     -0.45708366
      3.55500000	   -294.46472429	   -743.10248019	    194.60058873	     -0.51816159	      0.15263487	      0.60710620	     -0.16124223	      0.93346779	     -0.45709691
      3.56000000	   -305.75206075	   -671.38114230	    190.46123468	     -0.50635629	      0.07738478	      0.72634372	     -0.16177769	      0.92902576	     -0.45710100
      3.56500000	   -426.69590542	   -874.40652458	    250.08472167	     -0.54950432	     -0.07105603	      1.13926354	     -0.16234900	      0.92436827	     -0.45709540
      3.57000000	   -526.00273041	  -1088.77374359	    319.06449038	     -0.59404440	     -0.20091810	      1.45451556	     -0.16295876	      0.91950198	     -0.45707980
      3.57500000	   -547.25295496	  -1141.55792107	    339.45360720	     -0.68116704	     -0.21607166	      1.60414905	     -0.16360991	      0.91443489	     -0.45705397
      3.58000000	   -476.08011696	  -1010.61887052	    311.12908323	     -0.63506554	     -0.21131203	      1.48647276	     -0.16430568	      0.90917654	     -0.45701811
      3.58500000	   -354.82004171	   -770.62224729	    254.63627242	     -0.52106566	     -0.18618732	      1.19702505	     -0.16504947	      0.90373831	     -0.45697252
      3.59000000	   -200.73460189	   -564.57681420	    179.77225542	     -0.39812581	     -0.08208397	      0.74520811	     -0.16584475	      0.89813325	     -0.45691778
      3.59500000	   -115.31498640	   -631.13353141	    164.97657277	     -0.29613765	     -0.02818541	      0.41822153	     -0.16669492	      0.89237623	     -0.45685472
      3.60000000	    -41.06364946	   -660.23949433	    152.92796772	     -0.17166196	      0.00280984	      0.12935919	     -0.16760318	      0.88648413	     -0.45678434
      3.60500000	     -6.06049074	   -658.61873278	    147.44479926	     -0.09195953	      0.06480990	     -0.04311464	     -0.16857231	      0.88047587	     -0.45670786
      3.61000000	     -0.16387824	   -553.21044744	    148.83692259	     -0.12897430	      0.07182654	     -0.04074241	     -0.16960455	      0.87437219	     -0.45662675
      3.61500000	    -48.43915656	   -844.34966411	    212.23694156	     -0.30482835	      0.04179130	      0.24064444	     -0.17070142	      0.86819569	     -0.45654262
      3.62000000	    -84.50050196	  -1479.34018318	    309.82987598	     -0.47897961	      0.12773080	      0.50164676	     -0.17186359	      0.86197077	     -0.45645722
      3.62500000	    -88.09744006	  -1881.89644469	    374.34963786	     -0.57329054	      0.23666205	      0.60746880	     -0.17309071	      0.85572320	     -0.45637242
      3.63000000	    -62.14899594	  -1965.25230080	    387.06920958	     -0.55228384	      0.30887345	      0.50691808	     -0.17438133	      0.84948011	     -0.45629018
      3.63500000	    -30.30420975	  -1925.32917149	    377.73004369	     -0.48180443	      0.36631386	      0.32558274	     -0.17573280	      0.84326955	     -0.45621245
      3.64000000	    -26.25740939	  -1902.88332535	    376.84944290	     -0.46821159	      0.40058055	      0.27476439	     -0.17714116	      0.83712011	     -0.45614115
      3.64500000	    -19.91799244	  -1959.46732332	    379.80235689	     -0.45948133	      0.47029370	      0.30634396	     -0.17860116	      0.83106067	     -0.45607811
      3.65000000	    -11.78789489	  -2102.09114685	    397.33712750	     -0.42409734	      0.78124690	      0.40479397	     -0.18010618	      0.82511990	     -0.45602506
      3.65500000	      8.87453087	  -2234.63884904	    420.00663159	     -0.37811702	      1.02758736	      0.51063134	     -0.18164822	      0.81932603	     -0.45598349
      3.66000000	     42.18580724	  -2300.03246927	    435.49330573	     -0.30410276	      1.16131035	      0.61486299	     -0.18321790	      0.81370661	     -0.45595460
      3.66500000	     74.56481399	  -2326.66831829	    447.12292521	     -0.24756211	      1.21360824	      0.68673430	     -0.18480450	      0.80828825	     -0.45593928
      3.67000000	    105.64914261	  -2391.66303434	    468.23060916	     -0.22278928	      1.19628563	      0.75902547	     -0.18639603	      0.80309648	     -0.45593806
      3.67500000	    139.07983635	  -2545.66734112	    508.84428632	     -0.21222304	      1.05990914	      0.86975534	     -0.18797938	      0.79815571	     -0.45595104
      3.68000000	    172.08749965	  -2719.07078084	    550.35768981	     -0.36291263	      1.20474737	      0.92974352	     -0.18954044	      0.79348920	     -0.45597786
      3.68500000	    194.65274156	  -2934.68609863	    605.06138172	     -0.49376374	      1.19069420	      1.00556398	     -0.19106434	      0.78911904	     -0.45601774
      3.69000000	    212.31708594	  -3191.04456774	    673.05090643	     -0.65290751	      1.19655713	      1.08554896	     -0.19253575	      0.78506616	     -0.45606947
      3.69500000	    201.58338733	  -3418.65571648	    743.77665746	     -0.85425346	      1.15478175	      1.21280249	     -0.19393910	      0.78135037	     -0.45613146
      3.70000000	    146.08580563	  -3603.93336140	    819.24871876	     -1.12771578	      0.99392743	      1.46150001	     -0.19525895	      0.77799037	     -0.45620182
      3.70500000	    112.30857389	  -3722.43688818	    871.31985239	     -1.29128682	      0.89637274	      1.55798665	     -0.19648034	      0.77500361	     -0.45627840
      3.71000000	    111.66983535	  -3801.47663238	    912.82843890	     -1.38894498	      0.74780659	      1.46473779	     -0.19758910	      0.77240615	     -0.45635891
      3.71500000	    119.09171017	  -3815.36402890	    928.08533112	     -1.41277231	      0.68819066	      1.31995834	     -0.19857214	      0.77021286	     -0.45644108
      3.72000000	    132.44805539	  -3763.84906691	    918.39828047	     -1.37286345	      0.73092146	      1.12220190	     -0.19941776	      0.76843683	     -0.45652265
      3.72500000	    121.86489271	  -3702.69507823	    912.30342574	     -1.38039814	      0.72577109	      1.02759744	     -0.20011592	      0.76708938	     -0.45660151
      3.73000000	     82.89969399	  -3596.65107310	    899.76920475	     -1.41164013	      0.60978176	      1.04853311	     -0.20065846	      0.76617975	     -0.45667585
      3.73500000	     40.38314933	  -3470.16064504	    879.26254679	     -1.43489638	      0.43867252	      1.08670188	     -0.20103908	      0.76571513	     -0.45674413
      3.74000000	     -0.03518500	  -3294.42345525	    843.23857098	     -1.41204335	      0.28054662	      1.08940700	     -0.20125370	      0.76570004	     -0.45680520
      3.74500000	    -36.10220465	  -3117.17984487	    802.54522745	     -1.35668274	      0.11285307	      1.09016799	     -0.20130035	      0.76613647	     -0.45685832
      3.75000000	    -70.52253043	  -2950.34324965	    761.39501851	     -1.27378105	     -0.02473057	      1.08546173	     -0.20117921	      0.76702360	     -0.45690319
      3.75500000	   -102.72932291	  -2851.35781432	    739.19859771	     -1.23704948	     -0.12640710	      1.09445073	     -0.20089260	      0.76835781	     -0.45693992
      3.76000000	   -127.78271346	  -2792.14685819	    726.26000648	     -1.23000007	     -0.20480081	      1.10703818	     -0.20044495	      0.77013240	     -0.45696904
      3.76500000	   -167.20232782	  -2821.28749496	    743.37520652	     -1.31699624	     -0.26737058	      1.17659288	     -0.19984266	      0.77233797	     -0.45699145
      3.77000000	   -209.31736130	  -2850.48006547	    760.94687501	     -1.44983804	     -0.29355552	      1.23399319	     -0.19909409	      0.77496208	     -0.45700839
      3.77500000	   -248.04694411	  -2848.33414305	    767.94881460	     -1.59716590	     -0.28366286	      1.25998855	     -0.19820936	      0.77798964	     -0.45702138
      3.78000000	   -283.23632857	  -2820.72618602	    767.46417510	     -1.78060862	     -0.22867966	      1.25628003	     -0.19720035	      0.78140272	     -0.45703215
      3.78500000	   -312.66208221	  -2772.16956583	    759.70421724	     -1.98294312	     -0.14642019	      1.22994633	     -0.19608047	      0.78518106	     -0.45704257
      3.79000000	   -340.78440434	  -2687.25717766	    739.22971395	     -2.11980519	     -0.08874992	      1.20064598	     -0.19486454	      0.78930212	     -0.45705460
      3.79500000	   -362.27047706	  -2590.66605338	    715.22893902	     -2.26715218	     -0.01516516	      1.15622388	     -0.19356863	      0.79374126	     -0.45707020
      3.80000000	   -377.21132868	  -2475.31419121	    682.20437173	     -2.33325528	      0.04084982	      1.10526396	     -0.19220982	      0.79847214	     -0.45709125
      3.80500000	   -380.00120439	  -2344.18872470	    645.47890268	     -2.41632046	      0.13417955	      1.02442485	     -0.19080603	      0.80346693	     -0.45711950
      3.81000000	   -375.91102000	  -2178.31887990	    597.92287603	     -2.40664453	      0.20666331	      0.93231790	     -0.18937569	      0.80869671	     -0.45715652
      3.81500000	   -364.44377269	  -1984.12414110	    541.96971116	     -2.31337540	      0.26169758	      0.83147291	     -0.18793746	      0.81413174	     -0.45720361
      3.82000000	   -339.80427964	  -1770.06285986	    480.97364565	     -2.17480115	      0.32018396	      0.71102486	     -0.18650991	      0.81974186	     -0.45726175
      3.82500000	   -310.31950931	  -1546.17632366	    417.22665448	     -1.95431913	      0.35369810	      0.59415243	     -0.18511115	      0.82549682	     -0.45733164
      3.83000000	   -272.52820360	  -1312.40705132	    350.45993238	     -1.67170040	      0.36893518	      0.47476419	     -0.18375850	      0.83136660	     -0.45741358
      3.83500000	   -232.23255523	  -1097.43908198	    290.31180134	     -1.39459202	      0.37833485	      0.36093936	     -0.18246811	      0.83732173	     -0.45750755
      3.84000000	   -200.01906661	   -920.42145161	    242.26878547	     -1.14921016	      0.37024178	      0.27488891	     -0.18125465	      0.84333356	     -0.45761316
      3.84500000	   -162.02152550	   -734.02837057	    191.53432452	     -0.86084591	      0.34027620	      0.19186252	     -0.18013100	      0.84937450	     -0.45772970
      3.85000000	   -126.48917799	   -566.71059200	    147.52546887	     -0.58795978	      0.33764585	      0.12059894	     -0.17910795	      0.85541825	     -0.45785616
      3.85500000	    -94.50609230	   -427.28740876	    112.78564369	     -0.36296719	      0.35986778	      0.06271604	     -0.17819404	      0.86143992	     -0.45799126
      3.86000000	    -72.97938180	   -315.32652653	     88.56553516	     -0.13293544	      0.48205035	      0.01921048	     -0.17739534	      0.86741632	     -0.45813356
      3.86500000	    -53.80743942	   -263.65170616	     83.73128583	      0.03033412	      0.59157164	     -0.03724546	     -0.17671541	      0.87332589	     -0.45828145
      3.87000000	    -63.04741095	   -306.71667031	     95.11416530	      0.03734438	      0.48493054	      0.02211158	     -0.17615520	      0.87914885	     -0.45843324
      3.87500000	   -106.26886260	   -402.61862395	    112.63989363	     -0.00020909	      0.32796010	      0.12368653	     -0.17571312	      0.88486719	     -0.45858718
      3.88000000	   -144.40928625	   -485.54422868	    125.20404672	     -0.04546680	      0.19706373	      0.20591680	     -0.17538511	      0.89046476	     -0.45874158
      3.88500000	   -177.55232070	   -542.30172393	    132.83130457	     -0.09603736	      0.10948935	      0.27963137	     -0.17516481	      0.89592720	     -0.45889482
      3.89000000	   -202.26311868	   -585.38318522	    137.19390721	     -0.16404671	      0.09712731	      0.33647237	     -0.17504369	      0.90124186	     -0.45904536
      3.89500000	   -219.33501720	   -608.79587767	    140.33155908	     -0.21173736	      0.04935013	      0.38797256	     -0.17501136	      0.90639776	     -0.45919182
      3.90000000	   -226.17502805	   -612.29036618	    140.12855340	     -0.24716811	      0.04865189	      0.41849491	     -0.17505581	      0.91138548	     -0.45933301
      3.90500000	   -225.20090758	   -588.38937068	    140.47694745	     -0.27595248	      0.01345526	      0.44579470	     -0.17516379	      0.91619696	     -0.45946790
      3.91000000	   -228.26536797	   -526.97571747	    140.69349903	     -0.27629074	     -0.06165491	      0.49694986	     -0.17532112	      0.92082600	     -0.45959581
      3.91500000	   -225.73599869	   -533.23070962	    141.47958960	     -0.30132341	     -0.00809932	      0.50006870	     -0.17551315	      0.92526641	     -0.45971604
      3.92000000	   -226.29032322	   -512.75661736	    136.91227564	     -0.28737715	      0.06582411	      0.50654131	     -0.17572513	      0.92951412	     -0.45982838
      3.92500000	   -228.30025781	   -492.62840342	    134.50647893	     -0.27215695	      0.16101424	      0.51192353	     -0.17594267	      0.93356538	     -0.45993276
      3.93000000	   -220.29644017	   -494.45431573	    132.58083611	     -0.26601013	      0.16786610	      0.49462525	     -0.17615213	      0.93741701	     -0.46002932
      3.93500000	   -210.07335633	   -497.70310887	    129.60652329	     -0.24163169	      0.18084904	      0.46535148	     -0.17634108	      0.94106682	     -0.46011852
      3.94000000	   -202.37856642	   -492.74222486	    126.67064784	     -0.20943076	      0.22019365	      0.43741598	     -0.17649860	      0.94451265	     -0.46020096
      3.94500000	   -194.48068038	   -481.19169907	    124.10418239	     -0.20723852	      0.20997662	      0.41581332	     -0.17661565	      0.94775277	     -0.46027745
      3.95000000	   -187.20331112	   -470.77062640	    120.52337235	     -0.19041761	      0.21222855	      0.39099428	     -0.17668530	      0.95078556	     -0.46034895
      3.95500000	   -184.59958669	   -473.78816819	    119.39277620	     -0.17459745	      0.21000451	      0.37229156	     -0.17670291	      0.95360964	     -0.46041655
      3.96000000	   -185.60792441	   -469.43268501	    119.63044572	     -0.17094734	      0.20635252	      0.36454133	     -0.17666620	      0.95622356	     -0.46048142
      3.96500000	   -188.12070723	   -454.67847454	    118.91205601	     -0.15845536	      0.22493429	      0.35934115	     -0.17657523	      0.95862588	     -0.46054479
      3.97000000	   -185.76226010	   -443.45875517	    116.97579315	     -0.15417144	      0.20233602	      0.34736408	     -0.17643235	      0.96081529	     -0.46060796
      3.97500000	   -181.60123253	   -417.11728200	    112.64358662	     -0.16252195	      0.16122333	      0.34044016	     -0.17624193	      0.96279004	     -0.46067213
      3.98000000	   -175.46855883	   -396.45488432	    112.06979065	     -0.11436378	      0.21410532	      0.30821546	     -0.17601016	      0.96454886	     -0.46073863
      3.98500000	   -165.32686538	   -360.39220416	    107.00417453	     -0.09869649	      0.20824170	      0.28515366	     -0.17574468	      0.96609008	     -0.46080867
      3.99000000	   -157.51518958	   -323.40921673	    103.31503481	     -0.07709455	      0.22551886	      0.26501576	     -0.17545424	      0.96741211	     -0.46088349
      3.99500000	   -154.97436147	   -304.61340384	    103.24350954	     -0.06107580	      0.21965417	      0.25508927	     -0.17514825	      0.96851334	     -0.46096427
      4.00000000	   -158.62275570	   -309.20580624	    107.19562972	     -0.04151542	      0.20603016	      0.25209220	     -0.17483643	      0.96939221	     -0.46105217
      4.00500000	   -169.41379575	   -334.17272480	    110.88072489	     -0.05017569	      0.17765816	      0.26804116	     -0.17452839	      0.97004721	     -0.46114826
      4.01000000	   -174.02836994	   -351.02873284	    114.39714714	     -0.04028827	      0.17612449	      0.26639696	     -0.17423327	      0.97047701	     -0.46125363
      4.01500000	   -180.72301456	   -367.14293634	    116.14030988	     -0.04987943	      0.15744655	      0.27771194	     -0.17395942	      0.97068035	     -0.46136923
      4.02000000	   -181.88272417	   -370.92702483	    115.61585713	     -0.05956715	      0.13669402	      0.28235332	     -0.17371415	      0.97065623	     -0.46149595
      4.02500000	   -182.93578073	   -374.64899034	    116.36871995	     -0.05511594	      0.14553132	      0.28110509	     -0.17350350	      0.97040384	     -0.46163454
      4.03000000	   -185.68095506	   -378.92136149	    117.09838290	     -0.05719263	      0.16067837	      0.28551052	     -0.17333213	      0.96992271	     -0.46178559
      4.03500000	   -184.09750019	   -372.63670477	    115.27240941	     -0.07024309	      0.17538627	      0.28769240	     -0.17320323	      0.96921246	     -0.46194946
      4.04000000	   -175.55496806	   -349.22535951	    110.51639875	     -0.07006646	      0.17068140	      0.28001656	     -0.17311853	      0.96827321	     -0.46212628
      4.04500000	   -168.03809841	   -328.19785916	    107.03845457	     -0.07012966	      0.17918000	      0.27246622	     -0.17307831	      0.96710525	     -0.46231591
      4.05000000	   -164.83941431	   -311.03147623	    102.90615458	     -0.09398244	      0.18381356	      0.28002068	     -0.17308156	      0.96570915	     -0.46251786
      4.05500000	   -158.99610342	   -320.04594904	    102.89367942	     -0.11052723	      0.20459236	      0.26816371	     -0.17312610	      0.96408573	     -0.46273132
      4.06000000	   -169.24898825	   -349.37096407	    104.21549937	     -0.16347343	      0.14796759	      0.30271720	     -0.17320878	      0.96223587	     -0.46295511
      4.06500000	   -181.61028536	   -401.20832608	    114.32743410	     -0.19464368	      0.16987644	      0.32253544	     -0.17332571	      0.96016097	     -0.46318778
      4.07000000	   -197.48697239	   -455.28220316	    123.97177688	     -0.25463288	      0.13007154	      0.36087286	     -0.17347254	      0.95786210	     -0.46342747
      4.07500000	   -212.14666042	   -526.82378972	    140.03075392	     -0.30513746	      0.14771244	      0.38390158	     -0.17364468	      0.95534099	     -0.46367214
      4.08000000	   -228.48849008	   -597.49349758	    155.75397853	     -0.35046445	      0.16701945	      0.41211697	     -0.17383763	      0.95259912	     -0.46391949
      4.08500000	   -243.82612053	   -671.32482870	    172.17743114	     -0.39393955	      0.18086893	      0.43957996	     -0.17404719	      0.94963817	     -0.46416702
      4.09000000	   -264.26670494	   -741.47897981	    189.85225806	     -0.43994151	      0.20072174	      0.48280240	     -0.17426975	      0.94645991	     -0.46441217
      4.09500000	   -284.07919823	   -813.21877427	    208.56505971	     -0.48787808	      0.20710933	      0.52919143	     -0.17450252	      0.94306618	     -0.46465230
      4.10000000	   -294.74028357	   -869.56956953	    219.83235143	     -0.49829429	      0.19729968	      0.55970419	     -0.17474366	      0.93945911	     -0.46488489
      4.10500000	   -313.76649143	   -767.31573941	    211.63521584	     -0.47029791	      0.14017622	      0.69138633	     -0.17499251	      0.93564093	     -0.46510746
      4.11000000	   -460.63935287	   -960.52329943	    285.83076413	     -0.52044747	     -0.02670555	      1.16846062	     -0.17524963	      0.93161439	     -0.46531775
      4.11500000	   -677.95835092	  -1469.26279490	    420.73245104	     -0.50356787	     -0.20000901	      1.67680712	     -0.17551686	      0.92738239	     -0.46551373
      4.12000000	   -645.58099038	  -1367.56071533	    392.45383620	     -0.64492432	     -0.11673422	      1.71639161	     -0.17579733	      0.92294861	     -0.46569366
      4.12500000	   -468.89571053	   -951.67958723	    299.56372518	     -0.53681107	     -0.07119934	      1.33521203	     -0.17609534	      0.91831730	     -0.46585619
      4.13000000	   -295.89164762	   -626.64158084	    204.41974884	     -0.33183693	     -0.01234724	      0.88242063	     -0.17641626	      0.91349361	     -0.46600020
      4.13500000	   -213.34170781	   -701.62157507	    176.50569379	     -0.28612126	      0.08447432	      0.60294656	     -0.17676635	      0.90848377	     -0.46612503
      4.14000000	   -146.69975133	   -880.85860928	    174.25465493	     -0.20977535	      0.26342179	      0.29388405	     -0.17715242	      0.90329529	     -0.46623040
      4.14500000	    -90.24935636	  -1116.01893251	    185.14176075	     -0.04924863	      0.51811129	     -0.15766577	     -0.17758162	      0.89793712	     -0.46631641
      4.15000000	    -76.90020030	  -1288.65292340	    218.77940477	      0.03318219	      0.78889450	     -0.28094917	     -0.17806103	      0.89241991	     -0.46638358
      4.15500000	    -33.73269608	   -952.20871412	    174.01286006	      0.07271285	      0.54432188	     -0.18402375	     -0.17859730	      0.88675621	     -0.46643276
      4.16000000	    -12.62872762	   -499.72582732	    145.10746597	      0.15345057	     -0.03425330	      0.07605796	     -0.17919632	      0.88096067	     -0.46646520
      4.16500000	   -103.61369558	   -871.25900763	    202.94114427	     -0.00297106	     -0.22522636	      0.53866821	     -0.17986282	      0.87505010	     -0.46648244
      4.17000000	   -190.60709353	  -1607.44558853	    300.14202005	     -0.30635977	      0.00567192	      1.09545864	     -0.18060012	      0.86904365	     -0.46648635
      4.17500000	   -213.78706570	  -2205.61173676	    385.40853855	     -0.42856174	      0.45715939	      1.39688837	     -0.18140989	      0.86296285	     -0.46647903
      4.18000000	   -128.47095238	  -2350.35596652	    387.10477484	     -0.34761363	      0.87845187	      1.11664851	     -0.18229197	      0.85683137	     -0.46646276
      4.18500000	    -70.76913594	  -2188.65249908	    356.23761657	     -0.32166040	      0.79854165	      0.81984964	     -0.18324435	      0.85067488	     -0.46643999
      4.19000000	    -27.09479538	  -2104.57461646	    341.19233957	     -0.32349300	      0.72651323	      0.50467360	     -0.18426312	      0.84452102	     -0.46641315
      4.19500000	    -20.55406549	  -2191.39162074	    367.97125230	     -0.40899977	      0.65413382	      0.39585433	     -0.18534263	      0.83839869	     -0.46638478
      4.20000000	    -21.99670233	  -2373.49492370	    401.63984955	     -0.42077080	      0.89913121	      0.44787118	     -0.18647556	      0.83233797	     -0.46635712
      4.20500000	    -19.23689199	  -2611.56792440	    447.19623427	     -0.44340045	      1.18033056	      0.52573622	     -0.18765324	      0.82636932	     -0.46633252
      4.21000000	    -10.54413360	  -2709.84496169	    469.82107057	     -0.42166099	      1.37002318	      0.57108640	     -0.18886575	      0.82052341	     -0.46631295
      4.21500000	      6.37718046	  -2646.81165305	    463.83112659	     -0.32969481	      1.46644719	      0.59489597	     -0.19010221	      0.81483043	     -0.46630014
      4.22000000	     24.02482984	  -2539.10886277	    452.29858687	     -0.24268511	      1.48593646	      0.59632480	     -0.19135105	      0.80931979	     -0.46629556
      4.22500000	     50.48818175	  -2524.77937014	    459.05864466	     -0.18591904	      1.51675997	      0.63737354	     -0.19260022	      0.80401956	     -0.46630030
      4.23000000	     82.81116058	  -2627.18506205	    489.07994694	     -0.19582367	      1.54080573	      0.71088968	     -0.19383738	      0.79895632	     -0.46631515
      4.23500000	    113.30366177	  -2801.94831915	    531.75595619	     -0.27128425	      1.55445831	      0.79031683	     -0.19505017	      0.79415481	     -0.46634051
      4.24000000	    147.64682521	  -3050.61911801	    591.58969617	     -0.39006198	      1.56694925	      0.89535209	     -0.19622634	      0.78963779	     -0.46637643
      4.24500000	    180.47928674	  -3297.66107564	    653.71151425	     -0.51538571	      1.56457764	      0.99927972	     -0.19735397	      0.78542596	     -0.46642254
      4.25000000	    194.70970092	  -3477.10670204	    705.16409637	     -0.64244712	      1.54074759	      1.04851043	     -0.19842162	      0.78153786	     -0.46647815
      4.25500000	    203.82535222	  -3610.49998265	    745.70807379	     -0.75298078	      1.49458636	      1.08131807	     -0.19941843	      0.77799003	     -0.46654216
      4.26000000	    203.54815149	  -3663.59051216	    769.15680231	     -0.83764838	      1.40738090	      1.08021314	     -0.20033428	      0.77479695	     -0.46661313
      4.26500000	    198.13913040	  -3677.41188177	    784.13850228	     -0.90690390	      1.30090792	      1.06450378	     -0.20115990	      0.77197106	     -0.46668935
      4.27000000	    190.78057604	  -3648.24816719	    786.76012502	     -0.94536564	      1.18746642	      1.04383153	     -0.20188688	      0.76952295	     -0.46676886
      4.27500000	    181.49737153	  -3613.91769416	    788.88415538	     -0.97774048	      1.06938578	      1.02087803	     -0.20250774	      0.76746147	     -0.46684961
      4.28000000	    175.80998154	  -3576.41065406	    794.31739664	     -1.02128407	      0.87810520	      0.98615626	     -0.20301591	      0.76579378	     -0.46692952
      4.28500000	    162.80961487	  -3490.89569555	    784.62924422	     -1.00969432	      0.73412653	      0.96453065	     -0.20340576	      0.76452526	     -0.46700662
      4.29000000	    139.83427286	  -3382.08439004	    770.87165550	     -0.99086066	      0.59710760	      0.94822290	     -0.20367252	      0.76365979	     -0.46707918
      4.29500000	    107.48614761	  -3207.86437563	    739.18473513	     -0.94554772	      0.44097407	      0.91458923	     -0.20381225	      0.76319975	     -0.46714583
      4.30000000	     76.16066278	  -2987.21502598	    691.39743922	     -0.86905935	      0.28043661	      0.86024962	     -0.20382179	      0.76314602	     -0.46720566
      4.30500000	     49.81360352	  -2774.78615070	    642.95510945	     -0.78238227	      0.15447504	      0.79978590	     -0.20369877	      0.76349803	     -0.46725829
      4.31000000	     29.68710410	  -2561.95772793	    590.54467408	     -0.68764461	      0.05101561	      0.72665480	     -0.20344161	      0.76425381	     -0.46730393
      4.31500000	     11.64253934	  -2433.87723406	    560.59510017	     -0.63824654	     -0.02473261	      0.69237060	     -0.20304959	      0.76540985	     -0.46734337
      4.32000000	     -2.01305830	  -2411.21054575	    558.92556574	     -0.65605542	     -0.05708590	      0.69365393	     -0.20252280	      0.76696141	     -0.46737799
      4.32500000	    -29.58097023	  -2504.83267302	    596.44079615	     -0.76204957	     -0.08029707	      0.77605159	     -0.20186252	      0.76890192	     -0.46740966
      4.33000000	    -70.15871040	  -2670.15567856	    659.32242317	     -0.95680082	     -0.08054366	      0.90085105	     -0.20107108	      0.77122350	     -0.46744071
      4.33500000	   -117.64868444	  -2828.45563266	    721.57732148	     -1.19033610	     -0.06996591	      1.02649896	     -0.20015213	      0.77391656	     -0.46747382
      4.34000000	   -166.04779818	  -2935.02044381	    766.08477730	     -1.40301150	     -0.07079218	      1.13382390	     -0.19911083	      0.77696981	     -0.46751187
      4.34500000	   -220.36301893	  -2996.65321840	    795.76960308	     -1.58512422	     -0.09609185	      1.23812277	     -0.19795393	      0.78037026	     -0.46755788
      4.35000000	   -271.49560753	  -3014.89574929	    811.08472688	     -1.77095502	     -0.10348380	      1.31040082	     -0.19668984	      0.78410309	     -0.46761480
      4.35500000	   -317.07419018	  -3008.32537914	    817.40309423	     -1.98325963	     -0.07133477	      1.34992036	     -0.19532880	      0.78815175	     -0.46768551
      4.36000000	   -353.47910561	  -2961.65113825	    808.52570331	     -2.17788635	     -0.01538048	      1.35338266	     -0.19388273	      0.79249798	     -0.46777258
      4.36500000	   -374.79014855	  -2866.52536886	    780.63604025	     -2.31043175	      0.05285092	      1.31575042	     -0.19236524	      0.79712184	     -0.46787827
      4.37000000	   -380.55923836	  -2696.88223393	    729.58474497	     -2.35643272	      0.12998841	      1.22952204	     -0.19079147	      0.80200185	     -0.46800436
      4.37500000	   -390.49538173	  -2533.87687106	    681.15280301	     -2.36780150	      0.18886613	      1.15959094	     -0.18917782	      0.80711515	     -0.46815216
      4.38000000	   -385.41193013	  -2316.04028999	    616.33532353	     -2.27831231	      0.25168474	      1.05169869	     -0.18754167	      0.81243768	     -0.46832242
      4.38500000	   -381.65190300	  -2116.31314337	    558.85535759	     -2.18108879	      0.30265680	      0.95977879	     -0.18590106	      0.81794441	     -0.46851534
      4.39000000	   -375.86147715	  -1913.69128743	    501.66481579	     -2.03265268	      0.33626534	      0.87189479	     -0.18427425	      0.82360953	     -0.46873057
      4.39500000	   -357.38097680	  -1707.72597614	    444.59992756	     -1.87616402	      0.37836287	      0.76828094	     -0.18267929	      0.82940676	     -0.46896723
      4.40000000	   -331.67213363	  -1486.23063772	    382.81937812	     -1.63981133	      0.39490777	      0.66038323	     -0.18113364	      0.83530957	     -0.46922393
      4.40500000	   -292.51327453	  -1260.63608170	    320.83606995	     -1.39450989	      0.41037808	      0.53884559	     -0.17965370	      0.84129140	     -0.46949889
      4.41000000	   -258.04978265	  -1056.49178593	    265.72556916	     -1.13684133	      0.39246564	      0.44227236	     -0.17825442	      0.84732608	     -0.46978997
      4.41500000	   -218.96567145	   -860.52628851	    213.67596141	     -0.87352859	      0.36986403	      0.34874377	     -0.17694894	      0.85338785	     -0.47009475
      4.42000000	   -178.79753551	   -679.11959382	    167.75606117	     -0.62096089	      0.38315286	      0.25864966	     -0.17574828	      0.85945167	     -0.47041062
      4.42500000	   -144.18237485	   -514.30816731	    127.81228056	     -0.35605500	      0.42462919	      0.18365523	     -0.17466110	      0.86549350	     -0.47073486
      4.43000000	   -121.13436834	   -389.17435885	    102.80266306	     -0.11564855	      0.51887333	      0.13084891	     -0.17369349	      0.87149044	     -0.47106476
      4.43500000	    -83.56487721	   -310.78187105	     93.83900079	     -0.00785320	      0.50536747	      0.06320140	     -0.17284889	      0.87742086	     -0.47139763
      4.44000000	    -63.61542586	   -277.55526797	     98.52249082	      0.06230957	      0.45096878	      0.03192863	     -0.17212802	      0.88326460	     -0.47173092
      4.44500000	    -93.66801270	   -333.29687417	    117.79393231	      0.04935767	      0.23353407	      0.11282679	     -0.17152892	      0.88900305	     -0.47206224
      4.45000000	   -133.38756143	   -400.70070409	    131.74031635	     -0.00695233	      0.03103603	      0.21178500	     -0.17104707	      0.89461919	     -0.47238943
      4.45500000	   -162.13715850	   -458.40201770	    144.63240987	     -0.04608986	     -0.08038661	      0.28171432	     -0.17067554	      0.90009771	     -0.47271055
      4.46000000	   -184.30042079	   -492.76175831	    151.70966963	     -0.09044003	     -0.12372872	      0.34330507	     -0.17040524	      0.90542494	     -0.47302395
      4.46500000	   -201.75650093	   -506.97892344	    155.84777497	     -0.13390536	     -0.12227904	      0.39940116	     -0.17022520	      0.91058890	     -0.47332822
      4.47000000	   -212.08834374	   -507.88860417	    161.71267529	     -0.14836141	     -0.12850864	      0.43881717	     -0.17012291	      0.91557920	     -0.47362225
      4.47500000	   -217.77625385	   -495.65573487	    164.88492885	     -0.15508977	     -0.13281518	      0.47035350	     -0.17008470	      0.92038703	     -0.47390522
      4.48000000	   -215.00680277	   -491.97434194	    159.01453584	     -0.18965115	     -0.11380472	      0.49031168	     -0.17009620	      0.92500498	     -0.47417656
      4.48500000	   -208.36172889	   -482.56332633	    160.33836841	     -0.19167005	     -0.12077300	      0.49644943	     -0.17014271	      0.92942687	     -0.47443595
      4.49000000	   -208.63737543	   -460.59988374	    153.23041053	     -0.21535332	     -0.09513127	      0.51527219	     -0.17020971	      0.93364792	     -0.47468337
      4.49500000	   -209.29684321	   -448.91508924	    149.60065168	     -0.20201122	     -0.08892574	      0.52007251	     -0.17028327	      0.93766417	     -0.47491896
      4.50000000	   -201.29090990	   -448.84242437	    144.40812696	     -0.21483672	     -0.07193156	      0.50855914	     -0.17035053	      0.94147263	     -0.47514311
      4.50500000	   -194.80557789	   -446.50001470	    140.00873256	     -0.21151939	     -0.05767275	      0.49133491	     -0.17040005	      0.94507108	     -0.47535639
      4.51000000	   -188.75932407	   -439.16652224	    135.02545828	     -0.20864535	     -0.03674099	      0.47148770	     -0.17042218	      0.94845779	     -0.47555953
      4.51500000	   -187.07277249	   -441.29175448	    130.79784307	     -0.20955790	     -0.02635760	      0.45965716	     -0.17040935	      0.95163167	     -0.47575338
      4.52000000	   -190.21550215	   -458.55533929	    132.90211936	     -0.21539603	      0.01106717	      0.44727898	     -0.17035623	      0.95459185	     -0.47593889
      4.52500000	   -190.89191978	   -462.29977494	    129.66627177	     -0.21286245	      0.02018184	      0.43388471	     -0.17025991	      0.95733792	     -0.47611709
      4.53000000	   -185.89471854	   -444.58721926	    123.11545534	     -0.18885330	      0.06258649	      0.40370312	     -0.17011986	      0.95986930	     -0.47628899
      4.53500000	   -178.74074307	   -440.01209453	    121.74919089	     -0.15853616	      0.12221839	      0.36064348	     -0.16993790	      0.96218586	     -0.47645566
      4.54000000	   -169.95926251	   -420.51083640	    114.82196209	     -0.13186655	      0.16978597	      0.32234599	     -0.16971799	      0.96428736	     -0.47661810
      4.54500000	   -159.77697013	   -398.69585077	    108.34654256	     -0.09363999	      0.24440794	      0.27783664	     -0.16946599	      0.96617360	     -0.47677725
      4.55000000	   -152.69211137	   -385.60818977	    105.31041243	     -0.07137918	      0.29377114	      0.24254297	     -0.16918942	      0.96784437	     -0.47693406
      4.55500000	   -144.58558811	   -364.96071347	    102.45421734	     -0.02604179	      0.39937328	      0.19911116	     -0.16889702	      0.96929934	     -0.47708941
      4.56000000	   -138.86354231	   -348.81240157	    101.11350740	      0.01169266	      0.49702645	      0.16286702	     -0.16859825	      0.97053825	     -0.47724401
      4.56500000	   -134.62684155	   -341.33076216	     99.96945644	      0.03266407	      0.55441914	      0.13660966	     -0.16830308	      0.97156098	     -0.47739870
      4.57000000	   -129.51138824	   -337.59388586	    100.36553714	      0.06049893	      0.61993401	      0.10549886	     -0.16802141	      0.97236657	     -0.47755401
      4.57500000	   -125.51079145	   -323.76001359	     98.90322767	      0.09064424	      0.71139952	      0.08117032	     -0.16776276	      0.97295474	     -0.47771068
      4.58000000	   -122.61100609	   -319.39617683	     98.09846094	      0.10326886	      0.75544375	      0.06517460	     -0.16753582	      0.97332498	     -0.47786937
      4.58500000	   -121.87738865	   -320.72383010	     98.20483935	      0.11021513	      0.78854085	      0.05642462	     -0.16734821	      0.97347679	     -0.47803072
      4.59000000	   -121.76122322	   -322.59325876	     98.63492487	      0.11623198	      0.82191663	      0.05058662	     -0.16720614	      0.97340959	     -0.47819537
      4.59500000	   -122.96574226	   -328.00919808	     99.56882455	      0.11861432	      0.84759727	      0.04998595	     -0.16711426	      0.97312278	     -0.47836394
      4.60000000	   -127.38161668	   -334.54180139	    100.08882196	      0.09789764	      0.83425967	      0.06554295	     -0.16707554	      0.97261583	     -0.47853702
      4.60500000	   -130.37837480	   -348.85074272	    100.09623014	      0.07358765	      0.79054539	      0.08249076	     -0.16709119	      0.97188810	     -0.47871518
      4.61000000	   -136.19271321	   -367.49373375	    101.00210892	      0.03582975	      0.72433145	      0.11010484	     -0.16716065	      0.97093911	     -0.47889890
      4.61500000	   -142.70031259	   -387.25995249	    103.43359526	      0.00875726	      0.68651316	      0.13516666	     -0.16728174	      0.96976840	     -0.47908863
      4.62000000	   -152.07643338	   -408.33426090	    105.73270739	     -0.05797737	      0.57549986	      0.18014037	     -0.16745075	      0.96837547	     -0.47928466
      4.62500000	   -159.72541144	   -443.37522674	    110.99787047	     -0.12395571	      0.45331341	      0.21815942	     -0.16766267	      0.96675988	     -0.47948716
      4.63000000	   -167.78440206	   -479.85282661	    118.54822563	     -0.17512804	      0.37539656	      0.25054370	     -0.16791147	      0.96492116	     -0.47969615
      4.63500000	   -175.43469895	   -519.55587998	    126.77955021	     -0.22068780	      0.30061942	      0.28134664	     -0.16819035	      0.96285893	     -0.47991149
      4.64000000	   -185.71030355	   -568.26722348	    138.97018103	     -0.25165522	      0.28624537	      0.30947176	     -0.16849207	      0.96057263	     -0.48013281
      4.64500000	   -196.93322098	   -624.23373916	    153.22419359	     -0.30274524	      0.22757222	      0.34556376	     -0.16880935	      0.95806194	     -0.48035965
      4.65000000	   -208.50983975	   -670.02844089	    166.38040905	     -0.33337425	      0.22496905	      0.37855815	     -0.16913514	      0.95532651	     -0.48059138
      4.65500000	   -220.14146679	   -734.39617214	    184.58203051	     -0.37068300	      0.22328038	      0.40854139	     -0.16946296	      0.95236617	     -0.48082719
      4.66000000	   -233.53948660	   -778.15748182	    196.65269961	     -0.39409225	      0.21160494	      0.45045186	     -0.16978727	      0.94918055	     -0.48106613
      4.66500000	   -245.86696651	   -831.13544081	    211.73333497	     -0.42224272	      0.19597477	      0.48991493	     -0.17010369	      0.94577029	     -0.48130754
      4.67000000	   -263.42103636	   -870.56327037	    225.31383413	     -0.45217676	      0.18898506	      0.54773623	     -0.17040919	      0.94213542	     -0.48155003
      4.67500000	   -260.22576907	   -925.45515537	    226.24864509	     -0.43624041	      0.19720992	      0.53590892	     -0.17070238	      0.93827705	     -0.48179272
      4.68000000	   -267.92184773	   -879.09383779	    217.80319245	     -0.41458256	      0.15558276	      0.59875693	     -0.17098351	      0.93419654	     -0.48203461
      4.68500000	   -268.11411891	   -741.72908972	    206.98319614	     -0.36988084	      0.04792206	      0.70765528	     -0.17125460	      0.92989600	     -0.48227467
      4.69000000	   -369.53141203	   -843.88028984	    274.65078501	     -0.36037979	     -0.12098788	      1.06341204	     -0.17151935	      0.92537855	     -0.48251217
      4.69500000	   -354.83901871	   -755.99719240	    261.45183258	     -0.38440305	     -0.10343827	      1.06167699	     -0.17178307	      0.92064815	     -0.48274633
      4.70000000	   -317.83530492	   -685.69418267	    242.18622358	     -0.36513806	     -0.11777848	      0.99761306	     -0.17205252	      0.91570985	     -0.48297671
      4.70500000	   -228.31152694	   -667.37062763	    194.01200011	     -0.32976304	     -0.03860329	      0.73344828	     -0.17233567	      0.91057020	     -0.48320292
      4.71000000	   -169.15668343	   -757.91445998	    177.95201598	     -0.28267216	      0.01875481	      0.51498331	     -0.17264138	      0.90523737	     -0.48342494
      4.71500000	    -91.09795151	   -831.58070102	    153.64590722	     -0.12418713	      0.26579015	      0.19702380	     -0.17297906	      0.89972115	     -0.48364300
      4.72000000	    -45.39928700	   -956.88892393	    160.02494877	     -0.03958443	      0.40653905	     -0.10394862	     -0.17335829	      0.89403328	     -0.48385762
      4.72500000	    -19.23123215	   -786.11416386	    137.90167933	      0.00100838	      0.31930556	     -0.09148087	     -0.17378839	      0.88818763	     -0.48406963
      4.73000000	    -10.06309254	   -435.29218384	    100.02703675	      0.00915366	      0.00873466	      0.11428200	     -0.17427798	      0.88220035	     -0.48428016
      4.73500000	    -71.62707755	   -667.75888109	    150.46251592	     -0.16540334	     -0.04900638	      0.45764903	     -0.17483461	      0.87608990	     -0.48449063
      4.74000000	   -128.49453527	  -1188.16686242	    233.63814582	     -0.32284468	      0.08700974	      0.81102387	     -0.17546429	      0.86987713	     -0.48470268
      4.74500000	   -155.71391989	  -1723.34864487	    313.74208822	     -0.43387384	      0.36072867	      1.07434377	     -0.17617124	      0.86358535	     -0.48491815
      4.75000000	   -102.07541300	  -2042.45930302	    350.86912029	     -0.42154375	      0.73109745	      0.90376572	     -0.17695756	      0.85723996	     -0.48513902
      4.75500000	    -71.30938383	  -2085.11317585	    358.69048734	     -0.42720718	      0.87183634	      0.74239437	     -0.17782311	      0.85086862	     -0.48536726
      4.76000000	    -31.48503858	  -1955.73448553	    341.08318081	     -0.40044003	      0.88254660	      0.39595633	     -0.17876532	      0.84450065	     -0.48560480
      4.76500000	    -33.38680443	  -1943.05627875	    360.93449709	     -0.48424018	      0.75542693	      0.20204267	     -0.17977930	      0.83816684	     -0.48585339
      4.77000000	    -51.20080847	  -2007.25713639	    383.63030131	     -0.52330901	      0.85931880	      0.14687349	     -0.18085784	      0.83189883	     -0.48611454
      4.77500000	    -65.22454514	  -2077.41936211	    396.78895606	     -0.50469921	      1.10706163	      0.15182271	     -0.18199158	      0.82572888	     -0.48638941
      4.78000000	    -71.27073063	  -2090.14771223	    395.84900086	     -0.45338658	      1.35428273	      0.16717753	     -0.18316926	      0.81968923	     -0.48667871
      4.78500000	    -59.87147615	  -2055.40878547	    382.07223287	     -0.35857536	      1.51533226	      0.21154588	     -0.18437799	      0.81381162	     -0.48698272
      4.79000000	    -22.07138827	  -2044.78014237	    376.67031475	     -0.23683719	      1.55883294	      0.30558457	     -0.18560349	      0.80812706	     -0.48730117
      4.79500000	     34.83179324	  -2225.90569438	    412.75297839	     -0.18666261	      1.64610959	      0.46948835	     -0.18683049	      0.80266523	     -0.48763328
      4.80000000	    105.40170512	  -2568.55503351	    481.70524832	     -0.21528170	      1.76528269	      0.68508874	     -0.18804300	      0.79745444	     -0.48797775
      4.80500000	    170.08803672	  -2929.41030045	    556.00791533	     -0.31282357	      1.82322681	      0.87317954	     -0.18922465	      0.79252134	     -0.48833280
      4.81000000	    228.79417867	  -3269.87146588	    627.93479536	     -0.43634356	      1.82327691	      1.03330810	     -0.19035902	      0.78789087	     -0.48869620
      4.81500000	    273.64724658	  -3533.65588694	    687.53689587	     -0.56230021	      1.75537579	      1.14675865	     -0.19142996	      0.78358611	     -0.48906536
      4.82000000	    279.59126831	  -3643.75575560	    725.17937121	     -0.68665294	      1.59508571	      1.22635317	     -0.19242177	      0.77962867	     -0.48943741
      4.82500000	    279.93847613	  -3678.25841146	    742.73142589	     -0.77213988	      1.47567388	      1.19425139	     -0.19331958	      0.77603822	     -0.48980925
      4.83000000	    283.98201008	  -3664.90707761	    743.61388202	     -0.81078450	      1.36908455	      1.11959485	     -0.19410953	      0.77283286	     -0.49017768
      4.83500000	    273.32690423	  -3635.31500746	    743.00762248	     -0.86079024	      1.23909710	      1.07558895	     -0.19477897	      0.77002908	     -0.49053948
      4.84000000	    250.18954634	  -3538.05498164	    728.02536573	     -0.89184530	      1.11570047	      1.00356160	     -0.19531668	      0.76764157	     -0.49089143
      4.84500000	    222.16871676	  -3396.80124371	    700.69716070	     -0.89605477	      1.01407620	      0.92613436	     -0.19571298	      0.76568339	     -0.49123049
      4.85000000	    190.75914269	  -3215.46241084	    669.16805962	     -0.91573225	      0.87213408	      0.81353871	     -0.19595990	      0.76416562	     -0.49155375
      4.85500000	    157.32303946	  -3014.86353357	    639.43640740	     -0.90648595	      0.75205515	      0.70166051	     -0.19605132	      0.76309720	     -0.49185853
      4.86000000	    124.53743712	  -2788.56646364	    597.22148923	     -0.86534450	      0.58105925	      0.61129007	     -0.19598296	      0.76248473	     -0.49214242
      4.86500000	    100.56953693	  -2608.57712289	    562.12880533	     -0.83882679	      0.41383451	      0.55177871	     -0.19575251	      0.76233242	     -0.49240326
      4.87000000	     80.90636810	  -2488.13819589	    538.70106104	     -0.79188112	      0.25316282	      0.55312969	     -0.19535961	      0.76264166	     -0.49263922
      4.87500000	     55.62850782	  -2448.52495730	    538.36210902	     -0.74967971	      0.11155720	      0.62222918	     -0.19480589	      0.76341096	     -0.49284875
      4.88000000	     23.37126333	  -2490.72757646	    561.57823150	     -0.75128596	      0.00412334	      0.73312944	     -0.19409497	      0.76463586	     -0.49303064
      4.88500000	    -10.90979806	  -2560.49548317	    592.68829684	     -0.79206466	     -0.07856004	      0.84809034	     -0.19323238	      0.76630883	     -0.49318392
      4.89000000	    -51.83806315	  -2601.60992557	    616.65253011	     -0.82548064	     -0.15850390	      0.95025395	     -0.19222551	      0.76841940	     -0.49330797
      4.89500000	    -91.71393095	  -2605.13913386	    630.82899117	     -0.88304999	     -0.20176937	      1.01631485	     -0.19108346	      0.77095421	     -0.49340236
      4.90000000	   -128.29808841	  -2586.57826973	    637.30259431	     -0.96721923	     -0.20378892	      1.05060128	     -0.18981704	      0.77389713	     -0.49346694
      4.90500000	   -159.52162069	  -2542.84861193	    636.19379382	     -1.08306616	     -0.16723865	      1.05475437	     -0.18843847	      0.77722952	     -0.49350172
      4.91000000	   -186.17378738	  -2480.14840170	    629.07846683	     -1.21699509	     -0.10174154	      1.03779946	     -0.18696124	      0.78093053	     -0.49350692
      4.91500000	   -213.93185773	  -2409.67153793	    619.47139136	     -1.33943257	     -0.04514579	      1.02468917	     -0.18539982	      0.78497751	     -0.49348292
      4.92000000	   -239.81121530	  -2340.58621654	    607.70383392	     -1.43921645	      0.00231598	      1.01370931	     -0.18376941	      0.78934617	     -0.49343015
      4.92500000	   -251.91080265	  -2228.71678832	    581.46399314	     -1.49834181	      0.05842817	      0.96717278	     -0.18208563	      0.79401121	     -0.49334923
      4.93000000	   -270.00227420	  -2111.65783902	    553.75607178	     -1.50303436	      0.07637835	      0.93694775	     -0.18036410	      0.79894654	     -0.49324081
      4.93500000	   -269.54831213	  -1929.38629179	    506.17815037	     -1.44436827	      0.10635806	      0.85538694	     -0.17862015	      0.80412579	     -0.49310564
      4.94000000	   -264.75169970	  -1747.53615794	    459.23541060	     -1.37654375	      0.13603290	      0.77187485	     -0.17686833	      0.80952277	     -0.49294460
      4.94500000	   -246.95597844	  -1508.77266146	    395.19134571	     -1.19967545	      0.14537127	      0.65942252	     -0.17512205	      0.81511179	     -0.49275862
      4.95000000	   -219.49035978	  -1296.42497168	    339.39428900	     -1.08592497	      0.18524004	      0.54127882	     -0.17339318	      0.82086812	     -0.49254878
      4.95500000	   -186.68136488	  -1076.71912682	    281.01818582	     -0.92263817	      0.21066106	      0.42180693	     -0.17169169	      0.82676830	     -0.49231631
      4.96000000	   -158.04989836	   -882.57445381	    230.40719170	     -0.76125660	      0.21985982	      0.32518623	     -0.17002531	      0.83279046	     -0.49206260
      4.96500000	   -119.19833152	   -695.20989163	    181.78319376	     -0.61833061	      0.26046392	      0.20911023	     -0.16839934	      0.83891446	     -0.49178923
      4.97000000	    -86.69477749	   -520.51597774	    138.36561933	     -0.44709451	      0.32957204	      0.08546799	     -0.16681649	      0.84512206	     -0.49149799
      4.97500000	    -67.70156417	   -397.98260832	    110.90062998	     -0.32359188	      0.41996668	     -0.01115419	     -0.16527682	      0.85139696	     -0.49119088
      4.98000000	    -54.67889570	   -308.72965580	     92.88103582	     -0.24005304	      0.48472153	     -0.07187197	     -0.16377784	      0.85772474	     -0.49087017
      4.98500000	    -44.88750033	   -246.92361964	     82.11702081	     -0.19485124	      0.55229492	     -0.12249879	     -0.16231473	      0.86409282	     -0.49053834
      4.99000000	    -38.63205727	   -222.88268136	     74.98117791	     -0.13372352	      0.59584333	     -0.14811212	     -0.16088057	      0.87048989	     -0.49019804
      4.99500000	   -106.42087064	   -288.20961126	    125.38316691	     -0.63608411	      0.24870985	      0.12037925	     -0.15946687	      0.87690607	     -0.48985219
      5.00000000	   -104.48988847	   -286.80249100	    122.69589315	     -0.63735958	      0.26383667	      0.10065386	     -0.15806396	      0.88333219	     -0.48950375
