IKResults
version=1
nRows=1000
nColumns=26
inDegrees=yes

Units are S.I. units (second, meters, Newtons, ...)
If the header above contains a line with 'inDegrees', this indicates whether rotational values are in degrees (yes) or radians (no).

endheader
time	pelvis_tilt	pelvis_list	pelvis_rotation	pelvis_tx	pelvis_ty	pelvis_tz	hip_flexion_r	hip_adduction_r	hip_rotation_r	knee_angle_r	knee_angle_r_beta	ankle_angle_r	subtalar_angle_r	mtp_angle_r	hip_flexion_l	hip_adduction_l	hip_rotation_l	knee_angle_l	knee_angle_l_beta	ankle_angle_l	subtalar_angle_l	mtp_angle_l	lumbar_extension	lumbar_bending	lumbar_rotation
      0.00500000	      8.08010304	      0.83857566	      9.30821889	     -0.07005249	      0.96729259	     -0.57512467	    -12.60077582	     -4.34344712	    -13.72484449	     18.29213319	      0.31925795	     -6.15213787	      0.00000000	      0.00000000	     -9.84681250	    -10.15682434	     -7.37599277	     18.91143239	      0.33006676	    -17.19342940	      0.00000000	      0.00000000	    -14.56045015	      0.13904993	     -3.81441527
      0.01000000	      7.88514594	      0.82248240	      9.16080387	     -0.06899830	      0.97323763	     -0.57501816	    -13.01826954	     -4.24689943	    -13.41901932	     16.60275209	      0.28977269	     -8.64093137	      0.00000000	      0.00000000	    -10.33326083	    -10.04567696	     -7.63439184	     17.15998261	      0.29949820	    -19.68330560	      0.00000000	      0.00000000	    -14.07350482	      0.09407309	     -3.77547351
      0.01500000	      7.67153114	      0.80034349	      9.03505830	     -0.06805972	      0.97897057	     -0.57493906	    -13.38236339	     -4.15315923	    -13.09881586	     14.97733435	      0.26140380	    -11.00582953	      0.00000000	      0.00000000	    -10.73389292	     -9.94294790	     -7.85128375	     15.52305407	      0.27092840	    -22.02503199	      0.00000000	      0.00000000	    -13.57915211	      0.05243125	     -3.71741024
      0.02000000	      7.42753036	      0.77057159	      8.92184059	     -0.06722222	      0.98456454	     -0.57487142	    -13.67890732	     -4.06450733	    -12.76479131	     13.42602919	      0.23432841	    -13.28845314	      0.00000000	      0.00000000	    -11.04393466	     -9.84983664	     -8.04037247	     13.99702249	      0.24429413	    -24.23980240	      0.00000000	      0.00000000	    -13.06364265	      0.01932995	     -3.67016070
      0.02500000	      7.16812550	      0.74036578	      8.82412369	     -0.06648571	      0.98997930	     -0.57481438	    -13.92201611	     -3.98414216	    -12.42552274	     11.95226543	      0.20860638	    -15.45401314	      0.00000000	      0.00000000	    -11.27922229	     -9.76061852	     -8.19781610	     12.57716165	      0.21951288	    -26.30981088	      0.00000000	      0.00000000	    -12.54637104	     -0.01433272	     -3.62362083
      0.03000000	      6.89132750	      0.71604603	      8.73902080	     -0.06584984	      0.99522290	     -0.57475983	    -14.10043154	     -3.91875196	    -12.08493517	     10.57745654	      0.18461144	    -17.48587601	      0.00000000	      0.00000000	    -11.44116785	     -9.66719312	     -8.31553543	     11.26060879	      0.19653470	    -28.24042840	      0.00000000	      0.00000000	    -12.02908755	     -0.05441627	     -3.58477040
      0.03500000	      6.60377134	      0.70005656	      8.66320490	     -0.06531307	      1.00028265	     -0.57470287	    -14.21316080	     -3.87340571	    -11.75960420	      9.31900580	      0.16264733	    -19.37412439	      0.00000000	      0.00000000	    -11.53793366	     -9.56829943	     -8.40485512	     10.04803139	      0.17537123	    -30.01476827	      0.00000000	      0.00000000	    -11.52042892	     -0.10293791	     -3.55769082
      0.04000000	      6.31178813	      0.69121075	      8.60127579	     -0.06486114	      1.00516227	     -0.57463788	    -14.28205719	     -3.83912554	    -11.45045574	      8.15166447	      0.14227338	    -21.11683774	      0.00000000	      0.00000000	    -11.57591631	     -9.46925057	     -8.46672342	      8.94160787	      0.15606050	    -31.63509020	      0.00000000	      0.00000000	    -11.02820717	     -0.15767858	     -3.54563983
      0.04500000	      6.01884721	      0.69148647	      8.54971259	     -0.06448524	      1.00986065	     -0.57455951	    -14.30593504	     -3.81918010	    -11.16792320	      7.08705493	      0.12369244	    -22.71434660	      0.00000000	      0.00000000	    -11.56031564	     -9.36789120	     -8.51120133	      7.94279612	      0.13862794	    -33.09858098	      0.00000000	      0.00000000	    -10.55622827	     -0.22066602	     -3.54765455
      0.05000000	      5.72687799	      0.70241388	      8.50731186	     -0.06418036	      1.01437403	     -0.57446972	    -14.28182903	     -3.81671543	    -10.92219779	      6.13762942	      0.10712184	    -24.15588731	      0.00000000	      0.00000000	    -11.49570602	     -9.26249690	     -8.54085938	      7.05090079	      0.12306143	    -34.40884624	      0.00000000	      0.00000000	    -10.10749619	     -0.29391852	     -3.55779449
      0.05500000	      5.44080183	      0.72058147	      8.47197004	     -0.06393479	      1.01870325	     -0.57436743	    -14.22030663	     -3.82614545	    -10.71268642	      5.29559466	      0.09242556	    -25.44419186	      0.00000000	      0.00000000	    -11.38815256	     -9.15667138	     -8.56809455	      6.26786246	      0.10939484	    -35.55084968	      0.00000000	      0.00000000	     -9.68499139	     -0.37319467	     -3.57901311
      0.06000000	      5.16477867	      0.74363658	      8.44483844	     -0.06373617	      1.02285062	     -0.57425758	    -14.12779793	     -3.84355439	    -10.54370253	      4.55891972	      0.07956816	    -26.58387877	      0.00000000	      0.00000000	    -11.24420870	     -9.05289515	     -8.59342915	      5.59247749	      0.09760715	    -36.51676485	      0.00000000	      0.00000000	     -9.29249716	     -0.45536050	     -3.60591714
      0.06500000	      4.90215808	      0.76929276	      8.42550777	     -0.06357128	      1.02681653	     -0.57414536	    -14.00176376	     -3.86860518	    -10.43150274	      3.94119463	      0.06878682	    -27.56801839	      0.00000000	      0.00000000	    -11.07318807	     -8.95256479	     -8.61639238	      5.01751918	      0.08757223	    -37.29640348	      0.00000000	      0.00000000	     -8.93083112	     -0.53771760	     -3.63807930
      0.07000000	      4.65598637	      0.79483459	      8.41471068	     -0.06342834	      1.03059684	     -0.57403679	    -13.85227871	     -3.89587724	    -10.37051804	      3.43103260	      0.05988282	    -28.38103348	      0.00000000	      0.00000000	    -10.88226896	     -8.85859931	     -8.63629346	      4.53985083	      0.07923534	    -37.87170959	      0.00000000	      0.00000000	     -8.59969671	     -0.61718690	     -3.67555655
      0.07500000	      4.43373194	      0.81764577	      8.40696009	     -0.06329454	      1.03419592	     -0.57393508	    -13.69108565	     -3.92265335	    -10.35905155	      3.02230908	      0.05274924	    -29.02583567	      0.00000000	      0.00000000	    -10.68776951	     -8.77225023	     -8.66099275	      4.14968600	      0.07242568	    -38.23068963	      0.00000000	      0.00000000	     -8.30464469	     -0.68931479	     -3.71240938
      0.08000000	      4.24118250	      0.83570991	      8.40595536	     -0.06314882	      1.03761341	     -0.57384448	    -13.53177638	     -3.94329709	    -10.40260049	      2.70269691	      0.04717096	    -29.50352135	      0.00000000	      0.00000000	    -10.50511116	     -8.69661935	     -8.68347235	      3.83187630	      0.06687886	    -38.38235475	      0.00000000	      0.00000000	     -8.04912770	     -0.75109846	     -3.74864633
      0.08500000	      4.08256041	      0.84976644	      8.40940843	     -0.06297445	      1.04084663	     -0.57376879	    -13.38372648	     -3.95643132	    -10.49756064	      2.46528654	      0.04302737	    -29.79959286	      0.00000000	      0.00000000	    -10.34930764	     -8.62996541	     -8.70403525	      3.57065434	      0.06231967	    -38.34416568	      0.00000000	      0.00000000	     -7.83539667	     -0.80160409	     -3.78857033
      0.09000000	      3.96392786	      0.85840946	      8.41409075	     -0.06276260	      1.04390059	     -0.57371250	    -13.26180238	     -3.95858552	    -10.63070950	      2.29385603	      0.04003534	    -29.91808315	      0.00000000	      0.00000000	    -10.23571673	     -8.57257310	     -8.72573083	      3.35050649	      0.05847737	    -38.13711985	      0.00000000	      0.00000000	     -7.66768260	     -0.83799805	     -3.82624259
      0.09500000	      3.88639688	      0.86204144	      8.41619765	     -0.06251141	      1.04677557	     -0.57367399	    -13.16429154	     -3.95123304	    -10.79389605	      2.19022968	      0.03822672	    -29.86599247	      0.00000000	      0.00000000	    -10.17437568	     -8.52174972	     -8.74643210	      3.15381126	      0.05504439	    -37.79250789	      0.00000000	      0.00000000	     -7.54856897	     -0.85907868	     -3.86128407
      0.10000000	      3.85046509	      0.86096490	      8.41929412	     -0.06221912	      1.04947117	     -0.57365158	    -13.10442246	     -3.93089620	    -10.96949445	      2.12803991	      0.03714130	    -29.66502926	      0.00000000	      0.00000000	    -10.16909156	     -8.47830128	     -8.75941471	      2.96928065	      0.05182372	    -37.34680489	      0.00000000	      0.00000000	     -7.47922358	     -0.86450176	     -3.90203912
      0.10500000	      3.85400558	      0.85950552	      8.41625956	     -0.06189453	      1.05198411	     -0.57363987	    -13.08781281	     -3.90354725	    -11.12755349	      2.08670085	      0.03641980	    -29.33208434	      0.00000000	      0.00000000	    -10.21866714	     -8.43533469	     -8.77518845	      2.79353106	      0.04875631	    -36.81840850	      0.00000000	      0.00000000	     -7.45826877	     -0.85943330	     -3.94267503
      0.11000000	      3.89366829	      0.85698940	      8.40779999	     -0.06155260	      1.05431351	     -0.57363643	    -13.11621959	     -3.86793871	    -11.25493079	      2.04982784	      0.03577624	    -28.90517106	      0.00000000	      0.00000000	    -10.31720457	     -8.39369342	     -8.79228543	      2.62405207	      0.04579835	    -36.22908621	      0.00000000	      0.00000000	     -7.48189246	     -0.84567829	     -3.97255110
      0.11500000	      3.96190233	      0.85706621	      8.39184642	     -0.06120807	      1.05645009	     -0.57363045	    -13.18388258	     -3.82824090	    -11.33094982	      2.00545417	      0.03500178	    -28.41629738	      0.00000000	      0.00000000	    -10.45238979	     -8.34914683	     -8.81440800	      2.46414827	      0.04300750	    -35.59401190	      0.00000000	      0.00000000	     -7.54469846	     -0.82795244	     -3.99338464
      0.12000000	      4.05590714	      0.86153104	      8.37053735	     -0.06087256	      1.05839423	     -0.57361890	    -13.29704137	     -3.78547205	    -11.34974471	      1.93288465	      0.03373520	    -27.90310690	      0.00000000	      0.00000000	    -10.61559977	     -8.30149169	     -8.84338483	      2.31896302	      0.04047354	    -34.92958086	      0.00000000	      0.00000000	     -7.64366179	     -0.80932016	     -4.00781536
      0.12500000	      4.16643532	      0.86981052	      8.33976675	     -0.06055946	      1.06013599	     -0.57359989	    -13.43424736	     -3.74407718	    -11.31484578	      1.84857436	      0.03226371	    -27.36766728	      0.00000000	      0.00000000	    -10.79230940	     -8.24927262	     -8.88750963	      2.19390306	      0.03829083	    -34.24413577	      0.00000000	      0.00000000	     -7.76763819	     -0.79282362	     -4.00128271
      0.13000000	      4.29005449	      0.87999313	      8.30382810	     -0.06028223	      1.06167750	     -0.57357527	    -13.58691847	     -3.70269274	    -11.24006176	      1.75828286	      0.03068783	    -26.83771328	      0.00000000	      0.00000000	    -10.97337504	     -8.19611496	     -8.94346568	      2.09225806	      0.03651679	    -33.56250891	      0.00000000	      0.00000000	     -7.91540180	     -0.77593041	     -3.98120713
      0.13500000	      4.41988954	      0.89346476	      8.26045741	     -0.06004734	      1.06300937	     -0.57353834	    -13.74364583	     -3.66580952	    -11.12291830	      1.66655220	      0.02908682	    -26.32619548	      0.00000000	      0.00000000	    -11.14825129	     -8.13979602	     -9.01665649	      2.01785361	      0.03521819	    -32.89345837	      0.00000000	      0.00000000	     -8.08018096	     -0.76028728	     -3.95330633
      0.14000000	      4.55092908	      0.90960564	      8.20897640	     -0.05986667	      1.06412642	     -0.57348862	    -13.88305488	     -3.63811536	    -10.98925261	      1.60214238	      0.02796266	    -25.83770233	      0.00000000	      0.00000000	    -11.30786405	     -8.08065603	     -9.10932721	      1.97478584	      0.03446651	    -32.24948166	      0.00000000	      0.00000000	     -8.25715935	     -0.74664767	     -3.92093505
      0.14500000	      4.68007448	      0.92562358	      8.15292669	     -0.05973830	      1.06502091	     -0.57342732	    -14.00450272	     -3.61522235	    -10.84583242	      1.55828871	      0.02719727	    -25.38571346	      0.00000000	      0.00000000	    -11.44496767	     -8.02283631	     -9.22340162	      1.96733750	      0.03433652	    -31.63843387	      0.00000000	      0.00000000	     -8.44334712	     -0.73394438	     -3.88174579
      0.15000000	      4.80278228	      0.94316486	      8.08954473	     -0.05966865	      1.06568623	     -0.57334593	    -14.10158429	     -3.60028344	    -10.68888613	      1.53550463	      0.02679961	    -24.98878345	      0.00000000	      0.00000000	    -11.55313189	     -7.96445603	     -9.36307890	      1.99773718	      0.03486709	    -31.06687642	      0.00000000	      0.00000000	     -8.63424685	     -0.72435163	     -3.83523763
      0.15500000	      4.91706929	      0.95983085	      8.02269575	     -0.05965437	      1.06611521	     -0.57324448	    -14.17096051	     -3.58978660	    -10.52528356	      1.53563053	      0.02680181	    -24.65621607	      0.00000000	      0.00000000	    -11.62651007	     -7.90962935	     -9.52798720	      2.07177403	      0.03615928	    -30.52303983	      0.00000000	      0.00000000	     -8.82374201	     -0.71723003	     -3.77899477
      0.16000000	      5.02088872	      0.97511583	      7.95255024	     -0.05970380	      1.06630651	     -0.57312574	    -14.20733958	     -3.58450079	    -10.36315094	      1.56237698	      0.02726862	    -24.39178043	      0.00000000	      0.00000000	    -11.66267199	     -7.85911237	     -9.71166947	      2.18938716	      0.03821201	    -30.01398967	      0.00000000	      0.00000000	     -9.01168401	     -0.71227419	     -3.71435325
      0.16500000	      5.11654085	      0.98791044	      7.88142758	     -0.05980557	      1.06625899	     -0.57299177	    -14.23109308	     -3.57761307	    -10.18189461	      1.58289664	      0.02762676	    -24.20643390	      0.00000000	      0.00000000	    -11.66336710	     -7.81576412	     -9.91541277	      2.35216227	      0.04105298	    -29.53314262	      0.00000000	      0.00000000	     -9.19864829	     -0.70890575	     -3.63223671
      0.17000000	      5.20074135	      0.99993299	      7.80541949	     -0.05996602	      1.06596786	     -0.57284267	    -14.22749115	     -3.57515037	     -9.98419499	      1.61797188	      0.02823894	    -24.09145601	      0.00000000	      0.00000000	    -11.62590248	     -7.77612902	    -10.13701825	      2.56055035	      0.04469003	    -29.07005971	      0.00000000	      0.00000000	     -9.38016550	     -0.70811026	     -3.53427172
      0.17500000	      5.27638079	      1.00935020	      7.73131178	     -0.06017576	      1.06543706	     -0.57269035	    -14.20284373	     -3.57251961	     -9.78446477	      1.66465305	      0.02905368	    -24.04311292	      0.00000000	      0.00000000	    -11.55421000	     -7.74387053	    -10.36362076	      2.81188747	      0.04907669	    -28.61882108	      0.00000000	      0.00000000	     -9.55934585	     -0.70576546	     -3.43291964
      0.18000000	      5.34464051	      1.01889192	      7.65710613	     -0.06043407	      1.06466704	     -0.57253590	    -14.15961605	     -3.57301090	     -9.58240036	      1.72175095	      0.03005022	    -24.05441065	      0.00000000	      0.00000000	    -11.45260569	     -7.71559163	    -10.59003891	      3.10221521	      0.05414387	    -28.18006877	      0.00000000	      0.00000000	     -9.73913302	     -0.70405707	     -3.32967715
      0.18500000	      5.40728808	      1.02942571	      7.58654630	     -0.06072359	      1.06365507	     -0.57238640	    -14.10106438	     -3.57642500	     -9.38586436	      1.79281728	      0.03129056	    -24.10859902	      0.00000000	      0.00000000	    -11.32508561	     -7.69092805	    -10.81343814	      3.42780411	      0.05982647	    -27.74202150	      0.00000000	      0.00000000	     -9.91752301	     -0.70429565	     -3.22246297
      0.19000000	      5.46493365	      1.04018813	      7.52114328	     -0.06104659	      1.06240291	     -0.57224628	    -14.02027514	     -3.58301483	     -9.20887372	      1.89394571	      0.03305559	    -24.18869536	      0.00000000	      0.00000000	    -11.17397933	     -7.67026734	    -11.02442351	      3.78503780	      0.06606137	    -27.30479291	      0.00000000	      0.00000000	    -10.09655040	     -0.70358695	     -3.12207916
      0.19500000	      5.51989961	      1.05084272	      7.46757236	     -0.06138734	      1.06091316	     -0.57212307	    -13.92640225	     -3.58904127	     -9.06071517	      2.01766690	      0.03521493	    -24.29138784	      0.00000000	      0.00000000	    -11.00442314	     -7.65540803	    -11.21338983	      4.16733809	      0.07273377	    -26.87884773	      0.00000000	      0.00000000	    -10.27773557	     -0.70045468	     -3.03759894
      0.20000000	      5.57430414	      1.06262918	      7.42562259	     -0.06173895	      1.05918389	     -0.57201652	    -13.82111627	     -3.59642304	     -8.94353148	      2.16912453	      0.03785836	    -24.40339147	      0.00000000	      0.00000000	    -10.82264696	     -7.64476814	    -11.37802902	      4.56753394	      0.07971851	    -26.47362051	      0.00000000	      0.00000000	    -10.46206254	     -0.69660836	     -2.96783563
      0.20500000	      5.62954828	      1.07509688	      7.39579330	     -0.06209659	      1.05721881	     -0.57193104	    -13.70543440	     -3.60454559	     -8.85955268	      2.35183066	      0.04104719	    -24.51427569	      0.00000000	      0.00000000	    -10.63307093	     -7.63790924	    -11.51530135	      4.97843692	      0.08689012	    -26.10632048	      0.00000000	      0.00000000	    -10.65082045	     -0.69063891	     -2.91309674
      0.21000000	      5.68850968	      1.08650062	      7.37932507	     -0.06246044	      1.05502293	     -0.57186563	    -13.58286766	     -3.61008747	     -8.81003742	      2.56532060	      0.04477329	    -24.63433928	      0.00000000	      0.00000000	    -10.44074651	     -7.63649465	    -11.61996741	      5.39415293	      0.09414573	    -25.79365678	      0.00000000	      0.00000000	    -10.84666668	     -0.68052631	     -2.87362466
      0.21500000	      5.75319016	      1.09758840	      7.37693373	     -0.06282276	      1.05260041	     -0.57182367	    -13.45506382	     -3.61522167	     -8.80158190	      2.81304800	      0.04909695	    -24.77202486	      0.00000000	      0.00000000	    -10.25074600	     -7.63958661	    -11.69058332	      5.80783139	      0.10136578	    -25.55387153	      0.00000000	      0.00000000	    -11.04998414	     -0.66709361	     -2.84725399
      0.22000000	      5.82553026	      1.11053836	      7.38492142	     -0.06318056	      1.04995229	     -0.57179920	    -13.32463376	     -3.62196560	     -8.82812449	      3.09446379	      0.05400858	    -24.93469674	      0.00000000	      0.00000000	    -10.06584606	     -7.64442356	    -11.73220846	      6.21985375	      0.10855693	    -25.39315609	      0.00000000	      0.00000000	    -11.26297742	     -0.65362789	     -2.82788812
      0.22500000	      5.90855744	      1.12128559	      7.40374370	     -0.06353074	      1.04708572	     -0.57179592	    -13.19607758	     -3.62574556	     -8.88479450	      3.40584781	      0.05944326	    -25.13255537	      0.00000000	      0.00000000	     -9.88742613	     -7.65575381	    -11.74843559	      6.63278648	      0.11576396	    -25.32059949	      0.00000000	      0.00000000	    -11.48830751	     -0.63457455	     -2.81357922
      0.23000000	      6.00339826	      1.13047926	      7.43392747	     -0.06386791	      1.04399776	     -0.57181081	    -13.07089152	     -3.62697613	     -8.97571112	      3.75006718	      0.06545102	    -25.37774736	      0.00000000	      0.00000000	     -9.71365988	     -7.67432706	    -11.74356544	      7.05398979	      0.12311535	    -25.33255852	      0.00000000	      0.00000000	    -11.72650269	     -0.61112354	     -2.80608751
      0.23500000	      6.11043728	      1.13664707	      7.47511644	     -0.06418634	      1.04068852	     -0.57184105	    -12.94833129	     -3.62462210	     -9.10001613	      4.13536437	      0.07217572	    -25.63904135	      0.00000000	      0.00000000	     -9.54183259	     -7.70319204	    -11.72171748	      7.49164448	      0.13075386	    -25.42316019	      0.00000000	      0.00000000	    -11.97797885	     -0.58093445	     -2.80912173
      0.24000000	      6.22958422	      1.13745872	      7.52509001	     -0.06448670	      1.03715610	     -0.57187881	    -12.82643513	     -3.61574214	     -9.24735448	      4.57547384	      0.07985708	    -25.86532892	      0.00000000	      0.00000000	     -9.36837109	     -7.74568519	    -11.69024823	      7.95475891	      0.13883673	    -25.57758556	      0.00000000	      0.00000000	    -12.24353576	     -0.54109215	     -2.82578995
      0.24500000	      6.36111136	      1.12730642	      7.58247260	     -0.06477752	      1.03340610	     -0.57192690	    -12.70109518	     -3.59759302	     -9.40920571	      5.09298808	      0.08888941	    -25.95864323	      0.00000000	      0.00000000	     -9.19127197	     -7.80745522	    -11.64735757	      8.44859709	      0.14745584	    -25.78260320	      0.00000000	      0.00000000	    -12.52193460	     -0.48605027	     -2.84732377
      0.25000000	      6.50033855	      1.10833294	      7.64405624	     -0.06507955	      1.02943321	     -0.57197924	    -12.56045846	     -3.57653898	     -9.57876725	      5.72029420	      0.09983797	    -25.81260300	      0.00000000	      0.00000000	     -9.00303924	     -7.88486359	    -11.58783264	      8.98364055	      0.15679411	    -25.99601360	      0.00000000	      0.00000000	    -12.81045688	     -0.41922784	     -2.87300355
      0.25500000	      6.64746820	      1.07367145	      7.71819026	     -0.06539499	      1.02524706	     -0.57204923	    -12.41042693	     -3.54459320	     -9.74320883	      6.46392880	      0.11281684	    -25.32730081	      0.00000000	      0.00000000	     -8.80019472	     -7.98669287	    -11.49509465	      9.57370142	      0.16709261	    -26.15869963	      0.00000000	      0.00000000	    -13.10805796	     -0.33053703	     -2.91119590
      0.26000000	      6.80480026	      1.01938354	      7.81432728	     -0.06572946	      1.02086030	     -0.57215516	    -12.25864116	     -3.49569947	     -9.91133931	      7.32609052	      0.12786440	    -24.46685852	      0.00000000	      0.00000000	     -8.58271067	     -8.11873322	    -11.34823948	     10.23345258	      0.17860744	    -26.20115755	      0.00000000	      0.00000000	    -13.41835596	     -0.21221953	     -2.97054880
      0.26500000	      6.97628686	      0.94313399	      7.94484508	     -0.06608416	      1.01629156	     -0.57231986	    -12.12122107	     -3.42187216	    -10.08747908	      8.28523716	      0.14460467	    -23.24242182	      0.00000000	      0.00000000	     -8.35568448	     -8.28504461	    -11.11606824	     10.97368976	      0.19152702	    -26.05153981	      0.00000000	      0.00000000	    -13.74248093	     -0.06047836	     -3.04892501
      0.27000000	      7.16670705	      0.84626205	      8.11927748	     -0.06644478	      1.01155913	     -0.57255497	    -12.01402278	     -3.31874309	    -10.28665389	      9.31345440	      0.16255044	    -21.72834504	      0.00000000	      0.00000000	     -8.12666240	     -8.48724793	    -10.78333771	     11.80522936	      0.20604012	    -25.64771838	      0.00000000	      0.00000000	    -14.08544712	      0.12752545	     -3.16524060
      0.27500000	      7.39136858	      0.72775436	      8.34402237	     -0.06677428	      1.00670003	     -0.57286785	    -11.96471288	     -3.17652377	    -10.52043742	     10.37254322	      0.18103503	    -20.01856694	      0.00000000	      0.00000000	     -7.92098615	     -8.73066964	    -10.34921709	     12.72443904	      0.22208336	    -24.95831240	      0.00000000	      0.00000000	    -14.45872880	      0.35660549	     -3.32347740
      0.28000000	      7.65553923	      0.59845895	      8.60361610	     -0.06705967	      1.00174108	     -0.57323697	    -11.97395754	     -3.00695987	    -10.78930456	     11.44878560	      0.19981900	    -18.18814994	      0.00000000	      0.00000000	     -7.75817932	     -9.00218651	     -9.83623960	     13.71603939	      0.23939005	    -23.98910666	      0.00000000	      0.00000000	    -14.86832423	      0.61260097	     -3.50765778
      0.28500000	      7.96053821	      0.47146151	      8.87591821	     -0.06729289	      0.99669784	     -0.57362246	    -12.03436852	     -2.82678313	    -11.06234959	     12.53388997	      0.21875765	    -16.26446484	      0.00000000	      0.00000000	     -7.65141654	     -9.28541316	     -9.27807818	     14.76560903	      0.25770849	    -22.75877865	      0.00000000	      0.00000000	    -15.31491416	      0.87622283	     -3.70262008
      0.29000000	      8.30149961	      0.36003556	      9.13595383	     -0.06748520	      0.99157209	     -0.57398644	    -12.12029366	     -2.66139844	    -11.32487151	     13.64522889	      0.23815417	    -14.24553694	      0.00000000	      0.00000000	     -7.60263346	     -9.56113911	     -8.71035384	     15.86008292	      0.27681067	    -21.29474300	      0.00000000	      0.00000000	    -15.80051026	      1.12938751	     -3.89781906
      0.29500000	      8.66469236	      0.27447388	      9.36504464	     -0.06766315	      0.98635029	     -0.57430032	    -12.19242517	     -2.53266292	    -11.56412739	     14.81463349	      0.25856413	    -12.12268408	      0.00000000	      0.00000000	     -7.59632955	     -9.81143326	     -8.14916206	     16.99315651	      0.29658653	    -19.62277821	      0.00000000	      0.00000000	    -16.31435783	      1.35309115	     -4.07178383
      0.30000000	      9.02668583	      0.21776587	      9.55366209	     -0.06788521	      0.98099342	     -0.57454910	    -12.20328636	     -2.45510010	    -11.77331894	     16.07344607	      0.28053456	     -9.89107412	      0.00000000	      0.00000000	     -7.58972774	    -10.02714469	     -7.59219020	     18.18003342	      0.31730144	    -17.75869053	      0.00000000	      0.00000000	    -16.83977829	      1.53767852	     -4.21525334
      0.30500000	      9.36545192	      0.18310531	      9.70506726	     -0.06820587	      0.97545021	     -0.57473393	    -12.11246532	     -2.42941007	    -11.95796223	     17.44912012	      0.30454460	     -7.56764805	      0.00000000	      0.00000000	     -7.53111207	    -10.21317000	     -7.02553761	     19.44949254	      0.33945768	    -15.71551979	      0.00000000	      0.00000000	    -17.35833781	      1.68721363	     -4.33154987
      0.31000000	      9.66306907	      0.15107537	      9.83922986	     -0.06866876	      0.96968185	     -0.57488655	    -11.89532368	     -2.43748031	    -12.14538249	     18.95173060	      0.33077010	     -5.18818457	      0.00000000	      0.00000000	     -7.36500844	    -10.39099201	     -6.42577190	     20.83650665	      0.36366565	    -13.51402602	      0.00000000	      0.00000000	    -17.85222153	      1.82382430	     -4.43116855
      0.31500000	      9.90499746	      0.10071310	      9.97450112	     -0.06930404	      0.96365413	     -0.57503207	    -11.53420066	     -2.45759600	    -12.35436319	     20.58932637	      0.35935154	     -2.78115759	      0.00000000	      0.00000000	     -7.03802372	    -10.58583521	     -5.78342682	     22.38342519	      0.39066447	    -11.17860372	      0.00000000	      0.00000000	    -18.30189959	      1.97137674	     -4.52292785
      0.32000000	     10.08938369	      0.00789806	     10.13192122	     -0.07012898	      0.95736078	     -0.57520935	    -11.03461169	     -2.46211410	    -12.60391187	     22.34978840	      0.39007739	     -0.37492756	      0.00000000	      0.00000000	     -6.51781047	    -10.82838237	     -5.09595084	     24.12148540	      0.42099934	     -8.72785251	      0.00000000	      0.00000000	    -18.70235683	      2.16429731	     -4.62099916
      0.32500000	     10.21698200	     -0.13924702	     10.32071389	     -0.07113415	      0.95082304	     -0.57544719	    -10.40741705	     -2.43850214	    -12.89640179	     24.21598570	      0.42264868	      2.03122799	      0.00000000	      0.00000000	     -5.79798743	    -11.12923375	     -4.37062309	     26.05196317	      0.45469253	     -6.18676332	      0.00000000	      0.00000000	    -19.04851082	      2.41984075	     -4.73253388
      0.33000000	     10.29919100	     -0.33952596	     10.54621845	     -0.07229999	      0.94410181	     -0.57577229	     -9.67651019	     -2.38763837	    -13.23730082	     26.16946916	      0.45674340	      4.44561463	      0.00000000	      0.00000000	     -4.90237374	    -11.48144737	     -3.61614582	     28.14716804	      0.49126076	     -3.59564610	      0.00000000	      0.00000000	    -19.34921152	      2.74243357	     -4.86050353
      0.33500000	     10.34498911	     -0.58268530	     10.79802838	     -0.07360875	      0.93726474	     -0.57618439	     -8.86114514	     -2.32059030	    -13.60794155	     28.19012744	      0.49201054	      6.86546267	      0.00000000	      0.00000000	     -3.86484431	    -11.86614298	     -2.85338884	     30.36746410	      0.53001223	     -0.98430654	      0.00000000	      0.00000000	    -19.61256421	      3.12273425	     -4.99697240
      0.34000000	     10.36581969	     -0.85720338	     11.06913687	     -0.07504297	      0.93039659	     -0.57668081	     -7.98245314	     -2.24632254	    -13.99337525	     30.25723506	      0.52808837	      9.28116703	      0.00000000	      0.00000000	     -2.72520494	    -12.26603503	     -2.09738013	     32.66655617	      0.57013896	      1.61382923	      0.00000000	      0.00000000	    -19.85076801	      3.54993438	     -5.14213447
      0.34500000	     10.36678799	     -1.14904301	     11.34868157	     -0.07657634	      0.92358194	     -0.57723727	     -7.05744982	     -2.17398219	    -14.37524784	     32.34543038	      0.56453426	     11.67528563	      0.00000000	      0.00000000	     -1.51775752	    -12.66017490	     -1.36514168	     34.99723191	      0.61081693	      4.15944123	      0.00000000	      0.00000000	    -20.06829695	      4.00326981	     -5.29005498
      0.35000000	     10.35329438	     -1.44836666	     11.62456085	     -0.07819018	      0.91688786	     -0.57782566	     -6.09332390	     -2.11225425	    -14.74438634	     34.44840909	      0.60123816	     14.01772211	      0.00000000	      0.00000000	     -0.26865472	    -13.03567144	     -0.68056588	     37.32704845	      0.65147990	      6.61867943	      0.00000000	      0.00000000	    -20.27108266	      4.46832688	     -5.43107909
      0.35500000	     10.32857564	     -1.75256086	     11.88565518	     -0.07984416	      0.91038274	     -0.57841552	     -5.10611398	     -2.05557182	    -15.08620321	     36.53578784	      0.63766979	     16.25997759	      0.00000000	      0.00000000	      0.99745677	    -13.39068990	     -0.06368812	     39.62282254	      0.69154871	      8.96774236	      0.00000000	      0.00000000	    -20.45813878	      4.93694943	     -5.56000456
      0.36000000	     10.29152295	     -2.05253344	     12.11791875	     -0.08149434	      0.90411575	     -0.57897502	     -4.09831981	     -2.01137716	    -15.39441238	     38.60248351	      0.67374044	     18.38377592	      0.00000000	      0.00000000	      2.25926478	    -13.71751780	      0.46550956	     41.85773858	      0.73055536	     11.18202098	      0.00000000	      0.00000000	    -20.62676843	      5.39183204	     -5.66574947
      0.36500000	     10.24520630	     -2.34143195	     12.31376239	     -0.08308293	      0.89814336	     -0.57948367	     -3.09057301	     -1.97949132	    -15.66404059	     40.61642198	      0.70889029	     20.35067064	      0.00000000	      0.00000000	      3.48992124	    -14.01375157	      0.89352609	     44.00395954	      0.76801398	     13.25275217	      0.00000000	      0.00000000	    -20.77723772	      5.82098497	     -5.74007792
      0.37000000	     10.18740330	     -2.61093350	     12.46376025	     -0.08456736	      0.89249211	     -0.57993159	     -2.08922201	     -1.96781280	    -15.88960550	     42.56367334	      0.74287624	     22.15090644	      0.00000000	      0.00000000	      4.67235805	    -14.27543737	      1.20983369	     46.04670085	      0.80366654	     15.17679644	      0.00000000	      0.00000000	    -20.90564847	      6.21234226	     -5.77804801
      0.37500000	     10.12098145	     -2.85705512	     12.57095406	     -0.08590374	      0.88719828	     -0.58031417	     -1.11699794	     -1.96985782	    -16.06805440	     44.41491374	      0.77518648	     23.77921734	      0.00000000	      0.00000000	      5.78843769	    -14.50668008	      1.42138168	     47.96956057	      0.83722677	     16.95174685	      0.00000000	      0.00000000	    -21.01187437	      6.56074759	     -5.78459707
      0.38000000	     10.04362367	     -3.07228857	     12.63514604	     -0.08707956	      0.88226681	     -0.58063097	     -0.17705145	     -1.99315065	    -16.19744920	     46.16687014	      0.80576389	     25.25641105	      0.00000000	      0.00000000	      6.82997980	    -14.70513190	      1.53583419	     49.76435944	      0.86855192	     18.58486144	      0.00000000	      0.00000000	    -21.09434163	      6.85721506	     -5.76193411
      0.38500000	      9.96055206	     -3.25846649	     12.66829588	     -0.08809584	      0.87771540	     -0.58089674	      0.71152658	     -2.03072646	    -16.28607200	     47.79708542	      0.83421651	     26.58364269	      0.00000000	      0.00000000	      7.78924117	    -14.87730003	      1.57760824	     51.42099661	      0.89746570	     20.07757719	      0.00000000	      0.00000000	    -21.15611893	      7.10764910	     -5.72117537
      0.39000000	      9.87255504	     -3.41132990	     12.67614182	     -0.08896528	      0.87354881	     -0.58111458	      1.54015036	     -2.08437033	    -16.33625530	     49.29662734	      0.86038846	     27.77681596	      0.00000000	      0.00000000	      8.66086172	    -15.01928357	      1.56887676	     52.92731320	      0.92375588	     21.42025992	      0.00000000	      0.00000000	    -21.19841932	      7.30946425	     -5.67323947
      0.39500000	      9.78886599	     -3.52910145	     12.66783708	     -0.08970118	      0.86978999	     -0.58127912	      2.28757809	     -2.14899247	    -16.35355000	     50.64770496	      0.88396921	     28.84594876	      0.00000000	      0.00000000	      9.42975714	    -15.13323352	      1.53001486	     54.26397071	      0.94708495	     22.60507304	      0.00000000	      0.00000000	    -21.23134975	      7.46393278	     -5.62861712
      0.40000000	      9.71445281	     -3.61289758	     12.64872964	     -0.09032800	      0.86646293	     -0.58139776	      2.94085757	     -2.22210984	    -16.34490327	     51.83204317	      0.90463981	     29.77790120	      0.00000000	      0.00000000	     10.08622990	    -15.22095213	      1.47591291	     55.41406321	      0.96715785	     23.62395505	      0.00000000	      0.00000000	    -21.26069490	      7.57588110	     -5.59276015
      0.40500000	      9.67949899	     -3.68058228	     12.64259938	     -0.09084483	      0.86365695	     -0.58151383	      3.42983674	     -2.27166735	    -16.34765823	     52.73458741	      0.92039218	     29.98984739	      0.00000000	      0.00000000	     10.59797283	    -15.30572213	      1.43349150	     56.35159734	      0.98352091	     24.45504527	      0.00000000	      0.00000000	    -21.31217779	      7.67922702	     -5.57648794
      0.41000000	      9.66181307	     -3.71162991	     12.63270511	     -0.09127858	      0.86132249	     -0.58158651	      3.79933864	     -2.33029131	    -16.34215128	     53.43709223	      0.93265320	     29.99516463	      0.00000000	      0.00000000	     10.98127045	    -15.36431013	      1.38665997	     57.08080604	      0.99624801	     25.10971869	      0.00000000	      0.00000000	    -21.36955982	      7.74077272	     -5.57281252
      0.41500000	      9.65462830	     -3.70139326	     12.61540750	     -0.09163926	      0.85945145	     -0.58160777	      4.06403252	     -2.40900432	    -16.32973796	     53.96888251	      0.94193469	     29.99665704	      0.00000000	      0.00000000	     11.24100448	    -15.39245492	      1.32770617	     57.60259983	      1.00535502	     25.59453908	      0.00000000	      0.00000000	    -21.42675917	      7.75261225	     -5.58186125
      0.42000000	      9.64851124	     -3.65510508	     12.59047905	     -0.09192933	      0.85803937	     -0.58158500	      4.23739350	     -2.50620634	    -16.31344209	     54.33320710	      0.94829336	     29.99732051	      0.00000000	      0.00000000	     11.39275922	    -15.39391210	      1.25223561	     57.92570883	      1.01099434	     25.91764087	      0.00000000	      0.00000000	    -21.47117954	      7.71891898	     -5.59983961
      0.42500000	      9.63624799	     -3.57363316	     12.55903069	     -0.09213611	      0.85707800	     -0.58151852	      4.32995916	     -2.62498013	    -16.30168932	     54.53614865	      0.95183536	     29.99766520	      0.00000000	      0.00000000	     11.44920005	    -15.36744808	      1.15534424	     58.06185444	      1.01337053	     26.09039488	      0.00000000	      0.00000000	    -21.49083662	      7.63863270	     -5.62987088
      0.43000000	      9.61946903	     -3.46836629	     12.53023731	     -0.09222620	      0.85659048	     -0.58142259	      4.33658872	     -2.75224847	    -16.31103316	     54.57352152	      0.95248763	     29.99784392	      0.00000000	      0.00000000	     11.41737821	    -15.32526556	      1.03514141	     58.02157867	      1.01266759	     26.12322707	      0.00000000	      0.00000000	    -21.47886897	      7.52639934	     -5.67563932
      0.43500000	      9.59278034	     -3.34421467	     12.49750709	     -0.09218874	      0.85659121	     -0.58129414	      4.27282269	     -2.88435875	    -16.33427185	     54.45804949	      0.95047227	     29.99790664	      0.00000000	      0.00000000	     11.30547971	    -15.26954845	      0.87928650	     57.81505113	      1.00906300	     26.01902972	      0.00000000	      0.00000000	    -21.42929298	      7.38545705	     -5.73431978
      0.44000000	      9.55464626	     -3.20768563	     12.45843549	     -0.09201362	      0.85709879	     -0.58112850	      4.14458913	     -3.01034857	    -16.36428807	     54.19197431	      0.94582838	     29.99786515	      0.00000000	      0.00000000	     11.12205652	    -15.20635935	      0.67808832	     57.45618151	      1.00279954	     25.78256939	      0.00000000	      0.00000000	    -21.33848074	      7.21954460	     -5.78775065
      0.44500000	      9.51261633	     -3.05971065	     12.41199195	     -0.09167764	      0.85814541	     -0.58092279	      3.94386242	     -3.12622998	    -16.40337264	     53.77816321	      0.93860601	     29.99770655	      0.00000000	      0.00000000	     10.85789069	    -15.13756504	      0.42078593	     56.94787054	      0.99392784	     25.40885351	      0.00000000	      0.00000000	    -21.21311759	      7.02969995	     -5.83288049
      0.45000000	      9.47264195	     -2.90065551	     12.35539378	     -0.09117219	      0.85975709	     -0.58067530	      3.66698981	     -3.22962929	    -16.44736974	     53.22110582	      0.92888353	     29.99736700	      0.00000000	      0.00000000	     10.50644805	    -15.06382889	      0.09737593	     56.29373098	      0.98251095	     24.89510606	      0.00000000	      0.00000000	    -21.06188956	      6.81593252	     -5.85870462
      0.45500000	      9.43305857	     -2.72504425	     12.27783720	     -0.09050780	      0.86193210	     -0.58037106	      3.32382004	     -3.32563377	    -16.47660097	     52.53006809	      0.91682264	     29.99665688	      0.00000000	      0.00000000	     10.06618154	    -14.97749143	     -0.30263921	     55.49582201	      0.96858482	     24.23598342	      0.00000000	      0.00000000	    -20.88827412	      6.56918714	     -5.85813679
      0.46000000	      9.39828160	     -2.53017805	     12.17871340	     -0.08968499	      0.86466571	     -0.58000524	      2.91036663	     -3.41639423	    -16.48644893	     51.70726314	      0.90246199	     29.99484267	      0.00000000	      0.00000000	      9.53315411	    -14.87500126	     -0.77915594	     54.55510579	      0.95216622	     23.42249200	      0.00000000	      0.00000000	    -20.69734615	      6.28541227	     -5.82527163
      0.46500000	      9.36810044	     -2.31118006	     12.05737591	     -0.08870777	      0.86793804	     -0.57957834	      2.43022199	     -3.51197946	    -16.47909829	     50.76350307	      0.88599027	     29.98480021	      0.00000000	      0.00000000	      8.90596600	    -14.74760943	     -1.32765862	     53.46786084	      0.93319022	     22.44392487	      0.00000000	      0.00000000	    -20.49210712	      5.96154032	     -5.77376916
      0.47000000	      9.36545599	     -2.08487855	     11.93551500	     -0.08756900	      0.87178236	     -0.57913699	      1.82894684	     -3.58521536	    -16.48201889	     49.59903949	      0.86566654	     29.38152609	      0.00000000	      0.00000000	      8.16707206	    -14.61069755	     -1.91675868	     52.22213622	      0.91144822	     21.28487918	      0.00000000	      0.00000000	    -20.29300154	      5.63000669	     -5.71648893
      0.47500000	      9.38743415	     -1.85133758	     11.81292361	     -0.08628541	      0.87615503	     -0.57868077	      1.11168538	     -3.63629249	    -16.48888843	     48.21520779	      0.84151413	     28.18148985	      0.00000000	      0.00000000	      7.32265664	    -14.46140568	     -2.53593048	     50.81693734	      0.88692287	     19.93315467	      0.00000000	      0.00000000	    -20.09886472	      5.29102052	     -5.66031443
      0.48000000	      9.41229951	     -1.59612150	     11.68062991	     -0.08489256	      0.88095578	     -0.57818650	      0.32843698	     -3.69424679	    -16.48280626	     46.69582998	      0.81499598	     26.80989762	      0.00000000	      0.00000000	      6.40086551	    -14.27643794	     -3.17826266	     49.26466632	      0.85983063	     18.38651302	      0.00000000	      0.00000000	    -19.89114358	      4.92135877	     -5.61643273
      0.48500000	      9.43851101	     -1.32309735	     11.54480464	     -0.08341644	      0.88614063	     -0.57767211	     -0.51650816	     -3.75812519	    -16.46967248	     45.04670576	      0.78621333	     25.26999229	      0.00000000	      0.00000000	      5.41174043	    -14.05507398	     -3.82275132	     47.56798250	      0.83021791	     16.64689055	      0.00000000	      0.00000000	    -19.67180319	      4.52940114	     -5.59325942
      0.49000000	      9.46039316	     -1.03328535	     11.39991389	     -0.08188374	      0.89165187	     -0.57713501	     -1.40781191	     -3.83065904	    -16.43864117	     43.27852258	      0.75535271	     23.56298546	      0.00000000	      0.00000000	      4.36669672	    -13.79587146	     -4.46448124	     45.73276078	      0.79818725	     14.71668843	      0.00000000	      0.00000000	    -19.43813085	      4.11316462	     -5.57683203
      0.49500000	      9.47583141	     -0.73035238	     11.24671441	     -0.08031554	      0.89744076	     -0.57658311	     -2.33602045	     -3.91127423	    -16.39001497	     41.40334468	      0.72262469	     21.70577173	      0.00000000	      0.00000000	      3.27494309	    -13.50090161	     -5.09681572	     43.76456140	      0.76383569	     12.60269908	      0.00000000	      0.00000000	    -19.18896135	      3.67634828	     -5.56791188
      0.50000000	      9.48590861	     -0.41881170	     11.09019603	     -0.07872503	      0.90346706	     -0.57602441	     -3.29800448	     -3.99643701	    -16.32879798	     39.42933366	      0.68817169	     19.71614956	      0.00000000	      0.00000000	      2.14260051	    -13.17398232	     -5.70978834	     41.66896023	      0.72726055	     10.31630340	      0.00000000	      0.00000000	    -18.92637955	      3.22602767	     -5.56763991
      0.50500000	      9.48747362	     -0.10347635	     10.92502258	     -0.07714083	      0.90967537	     -0.57546687	     -4.27684922	     -4.08565958	    -16.24749453	     37.37865629	      0.65238062	     17.59701746	      0.00000000	      0.00000000	      0.98076237	    -12.81840092	     -6.30303307	     39.45904065	      0.68869018	      7.87874072	      0.00000000	      0.00000000	    -18.65504213	      2.76805901	     -5.54866964
      0.51000000	      9.47146179	      0.21374905	     10.74669719	     -0.07558455	      0.91600292	     -0.57490714	     -5.24783395	     -4.18298449	    -16.14006241	     35.27856585	      0.61572713	     15.37138558	      0.00000000	      0.00000000	     -0.19190453	    -12.43379521	     -6.87668795	     37.15280085	      0.64843870	      5.30972565	      0.00000000	      0.00000000	    -18.36576657	      2.30286473	     -5.50781968
      0.51500000	      9.43786382	      0.52430495	     10.56605217	     -0.07407417	      0.92240413	     -0.57436732	     -6.20416013	     -4.28078716	    -16.01536489	     33.14327867	      0.57845934	     13.05686254	      0.00000000	      0.00000000	     -1.35914432	    -12.02930602	     -7.41605965	     34.77396131	      0.60692012	      2.64089570	      0.00000000	      0.00000000	    -18.05628814	      1.84470239	     -5.46420233
      0.52000000	      9.38273414	      0.81772500	     10.38819279	     -0.07263771	      0.92883252	     -0.57385573	     -7.13346322	     -4.36845405	    -15.86935494	     30.98443942	      0.54078048	     10.66912150	      0.00000000	      0.00000000	     -2.49996954	    -11.61698911	     -7.91052363	     32.35011603	      0.56461604	     -0.09703417	      0.00000000	      0.00000000	    -17.72350141	      1.40737177	     -5.42036132
      0.52500000	      9.29698349	      1.08760181	     10.21107919	     -0.07130681	      0.93523056	     -0.57338211	     -8.00972351	     -4.44728882	    -15.69544443	     28.83208703	      0.50321485	      8.22776611	      0.00000000	      0.00000000	     -3.58670554	    -11.20404809	     -8.35868801	     29.91951807	      0.52219410	     -2.86758890	      0.00000000	      0.00000000	    -17.35995819	      0.99752357	     -5.37181548
      0.53000000	      9.18096275	      1.32659090	     10.04503754	     -0.07009602	      0.94156829	     -0.57295276	     -8.83109713	     -4.50737508	    -15.49904210	     26.69168795	      0.46585784	      5.74818325	      0.00000000	      0.00000000	     -4.60146362	    -10.80425588	     -8.75504098	     27.51461259	      0.48022058	     -5.64194886	      0.00000000	      0.00000000	    -16.96424766	      0.62505831	     -5.33005014
      0.53500000	      9.03546967	      1.52794815	      9.89429475	     -0.06902147	      0.94781624	     -0.57257365	     -9.59188230	     -4.54219066	    -15.27610074	     24.57480425	      0.42891125	      3.24772403	      0.00000000	      0.00000000	     -5.52839481	    -10.43093646	     -9.10234052	     25.16962027	      0.43929275	     -8.39029447	      0.00000000	      0.00000000	    -16.53951936	      0.29872223	     -5.29388250
      0.54000000	      8.86018831	      1.68907551	      9.76009470	     -0.06809391	      0.95395088	     -0.57223572	    -10.28696042	     -4.54973106	    -15.02538066	     22.49337646	      0.39258348	      0.74461005	      0.00000000	      0.00000000	     -6.35600316	    -10.09260795	     -9.40695026	     22.91049061	      0.39986349	    -11.09180092	      0.00000000	      0.00000000	    -16.08831054	      0.02044562	     -5.25709857
      0.54500000	      8.65624477	      1.81286008	      9.64098922	     -0.06731446	      0.95995739	     -0.57193476	    -10.91180854	     -4.53293472	    -14.74332917	     20.46150705	      0.35712067	     -1.74930484	      0.00000000	      0.00000000	     -7.07886536	     -9.78984099	     -9.67788487	     20.75725529	      0.36228245	    -13.73105810	      0.00000000	      0.00000000	    -15.61383044	     -0.21339184	     -5.21476679
      0.55000000	      8.42797542	      1.90357091	      9.53907310	     -0.06667208	      0.96582550	     -0.57165929	    -11.47410710	     -4.49370538	    -14.43448587	     18.47849686	      0.32251061	     -4.22805370	      0.00000000	      0.00000000	     -7.70033115	     -9.52267842	     -9.92203615	     18.71671583	      0.32666832	    -16.30031981	      0.00000000	      0.00000000	    -15.12165993	     -0.40738071	     -5.17043999
      0.55500000	      8.17674271	      1.96350927	      9.45101484	     -0.06616073	      0.97154646	     -0.57140447	    -11.97342013	     -4.43612913	    -14.09628494	     16.55087850	      0.28886732	     -6.67870328	      0.00000000	      0.00000000	     -8.22330521	     -9.28924873	    -10.14355177	     16.79235720	      0.29308192	    -18.79347391	      0.00000000	      0.00000000	    -14.61310100	     -0.56508330	     -5.12100068
      0.56000000	      7.90635163	      1.99791980	      9.37707677	     -0.06576683	      0.97711411	     -0.57115995	    -12.41848047	     -4.36331918	    -13.73133877	     14.67469092	      0.25612167	     -9.09601455	      0.00000000	      0.00000000	     -8.65643247	     -9.08576165	    -10.34344025	     14.98034609	      0.26145636	    -21.20601449	      0.00000000	      0.00000000	    -14.09401211	     -0.69276572	     -5.06745079
      0.56500000	      7.61704630	      2.01195746	      9.31640691	     -0.06547873	      0.98251842	     -0.57092613	    -12.81120708	     -4.28053877	    -13.34219257	     12.85014579	      0.22427735	    -11.48046109	      0.00000000	      0.00000000	     -9.00246922	     -8.90691035	    -10.52118716	     13.28009411	      0.23178137	    -23.54046482	      0.00000000	      0.00000000	    -13.56595495	     -0.79551206	     -5.01421840
      0.57000000	      7.31188315	      2.00920320	      9.26758833	     -0.06528822	      0.98774573	     -0.57069606	    -13.15447607	     -4.19420959	    -12.93856752	     11.08408667	      0.19345381	    -13.82183970	      0.00000000	      0.00000000	     -9.26762547	     -8.75068522	    -10.67780485	     11.69034003	      0.20403492	    -25.78781689	      0.00000000	      0.00000000	    -13.03329870	     -0.87784729	     -4.96221641
      0.57500000	      6.99109498	      1.99321124	      9.23032855	     -0.06519400	      0.99278748	     -0.57046854	    -13.44727097	     -4.10765431	    -12.52198628	      9.38053525	      0.16372123	    -16.11338564	      0.00000000	      0.00000000	     -9.45129398	     -8.61439784	    -10.80893295	     10.21808473	      0.17833922	    -27.92619054	      0.00000000	      0.00000000	    -12.49751783	     -0.94417758	     -4.91198629
      0.58000000	      6.65453054	      1.97013632	      9.20429920	     -0.06519069	      0.99763194	     -0.57023575	    -13.68620315	     -4.02788389	    -12.09598617	      7.75069296	      0.13527511	    -18.33414774	      0.00000000	      0.00000000	     -9.55361073	     -8.49363083	    -10.91432406	      8.86852699	      0.15478500	    -29.93467311	      0.00000000	      0.00000000	    -11.96101638	     -1.00154224	     -4.87110965
      0.58500000	      6.30284110	      1.94214409	      9.18800896	     -0.06527508	      1.00227684	     -0.57000097	    -13.86339812	     -3.96061043	    -11.67882086	      6.21539316	      0.10847908	    -20.47331747	      0.00000000	      0.00000000	     -9.57502511	     -8.38654548	    -10.99529441	      7.64791811	      0.13348135	    -31.78588834	      0.00000000	      0.00000000	    -11.42328920	     -1.05252512	     -4.84032693
      0.59000000	      5.94020176	      1.91261616	      9.17674983	     -0.06544817	      1.00672363	     -0.56975469	    -13.97406220	     -3.91146182	    -11.27935484	      4.79652076	      0.08371508	    -22.50397022	      0.00000000	      0.00000000	     -9.52261413	     -8.28992542	    -11.05612764	      6.55949615	      0.11448481	    -33.43544074	      0.00000000	      0.00000000	    -10.88911984	     -1.10315478	     -4.80878445
      0.59500000	      5.56596945	      1.88445743	      9.16649255	     -0.06570353	      1.01097517	     -0.56949480	    -14.01466285	     -3.88215847	    -10.89422864	      3.50212887	      0.06112368	    -24.39644734	      0.00000000	      0.00000000	     -9.39848642	     -8.19988925	    -11.10409018	      5.60692705	      0.09785934	    -34.84750148	      0.00000000	      0.00000000	    -10.35729880	     -1.15708065	     -4.77417286
      0.60000000	      5.18626456	      1.85727840	      9.15471593	     -0.06603003	      1.01503823	     -0.56922200	    -13.98492896	     -3.87253720	    -10.54045070	      2.35227597	      0.04105496	    -26.11702720	      0.00000000	      0.00000000	     -9.21456437	     -8.11635790	    -11.14853882	      4.78677931	      0.08354506	    -35.99163454	      0.00000000	      0.00000000	     -9.83368409	     -1.21297312	     -4.73396778
      0.60500000	      4.80567639	      1.83284953	      9.13623555	     -0.06641748	      1.01891543	     -0.56893547	    -13.88141190	     -3.88510991	    -10.23523300	      1.36774458	      0.02387165	    -27.63911270	      0.00000000	      0.00000000	     -8.98259679	     -8.03578353	    -11.19848028	      4.09497424	      0.07147078	    -36.84560678	      0.00000000	      0.00000000	     -9.32196551	     -1.27244996	     -4.68112545
      0.61000000	      4.42987873	      1.81144862	      9.10604057	     -0.06685284	      1.02260822	     -0.56863377	    -13.71401368	     -3.91658996	     -9.97190206	      0.54651660	      0.00953851	    -28.92252920	      0.00000000	      0.00000000	     -8.71887128	     -7.95662953	    -11.26010602	      3.52032255	      0.06144122	    -37.40434392	      0.00000000	      0.00000000	     -8.82758389	     -1.33491276	     -4.61085188
      0.61500000	      4.05836591	      1.79406638	      9.05382916	     -0.06734027	      1.02611426	     -0.56832835	    -13.42267998	     -3.98101233	     -9.83300200	      0.02210563	      0.00038582	    -29.88126385	      0.00000000	      0.00000000	     -8.43512412	     -7.87224711	    -11.33620816	      3.04557224	      0.05315526	    -37.68333382	      0.00000000	      0.00000000	     -8.35043048	     -1.39779671	     -4.51838539
      0.62000000	      3.69673291	      1.77724157	      8.97396424	     -0.06788640	      1.02944482	     -0.56804132	    -12.92092359	     -4.09368771	     -9.97526835	      0.00478710	      0.00008355	    -30.39926703	      0.00000000	      0.00000000	     -8.14927246	     -7.78155769	    -11.42035020	      2.64989290	      0.04624936	    -37.70860102	      0.00000000	      0.00000000	     -7.89624105	     -1.45398446	     -4.39338641
      0.62500000	      3.36932648	      1.75835089	      8.88929286	     -0.06838880	      1.03259386	     -0.56774712	    -12.46008371	     -4.19205958	    -10.08187527	      0.00307410	      0.00005365	    -30.73105572	      0.00000000	      0.00000000	     -7.89465010	     -7.70196509	    -11.51341865	      2.32278506	      0.04054025	    -37.52635885	      0.00000000	      0.00000000	     -7.48105810	     -1.50122864	     -4.26292804
      0.63000000	      3.08822747	      1.73239761	      8.80519129	     -0.06881923	      1.03557758	     -0.56746551	    -12.06575661	     -4.26672825	    -10.15841040	      0.00249931	      0.00004362	    -30.89076307	      0.00000000	      0.00000000	     -7.69119923	     -7.63939591	    -11.60993882	      2.04943305	      0.03576935	    -37.17937610	      0.00000000	      0.00000000	     -7.11314099	     -1.53123382	     -4.13030827
      0.63500000	      2.86152161	      1.69836943	      8.72442643	     -0.06916274	      1.03840124	     -0.56720086	    -11.74785603	     -4.31450213	    -10.20915333	      0.00231157	      0.00004034	    -30.90914987	      0.00000000	      0.00000000	     -7.55232061	     -7.59557033	    -11.70277571	      1.81818103	      0.03173325	    -36.70412063	      0.00000000	      0.00000000	     -6.80051007	     -1.54133301	     -3.99828515
      0.64000000	      2.69883194	      1.65187581	      8.65621178	     -0.06939526	      1.04108214	     -0.56697051	    -11.52344437	     -4.32822295	    -10.26076853	      0.00226387	      0.00003951	    -30.79267800	      0.00000000	      0.00000000	     -7.49034332	     -7.57649863	    -11.78151570	      1.61990358	      0.02827265	    -36.13669678	      0.00000000	      0.00000000	     -6.55105432	     -1.52462266	     -3.87747937
      0.64500000	      2.59797576	      1.59715361	      8.59420397	     -0.06952379	      1.04361278	     -0.56676546	    -11.38901412	     -4.31387672	    -10.29386610	      0.00233057	      0.00004068	    -30.56119809	      0.00000000	      0.00000000	     -7.50300150	     -7.57651693	    -11.85073017	      1.45273329	      0.02535498	    -35.50482293	      0.00000000	      0.00000000	     -6.36513007	     -1.48523437	     -3.77081132
      0.65000000	      2.56139738	      1.53501184	      8.54298681	     -0.06955626	      1.04600085	     -0.56658915	    -11.34895576	     -4.27216941	    -10.31394580	      0.00247847	      0.00004326	    -30.23620943	      0.00000000	      0.00000000	     -7.58985111	     -7.59604492	    -11.90291834	      1.31617088	      0.02297152	    -34.81928772	      0.00000000	      0.00000000	     -6.24508542	     -1.42575133	     -3.67282295
      0.65500000	      2.58109252	      1.47233329	      8.50108656	     -0.06951143	      1.04822850	     -0.56642661	    -11.39108903	     -4.21145375	    -10.30326920	      0.00274268	      0.00004787	    -29.83248246	      0.00000000	      0.00000000	     -7.74108348	     -7.62730830	    -11.93476755	      1.20780803	      0.02108023	    -34.09588915	      0.00000000	      0.00000000	     -6.18796728	     -1.35463171	     -3.59075550
      0.66000000	      2.65117188	      1.41170085	      8.46793445	     -0.06940575	      1.05029012	     -0.56627567	    -11.50825985	     -4.13799127	    -10.26053233	      0.00312937	      0.00005462	    -29.35302850	      0.00000000	      0.00000000	     -7.94760487	     -7.66676263	    -11.94942621	      1.12768765	      0.01968186	    -33.35060688	      0.00000000	      0.00000000	     -6.18853669	     -1.27535431	     -3.52587119
      0.66500000	      2.76207389	      1.35684451	      8.44246250	     -0.06926956	      1.05217352	     -0.56612648	    -11.68502300	     -4.05803923	    -10.17746137	      0.00379806	      0.00006629	    -28.82364070	      0.00000000	      0.00000000	     -8.19438224	     -7.70976030	    -11.94883654	      1.07811404	      0.01881664	    -32.59481201	      0.00000000	      0.00000000	     -6.23937066	     -1.19545198	     -3.47025793
      0.67000000	      2.90952970	      1.30321890	      8.43463880	     -0.06911732	      1.05388640	     -0.56599244	    -11.91731529	     -3.96734790	    -10.07795672	      0.00483086	      0.00008431	    -28.25987047	      0.00000000	      0.00000000	     -8.47182096	     -7.76217909	    -11.92448541	      1.05869694	      0.01847775	    -31.84328303	      0.00000000	      0.00000000	     -6.33580141	     -1.10999860	     -3.43071958
      0.67500000	      3.08205412	      1.25590338	      8.43726432	     -0.06897766	      1.05540938	     -0.56585845	    -12.18565141	     -3.87473202	     -9.94655961	      0.00688577	      0.00012018	    -27.68519652	      0.00000000	      0.00000000	     -8.76588473	     -7.81594293	    -11.88469387	      1.06917661	      0.01866065	    -31.11580164	      0.00000000	      0.00000000	     -6.47061447	     -1.02533386	     -3.40860302
      0.68000000	      3.27230900	      1.21244767	      8.45027699	     -0.06887136	      1.05674054	     -0.56572751	    -12.47778411	     -3.78021036	     -9.79587876	      0.01227112	      0.00021417	    -27.11989215	      0.00000000	      0.00000000	     -9.06459140	     -7.87283025	    -11.83132596	      1.11193572	      0.01940694	    -30.42491220	      0.00000000	      0.00000000	     -6.63475757	     -0.94085029	     -3.39607991
      0.68500000	      3.47407542	      1.17227100	      8.47552487	     -0.06881512	      1.05787552	     -0.56560121	    -12.77514299	     -3.68523911	     -9.65071335	      0.04076582	      0.00071150	    -26.58069396	      0.00000000	      0.00000000	     -9.35812561	     -7.93306469	    -11.76286962	      1.18729089	      0.02072214	    -29.78344334	      0.00000000	      0.00000000	     -6.82307789	     -0.85824921	     -3.39317201
      0.69000000	      3.67785052	      1.13531682	      8.50302058	     -0.06883788	      1.05880972	     -0.56547967	    -13.02402847	     -3.60262526	     -9.56152324	      0.17804591	      0.00310749	    -26.04194601	      0.00000000	      0.00000000	     -9.63636363	     -7.99236759	    -11.68363981	      1.29402693	      0.02258503	    -29.19989865	      0.00000000	      0.00000000	     -7.02842021	     -0.77727327	     -3.39271327
      0.69500000	      3.87898734	      1.10597102	      8.53052670	     -0.06894129	      1.05952502	     -0.56534745	    -13.23551148	     -3.53312904	     -9.49717255	      0.37999099	      0.00663209	    -25.54337905	      0.00000000	      0.00000000	     -9.89276644	     -8.04650357	    -11.59849386	      1.43486889	      0.02504319	    -28.67430398	      0.00000000	      0.00000000	     -7.24612429	     -0.70650674	     -3.38828552
      0.70000000	      4.07827203	      1.08010990	      8.56460579	     -0.06911097	      1.06001928	     -0.56520875	    -13.43323339	     -3.46627430	     -9.44496274	      0.59614977	      0.01040478	    -25.11896230	      0.00000000	      0.00000000	    -10.12500092	     -8.10244702	    -11.50794177	      1.61357625	      0.02816222	    -28.20658818	      0.00000000	      0.00000000	     -7.47450343	     -0.64136052	     -3.38736464
      0.70500000	      4.27428828	      1.05804205	      8.60491290	     -0.06934231	      1.06028836	     -0.56505975	    -13.61950694	     -3.40264159	     -9.39870368	      0.81634768	      0.01424795	    -24.76891864	      0.00000000	      0.00000000	    -10.33036829	     -8.16023664	    -11.41440175	      1.83241413	      0.03198166	    -27.78889429	      0.00000000	      0.00000000	     -7.71204602	     -0.58261757	     -3.39021401
      0.71000000	      4.46274457	      1.04007214	      8.64586623	     -0.06964150	      1.06032278	     -0.56489189	    -13.78137134	     -3.34623753	     -9.35771190	      1.05341213	      0.01838551	    -24.48410112	      0.00000000	      0.00000000	    -10.50445852	     -8.21800273	    -11.32025487	      2.09235211	      0.03651843	    -27.41658103	      0.00000000	      0.00000000	     -7.95489980	     -0.53166269	     -3.38670535
      0.71500000	      4.64316630	      1.02721081	      8.69065410	     -0.06999889	      1.06011727	     -0.56470254	    -13.92153839	     -3.29675367	     -9.32896004	      1.30360317	      0.02275217	    -24.25077170	      0.00000000	      0.00000000	    -10.64518935	     -8.27620434	    -11.22370356	      2.39557339	      0.04181064	    -27.08447614	      0.00000000	      0.00000000	     -8.20105332	     -0.49011907	     -3.38284523
      0.72000000	      4.81400297	      1.01690651	      8.73785490	     -0.07041249	      1.05967311	     -0.56449319	    -14.03701548	     -3.25377161	     -9.31050535	      1.56758266	      0.02735948	    -24.05698166	      0.00000000	      0.00000000	    -10.75096614	     -8.33652019	    -11.12593436	      2.74275217	      0.04787006	    -26.78672840	      0.00000000	      0.00000000	     -8.44865081	     -0.45376176	     -3.38421832
      0.72500000	      4.97322992	      1.00921759	      8.78585443	     -0.07087974	      1.05898876	     -0.56426095	    -14.12511310	     -3.21835374	     -9.29903894	      1.84566022	      0.03221285	    -23.88929687	      0.00000000	      0.00000000	    -10.82069450	     -8.39799493	    -11.02489993	      3.13237017	      0.05467017	    -26.51657310	      0.00000000	      0.00000000	     -8.69491700	     -0.42412204	     -3.38438895
      0.73000000	      5.11962828	      1.00505931	      8.83114428	     -0.07140123	      1.05805854	     -0.56400532	    -14.17889965	     -3.19319759	     -9.29946962	      2.14910310	      0.03750893	    -23.73991235	      0.00000000	      0.00000000	    -10.85435718	     -8.45823857	    -10.92227938	      3.56331213	      0.06219153	    -26.27060382	      0.00000000	      0.00000000	     -8.93758803	     -0.40283892	     -3.37881543
      0.73500000	      5.25371504	      1.00668419	      8.87643905	     -0.07196556	      1.05688356	     -0.56373148	    -14.20735444	     -3.17859893	     -9.31390898	      2.46423732	      0.04300905	    -23.59907848	      0.00000000	      0.00000000	    -10.85348210	     -8.51517663	    -10.81515531	      4.03392623	      0.07040529	    -26.04560137	      0.00000000	      0.00000000	     -9.17768720	     -0.39019651	     -3.38056732
      0.74000000	      5.37627747	      1.01225622	      8.91940947	     -0.07257126	      1.05546209	     -0.56344587	    -14.20842492	     -3.17394755	     -9.34172192	      2.79570544	      0.04879426	    -23.46519838	      0.00000000	      0.00000000	    -10.81983057	     -8.56899731	    -10.70605823	      4.54371494	      0.07930279	    -25.83779507	      0.00000000	      0.00000000	     -9.41494153	     -0.38402316	     -3.38191831
      0.74500000	      5.48647058	      1.02285771	      8.96150731	     -0.07321189	      1.05379029	     -0.56315506	    -14.18563868	     -3.17881757	     -9.38231722	      3.13667297	      0.05474527	    -23.33746474	      0.00000000	      0.00000000	    -10.75422026	     -8.61834069	    -10.59108209	      5.08864456	      0.08881360	    -25.65005704	      0.00000000	      0.00000000	     -9.64766543	     -0.38520349	     -3.38287861
      0.75000000	      5.58660409	      1.04149789	      9.00316521	     -0.07388542	      1.05186549	     -0.56286341	    -14.14280556	     -3.19578858	     -9.43783159	      3.48682835	      0.06085664	    -23.21823716	      0.00000000	      0.00000000	    -10.65969474	     -8.65993214	    -10.46864968	      5.66803613	      0.09892589	    -25.48323148	      0.00000000	      0.00000000	     -9.87785211	     -0.39676060	     -3.38141863
      0.75500000	      5.67698093	      1.06786941	      9.04885605	     -0.07458676	      1.04968674	     -0.56258198	    -14.08193516	     -3.22398073	     -9.51342522	      3.84358715	      0.06708325	    -23.11931445	      0.00000000	      0.00000000	    -10.53713436	     -8.69420550	    -10.33334104	      6.27911308	      0.10959120	    -25.34529740	      0.00000000	      0.00000000	    -10.10621780	     -0.41616228	     -3.38711342
      0.76000000	      5.76150938	      1.09916448	      9.10122666	     -0.07531081	      1.04725904	     -0.56232042	    -14.00782214	     -3.25920400	     -9.60798145	      4.20561695	      0.07340186	    -23.06271658	      0.00000000	      0.00000000	    -10.39234947	     -8.72426769	    -10.18276447	      6.91738894	      0.12073121	    -25.23893424	      0.00000000	      0.00000000	    -10.33367521	     -0.44055948	     -3.39292574
      0.76500000	      5.84015177	      1.13419304	      9.16076633	     -0.07605165	      1.04458292	     -0.56208320	    -13.92498274	     -3.29955086	     -9.71525888	      4.56337054	      0.07964584	    -23.06913076	      0.00000000	      0.00000000	    -10.22842053	     -8.75079792	    -10.01539145	      7.57637973	      0.13223277	    -25.17479766	      0.00000000	      0.00000000	    -10.56027591	     -0.46687807	     -3.40576112
      0.77000000	      5.92054286	      1.17141668	      9.23009495	     -0.07680477	      1.04166658	     -0.56187621	    -13.84505061	     -3.34083692	     -9.83386713	      4.91055311	      0.08570532	    -23.15794008	      0.00000000	      0.00000000	    -10.05412404	     -8.77678259	     -9.83283699	      8.25439398	      0.14406635	    -25.15499271	      0.00000000	      0.00000000	    -10.79278057	     -0.49252245	     -3.42238933
      0.77500000	      6.00352776	      1.20778474	      9.30721150	     -0.07756419	      1.03851415	     -0.56169931	    -13.76857186	     -3.38080505	     -9.95849198	      5.24558582	      0.09155274	    -23.35258491	      0.00000000	      0.00000000	     -9.87303538	     -8.80506360	     -9.64200595	      8.94732682	      0.15616031	    -25.18167761	      0.00000000	      0.00000000	    -11.03085539	     -0.51328229	     -3.44408104
      0.78000000	      6.09543158	      1.24032693	      9.39272717	     -0.07831986	      1.03513593	     -0.56155134	    -13.70500178	     -3.41394346	    -10.08980750	      5.56464859	      0.09712144	    -23.65478605	      0.00000000	      0.00000000	     -9.69343402	     -8.84022417	     -9.44871806	      9.65270124	      0.16847142	    -25.25167218	      0.00000000	      0.00000000	    -11.27935887	     -0.52556621	     -3.46774509
      0.78500000	      6.19583548	      1.26632122	      9.48238565	     -0.07907332	      1.03153062	     -0.56142303	    -13.64785248	     -3.43870597	    -10.22553461	      5.88286723	      0.10267540	    -24.03962398	      0.00000000	      0.00000000	     -9.51432833	     -8.88528535	     -9.26093718	     10.37346464	      0.18105111	    -25.36204374	      0.00000000	      0.00000000	    -11.53837254	     -0.52651905	     -3.49279477
      0.79000000	      6.30766186	      1.28349188	      9.57573884	     -0.07982639	      1.02770387	     -0.56130548	    -13.59256492	     -3.45334862	    -10.37046105	      6.22325188	      0.10861624	    -24.44381205	      0.00000000	      0.00000000	     -9.33372838	     -8.94536761	     -9.08682537	     11.12111507	      0.19410007	    -25.48394337	      0.00000000	      0.00000000	    -11.81030423	     -0.51480538	     -3.51369115
      0.79500000	      6.42682823	      1.28852726	      9.66882805	     -0.08058746	      1.02365508	     -0.56118717	    -13.52292196	     -3.46017973	    -10.52182460	      6.62346959	      0.11560135	    -24.73203540	      0.00000000	      0.00000000	     -9.14404033	     -9.02402015	     -8.93215410	     11.90480006	      0.20777796	    -25.57896060	      0.00000000	      0.00000000	    -12.09069858	     -0.48817908	     -3.53168918
      0.80000000	      6.55224347	      1.27897666	      9.76037563	     -0.08136715	      1.01938497	     -0.56106676	    -13.42619385	     -3.46181430	    -10.67953361	      7.12953594	      0.12443388	    -24.70841295	      0.00000000	      0.00000000	     -8.93978181	     -9.12482207	     -8.79873235	     12.73644768	      0.22229295	    -25.59402854	      0.00000000	      0.00000000	    -12.37943489	     -0.44419647	     -3.54554388
      0.80500000	      6.68013263	      1.24983715	      9.84932650	     -0.08217620	      1.01489434	     -0.56094201	    -13.29743015	     -3.45568975	    -10.82427254	      7.76344740	      0.13549772	    -24.23468913	      0.00000000	      0.00000000	     -8.71117836	     -9.25397301	     -8.68609719	     13.63140843	      0.23791296	    -25.46001098	      0.00000000	      0.00000000	    -12.67274776	     -0.37817943	     -3.55467236
      0.81000000	      6.81558001	      1.19956291	      9.94457055	     -0.08301186	      1.01019881	     -0.56082815	    -13.14451622	     -3.43963382	    -10.97418173	      8.54110395	      0.14907039	    -23.23112381	      0.00000000	      0.00000000	     -8.46306160	     -9.41587186	     -8.57964606	     14.59235504	      0.25468464	    -25.11383471	      0.00000000	      0.00000000	    -12.97436860	     -0.28655974	     -3.56303847
      0.81500000	      6.96066987	      1.12640270	     10.05194338	     -0.08386978	      1.00531265	     -0.56074064	    -12.97363860	     -3.41096994	    -11.13825512	      9.46851459	      0.16525675	    -21.69462219	      0.00000000	      0.00000000	     -8.20302036	     -9.61227239	     -8.46290192	     15.60965988	      0.27243996	    -24.52320011	      0.00000000	      0.00000000	    -13.28597605	     -0.16414992	     -3.58334779
      0.82000000	      7.11954353	      1.03102477	     10.17670966	     -0.08474363	      1.00025440	     -0.56069404	    -12.80356427	     -3.36254968	    -11.30681698	     10.51328442	      0.18349143	    -19.75555125	      0.00000000	      0.00000000	     -7.94156002	     -9.84169476	     -8.31886077	     16.67123689	      0.29096797	    -23.67594693	      0.00000000	      0.00000000	    -13.61215961	     -0.00835902	     -3.61938039
      0.82500000	      7.29994843	      0.91313111	     10.32591119	     -0.08562475	      0.99505604	     -0.56069651	    -12.65483855	     -3.28328058	    -11.48464687	     11.63044260	      0.20298952	    -17.63291079	      0.00000000	      0.00000000	     -7.69227656	    -10.10445800	     -8.12903875	     17.76236683	      0.31001178	    -22.59323447	      0.00000000	      0.00000000	    -13.96088694	      0.18385874	     -3.67621337
      0.83000000	      7.50683567	      0.77825169	     10.50377660	     -0.08650936	      0.98974271	     -0.56075358	    -12.52787680	     -3.17597318	    -11.69252158	     12.80526877	      0.22349410	    -15.44836618	      0.00000000	      0.00000000	     -7.46743573	    -10.39339679	     -7.87808004	     18.86636230	      0.32928014	    -21.29954408	      0.00000000	      0.00000000	    -14.33764879	      0.40884228	     -3.75905396
      0.83500000	      7.73425591	      0.63315780	     10.70367698	     -0.08740813	      0.98431766	     -0.56085569	    -12.40493179	     -3.05283923	    -11.91446500	     14.03091939	      0.24488574	    -13.23496188	      0.00000000	      0.00000000	     -7.26187385	    -10.69695247	     -7.56439365	     19.98207075	      0.34875293	    -19.80907315	      0.00000000	      0.00000000	    -14.73969702	      0.65879456	     -3.86962906
      0.84000000	      7.97737047	      0.48681207	     10.91694675	     -0.08833516	      0.97878152	     -0.56099016	    -12.26946233	     -2.92790932	    -12.13523857	     15.30179310	      0.26706667	    -10.98282656	      0.00000000	      0.00000000	     -7.06748297	    -11.00230082	     -7.19415036	     21.11927768	      0.36860093	    -18.13197609	      0.00000000	      0.00000000	    -15.16431834	      0.92086276	     -3.99515176
      0.84500000	      8.22822626	      0.34834395	     11.13766152	     -0.08930235	      0.97312074	     -0.56114241	    -12.09179435	     -2.82158169	    -12.37237431	     16.64438544	      0.29049933	     -8.64578349	      0.00000000	      0.00000000	     -6.86746463	    -11.29968324	     -6.77369295	     22.29820193	      0.38917704	    -16.27045881	      0.00000000	      0.00000000	    -15.60624612	      1.18162678	     -4.13061085
      0.85000000	      8.47614628	      0.22117519	     11.35770466	     -0.09032126	      0.96730652	     -0.56130155	    -11.84469447	     -2.74916640	    -12.63117774	     18.08556501	      0.31565266	     -6.17009951	      0.00000000	      0.00000000	     -6.63882551	    -11.58628262	     -6.31767233	     23.54547905	      0.41094613	    -14.21686849	      0.00000000	      0.00000000	    -16.05449774	      1.43451659	     -4.27443487
      0.85500000	      8.70658473	      0.10185079	     11.56897331	     -0.09141473	      0.96130230	     -0.56145425	    -11.50662593	     -2.71399633	    -12.90031254	     19.63471723	      0.34269046	     -3.56933998	      0.00000000	      0.00000000	     -6.34610475	    -11.86651791	     -5.84075215	     24.89706398	      0.43453574	    -11.98924436	      0.00000000	      0.00000000	    -16.49527881	      1.67863903	     -4.41956245
      0.86000000	      8.91348056	     -0.02223660	     11.76838456	     -0.09260314	      0.95509382	     -0.56159326	    -11.07520500	     -2.69793429	    -13.17360682	     21.28190459	      0.37143931	     -0.90960933	      0.00000000	      0.00000000	     -5.96238914	    -12.15627901	     -5.35257841	     26.38092175	      0.46043394	     -9.61616896	      0.00000000	      0.00000000	    -16.92149669	      1.92447187	     -4.55171834
      0.86500000	      9.08844752	     -0.17010208	     11.96073426	     -0.09390929	      0.94866508	     -0.56172655	    -10.54348675	     -2.67775836	    -13.45662945	     23.02062231	      0.40178566	      1.74237497	      0.00000000	      0.00000000	     -5.45663467	    -12.47654628	     -4.84807975	     28.01743650	      0.48899651	     -7.12276407	      0.00000000	      0.00000000	    -17.32338470	      2.19215957	     -4.66905426
      0.87000000	      9.23005704	     -0.36009105	     12.15259478	     -0.09535116	      0.94202803	     -0.56187818	     -9.91298204	     -2.63151633	    -13.76212466	     24.84546195	      0.43363512	      4.34874830	      0.00000000	      0.00000000	     -4.81255017	    -12.84350092	     -4.31642419	     29.80890535	      0.52026354	     -4.54288744	      0.00000000	      0.00000000	    -17.69528988	      2.50439430	     -4.77426984
      0.87500000	      9.33832571	     -0.59794509	     12.35663039	     -0.09693700	      0.93521405	     -0.56207515	     -9.18803138	     -2.55170960	    -14.11560765	     26.75184414	      0.46690776	      6.90883546	      0.00000000	      0.00000000	     -4.02426121	    -13.25560800	     -3.73420121	     31.74148617	      0.55399344	     -1.91493475	      0.00000000	      0.00000000	    -18.03581910	      2.87146310	     -4.87702148
      0.88000000	      9.42136258	     -0.88222764	     12.57792071	     -0.09867139	      0.92829823	     -0.56234530	     -8.38183423	     -2.43993856	    -14.53193894	     28.72977320	      0.50142914	      9.43588844	      0.00000000	      0.00000000	     -3.11072851	    -13.70032418	     -3.08630276	     33.77824693	      0.58954162	      0.71813381	      0.00000000	      0.00000000	    -18.35438530	      3.29677163	     -4.97563123
      0.88500000	      9.48412957	     -1.20738269	     12.81937818	     -0.10053755	      0.92135765	     -0.56270432	     -7.50476505	     -2.30474859	    -15.02200409	     30.76805809	      0.53700392	     11.93843893	      0.00000000	      0.00000000	     -2.08956754	    -14.16401637	     -2.37573597	     35.88711237	      0.62634827	      3.31793292	      0.00000000	      0.00000000	    -18.65362839	      3.77819507	     -5.08377949
      0.89000000	      9.53798905	     -1.56156459	     13.08079213	     -0.10250824	      0.91449971	     -0.56315731	     -6.58272612	     -2.15718037	    -15.58520842	     32.84319483	      0.57322189	     14.40380146	      0.00000000	      0.00000000	     -0.99255464	    -14.62974810	     -1.61628424	     38.03143860	      0.66377382	      5.83949486	      0.00000000	      0.00000000	    -18.94357521	      4.30596347	     -5.20845853
      0.89500000	      9.59027358	     -1.93465117	     13.35349590	     -0.10455193	      0.90782786	     -0.56368244	     -5.64002385	     -2.00146513	    -16.19351339	     34.91826258	      0.60943865	     16.81144419	      0.00000000	      0.00000000	      0.15140145	    -15.08548607	     -0.83745122	     40.17990160	      0.70127158	      8.24648826	      0.00000000	      0.00000000	    -19.23278315	      4.86661030	     -5.33735379
      0.90000000	      9.64240462	     -2.32220496	     13.62102679	     -0.10663807	      0.90143442	     -0.56425294	     -4.69219561	     -1.83574746	    -16.80226886	     36.95718170	      0.64502450	     19.11327698	      0.00000000	      0.00000000	      1.31944141	    -15.52619770	     -0.07479150	     42.30589383	      0.73837714	     10.50803147	      0.00000000	      0.00000000	    -19.52210025	      5.44873747	     -5.45276571
      0.90500000	      9.69422551	     -2.71839402	     13.87209676	     -0.10871614	      0.89538095	     -0.56484440	     -3.75385213	     -1.65847319	    -17.37532436	     38.93199698	      0.67949153	     21.26157598	      0.00000000	      0.00000000	      2.49161334	    -15.94924263	      0.63856517	     44.38764611	      0.77471057	     12.60888584	      0.00000000	      0.00000000	    -19.80695788	      6.04129009	     -5.55108396
      0.91000000	      9.74524484	     -3.11286647	     14.09861867	     -0.11075001	      0.88971018	     -0.56544162	     -2.83334884	     -1.47778692	    -17.87921520	     40.83293919	      0.71266923	     23.22183897	      0.00000000	      0.00000000	      3.64778154	    -16.34534102	      1.28721391	     46.40478066	      0.80991621	     14.53309124	      0.00000000	      0.00000000	    -20.08659842	      6.62878463	     -5.62204789
      0.91500000	      9.78558663	     -3.49523865	     14.28578487	     -0.11270814	      0.88443096	     -0.56602764	     -1.92322018	     -1.30780714	    -18.27808011	     42.65779791	      0.74451903	     24.98608884	      0.00000000	      0.00000000	      4.77704518	    -16.70350425	      1.85073877	     48.34191436	      0.84372557	     16.28924990	      0.00000000	      0.00000000	    -20.35071394	      7.19240253	     -5.65552134
      0.92000000	      9.80774214	     -3.85566613	     14.42707649	     -0.11457412	      0.87953225	     -0.56659811	     -1.01760164	     -1.16001429	    -18.54298140	     44.40851609	      0.77507482	     26.54444065	      0.00000000	      0.00000000	      5.87099196	    -17.01468538	      2.32264966	     50.18864442	      0.87595709	     17.88502292	      0.00000000	      0.00000000	    -20.59151906	      7.71809934	     -5.65430479
      0.92500000	      9.81195721	     -4.18106453	     14.51864055	     -0.11633122	      0.87500655	     -0.56714367	     -0.12155089	     -1.04734158	    -18.65988153	     46.08525235	      0.80433939	     27.90909593	      0.00000000	      0.00000000	      6.90920305	    -17.27127898	      2.69656957	     51.92774224	      0.90631008	     19.32945931	      0.00000000	      0.00000000	    -20.81048652	      8.19022348	     -5.62207588
      0.93000000	      9.79630164	     -4.46129761	     14.56073996	     -0.11797129	      0.87083004	     -0.56764608	      0.76176177	     -0.97913583	    -18.63098370	     47.68747754	      0.83230349	     29.09441340	      0.00000000	      0.00000000	      7.88300138	    -17.47161630	      2.97352667	     53.55414788	      0.93469621	     20.63359455	      0.00000000	      0.00000000	    -21.00673824	      8.59458751	     -5.56258484
      0.93500000	      9.76752386	     -4.69049126	     14.55693181	     -0.11948732	      0.86701894	     -0.56809724	      1.60722089	     -0.95262692	    -18.47372647	     49.17210981	      0.85821522	     29.96057622	      0.00000000	      0.00000000	      8.77006692	    -17.61790611	      3.15606504	     55.04510122	      0.96071825	     21.80340208	      0.00000000	      0.00000000	    -21.18720715	      8.92505749	     -5.48071275
      0.94000000	      9.76519560	     -4.87855259	     14.54276498	     -0.12084757	      0.86365134	     -0.56852485	      2.32776548	     -0.93260980	    -18.25123059	     50.41874988	      0.87997319	     29.99345014	      0.00000000	      0.00000000	      9.52461637	    -17.73666637	      3.27576745	     56.36803170	      0.98380775	     22.82240930	      0.00000000	      0.00000000	    -21.38341759	      9.20900500	     -5.40064916
      0.94500000	      9.75646176	     -4.99306690	     14.49391199	     -0.12208237	      0.86064753	     -0.56885286	      2.99016508	     -0.97176119	    -17.95870023	     51.56047663	      0.89990008	     29.99623231	      0.00000000	      0.00000000	     10.16448233	    -17.79267169	      3.31670046	     57.52393802	      1.00398212	     23.70152417	      0.00000000	      0.00000000	    -21.57301519	      9.39202121	     -5.31917031
      0.95000000	      9.74576024	     -5.03383209	     14.41822827	     -0.12319159	      0.85802049	     -0.56906869	      3.57834854	     -1.06435361	    -17.63080342	     52.57947371	      0.91768494	     29.99723180	      0.00000000	      0.00000000	     10.68195662	    -17.79209644	      3.28789165	     58.49994822	      1.02101671	     24.43758716	      0.00000000	      0.00000000	    -21.75853436	      9.47448118	     -5.24523056
      0.95500000	      9.74204914	     -5.00677444	     14.32706077	     -0.12417534	      0.85580548	     -0.56918457	      4.07004776	     -1.20018915	    -17.30443067	     53.45000545	      0.93287858	     29.99773711	      0.00000000	      0.00000000	     11.06583672	    -17.74363166	      3.20158046	     59.27855507	      1.03460596	     25.02960475	      0.00000000	      0.00000000	    -21.94535381	      9.46752362	     -5.18687875
      0.96000000	      9.75288645	     -4.92411132	     14.23510340	     -0.12501866	      0.85402144	     -0.56921729	      4.44324066	     -1.36507144	    -17.01993966	     54.14811870	      0.94506296	     29.99803535	      0.00000000	      0.00000000	     11.31348563	    -17.66388299	      3.07282028	     59.85449066	      1.04465793	     25.48189956	      0.00000000	      0.00000000	    -22.13363286	      9.39040672	     -5.15663212
      0.96500000	      9.76953838	     -4.80170157	     14.14520255	     -0.12572698	      0.85267403	     -0.56919082	      4.70402323	     -1.54779842	    -16.80021180	     54.66821857	      0.95414041	     29.99822472	      0.00000000	      0.00000000	     11.44158913	    -17.56471169	      2.91064133	     60.22977388	      1.05120786	     25.79920438	      0.00000000	      0.00000000	    -22.30911854	      9.26165207	     -5.15393926
      0.97000000	      9.78887684	     -4.65704649	     14.06191304	     -0.12629795	      0.85177197	     -0.56913297	      4.85288054	     -1.73399230	    -16.65792530	     55.00104709	      0.95994936	     29.99835166	      0.00000000	      0.00000000	     11.46320018	    -17.46106857	      2.72254543	     60.41055044	      1.05436301	     25.99547300	      0.00000000	      0.00000000	    -22.46108438	      9.10324018	     -5.17335113
      0.97500000	      9.80626477	     -4.50302619	     13.99235363	     -0.12671549	      0.85132130	     -0.56907344	      4.89129050	     -1.91471788	    -16.60703133	     55.14251711	      0.96241848	     29.99843329	      0.00000000	      0.00000000	     11.39108824	    -17.36121089	      2.51664214	     60.40336063	      1.05423752	     26.07422016	      0.00000000	      0.00000000	    -22.57689105	      8.93245917	     -5.21374882
      0.98000000	      9.81039811	     -4.34758742	     13.93233086	     -0.12697415	      0.85131879	     -0.56902005	      4.83879435	     -2.08594312	    -16.63646902	     55.10210124	      0.96171309	     29.99847946	      0.00000000	      0.00000000	     11.24253500	    -17.26761292	      2.29138393	     60.22017989	      1.05104042	     26.03794318	      0.00000000	      0.00000000	    -22.64080479	      8.75566927	     -5.26827418
      0.98500000	      9.79328334	     -4.19636644	     13.87316271	     -0.12707017	      0.85177306	     -0.56897646	      4.71441826	     -2.24283969	    -16.72366146	     54.89349801	      0.95807228	     29.99849025	      0.00000000	      0.00000000	     11.02981588	    -17.18195063	      2.03553960	     59.87199530	      1.04496345	     25.89179046	      0.00000000	      0.00000000	    -22.64251797	      8.57538356	     -5.32041554
      0.99000000	      9.75519297	     -4.04766052	     13.80951765	     -0.12698814	      0.85269156	     -0.56893142	      4.52674029	     -2.38424493	    -16.84119834	     54.52609648	      0.95165991	     29.99845988	      0.00000000	      0.00000000	     10.75334785	    -17.10237487	      1.73604554	     59.36749597	      1.03615827	     25.63832967	      0.00000000	      0.00000000	    -22.58140227	      8.38789137	     -5.36686791
      0.99500000	      9.69434260	     -3.89643716	     13.73521262	     -0.12671964	      0.85408595	     -0.56887573	      4.28707445	     -2.51295516	    -16.96381734	     54.01253572	      0.94269659	     29.99837561	      0.00000000	      0.00000000	     10.41409191	    -17.02112196	      1.38211928	     58.71375765	      1.02474839	     25.26684756	      0.00000000	      0.00000000	    -22.45691329	      8.18385366	     -5.39954860
      1.00000000	      9.60485729	     -3.73284410	     13.63692477	     -0.12627649	      0.85594816	     -0.56878070	      4.01949891	     -2.63975111	    -17.05207080	     53.37800965	      0.93162202	     29.99820928	      0.00000000	      0.00000000	     10.01951632	    -16.92524214	      0.95946157	     57.92596229	      1.01099876	     24.77560365	      0.00000000	      0.00000000	    -22.26789582	      7.94555016	     -5.41023742
      1.00500000	      9.49971522	     -3.55225390	     13.51889534	     -0.12564679	      0.85829694	     -0.56864555	      3.70851505	     -2.76509320	    -17.10141924	     52.62345580	      0.91845257	     29.99789795	      0.00000000	      0.00000000	      9.55765114	    -16.81231750	      0.46312062	     57.00607446	      0.99494369	     24.15666903	      0.00000000	      0.00000000	    -22.02804325	      7.67013252	     -5.40298236
      1.01000000	      9.38536970	     -3.34655748	     13.38178980	     -0.12483456	      0.86112864	     -0.56845626	      3.35212007	     -2.89533062	    -17.10054797	     51.75802601	      0.90334797	     29.99727467	      0.00000000	      0.00000000	      9.02342027	    -16.67298725	     -0.10570788	     55.95856542	      0.97666121	     23.39405376	      0.00000000	      0.00000000	    -21.74764900	      7.34875210	     -5.38211682
      1.01500000	      9.26666873	     -3.11241410	     13.22413460	     -0.12385167	      0.86443862	     -0.56820847	      2.94563084	     -3.03106582	    -17.04109748	     50.78025901	      0.88628271	     29.99572937	      0.00000000	      0.00000000	      8.41491467	    -16.50220820	     -0.74475267	     54.78742350	      0.95622093	     22.47393450	      0.00000000	      0.00000000	    -21.43512547	      6.97752105	     -5.34185106
      1.02000000	      9.15064314	     -2.84518569	     13.05134009	     -0.12271315	      0.86820528	     -0.56790118	      2.48123282	     -3.17965519	    -16.93637837	     49.69501639	      0.86734166	     29.98713269	      0.00000000	      0.00000000	      7.73112110	    -16.29340930	     -1.44210339	     53.49782110	      0.93371312	     21.39035206	      0.00000000	      0.00000000	    -21.10205023	      6.55604251	     -5.29228975
      1.02500000	      9.08374746	     -2.57198358	     12.89556566	     -0.12138192	      0.87251503	     -0.56760104	      1.85724056	     -3.29307062	    -16.84503568	     48.35719122	      0.84399220	     29.29303286	      0.00000000	      0.00000000	      6.92684916	    -16.08178972	     -2.16865421	     52.06101372	      0.90863610	     20.11474514	      0.00000000	      0.00000000	    -20.78657251	      6.13542458	     -5.25677747
      1.03000000	      9.05764268	     -2.28747740	     12.75025273	     -0.11988890	      0.87731392	     -0.56729767	      1.08902228	     -3.38173447	    -16.76338992	     46.77887252	      0.81644535	     27.94340226	      0.00000000	      0.00000000	      6.01372166	    -15.85493208	     -2.91304367	     50.48288908	      0.88109263	     18.63781881	      0.00000000	      0.00000000	    -20.48936769	      5.70794564	     -5.23004989
      1.03500000	      9.04621650	     -1.97734827	     12.59364427	     -0.11827843	      0.88249834	     -0.56696036	      0.23462590	     -3.47702492	    -16.67083214	     45.05360778	      0.78633380	     26.44547710	      0.00000000	      0.00000000	      5.01953340	    -15.58952884	     -3.68223782	     48.77455573	      0.85127659	     16.96540784	      0.00000000	      0.00000000	    -20.19369709	      5.24783931	     -5.20415278
      1.04000000	      9.04972862	     -1.63927954	     12.42849069	     -0.11656961	      0.88802159	     -0.56659723	     -0.70035144	     -3.59157118	    -16.59380004	     43.20138673	      0.75400644	     24.79267983	      0.00000000	      0.00000000	      3.94863709	    -15.27944626	     -4.46208130	     46.93719943	      0.81920867	     15.09997135	      0.00000000	      0.00000000	    -19.90327941	      4.75423768	     -5.18660303
      1.04500000	      9.06256879	     -1.27998459	     12.24609985	     -0.11478974	      0.89383720	     -0.56620880	     -1.69984836	     -3.72001652	    -16.51939430	     41.23449680	      0.71967773	     22.99817967	      0.00000000	      0.00000000	      2.81064866	    -14.92740019	     -5.25028555	     44.97163778	      0.78490315	     13.03830706	      0.00000000	      0.00000000	    -19.61457833	      4.23227103	     -5.16780505
      1.05000000	      9.07733744	     -0.90280335	     12.04709694	     -0.11297164	      0.89988031	     -0.56579724	     -2.74408033	     -3.86358043	    -16.45148414	     39.17312826	      0.68370007	     21.06155653	      0.00000000	      0.00000000	      1.62527129	    -14.53297445	     -6.03280211	     42.89269662	      0.74861878	     10.79512779	      0.00000000	      0.00000000	    -19.32622041	      3.68563615	     -5.13430189
      1.05500000	      9.09179399	     -0.52161304	     11.83285902	     -0.11114316	      0.90610196	     -0.56537876	     -3.81999877	     -4.00892326	    -16.38421727	     37.02786227	      0.64625811	     18.99372176	      0.00000000	      0.00000000	      0.40717583	    -14.10887233	     -6.80222831	     40.71175836	      0.71055423	      8.39177695	      0.00000000	      0.00000000	    -19.03282263	      3.13143637	     -5.08985073
      1.06000000	      9.10082042	     -0.14246129	     11.60913486	     -0.10932968	      0.91245061	     -0.56495921	     -4.91072086	     -4.15249452	    -16.31929068	     34.81799779	      0.60768870	     16.79665099	      0.00000000	      0.00000000	     -0.82386680	    -13.65994045	     -7.54388908	     38.44841438	      0.67105142	      5.85204169	      0.00000000	      0.00000000	    -18.73032495	      2.57717508	     -5.03224190
      1.06500000	      9.09309736	      0.22155664	     11.37723823	     -0.10756788	      0.91886733	     -0.56455287	     -5.99044428	     -4.28277415	    -16.23777207	     32.56045306	      0.56828711	     14.49215541	      0.00000000	      0.00000000	     -2.03932976	    -13.19705500	     -8.24636092	     36.12744587	      0.63054288	      3.20282691	      0.00000000	      0.00000000	    -18.40864455	      2.03879689	     -4.95877201
      1.07000000	      9.06296595	      0.55929522	     11.14828602	     -0.10588870	      0.92530333	     -0.56417959	     -7.04165585	     -4.39236079	    -16.14473350	     30.27347514	      0.52837182	     12.09502649	      0.00000000	      0.00000000	     -3.21293567	    -12.73344712	     -8.89241228	     33.77927665	      0.58955960	      0.48503963	      0.00000000	      0.00000000	    -18.06265449	      1.53176221	     -4.87517528
      1.07500000	      9.00367282	      0.86309194	     10.92322335	     -0.10432338	      0.93171327	     -0.56384651	     -8.04077597	     -4.47619466	    -16.02033798	     27.98231504	      0.48838353	      9.62851304	      0.00000000	      0.00000000	     -4.32244243	    -12.27909387	     -9.48092825	     31.43188397	      0.54858987	     -2.26947843	      0.00000000	      0.00000000	    -17.68552151	      1.06503525	     -4.78543597
      1.08000000	      8.90857908	      1.13281494	     10.70753391	     -0.10289089	      0.93805336	     -0.56355434	     -8.96819523	     -4.53943366	    -15.86557492	     25.71814367	      0.44886628	      7.11967488	      0.00000000	      0.00000000	     -5.34578333	    -11.83882194	    -10.00685201	     29.11731369	      0.50819299	     -5.02912020	      0.00000000	      0.00000000	    -17.27393505	      0.63902168	     -4.69105560
      1.08500000	      8.77703279	      1.35930433	     10.50652312	     -0.10161008	      0.94429801	     -0.56331267	     -9.81470982	     -4.57424678	    -15.67362426	     23.49805128	      0.41011836	      4.59804128	      0.00000000	      0.00000000	     -6.26613585	    -11.42890630	    -10.47242802	     26.86728584	      0.46892260	     -7.76802339	      0.00000000	      0.00000000	    -16.82780527	      0.26576542	     -4.59332465
      1.09000000	      8.61258376	      1.54447151	     10.32405038	     -0.10048413	      0.95042948	     -0.56311494	    -10.58117028	     -4.58269098	    -15.44551086	     21.33254541	      0.37232316	      2.07832518	      0.00000000	      0.00000000	     -7.08024323	    -11.05455694	    -10.88460968	     24.70042079	      0.43110367	    -10.46360481	      0.00000000	      0.00000000	    -16.35211268	     -0.05709847	     -4.49466319
      1.09500000	      8.41970959	      1.69071075	     10.16065391	     -0.09950455	      0.95643407	     -0.56295014	    -11.27335503	     -4.56480646	    -15.17209636	     19.22477907	      0.33553569	     -0.42948592	      0.00000000	      0.00000000	     -7.78955913	    -10.71946555	    -11.25437633	     22.63125179	      0.39498986	    -13.10105443	      0.00000000	      0.00000000	    -15.85201717	     -0.33273226	     -4.39569745
      1.10000000	      8.20092966	      1.80046558	     10.01707504	     -0.09866773	      0.96230785	     -0.56281701	    -11.89314480	     -4.52546655	    -14.86247160	     17.18318141	      0.29990309	     -2.91681933	      0.00000000	      0.00000000	     -8.39614999	    -10.42385823	    -11.58553709	     20.66661471	      0.36070047	    -15.67771353	      0.00000000	      0.00000000	    -15.33210930	     -0.56316984	     -4.29941584
      1.10500000	      7.96239384	      1.87642033	      9.89413991	     -0.09795879	      0.96804778	     -0.56270963	    -12.45520380	     -4.46432385	    -14.51316577	     15.19438359	      0.26519202	     -5.38438060	      0.00000000	      0.00000000	     -8.90878014	    -10.16812104	    -11.88514709	     18.80843248	      0.32826907	    -18.18578692	      0.00000000	      0.00000000	    -14.79901783	     -0.75154639	     -4.20630603
      1.11000000	      7.70523024	      1.92720219	      9.78753641	     -0.09737323	      0.97363826	     -0.56262190	    -12.95666267	     -4.39452027	    -14.13196835	     13.27142957	      0.23163014	     -7.83486307	      0.00000000	      0.00000000	     -9.33640210	     -9.94139610	    -12.15421454	     17.04794735	      0.29754281	    -20.62179117	      0.00000000	      0.00000000	    -14.25610106	     -0.90798281	     -4.12102538
      1.11500000	      7.43221859	      1.95610097	      9.69671326	     -0.09689682	      0.97907417	     -0.56255176	    -13.40155710	     -4.31802211	    -13.72130788	     11.41600789	      0.19924693	    -10.25686485	      0.00000000	      0.00000000	     -9.68665217	     -9.74049529	    -12.39128525	     15.38052837	      0.26844086	    -22.98607241	      0.00000000	      0.00000000	    -13.70655835	     -1.03593923	     -4.04486268
      1.12000000	      7.14179866	      1.96824038	      9.61782781	     -0.09653064	      0.98434032	     -0.56249701	    -13.78043024	     -4.24481166	    -13.29046285	      9.64569073	      0.16834906	    -12.64310222	      0.00000000	      0.00000000	     -9.96217586	     -9.55822413	    -12.59493589	     13.80197494	      0.24088991	    -25.27589140	      0.00000000	      0.00000000	    -13.15105626	     -1.14149087	     -3.97651016
      1.12500000	      6.83466371	      1.96756915	      9.55212439	     -0.09626776	      0.98942113	     -0.56245214	    -14.09097162	     -4.17920359	    -12.84623512	      7.97071628	      0.13911524	    -14.97532546	      0.00000000	      0.00000000	    -10.16458448	     -9.39221493	    -12.76160936	     12.31521169	      0.21494099	    -27.46710069	      0.00000000	      0.00000000	    -12.58939644	     -1.23022279	     -3.91871695
      1.13000000	      6.51206046	      1.95442391	      9.49773673	     -0.09610983	      0.99430475	     -0.56241735	    -14.32494198	     -4.12245198	    -12.40185617	      6.41178718	      0.11190680	    -17.23680149	      0.00000000	      0.00000000	    -10.29425462	     -9.24255334	    -12.89127115	     10.92498534	      0.19067696	    -29.53910370	      0.00000000	      0.00000000	    -12.02433071	     -1.30222083	     -3.87162226
      1.13500000	      6.17443878	      1.93106008	      9.45331798	     -0.09605055	      0.99898414	     -0.56238620	    -14.47951497	     -4.07613658	    -11.96234374	      4.97949696	      0.08690862	    -19.39491155	      0.00000000	      0.00000000	    -10.34860693	     -9.10916028	    -12.98889785	      9.64424574	      0.16832384	    -31.45942646	      0.00000000	      0.00000000	    -11.45759301	     -1.36111422	     -3.82907702
      1.14000000	      5.82323447	      1.89826195	      9.41716053	     -0.09608944	      1.00345361	     -0.56235390	    -14.54896467	     -4.04253165	    -11.54064680	      3.69182383	      0.06443448	    -21.42754576	      0.00000000	      0.00000000	    -10.32600378	     -8.99284423	    -13.06020177	      8.48620781	      0.14811227	    -33.18631196	      0.00000000	      0.00000000	    -10.89118414	     -1.40842903	     -3.79189419
      1.14500000	      5.46139749	      1.85473768	      9.38753491	     -0.09622079	      1.00771562	     -0.56231783	    -14.52548895	     -4.01988710	    -11.16148185	      2.57601753	      0.04495999	    -23.27995683	      0.00000000	      0.00000000	    -10.22586885	     -8.89685236	    -13.11527130	      7.46503366	      0.13028942	    -34.68094771	      0.00000000	      0.00000000	    -10.32802646	     -1.44294888	     -3.75722489
      1.15000000	      5.09490216	      1.80091140	      9.36301473	     -0.09642878	      1.01177422	     -0.56227363	    -14.42142841	     -4.00305566	    -10.82777058	      1.62670285	      0.02839132	    -24.92301016	      0.00000000	      0.00000000	    -10.05467525	     -8.82203737	    -13.16544721	      6.58697842	      0.11496446	    -35.91432593	      0.00000000	      0.00000000	     -9.77460011	     -1.46508514	     -3.72377087
      1.15500000	      4.72682524	      1.73906941	      9.34316647	     -0.09669559	      1.01563339	     -0.56221692	    -14.23887739	     -3.99297457	    -10.55378399	      0.85691871	      0.01495605	    -26.30951844	      0.00000000	      0.00000000	     -9.82029236	     -8.76618239	    -13.21541697	      5.85053564	      0.10211111	    -36.87342073	      0.00000000	      0.00000000	     -9.23184028	     -1.47717712	     -3.69406200
      1.16000000	      4.36326613	      1.66917989	      9.32512654	     -0.09700700	      1.01930047	     -0.56214558	    -13.98261082	     -3.98590710	    -10.34006165	      0.27450560	      0.00479103	    -27.40589826	      0.00000000	      0.00000000	     -9.53665863	     -8.72820523	    -13.27071884	      5.24719733	      0.09158087	    -37.55992995	      0.00000000	      0.00000000	     -8.70412184	     -1.47963480	     -3.66561505
      1.16500000	      4.00770445	      1.58821061	      9.30181041	     -0.09736267	      1.02279217	     -0.56207980	    -13.60072987	     -3.99178477	    -10.28459999	      0.01582503	      0.00027620	    -28.10983528	      0.00000000	      0.00000000	     -9.21871303	     -8.70547511	    -13.33147017	      4.75867242	      0.08305450	    -37.99164974	      0.00000000	      0.00000000	     -8.19433633	     -1.46534694	     -3.63009022
      1.17000000	      3.67190669	      1.49892205	      9.27571988	     -0.09772532	      1.02611100	     -0.56201630	    -13.14466606	     -4.00022581	    -10.33742638	      0.00605226	      0.00010563	    -28.45962119	      0.00000000	      0.00000000	     -8.89139410	     -8.69702575	    -13.39689745	      4.36702007	      0.07621888	    -38.19099629	      0.00000000	      0.00000000	     -7.71195393	     -1.43666815	     -3.59059171
      1.17500000	      3.37388460	      1.39936759	      9.25960615	     -0.09802799	      1.02926396	     -0.56195436	    -12.74696918	     -3.97871704	    -10.35525041	      0.00431760	      0.00007536	    -28.59409241	      0.00000000	      0.00000000	     -8.58458520	     -8.71162379	    -13.46496113	      4.05579387	      0.07078696	    -38.19431593	      0.00000000	      0.00000000	     -7.26958404	     -1.39141489	     -3.55509849
      1.18000000	      3.12290109	      1.29096875	      9.25111485	     -0.09825252	      1.03226096	     -0.56190121	    -12.42319229	     -3.92630969	    -10.33384984	      0.00370740	      0.00006471	    -28.53757096	      0.00000000	      0.00000000	     -8.31998816	     -8.74641930	    -13.53207683	      3.80648304	      0.06643566	    -38.02754032	      0.00000000	      0.00000000	     -6.87654804	     -1.32985983	     -3.52072447
      1.18500000	      2.92984326	      1.17327967	      9.25419359	     -0.09836920	      1.03511176	     -0.56187512	    -12.19164382	     -3.84252550	    -10.30025901	      0.00339271	      0.00005921	    -28.32486025	      0.00000000	      0.00000000	     -8.11893302	     -8.80210097	    -13.59228827	      3.60177569	      0.06286284	    -37.71892945	      0.00000000	      0.00000000	     -6.54142517	     -1.24763060	     -3.49447170
      1.19000000	      2.79642145	      1.05743290	      9.26265856	     -0.09837050	      1.03780496	     -0.56186366	    -12.05148629	     -3.74022469	    -10.24258229	      0.00329725	      0.00005755	    -27.98825514	      0.00000000	      0.00000000	     -7.99218239	     -8.86553667	    -13.64380750	      3.43080106	      0.05987877	    -37.29094384	      0.00000000	      0.00000000	     -6.26751606	     -1.15833218	     -3.47108830
      1.19500000	      2.72614903	      0.94197882	      9.28009821	     -0.09824963	      1.04035156	     -0.56188645	    -12.00819978	     -3.61949020	    -10.17797334	      0.00326676	      0.00005702	    -27.55707779	      0.00000000	      0.00000000	     -7.94740528	     -8.93686377	    -13.67759634	      3.28267194	      0.05729343	    -36.76563000	      0.00000000	      0.00000000	     -6.05773592	     -1.05831527	     -3.45345421
      1.20000000	      2.71581871	      0.83574765	      9.30020184	     -0.09802228	      1.04273707	     -0.56193316	    -12.05393701	     -3.49192767	    -10.09418030	      0.00334162	      0.00005832	    -27.06868560	      0.00000000	      0.00000000	     -7.98565095	     -9.00475532	    -13.68991446	      3.14990793	      0.05497626	    -36.16410143	      0.00000000	      0.00000000	     -5.91223068	     -0.95595582	     -3.44393448
      1.20500000	      2.76134006	      0.74384989	      9.32012591	     -0.09770335	      1.04495443	     -0.56200106	    -12.18140553	     -3.36674089	     -9.99097675	      0.00349173	      0.00006094	    -26.54331883	      0.00000000	      0.00000000	     -8.10309233	     -9.06188133	    -13.67950686	      3.02943093	      0.05287354	    -35.50163243	      0.00000000	      0.00000000	     -5.82830986	     -0.85718250	     -3.43630817
      1.21000000	      2.85303203	      0.66823959	      9.33536273	     -0.09732444	      1.04699656	     -0.56208335	    -12.37343273	     -3.24912934	     -9.85599037	      0.00378536	      0.00006607	    -26.00161800	      0.00000000	      0.00000000	     -8.28843506	     -9.10372870	    -13.64228189	      2.91880260	      0.05094272	    -34.79538106	      0.00000000	      0.00000000	     -5.79997265	     -0.76600125	     -3.42587970
      1.21500000	      2.98454952	      0.60607052	      9.34889278	     -0.09691059	      1.04886369	     -0.56218375	    -12.62088677	     -3.13747009	     -9.70321988	      0.00415964	      0.00007260	    -25.47656301	      0.00000000	      0.00000000	     -8.53038861	     -9.13285949	    -13.57364696	      2.81709814	      0.04916764	    -34.06260636	      0.00000000	      0.00000000	     -5.82230439	     -0.67959917	     -3.41596761
      1.22000000	      3.14685722	      0.56119570	      9.35637541	     -0.09649094	      1.05054130	     -0.56228679	    -12.90779762	     -3.03932638	     -9.53163081	      0.00477866	      0.00008340	    -24.98712153	      0.00000000	      0.00000000	     -8.81621633	     -9.14395291	    -13.47649920	      2.72664058	      0.04758886	    -33.31962617	      0.00000000	      0.00000000	     -5.88877210	     -0.60434392	     -3.40575403
      1.22500000	      3.33233150	      0.53029892	      9.36205573	     -0.09608512	      1.05202982	     -0.56239161	    -13.22266730	     -2.95228248	     -9.35335483	      0.00580163	      0.00010126	    -24.54622439	      0.00000000	      0.00000000	     -9.13133214	     -9.14130611	    -13.34834845	      2.65155261	      0.04627832	    -32.57429823	      0.00000000	      0.00000000	     -5.99234911	     -0.53927058	     -3.39534146
      1.23000000	      3.53312231	      0.51045876	      9.36799109	     -0.09570892	      1.05332149	     -0.56249364	    -13.55323583	     -2.87391651	     -9.17877889	      0.00772813	      0.00013488	    -24.17409503	      0.00000000	      0.00000000	     -9.46220881	     -9.12869158	    -13.19168664	      2.59453100	      0.04528311	    -31.84367794	      0.00000000	      0.00000000	     -6.12626935	     -0.48375479	     -3.38835834
      1.23500000	      3.74485491	      0.50214909	      9.37672131	     -0.09537510	      1.05440880	     -0.56258713	    -13.89056905	     -2.80530899	     -9.02302956	      0.01308664	      0.00022840	    -23.88411989	      0.00000000	      0.00000000	     -9.79810047	     -9.10673043	    -13.01104467	      2.56129231	      0.04470298	    -31.13608584	      0.00000000	      0.00000000	     -6.28653454	     -0.43967622	     -3.38650389
      1.24000000	      3.95960364	      0.50295055	      9.38691553	     -0.09510365	      1.05528527	     -0.56266555	    -14.21112297	     -2.74834895	     -8.89754331	      0.04724249	      0.00082454	    -23.65500298	      0.00000000	      0.00000000	    -10.12649456	     -9.07769414	    -12.80752529	      2.55500043	      0.04459317	    -30.46351506	      0.00000000	      0.00000000	     -6.46585686	     -0.40614409	     -3.38911105
      1.24500000	      4.16926934	      0.50997213	      9.39519893	     -0.09491545	      1.05594982	     -0.56272981	    -14.45218903	     -2.71196899	     -8.87689436	      0.22536571	      0.00393337	    -23.43176198	      0.00000000	      0.00000000	    -10.43523398	     -9.04263266	    -12.58609921	      2.57776665	      0.04499052	    -29.82823080	      0.00000000	      0.00000000	     -6.65754988	     -0.38176075	     -3.38631587
      1.25000000	      4.37409710	      0.52226921	      9.40321712	     -0.09480365	      1.05639630	     -0.56277191	    -14.65236197	     -2.68871170	     -8.90375562	      0.46185856	      0.00806095	    -23.25141541	      0.00000000	      0.00000000	    -10.72196035	     -9.00478514	    -12.35345443	      2.63214892	      0.04593967	    -29.23838303	      0.00000000	      0.00000000	     -6.86046387	     -0.36599623	     -3.38223411
      1.25500000	      4.57360993	      0.53828467	      9.41383854	     -0.09476846	      1.05662043	     -0.56278789	    -14.82294262	     -2.67380942	     -8.95676793	      0.72845792	      0.01271399	    -23.11783486	      0.00000000	      0.00000000	    -10.98228078	     -8.96745191	    -12.11275011	      2.72229898	      0.04751308	    -28.69269066	      0.00000000	      0.00000000	     -7.07361608	     -0.35728274	     -3.37994905
      1.26000000	      4.76612116	      0.55914387	      9.42564334	     -0.09480647	      1.05661657	     -0.56277262	    -14.97255868	     -2.66788994	     -9.01245101	      1.00505362	      0.01754149	    -23.02767436	      0.00000000	      0.00000000	    -11.21425685	     -8.93011811	    -11.86741856	      2.84937657	      0.04973100	    -28.18892874	      0.00000000	      0.00000000	     -7.29478277	     -0.35779853	     -3.37893117
      1.26500000	      4.95313620	      0.58635197	      9.44004612	     -0.09490653	      1.05638167	     -0.56273130	    -15.10869281	     -2.67092788	     -9.07057466	      1.28319299	      0.02239594	    -22.97630409	      0.00000000	      0.00000000	    -11.41846876	     -8.89156587	    -11.62503107	      3.01476132	      0.05261751	    -27.71957319	      0.00000000	      0.00000000	     -7.52450393	     -0.36928367	     -3.37706877
      1.27000000	      5.13127021	      0.62265482	      9.45350287	     -0.09507343	      1.05590608	     -0.56266696	    -15.22995209	     -2.68806620	     -9.12277400	      1.56056042	      0.02723692	    -22.94474750	      0.00000000	      0.00000000	    -11.59202198	     -8.84698696	    -11.38642521	      3.21795871	      0.05616397	    -27.28569400	      0.00000000	      0.00000000	     -7.75923122	     -0.39289767	     -3.37814071
      1.27500000	      5.30300762	      0.66857997	      9.47125701	     -0.09529758	      1.05518734	     -0.56258746	    -15.33959685	     -2.71711551	     -9.17570424	      1.83971410	      0.03210907	    -22.92456317	      0.00000000	      0.00000000	    -11.73634506	     -8.79708351	    -11.15114561	      3.46021199	      0.06039209	    -26.87858124	      0.00000000	      0.00000000	     -7.99962499	     -0.42933304	     -3.38336379
      1.28000000	      5.46654901	      0.72664097	      9.49147301	     -0.09556930	      1.05422312	     -0.56250126	    -15.43642024	     -2.76293807	     -9.22904353	      2.12127419	      0.03702322	    -22.90932280	      0.00000000	      0.00000000	    -11.85229187	     -8.73789587	    -10.91990972	      3.73904176	      0.06525859	    -26.49411325	      0.00000000	      0.00000000	     -8.24190310	     -0.48049792	     -3.39197437
      1.28500000	      5.62187980	      0.79487723	      9.51459669	     -0.09588752	      1.05301375	     -0.56242026	    -15.51845702	     -2.82401854	     -9.28381131	      2.40834332	      0.04203352	    -22.88872357	      0.00000000	      0.00000000	    -11.94034564	     -8.67021097	    -10.69237535	      4.05169817	      0.07071547	    -26.13046230	      0.00000000	      0.00000000	     -8.48487817	     -0.54319135	     -3.40342269
      1.29000000	      5.76887521	      0.87420614	      9.54076695	     -0.09625096	      1.05155612	     -0.56235039	    -15.58081069	     -2.90352211	     -9.34568559	      2.71242355	      0.04734072	    -22.85137100	      0.00000000	      0.00000000	    -12.00151463	     -8.59273325	    -10.46527720	      4.39711654	      0.07674416	    -25.78864621	      0.00000000	      0.00000000	     -8.72789300	     -0.61684406	     -3.41991009
      1.29500000	      5.91000825	      0.95960851	      9.57197209	     -0.09665278	      1.04986019	     -0.56230469	    -15.62659332	     -2.99520889	     -9.41555709	      3.02992349	      0.05288214	    -22.80908878	      0.00000000	      0.00000000	    -12.03857845	     -8.51076289	    -10.23873032	      4.77414924	      0.08332462	    -25.46430062	      0.00000000	      0.00000000	     -8.97137297	     -0.69501929	     -3.43929933
      1.30000000	      6.04424043	      1.05096833	      9.60590568	     -0.09709255	      1.04792471	     -0.56228630	    -15.65323971	     -3.10115223	     -9.48926670	      3.36329770	      0.05870062	    -22.76509610	      0.00000000	      0.00000000	    -12.05227882	     -8.42352147	    -10.01054179	      5.17921559	      0.09039436	    -25.16723699	      0.00000000	      0.00000000	     -9.21421889	     -0.77710510	     -3.46064112
      1.30500000	      6.17378788	      1.14276082	      9.64669430	     -0.09756442	      1.04575004	     -0.56230256	    -15.67227137	     -3.21079999	     -9.55591300	      3.69474807	      0.06448552	    -22.73483194	      0.00000000	      0.00000000	    -12.04469062	     -8.33796385	     -9.77812999	      5.60907483	      0.09789682	    -24.90803890	      0.00000000	      0.00000000	     -9.45702458	     -0.85608845	     -3.48482513
      1.31000000	      6.30001711	      1.23392675	      9.69656605	     -0.09806317	      1.04333578	     -0.56235594	    -15.68371198	     -3.32255808	     -9.62555140	      4.02917022	      0.07032229	    -22.73782718	      0.00000000	      0.00000000	    -12.01655199	     -8.25614781	     -9.53925015	      6.06528764	      0.10585924	    -24.69365848	      0.00000000	      0.00000000	     -9.70008366	     -0.93007918	     -3.51481403
      1.31500000	      6.42568367	      1.31789968	      9.75715952	     -0.09858395	      1.04068872	     -0.56245306	    -15.69066179	     -3.42810017	     -9.69777235	      4.36354506	      0.07615823	    -22.79198274	      0.00000000	      0.00000000	    -11.97094944	     -8.18559687	     -9.29303853	      6.54453684	      0.11422372	    -24.53592224	      0.00000000	      0.00000000	     -9.94429530	     -0.99067092	     -3.55138894
      1.32000000	      6.55156105	      1.39266447	      9.83006679	     -0.09912391	      1.03780369	     -0.56259345	    -15.69238720	     -3.52479442	     -9.77504060	      4.70229411	      0.08207051	    -22.90211006	      0.00000000	      0.00000000	    -11.90754940	     -8.12927846	     -9.03996075	      7.04702152	      0.12299373	    -24.44552028	      0.00000000	      0.00000000	    -10.18970785	     -1.03544307	     -3.59763290
      1.32500000	      6.67863925	      1.45509372	      9.91668848	     -0.09967760	      1.03468082	     -0.56277438	    -15.68775151	     -3.60812778	     -9.86512760	      5.05040671	      0.08814623	    -23.07920384	      0.00000000	      0.00000000	    -11.82634098	     -8.09186606	     -8.78167231	      7.57432618	      0.13219693	    -24.42451214	      0.00000000	      0.00000000	    -10.43609262	     -1.06073364	     -3.65330733
      1.33000000	      6.80914444	      1.50609223	     10.01386981	     -0.10024661	      1.03132289	     -0.56298769	    -15.67047698	     -3.68203790	     -9.97712122	      5.42567294	      0.09469586	    -23.31489676	      0.00000000	      0.00000000	    -11.72926697	     -8.07275586	     -8.52411980	      8.12838411	      0.14186707	    -24.47386182	      0.00000000	      0.00000000	    -10.68682361	     -1.06740056	     -3.71794915
      1.33500000	      6.94494892	      1.53860009	     10.12195664	     -0.10082989	      1.02773286	     -0.56322867	    -15.64305846	     -3.73635627	    -10.10150507	      5.82726292	      0.10170492	    -23.58567519	      0.00000000	      0.00000000	    -11.61613226	     -8.08095234	     -8.27393380	      8.71100466	      0.15203571	    -24.58287731	      0.00000000	      0.00000000	    -10.94242470	     -1.04814424	     -3.78878305
      1.34000000	      7.08511630	      1.55299021	     10.23599497	     -0.10142840	      1.02390829	     -0.56348012	    -15.59869945	     -3.77298873	    -10.23463377	      6.27418720	      0.10950522	    -23.83433942	      0.00000000	      0.00000000	    -11.48590546	     -8.11641687	     -8.03918825	      9.32468018	      0.16274637	    -24.74183164	      0.00000000	      0.00000000	    -11.20257420	     -1.00527144	     -3.86205714
      1.34500000	      7.22950870	      1.55033588	     10.35290722	     -0.10204284	      1.01985301	     -0.56372866	    -15.53295863	     -3.79561560	    -10.37133935	      6.79002167	      0.11850823	    -23.92837398	      0.00000000	      0.00000000	    -11.33850166	     -8.17868449	     -7.82353098	      9.97268331	      0.17405616	    -24.92639498	      0.00000000	      0.00000000	    -11.46815930	     -0.94160826	     -3.93185418
      1.35000000	      7.37806072	      1.52669761	     10.46875759	     -0.10268910	      1.01557520	     -0.56397720	    -15.43636863	     -3.80685481	    -10.50209767	      7.41029694	      0.12933408	    -23.70322583	      0.00000000	      0.00000000	    -11.17276659	     -8.26972847	     -7.63032543	     10.65859712	      0.18602761	    -25.09648807	      0.00000000	      0.00000000	    -11.74011296	     -0.85218171	     -3.99896668
      1.35500000	      7.53139862	      1.47832870	     10.58598565	     -0.10337087	      1.01108697	     -0.56423295	    -15.31128505	     -3.80205336	    -10.62330038	      8.14342525	      0.14212958	    -23.07129907	      0.00000000	      0.00000000	    -10.98834405	     -8.39355512	     -7.45425993	     11.38825374	      0.19876252	    -25.18759912	      0.00000000	      0.00000000	    -12.01799580	     -0.73252965	     -4.06487290
      1.36000000	      7.69142399	      1.40805776	     10.70680307	     -0.10408742	      1.00640306	     -0.56450045	    -15.15807230	     -3.78571416	    -10.74421745	      9.00968444	      0.15724866	    -21.97495857	      0.00000000	      0.00000000	    -10.78654108	     -8.54900627	     -7.28581135	     12.17409695	      0.21247808	    -25.09927516	      0.00000000	      0.00000000	    -12.30526468	     -0.58437648	     -4.13423450
      1.36500000	      7.86023688	      1.31180819	     10.84248344	     -0.10484960	      1.00154154	     -0.56480315	    -14.98732359	     -3.75017277	    -10.86468559	     10.00083616	      0.17454752	    -20.42380024	      0.00000000	      0.00000000	    -10.56673298	     -8.74305339	     -7.09774098	     13.02928574	      0.22740394	    -24.69937678	      0.00000000	      0.00000000	    -12.60503596	     -0.39992421	     -4.21558923
      1.37000000	      8.04051291	      1.19047041	     10.99892329	     -0.10565999	      0.99651915	     -0.56514985	    -14.80660266	     -3.69155080	    -10.99511495	     11.10445767	      0.19380935	    -18.56304918	      0.00000000	      0.00000000	    -10.33568585	     -8.97607651	     -6.86635383	     13.95771265	      0.24360804	    -23.89816041	      0.00000000	      0.00000000	    -12.92009217	     -0.17829759	     -4.31983831
      1.37500000	      8.23808491	      1.04804884	     11.18126759	     -0.10650432	      0.99136181	     -0.56553517	    -14.63272913	     -3.60367089	    -11.13504868	     12.28452004	      0.21440532	    -16.57301178	      0.00000000	      0.00000000	    -10.10574511	     -9.24681819	     -6.57389952	     14.95981203	      0.26109798	    -22.65753165	      0.00000000	      0.00000000	    -13.25685075	      0.07674640	     -4.44676705
      1.38000000	      8.45332625	      0.89609442	     11.38256657	     -0.10737915	      0.98607891	     -0.56593388	    -14.46064306	     -3.50085524	    -11.28098720	     13.54471327	      0.23639984	    -14.50237325	      0.00000000	      0.00000000	     -9.88493428	     -9.54253668	     -6.21866232	     16.03366234	      0.27984020	    -20.99120749	      0.00000000	      0.00000000	    -13.61909498	      0.35047379	     -4.59376256
      1.38500000	      8.68423068	      0.74240191	     11.59443018	     -0.10829657	      0.98067944	     -0.56633093	    -14.28645181	     -3.39384246	    -11.41027679	     14.86741610	      0.25948536	    -12.36075893	      0.00000000	      0.00000000	     -9.67601205	     -9.84971708	     -5.79899226	     17.16913407	      0.29965792	    -19.00702301	      0.00000000	      0.00000000	    -14.00850901	      0.63224040	     -4.75473463
      1.39000000	      8.92596838	      0.60414320	     11.80201908	     -0.10925076	      0.97515903	     -0.56669660	    -14.08631552	     -3.31159787	    -11.53657156	     16.27478294	      0.28404855	    -10.13176819	      0.00000000	      0.00000000	     -9.47654791	    -10.14386600	     -5.33481056	     18.35853920	      0.32041695	    -16.84741932	      0.00000000	      0.00000000	    -14.42349466	      0.89849772	     -4.91895472
      1.39500000	      9.17166634	      0.48500784	     11.99533125	     -0.11025445	      0.96950537	     -0.56701570	    -13.84228743	     -3.26577037	    -11.64292010	     17.76725321	      0.31009707	     -7.76465909	      0.00000000	      0.00000000	     -9.26288951	    -10.41763938	     -4.84905384	     19.61901516	      0.34241641	    -14.59387595	      0.00000000	      0.00000000	    -14.85992586	      1.14227129	     -5.07791575
      1.40000000	      9.41009213	      0.38090551	     12.17710335	     -0.11132689	      0.96367419	     -0.56729147	    -13.52940061	     -3.26049399	    -11.74983625	     19.36072361	      0.33790837	     -5.22599546	      0.00000000	      0.00000000	     -8.99092153	    -10.67640921	     -4.35043796	     20.99005085	      0.36634550	    -12.25516138	      0.00000000	      0.00000000	    -15.30643664	      1.36605755	     -5.23253163
      1.40500000	      9.62591039	      0.27345669	     12.35643952	     -0.11250185	      0.95761580	     -0.56754762	    -13.12078276	     -3.28117139	    -11.87160331	     21.06113365	      0.36758613	     -2.55100486	      0.00000000	      0.00000000	     -8.60377887	    -10.93891935	     -3.83488795	     22.51836355	      0.39301959	     -9.81591035	      0.00000000	      0.00000000	    -15.74633148	      1.59054769	     -5.38424996
      1.41000000	      9.80575685	      0.14404414	     12.54417137	     -0.11379405	      0.95127762	     -0.56780092	    -12.59547313	     -3.31068064	    -12.03434549	     22.87496278	      0.39924342	      0.18094929	      0.00000000	      0.00000000	     -8.05244442	    -11.22577426	     -3.30405043	     24.24841218	      0.42321463	     -7.21725209	      0.00000000	      0.00000000	    -16.16098599	      1.83612140	     -5.53753330
      1.41500000	      9.94331772	     -0.03076521	     12.74667616	     -0.11522201	      0.94464017	     -0.56806749	    -11.95536163	     -3.31671727	    -12.22438640	     24.77903452	      0.43247574	      2.90620882	      0.00000000	      0.00000000	     -7.31429293	    -11.55923753	     -2.75248575	     26.19127537	      0.45712399	     -4.44453707	      0.00000000	      0.00000000	    -16.53905229	      2.12952705	     -5.69444597
      1.42000000	     10.03860477	     -0.25815424	     12.96864488	     -0.11677501	      0.93771691	     -0.56836612	    -11.20817122	     -3.28945704	    -12.46871888	     26.76491404	      0.46713587	      5.59503135	      0.00000000	      0.00000000	     -6.40126304	    -11.94045883	     -2.17179646	     28.31729489	      0.49423003	     -1.53360379	      0.00000000	      0.00000000	    -16.87707685	      2.48101110	     -5.85317160
      1.42500000	     10.09708449	     -0.52846372	     13.19714309	     -0.11843572	      0.93057262	     -0.56868886	    -10.36939278	     -3.23705603	    -12.76724543	     28.82205432	      0.50303975	      8.23414559	      0.00000000	      0.00000000	     -5.35697190	    -12.34800074	     -1.57326393	     30.56396626	      0.53344184	      1.43229771	      0.00000000	      0.00000000	    -17.18198652	      2.88034629	     -6.00834864
      1.43000000	     10.13902543	     -0.82405697	     13.42548123	     -0.12016575	      0.92332538	     -0.56902370	     -9.48304196	     -3.16817808	    -13.12338158	     30.91382475	      0.53954803	     10.81589410	      0.00000000	      0.00000000	     -4.24647120	    -12.75979264	     -0.97124368	     32.86365578	      0.57357900	      4.37343364	      0.00000000	      0.00000000	    -17.47520030	      3.31047795	     -6.15776192
      1.43500000	     10.18002184	     -1.12732901	     13.64486297	     -0.12194417	      0.91609818	     -0.56935190	     -8.58049742	     -3.09413552	    -13.53796094	     33.01549582	      0.57622911	     13.35464452	      0.00000000	      0.00000000	     -3.11901201	    -13.15687342	     -0.38509597	     35.16856485	      0.61380725	      7.22811242	      0.00000000	      0.00000000	    -17.77628810	      3.75252995	     -6.29560380
      1.44000000	     10.23677304	     -1.43349002	     13.85586586	     -0.12375048	      0.90901154	     -0.56967295	     -7.69281836	     -3.01320771	    -14.01752880	     35.09258434	      0.61248114	     15.84617931	      0.00000000	      0.00000000	     -2.00455262	    -13.53978802	      0.16605602	     37.45838508	      0.65377215	      9.98003119	      0.00000000	      0.00000000	    -18.10300681	      4.20485414	     -6.41792474
      1.44500000	     10.31922331	     -1.74524667	     14.05945795	     -0.12557219	      0.90216810	     -0.56998685	     -6.84366563	     -2.91535978	    -14.55302639	     37.11123751	      0.64771328	     18.26137905	      0.00000000	      0.00000000	     -0.91421221	    -13.91597504	      0.67079706	     39.72581583	      0.69334628	     12.62800298	      0.00000000	      0.00000000	    -18.46398758	      4.67181387	     -6.52256106
      1.45000000	     10.42871190	     -2.06814853	     14.25717409	     -0.12739374	      0.89564132	     -0.57029836	     -6.04571768	     -2.78993123	    -15.12633856	     39.04004408	      0.68137731	     20.57883526	      0.00000000	      0.00000000	      0.15106022	    -14.29230073	      1.12870371	     41.95986538	      0.73233780	     15.15377458	      0.00000000	      0.00000000	    -18.85578537	      5.15815888	     -6.60561595
      1.45500000	     10.55406184	     -2.40345667	     14.44383457	     -0.12919783	      0.88946814	     -0.57061472	     -5.29062242	     -2.63860497	    -15.71645592	     40.87063857	      0.71332721	     22.77328392	      0.00000000	      0.00000000	      1.19752042	    -14.66544548	      1.54034934	     44.14498175	      0.77047528	     17.54080696	      0.00000000	      0.00000000	    -19.26261595	      5.66055848	     -6.66198150
      1.46000000	     10.68493385	     -2.75087420	     14.61512953	     -0.13096180	      0.88367248	     -0.57094670	     -4.57127549	     -2.46467915	    -16.29547884	     42.59886118	      0.74349039	     24.81690945	      0.00000000	      0.00000000	      2.22631526	    -15.02987341	      1.90989418	     46.26375808	      0.80745490	     19.77163694	      0.00000000	      0.00000000	    -19.66967908	      6.17594191	     -6.68867202
      1.46500000	     10.80191619	     -3.09363635	     14.76234594	     -0.13266176	      0.87825204	     -0.57129125	     -3.87001572	     -2.29506926	    -16.83098183	     44.23655602	      0.77207355	     26.68842425	      0.00000000	      0.00000000	      3.23614897	    -15.36007464	      2.24343948	     48.29318048	      0.84287501	     21.83267379	      0.00000000	      0.00000000	    -20.05558191	      6.67824998	     -6.68637896
      1.47000000	     10.88773426	     -3.41495652	     14.87298311	     -0.13429239	      0.87318709	     -0.57163805	     -3.16279355	     -2.15490950	    -17.27788724	     45.80359792	      0.79942359	     28.37791219	      0.00000000	      0.00000000	      4.22352786	    -15.63319062	      2.54154504	     50.21588109	      0.87643246	     23.71175385	      0.00000000	      0.00000000	    -20.40375788	      7.14239163	     -6.65602319
      1.47500000	     10.93696174	     -3.70031097	     14.93475624	     -0.13584768	      0.86847448	     -0.57197595	     -2.44196132	     -2.06335373	    -17.60340067	     47.31091663	      0.82573127	     29.84666452	      0.00000000	      0.00000000	      5.16985937	    -15.83562025	      2.79841511	     52.01156843	      0.90777312	     25.42323627	      0.00000000	      0.00000000	    -20.71085025	      7.54751275	     -6.58929464
      1.48000000	     11.00164802	     -3.97086706	     14.98456759	     -0.13727289	      0.86423667	     -0.57237094	     -1.82751888	     -1.96142539	    -17.83592915	     48.55038707	      0.84736411	     29.99453096	      0.00000000	      0.00000000	      6.00964392	    -16.01066783	      3.04075869	     53.63754652	      0.93615179	     26.95083556	      0.00000000	      0.00000000	    -21.01625218	      7.94103060	     -6.50778615
      1.48500000	     11.02333628	     -4.17788205	     14.97115209	     -0.13864107	      0.86033317	     -0.57272217	     -1.18617993	     -1.94123432	    -17.90523925	     49.75527628	      0.86839339	     29.99718340	      0.00000000	      0.00000000	      6.78178605	    -16.09522607	      3.23775216	     55.10622280	      0.96178503	     28.31596172	      0.00000000	      0.00000000	    -21.28313313	      8.23907517	     -6.38932721
      1.49000000	     10.99961764	     -4.31246396	     14.89108059	     -0.13995958	      0.85675435	     -0.57300098	     -0.51295078	     -2.00775114	    -17.80843279	     50.93738244	      0.88902504	     29.99801374	      0.00000000	      0.00000000	      7.47825349	    -16.08826604	      3.38424728	     56.40370318	      0.98443033	     29.51158591	      0.00000000	      0.00000000	    -21.51204933	      8.42837113	     -6.23686084
      1.49500000	     10.95307211	     -4.34774087	     14.73886108	     -0.14117914	      0.85361059	     -0.57314116	      0.14117311	     -2.16653836	    -17.55522689	     52.05486896	      0.90852886	     29.99840951	      0.00000000	      0.00000000	      8.02382953	    -15.98669213	      3.44016432	     57.41603869	      1.00209892	     29.98838644	      0.00000000	      0.00000000	    -21.73103379	      8.47517932	     -6.05002524
      1.50000000	     10.88636034	     -4.30995688	     14.54408931	     -0.14229992	      0.85087505	     -0.57317134	      0.76623654	     -2.38200540	    -17.19241904	     53.08045091	      0.92642864	     29.99863581	      0.00000000	      0.00000000	      8.44849538	    -15.82492968	      3.43580715	     58.18713614	      1.01555711	     29.99535550	      0.00000000	      0.00000000	    -21.93186934	      8.41758492	     -5.85724952
      1.50500000	     10.80054876	     -4.23632834	     14.34120417	     -0.14331787	      0.84850296	     -0.57315798	      1.35650437	     -2.61920812	    -16.79380025	     53.99962608	      0.94247127	     29.99877864	      0.00000000	      0.00000000	      8.79444929	    -15.64111312	      3.41296252	     58.78776908	      1.02604013	     29.99687194	      0.00000000	      0.00000000	    -22.09766803	      8.30861724	     -5.68118508
      1.51000000	     10.70449934	     -4.14735101	     14.14380496	     -0.14420827	      0.84652050	     -0.57311512	      1.88935755	     -2.85086739	    -16.40311043	     54.78153236	      0.95611811	     29.99887230	      0.00000000	      0.00000000	      9.06204789	    -15.46529198	      3.36879925	     59.21904695	      1.03356735	     29.99750307	      0.00000000	      0.00000000	    -22.22713745	      8.17566789	     -5.52862845
      1.51500000	     10.60686631	     -4.06273119	     13.96628060	     -0.14494757	      0.84495385	     -0.57306551	      2.34282132	     -3.05444185	    -16.06379364	     55.40309556	      0.96696643	     29.99893410	      0.00000000	      0.00000000	      9.25172457	    -15.32217101	      3.30392695	     59.48314821	      1.03817679	     29.99781744	      0.00000000	      0.00000000	    -22.31991249	      8.04623647	     -5.40620621
      1.52000000	     10.50904559	     -3.99650816	     13.81073656	     -0.14552774	      0.84383148	     -0.57302638	      2.70539863	     -3.21574321	    -15.79901649	     55.84300188	      0.97464425	     29.99897357	      0.00000000	      0.00000000	      9.36926720	    -15.22536328	      3.21054551	     59.58785893	      1.04000433	     29.99797703	      0.00000000	      0.00000000	    -22.37267347	      7.93897484	     -5.31216606
      1.52500000	     10.40780016	     -3.95051577	     13.67506085	     -0.14593172	      0.84316803	     -0.57300615	      2.97374587	     -3.34003490	    -15.63035685	     56.09775940	      0.97909060	     29.99899498	      0.00000000	      0.00000000	      9.41937065	    -15.17352519	      3.07692744	     59.54085585	      1.03918397	     29.99804244	      0.00000000	      0.00000000	    -22.37799024	      7.85448074	     -5.24006127
      1.53000000	     10.30171368	     -3.92472356	     13.55071221	     -0.14614668	      0.84298254	     -0.57299265	      3.14514984	     -3.42506006	    -15.54940777	     56.16020379	      0.98018046	     29.99900063	      0.00000000	      0.00000000	      9.40484772	    -15.16652559	      2.88465392	     59.35404594	      1.03592353	     29.99803912	      0.00000000	      0.00000000	    -22.33374785	      7.78903333	     -5.17701639
      1.53500000	     10.19129033	     -3.91402126	     13.43306451	     -0.14615299	      0.84329613	     -0.57297853	      3.21462060	     -3.47331438	    -15.54827790	     56.02947082	      0.97789874	     29.99899196	      0.00000000	      0.00000000	      9.32365842	    -15.19622106	      2.62468072	     59.03499874	      1.03035510	     29.99796368	      0.00000000	      0.00000000	    -22.23939728	      7.73535012	     -5.12047578
      1.54000000	     10.07001982	     -3.90837448	     13.30755827	     -0.14594857	      0.84411502	     -0.57295114	      3.19365304	     -3.49558386	    -15.59859131	     55.71363564	      0.97238638	     29.99896704	      0.00000000	      0.00000000	      9.17985131	    -15.24639464	      2.28578714	     58.59554911	      1.02268526	     29.99780117	      0.00000000	      0.00000000	    -22.09081452	      7.67669816	     -5.05755981
      1.54500000	      9.94086949	     -3.89698133	     13.17078738	     -0.14551374	      0.84544243	     -0.57289391	      3.08313418	     -3.50202243	    -15.68135574	     55.22302907	      0.96382368	     29.99892041	      0.00000000	      0.00000000	      8.96778831	    -15.30466724	      1.86566939	     58.04168054	      1.01301843	     29.99750363	      0.00000000	      0.00000000	    -21.89249985	      7.60007781	     -4.99155824
      1.55000000	      9.80876570	     -3.87230526	     13.02120469	     -0.14484527	      0.84728539	     -0.57280715	      2.88214202	     -3.49819872	    -15.77362524	     54.56652550	      0.95236553	     29.99884369	      0.00000000	      0.00000000	      8.68203658	    -15.35879097	      1.37250016	     57.37867372	      1.00144678	     29.99694090	      0.00000000	      0.00000000	    -21.65113071	      7.49831638	     -4.92234077
      1.55500000	      9.67286665	     -3.82886788	     12.85844784	     -0.14395003	      0.84962978	     -0.57269227	      2.60132133	     -3.48987849	    -15.85517594	     53.75971807	      0.93828409	     29.99872014	      0.00000000	      0.00000000	      8.32540233	    -15.39635756	      0.82137533	     56.61149106	      0.98805691	     29.99568195	      0.00000000	      0.00000000	    -21.36755405	      7.36576525	     -4.85292794
      1.56000000	      9.53199402	     -3.75978417	     12.68328582	     -0.14285429	      0.85245038	     -0.57254906	      2.25379937	     -3.48819931	    -15.90769819	     52.81674603	      0.92182612	     29.99851571	      0.00000000	      0.00000000	      7.90397064	    -15.40471977	      0.22992826	     55.74697066	      0.97296819	     29.99123821	      0.00000000	      0.00000000	    -21.04552022	      7.19515905	     -4.78239667
      1.56500000	      9.40015050	     -3.65176523	     12.49537899	     -0.14155613	      0.85577476	     -0.57235694	      1.82478532	     -3.50217604	    -15.92075952	     51.74160349	      0.90306134	     29.99814875	      0.00000000	      0.00000000	      7.38680131	    -15.37276807	     -0.40069633	     54.74279869	      0.95544208	     29.76879675	      0.00000000	      0.00000000	    -20.70586377	      6.97393028	     -4.71655642
      1.57000000	      9.29393919	     -3.46130358	     12.27022331	     -0.14004684	      0.85968471	     -0.57204944	      1.29274718	     -3.57076735	    -15.86309198	     50.53662305	      0.88203047	     29.99736497	      0.00000000	      0.00000000	      6.69646588	    -15.25900278	     -1.11011986	     53.46903101	      0.93321064	     28.63615472	      0.00000000	      0.00000000	    -20.37916514	      6.64482618	     -4.63510288
      1.57500000	      9.19431343	     -3.22599676	     12.03148019	     -0.13839548	      0.86403478	     -0.57169654	      0.70222772	     -3.67004994	    -15.76142242	     49.23412219	      0.85929754	     29.99483312	      0.00000000	      0.00000000	      5.91659181	    -15.08748185	     -1.83229510	     52.04830593	      0.90841431	     27.28142476	      0.00000000	      0.00000000	    -20.03941588	      6.25704625	     -4.55113418
      1.58000000	      9.11353753	     -2.95284346	     11.78982346	     -0.13661281	      0.86882237	     -0.57131680	      0.03358996	     -3.79240936	    -15.63795712	     47.81274113	      0.83448976	     29.84125795	      0.00000000	      0.00000000	      5.03836870	    -14.86527687	     -2.55203090	     50.47252740	      0.88091178	     25.71491169	      0.00000000	      0.00000000	    -19.70019286	      5.82442347	     -4.47112896
      1.58500000	      9.11325247	     -2.68300019	     11.59405772	     -0.13463764	      0.87416626	     -0.57100056	     -0.85696362	     -3.86268223	    -15.57360696	     46.04176921	      0.80358047	     28.30561246	      0.00000000	      0.00000000	      3.99938422	    -14.64713182	     -3.23439021	     48.70225932	      0.85001478	     23.89832607	      0.00000000	      0.00000000	    -19.40964184	      5.41917322	     -4.42864898
      1.59000000	      9.13042779	     -2.37663839	     11.39561601	     -0.13255926	      0.87986663	     -0.57065566	     -1.82172764	     -3.95819466	    -15.50869521	     44.15627953	      0.77067246	     26.58030694	      0.00000000	      0.00000000	      2.86919015	    -14.37710669	     -3.91153660	     46.77667309	      0.81640696	     21.85341036	      0.00000000	      0.00000000	    -19.12104909	      4.96997910	     -4.39973861
      1.59500000	      9.16466035	     -2.03830262	     11.18966669	     -0.13038916	      0.88588241	     -0.57027977	     -2.85407401	     -4.07749981	    -15.45089750	     42.17001709	      0.73600564	     24.69697992	      0.00000000	      0.00000000	      1.65118424	    -14.05839463	     -4.58935691	     44.69766395	      0.78012140	     19.59212053	      0.00000000	      0.00000000	    -18.83685214	      4.48328392	     -4.38169225
      1.60000000	      9.20991122	     -1.67788310	     10.97469900	     -0.12815351	      0.89215825	     -0.56987732	     -3.93844805	     -4.21268048	    -15.40118904	     40.09390214	      0.69977060	     22.67169544	      0.00000000	      0.00000000	      0.36511530	    -13.69836573	     -5.26564134	     42.48381202	      0.74148240	     17.12765934	      0.00000000	      0.00000000	    -18.55203926	      3.96978667	     -4.36984951
      1.60500000	      9.25741041	     -1.29991126	     10.74589691	     -0.12587694	      0.89862606	     -0.56944875	     -5.05126475	     -4.36722335	    -15.36601548	     37.95442722	      0.66242972	     20.51068490	      0.00000000	      0.00000000	     -0.96701121	    -13.29895822	     -5.94263357	     40.15777498	      0.70088539	     14.48372397	      0.00000000	      0.00000000	    -18.25869152	      3.43297571	     -4.35879428
      1.61000000	      9.29924618	     -0.92129982	     10.50571662	     -0.12358962	      0.90523248	     -0.56901487	     -6.17289703	     -4.52616735	    -15.34516606	     35.76300146	      0.62418213	     18.23959757	      0.00000000	      0.00000000	     -2.31689044	    -12.87505620	     -6.61406533	     37.74844492	      0.65883465	     11.69701529	      0.00000000	      0.00000000	    -17.94946615	      2.89357091	     -4.34093559
      1.61500000	      9.32511177	     -0.55230267	     10.25518191	     -0.12132784	      0.91191444	     -0.56858237	     -7.27473869	     -4.68402126	    -15.33401927	     33.55068855	      0.58556998	     15.86631601	      0.00000000	      0.00000000	     -3.65525913	    -12.43442079	     -7.27260076	     35.28501554	      0.61583970	      8.80186322	      0.00000000	      0.00000000	    -17.61704748	      2.36284558	     -4.31039313
      1.62000000	      9.32265496	     -0.20413526	     10.00060297	     -0.11913537	      0.91861858	     -0.56816151	     -8.32942760	     -4.83106407	    -15.32092606	     31.33721469	      0.54693757	     13.41350193	      0.00000000	      0.00000000	     -4.94533606	    -11.98828862	     -7.90355071	     32.80598764	      0.57257250	      5.83094715	      0.00000000	      0.00000000	    -17.24996387	      1.85334801	     -4.27038137
      1.62500000	      9.28550560	      0.11898645	      9.74782388	     -0.11704361	      0.92529932	     -0.56776565	     -9.31533536	     -4.97000237	    -15.31034941	     29.15413593	      0.50883566	     10.89422525	      0.00000000	      0.00000000	     -6.16389869	    -11.54153775	     -8.49704724	     30.33963785	      0.52952657	      2.82226740	      0.00000000	      0.00000000	    -16.84495993	      1.37179841	     -4.22472948
      1.63000000	      9.20728104	      0.40398988	      9.50692378	     -0.11508991	      0.93192328	     -0.56740794	    -10.21885209	     -5.08421366	    -15.28464920	     27.00567977	      0.47133803	      8.32653387	      0.00000000	      0.00000000	     -7.28369654	    -11.11128227	     -9.03799616	     27.91910017	      0.48728022	     -0.19542929	      0.00000000	      0.00000000	    -16.39866348	      0.93508785	     -4.17882949
      1.63500000	      9.08623163	      0.64823957	      9.28633275	     -0.11329426	      0.93846360	     -0.56709082	    -11.02982280	     -5.17099053	    -15.24009962	     24.91072578	      0.43477418	      5.71781364	      0.00000000	      0.00000000	     -8.28909985	    -10.70672745	     -9.51947319	     25.57039624	      0.44628761	     -3.18878717	      0.00000000	      0.00000000	    -15.91256221	      0.54752527	     -4.13747378
      1.64000000	      8.92659888	      0.84500460	      9.09332975	     -0.11166788	      0.94491263	     -0.56682259	    -11.75499264	     -5.21802699	    -15.16803575	     22.86271807	      0.39902971	      3.08426770	      0.00000000	      0.00000000	     -9.17251255	    -10.34326330	     -9.94211980	     23.31907175	      0.40699458	     -6.13100790	      0.00000000	      0.00000000	    -15.39188635	      0.21848766	     -4.10417638
      1.64500000	      8.73424954	      0.99382266	      8.92932116	     -0.11020927	      0.95125461	     -0.56660481	    -12.39892606	     -5.22486606	    -15.06905476	     20.86990647	      0.36424858	      0.44028329	      0.00000000	      0.00000000	     -9.93477800	    -10.02771771	    -10.31590806	     21.18097275	      0.36967771	     -9.00658127	      0.00000000	      0.00000000	    -14.84573836	     -0.05022763	     -4.08095502
      1.65000000	      8.51185178	      1.09416172	      8.79510855	     -0.10890983	      0.95748078	     -0.56643144	    -12.97234511	     -5.18393282	    -14.92020593	     18.91401958	      0.33011192	     -2.19902001	      0.00000000	      0.00000000	    -10.57694176	     -9.76621952	    -10.64919961	     19.16483879	      0.33448954	    -11.79932820	      0.00000000	      0.00000000	    -14.27776145	     -0.25871920	     -4.06609562
      1.65500000	      8.26488322	      1.15195529	      8.69127905	     -0.10775486	      0.96358577	     -0.56630323	    -13.48141837	     -5.10231489	    -14.72917605	     17.00161585	      0.29673417	     -4.82409598	      0.00000000	      0.00000000	    -11.10632738	     -9.55622268	    -10.94902913	     17.27491117	      0.30150408	    -14.50123077	      0.00000000	      0.00000000	    -13.69487970	     -0.41320850	     -4.06136453
      1.66000000	      7.99568705	      1.17498365	      8.60763123	     -0.10673564	      0.96955499	     -0.56621074	    -13.92619620	     -4.99241206	    -14.49309476	     15.14358652	      0.26430545	     -7.41583794	      0.00000000	      0.00000000	    -11.53252762	     -9.38840485	    -11.22882554	     15.50699454	      0.27064811	    -17.11609299	      0.00000000	      0.00000000	    -13.10167383	     -0.52418493	     -4.05892601
      1.66500000	      7.70492922	      1.17274933	      8.54014489	     -0.10583753	      0.97537310	     -0.56614439	    -14.31012651	     -4.86678397	    -14.21001365	     13.34249449	      0.23287046	     -9.97280153	      0.00000000	      0.00000000	    -11.86636426	     -9.25099901	    -11.48727746	     13.84623499	      0.24166239	    -19.65802259	      0.00000000	      0.00000000	    -12.50086023	     -0.60322384	     -4.05940861
      1.67000000	      7.39232304	      1.15430372	      8.48442073	     -0.10505262	      0.98102546	     -0.56610064	    -14.63109873	     -4.73811984	    -13.88534934	     11.60488040	      0.20254337	    -12.47524613	      0.00000000	      0.00000000	    -12.11753685	     -9.13189587	    -11.71970723	     12.27868516	      0.21430348	    -22.12484626	      0.00000000	      0.00000000	    -11.89422721	     -0.66155615	     -4.05669795
      1.67500000	      7.06009136	      1.12730957	      8.43676604	     -0.10437566	      0.98649942	     -0.56607615	    -14.88023499	     -4.62096391	    -13.54870618	      9.96243420	      0.17387728	    -14.91301467	      0.00000000	      0.00000000	    -12.29364377	     -9.02220146	    -11.92442690	     10.79948763	      0.18848662	    -24.52735280	      0.00000000	      0.00000000	    -11.28622985	     -0.70783744	     -4.05079866
      1.68000000	      6.70937715	      1.09571361	      8.39301086	     -0.10380476	      0.99177954	     -0.56606646	    -15.05212712	     -4.52140116	    -13.20750841	      8.43272759	      0.14717886	    -17.26542712	      0.00000000	      0.00000000	    -12.40095407	     -8.91637559	    -12.10101120	      9.40144294	      0.16408613	    -26.85816549	      0.00000000	      0.00000000	    -10.67935858	     -0.74683958	     -4.03929363
      1.68500000	      6.34224271	      1.06417389	      8.35608796	     -0.10333169	      0.99685556	     -0.56607132	    -15.14334209	     -4.44446373	    -12.88485912	      7.02904667	      0.12268001	    -19.51697148	      0.00000000	      0.00000000	    -12.44211439	     -8.81169486	    -12.24230662	      8.08822008	      0.14116607	    -29.09212835	      0.00000000	      0.00000000	    -10.07602342	     -0.78455378	     -4.02255737
      1.69000000	      5.96267112	      1.03297785	      8.32582652	     -0.10295805	      1.00172391	     -0.56609251	    -15.14776807	     -4.39065038	    -12.60239089	      5.77226353	      0.10074500	    -21.62841383	      0.00000000	      0.00000000	    -12.41655774	     -8.71021941	    -12.35300112	      6.87454710	      0.11998348	    -31.18414123	      0.00000000	      0.00000000	     -9.48137827	     -0.82091917	     -4.00116438
      1.69500000	      5.57297412	      1.00158189	      8.30353840	     -0.10267763	      1.00638293	     -0.56612280	    -15.06932107	     -4.35628373	    -12.35732464	      4.66686835	      0.08145222	    -23.57388379	      0.00000000	      0.00000000	    -12.32110735	     -8.61584348	    -12.43909603	      5.77732375	      0.10083332	    -33.08493785	      0.00000000	      0.00000000	     -8.89729839	     -0.85613088	     -3.97846843
      1.70000000	      5.17791054	      0.96974946	      8.28712113	     -0.10248644	      1.01083454	     -0.56615782	    -14.91134705	     -4.33880437	    -12.14898178	      3.72118138	      0.06494687	    -25.29406091	      0.00000000	      0.00000000	    -12.15869130	     -8.53016505	    -12.50945113	      4.80857340	      0.08392544	    -34.73041968	      0.00000000	      0.00000000	     -8.32828569	     -0.89033499	     -3.95297516
      1.70500000	      4.78170765	      0.93760313	      8.27322658	     -0.10237076	      1.01508246	     -0.56618748	    -14.68065017	     -4.33655699	    -11.97672397	      2.93644182	      0.05125058	    -26.74583926	      0.00000000	      0.00000000	    -11.93379715	     -8.45438530	    -12.57614675	      3.97938329	      0.06945334	    -36.07394929	      0.00000000	      0.00000000	     -7.77764866	     -0.92503756	     -3.92033040
      1.71000000	      4.39067380	      0.90428278	      8.25948969	     -0.10232180	      1.01913485	     -0.56620342	    -14.39547203	     -4.34350350	    -11.82105452	      2.29723093	      0.04009424	    -27.88804378	      0.00000000	      0.00000000	    -11.65700793	     -8.38946361	    -12.64531707	      3.28855358	      0.05739609	    -37.08564911	      0.00000000	      0.00000000	     -7.25058548	     -0.95867234	     -3.88280605
      1.71500000	      4.01143503	      0.87095599	      8.24380009	     -0.10231201	      1.02299685	     -0.56619887	    -14.06604100	     -4.35713576	    -11.69168992	      1.80602401	      0.03152107	    -28.70455304	      0.00000000	      0.00000000	    -11.34465973	     -8.33406345	    -12.72185124	      2.72696992	      0.04759460	    -37.75942605	      0.00000000	      0.00000000	     -6.75110841	     -0.99236215	     -3.83891154
      1.72000000	      3.65444859	      0.83539180	      8.22460699	     -0.10231882	      1.02668100	     -0.56617495	    -13.70841880	     -4.37045609	    -11.59659761	      1.45426799	      0.02538176	    -29.19561522	      0.00000000	      0.00000000	    -11.02061095	     -8.28975529	    -12.80458144	      2.27565969	      0.03971775	    -38.11794016	      0.00000000	      0.00000000	     -6.28817364	     -1.02127602	     -3.79092946
      1.72500000	      3.32984898	      0.79736592	      8.20395123	     -0.10230925	      1.03019610	     -0.56612931	    -13.35433956	     -4.37681630	    -11.52585768	      1.20400688	      0.02101388	    -29.40638223	      0.00000000	      0.00000000	    -10.70830727	     -8.25747944	    -12.89017326	      1.91424628	      0.03340990	    -38.20105139	      0.00000000	      0.00000000	     -5.86906112	     -1.04512726	     -3.74086667
      1.73000000	      3.04820321	      0.75955556	      8.18001100	     -0.10225762	      1.03354985	     -0.56606288	    -13.03172220	     -4.37393189	    -11.46534133	      1.02388653	      0.01787019	    -29.36544231	      0.00000000	      0.00000000	    -10.43172913	     -8.23343185	    -12.97617176	      1.62224797	      0.02831357	    -38.05391702	      0.00000000	      0.00000000	     -5.50253789	     -1.06510191	     -3.68632355
      1.73500000	      2.81739010	      0.72311100	      8.15443381	     -0.10213618	      1.03674665	     -0.56598544	    -12.75392266	     -4.36123627	    -11.42386316	      0.90548136	      0.01580363	    -29.12753531	      0.00000000	      0.00000000	    -10.20951666	     -8.21601097	    -13.05801380	      1.38242348	      0.02412784	    -37.72612006	      0.00000000	      0.00000000	     -5.19589140	     -1.07963341	     -3.63602633
      1.74000000	      2.64765230	      0.68834223	      8.12412284	     -0.10193046	      1.03979678	     -0.56590286	    -12.54713467	     -4.33753066	    -11.37563935	      0.81572671	      0.01423712	    -28.73763146	      0.00000000	      0.00000000	    -10.05933478	     -8.20373714	    -13.13984635	      1.18292090	      0.02064586	    -37.25610586	      0.00000000	      0.00000000	     -4.95855783	     -1.08757220	     -3.58354106
      1.74500000	      2.54263525	      0.66141555	      8.08688684	     -0.10162726	      1.04269326	     -0.56581736	    -12.42277264	     -4.30931478	    -11.31361474	      0.74117844	      0.01293600	    -28.23055559	      0.00000000	      0.00000000	     -9.98813719	     -8.18919201	    -13.22529629	      1.01958142	      0.01779505	    -36.66891293	      0.00000000	      0.00000000	     -4.79310644	     -1.09598226	     -3.52264085
      1.75000000	      2.50281896	      0.64411804	      8.04168967	     -0.10122850	      1.04543504	     -0.56573433	    -12.38151568	     -4.27893854	    -11.23264815	      0.67740373	      0.01182293	    -27.63884665	      0.00000000	      0.00000000	     -9.99796351	     -8.16966955	    -13.31161360	      0.88689212	      0.01547919	    -35.99308622	      0.00000000	      0.00000000	     -4.70066508	     -1.10474763	     -3.45386735
      1.75500000	      2.52649416	      0.63535606	      7.98999595	     -0.10074281	      1.04801993	     -0.56566193	    -12.42031295	     -4.24709119	    -11.13906595	      0.62298898	      0.01087321	    -27.00462922	      0.00000000	      0.00000000	    -10.08510836	     -8.14595623	    -13.39652197	      0.78335080	      0.01367205	    -35.24665791	      0.00000000	      0.00000000	     -4.68094737	     -1.11070348	     -3.38352074
      1.76000000	      2.60915017	      0.63488334	      7.92879831	     -0.10019261	      1.05044358	     -0.56559727	    -12.53586877	     -4.21507999	    -11.01841702	      0.56735091	      0.00990214	    -26.35027085	      0.00000000	      0.00000000	    -10.24295605	     -8.11674350	    -13.47975058	      0.70646539	      0.01233015	    -34.44764360	      0.00000000	      0.00000000	     -4.72952762	     -1.11527357	     -3.30121227
      1.76500000	      2.73946268	      0.64531448	      7.86101929	     -0.09960298	      1.05268861	     -0.56553812	    -12.70688560	     -4.18758601	    -10.88676193	      0.52381403	      0.00914228	    -25.69705052	      0.00000000	      0.00000000	    -10.45736670	     -8.07887678	    -13.55047448	      0.65235503	      0.01138574	    -33.62036495	      0.00000000	      0.00000000	     -4.83779307	     -1.12254445	     -3.21452618
      1.77000000	      2.90891565	      0.66193575	      7.79075045	     -0.09900110	      1.05475848	     -0.56548832	    -12.92756948	     -4.16028202	    -10.73672704	      0.47620302	      0.00831131	    -25.08323871	      0.00000000	      0.00000000	    -10.71796377	     -8.03638964	    -13.59725613	      0.61222588	      0.01068536	    -32.79556243	      0.00000000	      0.00000000	     -4.99869441	     -1.12725004	     -3.12883684
      1.77500000	      3.10567681	      0.68529358	      7.71827034	     -0.09841758	      1.05664039	     -0.56544435	    -13.17480086	     -4.13811021	    -10.58020485	      0.43803193	      0.00764510	    -24.51761625	      0.00000000	      0.00000000	    -11.00746142	     -7.98738940	    -13.61995998	      0.58748295	      0.01025351	    -31.98910877	      0.00000000	      0.00000000	     -5.20217318	     -1.13183516	     -3.05004228
      1.78000000	      3.31969336	      0.71418792	      7.64405683	     -0.09787768	      1.05832639	     -0.56540142	    -13.42950121	     -4.12209020	    -10.42253393	      0.41668960	      0.00727261	    -24.01647426	      0.00000000	      0.00000000	    -11.31228807	     -7.93211943	    -13.61591430	      0.57526883	      0.01004034	    -31.22737260	      0.00000000	      0.00000000	     -5.43870040	     -1.13871295	     -2.97424388
      1.78500000	      3.54230278	      0.74756105	      7.57175085	     -0.09740052	      1.05980751	     -0.56535957	    -13.67686976	     -4.11224022	    -10.27834231	      0.41790243	      0.00729377	    -23.58491227	      0.00000000	      0.00000000	    -11.61870998	     -7.87232563	    -13.58485949	      0.57597763	      0.01005271	    -30.52716520	      0.00000000	      0.00000000	     -5.70088519	     -1.14796503	     -2.90319301
      1.79000000	      3.76745623	      0.78204858	      7.50508708	     -0.09699572	      1.06108257	     -0.56531757	    -13.91594509	     -4.10466484	    -10.14194465	      0.42588390	      0.00743308	    -23.23537231	      0.00000000	      0.00000000	    -11.91366199	     -7.81287068	    -13.53071123	      0.59560859	      0.01039533	    -29.89734363	      0.00000000	      0.00000000	     -5.98131130	     -1.15675154	     -2.84076884
      1.79500000	      3.98899423	      0.81808289	      7.44235163	     -0.09667953	      1.06213750	     -0.56526751	    -14.12764768	     -4.10284997	    -10.02689282	      0.46163273	      0.00805701	    -22.95695228	      0.00000000	      0.00000000	    -12.18379202	     -7.75445099	    -13.46481862	      0.64348918	      0.01123100	    -29.33612943	      0.00000000	      0.00000000	     -6.27433509	     -1.16730805	     -2.78572138
      1.80000000	      4.20267172	      0.85461538	      7.38476096	     -0.09645870	      1.06296579	     -0.56520674	    -14.31057575	     -4.10479223	     -9.92788703	      0.51641244	      0.00901310	    -22.74327704	      0.00000000	      0.00000000	    -12.42024115	     -7.69931519	    -13.38993513	      0.72315945	      0.01262151	    -28.85044820	      0.00000000	      0.00000000	     -6.57435333	     -1.18019129	     -2.72911754
      1.80500000	      4.40427329	      0.89158939	      7.33489448	     -0.09633687	      1.06355954	     -0.56513476	    -14.46393643	     -4.11013984	     -9.84047555	      0.58325688	      0.01017975	    -22.59133300	      0.00000000	      0.00000000	    -12.61254677	     -7.64934920	    -13.31372221	      0.84314012	      0.01471557	    -28.42897937	      0.00000000	      0.00000000	     -6.87628711	     -1.19575437	     -2.67162547
      1.81000000	      4.59103572	      0.92982671	      7.29532015	     -0.09631040	      1.06391300	     -0.56505287	    -14.58714883	     -4.11939776	     -9.76419384	      0.65904279	      0.01150247	    -22.50124664	      0.00000000	      0.00000000	    -12.75384916	     -7.60552496	    -13.23819283	      1.01038201	      0.01763449	    -28.06542390	      0.00000000	      0.00000000	     -7.17644155	     -1.21425265	     -2.62253305
      1.81500000	      4.75961202	      0.96911138	      7.26552336	     -0.09637981	      1.06402092	     -0.56496553	    -14.67206366	     -4.13446760	     -9.70497592	      0.75291861	      0.01314091	    -22.45806972	      0.00000000	      0.00000000	    -12.83888914	     -7.56768439	    -13.16643624	      1.22769561	      0.02142733	    -27.75204180	      0.00000000	      0.00000000	     -7.47090334	     -1.23654140	     -2.57802565
      1.82000000	      4.90744036	      1.01241688	      7.24720073	     -0.09654351	      1.06387588	     -0.56487675	    -14.71813939	     -4.15947071	     -9.66087681	      0.86420068	      0.01508315	    -22.45476031	      0.00000000	      0.00000000	    -12.86543281	     -7.53268087	    -13.09562730	      1.49296430	      0.02605714	    -27.48707748	      0.00000000	      0.00000000	     -7.75688209	     -1.26576502	     -2.53972623
      1.82500000	      5.03688723	      1.05723440	      7.24340430	     -0.09679111	      1.06348336	     -0.56480103	    -14.72986297	     -4.19082995	     -9.63493310	      0.99220131	      0.01731718	    -22.49547721	      0.00000000	      0.00000000	    -12.83477080	     -7.50384633	    -13.02815516	      1.80945169	      0.03158089	    -27.25107790	      0.00000000	      0.00000000	     -8.03625209	     -1.29756388	     -2.51211025
      1.83000000	      5.14792159	      1.10550927	      7.25661930	     -0.09711052	      1.06284073	     -0.56474511	    -14.71009760	     -4.22969579	     -9.63095154	      1.13573824	      0.01982237	    -22.56544974	      0.00000000	      0.00000000	    -12.74966705	     -7.47908584	    -12.95717524	      2.17261996	      0.03791937	    -27.03768726	      0.00000000	      0.00000000	     -8.30794836	     -1.33239202	     -2.50284860
      1.83500000	      5.24073294	      1.15758188	      7.28330306	     -0.09749917	      1.06194493	     -0.56470931	    -14.65959053	     -4.27791547	     -9.63866047	      1.29494355	      0.02260103	    -22.64802317	      0.00000000	      0.00000000	    -12.61273528	     -7.45632005	    -12.88604063	      2.57917716	      0.04501513	    -26.83760747	      0.00000000	      0.00000000	     -8.57040213	     -1.37193108	     -2.50152606
      1.84000000	      5.31698528	      1.21274841	      7.32117731	     -0.09795458	      1.06079840	     -0.56469888	    -14.58161126	     -4.33543022	     -9.64400457	      1.46778071	      0.02561761	    -22.73851623	      0.00000000	      0.00000000	    -12.42983237	     -7.43474066	    -12.81225567	      3.02223210	      0.05274790	    -26.64088097	      0.00000000	      0.00000000	     -8.82574810	     -1.41324727	     -2.51031698
      1.84500000	      5.38120031	      1.26603839	      7.37308514	     -0.09845568	      1.05941011	     -0.56472006	    -14.49212474	     -4.39087268	     -9.64025411	      1.63373993	      0.02851414	    -22.83929579	      0.00000000	      0.00000000	    -12.20839185	     -7.42031773	    -12.73448586	      3.49906103	      0.06107014	    -26.43531128	      0.00000000	      0.00000000	     -9.07602602	     -1.44968651	     -2.53192830
      1.85000000	      5.43247197	      1.31809241	      7.43740293	     -0.09899719	      1.05777197	     -0.56476766	    -14.38822577	     -4.44738557	     -9.62493559	      1.79851132	      0.03138994	    -22.93025227	      0.00000000	      0.00000000	    -11.95365082	     -7.41082568	    -12.64543966	      3.99791664	      0.06977681	    -26.23097336	      0.00000000	      0.00000000	     -9.31940377	     -1.48233185	     -2.56660166
      1.85500000	      5.47353646	      1.36452291	      7.50990113	     -0.09957724	      1.05589053	     -0.56484187	    -14.26954207	     -4.50204516	     -9.58976930	      1.96673949	      0.03432608	    -23.01282392	      0.00000000	      0.00000000	    -11.67357080	     -7.40912845	    -12.54663315	      4.50995657	      0.07871359	    -26.02801655	      0.00000000	      0.00000000	     -9.55813282	     -1.50646219	     -2.60717309
      1.86000000	      5.50954701	      1.40074542	      7.59497244	     -0.10018096	      1.05377488	     -0.56494917	    -14.14490456	     -4.54695640	     -9.54292336	      2.13327253	      0.03723263	    -23.09300249	      0.00000000	      0.00000000	    -11.37927144	     -7.42034799	    -12.42700256	      5.02290699	      0.08766627	    -25.83662096	      0.00000000	      0.00000000	     -9.79757820	     -1.51413686	     -2.66357886
      1.86500000	      5.54373259	      1.42731910	      7.69397462	     -0.10079480	      1.05142241	     -0.56508208	    -14.01570582	     -4.58092390	     -9.50147121	      2.30714231	      0.04026723	    -23.17187846	      0.00000000	      0.00000000	    -11.07836364	     -7.44453486	    -12.28317283	      5.52982088	      0.09651358	    -25.67188780	      0.00000000	      0.00000000	    -10.03847097	     -1.50785923	     -2.73108590
      1.87000000	      5.57953999	      1.44296101	      7.80352988	     -0.10141766	      1.04883416	     -0.56523712	    -13.87890408	     -4.60617904	     -9.46717427	      2.50157236	      0.04366067	    -23.24758802	      0.00000000	      0.00000000	    -10.77910733	     -7.48182885	    -12.11493339	      6.02077897	      0.10508242	    -25.55257794	      0.00000000	      0.00000000	    -10.28361836	     -1.48659902	     -2.80198239
      1.87500000	      5.62072932	      1.44782914	      7.92016079	     -0.10204228	      1.04601626	     -0.56540918	    -13.73708295	     -4.62171215	     -9.44249533	      2.72048150	      0.04748136	    -23.32965140	      0.00000000	      0.00000000	    -10.48903829	     -7.53135035	    -11.92611690	      6.49074244	      0.11328483	    -25.48855256	      0.00000000	      0.00000000	    -10.53633925	     -1.45053759	     -2.87386442
      1.88000000	      5.67070528	      1.44172499	      8.04441050	     -0.10265927	      1.04296832	     -0.56559288	    -13.59625525	     -4.62555023	     -9.43387775	      2.96105049	      0.05168008	    -23.42954957	      0.00000000	      0.00000000	    -10.21170010	     -7.59434469	    -11.71891743	      6.94020510	      0.12112943	    -25.49464831	      0.00000000	      0.00000000	    -10.80027857	     -1.39809794	     -2.95484668
      1.88500000	      5.72969088	      1.42830814	      8.16999968	     -0.10326779	      1.03968527	     -0.56577875	    -13.44848019	     -4.62560860	     -9.44390342	      3.24190396	      0.05658190	    -23.54698000	      0.00000000	      0.00000000	     -9.94781474	     -7.66659006	    -11.50421546	      7.37124584	      0.12865251	    -25.58007419	      0.00000000	      0.00000000	    -11.07474169	     -1.33583932	     -3.03103650
      1.89000000	      5.80118892	      1.40419430	      8.29516977	     -0.10386381	      1.03617666	     -0.56596968	    -13.29716306	     -4.61884206	     -9.46932724	      3.56400813	      0.06220368	    -23.67898828	      0.00000000	      0.00000000	     -9.69879382	     -7.75242266	    -11.29072275	      7.78816740	      0.13592916	    -25.74632398	      0.00000000	      0.00000000	    -11.36309130	     -1.25840274	     -3.10324098
      1.89500000	      5.88672026	      1.36958264	      8.42016318	     -0.10444248	      1.03244523	     -0.56616439	    -13.14284514	     -4.60509585	     -9.51457397	      3.93512563	      0.06868090	    -23.81763430	      0.00000000	      0.00000000	     -9.46246615	     -7.85343128	    -11.08427774	      8.20069364	      0.14312910	    -25.98682572	      0.00000000	      0.00000000	    -11.66759290	     -1.16469050	     -3.17914658
      1.90000000	      5.98520517	      1.32166820	      8.54528970	     -0.10500228	      1.02849187	     -0.56635924	    -12.98095116	     -4.58230177	     -9.57737417	      4.36939133	      0.07626027	    -23.93292171	      0.00000000	      0.00000000	     -9.23342285	     -7.97432338	    -10.88842650	      8.61734588	      0.15040106	    -26.29878375	      0.00000000	      0.00000000	    -11.98609854	     -1.05209118	     -3.25943792
      1.90500000	      6.09637549	      1.26099201	      8.66724043	     -0.10555497	      1.02432202	     -0.56655220	    -12.80395268	     -4.55315689	     -9.65156512	      4.89395828	      0.08541569	    -23.95102480	      0.00000000	      0.00000000	     -9.00644392	     -8.11537796	    -10.70723386	      9.05353012	      0.15801391	    -26.64632006	      0.00000000	      0.00000000	    -12.31779630	     -0.92330538	     -3.33011980
      1.91000000	      6.21930096	      1.18258893	      8.78995268	     -0.10610924	      1.01994250	     -0.56675024	    -12.60881738	     -4.51312996	     -9.72977949	      5.53057252	      0.09652670	    -23.76535609	      0.00000000	      0.00000000	     -8.77438820	     -8.28248945	    -10.52977158	      9.52646430	      0.16626817	    -26.97616136	      0.00000000	      0.00000000	    -12.66128111	     -0.77181002	     -3.39750991
      1.91500000	      6.34922845	      1.08932247	      8.91809114	     -0.10668469	      1.01535380	     -0.56695837	    -12.39336821	     -4.46715015	     -9.80243796	      6.29410877	      0.10985292	    -23.26873571	      0.00000000	      0.00000000	     -8.52613133	     -8.47429500	    -10.33428317	     10.06242657	      0.17562247	    -27.18522357	      0.00000000	      0.00000000	    -13.01382493	     -0.60013268	     -3.47094742
      1.92000000	      6.48336440	      0.97990042	      9.06392305	     -0.10729683	      1.01056725	     -0.56719483	    -12.15530338	     -4.41335233	     -9.88099901	      7.20046759	      0.12567187	    -22.38183978	      0.00000000	      0.00000000	     -8.25468407	     -8.69544163	    -10.07979788	     10.68823670	      0.18654492	    -27.13253482	      0.00000000	      0.00000000	    -13.37299105	     -0.40486854	     -3.55838416
      1.92500000	      6.62494647	      0.85735094	      9.23826225	     -0.10795356	      1.00560560	     -0.56747651	    -11.90373087	     -4.35235168	     -9.97914863	      8.25234990	      0.14403068	    -21.06479628	      0.00000000	      0.00000000	     -7.96479373	     -8.94615706	     -9.72888827	     11.42573101	      0.19941663	    -26.69272831	      0.00000000	      0.00000000	    -13.74300672	     -0.18632255	     -3.66946721
      1.93000000	      6.78463730	      0.72396425	      9.44953029	     -0.10863242	      1.00050492	     -0.56781504	    -11.66135038	     -4.28036928	    -10.11070212	      9.42794527	      0.16454869	    -19.37085491	      0.00000000	      0.00000000	     -7.67681491	     -9.22608023	     -9.26279656	     12.27945775	      0.21431697	    -25.81019256	      0.00000000	      0.00000000	    -14.13355755	      0.05787603	     -3.81720887
      1.93500000	      6.97261794	      0.59018518	      9.69248060	     -0.10930800	      0.99530727	     -0.56819588	    -11.45205601	     -4.20174300	    -10.27099305	     10.68890807	      0.18655664	    -17.42147920	      0.00000000	      0.00000000	     -7.41343066	     -9.52587936	     -8.68879307	     13.25025759	      0.23126062	    -24.46850553	      0.00000000	      0.00000000	    -14.55484560	      0.31812531	     -4.00735857
      1.94000000	      7.20161067	      0.46151967	      9.95519762	     -0.10995188	      0.99005287	     -0.56859553	    -11.28748335	     -4.11721213	    -10.44854394	     12.01476736	      0.20969725	    -15.33319757	      0.00000000	      0.00000000	     -7.20114762	     -9.83890658	     -8.03112266	     14.32217045	      0.24996903	    -22.74750572	      0.00000000	      0.00000000	    -15.01927014	      0.58672339	     -4.21735957
      1.94500000	      7.47701162	      0.35154190	     10.21357703	     -0.11054676	      0.98476154	     -0.56897640	    -11.16838599	     -4.04184471	    -10.61257177	     13.38595892	      0.23362906	    -13.17670999	      0.00000000	      0.00000000	     -7.05492092	    -10.14415438	     -7.33768782	     15.47192224	      0.27003598	    -20.80597260	      0.00000000	      0.00000000	    -15.53339992	      0.84381005	     -4.42759180
      1.95000000	      7.79578783	      0.26517390	     10.45264359	     -0.11109157	      0.97942870	     -0.56932206	    -11.07584238	     -3.98907033	    -10.75756637	     14.80006617	      0.25830988	    -10.99122823	      0.00000000	      0.00000000	     -6.96261662	    -10.42928692	     -6.64903588	     16.69138826	      0.29131968	    -18.75591687	      0.00000000	      0.00000000	    -16.09477499	      1.08125575	     -4.62762514
      1.95500000	      8.13791770	      0.19758399	     10.66822691	     -0.11163015	      0.97400194	     -0.56962895	    -10.96709176	     -3.96476400	    -10.86939628	     16.27365029	      0.28402878	     -8.74964843	      0.00000000	      0.00000000	     -6.87021343	    -10.69507127	     -5.97151212	     18.00590571	      0.31426234	    -16.62565226	      0.00000000	      0.00000000	    -16.68539321	      1.30041049	     -4.81127832
      1.96000000	      8.47840670	      0.13439320	     10.87360637	     -0.11221739	      0.96840061	     -0.56992130	    -10.78963179	     -3.96521884	    -10.97060807	     17.83893577	      0.31134816	     -6.41199612	      0.00000000	      0.00000000	     -6.70847378	    -10.95229379	     -5.28504549	     19.44438924	      0.33936861	    -14.41225941	      0.00000000	      0.00000000	    -17.27989244	      1.51518731	     -4.98034249
      1.96500000	      8.79012449	      0.05265055	     11.08468389	     -0.11290506	      0.96255039	     -0.57023298	    -10.49673787	     -3.97642737	    -11.08919219	     19.52050343	      0.34069706	     -3.97915624	      0.00000000	      0.00000000	     -6.40357691	    -11.21962566	     -4.57350257	     21.04493791	      0.36730346	    -12.09565916	      0.00000000	      0.00000000	    -17.84552694	      1.75254986	     -5.15671684
      1.97000000	      9.05255837	     -0.07094745	     11.31980848	     -0.11373356	      0.95639581	     -0.57059062	    -10.05952814	     -3.97870153	    -11.24805331	     21.33387353	      0.37234634	     -1.47096730	      0.00000000	      0.00000000	     -5.90044920	    -11.51932990	     -3.82003423	     22.83812929	      0.39860055	     -9.63266822	      0.00000000	      0.00000000	    -18.35681809	      2.03987549	     -5.35130972
      1.97500000	      9.25800652	     -0.25128034	     11.58077793	     -0.11472042	      0.94992386	     -0.57099163	     -9.48053282	     -3.94896170	    -11.43337148	     23.26078258	      0.40597724	      1.06163457	      0.00000000	      0.00000000	     -5.18623593	    -11.86651180	     -3.02998256	     24.82596551	      0.43329484	     -7.02420354	      0.00000000	      0.00000000	    -18.80291489	      2.39175969	     -5.55735883
      1.98000000	      9.40884556	     -0.48116866	     11.85770922	     -0.11585239	      0.94317907	     -0.57142152	     -8.76633339	     -3.89766332	    -11.66301925	     25.30892601	      0.44172409	      3.58388845	      0.00000000	      0.00000000	     -4.29195316	    -12.24823221	     -2.22673622	     26.96778568	      0.47067665	     -4.32793378	      0.00000000	      0.00000000	    -19.18540955	      2.79694448	     -5.76603357
      1.98500000	      9.51936115	     -0.74612961	     12.13027064	     -0.11710131	      0.93626188	     -0.57185614	     -7.94965740	     -3.83635664	    -11.92868272	     27.45178522	      0.47912404	      6.06350141	      0.00000000	      0.00000000	     -3.27667530	    -12.64498663	     -1.44826610	     29.21058396	      0.50982087	     -1.61737530	      0.00000000	      0.00000000	    -19.52050639	      3.23757764	     -5.96258442
      1.99000000	      9.60109391	     -1.02506499	     12.38951828	     -0.11844327	      0.92926493	     -0.57226958	     -7.06060568	     -3.78210706	    -12.22760494	     29.66282495	      0.51771396	      8.50194498	      0.00000000	      0.00000000	     -2.18559509	    -13.03724386	     -0.71791352	     31.51959012	      0.55012063	      1.07568803	      0.00000000	      0.00000000	    -19.82419387	      3.68714564	     -6.13750288
      1.99500000	      9.66638982	     -1.30742900	     12.62836212	     -0.11985483	      0.92228526	     -0.57265609	     -6.12516040	     -3.74122091	    -12.56599297	     31.91350826	      0.55699580	     10.89116395	      0.00000000	      0.00000000	     -1.05523989	    -13.41732320	     -0.05552412	     33.86620450	      0.59107677	      3.73420490	      0.00000000	      0.00000000	    -20.11140825	      4.13462310	     -6.28357592
      2.00000000	      9.71525923	     -1.58807906	     12.84997906	     -0.12131993	      0.91538952	     -0.57302166	     -5.14613864	     -3.72357739	    -12.95837007	     34.20057637	      0.59691266	     13.23383187	      0.00000000	      0.00000000	      0.10781162	    -13.77703862	      0.54174664	     36.23446473	      0.63241071	      6.34022935	      0.00000000	      0.00000000	    -20.38095205	      4.57425757	     -6.40561830
      2.00500000	      9.75299068	     -1.87452661	     13.05568304	     -0.12281654	      0.90865427	     -0.57337264	     -4.15186365	     -3.70688008	    -13.38001429	     36.45882560	      0.63632655	     15.49181668	      0.00000000	      0.00000000	      1.29198884	    -14.12186254	      1.08112954	     38.59908121	      0.67368106	      8.86983233	      0.00000000	      0.00000000	    -20.63400430	      5.01553655	     -6.50360680
      2.01000000	      9.77723736	     -2.16624074	     13.24448742	     -0.12431206	      0.90212803	     -0.57370774	     -3.15026338	     -3.68860707	    -13.82310717	     38.66835627	      0.67489013	     17.64766131	      0.00000000	      0.00000000	      2.49066236	    -14.45043366	      1.56655404	     40.93346178	      0.71442368	     11.29709269	      0.00000000	      0.00000000	    -20.86446420	      5.45479293	     -6.57722715
      2.01500000	      9.78852886	     -2.46102483	     13.40616913	     -0.12576870	      0.89586821	     -0.57402358	     -2.15561900	     -3.66629644	    -14.26876458	     40.80132510	      0.71211746	     19.67235995	      0.00000000	      0.00000000	      3.68457330	    -14.75922972	      1.99117901	     43.20569200	      0.75408158	     13.59062618	      0.00000000	      0.00000000	    -21.07125541	      5.88717690	     -6.61761019
      2.02000000	      9.77984008	     -2.74888837	     13.53785966	     -0.12714855	      0.88990919	     -0.57431141	     -1.17167764	     -3.64814528	    -14.69909166	     42.84458674	      0.74777911	     21.55538798	      0.00000000	      0.00000000	      4.86469750	    -15.03740725	      2.35924155	     45.39515436	      0.79229491	     15.72351171	      0.00000000	      0.00000000	    -21.24499834	      6.29769610	     -6.63044557
      2.02500000	      9.75360424	     -3.02291230	     13.63235108	     -0.12842036	      0.88429519	     -0.57457120	     -0.21598652	     -3.63317737	    -15.08207316	     44.76763409	      0.78134261	     23.28697193	      0.00000000	      0.00000000	      6.00551329	    -15.28166230	      2.66909480	     47.47561777	      0.82860584	     17.68325617	      0.00000000	      0.00000000	    -21.38841937	      6.67821213	     -6.61440441
      2.03000000	      9.70535593	     -3.27246196	     13.68936359	     -0.12956457	      0.87902279	     -0.57480420	      0.71438571	     -3.63646141	    -15.40791119	     46.58124087	      0.81299602	     24.88170562	      0.00000000	      0.00000000	      7.10046600	    -15.48597189	      2.92218274	     49.44131290	      0.86291370	     19.47497225	      0.00000000	      0.00000000	    -21.49772759	      7.01597093	     -6.57280982
      2.03500000	      9.63353947	     -3.49191346	     13.70836960	     -0.13057834	      0.87408678	     -0.57501527	      1.62178377	     -3.66547792	    -15.66224885	     48.29414534	      0.84289185	     26.33204007	      0.00000000	      0.00000000	      8.14188324	    -15.64759267	      3.12581847	     51.28360953	      0.89506784	     21.10469603	      0.00000000	      0.00000000	    -21.57159895	      7.30542873	     -6.50906568
      2.04000000	      9.54017241	     -3.67887521	     13.69491847	     -0.13146257	      0.86948316	     -0.57520543	      2.50190216	     -3.71967963	    -15.82907814	     49.90401282	      0.87098933	     27.63825791	      0.00000000	      0.00000000	      9.12200860	    -15.76841630	      3.29400673	     52.99042638	      0.92485741	     22.56935545	      0.00000000	      0.00000000	    -21.61072271	      7.54558087	     -6.43268223
      2.04500000	      9.43219207	     -3.82775983	     13.64748620	     -0.13223222	      0.86521937	     -0.57537161	      3.34402616	     -3.80258748	    -15.89248900	     51.40306812	      0.89715278	     28.79760042	      0.00000000	      0.00000000	     10.02106303	    -15.84618009	      3.43039895	     54.54028563	      0.95190756	     23.86776272	      0.00000000	      0.00000000	    -21.62423268	      7.73080918	     -6.33963253
      2.05000000	      9.31652983	     -3.93468311	     13.56922598	     -0.13289132	      0.86130033	     -0.57549833	      4.13679482	     -3.91344019	    -15.85871664	     52.78612185	      0.92129163	     29.79387562	      0.00000000	      0.00000000	     10.82489184	    -15.88489925	      3.53517925	     55.92001797	      0.97598843	     24.99811326	      0.00000000	      0.00000000	    -21.61857081	      7.85649057	     -6.23036156
      2.05500000	      9.23210769	     -4.01798550	     13.48417368	     -0.13342231	      0.85783179	     -0.57562514	      4.80259202	     -4.01768965	    -15.77558540	     53.94298585	      0.94148271	     29.99068656	      0.00000000	      0.00000000	     11.48722257	    -15.91554102	      3.62485475	     57.09812482	      0.99655027	     25.94457066	      0.00000000	      0.00000000	    -21.62589264	      7.95894387	     -6.11791887
      2.06000000	      9.16360906	     -4.06015234	     13.37180291	     -0.13385553	      0.85477822	     -0.57569425	      5.37998628	     -4.13650083	    -15.61311352	     54.94522690	      0.95897512	     29.99545424	      0.00000000	      0.00000000	     12.01335894	    -15.92403205	      3.67314841	     58.07584745	      1.01361475	     26.72299130	      0.00000000	      0.00000000	    -21.63927988	      8.00685944	     -5.99048376
      2.06500000	      9.10989029	     -4.05545367	     13.22733158	     -0.13419579	      0.85214875	     -0.57569015	      5.87200754	     -4.27447513	    -15.38270960	     55.81058364	      0.97407844	     29.99682863	      0.00000000	      0.00000000	     12.39835824	    -15.90882068	      3.66448288	     58.85073563	      1.02713910	     27.34459942	      0.00000000	      0.00000000	    -21.65894135	      7.99083769	     -5.84577600
      2.07000000	      9.07746624	     -4.01581376	     13.06147327	     -0.13442962	      0.84996963	     -0.57561545	      6.26321746	     -4.41254831	    -15.11713575	     56.52155472	      0.98648723	     29.99746087	      0.00000000	      0.00000000	     12.64329910	    -15.88745526	      3.59957304	     59.42676503	      1.03719271	     27.81427958	      0.00000000	      0.00000000	    -21.68744055	      7.92791983	     -5.69478615
      2.07500000	      9.06707478	     -3.94845300	     12.88366006	     -0.13454799	      0.84826549	     -0.57548864	      6.54680030	     -4.54929116	    -14.85019093	     57.06937210	      0.99604845	     29.99781076	      0.00000000	      0.00000000	     12.75488657	    -15.86485520	      3.48134228	     59.81067869	      1.04389327	     28.14141597	      0.00000000	      0.00000000	    -21.72181690	      7.82991086	     -5.54594962
      2.08000000	      9.07663800	     -3.86451861	     12.70234781	     -0.13452924	      0.84705501	     -0.57531979	      6.71303829	     -4.66924664	    -14.60355292	     57.42854385	      1.00231717	     29.99802589	      0.00000000	      0.00000000	     12.74517384	    -15.85026191	      3.31178194	     60.01293996	      1.04742340	     28.34642385	      0.00000000	      0.00000000	    -21.75310640	      7.70940283	     -5.40556108
      2.08500000	      9.10456552	     -3.76933211	     12.52512923	     -0.13434947	      0.84635310	     -0.57511720	      6.75969168	     -4.77216341	    -14.40520368	     57.60517397	      1.00539995	     29.99815673	      0.00000000	      0.00000000	     12.62455131	    -15.84659917	      3.09199121	     60.04645929	      1.04800842	     28.43045645	      0.00000000	      0.00000000	    -21.77430444	      7.57322531	     -5.27899987
      2.09000000	      9.14352760	     -3.66883671	     12.35519950	     -0.13399375	      0.84616466	     -0.57488328	      6.69581220	     -4.85830451	    -14.26980064	     57.60311125	      1.00536395	     29.99822889	      0.00000000	      0.00000000	     12.40991239	    -15.85565766	      2.82179329	     59.92629018	      1.04591107	     28.39856232	      0.00000000	      0.00000000	    -21.77416829	      7.42737584	     -5.16704058
      2.09500000	      9.18800253	     -3.56572770	     12.19138502	     -0.13345353	      0.84650405	     -0.57462586	      6.52732331	     -4.92691699	    -14.19619165	     57.42363116	      1.00223143	     29.99825426	      0.00000000	      0.00000000	     12.10976929	    -15.87551198	      2.49702803	     59.66008661	      1.04126494	     28.26512305	      0.00000000	      0.00000000	    -21.74610196	      7.27424254	     -5.07038780
      2.10000000	      9.23107861	     -3.46118596	     12.02996538	     -0.13272422	      0.84736941	     -0.57433609	      6.26475316	     -4.97392581	    -14.17306478	     57.07077528	      0.99607294	     29.99822912	      0.00000000	      0.00000000	     11.73398013	    -15.90436413	      2.11229034	     59.25527747	      1.03419969	     28.02866567	      0.00000000	      0.00000000	    -21.68261503	      7.11184169	     -4.98394340
      2.10500000	      9.26784401	     -3.35247036	     11.86981678	     -0.13181943	      0.84875818	     -0.57401554	      5.92337030	     -5.00828726	    -14.19172540	     56.56291855	      0.98720916	     29.99814066	      0.00000000	      0.00000000	     11.29068799	    -15.93356172	      1.67014108	     58.71772495	      1.02481763	     27.67810391	      0.00000000	      0.00000000	    -21.58254463	      6.93683864	     -4.90312648
      2.11000000	      9.28926385	     -3.23620443	     11.70491690	     -0.13075905	      0.85065343	     -0.57365755	      5.52384290	     -5.03449228	    -14.23075225	     55.91548884	      0.97590938	     29.99796416	      0.00000000	      0.00000000	     10.79153589	    -15.95448574	      1.17039316	     58.05306141	      1.01321706	     27.20493159	      0.00000000	      0.00000000	    -21.44085660	      6.74303683	     -4.82533630
      2.11500000	      9.29379412	     -3.10673070	     11.53810942	     -0.12955791	      0.85303879	     -0.57325764	      5.07353424	     -5.05932505	    -14.27701220	     55.13729701	      0.96232737	     29.99763296	      0.00000000	      0.00000000	     10.24099307	    -15.95718279	      0.62275656	     57.26251505	      0.99941943	     26.60129101	      0.00000000	      0.00000000	    -21.25947972	      6.52432581	     -4.75564704
      2.12000000	      9.27623140	     -2.95430827	     11.36505010	     -0.12824137	      0.85588703	     -0.57280412	      4.58981881	     -5.09862472	    -14.31546386	     54.24803908	      0.94680689	     29.99697290	      0.00000000	      0.00000000	      9.64586953	    -15.92668689	      0.03380568	     56.34870709	      0.98347047	     25.84232487	      0.00000000	      0.00000000	    -21.03707311	      6.26597690	     -4.68683858
      2.12500000	      9.23757656	     -2.77585359	     11.18905979	     -0.12683095	      0.85918217	     -0.57229920	      4.07888147	     -5.15793522	    -14.34043883	     53.26089196	      0.92957793	     29.99531835	      0.00000000	      0.00000000	      9.00990193	    -15.85743851	     -0.58216223	     55.31242679	      0.96538396	     24.91464099	      0.00000000	      0.00000000	    -20.77746032	      5.96635988	     -4.63133891
      2.13000000	      9.17692066	     -2.57088965	     11.00852392	     -0.12534718	      0.86289546	     -0.57174070	      3.54421538	     -5.23528769	    -14.33879349	     52.17382491	      0.91060503	     29.98643094	      0.00000000	      0.00000000	      8.33787890	    -15.74656787	     -1.21688840	     54.15483123	      0.94518011	     23.80792531	      0.00000000	      0.00000000	    -20.48210099	      5.62438190	     -4.58753925
      2.13500000	      9.12718968	     -2.35930276	     10.85138168	     -0.12377189	      0.86708590	     -0.57118564	      2.91438138	     -5.29897634	    -14.35252300	     50.87870422	      0.88800091	     29.36519831	      0.00000000	      0.00000000	      7.59969634	    -15.61586383	     -1.83807461	     52.85591035	      0.92250966	     22.50823259	      0.00000000	      0.00000000	    -20.18002903	      5.27714775	     -4.57086264
      2.14000000	      9.08969049	     -2.14366583	     10.71535166	     -0.12212051	      0.87172757	     -0.57063928	      2.18818007	     -5.34500236	    -14.37958233	     49.37002366	      0.86166946	     28.10665735	      0.00000000	      0.00000000	      6.79631865	    -15.46794157	     -2.44207555	     51.41585587	      0.89737597	     21.00351224	      0.00000000	      0.00000000	    -19.87494182	      4.92723630	     -4.57878305
      2.14500000	      9.04755006	     -1.91234959	     10.58657848	     -0.12042074	      0.87672978	     -0.57007320	      1.41063216	     -5.39182918	    -14.39713018	     47.73213102	      0.83308285	     26.68249971	      0.00000000	      0.00000000	      5.94793948	    -15.28915991	     -3.03663742	     49.84843002	      0.87001923	     19.30731781	      0.00000000	      0.00000000	    -19.55574453	      4.55529598	     -4.60504608
      2.15000000	      9.00493788	     -1.66478905	     10.46217792	     -0.11868434	      0.88205540	     -0.56948992	      0.57931723	     -5.44136714	    -14.40812018	     45.96768285	      0.80228742	     25.11243492	      0.00000000	      0.00000000	      5.05101645	    -15.07803502	     -3.62275332	     48.15523366	      0.84046738	     17.42527493	      0.00000000	      0.00000000	    -19.23125308	      4.16151030	     -4.63465610
      2.15500000	      8.96354330	     -1.40071040	     10.34022340	     -0.11691243	      0.88767389	     -0.56889732	     -0.29814055	     -5.49972307	    -14.42715177	     44.10300068	      0.76974257	     23.40181291	      0.00000000	      0.00000000	      4.10412686	    -14.83453783	     -4.20177843	     46.33846005	      0.80875870	     15.36232273	      0.00000000	      0.00000000	    -18.90412182	      3.74715105	     -4.66904819
      2.16000000	      8.92467239	     -1.12451055	     10.21514962	     -0.11511590	      0.89354699	     -0.56829673	     -1.21654451	     -5.56613530	    -14.45610849	     42.14885540	      0.73563630	     21.55497675	      0.00000000	      0.00000000	      3.10891096	    -14.56389749	     -4.78068955	     44.40485549	      0.77501093	     13.13481791	      0.00000000	      0.00000000	    -18.57619150	      3.31753697	     -4.70275499
      2.16500000	      8.89401040	     -0.84307385	     10.08712329	     -0.11329778	      0.89964932	     -0.56769525	     -2.17904353	     -5.62897114	    -14.49393204	     40.10980253	      0.70004812	     19.59064547	      0.00000000	      0.00000000	      2.06208721	    -14.27252125	     -5.35668341	     42.35794449	      0.73928560	     10.75637330	      0.00000000	      0.00000000	    -18.25238367	      2.88235608	     -4.73219580
      2.17000000	      8.87273870	     -0.56305474	      9.95281108	     -0.11147014	      0.90594114	     -0.56709763	     -3.17703139	     -5.68351416	    -14.53932451	     38.00016957	      0.66322808	     17.51080263	      0.00000000	      0.00000000	      0.96853932	    -13.96614437	     -5.93400778	     40.20884905	      0.70177680	      8.24765940	      0.00000000	      0.00000000	    -17.93429258	      2.44949515	     -4.75161891
      2.17500000	      8.85620506	     -0.29236703	      9.80997231	     -0.10964876	      0.91238324	     -0.56651266	     -4.19678499	     -5.72364460	    -14.58326212	     35.83175367	      0.62538208	     15.31321453	      0.00000000	      0.00000000	     -0.15880022	    -13.65027262	     -6.51070374	     37.97058172	      0.66271167	      5.62798870	      0.00000000	      0.00000000	    -17.61658344	      2.02836869	     -4.76157988
      2.18000000	      8.84014202	     -0.03818142	      9.65745526	     -0.10786192	      0.91891976	     -0.56594230	     -5.22728125	     -5.74206011	    -14.60739555	     33.60770943	      0.58656518	     13.00208493	      0.00000000	      0.00000000	     -1.30280547	    -13.32939737	     -7.08333786	     35.66530868	      0.62247707	      2.93330318	      0.00000000	      0.00000000	    -17.29618542	      1.62677616	     -4.75654091
      2.18500000	      8.81413652	      0.19599470	      9.49381726	     -0.10614315	      0.92549528	     -0.56538892	     -6.24307288	     -5.73576396	    -14.58991054	     31.34940842	      0.54715040	     10.61353516	      0.00000000	      0.00000000	     -2.43765590	    -13.00354376	     -7.64287796	     33.31994920	      0.58154282	      0.18458585	      0.00000000	      0.00000000	    -16.96516348	      1.24784072	     -4.73385018
      2.19000000	      8.77255651	      0.40728060	      9.32263324	     -0.10451535	      0.93205838	     -0.56486118	     -7.22735734	     -5.71236318	    -14.53860894	     29.08029685	      0.50754693	      8.15242857	      0.00000000	      0.00000000	     -3.54146576	    -12.67519268	     -8.18390458	     30.96355016	      0.54041590	     -2.58368855	      0.00000000	      0.00000000	    -16.62015060	      0.89649352	     -4.69626014
      2.19500000	      8.70635888	      0.59560583	      9.14890512	     -0.10300027	      0.93856179	     -0.56436138	     -8.15955054	     -5.67601212	    -14.44773953	     26.82375768	      0.46816289	      5.64229451	      0.00000000	      0.00000000	     -4.58779177	    -12.34563815	     -8.69382763	     28.62715452	      0.49963810	     -5.34531165	      0.00000000	      0.00000000	    -16.25368971	      0.57207377	     -4.64455850
      2.20000000	      8.61061098	      0.75968705	      8.97820233	     -0.10162225	      0.94496491	     -0.56388893	     -9.02280742	     -5.62889745	    -14.31564572	     24.60912751	      0.42951030	      3.12471475	      0.00000000	      0.00000000	     -5.55309062	    -12.01978763	     -9.16457698	     26.34584389	      0.45982172	     -8.07080893	      0.00000000	      0.00000000	    -15.86323637	      0.27655175	     -4.58371633
      2.20500000	      8.48573456	      0.89661305	      8.81644077	     -0.10038434	      0.95124898	     -0.56344668	     -9.81289493	     -5.56854934	    -14.14292905	     22.44893615	      0.39180785	      0.62288806	      0.00000000	      0.00000000	     -6.42502500	    -11.70738058	     -9.59383202	     24.14529978	      0.42141498	    -10.74339829	      0.00000000	      0.00000000	    -15.45010896	      0.01471959	     -4.51959596
      2.21000000	      8.33424037	      1.00610479	      8.67166886	     -0.09927947	      0.95739588	     -0.56303588	    -10.53335020	     -5.49602252	    -13.93902688	     20.35123855	      0.35519612	     -1.86962696	      0.00000000	      0.00000000	     -7.19663378	    -11.41572835	     -9.98041854	     22.04599783	      0.38477525	    -13.34692735	      0.00000000	      0.00000000	    -15.01711017	     -0.21218545	     -4.45709272
      2.21500000	      8.15405154	      1.09122725	      8.54281802	     -0.09831093	      0.96338684	     -0.56264754	    -11.17527363	     -5.41326043	    -13.68929487	     18.33149017	      0.31994486	     -4.33113761	      0.00000000	      0.00000000	     -7.86042579	    -11.14570099	    -10.32758789	     20.06337081	      0.35017188	    -15.86949294	      0.00000000	      0.00000000	    -14.56334398	     -0.40937085	     -4.39483903
      2.22000000	      7.94948038	      1.15202631	      8.43121734	     -0.09746992	      0.96921632	     -0.56228516	    -11.74657698	     -5.32070021	    -13.39152442	     16.38677545	      0.28600319	     -6.76200548	      0.00000000	      0.00000000	     -8.42116138	    -10.89970300	    -10.63715930	     18.20109506	      0.31766904	    -18.30543096	      0.00000000	      0.00000000	    -14.09466948	     -0.57425213	     -4.34279458
      2.22500000	      7.72317534	      1.19314996	      8.33580389	     -0.09674392	      0.97487235	     -0.56194471	    -12.24849264	     -5.22504890	    -13.05588402	     14.52335682	      0.25348039	     -9.16315183	      0.00000000	      0.00000000	     -8.88511414	    -10.67496118	    -10.91247759	     16.45724315	      0.28723308	    -20.65259676	      0.00000000	      0.00000000	    -13.61380107	     -0.71304367	     -4.29664511
      2.23000000	      7.47731235	      1.21844842	      8.25941679	     -0.09612454	      0.98034657	     -0.56163000	    -12.68217671	     -5.13124729	    -12.69421272	     12.74959231	      0.22252236	    -11.52377662	      0.00000000	      0.00000000	     -9.25818048	    -10.46818975	    -11.14649510	     14.82738385	      0.25878667	    -22.90495599	      0.00000000	      0.00000000	    -13.12347683	     -0.82946485	     -4.26009946
      2.23500000	      7.21355924	      1.23273404	      8.19978231	     -0.09560500	      0.98562663	     -0.56133862	    -13.04665734	     -5.04520980	    -12.31610340	     11.07339423	      0.19326719	    -13.82763953	      0.00000000	      0.00000000	     -9.54446785	    -10.27554321	    -11.34081910	     13.31283553	      0.23235281	    -25.04642803	      0.00000000	      0.00000000	    -12.62741544	     -0.92954931	     -4.23014812
      2.24000000	      6.93324479	      1.23659743	      8.15767102	     -0.09518563	      0.99070441	     -0.56107364	    -13.34157214	     -4.96838705	    -11.92843972	      9.50217993	      0.16584433	    -16.05649928	      0.00000000	      0.00000000	     -9.74553056	    -10.09745340	    -11.49239965	     11.91658082	      0.20798357	    -27.05306520	      0.00000000	      0.00000000	    -12.12832446	     -1.01341004	     -4.21041607
      2.24500000	      6.63577494	      1.23569314	      8.13065443	     -0.09486305	      0.99556520	     -0.56082244	    -13.56245040	     -4.90610631	    -11.54800627	      8.04747690	      0.14045497	    -18.17460991	      0.00000000	      0.00000000	     -9.86174647	     -9.92966282	    -11.60272719	     10.64380999	      0.18576953	    -28.89621084	      0.00000000	      0.00000000	    -11.62637690	     -1.08966301	     -4.19815087
      2.25000000	      6.32551242	      1.23066432	      8.11960290	     -0.09462637	      1.00020907	     -0.56058669	    -13.71433122	     -4.85722028	    -11.18263518	      6.71384359	      0.11717868	    -20.15994836	      0.00000000	      0.00000000	     -9.89777916	     -9.77366295	    -11.67412886	      9.50125591	      0.16582820	    -30.54005995	      0.00000000	      0.00000000	    -11.12615035	     -1.15868345	     -4.19544203
      2.25500000	      6.00234115	      1.22293685	      8.11662023	     -0.09447755	      1.00463116	     -0.56035651	    -13.78970922	     -4.82423080	    -10.83924051	      5.51844627	      0.09631506	    -21.98301818	      0.00000000	      0.00000000	     -9.85410889	     -9.62734701	    -11.71854270	      8.49651239	      0.14829212	    -31.95177496	      0.00000000	      0.00000000	    -10.62839677	     -1.22484556	     -4.19073113
      2.26000000	      5.67020676	      1.21033248	      8.11910810	     -0.09441105	      1.00884140	     -0.56013164	    -13.78754858	     -4.80352716	    -10.52770294	      4.47453368	      0.07809535	    -23.59865700	      0.00000000	      0.00000000	     -9.73881142	     -9.49198387	    -11.74129080	      7.62754015	      0.13312569	    -33.11482547	      0.00000000	      0.00000000	    -10.13627051	     -1.28484951	     -4.19005086
      2.26500000	      5.33537593	      1.19551996	      8.12426413	     -0.09440346	      1.01284521	     -0.55990747	    -13.71337407	     -4.79719304	    -10.26983901	      3.59186683	      0.06268990	    -24.97766349	      0.00000000	      0.00000000	     -9.56633134	     -9.36428803	    -11.75016890	      6.88806067	      0.12021934	    -34.02226359	      0.00000000	      0.00000000	     -9.65424400	     -1.34174952	     -4.18821442
      2.27000000	      5.00695749	      1.17533319	      8.12934296	     -0.09443231	      1.01665945	     -0.55969089	    -13.58030174	     -4.79917980	    -10.06472442	      2.86959934	      0.05008396	    -26.10173250	      0.00000000	      0.00000000	     -9.35301670	     -9.24677385	    -11.75903029	      6.27128451	      0.10945456	    -34.67108867	      0.00000000	      0.00000000	     -9.18947351	     -1.39047645	     -4.18114194
      2.27500000	      4.69085087	      1.15186782	      8.12870084	     -0.09448398	      1.02029164	     -0.55948096	    -13.39577710	     -4.80924648	     -9.91811866	      2.30915025	      0.04030227	    -26.94950074	      0.00000000	      0.00000000	     -9.11624416	     -9.13464796	    -11.77448232	      5.76230167	      0.10057114	    -35.07765749	      0.00000000	      0.00000000	     -8.74673531	     -1.43259802	     -4.16451535
      2.28000000	      4.39796856	      1.12772745	      8.12520262	     -0.09452108	      1.02375172	     -0.55928451	    -13.18197462	     -4.82570293	     -9.84177913	      1.89921024	      0.03314747	    -27.52259099	      0.00000000	      0.00000000	     -8.88063228	     -9.02513446	    -11.79799987	      5.34180788	      0.09323214	    -35.25816535	      0.00000000	      0.00000000	     -8.33515134	     -1.46716298	     -4.15076488
      2.28500000	      4.13910033	      1.10398994	      8.12000416	     -0.09451392	      1.02704665	     -0.55910732	    -12.96517826	     -4.84517649	     -9.83391987	      1.61642202	      0.02821189	    -27.84802608	      0.00000000	      0.00000000	     -8.66928319	     -8.91754243	    -11.83074104	      4.99171323	      0.08712183	    -35.23307300	      0.00000000	      0.00000000	     -7.96224488	     -1.49390901	     -4.13258409
      2.29000000	      3.92258277	      1.08038864	      8.11115122	     -0.09444387	      1.03018491	     -0.55895327	    -12.76885910	     -4.86054348	     -9.87790670	      1.43087573	      0.02497349	    -27.95325359	      0.00000000	      0.00000000	     -8.50372799	     -8.81125490	    -11.87185087	      4.69012277	      0.08185808	    -35.02632741	      0.00000000	      0.00000000	     -7.63555266	     -1.51111188	     -4.10916205
      2.29500000	      3.75484199	      1.05977637	      8.10058350	     -0.09429904	      1.03316700	     -0.55882675	    -12.60562080	     -4.87261260	     -9.97229493	      1.33244714	      0.02325559	    -27.86021120	      0.00000000	      0.00000000	     -8.40274472	     -8.70290740	    -11.90699510	      4.41476992	      0.07705227	    -34.67593015	      0.00000000	      0.00000000	     -7.36110034	     -1.52116639	     -4.08124357
      2.30000000	      3.64148619	      1.04121455	      8.09070837	     -0.09406653	      1.03599373	     -0.55873019	    -12.48952150	     -4.87883494	    -10.10910021	      1.30429438	      0.02276423	    -27.60388682	      0.00000000	      0.00000000	     -8.37886560	     -8.59432924	    -11.93039781	      4.15105626	      0.07244960	    -34.21306849	      0.00000000	      0.00000000	     -7.14417534	     -1.52179662	     -4.05165515
      2.30500000	      3.58361378	      1.02160149	      8.08180035	     -0.09374943	      1.03866832	     -0.55866656	    -12.42849656	     -4.87436274	    -10.26844747	      1.32611528	      0.02314508	    -27.21736211	      0.00000000	      0.00000000	     -8.43623962	     -8.48852340	    -11.93320882	      3.88845089	      0.06786627	    -33.67656209	      0.00000000	      0.00000000	     -6.98576191	     -1.51005482	     -4.01520449
      2.31000000	      3.57799678	      1.00346524	      8.07066438	     -0.09336708	      1.04118466	     -0.55863045	    -12.42088130	     -4.86284874	    -10.42751838	      1.38711495	      0.02420972	    -26.72630115	      0.00000000	      0.00000000	     -8.57088212	     -8.38191745	    -11.91217990	      3.62383310	      0.06324782	    -33.10108543	      0.00000000	      0.00000000	     -6.88570228	     -1.48912744	     -3.97327138
      2.31500000	      3.61934948	      0.98959157	      8.06077548	     -0.09293349	      1.04353146	     -0.55861647	    -12.46593036	     -4.84872413	    -10.57758158	      1.47521063	      0.02574728	    -26.16316868	      0.00000000	      0.00000000	     -8.77170513	     -8.27284314	    -11.86046662	      3.36216354	      0.05868082	    -32.51438504	      0.00000000	      0.00000000	     -6.83936141	     -1.46405403	     -3.92588556
      2.32000000	      3.70116444	      0.97691699	      8.05224197	     -0.09246616	      1.04570810	     -0.55862198	    -12.56165049	     -4.82879837	    -10.70585801	      1.57170488	      0.02743142	    -25.57083232	      0.00000000	      0.00000000	     -9.02405219	     -8.16512552	    -11.78242885	      3.11080844	      0.05429385	    -31.93643352	      0.00000000	      0.00000000	     -6.84106717	     -1.43211896	     -3.87591071
      2.32500000	      3.81556968	      0.96757538	      8.04463469	     -0.09199381	      1.04770778	     -0.55863831	    -12.70190157	     -4.80513869	    -10.79690764	      1.66410393	      0.02904409	    -24.98119404	      0.00000000	      0.00000000	     -9.31155827	     -8.05692234	    -11.67922521	      2.87919244	      0.05025139	    -31.38049267	      0.00000000	      0.00000000	     -6.88532176	     -1.39689318	     -3.82338641
      2.33000000	      3.95408406	      0.96379721	      8.03534994	     -0.09154511	      1.04951959	     -0.55865278	    -12.87414872	     -4.78228894	    -10.84392090	      1.75037829	      0.03054986	    -24.41637697	      0.00000000	      0.00000000	     -9.61724482	     -7.94645254	    -11.55746933	      2.67789407	      0.04673807	    -30.85207967	      0.00000000	      0.00000000	     -6.96626845	     -1.36233740	     -3.77073040
      2.33500000	      4.11089010	      0.96235418	      8.02746694	     -0.09113375	      1.05114025	     -0.55866191	    -13.07200887	     -4.75631632	    -10.85506243	      1.82406998	      0.03183603	    -23.90622940	      0.00000000	      0.00000000	     -9.92921704	     -7.83852892	    -11.41809444	      2.51071374	      0.04382022	    -30.35695315	      0.00000000	      0.00000000	     -7.07812529	     -1.32682085	     -3.71652699
      2.34000000	      4.27953330	      0.96199383	      8.02151126	     -0.09077803	      1.05256788	     -0.55866142	    -13.27895050	     -4.72850186	    -10.83706402	      1.89692791	      0.03310764	    -23.45790208	      0.00000000	      0.00000000	    -10.23483948	     -7.73502327	    -11.26574054	      2.38343357	      0.04159876	    -29.89776539	      0.00000000	      0.00000000	     -7.21669437	     -1.28935376	     -3.66749038
      2.34500000	      4.45343443	      0.96580174	      8.01472585	     -0.09049414	      1.05378710	     -0.55863790	    -13.48518364	     -4.70367331	    -10.78695743	      1.96932172	      0.03437115	    -23.07150798	      0.00000000	      0.00000000	    -10.52322297	     -7.63276755	    -11.10663153	      2.30145747	      0.04016801	    -29.47166245	      0.00000000	      0.00000000	     -7.37700178	     -1.25515184	     -3.62108306
      2.35000000	      4.62869697	      0.97071756	      8.00779364	     -0.09028607	      1.05479532	     -0.55859139	    -13.68368918	     -4.68031740	    -10.71330634	      2.04276009	      0.03565289	    -22.75282047	      0.00000000	      0.00000000	    -10.78813402	     -7.53522097	    -10.94544769	      2.26525355	      0.03953613	    -29.07427024	      0.00000000	      0.00000000	     -7.55529576	     -1.22200458	     -3.58018272
      2.35500000	      4.80071857	      0.97798397	      7.99996159	     -0.09016174	      1.05558191	     -0.55851534	    -13.87126194	     -4.66089672	    -10.61472717	      2.11234476	      0.03686737	    -22.49923171	      0.00000000	      0.00000000	    -11.02341811	     -7.44090414	    -10.78477405	      2.27538885	      0.03971303	    -28.69944880	      0.00000000	      0.00000000	     -7.74604959	     -1.19407893	     -3.53827289
      2.36000000	      4.96410819	      0.98899671	      7.98931882	     -0.09012486	      1.05613790	     -0.55840377	    -14.03660266	     -4.64976694	    -10.49235478	      2.18800030	      0.03818781	    -22.29443323	      0.00000000	      0.00000000	    -11.22125979	     -7.34797873	    -10.62867015	      2.33636318	      0.04077723	    -28.34235232	      0.00000000	      0.00000000	     -7.94539920	     -1.17323576	     -3.49984712
      2.36500000	      5.11736216	      1.00182362	      7.97195494	     -0.09017538	      1.05645923	     -0.55826115	    -14.18262286	     -4.64631859	    -10.33605452	      2.25741873	      0.03939939	    -22.14079164	      0.00000000	      0.00000000	    -11.38131965	     -7.25673879	    -10.48430974	      2.44616228	      0.04269359	    -27.99478165	      0.00000000	      0.00000000	     -8.15037021	     -1.15693144	     -3.45872453
      2.37000000	      5.25827214	      1.01696627	      7.94916008	     -0.09031062	      1.05654303	     -0.55809158	    -14.29926044	     -4.65283937	    -10.16180113	      2.33710423	      0.04079016	    -22.02905405	      0.00000000	      0.00000000	    -11.50242786	     -7.16627585	    -10.34984525	      2.60220082	      0.04541697	    -27.65060598	      0.00000000	      0.00000000	     -8.35826570	     -1.14665264	     -3.41441169
      2.37500000	      5.38433241	      1.03580077	      7.91962787	     -0.09052715	      1.05638190	     -0.55789969	    -14.38765802	     -4.67171529	     -9.96054016	      2.42020446	      0.04224054	    -21.94431156	      0.00000000	      0.00000000	    -11.58166544	     -7.07432544	    -10.22496439	      2.80626564	      0.04897858	    -27.30416200	      0.00000000	      0.00000000	     -8.56427967	     -1.14454939	     -3.36030128
      2.38000000	      5.49637725	      1.05717841	      7.88616598	     -0.09081335	      1.05598113	     -0.55769991	    -14.44814084	     -4.70166867	     -9.73958260	      2.50912121	      0.04379243	    -21.88385303	      0.00000000	      0.00000000	    -11.62170862	     -6.98181779	    -10.10687093	      3.05521128	      0.05332350	    -26.95414454	      0.00000000	      0.00000000	     -8.76891848	     -1.14717442	     -3.30013662
      2.38500000	      5.59605696	      1.08233337	      7.85091706	     -0.09115757	      1.05533809	     -0.55750103	    -14.48925052	     -4.74288537	     -9.49476982	      2.59284984	      0.04525377	    -21.83982644	      0.00000000	      0.00000000	    -11.62686990	     -6.88758852	     -9.99483412	      3.34385150	      0.05836122	    -26.59407326	      0.00000000	      0.00000000	     -8.97093320	     -1.15608771	     -3.23205529
      2.39000000	      5.68370261	      1.11390337	      7.81555238	     -0.09155484	      1.05444917	     -0.55730868	    -14.50769969	     -4.79791805	     -9.23874822	      2.68331495	      0.04683268	    -21.80075223	      0.00000000	      0.00000000	    -11.59922809	     -6.78898479	     -9.88191363	      3.66960153	      0.06404663	    -26.21689723	      0.00000000	      0.00000000	     -9.16989610	     -1.17438413	     -3.15724469
      2.39500000	      5.76154211	      1.15113514	      7.78366390	     -0.09198955	      1.05331807	     -0.55713385	    -14.51519068	     -4.86470658	     -8.96886459	      2.76565188	      0.04826973	    -21.76098487	      0.00000000	      0.00000000	    -11.54440201	     -6.68723103	     -9.76194105	      4.02609415	      0.07026860	    -25.82511531	      0.00000000	      0.00000000	     -9.36665696	     -1.19892182	     -3.08438911
      2.40000000	      5.83244318	      1.19542844	      7.75512575	     -0.09245702	      1.05194695	     -0.55697868	    -14.51212634	     -4.94480708	     -8.68954903	      2.84700055	      0.04968953	    -21.71390485	      0.00000000	      0.00000000	    -11.47039824	     -6.58103220	     -9.63293613	      4.40337324	      0.07685336	    -25.43346848	      0.00000000	      0.00000000	     -9.56491273	     -1.23013085	     -3.01680912
      2.40500000	      5.89748252	      1.24658347	      7.73070930	     -0.09294813	      1.05033002	     -0.55684228	    -14.50238839	     -5.03692019	     -8.39858866	      2.92635630	      0.05107455	    -21.64913172	      0.00000000	      0.00000000	    -11.38153790	     -6.47096170	     -9.49087532	      4.79452715	      0.08368028	    -25.04667493	      0.00000000	      0.00000000	     -9.76394054	     -1.26818352	     -2.95628506
      2.41000000	      5.95757535	      1.30360535	      7.70968580	     -0.09346305	      1.04846889	     -0.55672454	    -14.48437427	     -5.13976165	     -8.10551549	      3.01024936	      0.05253876	    -21.57378292	      0.00000000	      0.00000000	    -11.28050086	     -6.35812185	     -9.33304972	      5.19607896	      0.09068869	    -24.67787956	      0.00000000	      0.00000000	     -9.96511928	     -1.31126186	     -2.90429611
      2.41500000	      6.01566098	      1.36225889	      7.69540494	     -0.09398690	      1.04636899	     -0.55662449	    -14.46715247	     -5.24676072	     -7.80335866	      3.08898900	      0.05391303	    -21.48041420	      0.00000000	      0.00000000	    -11.17240455	     -6.24900037	     -9.15894336	      5.60175262	      0.09776903	    -24.34917320	      0.00000000	      0.00000000	    -10.16975814	     -1.35406972	     -2.86465361
      2.42000000	      6.07415968	      1.41986665	      7.68569444	     -0.09452314	      1.04403127	     -0.55653585	    -14.45635787	     -5.35322033	     -7.47914359	      3.15577464	      0.05507866	    -21.37609442	      0.00000000	      0.00000000	    -11.05941081	     -6.14713114	     -8.97324925	      6.01072766	      0.10490699	    -24.07562333	      0.00000000	      0.00000000	    -10.37959481	     -1.39461464	     -2.83055217
      2.42500000	      6.13508981	      1.47244555	      7.68538887	     -0.09506409	      1.04145661	     -0.55646280	    -14.45031467	     -5.45453444	     -7.15439803	      3.22185458	      0.05623197	    -21.26531552	      0.00000000	      0.00000000	    -10.94141005	     -6.05846869	     -8.77691939	      6.42510708	      0.11213927	    -23.86024351	      0.00000000	      0.00000000	    -10.59495927	     -1.42769852	     -2.80520865
      2.43000000	      6.20257827	      1.51694139	      7.69482626	     -0.09560635	      1.03865286	     -0.55640170	    -14.44459062	     -5.54827712	     -6.84879912	      3.30417548	      0.05766874	    -21.15695270	      0.00000000	      0.00000000	    -10.82142707	     -5.98799194	     -8.57593948	      6.84568776	      0.11947979	    -23.72292084	      0.00000000	      0.00000000	    -10.82013654	     -1.44911373	     -2.78866433
      2.43500000	      6.27998998	      1.54874719	      7.71933018	     -0.09613897	      1.03562518	     -0.55635989	    -14.44179750	     -5.62846289	     -6.57550456	      3.40714244	      0.05946585	    -21.05949012	      0.00000000	      0.00000000	    -10.70151119	     -5.94264284	     -8.37338941	      7.27261004	      0.12693099	    -23.67203821	      0.00000000	      0.00000000	    -11.05675695	     -1.45166842	     -2.78903800
      2.44000000	      6.37026768	      1.56699149	      7.75711562	     -0.09666543	      1.03237297	     -0.55633566	    -14.43891764	     -5.69449708	     -6.35005022	      3.54249299	      0.06182817	    -20.99858537	      0.00000000	      0.00000000	    -10.58307778	     -5.92373916	     -8.17840452	      7.70836794	      0.13453640	    -23.70847313	      0.00000000	      0.00000000	    -11.30800209	     -1.43406029	     -2.80336750
      2.44500000	      6.47498261	      1.56978438	      7.80967785	     -0.09717974	      1.02889482	     -0.55633091	    -14.42584865	     -5.74660050	     -6.20082108	      3.73568595	      0.06520002	    -20.98223813	      0.00000000	      0.00000000	    -10.46683949	     -5.93411516	     -7.99522455	      8.15463592	      0.14232525	    -23.83137316	      0.00000000	      0.00000000	    -11.57403958	     -1.39372893	     -2.83049831
      2.45000000	      6.59835263	      1.55732142	      7.87694651	     -0.09767346	      1.02519278	     -0.55633901	    -14.41070306	     -5.78219331	     -6.12519183	      3.98429497	      0.06953907	    -21.01229972	      0.00000000	      0.00000000	    -10.35740955	     -5.97554711	     -7.83111151	      8.61246852	      0.15031593	    -24.03603073	      0.00000000	      0.00000000	    -11.85823322	     -1.33095399	     -2.87097227
      2.45500000	      6.73859574	      1.52555668	      7.95944649	     -0.09814702	      1.02126605	     -0.55636578	    -14.39346012	     -5.79605425	     -6.11697498	      4.28899857	      0.07485715	    -21.06994343	      0.00000000	      0.00000000	    -10.25223578	     -6.05212962	     -7.68686141	      9.08549621	      0.15857182	    -24.28675262	      0.00000000	      0.00000000	    -12.15681625	     -1.24063543	     -2.92527160
      2.46000000	      6.89165214	      1.47588076	      8.05214715	     -0.09862352	      1.01711199	     -0.55640199	    -14.36146873	     -5.79232334	     -6.15978475	      4.67312757	      0.08156146	    -21.08279359	      0.00000000	      0.00000000	    -10.14397268	     -6.16060034	     -7.56009990	      9.58441541	      0.16727961	    -24.54409877	      0.00000000	      0.00000000	    -12.46825695	     -1.12660744	     -2.98324662
      2.46500000	      7.05242826	      1.40721783	      8.15533792	     -0.09912183	      1.01272923	     -0.55645014	    -14.30361046	     -5.77355021	     -6.24029340	      5.16218989	      0.09009721	    -20.92376942	      0.00000000	      0.00000000	    -10.02225705	     -6.30185837	     -7.44165193	     10.12899565	      0.17678432	    -24.71487511	      0.00000000	      0.00000000	    -12.78890727	     -0.98749740	     -3.04271309
      2.47000000	      7.21267013	      1.31736904	      8.27577465	     -0.09966921	      1.00812311	     -0.55652368	    -14.21400865	     -5.73815074	     -6.33371023	      5.76790720	      0.10066897	    -20.47491779	      0.00000000	      0.00000000	     -9.87254421	     -6.47979497	     -7.30230390	     10.74311092	      0.18750266	    -24.65081175	      0.00000000	      0.00000000	    -13.11312488	     -0.81977518	     -3.11282357
      2.47500000	      7.36572328	      1.20233500	      8.41843393	     -0.10030024	      1.00330813	     -0.55663831	    -14.08455315	     -5.68362273	     -6.42746361	      6.49867210	      0.11342323	    -19.65975801	      0.00000000	      0.00000000	     -9.68557342	     -6.69826650	     -7.10453672	     11.44572049	      0.19976551	    -24.22009472	      0.00000000	      0.00000000	    -13.43636985	     -0.61784817	     -3.19748357
      2.48000000	      7.51135421	      1.06716157	      8.58344419	     -0.10102970	      0.99830231	     -0.55679494	    -13.91629480	     -5.61667417	     -6.50713277	      7.36712392	      0.12858057	    -18.41992369	      0.00000000	      0.00000000	     -9.46687408	     -6.95006222	     -6.82469453	     12.24251830	      0.21367225	    -23.36277195	      0.00000000	      0.00000000	    -13.76116113	     -0.38725281	     -3.29260390
      2.48500000	      7.65981183	      0.91217118	      8.77695090	     -0.10182983	      0.99314295	     -0.55700606	    -13.72886392	     -5.53153654	     -6.59070447	      8.36138624	      0.14593372	    -16.79170482	      0.00000000	      0.00000000	     -9.23417953	     -7.23772847	     -6.45729813	     13.13474967	      0.22924463	    -22.04157076	      0.00000000	      0.00000000	    -14.09579747	     -0.12441222	     -3.40991090
      2.49000000	      7.82218935	      0.74262289	      8.99634568	     -0.10267305	      0.98786904	     -0.55726692	    -13.53904076	     -5.42780663	     -6.69013865	      9.45902863	      0.16509119	    -14.91355256	      0.00000000	      0.00000000	     -9.01008242	     -7.55652021	     -6.00598330	     14.10683878	      0.24621078	    -20.33158839	      0.00000000	      0.00000000	    -14.44950190	      0.16575316	     -3.55156378
      2.49500000	      8.01323501	      0.56735872	      9.23523664	     -0.10352482	      0.98251551	     -0.55756448	    -13.35312424	     -5.31338475	     -6.84334438	     10.66272077	      0.18609958	    -12.89566481	      0.00000000	      0.00000000	     -8.81743692	     -7.89594237	     -5.49323033	     15.13701889	      0.26419082	    -18.39125183	      0.00000000	      0.00000000	    -14.83589653	      0.47415319	     -3.71243690
      2.50000000	      8.23559519	      0.39701750	      9.47931870	     -0.10436394	      0.97708348	     -0.55787558	    -13.15729235	     -5.20528227	     -7.05297595	     11.98952742	      0.20925673	    -10.77527267	      0.00000000	      0.00000000	     -8.65274539	     -8.24252620	     -4.96350313	     16.22201880	      0.28312764	    -16.35870238	      0.00000000	      0.00000000	    -15.25893989	      0.78710097	     -3.88207086
      2.50500000	      8.48803300	      0.23040971	      9.72729441	     -0.10518918	      0.97155527	     -0.55819630	    -12.93334290	     -5.10600929	     -7.34000070	     13.43757365	      0.23452990	     -8.60080179	      0.00000000	      0.00000000	     -8.48635774	     -8.60161454	     -4.44220186	     17.39220628	      0.30355126	    -14.24396104	      0.00000000	      0.00000000	    -15.71754886	      1.10635628	     -4.06250049
      2.51000000	      8.75079788	      0.06593399	      9.97611924	     -0.10603792	      0.96587683	     -0.55852076	    -12.64150656	     -5.02602632	     -7.68832025	     15.01759252	      0.26210644	     -6.36297338	      0.00000000	      0.00000000	     -8.26579458	     -8.97307457	     -3.92558922	     18.68048162	      0.32603591	    -12.04127731	      0.00000000	      0.00000000	    -16.19289346	      1.42925210	     -4.24421575
      2.51500000	      9.00453316	     -0.10906544	     10.23017445	     -0.10695352	      0.95999362	     -0.55885780	    -12.24384993	     -4.96143247	     -8.08491718	     16.74898961	      0.29232502	     -4.01023124	      0.00000000	      0.00000000	     -7.93533344	     -9.36627074	     -3.40730264	     20.12668528	      0.35127693	     -9.69699789	      0.00000000	      0.00000000	    -16.66586430	      1.76811295	     -4.42418613
      2.52000000	      9.23168669	     -0.30967678	     10.49315127	     -0.10797024	      0.95385761	     -0.55920752	    -11.72474661	     -4.89459705	     -8.49686216	     18.61168316	      0.32483515	     -1.53841664	      0.00000000	      0.00000000	     -7.44915825	     -9.79318224	     -2.88609327	     21.76636031	      0.37989465	     -7.16136842	      0.00000000	      0.00000000	    -17.11685106	      2.13731966	     -4.60364508
      2.52500000	      9.42671905	     -0.54556316	     10.77000808	     -0.10909788	      0.94746217	     -0.55957092	    -11.09027467	     -4.81092573	     -8.92094098	     20.57971799	      0.35918384	      1.01039499	      0.00000000	      0.00000000	     -6.80015812	    -10.25938396	     -2.35233468	     23.59793819	      0.41186172	     -4.42455413	      0.00000000	      0.00000000	    -17.53702095	      2.54626073	     -4.78081664
      2.53000000	      9.58843364	     -0.81802600	     11.05577649	     -0.11033628	      0.94084281	     -0.55993606	    -10.35432361	     -4.70560900	     -9.34466524	     22.63671054	      0.39508513	      3.58441364	      0.00000000	      0.00000000	     -6.00550190	    -10.75732857	     -1.81434571	     25.59041606	      0.44663702	     -1.56818288	      0.00000000	      0.00000000	    -17.92359301	      2.99460878	     -4.95418560
      2.53500000	      9.72905505	     -1.11593786	     11.33855044	     -0.11166946	      0.93408730	     -0.56027642	     -9.54951133	     -4.58301880	     -9.76905950	     24.75659199	      0.43208404	      6.13528706	      0.00000000	      0.00000000	     -5.11135645	    -11.26736305	     -1.30070638	     27.69335005	      0.48334014	      1.31475690	      0.00000000	      0.00000000	    -18.29089899	      3.46791741	     -5.11671506
      2.54000000	      9.86214262	     -1.41889770	     11.60577055	     -0.11306211	      0.92729472	     -0.56056308	     -8.71211584	     -4.45823721	    -10.20415600	     26.91131031	      0.46969097	      8.63069587	      0.00000000	      0.00000000	     -4.16461895	    -11.76651401	     -0.85049149	     29.86506724	      0.52124375	      4.16077223	      0.00000000	      0.00000000	    -18.65512220	      3.94210816	     -5.26522733
      2.54500000	      9.99547879	     -1.70736937	     11.84505995	     -0.11449468	      0.92056688	     -0.56077402	     -7.85802923	     -4.35426755	    -10.65516515	     29.09521280	      0.50780726	     11.05637398	      0.00000000	      0.00000000	     -3.19732722	    -12.23421940	     -0.49689703	     32.07754869	      0.55985884	      6.94386327	      0.00000000	      0.00000000	    -19.02910203	      4.39282068	     -5.39206205
      2.55000000	     10.13289719	     -1.96972188	     12.04826456	     -0.11595840	      0.91399709	     -0.56090238	     -6.99385358	     -4.28450615	    -11.11955400	     31.30378804	      0.54635417	     13.39370566	      0.00000000	      0.00000000	     -2.22626884	    -12.65804909	     -0.26153327	     34.31064349	      0.59883370	      9.65168110	      0.00000000	      0.00000000	    -19.41974020	      4.80604265	     -5.49458352
      2.55500000	     10.27458660	     -2.20064217	     12.21335779	     -0.11743101	      0.90766238	     -0.56094680	     -6.13057390	     -4.24972711	    -11.58753909	     33.51065222	      0.58487122	     15.62964496	      0.00000000	      0.00000000	     -1.26295690	    -13.03379849	     -0.14730138	     36.54149181	      0.63776935	     12.27693016	      0.00000000	      0.00000000	    -19.82651527	      5.17405382	     -5.57019986
      2.56000000	     10.41364183	     -2.40293669	     12.34339165	     -0.11889042	      0.90160454	     -0.56092360	     -5.26349414	     -4.24688857	    -12.05001892	     35.70428786	      0.62315738	     17.75411485	      0.00000000	      0.00000000	     -0.30785813	    -13.36384096	     -0.14094408	     38.75028495	      0.67632006	     14.81448391	      0.00000000	      0.00000000	    -20.23710833	      5.49971464	     -5.62409401
      2.56500000	     10.53981131	     -2.58625069	     12.44418313	     -0.12033017	      0.89586400	     -0.56085816	     -4.38781154	     -4.26328519	    -12.48374972	     37.85949516	      0.66077284	     19.72954821	      0.00000000	      0.00000000	      0.64211625	    -13.65280135	     -0.20382285	     40.91256688	      0.71405900	     17.22893458	      0.00000000	      0.00000000	    -20.63655235	      5.79362378	     -5.65867588
      2.57000000	     10.64643596	     -2.76134551	     12.52528463	     -0.12173773	      0.89046848	     -0.56078311	     -3.50874350	     -4.28359199	    -12.87440270	     39.94532990	      0.69717753	     21.52208281	      0.00000000	      0.00000000	      1.58445203	    -13.90739827	     -0.29031387	     43.00049308	      0.75050018	     19.48839908	      0.00000000	      0.00000000	    -21.00998467	      6.07049327	     -5.68142857
      2.57500000	     10.72508470	     -2.93441502	     12.59901656	     -0.12310044	      0.88542518	     -0.56072471	     -2.63021402	     -4.29706386	    -13.20830429	     41.93696490	      0.73193812	     23.13082654	      0.00000000	      0.00000000	      2.52105259	    -14.12958185	     -0.34760981	     44.99497032	      0.78531038	     21.57169728	      0.00000000	      0.00000000	    -21.34216356	      6.34002786	     -5.70550172
      2.58000000	     10.77352728	     -3.10538967	     12.67858482	     -0.12441789	      0.88073598	     -0.56071041	     -1.75528164	     -4.30730457	    -13.48649775	     43.82870890	      0.76495528	     24.56768805	      0.00000000	      0.00000000	      3.44996256	    -14.31383422	     -0.32500777	     46.88039510	      0.81821725	     23.46117772	      0.00000000	      0.00000000	    -21.62709468	      6.60689554	     -5.74074147
      2.58500000	     10.78888918	     -3.27059668	     12.77011147	     -0.12570014	      0.87639208	     -0.56074707	     -0.88856985	     -4.31741865	    -13.69716069	     45.60924789	      0.79603155	     25.83247613	      0.00000000	      0.00000000	      4.37277622	    -14.45303732	     -0.18168707	     48.64839691	      0.84907470	     25.13188345	      0.00000000	      0.00000000	    -21.86100575	      6.86897199	     -5.79353614
      2.59000000	     10.77728313	     -3.42171284	     12.87727611	     -0.12693870	      0.87238524	     -0.56082536	     -0.04555715	     -4.33459389	    -13.84114016	     47.27199062	      0.82505188	     26.94346275	      0.00000000	      0.00000000	      5.27717638	    -14.54204591	      0.09762746	     50.28655149	      0.87766589	     26.57446332	      0.00000000	      0.00000000	    -22.04846583	      7.11844092	     -5.87058297
      2.59500000	     10.74039413	     -3.54432174	     12.99731831	     -0.12812758	      0.86870526	     -0.56092407	      0.76666562	     -4.37399392	    -13.91528077	     48.81532599	      0.85198816	     27.92527207	      0.00000000	      0.00000000	      6.15132724	    -14.56715927	      0.51184691	     51.78091528	      0.90374746	     27.77252291	      0.00000000	      0.00000000	    -22.19338962	      7.33691162	     -5.97393748
      2.60000000	     10.68716277	     -3.63058057	     13.12413991	     -0.12925178	      0.86535879	     -0.56102555	      1.52919368	     -4.44158631	    -13.92527337	     50.22671496	      0.87662155	     28.78580960	      0.00000000	      0.00000000	      6.97353816	    -14.52782688	      1.03545968	     53.11694386	      0.92706556	     28.72332966	      0.00000000	      0.00000000	    -22.30454654	      7.51308850	     -6.09297554
      2.60500000	     10.62436366	     -3.67650473	     13.24420246	     -0.13028871	      0.86235130	     -0.56109968	      2.22365544	     -4.53139801	    -13.86320284	     51.48033016	      0.89850126	     29.52365766	      0.00000000	      0.00000000	      7.72219896	    -14.43250661	      1.61802569	     54.28381220	      0.94743125	     29.43669586	      0.00000000	      0.00000000	    -22.38910059	      7.63657171	     -6.21694060
      2.61000000	     10.57631256	     -3.68569755	     13.35484507	     -0.13118997	      0.85974995	     -0.56114510	      2.79914518	     -4.62816133	    -13.75308106	     52.51925435	      0.91663391	     29.96716230	      0.00000000	      0.00000000	      8.35088029	    -14.30211323	      2.20405890	     55.25072631	      0.96430709	     29.89377433	      0.00000000	      0.00000000	    -22.46855703	      7.71385397	     -6.33901810
      2.61500000	     10.55733347	     -3.65949322	     13.44722499	     -0.13192685	      0.85761995	     -0.56115579	      3.22382975	     -4.72446394	    -13.61538367	     53.30344095	      0.93032055	     29.99057639	      0.00000000	      0.00000000	      8.82236553	    -14.15219718	      2.73449199	     55.98165370	      0.97706418	     29.97813004	      0.00000000	      0.00000000	    -22.55742375	      7.74497713	     -6.44698516
      2.62000000	     10.54995128	     -3.61561771	     13.51044113	     -0.13250196	      0.85590208	     -0.56112573	      3.53552288	     -4.80976632	    -13.46052099	     53.88979618	      0.94055438	     29.99410848	      0.00000000	      0.00000000	      9.17383514	    -14.00850320	      3.16754198	     56.53571870	      0.98673444	     29.98650782	      0.00000000	      0.00000000	    -22.63338536	      7.74129210	     -6.52500559
      2.62500000	     10.55600322	     -3.56486027	     13.54268512	     -0.13289781	      0.85462516	     -0.56105411	      3.72714333	     -4.87194524	    -13.30878728	     54.26583407	      0.94711748	     29.99540836	      0.00000000	      0.00000000	      9.40203346	    -13.88966314	      3.47012572	     56.91792765	      0.99340524	     29.98868468	      0.00000000	      0.00000000	    -22.69607302	      7.71441891	     -6.57539815
      2.63000000	     10.57181798	     -3.51728218	     13.54246125	     -0.13309912	      0.85381709	     -0.56094331	      3.80259555	     -4.90671254	    -13.18813162	     54.43744375	      0.95011263	     29.99600996	      0.00000000	      0.00000000	      9.51067808	    -13.81091540	      3.62121261	     57.13078153	      0.99712024	     29.98909296	      0.00000000	      0.00000000	    -22.73813497	      7.67419969	     -6.59298891
      2.63500000	     10.59263166	     -3.47808714	     13.50793078	     -0.13309819	      0.85350411	     -0.56078459	      3.76905458	     -4.91143819	    -13.11232891	     54.40993131	      0.94963245	     29.99629432	      0.00000000	      0.00000000	      9.50535904	    -13.78061578	      3.61062687	     57.17885721	      0.99795932	     29.98825929	      0.00000000	      0.00000000	    -22.75327348	      7.62347345	     -6.57582895
      2.64000000	     10.61619455	     -3.45053664	     13.44052488	     -0.13287796	      0.85371280	     -0.56056344	      3.62873417	     -4.87998580	    -13.08028089	     54.18270067	      0.94566652	     29.99635668	      0.00000000	      0.00000000	      9.38868241	    -13.80374650	      3.44054718	     57.06360087	      0.99594772	     29.98542848	      0.00000000	      0.00000000	    -22.73625936	      7.56407080	     -6.52607659
      2.64500000	     10.63558025	     -3.43008744	     13.33926441	     -0.13244087	      0.85445378	     -0.56027552	      3.39738720	     -4.82103888	    -13.08537096	     53.77311152	      0.93851785	     29.99619470	      0.00000000	      0.00000000	      9.16641234	    -13.86917996	      3.12561492	     56.78456131	      0.99107756	     29.97563010	      0.00000000	      0.00000000	    -22.68084406	      7.48946862	     -6.44285953
      2.65000000	     10.64047460	     -3.40620918	     13.20073400	     -0.13179407	      0.85572140	     -0.55990837	      3.09850378	     -4.74980972	    -13.11344068	     53.21001566	      0.92868997	     29.99573033	      0.00000000	      0.00000000	      8.84781708	    -13.95826479	      2.68378680	     56.33833463	      0.98328943	     29.89180822	      0.00000000	      0.00000000	    -22.57801865	      7.38458379	     -6.32689543
      2.65500000	     10.63814381	     -3.36408887	     13.02454293	     -0.13093714	      0.85755227	     -0.55944582	      2.72597457	     -4.68010189	    -13.14521609	     52.49627221	      0.91623280	     29.99461332	      0.00000000	      0.00000000	      8.41296600	    -14.05235939	      2.12951344	     55.68875908	      0.97195220	     29.50810683	      0.00000000	      0.00000000	    -22.43819096	      7.23365810	     -6.18217791
      2.66000000	     10.61765023	     -3.30338323	     12.81378441	     -0.12990079	      0.85989882	     -0.55890003	      2.30771829	     -4.61505721	    -13.15373779	     51.65457509	      0.90154241	     29.99122148	      0.00000000	      0.00000000	      7.88896535	    -14.13627301	      1.50095326	     54.86135577	      0.95751129	     28.92412066	      0.00000000	      0.00000000	    -22.24843194	      7.03750324	     -6.01902781
      2.66500000	     10.57587942	     -3.21988798	     12.57578577	     -0.12872040	      0.86272858	     -0.55829312	      1.86061482	     -4.56652505	    -13.13518433	     50.71077316	      0.88506996	     29.95576051	      0.00000000	      0.00000000	      7.29310547	    -14.19290282	      0.83491641	     53.87088943	      0.94022439	     28.15256164	      0.00000000	      0.00000000	    -22.00885349	      6.79651574	     -5.84535598
      2.67000000	     10.54109095	     -3.12806710	     12.33970274	     -0.12739470	      0.86608210	     -0.55767923	      1.32470473	     -4.50809755	    -13.11282253	     49.56470014	      0.86506721	     29.28625506	      0.00000000	      0.00000000	      6.60925323	    -14.23495934	      0.17172157	     52.71283703	      0.92001256	     27.16219883	      0.00000000	      0.00000000	    -21.74398598	      6.54384016	     -5.68594065
      2.67500000	     10.50847308	     -3.01694947	     12.10389281	     -0.12595145	      0.86990054	     -0.55704949	      0.72299623	     -4.45772979	    -13.06828871	     48.27241956	      0.84251266	     28.30006231	      0.00000000	      0.00000000	      5.85082062	    -14.24464095	     -0.47853275	     51.40138158	      0.89712335	     25.94988309	      0.00000000	      0.00000000	    -21.45462210	      6.26677993	     -5.54366885
      2.68000000	     10.46981038	     -2.87813990	     11.85905592	     -0.12441784	      0.87412104	     -0.55638227	      0.08179493	     -4.42463971	    -12.97711453	     46.87269536	      0.81808286	     27.13264143	      0.00000000	      0.00000000	      5.03236940	    -14.20836191	     -1.11950667	     49.95059185	      0.87180229	     24.52062618	      0.00000000	      0.00000000	    -21.14047020	      5.95234254	     -5.41432689
      2.68500000	     10.43682232	     -2.70669522	     11.60920260	     -0.12280475	      0.87872310	     -0.55569355	     -0.61048282	     -4.42202379	    -12.86043370	     45.37856694	      0.79200540	     25.79951241	      0.00000000	      0.00000000	      4.14491966	    -14.11929600	     -1.74943621	     48.36505399	      0.84412944	     22.88191754	      0.00000000	      0.00000000	    -20.82110768	      5.60004463	     -5.29053341
      2.69000000	     10.41538781	     -2.50037071	     11.35174333	     -0.12111006	      0.88367523	     -0.55497597	     -1.36174883	     -4.45244941	    -12.72218757	     43.78679906	      0.76422381	     24.29891345	      0.00000000	      0.00000000	      3.18305198	    -13.97657666	     -2.37914996	     46.64944669	      0.81418644	     21.04387773	      0.00000000	      0.00000000	    -20.50447355	      5.20862889	     -5.17308322
      2.69500000	     10.41115434	     -2.26105098	     11.08297634	     -0.11934157	      0.88895495	     -0.55423361	     -2.17376807	     -4.51703089	    -12.57155507	     42.10612381	      0.73489050	     22.63957358	      0.00000000	      0.00000000	      2.14076918	    -13.78141594	     -3.01541919	     44.80462422	      0.78198821	     19.02631256	      0.00000000	      0.00000000	    -20.19883993	      4.78200614	     -5.05728317
      2.70000000	     10.42428188	     -1.98930766	     10.79659056	     -0.11751166	      0.89452007	     -0.55345913	     -3.04005030	     -4.61899823	    -12.41415484	     40.34732351	      0.70419364	     20.84398382	      0.00000000	      0.00000000	      1.02006540	    -13.53415303	     -3.66858649	     42.83731041	      0.74765211	     16.84593015	      0.00000000	      0.00000000	    -19.90737037	      4.31962047	     -4.93942392
      2.70500000	     10.45780592	     -1.69410476	     10.49837060	     -0.11562838	      0.90033912	     -0.55266919	     -3.96438707	     -4.75022795	    -12.26700100	     38.51070345	      0.67213857	     18.92049518	      0.00000000	      0.00000000	     -0.17481609	    -13.24332048	     -4.33218891	     40.75495662	      0.71130818	     14.51614763	      0.00000000	      0.00000000	    -19.63196725	      3.83519261	     -4.82408955
      2.71000000	     10.50256761	     -1.38307416	     10.18837312	     -0.11370522	      0.90634685	     -0.55185894	     -4.93088826	     -4.90343092	    -12.13307712	     36.60263574	      0.63883651	     16.87886755	      0.00000000	      0.00000000	     -1.42337391	    -12.91645042	     -5.00617723	     38.57502552	      0.67326120	     12.06218945	      0.00000000	      0.00000000	    -19.36168530	      3.33524960	     -4.71481753
      2.71500000	     10.55128796	     -1.07276303	      9.87147879	     -0.11177763	      0.91249435	     -0.55104521	     -5.91987968	     -5.06360111	    -12.01609619	     34.63809776	      0.60454885	     14.73994303	      0.00000000	      0.00000000	     -2.70203000	    -12.56895740	     -5.67971954	     36.31580931	      0.63383044	      9.50204271	      0.00000000	      0.00000000	    -19.08994824	      2.83895449	     -4.60884563
      2.72000000	     10.59097260	     -0.77149836	      9.55328424	     -0.10987218	      0.91870945	     -0.55023691	     -6.90702204	     -5.22515477	    -11.92126758	     32.63626231	      0.56961023	     12.51862855	      0.00000000	      0.00000000	     -3.97981149	    -12.20820067	     -6.34199315	     34.00421893	      0.59348558	      6.86130988	      0.00000000	      0.00000000	    -18.80474671	      2.35581369	     -4.51075956
      2.72500000	     10.60855739	     -0.49284464	      9.24388068	     -0.10802902	      0.92493186	     -0.54944988	     -7.86713955	     -5.37266602	    -11.84796090	     30.61619051	      0.53435333	     10.22568656	      0.00000000	      0.00000000	     -5.22037391	    -11.84795641	     -6.97347958	     31.67343122	      0.55280566	      4.17031887	      0.00000000	      0.00000000	    -18.49418482	      1.90159846	     -4.42125335
      2.73000000	     10.59347132	     -0.24228278	      8.94858001	     -0.10627971	      0.93110804	     -0.54869455	     -8.77566896	     -5.50721734	    -11.80463167	     28.60307225	      0.49921779	      7.87547645	      0.00000000	      0.00000000	     -6.39572159	    -11.49536581	     -7.56556480	     29.35078078	      0.51226776	      1.46125194	      0.00000000	      0.00000000	    -18.15010279	      1.48271856	     -4.34162243
      2.73500000	     10.54138778	     -0.03156650	      8.67963419	     -0.10466097	      0.93720882	     -0.54799167	     -9.62187466	     -5.61240996	    -11.78261213	     26.60720679	      0.46438336	      5.49684086	      0.00000000	      0.00000000	     -7.47989106	    -11.16829598	     -8.10446115	     27.06980833	      0.47245728	     -1.24533119	      0.00000000	      0.00000000	    -17.77121698	      1.11589876	     -4.27866785
      2.74000000	     10.44379218	      0.13872067	      8.43859423	     -0.10319993	      0.94319117	     -0.54733563	    -10.38911197	     -5.68369025	    -11.76118960	     24.63906299	      0.43003277	      3.10865952	      0.00000000	      0.00000000	     -8.44764104	    -10.87247095	     -8.58855286	     24.86502862	      0.43397662	     -3.91530903	      0.00000000	      0.00000000	    -17.35221323	      0.80062700	     -4.23414085
      2.74500000	     10.30330802	      0.26519964	      8.23280132	     -0.10191389	      0.94904354	     -0.54673216	    -11.07745898	     -5.71320402	    -11.73318421	     22.70426540	      0.39626419	      0.72652741	      0.00000000	      0.00000000	     -9.28867109	    -10.61951549	     -9.01636169	     22.76123054	      0.39725841	     -6.52704719	      0.00000000	      0.00000000	    -16.89738687	      0.54131293	     -4.20662955
      2.75000000	     10.12596907	      0.35218959	      8.06247745	     -0.10079549	      0.95476242	     -0.54618070	    -11.69311494	     -5.70455678	    -11.69729352	     20.80529588	      0.36312091	     -1.64100749	      0.00000000	      0.00000000	    -10.00764171	    -10.41071144	     -9.39691000	     20.76781393	      0.36246673	     -9.07276838	      0.00000000	      0.00000000	    -16.41489346	      0.33425783	     -4.19940058
      2.75500000	      9.91186044	      0.40111187	      7.92448477	     -0.09985246	      0.96033434	     -0.54566998	    -12.23206833	     -5.65331637	    -11.62901255	     18.94884744	      0.33071978	     -3.96934500	      0.00000000	      0.00000000	    -10.59796738	    -10.24936727	     -9.74042554	     18.90449561	      0.32994569	    -11.54207180	      0.00000000	      0.00000000	    -15.90652089	      0.17602521	     -4.21065049
      2.76000000	      9.66403086	      0.42240734	      7.81088642	     -0.09907464	      0.96575064	     -0.54518668	    -12.69348914	     -5.57286382	    -11.52816271	     17.14265905	      0.29919584	     -6.28113238	      0.00000000	      0.00000000	    -11.07066535	    -10.12348632	    -10.05314971	     17.16446037	      0.29957635	    -13.92821666	      0.00000000	      0.00000000	    -15.37675191	      0.05291222	     -4.23351870
      2.76500000	      9.39297064	      0.42209958	      7.72311535	     -0.09843111	      0.97101764	     -0.54473664	    -13.08693897	     -5.47482975	    -11.42693001	     15.40798733	      0.26892011	     -8.56570677	      0.00000000	      0.00000000	    -11.44512709	    -10.02817388	    -10.33796678	     15.53715837	      0.27117457	    -16.23376389	      0.00000000	      0.00000000	    -14.83569885	     -0.04013242	     -4.27012388
      2.77000000	      9.09927055	      0.40767731	      7.65295298	     -0.09790830	      0.97612284	     -0.54430471	    -13.41332979	     -5.36817174	    -11.31816718	     13.74702815	      0.23993090	    -10.81799035	      0.00000000	      0.00000000	    -11.72984346	     -9.95371319	    -10.60007307	     14.01519473	      0.24461129	    -18.46728647	      0.00000000	      0.00000000	    -14.28470567	     -0.11449302	     -4.31233182
      2.77500000	      8.78432613	      0.38338713	      7.59531307	     -0.09750318	      0.98105831	     -0.54388506	    -13.67432727	     -5.25892995	    -11.19175226	     12.16202405	      0.21226736	    -13.02630556	      0.00000000	      0.00000000	    -11.93322586	     -9.89306188	    -10.83758166	     12.58863014	      0.21971304	    -20.62901929	      0.00000000	      0.00000000	    -13.72615151	     -0.17523046	     -4.35689985
      2.78000000	      8.45440874	      0.35434665	      7.54968377	     -0.09719739	      0.98582234	     -0.54348142	    -13.87506678	     -5.15543643	    -11.06198494	     10.66207675	      0.18608834	    -15.19041560	      0.00000000	      0.00000000	    -12.07042622	     -9.83983780	    -11.04706169	     11.24416025	      0.19624762	    -22.72168164	      0.00000000	      0.00000000	    -13.16715275	     -0.22737061	     -4.40077036
      2.78500000	      8.11125934	      0.32318938	      7.51623473	     -0.09698230	      0.99040586	     -0.54309220	    -14.01283788	     -5.06227805	    -10.93393328	      9.26566968	      0.16171644	    -17.26136437	      0.00000000	      0.00000000	    -12.14632972	     -9.79167705	    -11.22476769	      9.97880244	      0.17416296	    -24.74658636	      0.00000000	      0.00000000	    -12.60874664	     -0.27447446	     -4.44220184
      2.79000000	      7.75451910	      0.29350199	      7.49224366	     -0.09686070	      0.99479255	     -0.54271152	    -14.08613361	     -4.98197970	    -10.80027520	      7.97272995	      0.13915039	    -19.22798858	      0.00000000	      0.00000000	    -12.16143666	     -9.74414368	    -11.36886423	      8.79388189	      0.15348219	    -26.69090003	      0.00000000	      0.00000000	    -12.05217165	     -0.32085708	     -4.47850212
      2.79500000	      7.38784565	      0.26297283	      7.48138270	     -0.09682505	      0.99897882	     -0.54235024	    -14.09496386	     -4.91201709	    -10.67430977	      6.79553586	      0.11860448	    -21.06147331	      0.00000000	      0.00000000	    -12.11849844	     -9.70119812	    -11.47791044	      7.69307848	      0.13426955	    -28.52720792	      0.00000000	      0.00000000	    -11.50121350	     -0.36141547	     -4.51883166
      2.80000000	      7.01472782	      0.23294973	      7.48628081	     -0.09686212	      1.00295806	     -0.54200330	    -14.03804775	     -4.85297175	    -10.57554035	      5.75310725	      0.10041066	    -22.74011605	      0.00000000	      0.00000000	    -12.01732954	     -9.66490780	    -11.55382802	      6.68932857	      0.11675081	    -30.22416801	      0.00000000	      0.00000000	    -10.95846196	     -0.39922588	     -4.56017569
      2.80500000	      6.63768299	      0.20276421	      7.50659962	     -0.09696529	      1.00672656	     -0.54166812	    -13.92063793	     -4.80187625	    -10.50932436	      4.84481992	      0.08455806	    -24.23692060	      0.00000000	      0.00000000	    -11.85751071	     -9.63720524	    -11.60179762	      5.79411563	      0.10112639	    -31.74243449	      0.00000000	      0.00000000	    -10.42571514	     -0.43408668	     -4.60271743
      2.81000000	      6.26021621	      0.16961026	      7.54192674	     -0.09712222	      1.01028536	     -0.54134591	    -13.74769300	     -4.75334184	    -10.48634808	      4.07060594	      0.07104548	    -25.53700164	      0.00000000	      0.00000000	    -11.63948605	     -9.62197873	    -11.63124572	      5.01995300	      0.08761471	    -33.03728792	      0.00000000	      0.00000000	     -9.90597072	     -0.46191487	     -4.65036917
      2.81500000	      5.88953413	      0.13098543	      7.59318436	     -0.09731765	      1.01364745	     -0.54103455	    -13.53161482	     -4.70209122	    -10.50655770	      3.42688981	      0.05981051	    -26.61237169	      0.00000000	      0.00000000	    -11.37135346	     -9.62346186	    -11.64766291	      4.37160418	      0.07629889	    -34.08110756	      0.00000000	      0.00000000	     -9.40443106	     -0.48120999	     -4.70128546
      2.82000000	      5.53205405	      0.08828882	      7.65840287	     -0.09753374	      1.01682319	     -0.54072937	    -13.28138867	     -4.64847934	    -10.58212043	      2.91524698	      0.05088066	    -27.45019933	      0.00000000	      0.00000000	    -11.06462212	     -9.63977714	    -11.65563590	      3.84729626	      0.06714799	    -34.86013048	      0.00000000	      0.00000000	     -8.92650096	     -0.49389855	     -4.75103523
      2.82500000	      5.19584802	      0.04014816	      7.73502257	     -0.09775410	      1.01982369	     -0.54043628	    -13.00957802	     -4.58973379	    -10.71855025	      2.52948528	      0.04414785	    -28.03512918	      0.00000000	      0.00000000	    -10.73617750	     -9.66999587	    -11.66036396	      3.43710892	      0.05998887	    -35.37020661	      0.00000000	      0.00000000	     -8.47906354	     -0.49656237	     -4.80132857
      2.83000000	      4.88932341	     -0.01152491	      7.81946436	     -0.09795574	      1.02265525	     -0.54015313	    -12.72530665	     -4.52778564	    -10.92385252	      2.27257083	      0.03966384	    -28.36235307	      0.00000000	      0.00000000	    -10.40765928	     -9.71046238	    -11.66557227	      3.12386697	      0.05452176	    -35.62602899	      0.00000000	      0.00000000	     -8.06917403	     -0.49008971	     -4.85121032
      2.83500000	      4.62506986	     -0.06494428	      7.91255536	     -0.09810614	      1.02533008	     -0.53988143	    -12.45336454	     -4.46072855	    -11.19813885	      2.12832003	      0.03714619	    -28.44977176	      0.00000000	      0.00000000	    -10.10478856	     -9.75978713	    -11.67176887	      2.88990178	      0.05043830	    -35.65239027	      0.00000000	      0.00000000	     -7.70759607	     -0.47545997	     -4.89999769
      2.84000000	      4.40988250	     -0.11730554	      8.00491948	     -0.09819165	      1.02785288	     -0.53962317	    -12.20610286	     -4.39188107	    -11.53249299	      2.08456763	      0.03638257	    -28.32101805	      0.00000000	      0.00000000	     -9.84931825	     -9.81099089	    -11.68420405	      2.71465770	      0.04737972	    -35.47619419	      0.00000000	      0.00000000	     -7.40161486	     -0.45311967	     -4.94212987
      2.84500000	      4.25258243	     -0.16612664	      8.09390209	     -0.09819471	      1.03022645	     -0.53937902	    -12.00132850	     -4.32209835	    -11.91339578	      2.12426276	      0.03707538	    -28.00465021	      0.00000000	      0.00000000	     -9.66173527	     -9.86078707	    -11.70335626	      2.58116209	      0.04504978	    -35.12692002	      0.00000000	      0.00000000	     -7.15882755	     -0.42477527	     -4.97884522
      2.85000000	      4.15634172	     -0.20982019	      8.17563311	     -0.09810425	      1.03244990	     -0.53914743	    -11.85344392	     -4.25122632	    -12.31617268	      2.22348820	      0.03880719	    -27.53693835	      0.00000000	      0.00000000	     -9.55279993	     -9.90705991	    -11.72819751	      2.47831954	      0.04325484	    -34.63348252	      0.00000000	      0.00000000	     -6.98220425	     -0.39124373	     -5.00725411
      2.85500000	      4.12317228	     -0.24773314	      8.25031315	     -0.09791640	      1.03452614	     -0.53893402	    -11.78258957	     -4.17670123	    -12.70794302	      2.34364322	      0.04090429	    -26.96438854	      0.00000000	      0.00000000	     -9.52950011	     -9.94863543	    -11.75133570	      2.39548196	      0.04180905	    -34.02509478	      0.00000000	      0.00000000	     -6.87343373	     -0.35346827	     -5.02592797
      2.86000000	      4.14816918	     -0.27776592	      8.30928297	     -0.09765566	      1.03644867	     -0.53873588	    -11.78698320	     -4.10350240	    -13.05990661	      2.46895306	      0.04309136	    -26.31745186	      0.00000000	      0.00000000	     -9.58884384	     -9.98035149	    -11.77129438	      2.32757764	      0.04062389	    -33.32278914	      0.00000000	      0.00000000	     -6.83037019	     -0.31326877	     -5.03222021
      2.86500000	      4.22731040	     -0.29853732	      8.35541398	     -0.09733337	      1.03820809	     -0.53855606	    -11.86127395	     -4.03417341	    -13.36664616	      2.59811564	      0.04534567	    -25.62102585	      0.00000000	      0.00000000	     -9.72418277	    -10.00123785	    -11.78070323	      2.27391102	      0.03968723	    -32.55705287	      0.00000000	      0.00000000	     -6.84983034	     -0.27246586	     -5.03075815
      2.87000000	      4.35233836	     -0.31077217	      8.38745471	     -0.09697345	      1.03979779	     -0.53839684	    -11.99980042	     -3.96848532	    -13.61381562	      2.71658404	      0.04741334	    -24.90350936	      0.00000000	      0.00000000	     -9.92483144	    -10.01043997	    -11.77285300	      2.23208273	      0.03895719	    -31.74634866	      0.00000000	      0.00000000	     -6.92482500	     -0.23182076	     -5.01609535
      2.87500000	      4.51509087	     -0.31274998	      8.40686413	     -0.09660321	      1.04120948	     -0.53825842	    -12.19181846	     -3.90986249	    -13.79997095	      2.82294284	      0.04926965	    -24.18824336	      0.00000000	      0.00000000	    -10.17869375	    -10.00528476	    -11.74145325	      2.20074787	      0.03841030	    -30.91757311	      0.00000000	      0.00000000	     -7.04966695	     -0.19392930	     -4.99570906
      2.88000000	      4.70633693	     -0.30488622	      8.41154338	     -0.09625443	      1.04243452	     -0.53813579	    -12.41697393	     -3.86231887	    -13.93101184	      2.92918307	      0.05112389	    -23.48654102	      0.00000000	      0.00000000	    -10.47058699	     -9.98503876	    -11.68684980	      2.18338443	      0.03810725	    -30.09093553	      0.00000000	      0.00000000	     -7.21805311	     -0.15827742	     -4.97455903
      2.88500000	      4.91865692	     -0.28753823	      8.40805470	     -0.09594029	      1.04346501	     -0.53802950	    -12.66151372	     -3.82616924	    -14.02070190	      3.04343082	      0.05311789	    -22.81234338	      0.00000000	      0.00000000	    -10.78881287	     -9.95093411	    -11.60121403	      2.17810704	      0.03801514	    -29.28857609	      0.00000000	      0.00000000	     -7.42186251	     -0.12705705	     -4.95226582
      2.89000000	      5.14282065	     -0.26212085	      8.39823344	     -0.09567867	      1.04429429	     -0.53792954	    -12.91885013	     -3.79905415	    -14.06306042	      3.15373793	      0.05504311	    -22.18878887	      0.00000000	      0.00000000	    -11.11941231	     -9.90476087	    -11.48507370	      2.18521295	      0.03813916	    -28.52845902	      0.00000000	      0.00000000	     -7.65216941	     -0.10129484	     -4.93031268
      2.89500000	      5.37301503	     -0.22977308	      8.38475614	     -0.09548317	      1.04491430	     -0.53782651	    -13.18006253	     -3.78041097	    -14.06182922	      3.26157979	      0.05692531	    -21.62778514	      0.00000000	      0.00000000	    -11.45066437	     -9.84952572	    -11.33980166	      2.20906442	      0.03855545	    -27.82856591	      0.00000000	      0.00000000	     -7.90512361	     -0.07998866	     -4.91612167
      2.90000000	      5.60367329	     -0.19233451	      8.36699556	     -0.09536409	      1.04531979	     -0.53771063	    -13.43338790	     -3.77044416	    -14.02021810	      3.37374903	      0.05888303	    -21.13692730	      0.00000000	      0.00000000	    -11.77251753	     -9.78756422	    -11.17106218	      2.25348956	      0.03933081	    -27.18929843	      0.00000000	      0.00000000	     -8.17418518	     -0.06412079	     -4.89942134
      2.90500000	      5.82997334	     -0.15139782	      8.34806704	     -0.09532252	      1.04550386	     -0.53757739	    -13.67855952	     -3.76528858	    -13.93497502	      3.48008010	      0.06073886	    -20.72797911	      0.00000000	      0.00000000	    -12.07621978	     -9.72219557	    -10.98081532	      2.32149562	      0.04051774	    -26.61673518	      0.00000000	      0.00000000	     -8.45383515	     -0.05394593	     -4.87725123
      2.91000000	      6.04835792	     -0.10759768	      8.32561118	     -0.09536412	      1.04546130	     -0.53741369	    -13.91198514	     -3.76470471	    -13.79935802	      3.57696158	      0.06242976	    -20.40281801	      0.00000000	      0.00000000	    -12.35426529	     -9.65490563	    -10.77970332	      2.41946209	      0.04222758	    -26.11165222	      0.00000000	      0.00000000	     -8.74062004	     -0.04973592	     -4.84977469
      2.91500000	      6.25831210	     -0.06200637	      8.29945252	     -0.09549368	      1.04519099	     -0.53721729	    -14.12814501	     -3.76887803	    -13.62071406	      3.67291556	      0.06410447	    -20.15330394	      0.00000000	      0.00000000	    -12.60124619	     -9.58773097	    -10.57206839	      2.55574142	      0.04460610	    -25.65788880	      0.00000000	      0.00000000	     -9.03431730	     -0.05030424	     -4.81595248
      2.92000000	      6.45546665	     -0.01294055	      8.26729723	     -0.09570937	      1.04468887	     -0.53698475	    -14.31912982	     -3.78135928	    -13.40077534	      3.77448660	      0.06587722	    -19.97481303	      0.00000000	      0.00000000	    -12.81124870	     -9.51775471	    -10.36208053	      2.73371308	      0.04771229	    -25.24248032	      0.00000000	      0.00000000	     -9.32828029	     -0.05891154	     -4.77495418
      2.92500000	      6.63975130	      0.03861680	      8.23056031	     -0.09600875	      1.04395264	     -0.53671872	    -14.48964878	     -3.79966963	    -13.13405142	      3.87276217	      0.06759245	    -19.86566255	      0.00000000	      0.00000000	    -12.98071922	     -9.44694712	    -10.15316445	      2.95930349	      0.05164959	    -24.85582353	      0.00000000	      0.00000000	     -9.62184740	     -0.07442828	     -4.72922272
      2.93000000	      6.81183747	      0.09515426	      8.18968150	     -0.09638644	      1.04298132	     -0.53641918	    -14.63350013	     -3.82814457	    -12.83620736	      3.98266743	      0.06951066	    -19.81426465	      0.00000000	      0.00000000	    -13.10778827	     -9.37305232	     -9.94824518	      3.23903205	      0.05653177	    -24.48264068	      0.00000000	      0.00000000	     -9.91502639	     -0.09894527	     -4.68381894
      2.93500000	      6.97100016	      0.15722208	      8.14516175	     -0.09683421	      1.04177281	     -0.53609311	    -14.75081094	     -3.86813980	    -12.51364527	      4.10497676	      0.07164536	    -19.82031868	      0.00000000	      0.00000000	    -13.18998602	     -9.29487290	     -9.74693534	      3.57643125	      0.06242050	    -24.10848694	      0.00000000	      0.00000000	    -10.20620469	     -0.13365942	     -4.63781105
      2.94000000	      7.11815091	      0.22611517	      8.09782026	     -0.09734168	      1.04032451	     -0.53574748	    -14.84449612	     -3.92053866	    -12.16889593	      4.23836335	      0.07397340	    -19.87717623	      0.00000000	      0.00000000	    -13.22810869	     -9.21114675	     -9.55270941	      3.97251250	      0.06933342	    -23.73156719	      0.00000000	      0.00000000	    -10.49484043	     -0.17945560	     -4.59079821
      2.94500000	      7.25478900	      0.30420211	      8.04829802	     -0.09790045	      1.03863090	     -0.53538883	    -14.91394439	     -3.98920943	    -11.81273819	      4.39113116	      0.07663970	    -19.98288604	      0.00000000	      0.00000000	    -13.22308252	     -9.11994281	     -9.36696266	      4.43009971	      0.07731983	    -23.34902036	      0.00000000	      0.00000000	    -10.78163548	     -0.23950686	     -4.53604164
      2.95000000	      7.38206852	      0.39119077	      7.99845331	     -0.09850123	      1.03669386	     -0.53502602	    -14.95690769	     -4.07408879	    -11.45863952	      4.57239975	      0.07980343	    -20.13409976	      0.00000000	      0.00000000	    -13.17708044	     -9.02162959	     -9.18911801	      4.94677184	      0.08633746	    -22.96186445	      0.00000000	      0.00000000	    -11.06829183	     -0.31014242	     -4.48340465
      2.95500000	      7.50200061	      0.48536764	      7.95000109	     -0.09913530	      1.03451541	     -0.53466814	    -14.98093292	     -4.17154778	    -11.10512774	      4.77318593	      0.08330781	    -20.33941096	      0.00000000	      0.00000000	    -13.09319497	     -8.91824782	     -9.02050574	      5.51971112	      0.09633713	    -22.57532292	      0.00000000	      0.00000000	    -11.35440434	     -0.38926888	     -4.42818684
      2.96000000	      7.61747047	      0.58393287	      7.90298298	     -0.09980122	      1.03209662	     -0.53432362	    -14.98528168	     -4.27872138	    -10.75235478	      5.00132178	      0.08728953	    -20.59495708	      0.00000000	      0.00000000	    -12.97616835	     -8.81324907	     -8.86488767	      6.14577655	      0.10726404	    -22.19613910	      0.00000000	      0.00000000	    -11.64206063	     -0.47192298	     -4.37022885
      2.96500000	      7.73058287	      0.68720242	      7.85905000	     -0.10048797	      1.02943843	     -0.53399784	    -14.97052772	     -4.39594143	    -10.41446531	      5.26325637	      0.09186115	    -20.91699194	      0.00000000	      0.00000000	    -12.83290655	     -8.70630562	     -8.71998595	      6.81570301	      0.11895646	    -21.83869529	      0.00000000	      0.00000000	    -11.93254704	     -0.55762595	     -4.31051039
      2.97000000	      7.84570081	      0.78934291	      7.82178103	     -0.10118736	      1.02654880	     -0.53369829	    -14.94543494	     -4.51411069	    -10.09626757	      5.55017195	      0.09686877	    -21.31247660	      0.00000000	      0.00000000	    -12.67077235	     -8.60445913	     -8.58764746	      7.52168706	      0.13127820	    -21.51708377	      0.00000000	      0.00000000	    -12.22989213	     -0.63677495	     -4.25857403
      2.97500000	      7.96527845	      0.88840973	      7.79050003	     -0.10189229	      1.02342860	     -0.53342329	    -14.90995682	     -4.63080458	     -9.80734293	      5.87120125	      0.10247179	    -21.76499115	      0.00000000	      0.00000000	    -12.49668622	     -8.51014377	     -8.46979387	      8.25578743	      0.14409067	    -21.24715873	      0.00000000	      0.00000000	    -12.53389428	     -0.70942730	     -4.20415588
      2.98000000	      8.09032340	      0.98287099	      7.76569732	     -0.10260040	      1.02007686	     -0.53317284	    -14.85530934	     -4.74575410	     -9.56618813	      6.25425975	      0.10915742	    -22.20935620	      0.00000000	      0.00000000	    -12.31621038	     -8.42501922	     -8.36413462	      9.00814466	      0.15722178	    -21.04946449	      0.00000000	      0.00000000	    -12.84557555	     -0.77324410	     -4.15141855
      2.98500000	      8.22327466	      1.07412806	      7.75095311	     -0.10330029	      1.01649947	     -0.53294625	    -14.78015158	     -4.86210989	     -9.40171322	      6.72537775	      0.11737999	    -22.50917491	      0.00000000	      0.00000000	    -12.13575789	     -8.34833549	     -8.26608849	      9.76971971	      0.17051378	    -20.94096524	      0.00000000	      0.00000000	    -13.16677253	     -0.82937145	     -4.10496452
      2.99000000	      8.36683727	      1.16008967	      7.74611771	     -0.10399090	      1.01270119	     -0.53274593	    -14.68564201	     -4.98003408	     -9.31836625	      7.30305034	      0.12746227	    -22.49178495	      0.00000000	      0.00000000	    -11.96030372	     -8.28228038	     -8.17504008	     10.53570829	      0.18388280	    -20.92994555	      0.00000000	      0.00000000	    -13.50018135	     -0.87480444	     -4.06541836
      2.99500000	      8.52386563	      1.23876308	      7.75457428	     -0.10466969	      1.00869648	     -0.53258159	    -14.57147765	     -5.09963975	     -9.32828881	      8.01399158	      0.13987054	    -22.02340334	      0.00000000	      0.00000000	    -11.79320699	     -8.22934313	     -8.08594408	     11.30489835	      0.19730770	    -21.01008265	      0.00000000	      0.00000000	    -13.84725314	     -0.90642530	     -4.03245532
      3.00000000	      8.69440429	      1.31068344	      7.77888132	     -0.10534323	      1.00449212	     -0.53245805	    -14.44266868	     -5.22354698	     -9.41910248	      8.86420833	      0.15470962	    -21.02308165	      0.00000000	      0.00000000	    -11.63000191	     -8.18945773	     -7.99475507	     12.08787864	      0.21097328	    -21.14724650	      0.00000000	      0.00000000	    -14.21007074	     -0.92307502	     -4.01304877
      3.00500000	      8.88362442	      1.36938716	      7.82396774	     -0.10600611	      1.00010739	     -0.53238310	    -14.32257770	     -5.34014961	     -9.56965580	      9.82217653	      0.17142932	    -19.51552798	      0.00000000	      0.00000000	    -11.46706313	     -8.17458944	     -7.90851369	     12.91053971	      0.22533143	    -21.21771059	      0.00000000	      0.00000000	    -14.59280628	     -0.91589119	     -4.00974024
      3.01000000	      9.09265198	      1.40213403	      7.89219823	     -0.10667119	      0.99555589	     -0.53235641	    -14.22767964	     -5.42671975	     -9.72930792	     10.84265471	      0.18924002	    -17.66504428	      0.00000000	      0.00000000	    -11.29350145	     -8.20436332	     -7.83126133	     13.80652280	      0.24096928	    -21.05759046	      0.00000000	      0.00000000	    -14.99623339	     -0.86992475	     -4.01945146
      3.01500000	      9.32132732	      1.39560157	      7.99018417	     -0.10734620	      0.99085750	     -0.53238083	    -14.16225497	     -5.46054116	     -9.87306867	     11.89588027	      0.20762228	    -15.68166210	      0.00000000	      0.00000000	    -11.09910907	     -8.29914191	     -7.75877835	     14.80416821	      0.25838148	    -20.51971735	      0.00000000	      0.00000000	    -15.41878454	     -0.76934218	     -4.04605612
      3.02000000	      9.56915839	      1.34873557	      8.11448723	     -0.10803478	      0.98601598	     -0.53244108	    -14.12319218	     -5.43647172	     -9.98516971	     12.96257090	      0.22623954	    -13.67059437	      0.00000000	      0.00000000	    -10.88233942	     -8.46390993	     -7.69301458	     15.92051794	      0.27786546	    -19.50118490	      0.00000000	      0.00000000	    -15.86095782	     -0.61397697	     -4.08695767
      3.02500000	      9.84020589	      1.26159898	      8.26115647	     -0.10872751	      0.98104567	     -0.53253055	    -14.09973491	     -5.35522247	    -10.08204166	     14.04657253	      0.24515894	    -11.67592953	      0.00000000	      0.00000000	    -10.65272379	     -8.70048975	     -7.63855427	     17.15819393	      0.29946698	    -17.94922060	      0.00000000	      0.00000000	    -16.32517898	     -0.40448026	     -4.13490209
      3.03000000	     10.12507750	      1.15037484	      8.41365788	     -0.10944642	      0.97594194	     -0.53262668	    -14.04595499	     -5.24812149	    -10.17173476	     15.19985206	      0.26528746	     -9.65838735	      0.00000000	      0.00000000	    -10.41542047	     -8.98260962	     -7.58404964	     18.49165288	      0.32274023	    -15.97110053	      0.00000000	      0.00000000	    -16.80664409	     -0.16313305	     -4.17827459
      3.03500000	     10.41709225	      1.03621736	      8.56034944	     -0.11019479	      0.97070279	     -0.53271463	    -13.92356455	     -5.15229043	    -10.29754655	     16.47387589	      0.28752337	     -7.54695306	      0.00000000	      0.00000000	    -10.17967672	     -9.27680160	     -7.51623185	     19.88635280	      0.34708233	    -13.74143482	      0.00000000	      0.00000000	    -17.30185426	      0.08361199	     -4.21462845
      3.04000000	     10.70624028	      0.93887950	      8.68280412	     -0.11099399	      0.96531042	     -0.53276984	    -13.69697495	     -5.10384363	    -10.47242692	     17.91367226	      0.31265256	     -5.25864908	      0.00000000	      0.00000000	     -9.93934320	     -9.55247912	     -7.43941442	     21.33022831	      0.37228271	    -11.39717882	      0.00000000	      0.00000000	    -17.80616210	      0.30795015	     -4.23170980
      3.04500000	     10.97953581	      0.85854677	      8.77748066	     -0.11187546	      0.95974405	     -0.53278509	    -13.34492325	     -5.10706720	    -10.68771033	     19.52955599	      0.34085505	     -2.80707448	      0.00000000	      0.00000000	     -9.66518060	     -9.80575826	     -7.34964325	     22.83711600	      0.39858287	     -9.00198766	      0.00000000	      0.00000000	    -18.30804338	      0.50582668	     -4.22453692
      3.05000000	     11.22087298	      0.77792556	      8.85133380	     -0.11287149	      0.95397110	     -0.53276435	    -12.85521065	     -5.13898133	    -10.92511293	     21.30726085	      0.37188186	     -0.24946035	      0.00000000	      0.00000000	     -9.31113292	    -10.05767817	     -7.23714449	     24.43810030	      0.42652531	     -6.57628852	      0.00000000	      0.00000000	    -18.78996942	      0.69506148	     -4.19718076
      3.05500000	     11.42449513	      0.66776552	      8.92711001	     -0.11399573	      0.94796721	     -0.53274205	    -12.24352586	     -5.15686154	    -11.18960958	     23.20288655	      0.40496677	      2.33945017	      0.00000000	      0.00000000	     -8.83273292	    -10.34677036	     -7.09029540	     26.17857176	      0.45690227	     -4.08001928	      0.00000000	      0.00000000	    -19.24034482	      0.91355528	     -4.16469962
      3.06000000	     11.58436167	      0.49688006	      9.02626643	     -0.11526273	      0.94171473	     -0.53275999	    -11.52563018	     -5.11763598	    -11.47877691	     25.17664652	      0.43941538	      4.92034456	      0.00000000	      0.00000000	     -8.18644508	    -10.71265740	     -6.90029806	     28.10352563	      0.49049905	     -1.46402594	      0.00000000	      0.00000000	    -19.64724145	      1.20115538	     -4.13278722
      3.06500000	     11.70203160	      0.24398342	      9.17176374	     -0.11666857	      0.93522855	     -0.53286344	    -10.72445905	     -4.99090297	    -11.81540937	     27.19422462	      0.47462876	      7.47253307	      0.00000000	      0.00000000	     -7.35440516	    -11.17925304	     -6.64539305	     30.22241045	      0.52748057	      1.27055558	      0.00000000	      0.00000000	    -20.00488696	      1.58926237	     -4.11592021
      3.07000000	     11.78393086	     -0.08948104	      9.36967215	     -0.11819546	      0.92855894	     -0.53308246	     -9.86243327	     -4.77996600	    -12.21768372	     29.23151726	      0.51018622	      9.99286363	      0.00000000	      0.00000000	     -6.35187451	    -11.73536588	     -6.31088159	     32.50174227	      0.56726242	      4.05991164	      0.00000000	      0.00000000	    -20.31693030	      2.08258643	     -4.12274255
      3.07500000	     11.83977605	     -0.47932149	      9.60884263	     -0.11983630	      0.92178890	     -0.53341863	     -8.95660339	     -4.51876307	    -12.68940543	     31.28517596	      0.54602933	     12.48942347	      0.00000000	      0.00000000	     -5.21436858	    -12.33736700	     -5.89134740	     34.88940799	      0.60893504	      6.81903656	      0.00000000	      0.00000000	    -20.59697067	      2.65523714	     -4.14840527
      3.08000000	     11.88226637	     -0.89702010	      9.87341464	     -0.12156828	      0.91502770	     -0.53385091	     -8.03452207	     -4.23745421	    -13.21064440	     33.33051042	      0.58172715	     14.94521937	      0.00000000	      0.00000000	     -3.98862050	    -12.94250002	     -5.39687349	     37.33115015	      0.65155148	      9.47018587	      0.00000000	      0.00000000	    -20.86076321	      3.27200972	     -4.18271017
      3.08500000	     11.92245013	     -1.31403532	     10.13866028	     -0.12336873	      0.90837875	     -0.53433280	     -7.11201039	     -3.96721934	    -13.74588788	     35.35841735	      0.61712080	     17.34756900	      0.00000000	      0.00000000	     -2.72111994	    -13.51469915	     -4.85908426	     39.78174349	      0.69432241	     11.97691551	      0.00000000	      0.00000000	    -21.12226894	      3.89484596	     -4.21912096
      3.09000000	     11.96624909	     -1.70958713	     10.38372366	     -0.12521313	      0.90193636	     -0.53483198	     -6.20275145	     -3.72659463	    -14.25005046	     37.34847677	      0.65185389	     19.64864962	      0.00000000	      0.00000000	     -1.44826946	    -14.02810750	     -4.30585254	     42.20693785	      0.73665003	     14.31570506	      0.00000000	      0.00000000	    -21.39194921	      4.49436532	     -4.24144926
      3.09500000	     12.01273733	     -2.06803907	     10.59419320	     -0.12707992	      0.89576602	     -0.53532158	     -5.30629992	     -3.53132002	    -14.68901507	     39.30291547	      0.68596528	     21.81907481	      0.00000000	      0.00000000	     -0.19356549	    -14.46427475	     -3.75496885	     44.57899176	      0.77805018	     16.47525525	      0.00000000	      0.00000000	    -21.67003487	      5.04655864	     -4.24371303
      3.10000000	     12.06436794	     -2.38542047	     10.76458085	     -0.12892731	      0.88992267	     -0.53579407	     -4.43507865	     -3.37880980	    -15.02826936	     41.19669844	      0.71901803	     23.82407088	      0.00000000	      0.00000000	      1.01944860	    -14.82319568	     -3.22296094	     46.87393722	      0.81810454	     18.45277337	      0.00000000	      0.00000000	    -21.95540421	      5.54369837	     -4.22528395
      3.10500000	     12.11330515	     -2.66086432	     10.89081415	     -0.13073213	      0.88442123	     -0.53624944	     -3.57621633	     -3.27052204	    -15.23912976	     43.03824775	      0.75115913	     25.66100525	      0.00000000	      0.00000000	      2.18449202	    -15.10530368	     -2.71929316	     49.07249233	      0.85647656	     20.25522231	      0.00000000	      0.00000000	    -22.23826056	      5.98280756	     -4.18783743
      3.11000000	     12.15220947	     -2.89403959	     10.97929486	     -0.13247951	      0.87926655	     -0.53671030	     -2.72104478	     -3.20799411	    -15.31494473	     44.83252020	      0.78247509	     27.30466538	      0.00000000	      0.00000000	      3.29998015	    -15.30821052	     -2.23431595	     51.15890374	      0.89289131	     21.87370227	      0.00000000	      0.00000000	    -22.51017351	      6.36526980	     -4.13262855
      3.11500000	     12.17656867	     -3.08318129	     11.03689242	     -0.13415296	      0.87445233	     -0.53718345	     -1.86639200	     -3.19275550	    -15.25529424	     46.57886975	      0.81295464	     28.76407067	      0.00000000	      0.00000000	      4.35956033	    -15.43230387	     -1.76350264	     53.11580987	      0.92704577	     23.30945104	      0.00000000	      0.00000000	    -22.76352107	      6.68990134	     -4.07004450
      3.12000000	     12.19603057	     -3.23494012	     11.07485176	     -0.13572830	      0.86999009	     -0.53768240	     -1.03624806	     -3.21192027	    -15.07868307	     48.24341392	      0.84200642	     29.94184065	      0.00000000	      0.00000000	      5.34610558	    -15.49559059	     -1.30928388	     54.93114226	      0.95872929	     24.57513097	      0.00000000	      0.00000000	    -23.00322356	      6.96823044	     -4.00586337
      3.12500000	     12.25442874	     -3.37466543	     11.13868920	     -0.13715650	      0.86597104	     -0.53827200	     -0.33553913	     -3.21654588	    -14.86697588	     49.66300977	      0.86678304	     29.99442348	      0.00000000	      0.00000000	      6.21076907	    -15.53950200	     -0.84309264	     56.57279772	      0.98738159	     25.66461157	      0.00000000	      0.00000000	    -23.26238347	      7.25029093	     -3.96519476
      3.13000000	     12.30514877	     -3.46117041	     11.18752721	     -0.13847615	      0.86225382	     -0.53885329	      0.34467756	     -3.27956861	    -14.59984699	     51.03477597	      0.89072487	     29.99694884	      0.00000000	      0.00000000	      6.98884992	    -15.52182805	     -0.40690687	     58.05835361	      1.01330943	     26.60473869	      0.00000000	      0.00000000	    -23.50508087	      7.46551809	     -3.93066311
      3.13500000	     12.35499889	     -3.49463406	     11.22580786	     -0.13966783	      0.85883824	     -0.53940458	      0.97998970	     -3.39419986	    -14.31055755	     52.32922904	      0.91331734	     29.99782290	      0.00000000	      0.00000000	      7.66403057	    -15.45526208	     -0.01226604	     59.37434186	      1.03627776	     27.40882210	      0.00000000	      0.00000000	    -23.73426995	      7.61242956	     -3.90769737
      3.14000000	     12.41381062	     -3.48012044	     11.25833848	     -0.14072408	      0.85573540	     -0.53991492	      1.54441563	     -3.55227642	    -14.04093331	     53.52202841	      0.93413562	     29.99826196	      0.00000000	      0.00000000	      8.22118296	    -15.35786474	      0.32866334	     60.51100501	      1.05611627	     28.09628197	      0.00000000	      0.00000000	    -23.95718179	      7.69816542	     -3.90155208
      3.14500000	     12.48123138	     -3.42520704	     11.28926606	     -0.14163680	      0.85294627	     -0.54037750	      2.02453563	     -3.74268514	    -13.82065819	     54.58891429	      0.95275629	     29.99852446	      0.00000000	      0.00000000	      8.65906964	    -15.24395935	      0.60907857	     61.46235957	      1.07272054	     28.66639773	      0.00000000	      0.00000000	    -24.17118874	      7.73152389	     -3.91469171
      3.15000000	     12.55649808	     -3.34654560	     11.31543993	     -0.14240495	      0.85048750	     -0.54079701	      2.40890891	     -3.94944627	    -13.66698948	     55.50442742	      0.96873501	     29.99869725	      0.00000000	      0.00000000	      8.97892629	    -15.13766257	      0.81178255	     62.22588278	      1.08604653	     29.13921822	      0.00000000	      0.00000000	    -24.37178546	      7.72977744	     -3.93586528
      3.15500000	     12.64019091	     -3.26122111	     11.34015813	     -0.14303527	      0.84838074	     -0.54118779	      2.68525879	     -4.15174161	    -13.59224682	     56.24562057	      0.98167127	     29.99881929	      0.00000000	      0.00000000	      9.18561529	    -15.05751845	      0.93391573	     62.80194720	      1.09610076	     29.52566007	      0.00000000	      0.00000000	    -24.55535608	      7.71445077	     -3.96265341
      3.16000000	     12.72361124	     -3.18398481	     11.36123359	     -0.14353028	      0.84663023	     -0.54155926	      2.86228825	     -4.33852892	    -13.59894810	     56.81021739	      0.99152534	     29.99890917	      0.00000000	      0.00000000	      9.29590975	    -15.01872976	      0.96665536	     63.19992681	      1.10304681	     29.82546104	      0.00000000	      0.00000000	    -24.70914151	      7.70141122	     -3.98995517
      3.16500000	     12.79659546	     -3.11541146	     11.37170764	     -0.14388710	      0.84524701	     -0.54190769	      2.95257262	     -4.51200922	    -13.67475661	     57.20255974	      0.99837301	     29.99897538	      0.00000000	      0.00000000	      9.31997855	    -15.01932491	      0.89573938	     63.41820423	      1.10685647	     29.96003281	      0.00000000	      0.00000000	    -24.82068931	      7.68765972	     -4.00809665
      3.17000000	     12.85113964	     -3.06162083	     11.36930757	     -0.14410822	      0.84423692	     -0.54223630	      2.97258475	     -4.66827241	    -13.80776112	     57.43340833	      1.00240208	     29.99902327	      0.00000000	      0.00000000	      9.27349627	    -15.06152439	      0.71693891	     63.47219384	      1.10779877	     29.98179528	      0.00000000	      0.00000000	    -24.87884876	      7.67842325	     -4.01106933
      3.17500000	     12.88383028	     -3.02512397	     11.35649516	     -0.14418908	      0.84360987	     -0.54255172	      2.93284784	     -4.80443013	    -13.98797924	     57.51377589	      1.00380475	     29.99905497	      0.00000000	      0.00000000	      9.16985754	    -15.14276120	      0.43670377	     63.38683487	      1.10630897	     29.98745448	      0.00000000	      0.00000000	    -24.87689036	      7.67761840	     -4.00512510
      3.18000000	     12.88493727	     -3.00048443	     11.32815909	     -0.14412400	      0.84336951	     -0.54284200	      2.85784369	     -4.92655452	    -14.19053832	     57.46405760	      1.00293701	     29.99907162	      0.00000000	      0.00000000	      9.02245787	    -15.25329015	      0.05076669	     63.17629907	      1.10263443	     29.98977604	      0.00000000	      0.00000000	    -24.80540986	      7.67510726	     -3.98458664
      3.18500000	     12.85564160	     -2.97876006	     11.28343784	     -0.14391250	      0.84354215	     -0.54309731	      2.75392994	     -5.03899118	    -14.39531834	     57.29457112	      0.99997891	     29.99907133	      0.00000000	      0.00000000	      8.83139262	    -15.37933916	     -0.43608070	     62.84804048	      1.09690523	     29.99067875	      0.00000000	      0.00000000	    -24.66875172	      7.66034645	     -3.94744551
      3.19000000	     12.79998996	     -2.95330533	     11.22341992	     -0.14354257	      0.84415504	     -0.54330549	      2.62260092	     -5.14217643	    -14.58371889	     57.01015984	      0.99501500	     29.99905353	      0.00000000	      0.00000000	      8.59325782	    -15.51022746	     -1.01317404	     62.40753375	      1.08921694	     29.99049980	      0.00000000	      0.00000000	    -24.47265182	      7.62556123	     -3.89795408
      3.19500000	     12.72148530	     -2.92098752	     11.15199178	     -0.14300934	      0.84522870	     -0.54347055	      2.46234100	     -5.23672294	    -14.75163285	     56.61639543	      0.98814251	     29.99901525	      0.00000000	      0.00000000	      8.30992561	    -15.63812127	     -1.66306586	     61.86318327	      1.07971623	     29.98866166	      0.00000000	      0.00000000	    -24.22028820	      7.56990165	     -3.85230299
      3.20000000	     12.61916301	     -2.86976283	     11.07387787	     -0.14231825	      0.84675589	     -0.54359257	      2.27840427	     -5.33866913	    -14.89615636	     56.12313465	      0.97953349	     29.99895169	      0.00000000	      0.00000000	      7.98739838	    -15.74222543	     -2.36244125	     61.22262002	      1.06853630	     29.98148049	      0.00000000	      0.00000000	    -23.91521178	      7.48058372	     -3.81144800
      3.20500000	     12.50109566	     -2.79289323	     10.99213966	     -0.14147386	      0.84875086	     -0.54366707	      2.05841282	     -5.45020385	    -15.01844414	     55.52539830	      0.96910102	     29.99885208	      0.00000000	      0.00000000	      7.61895628	    -15.81215368	     -3.09204677	     60.48036421	      1.05558149	     29.89673020	      0.00000000	      0.00000000	    -23.57024111	      7.35220654	     -3.78382413
      3.21000000	     12.37730102	     -2.67382165	     10.89727778	     -0.14047990	      0.85125163	     -0.54366455	      1.78877016	     -5.58201771	    -15.10758883	     54.81856905	      0.95676452	     29.99869747	      0.00000000	      0.00000000	      7.17545055	    -15.83017254	     -3.85650148	     59.58643080	      1.03997941	     29.40587456	      0.00000000	      0.00000000	    -23.20260383	      7.16354113	     -3.76861448
      3.21500000	     12.24345506	     -2.52014098	     10.79950958	     -0.13936808	      0.85421169	     -0.54362025	      1.47366715	     -5.73313848	    -15.18940273	     54.00758077	      0.94261011	     29.99844898	      0.00000000	      0.00000000	      6.68253288	    -15.79496120	     -4.61956418	     58.57486044	      1.02232417	     28.68885951	      0.00000000	      0.00000000	    -22.81021601	      6.92776147	     -3.77083979
      3.22000000	     12.10082921	     -2.33490523	     10.69944877	     -0.13816339	      0.85760535	     -0.54354226	      1.10801229	     -5.89791665	    -15.26153104	     53.07517646	      0.92633658	     29.99801206	      0.00000000	      0.00000000	      6.14588748	    -15.70550195	     -5.36475376	     57.45299432	      1.00274392	     27.78287135	      0.00000000	      0.00000000	    -22.40079964	      6.64755120	     -3.77281142
      3.22500000	     11.95249941	     -2.11616850	     10.58970328	     -0.13688947	      0.86140974	     -0.54341812	      0.69048705	     -6.07236258	    -15.32335691	     52.02520734	      0.90801116	     29.99707607	      0.00000000	      0.00000000	      5.56138809	    -15.56041315	     -6.09337085	     56.21847579	      0.98119750	     26.68552434	      0.00000000	      0.00000000	    -21.98123373	      6.31952395	     -3.77747818
      3.23000000	     11.80006929	     -1.86450417	     10.46626181	     -0.13557108	      0.86560495	     -0.54325531	      0.22216242	     -6.26041201	    -15.37866770	     50.86136506	      0.88769828	     29.99383284	      0.00000000	      0.00000000	      4.92641255	    -15.35686327	     -6.80307196	     54.86676705	      0.95760573	     25.39704653	      0.00000000	      0.00000000	    -21.55650445	      5.94513343	     -3.78110045
      3.23500000	     11.66223472	     -1.58413854	     10.34223862	     -0.13419587	      0.87021032	     -0.54308223	     -0.34028164	     -6.45626135	    -15.46469776	     49.53152203	      0.86448814	     29.72938675	      0.00000000	      0.00000000	      4.21884847	    -15.10006990	     -7.48445051	     53.38485817	      0.93174155	     23.91681665	      0.00000000	      0.00000000	    -21.14440447	      5.53714867	     -3.79458474
      3.24000000	     11.58425031	     -1.30718171	     10.24044893	     -0.13273419	      0.87531585	     -0.54296103	     -1.09786991	     -6.60052146	    -15.61471132	     47.86616815	      0.83542223	     28.30920322	      0.00000000	      0.00000000	      3.38738105	    -14.83057906	     -8.12691827	     51.74356011	      0.90309549	     22.23482665	      0.00000000	      0.00000000	    -20.78305115	      5.14858362	     -3.82597520
      3.24500000	     11.52336816	     -0.99753043	     10.11995900	     -0.13123575	      0.88075960	     -0.54280378	     -1.93423856	     -6.75738174	    -15.77412769	     46.06863466	      0.80404936	     26.72959364	      0.00000000	      0.00000000	      2.47362969	    -14.50462642	     -8.76708807	     49.96797357	      0.87210566	     20.37063385	      0.00000000	      0.00000000	    -20.44049719	      4.71929643	     -3.85727452
      3.25000000	     11.47839459	     -0.66304049	      9.97841902	     -0.12970527	      0.88651280	     -0.54262248	     -2.84214999	     -6.92202499	    -15.93485681	     44.14274426	      0.77043623	     25.01011975	      0.00000000	      0.00000000	      1.48109561	    -14.12738705	     -9.40931019	     48.05963979	      0.83879895	     18.33895977	      0.00000000	      0.00000000	    -20.11559936	      4.25834647	     -3.87863623
      3.25500000	     11.44615906	     -0.30907683	      9.81447779	     -0.12815144	      0.89252812	     -0.54241768	     -3.80482627	     -7.09119665	    -16.09619059	     42.11445966	      0.73503598	     23.15325770	      0.00000000	      0.00000000	      0.41989776	    -13.70327716	    -10.05656280	     46.02871908	      0.80335270	     16.15052124	      0.00000000	      0.00000000	    -19.80397299	      3.77114862	     -3.88484386
      3.26000000	     11.41879212	      0.05245608	      9.61796070	     -0.12660488	      0.89875172	     -0.54218318	     -4.79475908	     -7.25169398	    -16.22156851	     40.00346282	      0.69819214	     21.15921417	      0.00000000	      0.00000000	     -0.69232331	    -13.24190005	    -10.71640398	     43.88962202	      0.76601841	     13.81768818	      0.00000000	      0.00000000	    -19.49837923	      3.26833357	     -3.85934259
      3.26500000	     11.39137518	      0.41197421	      9.39505399	     -0.12507127	      0.90513676	     -0.54193210	     -5.79817139	     -7.39600234	    -16.30587424	     37.82493035	      0.66016957	     19.03636025	      0.00000000	      0.00000000	     -1.83877324	    -12.75041704	    -11.37944979	     41.65660048	      0.72704483	     11.36139949	      0.00000000	      0.00000000	    -19.19157403	      2.76238845	     -3.80524862
      3.27000000	     11.35725793	      0.75682002	      9.14804588	     -0.12357187	      0.91164203	     -0.54167784	     -6.79692372	     -7.51229357	    -16.33311846	     35.59344469	      0.62122280	     16.79900810	      0.00000000	      0.00000000	     -3.00028370	    -12.23859004	    -12.03706573	     39.34417271	      0.68668536	      8.79580463	      0.00000000	      0.00000000	    -18.87562607	      2.26859237	     -3.72454999
      3.27500000	     11.31223485	      1.07825839	      8.88308953	     -0.12212186	      0.91822379	     -0.54142881	     -7.77669275	     -7.59501764	    -16.29555318	     33.32859084	      0.58169365	     14.45964506	      0.00000000	      0.00000000	     -4.15907410	    -11.71407375	    -12.67428411	     36.97070421	      0.64526052	      6.14015463	      0.00000000	      0.00000000	    -18.54560378	      1.79880211	     -3.62011215
      3.28000000	     11.25323718	      1.37051788	      8.60652989	     -0.12073518	      0.92484187	     -0.54118779	     -8.73441309	     -7.63683701	    -16.16977912	     31.02493686	      0.54148730	     12.03740308	      0.00000000	      0.00000000	     -5.29924589	    -11.18363783	    -13.27885059	     34.55468165	      0.60309297	      3.41483028	      0.00000000	      0.00000000	    -18.19883572	      1.36069176	     -3.49711099
      3.28500000	     11.17526961	      1.63486580	      8.32553993	     -0.11941900	      0.93145339	     -0.54096493	     -9.65219914	     -7.65060208	    -15.96762582	     28.71842724	      0.50123111	      9.55537509	      0.00000000	      0.00000000	     -6.40590474	    -10.64608333	    -13.83361670	     32.11227830	      0.56046499	      0.64215035	      0.00000000	      0.00000000	    -17.83120036	      0.95475113	     -3.36355838
      3.29000000	     11.07268798	      1.87032492	      8.04504450	     -0.11819671	      0.93801539	     -0.54075360	    -10.51345661	     -7.63981733	    -15.68622534	     26.43413473	      0.46136269	      7.04503120	      0.00000000	      0.00000000	     -7.45906087	    -10.10707477	    -14.32439641	     29.66861822	      0.51781507	     -2.16178068	      0.00000000	      0.00000000	    -17.43967742	      0.58189428	     -3.22489331
      3.29500000	     10.94452763	      2.07525013	      7.77200531	     -0.11707133	      0.94449436	     -0.54055648	    -11.31425956	     -7.60642160	    -15.33020940	     24.18672404	      0.42213797	      4.52152990	      0.00000000	      0.00000000	     -8.44573398	     -9.57557159	    -14.74290881	     27.24869205	      0.47557939	     -4.96771450	      0.00000000	      0.00000000	    -17.02346349	      0.24492874	     -3.08568528
      3.30000000	     10.78783977	      2.25015159	      7.51003991	     -0.11605417	      0.95085342	     -0.54036859	    -12.04615068	     -7.55497753	    -14.90611689	     21.99523522	      0.38388927	      2.01200105	      0.00000000	      0.00000000	     -9.35169825	     -9.05949136	    -15.08615580	     24.87787351	      0.43420080	     -7.75413477	      0.00000000	      0.00000000	    -16.58140479	     -0.05737750	     -2.95224713
      3.30500000	     10.60373133	      2.39390973	      7.26210343	     -0.11514568	      0.95706850	     -0.54018981	    -12.70874441	     -7.48767657	    -14.42742194	     19.86744487	      0.34675233	     -0.47089375	      0.00000000	      0.00000000	    -10.17199439	     -8.56872994	    -15.35307583	     22.57482691	      0.39400506	    -10.49335419	      0.00000000	      0.00000000	    -16.11559596	     -0.32296031	     -2.82610841
      3.31000000	     10.39230831	      2.50338198	      7.03266795	     -0.11434848	      0.96311831	     -0.54001787	    -13.30814689	     -7.39925994	    -13.89073754	     17.79619667	      0.31060223	     -2.90907945	      0.00000000	      0.00000000	    -10.89620762	     -8.11691600	    -15.54971067	     20.36680129	      0.35546774	    -13.16350157	      0.00000000	      0.00000000	    -15.62720274	     -0.54782843	     -2.71201348
      3.31500000	     10.15663867	      2.58041010	      6.82198979	     -0.11364786	      0.96898437	     -0.53985528	    -13.84643029	     -7.29674877	    -13.32333897	     15.79115143	      0.27560759	     -5.29841079	      0.00000000	      0.00000000	    -11.52693125	     -7.70826245	    -15.68678538	     18.26432523	      0.31877261	    -15.74228071	      0.00000000	      0.00000000	    -15.11894416	     -0.73400005	     -2.61082000
      3.32000000	      9.89811018	      2.62875422	      6.62742251	     -0.11304348	      0.97465037	     -0.53969813	    -14.31695882	     -7.18816182	    -12.74602929	     13.87085907	      0.24209216	     -7.63754918	      0.00000000	      0.00000000	    -12.06607433	     -7.34228672	    -15.77341023	     16.27375579	      0.28403062	    -18.22410246	      0.00000000	      0.00000000	    -14.59361810	     -0.88658701	     -2.51777144
      3.32500000	      9.61925328	      2.65049140	      6.44736534	     -0.11253279	      0.98010701	     -0.53954643	    -14.71758941	     -7.07690554	    -12.17001981	     12.04415810	      0.21021021	     -9.92045520	      0.00000000	      0.00000000	    -12.51700790	     -7.02002726	    -15.81755847	     14.40026397	      0.25133202	    -20.60204855	      0.00000000	      0.00000000	    -14.05558007	     -1.00676297	     -2.43309277
      3.33000000	      9.32059248	      2.64739063	      6.28180453	     -0.11211592	      0.98534965	     -0.53940580	    -15.03346314	     -6.96766280	    -11.62275191	     10.34793433	      0.18060552	    -12.13851213	      0.00000000	      0.00000000	    -12.88300172	     -6.73966954	    -15.82072413	     12.64040442	      0.22061668	    -22.88817257	      0.00000000	      0.00000000	    -13.50696895	     -1.09584751	     -2.35919615
      3.33500000	      9.00598431	      2.62185720	      6.13081974	     -0.11178508	      0.99037179	     -0.53927325	    -15.26662252	     -6.85861132	    -11.12601648	      8.78055792	      0.15324965	    -14.30933310	      0.00000000	      0.00000000	    -13.17089928	     -6.50086697	    -15.78724541	     10.99276853	      0.19186000	    -25.07478438	      0.00000000	      0.00000000	    -12.95232161	     -1.15699771	     -2.29426437
      3.34000000	      8.67571927	      2.57667592	      5.99260746	     -0.11155448	      0.99517082	     -0.53914583	    -15.41437411	     -6.74963092	    -10.66188917	      7.34902141	      0.12826462	    -16.40993161	      0.00000000	      0.00000000	    -13.38100566	     -6.30052549	    -15.71676162	      9.45857927	      0.16508335	    -27.15559537	      0.00000000	      0.00000000	    -12.39533344	     -1.19353520	     -2.23454635
      3.34500000	      8.33009750	      2.51365719	      5.86731816	     -0.11142647	      0.99974261	     -0.53902011	    -15.48201010	     -6.63994352	    -10.22164147	      6.04786069	      0.10555508	    -18.40066101	      0.00000000	      0.00000000	    -13.51333338	     -6.13850573	    -15.60861628	      8.04250439	      0.14036818	    -29.11140968	      0.00000000	      0.00000000	    -11.83850575	     -1.20677217	     -2.18639013
      3.35000000	      7.97274275	      2.43222790	      5.75907648	     -0.11139668	      1.00408939	     -0.53889610	    -15.47474810	     -6.52441302	     -9.81674304	      4.88109062	      0.08519110	    -20.26216636	      0.00000000	      0.00000000	    -13.57071070	     -6.01672328	    -15.46179487	      6.74807451	      0.11777612	    -30.91327148	      0.00000000	      0.00000000	    -11.28500397	     -1.19737108	     -2.14599634
      3.35500000	      7.60721689	      2.33716554	      5.66756528	     -0.11145780	      1.00821106	     -0.53876591	    -15.40355953	     -6.40392525	     -9.44681677	      3.84003816	      0.06702131	    -21.95964036	      0.00000000	      0.00000000	    -13.55547865	     -5.93189272	    -15.28567607	      5.58453018	      0.09746844	    -32.52348845	      0.00000000	      0.00000000	    -10.73897512	     -1.17183114	     -2.11214849
      3.36000000	      7.23448291	      2.23063670	      5.58937808	     -0.11161224	      1.01211008	     -0.53862101	    -15.26430773	     -6.28087841	     -9.10434789	      2.94387518	      0.05138031	    -23.43696829	      0.00000000	      0.00000000	    -13.46894007	     -5.88087870	    -15.08743506	      4.55606808	      0.07951839	    -33.91279762	      0.00000000	      0.00000000	    -10.20212758	     -1.13441700	     -2.08336055
      3.36500000	      6.86111113	      2.11277689	      5.52978271	     -0.11183846	      1.01579689	     -0.53846139	    -15.07153026	     -6.14998815	     -8.81583480	      2.18593520	      0.03815177	    -24.67663332	      0.00000000	      0.00000000	    -13.32103529	     -5.86523106	    -14.87040709	      3.66143216	      0.06390405	    -35.05983754	      0.00000000	      0.00000000	     -9.67946433	     -1.08489402	     -2.06694040
      3.37000000	      6.49479964	      1.98489118	      5.49017222	     -0.11211682	      1.01928754	     -0.53828636	    -14.83800383	     -6.00722525	     -8.58831816	      1.56365340	      0.02729090	    -25.66253981	      0.00000000	      0.00000000	    -13.12442953	     -5.88276568	    -14.64308298	      2.89635421	      0.05055092	    -35.95171633	      0.00000000	      0.00000000	     -9.17678603	     -1.02542336	     -2.06135311
      3.37500000	      6.14437042	      1.84761894	      5.47258344	     -0.11242710	      1.02259986	     -0.53810137	    -14.58812833	     -5.84943403	     -8.42255476	      1.05524327	      0.01841747	    -26.38718809	      0.00000000	      0.00000000	    -12.89480741	     -5.93228303	    -14.41225580	      2.25320957	      0.03932593	    -36.59603618	      0.00000000	      0.00000000	     -8.70198882	     -0.95569668	     -2.07335211
      3.38000000	      5.81715148	      1.70157692	      5.47472922	     -0.11275485	      1.02574728	     -0.53791166	    -14.34115190	     -5.67561755	     -8.30524847	      0.64117482	      0.01119061	    -26.86131767	      0.00000000	      0.00000000	    -12.64792096	     -6.01028968	    -14.18173178	      1.72108342	      0.03003857	    -37.00201294	      0.00000000	      0.00000000	     -8.26057554	     -0.87588195	     -2.09956249
      3.38500000	      5.52533188	      1.54401860	      5.50215168	     -0.11306883	      1.02874946	     -0.53773522	    -14.12686820	     -5.47765959	     -8.24634758	      0.29494482	      0.00514776	    -27.11137060	      0.00000000	      0.00000000	    -12.40564885	     -6.11864910	    -13.95162360	      1.28546420	      0.02243558	    -37.19147820	      0.00000000	      0.00000000	     -7.86235513	     -0.77921183	     -2.14445543
      3.39000000	      5.27572146	      1.37779884	      5.54575377	     -0.11335959	      1.03161486	     -0.53758097	    -13.93862143	     -5.26405476	     -8.25737652	      0.04588498	      0.00080084	    -27.13647794	      0.00000000	      0.00000000	    -12.18363103	     -6.24914534	    -13.73047016	      0.93545575	      0.01632678	    -37.18432227	      0.00000000	      0.00000000	     -7.51389842	     -0.66733586	     -2.20096032
      3.39500000	      5.06879843	      1.20616064	      5.59440670	     -0.11363574	      1.03434383	     -0.53746400	    -13.72295782	     -5.05333046	     -8.41234947	      0.00976376	      0.00017041	    -26.90128392	      0.00000000	      0.00000000	    -11.99203016	     -6.39097007	    -13.51858275	      0.65486684	      0.01142958	    -37.01163271	      0.00000000	      0.00000000	     -7.21628186	     -0.54193878	     -2.25529525
      3.40000000	      4.91147928	      1.03737769	      5.64522842	     -0.11386412	      1.03692135	     -0.53736610	    -13.56564182	     -4.83901994	     -8.57572280	      0.00575449	      0.00010043	    -26.53541745	      0.00000000	      0.00000000	    -11.84614480	     -6.53628909	    -13.32059952	      0.43404337	      0.00757549	    -36.69471953	      0.00000000	      0.00000000	     -6.97480990	     -0.41294951	     -2.30848301
      3.40500000	      4.80628240	      0.87547413	      5.69682017	     -0.11403123	      1.03933982	     -0.53728484	    -13.48095965	     -4.62338204	     -8.73098387	      0.00442706	      0.00007727	    -26.08162619	      0.00000000	      0.00000000	    -11.75422922	     -6.67983233	    -13.13616244	      0.26362801	      0.00460118	    -36.25927904	      0.00000000	      0.00000000	     -6.79226853	     -0.28368509	     -2.36442331
      3.41000000	      4.75044666	      0.72590359	      5.74043101	     -0.11414590	      1.04158721	     -0.53721401	    -13.46299092	     -4.41680142	     -8.86326102	      0.00386036	      0.00006738	    -25.56357602	      0.00000000	      0.00000000	    -11.71703276	     -6.81290342	    -12.96646686	      0.13788410	      0.00240653	    -35.72596122	      0.00000000	      0.00000000	     -6.66624741	     -0.16162383	     -2.41249061
      3.41500000	      4.73722154	      0.59051454	      5.77640472	     -0.11421717	      1.04365315	     -0.53715080	    -13.50250390	     -4.22185140	     -8.96903280	      0.00365658	      0.00006382	    -25.00683225	      0.00000000	      0.00000000	    -11.72584497	     -6.93346620	    -12.80909284	      0.05733136	      0.00100062	    -35.11448330	      0.00000000	      0.00000000	     -6.59035037	     -0.04967513	     -2.45334543
      3.42000000	      4.76268012	      0.46841973	      5.80535771	     -0.11425467	      1.04553198	     -0.53709205	    -13.59267088	     -4.03805593	     -9.05159496	      0.00371614	      0.00006486	    -24.44380334	      0.00000000	      0.00000000	    -11.77247270	     -7.04353166	    -12.66517608	      0.02648421	      0.00046224	    -34.43204010	      0.00000000	      0.00000000	     -6.56218751	      0.05366644	     -2.49388585
      3.42500000	      4.82315012	      0.35767784	      5.82945648	     -0.11426361	      1.04722040	     -0.53704347	    -13.72737717	     -3.86428827	     -9.12100369	      0.00405025	      0.00007069	    -23.89647138	      0.00000000	      0.00000000	    -11.86355541	     -7.14222236	    -12.51808900	      0.01696783	      0.00029614	    -33.71274430	      0.00000000	      0.00000000	     -6.57692201	      0.14973991	     -2.53287541
      3.43000000	      4.91387420	      0.25533785	      5.84887443	     -0.11425788	      1.04871590	     -0.53700949	    -13.89746189	     -3.69889699	     -9.17745021	      0.00489299	      0.00008540	    -23.39019374	      0.00000000	      0.00000000	    -11.99827854	     -7.23081599	    -12.35986154	      0.01306443	      0.00022802	    -32.97945290	      0.00000000	      0.00000000	     -6.62986104	      0.24143638	     -2.56651695
      3.43500000	      5.02791521	      0.16157971	      5.86653185	     -0.11424728	      1.05001013	     -0.53698663	    -14.09277985	     -3.54228302	     -9.22298833	      0.00705840	      0.00012319	    -22.94070119	      0.00000000	      0.00000000	    -12.16763915	     -7.30977279	    -12.18871517	      0.01120783	      0.00019561	    -32.24933444	      0.00000000	      0.00000000	     -6.71500626	      0.32788419	     -2.60450626
      3.44000000	      5.16142111	      0.07532702	      5.88022847	     -0.11424499	      1.05109840	     -0.53697457	    -14.30422661	     -3.39581984	     -9.26044439	      0.01592647	      0.00027797	    -22.56545168	      0.00000000	      0.00000000	    -12.36585623	     -7.37966160	    -12.00889442	      0.01049446	      0.00018316	    -31.53550974	      0.00000000	      0.00000000	     -6.82944580	      0.41030072	     -2.64449080
      3.44500000	      5.30513455	     -0.00384897	      5.88302979	     -0.11428240	      1.05197672	     -0.53697440	    -14.47480917	     -3.27175801	     -9.34598205	      0.12979546	      0.00226536	    -22.21246689	      0.00000000	      0.00000000	    -12.58064026	     -7.43736305	    -11.82625594	      0.01062296	      0.00018541	    -30.85378916	      0.00000000	      0.00000000	     -6.96569136	      0.48842596	     -2.67721258
      3.45000000	      5.45413513	     -0.07600784	      5.87322834	     -0.11436911	      1.05264378	     -0.53698771	    -14.57433346	     -3.17660836	     -9.51895218	      0.40560504	      0.00707914	    -21.85568033	      0.00000000	      0.00000000	    -12.80455155	     -7.48197206	    -11.64529770	      0.01184967	      0.00020682	    -30.21108507	      0.00000000	      0.00000000	     -7.11970706	      0.56227350	     -2.70260723
      3.45500000	      5.60983018	     -0.13941923	      5.85915362	     -0.11448404	      1.05309126	     -0.53700077	    -14.66956580	     -3.09720096	     -9.69046562	      0.70176885	      0.01224818	    -21.56312036	      0.00000000	      0.00000000	    -13.03676491	     -7.51649267	    -11.46901123	      0.01553084	      0.00027106	    -29.61552037	      0.00000000	      0.00000000	     -7.29172893	      0.62832201	     -2.73308412
      3.46000000	      5.77074664	     -0.19538105	      5.83924129	     -0.11463076	      1.05331818	     -0.53701138	    -14.76004925	     -3.03195989	     -9.85621905	      1.01323146	      0.01768423	    -21.34726084	      0.00000000	      0.00000000	    -13.27136473	     -7.54271558	    -11.30821610	      0.02878945	      0.00050247	    -29.06405059	      0.00000000	      0.00000000	     -7.47914660	      0.68648014	     -2.76045630
      3.46500000	      5.93188013	     -0.24496638	      5.81953314	     -0.11481814	      1.05331920	     -0.53700988	    -14.83895710	     -2.97816511	    -10.02108536	      1.34131291	      0.02341033	    -21.19481752	      0.00000000	      0.00000000	    -13.48113736	     -7.56856085	    -11.17928156	      0.09503423	      0.00165866	    -28.52885929	      0.00000000	      0.00000000	     -7.67706956	      0.73588060	     -2.78980822
      3.47000000	      6.08963493	     -0.28930660	      5.80516542	     -0.11504802	      1.05309218	     -0.53699792	    -14.90161222	     -2.93314543	    -10.19264734	      1.68986667	      0.02949374	    -21.09544795	      0.00000000	      0.00000000	    -13.64541368	     -7.60051229	    -11.09367870	      0.24876126	      0.00434170	    -27.98541483	      0.00000000	      0.00000000	     -7.88165697	      0.77714269	     -2.82479444
      3.47500000	      6.24339398	     -0.32491206	      5.79031127	     -0.11532384	      1.05263652	     -0.53697785	    -14.94560909	     -2.90434465	    -10.36100264	      2.06096107	      0.03597056	    -21.03487723	      0.00000000	      0.00000000	    -13.77839888	     -7.62959571	    -11.03844641	      0.45801302	      0.00799384	    -27.44694092	      0.00000000	      0.00000000	     -8.09289094	      0.80736555	     -2.86160707
      3.48000000	      6.39319555	     -0.34987413	      5.77060167	     -0.11564591	      1.05195406	     -0.53694941	    -14.96863687	     -2.89560627	    -10.52426779	      2.45763821	      0.04289388	    -21.01738822	      0.00000000	      0.00000000	    -13.88532863	     -7.65165469	    -11.01090623	      0.71328163	      0.01244911	    -26.91355301	      0.00000000	      0.00000000	     -8.31042151	      0.82420916	     -2.89413338
      3.48500000	      6.53817350	     -0.36349797	      5.74719516	     -0.11601721	      1.05104513	     -0.53691619	    -14.97452794	     -2.90722019	    -10.67523875	      2.86956860	      0.05008342	    -21.02055845	      0.00000000	      0.00000000	    -13.96587058	     -7.66607825	    -11.00336352	      1.01318677	      0.01768345	    -26.38086300	      0.00000000	      0.00000000	     -8.53392500	      0.82784526	     -2.92829173
      3.49000000	      6.68063631	     -0.36632047	      5.72039146	     -0.11642700	      1.04991262	     -0.53688263	    -14.97109904	     -2.93691749	    -10.80876244	      3.28971382	      0.05741634	    -21.03722332	      0.00000000	      0.00000000	    -14.02480762	     -7.67350953	    -11.01520631	      1.35351998	      0.02362338	    -25.84918771	      0.00000000	      0.00000000	     -8.76505420	      0.81948084	     -2.96395437
      3.49500000	      6.82003622	     -0.35753131	      5.68688317	     -0.11688062	      1.04855526	     -0.53684480	    -14.95474147	     -2.98635509	    -10.91638858	      3.72112749	      0.06494593	    -21.05314156	      0.00000000	      0.00000000	    -14.06292190	     -7.67213909	    -11.04464664	      1.73228057	      0.03023400	    -25.31545826	      0.00000000	      0.00000000	     -9.00342485	      0.79800557	     -3.00057430
      3.50000000	      6.95820214	     -0.33963160	      5.64790187	     -0.11736906	      1.04697430	     -0.53680769	    -14.93318937	     -3.05108074	    -10.99937277	      4.15347972	      0.07249190	    -21.06615669	      0.00000000	      0.00000000	    -14.08457331	     -7.66474189	    -11.08818886	      2.14523209	      0.03744136	    -24.78279012	      0.00000000	      0.00000000	     -9.25001009	      0.76583769	     -3.03554248
      3.50500000	      7.09851913	     -0.31515881	      5.60862933	     -0.11788460	      1.04517306	     -0.53677764	    -14.91146110	     -3.12577695	    -11.06750559	      4.58596685	      0.08004022	    -21.06518696	      0.00000000	      0.00000000	    -14.09453759	     -7.65555106	    -11.13867129	      2.58807047	      0.04517035	    -24.25736627	      0.00000000	      0.00000000	     -9.50738435	      0.72665701	     -3.07343981
      3.51000000	      7.24361603	     -0.28509313	      5.56926742	     -0.11841780	      1.04315124	     -0.53675376	    -14.89372037	     -3.20729846	    -11.12279367	      5.01707030	      0.08756440	    -21.04889611	      0.00000000	      0.00000000	    -14.09703665	     -7.64619161	    -11.19569786	      3.05775044	      0.05336781	    -23.75123779	      0.00000000	      0.00000000	     -9.77807973	      0.68130205	     -3.10944114
      3.51500000	      7.39293211	     -0.25233670	      5.53187972	     -0.11897134	      1.04090531	     -0.53673777	    -14.87792809	     -3.29151738	    -11.16840989	      5.44665454	      0.09506205	    -21.02820748	      0.00000000	      0.00000000	    -14.09081199	     -7.64051775	    -11.25100383	      3.55391149	      0.06202746	    -23.27624144	      0.00000000	      0.00000000	    -10.06108726	      0.63345241	     -3.14518932
      3.52000000	      7.54957257	     -0.22011549	      5.50203519	     -0.11953467	      1.03843575	     -0.53673339	    -14.87675848	     -3.37251103	    -11.20807566	      5.85859002	      0.10225169	    -21.01261046	      0.00000000	      0.00000000	    -14.07825183	     -7.64402359	    -11.30120854	      4.07541003	      0.07112932	    -22.85229813	      0.00000000	      0.00000000	    -10.35812580	      0.58758788	     -3.18419809
      3.52500000	      7.71496736	     -0.19276503	      5.47974836	     -0.12011391	      1.03574422	     -0.53673963	    -14.88499351	     -3.44552430	    -11.24260521	      6.26453370	      0.10933674	    -21.00944446	      0.00000000	      0.00000000	    -14.05818487	     -7.66278264	    -11.34680462	      4.62515808	      0.08072424	    -22.49398959	      0.00000000	      0.00000000	    -10.67116082	      0.54937301	     -3.22543476
      3.53000000	      7.88432677	     -0.17041107	      5.46527321	     -0.12071595	      1.03282430	     -0.53675616	    -14.90147739	     -3.51091142	    -11.25244892	      6.65829354	      0.11620914	    -21.00981884	      0.00000000	      0.00000000	    -14.02386307	     -7.69681991	    -11.38134052	      5.20391267	      0.09082541	    -22.21399158	      0.00000000	      0.00000000	    -10.99535311	      0.51869519	     -3.26929725
      3.53500000	      8.05582182	     -0.15705084	      5.45769295	     -0.12134924	      1.02967317	     -0.53678031	    -14.91919290	     -3.56694951	    -11.23626303	      7.04916392	      0.12303112	    -21.03307262	      0.00000000	      0.00000000	    -13.97142028	     -7.75036021	    -11.40527397	      5.81395594	      0.10147267	    -22.01174389	      0.00000000	      0.00000000	    -11.32889543	      0.49988257	     -3.31562285
      3.54000000	      8.22986803	     -0.15483484	      5.45689885	     -0.12201789	      1.02629308	     -0.53681295	    -14.93940938	     -3.61255243	    -11.18590804	      7.43475416	      0.12976094	    -21.08396215	      0.00000000	      0.00000000	    -13.90021187	     -7.82585442	    -11.42034434	      6.45598495	      0.11267819	    -21.88654111	      0.00000000	      0.00000000	    -11.67247350	      0.49572001	     -3.36446683
      3.54500000	      8.40368731	     -0.16477745	      5.46307845	     -0.12273091	      1.02267957	     -0.53685344	    -14.94250787	     -3.65066478	    -11.11633608	      7.85098625	      0.13702556	    -21.15455779	      0.00000000	      0.00000000	    -13.80647810	     -7.92452919	    -11.42268789	      7.13053763	      0.12445136	    -21.83159008	      0.00000000	      0.00000000	    -12.02423946	      0.50715287	     -3.41681193
      3.55000000	      8.57593205	     -0.18694865	      5.47581721	     -0.12348689	      1.01883196	     -0.53689821	    -14.92550832	     -3.68190573	    -11.02999193	      8.30417321	      0.14493516	    -21.21637428	      0.00000000	      0.00000000	    -13.69132952	     -8.04524916	    -11.40826153	      7.83314138	      0.13671411	    -21.84203922	      0.00000000	      0.00000000	    -12.38183321	      0.53371478	     -3.47188678
      3.55500000	      8.74868182	     -0.22137772	      5.49939128	     -0.12428447	      1.01475347	     -0.53694972	    -14.87560060	     -3.70831156	    -10.96806955	      8.83484910	      0.15419721	    -21.20153709	      0.00000000	      0.00000000	    -13.55810720	     -8.18850617	    -11.36873265	      8.56208943	      0.14943665	    -21.89917391	      0.00000000	      0.00000000	    -12.74739085	      0.57595679	     -3.53244577
      3.56000000	      8.92015694	     -0.26635810	      5.53564416	     -0.12512622	      1.01044646	     -0.53701543	    -14.78996392	     -3.73382271	    -10.92898868	      9.45984383	      0.16510542	    -20.97592641	      0.00000000	      0.00000000	    -13.40426667	     -8.35102167	    -11.29495725	      9.32098230	      0.16268183	    -21.95739219	      0.00000000	      0.00000000	    -13.11910044	      0.63264277	     -3.60111918
      3.56500000	      9.08874931	     -0.31814339	      5.58711904	     -0.12601493	      1.00591282	     -0.53709844	    -14.66082459	     -3.76451161	    -10.92937758	     10.20920468	      0.17818424	    -20.40387844	      0.00000000	      0.00000000	    -13.22644949	     -8.52921943	    -11.17653923	     10.12015922	      0.17663010	    -21.90910108	      0.00000000	      0.00000000	    -13.49603756	      0.70025014	     -3.68025859
      3.57000000	      9.25537452	     -0.37851765	      5.65960996	     -0.12695115	      1.00116465	     -0.53721061	    -14.50280217	     -3.79399651	    -10.96351172	     11.07131826	      0.19323096	    -19.40281912	      0.00000000	      0.00000000	    -13.02254495	     -8.72702778	    -11.00130134	     10.97451944	      0.19154150	    -21.60615911	      0.00000000	      0.00000000	    -13.87754193	      0.78195212	     -3.77522444
      3.57500000	      9.41892848	     -0.44387312	      5.75484477	     -0.12793741	      0.99620484	     -0.53735723	    -14.31629126	     -3.82794490	    -11.03308164	     12.05953860	      0.21047865	    -17.92670201	      0.00000000	      0.00000000	    -12.79110038	     -8.94146307	    -10.75779851	     11.89572256	      0.20761953	    -20.92471427	      0.00000000	      0.00000000	    -14.26395405	      0.87475480	     -3.88879484
      3.58000000	      9.58176091	     -0.51375365	      5.87220440	     -0.12896986	      0.99104950	     -0.53753794	    -14.11618399	     -3.86281831	    -11.11507801	     13.15019642	      0.22951422	    -16.04536515	      0.00000000	      0.00000000	    -12.53774000	     -9.17225903	    -10.44298561	     12.88874577	      0.22495105	    -19.78659076	      0.00000000	      0.00000000	    -14.65704434	      0.97896333	     -4.02417144
      3.58500000	      9.74992485	     -0.59338352	      6.01118030	     -0.13003544	      0.98571671	     -0.53774454	    -13.91229606	     -3.88653054	    -11.21336373	     14.32694084	      0.25005229	    -13.90740897	      0.00000000	      0.00000000	    -12.26925385	     -9.42857884	    -10.06721361	     13.96285654	      0.24369782	    -18.17118583	      0.00000000	      0.00000000	    -15.06145303	      1.10029495	     -4.17806947
      3.59000000	      9.92479645	     -0.68483694	      6.16934339	     -0.13113547	      0.98022678	     -0.53797269	    -13.70972466	     -3.89220106	    -11.31081565	     15.56756220	      0.27170522	    -11.65548097	      0.00000000	      0.00000000	    -11.99011186	     -9.70962266	     -9.62524591	     15.10963324	      0.26371285	    -16.17982357	      0.00000000	      0.00000000	    -15.47837311	      1.24084403	     -4.34869232
      3.59500000	     10.10420259	     -0.78436975	      6.34153026	     -0.13227360	      0.97458862	     -0.53821263	    -13.49156133	     -3.88760950	    -11.40795749	     16.87945646	      0.29460209	     -9.35734415	      0.00000000	      0.00000000	    -11.69481102	    -10.00736796	     -9.12164307	     16.32681037	      0.28495660	    -13.97200331	      0.00000000	      0.00000000	    -15.90797576	      1.39551021	     -4.53043582
      3.60000000	     10.28541739	     -0.89615744	      6.52413206	     -0.13346573	      0.96880898	     -0.53846482	    -13.23941151	     -3.87170971	    -11.50278340	     18.26457909	      0.31877704	     -7.04260191	      0.00000000	      0.00000000	    -11.36513530	    -10.32340869	     -8.56656034	     17.62960092	      0.30769458	    -11.66059290	      0.00000000	      0.00000000	    -16.34784862	      1.56872710	     -4.71843081
      3.60500000	     10.45807648	     -1.02245950	      6.72053645	     -0.13473191	      0.96286353	     -0.53873426	    -12.91768768	     -3.85036270	    -11.62025850	     19.75017905	      0.34470565	     -4.68814338	      0.00000000	      0.00000000	    -10.95997326	    -10.66180181	     -7.96353083	     19.05682044	      0.33260426	     -9.28631693	      0.00000000	      0.00000000	    -16.78840778	      1.76311134	     -4.91491569
      3.61000000	     10.60913788	     -1.16365952	      6.93551346	     -0.13609729	      0.95671609	     -0.53903519	    -12.49118208	     -3.83300096	    -11.78173436	     21.36547779	      0.37289793	     -2.24727899	      0.00000000	      0.00000000	    -10.43557814	    -11.02161410	     -7.30558779	     20.64487870	      0.36032111	     -6.86004173	      0.00000000	      0.00000000	    -17.21714539	      1.98006273	     -5.12423221
      3.61500000	     10.72641984	     -1.32650907	      7.17333938	     -0.13757405	      0.95031463	     -0.53937874	    -11.92477015	     -3.82332523	    -12.02058943	     23.14720014	      0.40399486	      0.31327943	      0.00000000	      0.00000000	     -9.74612955	    -11.41058990	     -6.60872860	     22.44383561	      0.39171883	     -4.33903139	      0.00000000	      0.00000000	    -17.62024553	      2.22759524	     -5.34677856
      3.62000000	     10.80348752	     -1.52205582	      7.43547681	     -0.13916758	      0.94362512	     -0.53977270	    -11.21058625	     -3.81097378	    -12.34527406	     25.09294284	      0.43795447	      2.97883308	      0.00000000	      0.00000000	     -8.86337791	    -11.83793485	     -5.89051932	     24.48527499	      0.42734867	     -1.68256749	      0.00000000	      0.00000000	    -17.98793856	      2.51880979	     -5.58310580
      3.62500000	     10.84401294	     -1.75559353	      7.71953946	     -0.14085038	      0.93665150	     -0.54022060	    -10.36460550	     -3.78813802	    -12.76318859	     27.18531610	      0.47447327	      5.69060199	      0.00000000	      0.00000000	     -7.79501288	    -12.30383613	     -5.17288185	     26.76175664	      0.46708077	      1.10835835	      0.00000000	      0.00000000	    -18.31933854	      2.86015831	     -5.82866278
      3.63000000	     10.86364049	     -2.02849972	      8.01481775	     -0.14259102	      0.92945871	     -0.54071888	     -9.42890456	     -3.74574226	    -13.25716995	     29.37939154	      0.51276711	      8.39788615	      0.00000000	      0.00000000	     -6.58394973	    -12.79986328	     -4.48784312	     29.22755788	      0.51011712	      3.98474390	      0.00000000	      0.00000000	    -18.62819524	      3.25304003	     -6.06783115
      3.63500000	     10.88301611	     -2.33006740	      8.30170640	     -0.14435659	      0.92216098	     -0.54123970	     -8.44801200	     -3.68916380	    -13.80783214	     31.63477109	      0.55213091	     11.05992335	      0.00000000	      0.00000000	     -5.29385313	    -13.30665417	     -3.87682533	     31.81580641	      0.55529058	      6.87580728	      0.00000000	      0.00000000	    -18.93668282	      3.68358906	     -6.28457268
      3.64000000	     10.92713231	     -2.64659609	      8.56223334	     -0.14611340	      0.91491361	     -0.54175109	     -7.47564039	     -3.62317628	    -14.39530728	     33.89988209	      0.59166456	     13.63888745	      0.00000000	      0.00000000	     -3.99669868	    -13.80938002	     -3.37748884	     34.45494551	      0.60135224	      9.71936690	      0.00000000	      0.00000000	    -19.27235809	      4.13408913	     -6.46260538
      3.64500000	     11.01742797	     -2.96790908	      8.78685524	     -0.14783567	      0.90788016	     -0.54222691	     -6.56046241	     -3.54784726	    -15.00314930	     36.12267883	      0.63045968	     16.10091843	      0.00000000	      0.00000000	     -2.75247814	    -14.30415712	     -3.01755133	     37.08333779	      0.64722634	     12.46958079	      0.00000000	      0.00000000	    -19.65996767	      4.59071991	     -6.58974661
      3.65000000	     11.15707164	     -3.28619624	      8.96725194	     -0.14953440	      0.90117930	     -0.54264461	     -5.71297880	     -3.46977008	    -15.61241403	     38.28030333	      0.66811733	     18.43341740	      0.00000000	      0.00000000	     -1.58505143	    -14.78855788	     -2.80616019	     39.66314373	      0.69225245	     15.09617238	      0.00000000	      0.00000000	    -20.10790666	      5.04064790	     -6.65430715
      3.65500000	     11.33418379	     -3.59830818	      9.10356731	     -0.15122020	      0.89487373	     -0.54299333	     -4.92417408	     -3.39250408	    -16.20835339	     40.36170727	      0.70444468	     20.61863581	      0.00000000	      0.00000000	     -0.49089042	    -15.26298172	     -2.72424941	     42.17079647	      0.73601925	     17.56973119	      0.00000000	      0.00000000	    -20.60395216	      5.47715393	     -6.66137627
      3.66000000	     11.53036226	     -3.91207283	      9.20309243	     -0.15290343	      0.88897674	     -0.54329317	     -4.17910690	     -3.30778076	    -16.77255051	     42.35350565	      0.73920812	     22.63518898	      0.00000000	      0.00000000	      0.54951792	    -15.73503466	     -2.73237473	     44.59331228	      0.77830012	     19.87344141	      0.00000000	      0.00000000	    -21.12616338	      5.90732540	     -6.61633476
      3.66500000	     11.71770801	     -4.23369234	      9.27580975	     -0.15459260	      0.88345277	     -0.54357226	     -3.44778157	     -3.21256755	    -17.28508817	     44.25735084	      0.77243649	     24.46607220	      0.00000000	      0.00000000	      1.57043953	    -16.20414318	     -2.77684105	     46.92413515	      0.81898066	     21.98981982	      0.00000000	      0.00000000	    -21.64048177	      6.33732556	     -6.53093259
      3.67000000	     11.86464259	     -4.55570378	      9.32683273	     -0.15629562	      0.87823474	     -0.54386047	     -2.68659253	     -3.12795741	    -17.73058349	     46.10091064	      0.80461268	     26.10515273	      0.00000000	      0.00000000	      2.60681119	    -16.64798123	     -2.79960885	     49.16007689	      0.85800520	     23.91541180	      0.00000000	      0.00000000	    -22.11054552	      6.75880421	     -6.41945462
      3.67500000	     11.95295204	     -4.87326520	      9.36518792	     -0.15800804	      0.87326741	     -0.54418408	     -1.87834842	     -3.05983549	    -18.08819099	     47.88800777	      0.83580341	     27.56280803	      0.00000000	      0.00000000	      3.67614441	    -17.04994915	     -2.74827070	     51.29188442	      0.89521226	     25.64223208	      0.00000000	      0.00000000	    -22.51221369	      7.16912579	     -6.30208199
      3.68000000	     11.97568602	     -5.17911215	      9.39397518	     -0.15971944	      0.86851754	     -0.54455422	     -1.01664394	     -3.01452172	    -18.33796118	     49.61864328	      0.86600870	     28.85048380	      0.00000000	      0.00000000	      4.77816265	    -17.39629957	     -2.59386796	     53.30846001	      0.93040815	     27.17056667	      0.00000000	      0.00000000	    -22.83469611	      7.55996912	     -6.18235681
      3.68500000	     11.93879931	     -5.46335306	      9.41462790	     -0.16141233	      0.86397860	     -0.54496322	     -0.11484873	     -2.99552867	    -18.46873980	     51.27715406	      0.89495517	     29.91530933	      0.00000000	      0.00000000	      5.89302997	    -17.67705167	     -2.32671151	     55.19306795	      0.96330076	     28.50224870	      0.00000000	      0.00000000	    -23.08139712	      7.92098327	     -6.06384524
      3.69000000	     11.89075099	     -5.73929892	      9.45220466	     -0.16303355	      0.85976864	     -0.54544992	      0.72371963	     -2.96207383	    -18.51184727	     52.70705787	      0.91991170	     29.99342697	      0.00000000	      0.00000000	      6.95036591	    -17.91444885	     -1.93933510	     56.90101074	      0.99310999	     29.61938039	      0.00000000	      0.00000000	    -23.29413371	      8.28208200	     -5.95952014
      3.69500000	     11.82463172	     -5.93888977	      9.44635744	     -0.16457593	      0.85590321	     -0.54584927	      1.53745165	     -2.98207566	    -18.39300981	     54.03179098	      0.94303265	     29.99649942	      0.00000000	      0.00000000	      7.88608178	    -18.05271734	     -1.53887380	     58.33619197	      1.01815862	     29.98881256	      0.00000000	      0.00000000	    -23.48222614	      8.53993650	     -5.84212368
      3.70000000	     11.74650513	     -6.07546678	      9.40739462	     -0.16601739	      0.85236217	     -0.54616983	      2.31344078	     -3.03774077	    -18.14834415	     55.24504533	      0.96420794	     29.99752037	      0.00000000	      0.00000000	      8.70561098	    -18.11647829	     -1.13717294	     59.54661146	      1.03928443	     29.99513492	      0.00000000	      0.00000000	    -23.64404698	      8.71163332	     -5.71142598
      3.70500000	     11.66209150	     -6.15790468	      9.34112960	     -0.16732891	      0.84913193	     -0.54642101	      3.03523280	     -3.11976349	    -17.82023923	     56.33450259	      0.98322255	     29.99802550	      0.00000000	      0.00000000	      9.40941722	    -18.12387723	     -0.75728732	     60.57159127	      1.05717370	     29.99665982	      0.00000000	      0.00000000	    -23.77987201	      8.81114499	     -5.57731024
      3.71000000	     11.58697956	     -6.18766946	      9.24884687	     -0.16847765	      0.84627243	     -0.54660069	      3.66896862	     -3.22610731	    -17.45175718	     57.27621804	      0.99965859	     29.99832395	      0.00000000	      0.00000000	      9.96815430	    -18.08705132	     -0.44278491	     61.39535000	      1.07155100	     29.99731972	      0.00000000	      0.00000000	    -23.90281801	      8.84252625	     -5.44182393
      3.71500000	     11.52897716	     -6.17196478	      9.13906604	     -0.16942384	      0.84381941	     -0.54670861	      4.18926559	     -3.35085810	    -17.09470317	     58.05243727	      1.01320617	     29.99851862	      0.00000000	      0.00000000	     10.37311172	    -18.02448655	     -0.22597597	     62.01673993	      1.08239630	     29.99767556	      0.00000000	      0.00000000	    -24.01349012	      8.81412937	     -5.30770394
      3.72000000	     11.49061863	     -6.12407634	      9.02096052	     -0.17015603	      0.84180578	     -0.54675856	      4.58517666	     -3.48692760	    -16.79474433	     58.65690018	      1.02375604	     29.99865068	      0.00000000	      0.00000000	     10.63049129	    -17.95270043	     -0.12302899	     62.44517551	      1.08987391	     29.99788993	      0.00000000	      0.00000000	    -24.10976882	      8.74312809	     -5.17818878
      3.72500000	     11.46521259	     -6.05795451	      8.89746046	     -0.17067730	      0.84025500	     -0.54675950	      4.85770442	     -3.62285326	    -16.57345002	     59.07965203	      1.03113445	     29.99874483	      0.00000000	      0.00000000	     10.76116646	    -17.88799773	     -0.14477115	     62.70041570	      1.09432870	     29.99803256	      0.00000000	      0.00000000	    -24.18254892	      8.64594074	     -5.05586722
      3.73000000	     11.45174077	     -5.98769477	      8.77426528	     -0.17099384	      0.83919442	     -0.54672076	      5.00785660	     -3.74607688	    -16.44750890	     59.31989359	      1.03532746	     29.99881315	      0.00000000	      0.00000000	     10.77934174	    -17.84486340	     -0.29102433	     62.79809617	      1.09603354	     29.99813509	      0.00000000	      0.00000000	    -24.22776873	      8.53957460	     -4.93911759
      3.73500000	     11.44543698	     -5.91806445	      8.65355033	     -0.17109909	      0.83863895	     -0.54663702	      5.04074000	     -3.85123469	    -16.41659444	     59.37978887	      1.03637282	     29.99886071	      0.00000000	      0.00000000	     10.69908251	    -17.82679846	     -0.55571192	     62.75315926	      1.09524925	     29.99820799	      0.00000000	      0.00000000	    -24.23810470	      8.42673800	     -4.82627101
      3.74000000	     11.44200975	     -5.85230731	      8.53435310	     -0.17101226	      0.83860526	     -0.54651402	      4.96991311	     -3.93472338	    -16.46667428	     59.27023526	      1.03446075	     29.99889038	      0.00000000	      0.00000000	     10.53219356	    -17.83089204	     -0.92301665	     62.57548768	      1.09214829	     29.99825221	      0.00000000	      0.00000000	    -24.21086693	      8.31215663	     -4.71868740
      3.74500000	     11.43525068	     -5.79341911	      8.41229832	     -0.17074786	      0.83910525	     -0.54635917	      4.80917329	     -3.99136727	    -16.57291662	     58.99317085	      1.02962507	     29.99890367	      0.00000000	      0.00000000	     10.29005536	    -17.85311966	     -1.37302765	     62.27168153	      1.08684587	     29.99826248	      0.00000000	      0.00000000	    -24.14126744	      8.19933956	     -4.61039779
      3.75000000	     11.42149957	     -5.73146855	      8.29027457	     -0.17031104	      0.84012046	     -0.54617283	      4.57729518	     -4.03537531	    -16.72121772	     58.57505576	      1.02232758	     29.99889673	      0.00000000	      0.00000000	      9.98047164	    -17.87450479	     -1.87721736	     61.84568600	      1.07941085	     29.99822914	      0.00000000	      0.00000000	    -24.02519502	      8.07779322	     -4.51112545
      3.75500000	     11.39214274	     -5.66324002	      8.17252696	     -0.16971021	      0.84163244	     -0.54597026	      4.29076762	     -4.07227998	    -16.89277138	     58.02685832	      1.01275973	     29.99886493	      0.00000000	      0.00000000	      9.62133724	    -17.88159931	     -2.40012000	     61.30527948	      1.06997898	     29.99813097	      0.00000000	      0.00000000	    -23.85589487	      7.94584687	     -4.42851581
      3.76000000	     11.33925750	     -5.59096748	      8.05648446	     -0.16896964	      0.84360472	     -0.54575528	      3.97278720	     -4.09580563	    -17.05765736	     57.36128632	      1.00114331	     29.99879968	      0.00000000	      0.00000000	      9.22976111	    -17.87127456	     -2.91690755	     60.65897556	      1.05869884	     29.99793021	      0.00000000	      0.00000000	    -23.62772554	      7.80625060	     -4.36092929
      3.76500000	     11.25476090	     -5.51030607	      7.94259299	     -0.16810331	      0.84600252	     -0.54553265	      3.64260295	     -4.11330734	    -17.19984232	     56.59576743	      0.98778248	     29.99868599	      0.00000000	      0.00000000	      8.82128840	    -17.83264478	     -3.40418245	     59.91409680	      1.04569826	     29.99754288	      0.00000000	      0.00000000	    -23.33576042	      7.65446269	     -4.31043493
      3.77000000	     11.13952834	     -5.41802184	      7.83612498	     -0.16711472	      0.84879090	     -0.54529899	      3.30402692	     -4.12768107	    -17.31215537	     55.73999418	      0.97284642	     29.99849595	      0.00000000	      0.00000000	      8.40189763	    -17.76322160	     -3.84917258	     59.07686754	      1.03108585	     29.99672547	      0.00000000	      0.00000000	    -22.98218862	      7.48713266	     -4.28468160
      3.77500000	     10.99232344	     -5.31641406	      7.73445739	     -0.16602286	      0.85195000	     -0.54506207	      2.96157946	     -4.13571320	    -17.38323636	     54.79472718	      0.95634840	     29.99816558	      0.00000000	      0.00000000	      7.97606814	    -17.66357205	     -4.24922858	     58.15076183	      1.01492226	     29.99436955	      0.00000000	      0.00000000	    -22.57167542	      7.30683415	     -4.27511667
      3.78000000	     10.82101396	     -5.20422523	      7.63455116	     -0.16483574	      0.85546476	     -0.54481571	      2.60886003	     -4.13859412	    -17.41356310	     53.76544101	      0.93838397	     29.99751028	      0.00000000	      0.00000000	      7.53353602	    -17.53707809	     -4.61687453	     57.13283425	      0.99715607	     29.96458427	      0.00000000	      0.00000000	    -22.11338927	      7.11130925	     -4.27512846
      3.78500000	     10.66082277	     -5.02730439	      7.49929075	     -0.16351881	      0.85949025	     -0.54445687	      2.19362622	     -4.18182311	    -17.37104415	     52.63002434	      0.91856721	     29.99575479	      0.00000000	      0.00000000	      6.95254939	    -17.33869285	     -5.05044476	     55.84670331	      0.97470885	     28.94058871	      0.00000000	      0.00000000	    -21.65820934	      6.82717319	     -4.26507911
      3.79000000	     10.50419288	     -4.81667564	      7.35031155	     -0.16209306	      0.86390949	     -0.54405343	      1.72712511	     -4.24571165	    -17.29849557	     51.39829034	      0.89706940	     29.98018562	      0.00000000	      0.00000000	      6.28944356	    -17.09611456	     -5.51351032	     54.39922116	      0.94944552	     27.56315982	      0.00000000	      0.00000000	    -21.19185042	      6.49902190	     -4.25698719
      3.79500000	     10.39492075	     -4.61497058	      7.22526865	     -0.16052785	      0.86880202	     -0.54369639	      1.10385274	     -4.26996899	    -17.26581279	     49.89241879	      0.87078698	     28.93828608	      0.00000000	      0.00000000	      5.51122177	    -16.85607259	     -5.98096832	     52.79605548	      0.92146500	     25.99194376	      0.00000000	      0.00000000	    -20.75134503	      6.19357612	     -4.26411764
      3.80000000	     10.31732026	     -4.40137409	      7.10052755	     -0.15884597	      0.87408329	     -0.54333476	      0.36925123	     -4.28598255	    -17.25189518	     48.20845113	      0.84139620	     27.44404405	      0.00000000	      0.00000000	      4.63111043	    -16.59967793	     -6.48757493	     51.05125310	      0.89101245	     24.24760172	      0.00000000	      0.00000000	    -20.32646794	      5.87741704	     -4.27688236
      3.80500000	     10.25839506	     -4.16221439	      6.95981046	     -0.15707936	      0.87968269	     -0.54293892	     -0.44164786	     -4.31523991	    -17.24252645	     46.40354386	      0.80989462	     25.82990340	      0.00000000	      0.00000000	      3.66350044	    -16.31000965	     -7.05187427	     49.17737620	      0.85830713	     22.33741437	      0.00000000	      0.00000000	    -19.91044420	      5.52916209	     -4.28655268
      3.81000000	     10.21718859	     -3.89678876	      6.80358459	     -0.15523809	      0.88555755	     -0.54251169	     -1.32414722	     -4.36275075	    -17.25120046	     44.48922903	      0.77648353	     24.08042675	      0.00000000	      0.00000000	      2.61449538	    -15.98387263	     -7.67341850	     47.18190808	      0.82347964	     20.26862314	      0.00000000	      0.00000000	    -19.50249458	      5.14811766	     -4.28973666
      3.81500000	     10.19263619	     -3.60805820	      6.62573416	     -0.15334737	      0.89167189	     -0.54205089	     -2.27021119	     -4.42469857	    -17.26651455	     42.46827141	      0.74121116	     22.19991382	      0.00000000	      0.00000000	      1.48926227	    -15.62174874	     -8.35407456	     45.07105778	      0.78663836	     18.04691604	      0.00000000	      0.00000000	    -19.10494257	      4.73666029	     -4.27784406
      3.82000000	     10.17719022	     -3.29933112	      6.42519064	     -0.15142415	      0.89797363	     -0.54156356	     -3.26067539	     -4.50287330	    -17.29445004	     40.36172475	      0.70444499	     20.19421693	      0.00000000	      0.00000000	      0.30382785	    -15.22334579	     -9.08783193	     42.85532729	      0.74796656	     15.68654046	      0.00000000	      0.00000000	    -18.71095211	      4.29862145	     -4.24856324
      3.82500000	     10.16179158	     -2.97530764	      6.20309944	     -0.14950284	      0.90440053	     -0.54105494	     -4.27194112	     -4.59551158	    -17.32968936	     38.18942178	      0.66653115	     18.06702473	      0.00000000	      0.00000000	     -0.91824937	    -14.78805564	     -9.85724074	     40.55267609	      0.70777772	     13.19802158	      0.00000000	      0.00000000	    -18.31342764	      3.84007282	     -4.20045799
      3.83000000	     10.13774888	     -2.64579135	      5.96315025	     -0.14760931	      0.91090437	     -0.54054042	     -5.28046601	     -4.69489522	    -17.36441425	     35.97653125	      0.62790892	     15.82656557	      0.00000000	      0.00000000	     -2.15246434	    -14.32245573	    -10.64256034	     38.18095242	      0.66638333	     10.60216386	      0.00000000	      0.00000000	    -17.90505792	      3.37413331	     -4.13430722
      3.83500000	     10.09822647	     -2.31956432	      5.71224995	     -0.14577540	      0.91743440	     -0.54003364	     -6.26795961	     -4.79206581	    -17.38841493	     33.74058939	      0.58888438	     13.50953206	      0.00000000	      0.00000000	     -3.37384327	    -13.83391032	    -11.41951823	     35.76303555	      0.62418272	      7.91791019	      0.00000000	      0.00000000	    -17.48071606	      2.91302092	     -4.05534174
      3.84000000	     10.03231108	     -2.00027945	      5.45890224	     -0.14402847	      0.92393694	     -0.53954985	     -7.20596221	     -4.88805059	    -17.40051053	     31.51733708	      0.55008130	     11.13710304	      0.00000000	      0.00000000	     -4.55161092	    -13.32543356	    -12.16167666	     33.32673835	      0.58166131	      5.17532948	      0.00000000	      0.00000000	    -17.03137723	      2.46329815	     -3.96982385
      3.84500000	      9.93397123	     -1.70112936	      5.21546535	     -0.14239942	      0.93037665	     -0.53911040	     -8.08193614	     -4.96520115	    -17.38244495	     29.31640768	      0.51166784	      8.72489573	      0.00000000	      0.00000000	     -5.65792674	    -12.81386531	    -12.84168717	     30.90347438	      0.53936738	      2.40137883	      0.00000000	      0.00000000	    -16.55328633	      2.04330445	     -3.88575292
      3.85000000	      9.79965945	     -1.42813863	      4.99264852	     -0.14090213	      0.93672975	     -0.53873241	     -8.88689120	     -5.01703033	    -17.32777786	     27.15162214	      0.47388520	      6.29213243	      0.00000000	      0.00000000	     -6.67308098	    -12.31170645	    -13.44093148	     28.52107391	      0.49778665	     -0.37291453	      0.00000000	      0.00000000	    -16.04419610	      1.66204338	     -3.81055101
      3.85500000	      9.62998457	     -1.18166657	      4.79646902	     -0.13954997	      0.94297095	     -0.53841909	     -9.61764886	     -5.04420693	    -17.23146535	     25.03476489	      0.43693907	      3.86058261	      0.00000000	      0.00000000	     -7.58575730	    -11.82714440	    -13.95081255	     26.20542977	      0.45737103	     -3.12691926	      0.00000000	      0.00000000	    -15.50692695	      1.32022844	     -3.74743724
      3.86000000	      9.42598086	     -0.96446254	      4.63234755	     -0.13834450	      0.94908584	     -0.53817818	    -10.27166661	     -5.04602725	    -17.09304594	     22.97905429	      0.40106016	      1.43377207	      0.00000000	      0.00000000	     -8.38809940	    -11.37134737	    -14.37012765	     23.97875961	      0.41850831	     -5.83494396	      0.00000000	      0.00000000	    -14.94457274	      1.02229550	     -3.69973080
      3.86500000	      9.19303291	     -0.78263848	      4.50365620	     -0.13728201	      0.95507168	     -0.53800992	    -10.86299981	     -5.01279714	    -16.90195954	     20.97176593	      0.36602637	     -0.98778863	      0.00000000	      0.00000000	     -9.08097687	    -10.95905579	    -14.70298803	     21.85742259	      0.38148399	     -8.47920795	      0.00000000	      0.00000000	    -14.36325557	      0.77462037	     -3.66698951
      3.87000000	      8.93869394	     -0.63079419	      4.41003004	     -0.13634170	      0.96092310	     -0.53790183	    -11.40447194	     -4.95161455	    -16.66586761	     19.01013006	      0.33178936	     -3.38816963	      0.00000000	      0.00000000	     -9.67394509	    -10.59139803	    -14.96164153	     19.84843646	      0.34642057	    -11.04594886	      0.00000000	      0.00000000	    -13.77093856	      0.56929464	     -3.65062354
      3.87500000	      8.66671829	     -0.50556389	      4.34607618	     -0.13551526	      0.96662638	     -0.53784499	    -11.90036935	     -4.86886223	    -16.38276571	     17.09662489	      0.29839240	     -5.76683787	      0.00000000	      0.00000000	    -10.17501067	    -10.26635504	    -15.15598490	     17.95288194	      0.31333690	    -13.53594198	      0.00000000	      0.00000000	    -13.17266458	      0.40133278	     -3.64744059
      3.88000000	      8.37937681	     -0.40291822	      4.30714540	     -0.13479279	      0.97216998	     -0.53782861	    -12.35267390	     -4.77157441	    -16.05436650	     15.23485768	      0.26589843	     -8.12180897	      0.00000000	      0.00000000	    -10.59086857	     -9.98043253	    -15.29605083	     16.16979234	      0.28221612	    -15.94299203	      0.00000000	      0.00000000	    -12.57171113	      0.26430966	     -3.65561358
      3.88500000	      8.07823387	     -0.31555855	      4.28426145	     -0.13416389	      0.97754067	     -0.53783708	    -12.76317975	     -4.66938369	    -15.67485553	     13.42307186	      0.23427680	    -10.44651102	      0.00000000	      0.00000000	    -10.93179259	     -9.72377855	    -15.39198660	     14.48926802	      0.25288543	    -18.26912263	      0.00000000	      0.00000000	    -11.96991533	      0.14742221	     -3.66944982
      3.89000000	      7.76437813	     -0.23531658	      4.27355372	     -0.13362565	      0.98272145	     -0.53786319	    -13.12406902	     -4.57626821	    -15.26003281	     11.68264267	      0.20390058	    -12.70962759	      0.00000000	      0.00000000	    -11.20598444	     -9.48525392	    -15.44250957	     12.90015526	      0.22515018	    -20.52475694	      0.00000000	      0.00000000	    -11.36976187	      0.04064851	     -3.69045266
      3.89500000	      7.43477657	     -0.15957076	      4.26804959	     -0.13319020	      0.98769309	     -0.53790730	    -13.40824712	     -4.50537938	    -14.83097411	     10.06363843	      0.17564363	    -14.89352900	      0.00000000	      0.00000000	    -11.41484903	     -9.25818458	    -15.44810753	     11.39485094	      0.19887767	    -22.71640037	      0.00000000	      0.00000000	    -10.76931050	     -0.05970916	     -3.71242963
      3.90000000	      7.09074751	     -0.08456352	      4.26630888	     -0.13285536	      0.99244344	     -0.53796373	    -13.60941407	     -4.46282890	    -14.40382228	      8.58499890	      0.14983650	    -16.96746613	      0.00000000	      0.00000000	    -11.56056974	     -9.03921588	    -15.41354106	      9.97445495	      0.17408708	    -24.82548917	      0.00000000	      0.00000000	    -10.17061425	     -0.15854737	     -3.73371897
      3.90500000	      6.73309627	     -0.01391256	      4.27079314	     -0.13262611	      0.99696888	     -0.53803650	    -13.72020181	     -4.44441076	    -13.99039725	      7.26501003	      0.12679835	    -18.90641445	      0.00000000	      0.00000000	    -11.64111317	     -8.83361536	    -15.33462466	      8.64513807	      0.15088612	    -26.83261355	      0.00000000	      0.00000000	     -9.57488941	     -0.25139147	     -3.75465133
      3.91000000	      6.36242120	      0.05104436	      4.28515836	     -0.13250633	      1.00126498	     -0.53812544	    -13.73148978	     -4.44909789	    -13.61786046	      6.13083234	      0.10700321	    -20.66929179	      0.00000000	      0.00000000	    -11.65110510	     -8.64562070	    -15.21092777	      7.42133071	      0.12952666	    -28.70412082	      0.00000000	      0.00000000	     -8.98288332	     -0.33707258	     -3.77976204
      3.91500000	      5.98233383	      0.10358378	      4.31267617	     -0.13249058	      1.00533924	     -0.53823256	    -13.64034163	     -4.46785584	    -13.30084497	      5.20341290	      0.09081669	    -22.22721664	      0.00000000	      0.00000000	    -11.58563544	     -8.48593184	    -15.05342441	      6.32555198	      0.11040171	    -30.38062233	      0.00000000	      0.00000000	     -8.39679601	     -0.40854135	     -3.80894015
      3.92000000	      5.59886219	      0.14599674	      4.35535715	     -0.13256382	      1.00919936	     -0.53835130	    -13.46909788	     -4.49477692	    -13.02769026	      4.45773100	      0.07780208	    -23.55232404	      0.00000000	      0.00000000	    -11.44758975	     -8.35488805	    -14.86951494	      5.37306253	      0.09377763	    -31.80745646	      0.00000000	      0.00000000	     -7.82331960	     -0.46809247	     -3.84414674
      3.92500000	      5.21640832	      0.17260341	      4.41597248	     -0.13271225	      1.01286277	     -0.53848112	    -13.22880395	     -4.51785654	    -12.79629177	      3.88749839	      0.06784965	    -24.61849392	      0.00000000	      0.00000000	    -11.24165138	     -8.25915914	    -14.66292990	      4.56984688	      0.07975887	    -32.93933236	      0.00000000	      0.00000000	     -7.26476957	     -0.50991384	     -3.88935777
      3.93000000	      4.84241498	      0.18801035	      4.49339961	     -0.13290921	      1.01633259	     -0.53861424	    -12.94107321	     -4.53704290	    -12.60430679	      3.47604305	      0.06066840	    -25.40740301	      0.00000000	      0.00000000	    -10.98118282	     -8.19297712	    -14.44469192	      3.91494398	      0.06832866	    -33.74081716	      0.00000000	      0.00000000	     -6.72705820	     -0.53980044	     -3.94679003
      3.93500000	      4.48934783	      0.18857812	      4.58508944	     -0.13312232	      1.01963088	     -0.53875378	    -12.63429273	     -4.54350328	    -12.43540589	      3.19884877	      0.05583044	    -25.92022247	      0.00000000	      0.00000000	    -10.69117837	     -8.15768102	    -14.22309659	      3.39442873	      0.05924396	    -34.20485589	      0.00000000	      0.00000000	     -6.22025401	     -0.55279610	     -4.01170637
      3.94000000	      4.16565825	      0.17955645	      4.68674774	     -0.13331673	      1.02276335	     -0.53889685	    -12.33677610	     -4.53765346	    -12.27363394	      3.02114072	      0.05272885	    -26.18460166	      0.00000000	      0.00000000	    -10.39908294	     -8.14337493	    -14.00066339	      2.98069880	      0.05202301	    -34.36033413	      0.00000000	      0.00000000	     -5.75206537	     -0.55331398	     -4.08248576
      3.94500000	      3.88243417	      0.15918015	      4.79513469	     -0.13346110	      1.02573945	     -0.53904142	    -12.07467332	     -4.51405587	    -12.10432756	      2.91478215	      0.05087255	    -26.22992379	      0.00000000	      0.00000000	    -10.13201101	     -8.14871434	    -13.78249584	      2.64965617	      0.04624522	    -34.24567004	      0.00000000	      0.00000000	     -5.32887883	     -0.54012308	     -4.15400069
      3.95000000	      3.65049561	      0.13339164	      4.90262632	     -0.13352397	      1.02856121	     -0.53918630	    -11.87286463	     -4.47753813	    -11.90975887	      2.85378256	      0.04980790	    -26.10076195	      0.00000000	      0.00000000	     -9.91753392	     -8.16343382	    -13.57698533	      2.37692906	      0.04148524	    -33.91839331	      0.00000000	      0.00000000	     -4.96070023	     -0.51809553	     -4.22134818
      3.95500000	      3.47783411	      0.09976980	      5.00552974	     -0.13348360	      1.03124059	     -0.53933968	    -11.74383986	     -4.42504462	    -11.68311145	      2.82456676	      0.04929799	    -25.84428789	      0.00000000	      0.00000000	     -9.77666903	     -8.18735661	    -13.38311861	      2.14081001	      0.03736418	    -33.44237423	      0.00000000	      0.00000000	     -4.65385091	     -0.48234015	     -4.27897477
      3.96000000	      3.36661056	      0.06581741	      5.09950386	     -0.13333288	      1.03376779	     -0.53949585	    -11.69613003	     -4.36367710	    -11.41513253	      2.80984250	      0.04904100	    -25.49776149	      0.00000000	      0.00000000	     -9.71805091	     -8.21066070	    -13.20318012	      1.92912621	      0.03366960	    -32.86877969	      0.00000000	      0.00000000	     -4.41107677	     -0.44026654	     -4.32510275
      3.96500000	      3.31819594	      0.03245162	      5.18206221	     -0.13307296	      1.03613894	     -0.53965466	    -11.73230575	     -4.29490957	    -11.10030562	      2.80110869	      0.04888857	    -25.08792334	      0.00000000	      0.00000000	     -9.74514818	     -8.23174371	    -13.03545819	      1.73553629	      0.03029082	    -32.24052287	      0.00000000	      0.00000000	     -4.23363610	     -0.39233684	     -4.35822702
      3.97000000	      3.32894939	      0.00110960	      5.25449475	     -0.13271958	      1.03835159	     -0.53981981	    -11.84394553	     -4.22092205	    -10.75073595	      2.80109675	      0.04888836	    -24.64209766	      0.00000000	      0.00000000	     -9.85307778	     -8.24933127	    -12.86882557	      1.55630484	      0.02716264	    -31.59345012	      0.00000000	      0.00000000	     -4.12106736	     -0.33867910	     -4.38332195
      3.97500000	      3.39289520	     -0.02634346	      5.31933793	     -0.13229184	      1.04039859	     -0.53999282	    -12.01855238	     -4.14471074	    -10.38666033	      2.81352121	      0.04910521	    -24.18025115	      0.00000000	      0.00000000	    -10.03232093	     -8.26214989	    -12.69460651	      1.39074973	      0.02427316	    -30.95791081	      0.00000000	      0.00000000	     -4.06863466	     -0.28194610	     -4.39907400
      3.98000000	      3.50124819	     -0.04559725	      5.37678557	     -0.13182265	      1.04226809	     -0.54016677	    -12.24516368	     -4.07122261	    -10.00971933	      2.83117852	      0.04941339	    -23.72815925	      0.00000000	      0.00000000	    -10.26801774	     -8.26597633	    -12.50904222	      1.24142745	      0.02166700	    -30.34527420	      0.00000000	      0.00000000	     -4.07068238	     -0.22855169	     -4.40663796
      3.98500000	      3.64496338	     -0.05916227	      5.43031091	     -0.13134144	      1.04395641	     -0.54034406	    -12.50518306	     -3.99939967	     -9.63580492	      2.86022551	      0.04992035	    -23.31208823	      0.00000000	      0.00000000	    -10.54602135	     -8.26437647	    -12.30201838	      1.10815345	      0.01934093	    -29.77641998	      0.00000000	      0.00000000	     -4.12057011	     -0.17595345	     -4.41139898
      3.99000000	      3.81345552	     -0.06386105	      5.47826114	     -0.13088217	      1.04545664	     -0.54051704	    -12.78033408	     -3.93479659	     -9.27464266	      2.90273166	      0.05066222	    -22.94979934	      0.00000000	      0.00000000	    -10.84929689	     -8.25396801	    -12.07371820	      0.99614903	      0.01738608	    -29.25605710	      0.00000000	      0.00000000	     -4.20967842	     -0.13002383	     -4.40770809
      3.99500000	      3.99797514	     -0.05726198	      5.52045951	     -0.13046795	      1.04675865	     -0.54067923	    -13.05679354	     -3.88209810	     -8.93694212	      2.95856642	      0.05163673	    -22.65743062	      0.00000000	      0.00000000	    -11.16323188	     -8.23225042	    -11.82941502	      0.90953835	      0.01587444	    -28.78741734	      0.00000000	      0.00000000	     -4.33134780	     -0.09439339	     -4.39934631
      4.00000000	      4.18904038	     -0.04155896	      5.55441395	     -0.13012579	      1.04785533	     -0.54081898	    -13.31931944	     -3.84080481	     -8.61896894	      3.02770463	      0.05284341	    -22.44160535	      0.00000000	      0.00000000	    -11.47160118	     -8.20200797	    -11.57546216	      0.85502576	      0.01492301	    -28.36278534	      0.00000000	      0.00000000	     -4.47741419	     -0.06865840	     -4.38296139
      4.00500000	      4.38057585	     -0.01826034	      5.58304900	     -0.12986322	      1.04874028	     -0.54093279	    -13.56270719	     -3.80898886	     -8.32741941	      3.10441733	      0.05418230	    -22.29552269	      0.00000000	      0.00000000	    -11.76283851	     -8.16648307	    -11.31686670	      0.83856653	      0.01463575	    -27.98236191	      0.00000000	      0.00000000	     -4.64297213	     -0.05089539	     -4.36971931
      4.01000000	      4.56782088	      0.01612601	      5.60341227	     -0.12969053	      1.04940224	     -0.54101188	    -13.78042894	     -3.79229455	     -8.06795783	      3.19000530	      0.05567610	    -22.20936003	      0.00000000	      0.00000000	    -12.02830170	     -8.12159464	    -11.06391121	      0.86554889	      0.01510668	    -27.63646155	      0.00000000	      0.00000000	     -4.82235188	     -0.04798495	     -4.34818623
      4.01500000	      4.74806716	      0.05914297	      5.62100889	     -0.12960398	      1.04983409	     -0.54105803	    -13.97529896	     -3.78634583	     -7.84062374	      3.27386259	      0.05713968	    -22.17652400	      0.00000000	      0.00000000	    -12.26220958	     -8.07202680	    -10.82113044	      0.93811649	      0.01637322	    -27.32131901	      0.00000000	      0.00000000	     -5.01343281	     -0.05648923	     -4.33285922
      4.02000000	      4.91747707	      0.11075394	      5.63469189	     -0.12960544	      1.05003104	     -0.54107434	    -14.14372995	     -3.79154872	     -7.63627058	      3.35490409	      0.05855412	    -22.17380333	      0.00000000	      0.00000000	    -12.45971291	     -8.01722145	    -10.58991931	      1.05695992	      0.01844743	    -27.03150498	      0.00000000	      0.00000000	     -5.21131762	     -0.07671133	     -4.31976695
      4.02500000	      5.07564308	      0.17286487	      5.64767252	     -0.12968424	      1.04998807	     -0.54106796	    -14.29497040	     -3.80914577	     -7.45122349	      3.41857331	      0.05966536	    -22.19478676	      0.00000000	      0.00000000	    -12.62052341	     -7.95517694	    -10.37294461	      1.22125760	      0.02131497	    -26.76555697	      0.00000000	      0.00000000	     -5.41481376	     -0.11072969	     -4.31252558
      4.03000000	      5.22120358	      0.24619917	      5.65958364	     -0.12983676	      1.04970288	     -0.54105064	    -14.42165081	     -3.84253722	     -7.29105835	      3.47806911	      0.06070376	    -22.22258559	      0.00000000	      0.00000000	    -12.74430446	     -7.88360426	    -10.17033740	      1.42889593	      0.02493894	    -26.51462012	      0.00000000	      0.00000000	     -5.61967653	     -0.15965994	     -4.30141036
      4.03500000	      5.35392634	      0.33021591	      5.67322466	     -0.13004832	      1.04917981	     -0.54103355	    -14.53684339	     -3.88875858	     -7.13329474	      3.51155735	      0.06128824	    -22.25297094	      0.00000000	      0.00000000	    -12.83119594	     -7.80314914	     -9.98136131	      1.67985963	      0.02931908	    -26.27227364	      0.00000000	      0.00000000	     -5.82558610	     -0.22032261	     -4.29842415
      4.04000000	      5.47271775	      0.42537329	      5.68585981	     -0.13032029	      1.04842264	     -0.54102815	    -14.63343574	     -3.95164063	     -6.97788813	      3.53140159	      0.06163458	    -22.27024994	      0.00000000	      0.00000000	    -12.88067615	     -7.71085072	     -9.80568596	      1.97330326	      0.03444064	    -26.02620296	      0.00000000	      0.00000000	     -6.02986108	     -0.29290347	     -4.29245997
      4.04500000	      5.57902833	      0.53237462	      5.69916197	     -0.13064262	      1.04742729	     -0.54103921	    -14.71618887	     -4.03195574	     -6.82080190	      3.53565984	      0.06170891	    -22.28195631	      0.00000000	      0.00000000	    -12.89330051	     -7.60660812	     -9.64604061	      2.31215663	      0.04035475	    -25.76943357	      0.00000000	      0.00000000	     -6.23265146	     -0.37813694	     -4.28486860
      4.05000000	      5.67435089	      0.64816445	      5.71189546	     -0.13101159	      1.04620343	     -0.54107575	    -14.77966613	     -4.12778476	     -6.66397362	      3.53896556	      0.06176660	    -22.27015131	      0.00000000	      0.00000000	    -12.87102153	     -7.49269018	     -9.50405827	      2.69608322	      0.04705553	    -25.48644670	      0.00000000	      0.00000000	     -6.43393277	     -0.47139645	     -4.27303776
      4.05500000	      5.75850976	      0.77321087	      5.72327089	     -0.13142482	      1.04474776	     -0.54113367	    -14.82720309	     -4.23896986	     -6.49777988	      3.53670075	      0.06172707	    -22.24269560	      0.00000000	      0.00000000	    -12.81331506	     -7.36911889	     -9.37973109	      3.12578679	      0.05455527	    -25.17174877	      0.00000000	      0.00000000	     -6.63435863	     -0.57296093	     -4.26062648
      4.06000000	      5.83375114	      0.90454770	      5.73317880	     -0.13188107	      1.04306206	     -0.54121481	    -14.85119817	     -4.36390160	     -6.33521680	      3.54988662	      0.06195721	    -22.19397143	      0.00000000	      0.00000000	    -12.72356117	     -7.23923833	     -9.27342766	      3.59951269	      0.06282335	    -24.81471607	      0.00000000	      0.00000000	     -6.83519561	     -0.67973814	     -4.24437262
      4.06500000	      5.90417369	      1.04055321	      5.74308825	     -0.13237042	      1.04114676	     -0.54131432	    -14.85653044	     -4.49894183	     -6.17827263	      3.58097665	      0.06249983	    -22.13676587	      0.00000000	      0.00000000	    -12.60666553	     -7.10667064	     -9.18736045	      4.11732659	      0.07186091	    -24.41183773	      0.00000000	      0.00000000	     -7.04008038	     -0.79031821	     -4.22762935
      4.07000000	      5.97162451	      1.17633695	      5.75377070	     -0.13288873	      1.03900806	     -0.54143410	    -14.83977448	     -4.63891445	     -6.03800189	      3.64048532	      0.06353846	    -22.06950939	      0.00000000	      0.00000000	    -12.46786731	     -6.97688924	     -9.11895455	      4.67202851	      0.08154228	    -23.96071784	      0.00000000	      0.00000000	     -7.25009762	     -0.89852855	     -4.21325502
      4.07500000	      6.03912106	      1.31226372	      5.76579290	     -0.13342965	      1.03664329	     -0.54156618	    -14.80649855	     -4.78260619	     -5.91228915	      3.72790422	      0.06506420	    -22.01705362	      0.00000000	      0.00000000	    -12.31459616	     -6.85084933	     -9.06474201	      5.25605337	      0.09173544	    -23.47279117	      0.00000000	      0.00000000	     -7.46925944	     -1.00460575	     -4.20613232
      4.08000000	      6.11298977	      1.44493034	      5.78188550	     -0.13398195	      1.03405783	     -0.54171072	    -14.75887817	     -4.92563361	     -5.81451932	      3.85473619	      0.06727784	    -21.99444754	      0.00000000	      0.00000000	    -12.15689469	     -6.73396867	     -9.02396521	      5.86409532	      0.10234777	    -22.95178397	      0.00000000	      0.00000000	     -7.70224886	     -1.10509620	     -4.20543157
      4.08500000	      6.19545965	      1.57385593	      5.80287391	     -0.13454250	      1.03125275	     -0.54186698	    -14.69604192	     -5.06649361	     -5.75514453	      4.02962692	      0.07033026	    -22.01778532	      0.00000000	      0.00000000	    -12.00011494	     -6.62722112	     -8.99105510	      6.48849013	      0.11324552	    -22.41980952	      0.00000000	      0.00000000	     -7.95122513	     -1.19967569	     -4.21317860
      4.09000000	      6.28862747	      1.69592018	      5.82984979	     -0.13510805	      1.02823164	     -0.54203289	    -14.62347583	     -5.20080612	     -5.73175839	      4.24869599	      0.07415373	    -22.09617774	      0.00000000	      0.00000000	    -11.84950839	     -6.53479043	     -8.96122423	      7.12213854	      0.12430477	    -21.89042976	      0.00000000	      0.00000000	     -8.21785616	     -1.28441970	     -4.23086068
      4.09500000	      6.39483311	      1.80844429	      5.86379214	     -0.13567708	      1.02499934	     -0.54220547	    -14.54051570	     -5.32374452	     -5.74225724	      4.52399302	      0.07895857	    -22.22674068	      0.00000000	      0.00000000	    -11.70704441	     -6.46047094	     -8.93248356	      7.76454721	      0.13551691	    -21.38414244	      0.00000000	      0.00000000	     -8.50453302	     -1.35663393	     -4.25748892
      4.10000000	      6.51448298	      1.90596549	      5.90715528	     -0.13625382	      1.02155743	     -0.54238358	    -14.44262714	     -5.42843154	     -5.79173517	      4.87319608	      0.08505332	    -22.34967672	      0.00000000	      0.00000000	    -11.56946785	     -6.41170415	     -8.90235746	      8.41978086	      0.14695290	    -20.91136118	      0.00000000	      0.00000000	     -8.81096461	     -1.41047290	     -4.29465549
      4.10500000	      6.64559060	      1.98653804	      5.95971129	     -0.13684557	      1.01790715	     -0.54256711	    -14.32316289	     -5.51459532	     -5.87936122	      5.32174209	      0.09288192	    -22.32777835	      0.00000000	      0.00000000	    -11.43120150	     -6.39044600	     -8.86930586	      9.09066285	      0.15866200	    -20.49149129	      0.00000000	      0.00000000	     -9.13588753	     -1.44337833	     -4.34382083
      4.11000000	      6.78719944	      2.04607266	      6.02336802	     -0.13745943	      1.01405055	     -0.54275789	    -14.17887753	     -5.58155209	     -5.99760391	      5.89380149	      0.10286624	    -22.02486607	      0.00000000	      0.00000000	    -11.28798103	     -6.40165268	     -8.82911282	      9.78106462	      0.17071178	    -20.13085036	      0.00000000	      0.00000000	     -9.47843302	     -1.45022630	     -4.40809485
      4.11500000	      6.94025620	      2.08194346	      6.10187393	     -0.13809925	      1.00999405	     -0.54296260	    -14.00647295	     -5.62750474	     -6.14968700	      6.62007890	      0.11554217	    -21.33764021	      0.00000000	      0.00000000	    -11.13758427	     -6.44857069	     -8.77654371	     10.49369180	      0.18314947	    -19.84579798	      0.00000000	      0.00000000	     -9.83931475	     -1.42727801	     -4.48969139
      4.12000000	      7.10771335	      2.09462713	      6.20241686	     -0.13875862	      1.00574037	     -0.54318896	    -13.81884603	     -5.65326481	     -6.34743590	      7.50376018	      0.13096532	    -20.20786256	      0.00000000	      0.00000000	    -10.98227341	     -6.53251537	     -8.70203112	     11.22721027	      0.19595178	    -19.64156634	      0.00000000	      0.00000000	    -10.22095270	     -1.37345179	     -4.59740347
      4.12500000	      7.29286700	      2.08523800	      6.33065762	     -0.13943332	      1.00130252	     -0.54345849	    -13.62672758	     -5.66128421	     -6.59651046	      8.54244684	      0.14909382	    -18.64478496	      0.00000000	      0.00000000	    -10.82664439	     -6.65058800	     -8.59530514	     11.97925360	      0.20907742	    -19.49978799	      0.00000000	      0.00000000	    -10.62602283	     -1.28724948	     -4.73558841
      4.13000000	      7.49951643	      2.05039434	      6.49585513	     -0.14011878	      0.99669951	     -0.54378255	    -13.45299081	     -5.64152435	     -6.88252900	      9.69558799	      0.16921993	    -16.79145167	      0.00000000	      0.00000000	    -10.67122359	     -6.80884559	     -8.44563261	     12.75943913	      0.22269422	    -19.35739263	      0.00000000	      0.00000000	    -11.05703160	     -1.16282092	     -4.91164776
      4.13500000	      7.73215577	      1.98640340	      6.70367789	     -0.14081304	      0.99194710	     -0.54417046	    -13.31235133	     -5.58334614	     -7.20110902	     10.92714523	      0.19071466	    -14.77338599	      0.00000000	      0.00000000	    -10.51550211	     -7.01471253	     -8.24972521	     13.58590896	      0.23711884	    -19.07563678	      0.00000000	      0.00000000	    -11.51763564	     -0.99319639	     -5.12889601
      4.14000000	      7.98955483	      1.89370978	      6.95829275	     -0.14152162	      0.98705252	     -0.54462365	    -13.20657297	     -5.48591111	     -7.54998911	     12.20425638	      0.21300446	    -12.67703233	      0.00000000	      0.00000000	    -10.35632864	     -7.27024742	     -7.99374676	     14.47255392	      0.25259372	    -18.51957594	      0.00000000	      0.00000000	    -12.00623191	     -0.77780840	     -5.38960334
      4.14500000	      8.26652355	      1.77420390	      7.24949617	     -0.14226537	      0.98202091	     -0.54513013	    -13.11846040	     -5.35518084	     -7.89667060	     13.51104749	      0.23581226	    -10.53659961	      0.00000000	      0.00000000	    -10.18757058	     -7.57125620	     -7.68072799	     15.43761609	      0.26943723	    -17.56611582	      0.00000000	      0.00000000	    -12.51847736	     -0.51996352	     -5.68184486
      4.15000000	      8.55528025	      1.63555635	      7.56071130	     -0.14306204	      0.97684859	     -0.54565578	    -13.01838165	     -5.20812345	     -8.22048412	     14.85593518	      0.25928498	     -8.36110224	      0.00000000	      0.00000000	    -10.00077865	     -7.90817159	     -7.32307034	     16.49860522	      0.28795498	    -16.15663246	      0.00000000	      0.00000000	    -13.04778665	     -0.23207962	     -5.98953387
      4.15500000	      8.84603707	      1.48688399	      7.87453364	     -0.14393087	      0.97151869	     -0.54617660	    -12.86374795	     -5.06959795	     -8.53446849	     16.27516789	      0.28405527	     -6.12879187	      0.00000000	      0.00000000	     -9.78906349	     -8.26592135	     -6.93012731	     17.65929956	      0.30821292	    -14.30135806	      0.00000000	      0.00000000	    -13.58656624	      0.07212897	     -6.29851742
      4.16000000	      9.12327725	      1.34454784	      8.16971676	     -0.14489001	      0.96600728	     -0.54665108	    -12.61048680	     -4.97217181	     -8.84069529	     17.80648717	      0.31078183	     -3.83425911	      0.00000000	      0.00000000	     -9.53945736	     -8.61786720	     -6.51436669	     18.91725303	      0.33016835	    -12.13824258	      0.00000000	      0.00000000	    -14.12274911	      0.36596942	     -6.58842258
      4.16500000	      9.37032839	      1.21713783	      8.42618232	     -0.14595796	      0.96028128	     -0.54704846	    -12.21758939	     -4.93834883	     -9.14176143	     19.49078562	      0.34017838	     -1.46007199	      0.00000000	      0.00000000	     -9.22409781	     -8.94770856	     -6.10431082	     20.29203595	      0.35416284	     -9.77233792	      0.00000000	      0.00000000	    -14.64197428	      0.63286027	     -6.84392328
      4.17000000	      9.57548611	      1.10151651	      8.64241875	     -0.14714485	      0.95431063	     -0.54736748	    -11.66669728	     -4.97079617	     -9.46481674	     21.34854046	      0.37260232	      0.96826112	      0.00000000	      0.00000000	     -8.81159623	     -9.25724123	     -5.70971437	     21.80487344	      0.38056683	     -7.27048234	      0.00000000	      0.00000000	    -15.13217239	      0.87344710	     -7.06337523
      4.17500000	      9.72946482	      0.98208071	      8.82951225	     -0.14845696	      0.94806272	     -0.54763110	    -10.95745177	     -5.05067012	     -9.83272712	     23.37228804	      0.40792338	      3.42570637	      0.00000000	      0.00000000	     -8.26901120	     -9.56394551	     -5.32635409	     23.47835886	      0.40977467	     -4.63975494	      0.00000000	      0.00000000	    -15.58036198	      1.10488197	     -7.24933116
      4.18000000	      9.82790673	      0.83598578	      8.99850758	     -0.14988929	      0.94151715	     -0.54787172	    -10.10210937	     -5.14697770	    -10.23988427	     25.53865022	      0.44573353	      5.89781400	      0.00000000	      0.00000000	     -7.57106856	     -9.89267049	     -4.95926353	     25.33196453	      0.44212619	     -1.87097755	      0.00000000	      0.00000000	    -15.97526859	      1.35431361	     -7.40405200
      4.18500000	      9.87760839	      0.63790900	      9.16440089	     -0.15142314	      0.93468350	     -0.54814997	     -9.12816980	     -5.22758445	    -10.69556580	     27.81942665	      0.48554059	      8.37710865	      0.00000000	      0.00000000	     -6.71983806	    -10.26895917	     -4.60545710	     27.35573105	      0.47744758	      1.06618261	      0.00000000	      0.00000000	    -16.31451798	      1.65826448	     -7.53630032
      4.19000000	      9.89653275	      0.37211362	      9.33575514	     -0.15302344	      0.92761423	     -0.54851708	     -8.07783812	     -5.26924057	    -11.20535688	     30.17696512	      0.52668740	     10.83963768	      0.00000000	      0.00000000	     -5.75494944	    -10.70364764	     -4.26356451	     29.49619263	      0.51480568	      4.14252873	      0.00000000	      0.00000000	    -16.60835972	      2.04176260	     -7.64535618
      4.19500000	      9.90074090	      0.03921842	      9.50710821	     -0.15465347	      0.92038407	     -0.54899110	     -6.98248119	     -5.26807816	    -11.75919615	     32.58145013	      0.56865358	     13.27030888	      0.00000000	      0.00000000	     -4.72614071	    -11.18798190	     -3.95207609	     31.69216997	      0.55313271	      7.30021556	      0.00000000	      0.00000000	    -16.86876043	      2.50707779	     -7.72435528
      4.20000000	      9.91114463	     -0.34761035	      9.66707709	     -0.15626803	      0.91311762	     -0.54956290	     -5.88541128	     -5.22828795	    -12.33850682	     34.98584156	      0.61061813	     15.64374994	      0.00000000	      0.00000000	     -3.69623669	    -11.70386891	     -3.70394622	     33.87363327	      0.59120643	     10.45829144	      0.00000000	      0.00000000	    -17.11645439	      3.04134271	     -7.76925163
      4.20500000	      9.94010084	     -0.76318481	      9.80591127	     -0.15784185	      0.90594358	     -0.55020093	     -4.81511182	     -5.17058516	    -12.93857960	     37.36047704	      0.65206333	     17.93899816	      0.00000000	      0.00000000	     -2.70929185	    -12.22375478	     -3.54451983	     35.99445046	      0.62822167	     13.55330039	      0.00000000	      0.00000000	    -17.36879092	      3.61425488	     -7.77623900
      4.21000000	      9.99157403	     -1.18532244	      9.91841604	     -0.15935005	      0.89898489	     -0.55085625	     -3.79324592	     -5.10695708	    -13.54394049	     39.66911136	      0.69235660	     20.12498207	      0.00000000	      0.00000000	     -1.78624374	    -12.73050028	     -3.49661508	     38.03477025	      0.66383197	     16.55106417	      0.00000000	      0.00000000	    -17.63415315	      4.19495214	     -7.74447390
      4.21500000	     10.06121965	     -1.59767459	     10.00787093	     -0.16078293	      0.89234517	     -0.55148796	     -2.83073902	     -5.04241639	    -14.13617092	     41.87850581	      0.73091781	     22.16499042	      0.00000000	      0.00000000	     -0.92106740	    -13.21526434	     -3.55990830	     40.00035779	      0.69813795	     19.43522386	      0.00000000	      0.00000000	    -17.91216717	      4.76093836	     -7.68679252
      4.22000000	     10.13550225	     -1.98483405	     10.08026579	     -0.16214225	      0.88609610	     -0.55206008	     -1.92321423	     -4.98435106	    -14.68943335	     43.97119315	      0.76744210	     24.03197896	      0.00000000	      0.00000000	     -0.09111906	    -13.66638880	     -3.70620526	     41.90223693	      0.73133200	     22.17287490	      0.00000000	      0.00000000	    -18.19282958	      5.28980307	     -7.61399501
      4.22500000	     10.19366439	     -2.33578932	     10.14485338	     -0.16345157	      0.88025666	     -0.55255405	     -1.04422107	     -4.94328208	    -15.17874003	     45.95936987	      0.80214233	     25.71212644	      0.00000000	      0.00000000	      0.74407194	    -14.06909733	     -3.87404020	     43.76419819	      0.76382935	     24.71828385	      0.00000000	      0.00000000	    -18.45926189	      5.76483210	     -7.53896219
      4.23000000	     10.22045943	     -2.65281679	     10.21704654	     -0.16472534	      0.87482147	     -0.55296937	     -0.17578081	     -4.91277881	    -15.58113473	     47.84257499	      0.83501046	     27.20636228	      0.00000000	      0.00000000	      1.62337788	    -14.42398376	     -3.98713239	     45.60850006	      0.79601849	     27.03813834	      0.00000000	      0.00000000	    -18.69527251	      6.18792443	     -7.47780194
      4.23500000	     10.20309127	     -2.93621681	     10.30189040	     -0.16599588	      0.86976039	     -0.55331363	      0.70531123	     -4.89237490	    -15.86917576	     49.63199268	      0.86624169	     28.52311943	      0.00000000	      0.00000000	      2.57812171	    -14.72167759	     -3.96760148	     47.45064311	      0.82816995	     29.08445956	      0.00000000	      0.00000000	    -18.89028907	      6.56016693	     -7.43895009
      4.24000000	     10.16102022	     -3.13918678	     10.36151657	     -0.16722490	      0.86517657	     -0.55351350	      1.57088787	     -4.92012464	    -15.98694640	     51.31257094	      0.89557331	     29.64848782	      0.00000000	      0.00000000	      3.51131709	    -14.90699908	     -3.82972977	     49.11922545	      0.85729221	     29.99194300	      0.00000000	      0.00000000	    -19.07615268	      6.82067609	     -7.39659285
      4.24500000	     10.12165204	     -3.30178401	     10.43201378	     -0.16840044	      0.86107752	     -0.55366704	      2.36110497	     -4.94492335	    -15.99170662	     52.78309372	      0.92123877	     29.99015636	      0.00000000	      0.00000000	      4.42314311	    -15.02169053	     -3.50867528	     50.65221965	      0.88404801	     29.99701084	      0.00000000	      0.00000000	    -19.26959241	      7.03275005	     -7.36987048
      4.25000000	     10.06083172	     -3.45676648	     10.52777064	     -0.16956303	      0.85726271	     -0.55385047	      3.13423185	     -4.95557756	    -15.91607830	     54.13069422	      0.94475884	     29.99571822	      0.00000000	      0.00000000	      5.40052690	    -15.09072866	     -2.96128417	     52.20685195	      0.91118146	     29.99802216	      0.00000000	      0.00000000	    -19.43600872	      7.23879084	     -7.36502525
      4.25500000	      9.99055474	     -3.58477486	     10.61417380	     -0.17068806	      0.85373042	     -0.55405184	      3.88354943	     -4.97624473	    -15.74516881	     55.39095188	      0.96675449	     29.99713337	      0.00000000	      0.00000000	      6.38046578	    -15.09069979	     -2.26243998	     53.72642816	      0.93770307	     29.99843694	      0.00000000	      0.00000000	    -19.59112422	      7.41419239	     -7.35757691
      4.26000000	      9.93823486	     -3.67193247	     10.67442976	     -0.17171068	      0.85053271	     -0.55427437	      4.56144139	     -5.01765400	    -15.49869570	     56.54003045	      0.98680969	     29.99776813	      0.00000000	      0.00000000	      7.27505526	    -15.01538348	     -1.50282280	     55.13516042	      0.96229008	     29.99865452	      0.00000000	      0.00000000	    -19.76019072	      7.54517792	     -7.33176548
      4.26500000	      9.93480653	     -3.70449599	     10.69876529	     -0.17257029	      0.84773368	     -0.55451060	      5.11132998	     -5.09092759	    -15.21134308	     57.55184664	      1.00446921	     29.99812286	      0.00000000	      0.00000000	      7.99564613	    -14.86970138	     -0.77850860	     56.36309683	      0.98372162	     29.99878321	      0.00000000	      0.00000000	    -19.97133634	      7.61733560	     -7.27635388
      4.27000000	      9.99308299	     -3.68715315	     10.68006425	     -0.17324828	      0.84538222	     -0.55474845	      5.50646678	     -5.18715250	    -14.90320399	     58.40053178	      1.01928156	     29.99834376	      0.00000000	      0.00000000	      8.49780628	    -14.68061642	     -0.17002007	     57.36901959	      1.00127828	     29.99886602	      0.00000000	      0.00000000	    -20.23555209	      7.63505709	     -7.18372060
      4.27500000	     10.11108103	     -3.63959802	     10.61842504	     -0.17374907	      0.84350357	     -0.55497904	      5.74157977	     -5.28256294	    -14.59451926	     59.06710825	      1.03091552	     29.99849293	      0.00000000	      0.00000000	      8.77548964	    -14.48768887	      0.27202609	     58.13610970	      1.01466653	     29.99892185	      0.00000000	      0.00000000	    -20.54662523	      7.61747415	     -7.04804351
      4.28000000	     10.27522422	     -3.57731740	     10.52439719	     -0.17408072	      0.84207510	     -0.55518977	      5.82918044	     -5.36274808	    -14.31770119	     59.54694773	      1.03929030	     29.99860088	      0.00000000	      0.00000000	      8.85242876	    -14.32133279	      0.52668575	     58.67131398	      1.02400761	     29.99896268	      0.00000000	      0.00000000	    -20.88430295	      7.57749514	     -6.87472663
      4.28500000	     10.46639021	     -3.52388181	     10.41665205	     -0.17426148	      0.84106657	     -0.55538315	      5.78664246	     -5.41047396	    -14.11182510	     59.84007195	      1.04440628	     29.99868295	      0.00000000	      0.00000000	      8.77515416	    -14.21495000	      0.60298665	     59.00195042	      1.02977830	     29.99899377	      0.00000000	      0.00000000	    -21.22065809	      7.54010390	     -6.67903301
      4.29000000	     10.65383804	     -3.51110588	     10.30709488	     -0.17432512	      0.84043453	     -0.55556253	      5.65607916	     -5.39316421	    -13.98287837	     59.94791917	      1.04628857	     29.99874969	      0.00000000	      0.00000000	      8.61107787	    -14.20124908	      0.52547812	     59.16664441	      1.03265275	     29.99901774	      0.00000000	      0.00000000	    -21.51807938	      7.53801300	     -6.47265075
      4.29500000	     10.80896579	     -3.54727008	     10.21060443	     -0.17428033	      0.84011879	     -0.55572704	      5.47473074	     -5.30875923	    -13.94182455	     59.88941280	      1.04526744	     29.99880434	      0.00000000	      0.00000000	      8.41819795	    -14.28202003	      0.33070723	     59.20292931	      1.03328604	     29.99903503	      0.00000000	      0.00000000	    -21.74040635	      7.57869380	     -6.27749005
      4.30000000	     10.90968740	     -3.63099430	     10.13631907	     -0.17413960	      0.84007611	     -0.55588093	      5.27784970	     -5.16629475	    -13.99035912	     59.68844535	      1.04175990	     29.99884808	      0.00000000	      0.00000000	      8.24233143	    -14.44434468	      0.06002645	     59.14338429	      1.03224679	     29.99904473	      0.00000000	      0.00000000	    -21.86129805	      7.65960590	     -6.10712436
      4.30500000	     10.94186411	     -3.75677753	     10.08830738	     -0.17389974	      0.84028964	     -0.55602054	      5.08727744	     -4.97677519	    -14.11620273	     59.36427940	      1.03610213	     29.99887990	      0.00000000	      0.00000000	      8.11380761	    -14.67159001	     -0.24791149	     59.01070540	      1.02993110	     29.99904261	      0.00000000	      0.00000000	    -21.86392284	      7.77362510	     -5.97148711
      4.31000000	     10.89923890	     -3.90892334	     10.05648788	     -0.17356841	      0.84076324	     -0.55613296	      4.92298106	     -4.75623273	    -14.27859637	     58.93102155	      1.02854036	     29.99889866	      0.00000000	      0.00000000	      8.04271416	    -14.93509543	     -0.56818482	     58.81512690	      1.02651761	     29.99902380	      0.00000000	      0.00000000	    -21.74536872	      7.90037889	     -5.86837945
      4.31500000	     10.78901051	     -4.05912837	     10.03254025	     -0.17313084	      0.84152548	     -0.55620667	      4.78435898	     -4.54050069	    -14.45571832	     58.41486894	      1.01953180	     29.99889917	      0.00000000	      0.00000000	      8.01267591	    -15.19450834	     -0.88466417	     58.55151142	      1.02191666	     29.99898222	      0.00000000	      0.00000000	    -21.51741265	      8.00828664	     -5.80184462
      4.32000000	     10.62453214	     -4.19300228	     10.00193497	     -0.17258506	      0.84262932	     -0.55622906	      4.66641928	     -4.33880943	    -14.60769338	     57.82508631	      1.00923815	     29.99887628	      0.00000000	      0.00000000	      7.99949175	    -15.42790345	     -1.19578261	     58.21010028	      1.01595791	     29.99890842	      0.00000000	      0.00000000	    -21.19974119	      8.07951738	     -5.75495190
      4.32500000	     10.42305269	     -4.29038723	      9.95206695	     -0.17191406	      0.84411854	     -0.55618376	      4.55413510	     -4.16983282	    -14.70518935	     57.16695265	      0.99775155	     29.99882293	      0.00000000	      0.00000000	      7.96887290	    -15.61065373	     -1.51136421	     57.77642463	      1.00838884	     29.99878661	      0.00000000	      0.00000000	    -20.81719655	      8.09171910	     -5.72495638
      4.33000000	     10.20699226	     -4.34535727	      9.87200454	     -0.17110469	      0.84604497	     -0.55607111	      4.42707392	     -4.03534934	    -14.72859068	     56.44380720	      0.98513028	     29.99872536	      0.00000000	      0.00000000	      7.88224560	    -15.73603916	     -1.84796005	     57.23688432	      0.99897208	     29.99858774	      0.00000000	      0.00000000	    -20.39757227	      8.04124606	     -5.70635450
      4.33500000	      9.99403506	     -4.35532069	      9.75883066	     -0.17013513	      0.84843605	     -0.55589551	      4.26388752	     -3.93743212	    -14.68205839	     55.65650844	      0.97138932	     29.99855749	      0.00000000	      0.00000000	      7.70884406	    -15.80099036	     -2.21882792	     56.57853468	      0.98748172	     29.99824708	      0.00000000	      0.00000000	    -19.96166505	      7.92878365	     -5.69675022
      4.34000000	      9.79366693	     -4.32584424	      9.60943649	     -0.16900620	      0.85129330	     -0.55565926	      4.05450782	     -3.86305384	    -14.56140016	     54.79688044	      0.95638598	     29.99826567	      0.00000000	      0.00000000	      7.43539451	    -15.81269354	     -2.63781716	     55.79939005	      0.97388308	     29.99758066	      0.00000000	      0.00000000	    -19.52192087	      7.76193076	     -5.68535253
      4.34500000	      9.61518500	     -4.25377205	      9.43207643	     -0.16771075	      0.85460363	     -0.55537925	      3.78138810	     -3.82667440	    -14.40319998	     53.86504518	      0.94012239	     29.99770684	      0.00000000	      0.00000000	      7.05245250	    -15.76843812	     -3.10692808	     54.90129237	      0.95820832	     29.99580240	      0.00000000	      0.00000000	    -19.08923089	      7.54227915	     -5.68264973
      4.35000000	      9.46213100	     -4.14658464	      9.23460763	     -0.16625686	      0.85835097	     -0.55507212	      3.43579638	     -3.82361499	    -14.23513511	     52.85889669	      0.92256179	     29.99632955	      0.00000000	      0.00000000	      6.56245866	    -15.67750413	     -3.62633605	     53.88838974	      0.94052983	     29.97903157	      0.00000000	      0.00000000	    -18.66741052	      7.28148733	     -5.68670490
      4.35500000	      9.36274876	     -3.94340020	      8.98457735	     -0.16460246	      0.86267136	     -0.55463530	      2.96486635	     -3.90556822	    -14.03911150	     51.74875481	      0.90318616	     29.98838583	      0.00000000	      0.00000000	      5.84573160	    -15.48398912	     -4.28014806	     52.55890387	      0.91732592	     28.85956783	      0.00000000	      0.00000000	    -18.29991560	      6.90102630	     -5.67223219
      4.36000000	      9.33135589	     -3.70868325	      8.74209484	     -0.16276790	      0.86751522	     -0.55421388	      2.31771628	     -4.00866503	    -13.91045522	     50.41341271	      0.87988004	     29.17577644	      0.00000000	      0.00000000	      4.95512690	    -15.24888847	     -4.98305418	     51.01985862	      0.89046452	     27.26877841	      0.00000000	      0.00000000	    -17.98652550	      6.49638655	     -5.66890133
      4.36500000	      9.35207070	     -3.45826447	      8.52560965	     -0.16079130	      0.87277389	     -0.55384524	      1.51635817	     -4.12680132	    -13.88472831	     48.87319621	      0.85299819	     27.67641762	      0.00000000	      0.00000000	      3.94692937	    -14.98537181	     -5.69769129	     49.34315378	      0.86120050	     25.51285666	      0.00000000	      0.00000000	    -17.70915244	      6.08872691	     -5.68712705
      4.37000000	      9.39502928	     -3.18235492	      8.31720356	     -0.15873309	      0.87833229	     -0.55348957	      0.63218464	     -4.27340013	    -13.92821750	     47.22729351	      0.82427177	     26.04545825	      0.00000000	      0.00000000	      2.86494320	    -14.68087493	     -6.42942931	     47.55539928	      0.82999829	     23.60257956	      0.00000000	      0.00000000	    -17.44484711	      5.65741735	     -5.70994427
      4.37500000	      9.45274522	     -2.88798722	      8.11990200	     -0.15662510	      0.88413848	     -0.55315535	     -0.31963807	     -4.44052173	    -14.04323040	     45.48261016	      0.79382130	     24.29260522	      0.00000000	      0.00000000	      1.73112007	    -14.34171452	     -7.16146287	     45.67153185	      0.79711861	     21.54012201	      0.00000000	      0.00000000	    -17.18806564	      5.21061173	     -5.73397665
      4.38000000	      9.52126318	     -2.58274948	      7.93441013	     -0.15449512	      0.89015986	     -0.55284820	     -1.32713472	     -4.61818152	    -14.22384130	     43.64238153	      0.76170325	     22.41703426	      0.00000000	      0.00000000	      0.56105238	    -13.97658451	     -7.88155471	     43.70429053	      0.76278377	     19.32166070	      0.00000000	      0.00000000	    -16.93698193	      4.75726894	     -5.75474156
      4.38500000	      9.59318552	     -2.27572710	      7.75663756	     -0.15236785	      0.89635184	     -0.55256890	     -2.37198358	     -4.79194991	    -14.45426024	     41.71535217	      0.72807024	     20.42050479	      0.00000000	      0.00000000	     -0.62735283	    -13.59510581	     -8.58220468	     41.66809270	      0.72724541	     16.95894724	      0.00000000	      0.00000000	    -16.68575477	      4.30635792	     -5.76358304
      4.39000000	      9.66127003	     -1.97457450	      7.58244410	     -0.15027207	      0.90267445	     -0.55232004	     -3.42931157	     -4.95417841	    -14.71259946	     39.72356668	      0.69330703	     18.30740299	      0.00000000	      0.00000000	     -1.81570272	    -13.20424830	     -9.25351188	     39.58019385	      0.69080470	     14.46608399	      0.00000000	      0.00000000	    -16.42927778	      3.86644287	     -5.75806992
      4.39500000	      9.71683969	     -1.68077843	      7.40960492	     -0.14822977	      0.90908282	     -0.55210298	     -4.47662943	     -5.10605936	    -14.98449848	     37.69134898	      0.65783814	     16.09363829	      0.00000000	      0.00000000	     -2.98504560	    -12.80440315	     -9.88392226	     37.45730129	      0.65375324	     11.85998105	      0.00000000	      0.00000000	    -16.16129367	      3.43838043	     -5.73399947
      4.40000000	      9.75536701	     -1.40013079	      7.23543114	     -0.14626433	      0.91554693	     -0.55192145	     -5.49511037	     -5.24231379	    -15.24655720	     35.64011170	      0.62203729	     13.79129812	      0.00000000	      0.00000000	     -4.12031755	    -12.40195358	    -10.46840792	     35.31816004	      0.61641818	      9.16066971	      0.00000000	      0.00000000	    -15.87917758	      3.02895913	     -5.68787465
      4.40500000	      9.76893065	     -1.13728429	      7.05914811	     -0.14439316	      0.92201918	     -0.55177968	     -6.46095472	     -5.36130250	    -15.47986485	     33.60120759	      0.58645171	     11.42437812	      0.00000000	      0.00000000	     -5.20268803	    -12.00298518	    -11.00236825	     33.18404285	      0.57917081	      6.40458210	      0.00000000	      0.00000000	    -15.57643458	      2.64370070	     -5.62060332
      4.41000000	      9.75429503	     -0.89555034	      6.88653609	     -0.14263400	      0.92847420	     -0.55168431	     -7.36387892	     -5.46113900	    -15.67167120	     31.58891463	      0.55133057	      9.01112850	      0.00000000	      0.00000000	     -6.21886463	    -11.61280540	    -11.47386545	     31.07080016	      0.54228776	      3.61371824	      0.00000000	      0.00000000	    -15.25098668	      2.28768366	     -5.53772576
      4.41500000	      9.70944351	     -0.67839075	      6.72199417	     -0.14099780	      0.93488536	     -0.55163734	     -8.20181772	     -5.53559086	    -15.80574530	     29.60398487	      0.51668701	      6.57345558	      0.00000000	      0.00000000	     -7.15827983	    -11.23962760	    -11.88054285	     28.99498702	      0.50605799	      0.81281365	      0.00000000	      0.00000000	    -14.90189081	      1.96506099	     -5.43983809
      4.42000000	      9.63734310	     -0.49131850	      6.57191979	     -0.13949032	      0.94123617	     -0.55163983	     -8.97780926	     -5.57681498	    -15.87435613	     27.64905803	      0.48256710	      4.12140049	      0.00000000	      0.00000000	     -8.01588762	    -10.89569108	    -12.22399714	     26.97350204	      0.47077642	     -1.97473900	      0.00000000	      0.00000000	    -14.53255461	      1.68299487	     -5.33547532
      4.42500000	      9.53606994	     -0.33326537	      6.43836825	     -0.13811277	      0.94749667	     -0.55168856	     -9.68793476	     -5.58778980	    -15.87509430	     25.73309842	      0.44912729	      1.67256646	      0.00000000	      0.00000000	     -8.78651806	    -10.58382262	    -12.50873416	     25.01639768	      0.43661851	     -4.72996858	      0.00000000	      0.00000000	    -14.14170438	      1.43967378	     -5.22566661
      4.43000000	      9.41033328	     -0.20481831	      6.32501564	     -0.13686434	      0.95366061	     -0.55177859	    -10.34529599	     -5.56454196	    -15.80416101	     23.84358120	      0.41614900	     -0.77184315	      0.00000000	      0.00000000	     -9.47282720	    -10.30897017	    -12.73996010	     23.13094147	      0.40371109	     -7.44451609	      0.00000000	      0.00000000	    -13.73500301	      1.23586010	     -5.11824687
      4.43500000	      9.26139203	     -0.10231723	      6.22850352	     -0.13574378	      0.95970388	     -0.55190003	    -10.95139763	     -5.51258973	    -15.65623154	     21.98234873	      0.38366436	     -3.19889259	      0.00000000	      0.00000000	    -10.07533744	    -10.07000596	    -12.93117288	     21.32623330	      0.37221299	    -10.10080102	      0.00000000	      0.00000000	    -13.31603009	      1.06657196	     -5.01459491
      4.44000000	      9.09069054	     -0.02200548	      6.14549492	     -0.13474585	      0.96560892	     -0.55204712	    -11.50159754	     -5.44184012	    -15.44131015	     20.16775919	      0.35199380	     -5.60302994	      0.00000000	      0.00000000	    -10.59769623	     -9.86286098	    -13.09213899	     19.60413245	      0.34215666	    -12.68938435	      0.00000000	      0.00000000	    -12.88698656	      0.92671536	     -4.91609486
      4.44500000	      8.89920378	      0.04018329	      6.07225582	     -0.13386871	      0.97136375	     -0.55221526	    -11.99841834	     -5.35799825	    -15.15715085	     18.39552349	      0.32106245	     -7.98073223	      0.00000000	      0.00000000	    -11.04546861	     -9.68129727	    -13.22830179	     17.96044516	      0.31346890	    -15.20789121	      0.00000000	      0.00000000	    -12.44992068	      0.81089221	     -4.82138584
      4.45000000	      8.69083232	      0.08652996	      6.00811070	     -0.13310189	      0.97695665	     -0.55239553	    -12.45714887	     -5.25944370	    -14.79405331	     16.64442887	      0.29050009	    -10.32924671	      0.00000000	      0.00000000	    -11.42427915	     -9.52415768	    -13.34640408	     16.39706679	      0.28618280	    -17.64616828	      0.00000000	      0.00000000	    -12.01004937	      0.71681004	     -4.74013550
      4.45500000	      8.46419360	      0.12577820	      5.94842291	     -0.13244308	      0.98236602	     -0.55258273	    -12.86405706	     -5.16473793	    -14.37169781	     14.94615051	      0.26085954	    -12.61894715	      0.00000000	      0.00000000	    -11.73667909	     -9.37958707	    -13.44834650	     14.91114381	      0.26024855	    -20.00054100	      0.00000000	      0.00000000	    -11.56629783	      0.63259418	     -4.66720352
      4.46000000	      8.21984260	      0.15789321	      5.89404094	     -0.13188399	      0.98758508	     -0.55278236	    -13.21477600	     -5.07656002	    -13.90458594	     13.31615351	      0.23241072	    -14.83348164	      0.00000000	      0.00000000	    -11.98599559	     -9.24616249	    -13.53320519	     13.49862357	      0.23559543	    -22.26389753	      0.00000000	      0.00000000	    -11.11830778	      0.55841653	     -4.60362149
      4.46500000	      7.95783514	      0.18827308	      5.84526626	     -0.13142162	      0.99259698	     -0.55298863	    -13.50427696	     -5.00285065	    -13.40842270	     11.77210142	      0.20546193	    -16.94398035	      0.00000000	      0.00000000	    -12.17378711	     -9.11835219	    -13.59781791	     12.15951176	      0.21222352	    -24.42809687	      0.00000000	      0.00000000	    -10.66676034	      0.48748591	     -4.55313387
      4.47000000	      7.67737050	      0.21975274	      5.80135902	     -0.13105263	      0.99738464	     -0.55319590	    -13.72386985	     -4.95039931	    -12.90514297	     10.33839829	      0.18043909	    -18.91190054	      0.00000000	      0.00000000	    -12.29473615	     -8.99478682	    -13.64547969	     10.90708052	      0.19036447	    -26.46578481	      0.00000000	      0.00000000	    -10.21203557	      0.41586220	     -4.51495723
      4.47500000	      7.37938769	      0.25274113	      5.76111238	     -0.13077542	      1.00194187	     -0.55340630	    -13.85212988	     -4.92672742	    -12.43384638	      9.06791533	      0.15826498	    -20.69183093	      0.00000000	      0.00000000	    -12.34790117	     -8.87486116	    -13.67694734	      9.74887631	      0.17014999	    -28.34919232	      0.00000000	      0.00000000	     -9.75395130	      0.34212261	     -4.48161373
      4.48000000	      7.06616362	      0.28370826	      5.72763574	     -0.13058243	      1.00626857	     -0.55361892	    -13.89169039	     -4.92359750	    -12.00328137	      7.96407131	      0.13899927	    -22.26021514	      0.00000000	      0.00000000	    -12.33167128	     -8.76536649	    -13.69267741	      8.69608244	      0.15177527	    -30.04866873	      0.00000000	      0.00000000	     -9.29559948	      0.27120630	     -4.46002451
      4.48500000	      6.74181116	      0.31328251	      5.69836556	     -0.13046695	      1.01035966	     -0.55382219	    -13.84693616	     -4.94025720	    -11.62332586	      7.03115376	      0.12271678	    -23.58153708	      0.00000000	      0.00000000	    -12.24712800	     -8.66765565	    -13.69842990	      7.76201442	      0.13547271	    -31.54045525	      0.00000000	      0.00000000	     -8.84118628	      0.20166493	     -4.44612782
      4.49000000	      6.41355647	      0.33914034	      5.67307288	     -0.13041339	      1.01422662	     -0.55401721	    -13.72908582	     -4.97066878	    -11.30078873	      6.26490036	      0.10934314	    -24.63211296	      0.00000000	      0.00000000	    -12.10126188	     -8.58469164	    -13.70048082	      6.95254390	      0.12134478	    -32.79938942	      0.00000000	      0.00000000	     -8.39721044	      0.13647087	     -4.43785403
      4.49500000	      6.08904903	      0.35702235	      5.65580967	     -0.13040247	      1.01788543	     -0.55421292	    -13.54483204	     -5.00574145	    -11.04891057	      5.67546889	      0.09905562	    -25.39350624	      0.00000000	      0.00000000	    -11.90611716	     -8.52109639	    -13.69241108	      6.26206229	      0.10929360	    -33.82661868	      0.00000000	      0.00000000	     -7.96907292	      0.08131173	     -4.43926481
      4.50000000	      5.77735745	      0.36509769	      5.65020801	     -0.13040808	      1.02134917	     -0.55441171	    -13.31799725	     -5.03595174	    -10.87231961	      5.23636205	      0.09139176	    -25.88116946	      0.00000000	      0.00000000	    -11.67736913	     -8.47945193	    -13.66973721	      5.68193118	      0.09916841	    -34.63508009	      0.00000000	      0.00000000	     -7.56512858	      0.03998921	     -4.45849967
      4.50500000	      5.48698137	      0.36547193	      5.65560012	     -0.13040755	      1.02462612	     -0.55461375	    -13.06634291	     -5.06024879	    -10.77305056	      4.93402032	      0.08611490	    -26.10093264	      0.00000000	      0.00000000	    -11.43130038	     -8.45580556	    -13.63206329	      5.20187831	      0.09078990	    -35.24370496	      0.00000000	      0.00000000	     -7.19132385	      0.00918975	     -4.48996518
      4.51000000	      5.22907523	      0.35544740	      5.67739114	     -0.13036983	      1.02773469	     -0.55482626	    -12.81550578	     -5.06838108	    -10.74928184	      4.74443252	      0.08280597	    -26.08200352	      0.00000000	      0.00000000	    -11.18668599	     -8.45396749	    -13.57728188	      4.81002387	      0.08395075	    -35.66396982	      0.00000000	      0.00000000	     -6.85661939	     -0.00742180	     -4.53791203
      4.51500000	      5.00910283	      0.33546499	      5.71510089	     -0.13027501	      1.03067798	     -0.55504561	    -12.58356809	     -5.05708809	    -10.78816906	      4.64227308	      0.08102295	    -25.86678783	      0.00000000	      0.00000000	    -10.95717938	     -8.47320099	    -13.50434206	      4.49524961	      0.07845691	    -35.91689854	      0.00000000	      0.00000000	     -6.56501233	     -0.00973453	     -4.60336776
      4.52000000	      4.83688714	      0.30750810	      5.76663795	     -0.13010258	      1.03346327	     -0.55526996	    -12.39927166	     -5.02509975	    -10.87474734	      4.58690563	      0.08005661	    -25.51503788	      0.00000000	      0.00000000	    -10.76021748	     -8.51146938	    -13.42271609	      4.24851573	      0.07415059	    -36.01281946	      0.00000000	      0.00000000	     -6.32557097	      0.00101092	     -4.68181316
      4.52500000	      4.71540377	      0.27433228	      5.82561204	     -0.12985043	      1.03609291	     -0.55549820	    -12.27885344	     -4.97536237	    -10.96572219	      4.55128097	      0.07943484	    -25.05956623	      0.00000000	      0.00000000	    -10.60419315	     -8.56347285	    -13.34206224	      4.06389081	      0.07092828	    -35.95767626	      0.00000000	      0.00000000	     -6.14104220	      0.02207300	     -4.76398130
      4.53000000	      4.64798169	      0.23688460	      5.88979281	     -0.12951255	      1.03856924	     -0.55572866	    -12.23507372	     -4.90675781	    -11.04135203	      4.51168774	      0.07874381	    -24.55079266	      0.00000000	      0.00000000	    -10.49853298	     -8.62760608	    -13.26692484	      3.93246852	      0.06863452	    -35.75504729	      0.00000000	      0.00000000	     -6.01543904	      0.05419548	     -4.84821252
      4.53500000	      4.63265148	      0.20114324	      5.95088429	     -0.12910112	      1.04088541	     -0.55595833	    -12.26462011	     -4.82879089	    -11.09031715	      4.46325289	      0.07789846	    -24.02664668	      0.00000000	      0.00000000	    -10.45039236	     -8.69290030	    -13.19904727	      3.83812064	      0.06698784	    -35.42459695	      0.00000000	      0.00000000	     -5.94858562	      0.09188739	     -4.92748265
      4.54000000	      4.66648435	      0.17112239	      6.00672814	     -0.12863223	      1.04303790	     -0.55619107	    -12.36403847	     -4.74693886	    -11.10388832	      4.40315103	      0.07684948	    -23.49550002	      0.00000000	      0.00000000	    -10.46222312	     -8.75222447	    -13.13302876	      3.76785539	      0.06576148	    -34.98269202	      0.00000000	      0.00000000	     -5.93911078	      0.13069439	     -4.99734345
      4.54500000	      4.74071770	      0.15140123	      6.05256893	     -0.12812913	      1.04501308	     -0.55642051	    -12.51715797	     -4.66896265	    -11.07845039	      4.33851236	      0.07572133	    -22.96158407	      0.00000000	      0.00000000	    -10.53058598	     -8.79683080	    -13.06249154	      3.70790227	      0.06471510	    -34.44699076	      0.00000000	      0.00000000	     -5.98024391	      0.16441641	     -5.05390993
      4.55000000	      4.85056107	      0.14237885	      6.08910924	     -0.12760742	      1.04680405	     -0.55664290	    -12.70838218	     -4.59626571	    -11.04334545	      4.28104273	      0.07471829	    -22.44046568	      0.00000000	      0.00000000	    -10.65475899	     -8.82524739	    -12.97900848	      3.64435921	      0.06360607	    -33.84219762	      0.00000000	      0.00000000	     -6.06797053	      0.19162245	     -5.09806436
      4.55500000	      4.98706588	      0.14432022	      6.11376668	     -0.12709663	      1.04840378	     -0.55685877	    -12.92333817	     -4.53242000	    -10.99626372	      4.23166646	      0.07385651	    -21.94858437	      0.00000000	      0.00000000	    -10.82603116	     -8.83472548	    -12.87634876	      3.56996433	      0.06230763	    -33.19113731	      0.00000000	      0.00000000	     -6.19507429	      0.21133665	     -5.12720735
      4.56000000	      5.14185726	      0.15547243	      6.12698041	     -0.12662014	      1.04980279	     -0.55706371	    -13.15085497	     -4.47768642	    -10.93186290	      4.18773730	      0.07308980	    -21.49715876	      0.00000000	      0.00000000	    -11.03281606	     -8.82729020	    -12.75002504	      3.48387500	      0.06080509	    -32.51217309	      0.00000000	      0.00000000	     -6.35436390	      0.22398860	     -5.14172583
      4.56500000	      5.31036841	      0.17208234	      6.12924781	     -0.12619311	      1.05099912	     -0.55725713	    -13.38428853	     -4.43008271	    -10.85337643	      4.14545408	      0.07235182	    -21.11561011	      0.00000000	      0.00000000	    -11.26555706	     -8.80775631	    -12.60242750	      3.39032080	      0.05917226	    -31.81860996	      0.00000000	      0.00000000	     -6.54163804	      0.23325032	     -5.14364039
      4.57000000	      5.48602992	      0.19127898	      6.12193333	     -0.12582968	      1.05198895	     -0.55743721	    -13.61430455	     -4.38834287	    -10.75825425	      4.10331487	      0.07161635	    -20.81433126	      0.00000000	      0.00000000	    -11.51004626	     -8.78054959	    -12.43698459	      3.29750390	      0.05755230	    -31.12103248	      0.00000000	      0.00000000	     -6.74972765	      0.24109756	     -5.12833067
      4.57500000	      5.66239253	      0.21323540	      6.10133286	     -0.12554807	      1.05276372	     -0.55759829	    -13.83462852	     -4.35550563	    -10.62476126	      4.05745829	      0.07081601	    -20.58733928	      0.00000000	      0.00000000	    -11.75218330	     -8.74571881	    -12.26233597	      3.21666409	      0.05614138	    -30.42544789	      0.00000000	      0.00000000	     -6.97398460	      0.24717790	     -5.09589805
      4.58000000	      5.83560673	      0.23865303	      6.06902257	     -0.12534949	      1.05331570	     -0.55773274	    -14.03753375	     -4.33281532	    -10.46267818	      4.01594311	      0.07009143	    -20.41923429	      0.00000000	      0.00000000	    -11.98057276	     -8.70502058	    -12.08506500	      3.15908586	      0.05513645	    -29.73385845	      0.00000000	      0.00000000	     -7.21045056	      0.24906609	     -5.05057478
      4.58500000	      6.00312400	      0.26493732	      6.02707856	     -0.12523450	      1.05364675	     -0.55784084	    -14.22133908	     -4.31650877	    -10.27221108	      3.97584039	      0.06939151	    -20.29645829	      0.00000000	      0.00000000	    -12.18519026	     -8.66315876	    -11.91131796	      3.13563943	      0.05472723	    -29.04503952	      0.00000000	      0.00000000	     -7.45524926	      0.24902360	     -4.99422323
      4.59000000	      6.16163013	      0.29242104	      5.97702225	     -0.12520275	      1.05374843	     -0.55791966	    -14.38176315	     -4.30668843	    -10.05778079	      3.93935121	      0.06875465	    -20.20851969	      0.00000000	      0.00000000	    -12.35631913	     -8.62142160	    -11.74788589	      3.15589288	      0.05508072	    -28.35653813	      0.00000000	      0.00000000	     -7.70481396	      0.24609857	     -4.92892821
      4.59500000	      6.30904911	      0.32353839	      5.91607984	     -0.12525430	      1.05361668	     -0.55796664	    -14.51550628	     -4.30607888	     -9.81624219	      3.91016244	      0.06824521	    -20.14295170	      0.00000000	      0.00000000	    -12.48846802	     -8.57772188	    -11.60133880	      3.22662341	      0.05631520	    -27.66771329	      0.00000000	      0.00000000	     -7.95812554	      0.23749876	     -4.86254476
      4.60000000	      6.44321202	      0.35702908	      5.85017909	     -0.12538195	      1.05324810	     -0.55799318	    -14.61748843	     -4.31351114	     -9.56179918	      3.89609867	      0.06799975	    -20.09267457	      0.00000000	      0.00000000	    -12.57625180	     -8.53453031	    -11.46865001	      3.35144427	      0.05849374	    -26.97232432	      0.00000000	      0.00000000	     -8.21054852	      0.22384762	     -4.79687933
      4.60500000	      6.56357992	      0.39192910	      5.77954170	     -0.12558409	      1.05264442	     -0.55800736	    -14.68836064	     -4.32803014	     -9.28722107	      3.89491408	      0.06797907	    -20.05323099	      0.00000000	      0.00000000	    -12.61814750	     -8.49244881	    -11.35055547	      3.53165726	      0.06163905	    -26.26777462	      0.00000000	      0.00000000	     -8.45982524	      0.20681680	     -4.73010729
      4.61000000	      6.66856689	      0.42996154	      5.70332810	     -0.12585903	      1.05179854	     -0.55801723	    -14.72449223	     -4.35260994	     -8.99266162	      3.91268696	      0.06828927	    -20.02630824	      0.00000000	      0.00000000	    -12.61300082	     -8.44839960	    -11.24729081	      3.76642285	      0.06573648	    -25.54950720	      0.00000000	      0.00000000	     -8.70412553	      0.18444163	     -4.65970961
      4.61500000	      6.75658203	      0.47235015	      5.62051401	     -0.12620463	      1.05071270	     -0.55802992	    -14.72447146	     -4.38976147	     -8.66406972	      3.95112795	      0.06896019	    -19.98792918	      0.00000000	      0.00000000	    -12.56123052	     -8.40001932	    -11.15741697	      4.05213858	      0.07072316	    -24.82110503	      0.00000000	      0.00000000	     -8.94093746	      0.15560274	     -4.58491354
      4.62000000	      6.83147382	      0.51474506	      5.53667313	     -0.12660983	      1.04939019	     -0.55805909	    -14.69728156	     -4.43421195	     -8.30833536	      4.00570024	      0.06991266	    -19.93616499	      0.00000000	      0.00000000	    -12.46953679	     -8.35250132	    -11.07637828	      4.38194857	      0.07647943	    -24.08639233	      0.00000000	      0.00000000	     -9.17239884	      0.12653933	     -4.50680042
      4.62500000	      6.89631936	      0.55769393	      5.45052799	     -0.12707005	      1.04783483	     -0.55810456	    -14.64854267	     -4.48414552	     -7.92192052	      4.07395603	      0.07110395	    -19.87603143	      0.00000000	      0.00000000	    -12.34331108	     -8.30519103	    -11.00474850	      4.75239749	      0.08294498	    -23.35668052	      0.00000000	      0.00000000	     -9.40121431	      0.09741683	     -4.42566000
      4.63000000	      6.95302102	      0.59864649	      5.36468025	     -0.12757740	      1.04604698	     -0.55817306	    -14.58398451	     -4.53681709	     -7.50596109	      4.15236174	      0.07247238	    -19.80366034	      0.00000000	      0.00000000	    -12.18718108	     -8.26146229	    -10.93980758	      5.15694073	      0.09000560	    -22.64755159	      0.00000000	      0.00000000	     -9.62923174	      0.07162281	     -4.34360208
      4.63500000	      7.00493060	      0.63623596	      5.28431645	     -0.12812157	      1.04403152	     -0.55826811	    -14.50639320	     -4.58925745	     -7.07500669	      4.24674817	      0.07411974	    -19.71265439	      0.00000000	      0.00000000	    -12.00754493	     -8.22418446	    -10.87548993	      5.58779324	      0.09752539	    -21.97799059	      0.00000000	      0.00000000	     -9.85837652	      0.05153664	     -4.26246876
      4.64000000	      7.05620779	      0.67027209	      5.21404866	     -0.12869323	      1.04178553	     -0.55839097	    -14.41780805	     -4.63845815	     -6.65804228	      4.36554034	      0.07619305	    -19.63885309	      0.00000000	      0.00000000	    -11.80859667	     -8.19579571	    -10.80601656	      6.04428815	      0.10549273	    -21.35728030	      0.00000000	      0.00000000	    -10.09282818	      0.03830584	     -4.18933483
      4.64500000	      7.10616663	      0.69935004	      5.15706743	     -0.12928999	      1.03930875	     -0.55854219	    -14.31467147	     -4.68123659	     -6.26410547	      4.51453818	      0.07879356	    -19.59735330	      0.00000000	      0.00000000	    -11.58968746	     -8.17833620	    -10.72185825	      6.52361619	      0.11385858	    -20.80066291	      0.00000000	      0.00000000	    -10.33116815	      0.03354382	     -4.12618838
      4.65000000	      7.15632940	      0.72041272	      5.11949306	     -0.12990460	      1.03660192	     -0.55872879	    -14.20340655	     -4.71391057	     -5.90073215	      4.68842265	      0.08182841	    -19.60628367	      0.00000000	      0.00000000	    -11.35205457	     -8.17673482	    -10.61491802	      7.02329946	      0.12257970	    -20.32267930	      0.00000000	      0.00000000	    -10.57468538	      0.04122620	     -4.07583226
      4.65500000	      7.21027909	      0.73426492	      5.10613574	     -0.13053131	      1.03366692	     -0.55895024	    -14.07966195	     -4.73526363	     -5.59792373	      4.90755125	      0.08565293	    -19.69655208	      0.00000000	      0.00000000	    -11.09927617	     -8.19125883	    -10.47575386	      7.54147348	      0.13162354	    -19.93671053	      0.00000000	      0.00000000	    -10.82656203	      0.06121613	     -4.04428086
      4.66000000	      7.26957818	      0.73862737	      5.11931150	     -0.13116450	      1.03050322	     -0.55920911	    -13.94541959	     -4.74240048	     -5.36304023	      5.17289459	      0.09028404	    -19.89791761	      0.00000000	      0.00000000	    -10.83337233	     -8.22463468	    -10.29814395	      8.07635650	      0.14095901	    -19.64992262	      0.00000000	      0.00000000	    -11.08872146	      0.09746265	     -4.03935527
      4.66500000	      7.33729907	      0.73197800	      5.16253869	     -0.13180039	      1.02711844	     -0.55951166	    -13.80532553	     -4.73361151	     -5.20140705	      5.48795662	      0.09578291	    -20.19386885	      0.00000000	      0.00000000	    -10.55954644	     -8.27751866	    -10.07569221	      8.62118702	      0.15046810	    -19.48412446	      0.00000000	      0.00000000	    -11.36275909	      0.15176928	     -4.05906457
      4.67000000	      7.41765484	      0.71629025	      5.23212815	     -0.13243224	      1.02351438	     -0.55984959	    -13.66169694	     -4.71142456	     -5.11342921	      5.86553464	      0.10237289	    -20.56201989	      0.00000000	      0.00000000	    -10.28521193	     -8.34771967	     -9.81516719	      9.17365734	      0.16011053	    -19.44299230	      0.00000000	      0.00000000	    -11.65217326	      0.22151632	     -4.09969979
      4.67500000	      7.51233257	      0.69026056	      5.32884877	     -0.13305168	      1.01969559	     -0.56022099	    -13.50667100	     -4.67403524	     -5.11787186	      6.33386599	      0.11054682	    -20.94067988	      0.00000000	      0.00000000	    -10.01612691	     -8.43591134	     -9.51518746	      9.72694729	      0.16976726	    -19.51714090	      0.00000000	      0.00000000	    -11.95773061	      0.30859373	     -4.16278535
      4.68000000	      7.62315428	      0.65561886	      5.44528631	     -0.13365674	      1.01566345	     -0.56062260	    -13.33935329	     -4.62810607	     -5.20477856	      6.91293520	      0.12065348	    -21.17735050	      0.00000000	      0.00000000	     -9.75829836	     -8.53896299	     -9.18612395	     10.28013146	      0.17942214	    -19.68644645	      0.00000000	      0.00000000	    -12.28124548	      0.41114068	     -4.24124633
      4.68500000	      7.75109617	      0.61485897	      5.57830854	     -0.13424756	      1.01142227	     -0.56105343	    -13.15465428	     -4.58171504	     -5.37556619	      7.63338172	      0.13322764	    -21.07483014	      0.00000000	      0.00000000	     -9.51339742	     -8.65391110	     -8.83615555	     10.83874924	      0.18917186	    -19.91525068	      0.00000000	      0.00000000	    -12.62305067	      0.52599482	     -4.33215793
      4.69000000	      7.89716014	      0.56480728	      5.72469928	     -0.13482733	      1.00697747	     -0.56151655	    -12.95571439	     -4.53445524	     -5.61414963	      8.50080006	      0.14836695	    -20.53225255	      0.00000000	      0.00000000	     -9.28125012	     -8.78454362	     -8.47238508	     11.41584404	      0.19924407	    -20.12817675	      0.00000000	      0.00000000	    -12.98463814	      0.65794234	     -4.43412826
      4.69500000	      8.06233633	      0.50278310	      5.88842187	     -0.13539789	      1.00233553	     -0.56202184	    -12.74930243	     -4.48441107	     -5.91845401	      9.51171637	      0.16601077	    -19.48280850	      0.00000000	      0.00000000	     -9.05609638	     -8.93758857	     -8.09741238	     12.03866896	      0.21011441	    -20.19893054	      0.00000000	      0.00000000	    -13.36708868	      0.81187514	     -4.55152399
      4.70000000	      8.24423770	      0.42698284	      6.07234246	     -0.13597148	      0.99750052	     -0.56257504	    -12.54543174	     -4.43032437	     -6.26320064	     10.64357511	      0.18576543	    -17.90917072	      0.00000000	      0.00000000	     -8.82734112	     -9.11961447	     -7.70213527	     12.74260160	      0.22240035	    -19.99750079	      0.00000000	      0.00000000	    -13.76787195	      0.99066807	     -4.68736606
      4.70500000	      8.44433964	      0.33177270	      6.28252891	     -0.13655772	      0.99249130	     -0.56317929	    -12.35960878	     -4.36029457	     -6.62372082	     11.85596538	      0.20692563	    -15.95224916	      0.00000000	      0.00000000	     -8.59320881	     -9.33985927	     -7.27321394	     13.55135315	      0.23651573	    -19.42159343	      0.00000000	      0.00000000	    -14.18868853	      1.20208230	     -4.84769133
      4.71000000	      8.66594017	      0.21590494	      6.51454666	     -0.13715766	      0.98733315	     -0.56381830	    -12.20854826	     -4.26470682	     -6.96584995	     13.09868092	      0.22861511	    -13.82798216	      0.00000000	      0.00000000	     -8.36260934	     -9.60076755	     -6.80941549	     14.47304307	      0.25260225	    -18.42943281	      0.00000000	      0.00000000	    -14.63348415	      1.44653851	     -5.02327322
      4.71500000	      8.90776518	      0.08868562	      6.75966907	     -0.13776813	      0.98204521	     -0.56445998	    -12.08492787	     -4.15219679	     -7.28073797	     14.36283084	      0.25067869	    -11.61438173	      0.00000000	      0.00000000	     -8.14304345	     -9.89268129	     -6.31298992	     15.50603079	      0.27063129	    -17.02886567	      0.00000000	      0.00000000	    -15.10204401	      1.70979405	     -5.20660200
      4.72000000	      9.16860084	     -0.03669438	      7.00255508	     -0.13839545	      0.97664638	     -0.56507515	    -11.97213274	     -4.04289319	     -7.55858008	     15.65516539	      0.27323418	     -9.33644920	      0.00000000	      0.00000000	     -7.95116934	    -10.19411572	     -5.78057919	     16.61622251	      0.29000779	    -15.33358977	      0.00000000	      0.00000000	    -15.59581521	      1.97327448	     -5.38497402
      4.72500000	      9.44384756	     -0.14097848	      7.22356055	     -0.13904694	      0.97114066	     -0.56562707	    -11.84250041	     -3.96611068	     -7.79865374	     16.99694190	      0.29665260	     -7.01481558	      0.00000000	      0.00000000	     -7.79159398	    -10.47605021	     -5.23197651	     17.77649434	      0.31025836	    -13.46877042	      0.00000000	      0.00000000	    -16.11473653	      2.20956066	     -5.54456391
      4.73000000	      9.72323884	     -0.21728896	      7.41049466	     -0.13973040	      0.96550809	     -0.56609143	    -11.66696198	     -3.93683923	     -8.01171431	     18.40482003	      0.32122471	     -4.62202253	      0.00000000	      0.00000000	     -7.64409288	    -10.72759850	     -4.68618546	     18.98472619	      0.33134598	    -11.49933167	      0.00000000	      0.00000000	    -16.65053416	      2.40583325	     -5.67556446
      4.73500000	      9.98976177	     -0.26920806	      7.56794173	     -0.14047500	      0.95969453	     -0.56647497	    -11.40361660	     -3.96235590	     -8.23337885	     19.92125533	      0.34769150	     -2.09133427	      0.00000000	      0.00000000	     -7.45723235	    -10.95390514	     -4.14092863	     20.27421134	      0.35385174	     -9.41798246	      0.00000000	      0.00000000	    -17.18586858	      2.56476408	     -5.78310864
      4.74000000	     10.22447207	     -0.31434346	      7.70963868	     -0.14131975	      0.95363412	     -0.56681249	    -11.02215696	     -4.02880607	     -8.48376950	     21.56504167	      0.37638098	      0.55778520	      0.00000000	      0.00000000	     -7.16239294	    -11.17452872	     -3.58953427	     21.69930122	      0.37872425	     -7.18535213	      0.00000000	      0.00000000	    -17.70076665	      2.70792463	     -5.87698976
      4.74500000	     10.40561865	     -0.38204033	      7.85421445	     -0.14230424	      0.94725873	     -0.56714356	    -10.49821284	     -4.10229112	     -8.76764980	     23.33742907	      0.40731498	      3.26392943	      0.00000000	      0.00000000	     -6.67869853	    -11.42279677	     -3.02698117	     23.33786106	      0.40732252	     -4.74465720	      0.00000000	      0.00000000	    -18.16961105	      2.87127918	     -5.96723714
      4.75000000	     10.52221224	     -0.50326076	      8.02539383	     -0.14344771	      0.94053638	     -0.56753059	     -9.82922182	     -4.14504393	     -9.10163102	     25.22779029	      0.44030800	      5.97731514	      0.00000000	      0.00000000	     -5.95643791	    -11.72971110	     -2.43453853	     25.23482882	      0.44043085	     -2.07556161	      0.00000000	      0.00000000	    -18.57529618	      3.09684395	     -6.06511190
      4.75500000	     10.57450420	     -0.68562703	      8.23197390	     -0.14475365	      0.93347631	     -0.56801418	     -9.01982567	     -4.14971110	     -9.49811847	     27.24481153	      0.47551167	      8.67916789	      0.00000000	      0.00000000	     -4.98819878	    -12.09576315	     -1.80786204	     27.39555283	      0.47814260	      0.78455044	      0.00000000	      0.00000000	    -18.91394149	      3.39872875	     -6.17491899
      4.76000000	     10.57287446	     -0.92146533	      8.46355238	     -0.14620062	      0.92615505	     -0.56860250	     -8.09286292	     -4.12079772	     -9.93814499	     29.37168624	      0.51263263	     11.34405390	      0.00000000	      0.00000000	     -3.81286498	    -12.49760164	     -1.16087866	     29.77337765	      0.51964347	      3.74224870	      0.00000000	      0.00000000	    -19.19594092	      3.76918481	     -6.28882941
      4.76500000	     10.53829373	     -1.19026171	      8.70312021	     -0.14775354	      0.91869430	     -0.56927870	     -7.08486321	     -4.07586202	    -10.40580520	     31.57982406	      0.55117191	     13.96683513	      0.00000000	      0.00000000	     -2.49945729	    -12.90140737	     -0.51702873	     32.29833309	      0.56371226	      6.69255574	      0.00000000	      0.00000000	    -19.44316583	      4.18474076	     -6.39614657
      4.77000000	     10.49997276	     -1.47015742	      8.93279174	     -0.14936177	      0.91125560	     -0.57001319	     -6.04424530	     -4.03090292	    -10.88500879	     33.83313836	      0.59049966	     16.53368777	      0.00000000	      0.00000000	     -1.13132741	    -13.28196231	      0.08275384	     34.89323642	      0.60900186	      9.56257251	      0.00000000	      0.00000000	    -19.68672046	      4.61863009	     -6.48401881
      4.77500000	     10.47541731	     -1.74556842	      9.13472660	     -0.15099424	      0.90397698	     -0.57076497	     -4.99806176	     -3.99635083	    -11.35259352	     36.10615457	      0.63017128	     19.01858307	      0.00000000	      0.00000000	      0.23855851	    -13.62752872	      0.59688635	     37.51151438	      0.65469943	     12.31908744	      0.00000000	      0.00000000	    -19.94710644	      5.04937200	     -6.53887763
      4.78000000	     10.47244363	     -2.01663046	      9.29940105	     -0.15262041	      0.89698164	     -0.57151131	     -3.96485090	     -3.96204052	    -11.77714189	     38.36188583	      0.66954122	     21.37750790	      0.00000000	      0.00000000	      1.57694770	    -13.94315233	      1.00485435	     40.10902349	      0.70003452	     14.93528013	      0.00000000	      0.00000000	    -20.23263243	      5.47265019	     -6.54984622
      4.78500000	     10.49612518	     -2.28831317	      9.42733418	     -0.15421781	      0.89036472	     -0.57225186	     -2.96074299	     -3.91717800	    -12.14403532	     40.56715527	      0.70803043	     23.56702145	      0.00000000	      0.00000000	      2.86005600	    -14.23932796	      1.30896241	     42.64422706	      0.74428217	     17.38955551	      0.00000000	      0.00000000	    -20.54674943	      5.89356921	     -6.51232870
      4.79000000	     10.53929453	     -2.56492295	      9.52109447	     -0.15575976	      0.88418070	     -0.57299163	     -1.98178163	     -3.85599987	    -12.43686434	     42.71350768	      0.74549134	     25.53794662	      0.00000000	      0.00000000	      4.08102747	    -14.52429697	      1.52023706	     45.08207356	      0.78683062	     19.66328293	      0.00000000	      0.00000000	    -20.87737156	      6.31541954	     -6.43100747
      4.79500000	     10.58806071	     -2.84600783	      9.58726416	     -0.15723537	      0.87843886	     -0.57374420	     -1.01555325	     -3.78138714	    -12.64395026	     44.79946613	      0.78189819	     27.27461986	      0.00000000	      0.00000000	      5.24632946	    -14.79550132	      1.67015169	     47.40135389	      0.82730970	     21.73839505	      0.00000000	      0.00000000	    -21.20761289	      6.73735735	     -6.31412755
      4.80000000	     10.62862603	     -3.12994692	      9.63376327	     -0.15863017	      0.87312518	     -0.57451643	     -0.05170100	     -3.69552195	    -12.75146964	     46.82105942	      0.81718165	     28.78033227	      0.00000000	      0.00000000	      6.36110587	    -15.04897491	      1.79314510	     49.58370195	      0.86539885	     23.61197023	      0.00000000	      0.00000000	    -21.51864029	      7.15710784	     -6.17477776
      4.80500000	     10.65844057	     -3.41238786	      9.67388144	     -0.15993609	      0.86822705	     -0.57531576	      0.89646716	     -3.60184362	    -12.76518584	     48.74756580	      0.85080553	     29.94955554	      0.00000000	      0.00000000	      7.42073810	    -15.28138421	      1.92633519	     51.61551192	      0.90086063	     25.28283877	      0.00000000	      0.00000000	    -21.80386522	      7.57292133	     -6.03123519
      4.81000000	     10.70588705	     -3.71229899	      9.74043105	     -0.16110678	      0.86380511	     -0.57618464	      1.74011496	     -3.46216493	    -12.72554174	     50.41872238	      0.87997271	     29.99444842	      0.00000000	      0.00000000	      8.39090132	    -15.52078739	      2.11229697	     53.47181959	      0.93325931	     26.75039702	      0.00000000	      0.00000000	    -22.07952079	      8.01966889	     -5.91001434
      4.81500000	     10.72454317	     -3.98138576	      9.78954609	     -0.16219819	      0.85970052	     -0.57701328	      2.58444594	     -3.34440045	    -12.57833570	     52.01565383	      0.90784442	     29.99693117	      0.00000000	      0.00000000	      9.30882778	    -15.71518717	      2.33042340	     55.17196216	      0.96293239	     28.03389279	      0.00000000	      0.00000000	    -22.31264376	      8.41973276	     -5.79175444
      4.82000000	     10.71757341	     -4.20220252	      9.81847317	     -0.16319772	      0.85589302	     -0.57776193	      3.40890009	     -3.25872787	    -12.33568487	     53.51331951	      0.93398362	     29.99780213	      0.00000000	      0.00000000	     10.15629868	    -15.85461729	      2.57724975	     56.70031577	      0.98960720	     29.14019527	      0.00000000	      0.00000000	    -22.50534647	      8.75043166	     -5.68641073
      4.82500000	     10.69993399	     -4.35435585	      9.82452386	     -0.16408765	      0.85240947	     -0.57839153	      4.17340883	     -3.21763811	    -12.01987178	     54.87531266	      0.95775488	     29.99824774	      0.00000000	      0.00000000	     10.89411676	    -15.92908909	      2.83358916	     58.01802557	      1.01260557	     29.94853673	      0.00000000	      0.00000000	    -22.67493552	      8.98606849	     -5.59847536
      4.83000000	     10.68807070	     -4.40303108	      9.79033021	     -0.16483983	      0.84932232	     -0.57882570	      4.83763730	     -3.24342725	    -11.63322242	     56.06914875	      0.97859125	     29.99851824	      0.00000000	      0.00000000	     11.45826781	    -15.91925083	      3.04057512	     59.03504943	      1.03035599	     29.99207490	      0.00000000	      0.00000000	    -22.84388579	      9.07898625	     -5.52251967
      4.83500000	     10.67860069	     -4.38060346	      9.74157950	     -0.16546587	      0.84654320	     -0.57914220	      5.40138455	     -3.31631504	    -11.24371260	     57.09478481	      0.99649198	     29.99870240	      0.00000000	      0.00000000	     11.90154047	    -15.85116171	      3.23127293	     59.86606872	      1.04486001	     29.99533201	      0.00000000	      0.00000000	    -22.99923347	      9.07708843	     -5.47564385
      4.84000000	     10.67802803	     -4.29111890	      9.68470666	     -0.16594881	      0.84409178	     -0.57936045	      5.84429100	     -3.43833144	    -10.88889025	     57.93741570	      1.01119866	     29.99883639	      0.00000000	      0.00000000	     12.21641834	    -15.73164585	      3.38328050	     60.51104008	      1.05611688	     29.99644394	      0.00000000	      0.00000000	    -23.14191636	      8.98888697	     -5.46295381
      4.84500000	     10.68868623	     -4.15352489	      9.62306830	     -0.16628758	      0.84199685	     -0.57950470	      6.15894910	     -3.59736057	    -10.59389179	     58.58968122	      1.02258285	     29.99893745	      0.00000000	      0.00000000	     12.41003152	    -15.58127793	      3.47763099	     60.98052422	      1.06431093	     29.99696045	      0.00000000	      0.00000000	    -23.27065648	      8.83795148	     -5.47563217
      4.85000000	     10.70396948	     -3.98923356	      9.55958524	     -0.16648070	      0.84028306	     -0.57959945	      6.35455777	     -3.77773206	    -10.37841608	     59.05597734	      1.03072125	     29.99901444	      0.00000000	      0.00000000	     12.50296863	    -15.42185187	      3.49885325	     61.28998648	      1.06971206	     29.99723528	      0.00000000	      0.00000000	    -23.37399248	      8.65088387	     -5.50927335
      4.85500000	     10.72168115	     -3.81950099	      9.50185385	     -0.16652140	      0.83899957	     -0.57967189	      6.43405978	     -3.96377817	    -10.26005989	     59.33560847	      1.03560173	     29.99907256	      0.00000000	      0.00000000	     12.50979234	    -15.27440982	      3.44053043	     61.45119538	      1.07252569	     29.99738875	      0.00000000	      0.00000000	    -23.44459156	      8.45543329	     -5.55957903
      4.86000000	     10.73328098	     -3.66033763	      9.44564311	     -0.16641271	      0.83818399	     -0.57972926	      6.41762486	     -4.14005515	    -10.22738083	     59.43902871	      1.03740676	     29.99911512	      0.00000000	      0.00000000	     12.44823060	    -15.15502596	      3.29307353	     61.47803551	      1.07299414	     29.99746495	      0.00000000	      0.00000000	    -23.47011743	      8.26702566	     -5.60508241
      4.86500000	     10.73036858	     -3.52231259	      9.38870705	     -0.16615361	      0.83787106	     -0.57977525	      6.32767285	     -4.29619023	    -10.26534630	     59.38391659	      1.03644487	     29.99914177	      0.00000000	      0.00000000	     12.33481513	    -15.07271242	      3.05766285	     61.38468828	      1.07136492	     29.99747920	      0.00000000	      0.00000000	    -23.44061369	      8.09536753	     -5.63290867
      4.87000000	     10.71167935	     -3.40740549	      9.32787720	     -0.16573912	      0.83809652	     -0.57980729	      6.17537587	     -4.42330744	    -10.35123284	     59.17868426	      1.03286289	     29.99915319	      0.00000000	      0.00000000	     12.16863216	    -15.02789189	      2.73936257	     61.16925868	      1.06760496	     29.99743230	      0.00000000	      0.00000000	    -23.35464183	      7.94152852	     -5.63523154
      4.87500000	     10.68001756	     -3.31111828	      9.26592257	     -0.16515787	      0.83887782	     -0.57982420	      5.96550689	     -4.52438452	    -10.46871448	     58.83247279	      1.02682036	     29.99914760	      0.00000000	      0.00000000	     11.94442352	    -15.01244974	      2.35432096	     60.83025236	      1.06168819	     29.99729621	      0.00000000	      0.00000000	    -23.21412793	      7.80046796	     -5.60997031
      4.88000000	     10.63668370	     -3.22844466	      9.20669323	     -0.16440659	      0.84021434	     -0.57982670	      5.70333428	     -4.60229427	    -10.59878658	     58.35451856	      1.01847848	     29.99912374	      0.00000000	      0.00000000	     11.66165647	    -15.01654952	      1.92637928	     60.36807479	      1.05362167	     29.99700717	      0.00000000	      0.00000000	    -23.02100582	      7.66743853	     -5.56050280
      4.88500000	     10.58104642	     -3.15474182	      9.15383700	     -0.16348915	      0.84208299	     -0.57981466	      5.39564099	     -4.65799184	    -10.72654137	     57.75081904	      1.00794194	     29.99907688	      0.00000000	      0.00000000	     11.32332117	    -15.03041956	      1.48103300	     59.78321963	      1.04341402	     29.99642837	      0.00000000	      0.00000000	    -22.77645440	      7.53905783	     -5.49971847
      4.89000000	     10.51549135	     -3.08181344	      9.11102639	     -0.16241007	      0.84444864	     -0.57978011	      5.04448271	     -4.69697927	    -10.84403438	     57.02917010	      0.99534679	     29.99900060	      0.00000000	      0.00000000	     10.92999676	    -15.04361910	      1.03950018	     59.07710904	      1.03109007	     29.99508979	      0.00000000	      0.00000000	    -22.48438811	      7.40654255	     -5.44066760
      4.89500000	     10.43870023	     -3.00178316	      9.08578278	     -0.16117785	      0.84726704	     -0.57972464	      4.65473688	     -4.73304509	    -10.95919369	     56.20442319	      0.98095224	     29.99888199	      0.00000000	      0.00000000	     10.48995499	    -15.04378818	      0.62178320	     58.25628368	      1.01676396	     29.99028222	      0.00000000	      0.00000000	    -22.14444696	      7.26377810	     -5.40429526
      4.90000000	     10.35497378	     -2.90180491	      9.06957329	     -0.15981059	      0.85052856	     -0.57961447	      4.22010919	     -4.77220181	    -11.05400380	     55.27133713	      0.96466681	     29.99869553	      0.00000000	      0.00000000	      9.98985921	    -15.02140991	      0.21836578	     57.29496713	      0.99998582	     29.79599426	      0.00000000	      0.00000000	    -21.76964935	      7.09218518	     -5.38701932
      4.90500000	     10.27874086	     -2.74300938	      9.03448059	     -0.15830600	      0.85428782	     -0.57937217	      3.72130753	     -4.84428337	    -11.10642687	     54.22647784	      0.94643058	     29.99837557	      0.00000000	      0.00000000	      9.36489205	    -14.94452426	     -0.22650980	     56.08591875	      0.97888395	     28.79361444	      0.00000000	      0.00000000	    -21.38809066	      6.83869987	     -5.38013023
      4.91000000	     10.20137235	     -2.54777283	      8.99825931	     -0.15669173	      0.85842947	     -0.57906770	      3.17271985	     -4.94881482	    -11.16198063	     53.09142689	      0.92662020	     29.99775123	      0.00000000	      0.00000000	      8.66875735	    -14.82496324	     -0.67362385	     54.73056587	      0.95522858	     27.57333617	      0.00000000	      0.00000000	    -20.98757988	      6.53555235	     -5.38895328
      4.91500000	     10.12637857	     -2.31746391	      8.95608848	     -0.15497976	      0.86293295	     -0.57869839	      2.56866710	     -5.08532621	    -11.22828441	     51.86683748	      0.90524709	     29.99606640	      0.00000000	      0.00000000	      7.89761709	    -14.66494548	     -1.13928357	     53.23067766	      0.92905059	     26.16571744	      0.00000000	      0.00000000	    -20.57570759	      6.18399302	     -5.41047529
      4.92000000	     10.05922936	     -2.05263786	      8.89694433	     -0.15318625	      0.86778153	     -0.57825235	      1.90419026	     -5.25033794	    -11.29937288	     50.54699496	      0.88221149	     29.97791344	      0.00000000	      0.00000000	      7.04427587	    -14.46719311	     -1.64252789	     51.58878138	      0.90039409	     24.57507364	      0.00000000	      0.00000000	    -20.16525178	      5.78120930	     -5.42558175
      4.92500000	     10.05752985	     -1.79502795	      8.85958245	     -0.15125222	      0.87311640	     -0.57782961	      1.04215563	     -5.38436850	    -11.45966834	     48.91431806	      0.85371590	     28.73605565	      0.00000000	      0.00000000	      6.04448609	    -14.27840594	     -2.16232403	     49.76847380	      0.86862373	     22.77959046	      0.00000000	      0.00000000	    -19.80339450	      5.39795072	     -5.46019481
      4.93000000	     10.09236752	     -1.52013031	      8.81226928	     -0.14921610	      0.87881844	     -0.57736353	      0.06246012	     -5.52540781	    -11.66838756	     47.11293123	      0.82227577	     27.05882859	      0.00000000	      0.00000000	      4.92794899	    -14.07157301	     -2.73330554	     47.79220469	      0.83413133	     20.79421050	      0.00000000	      0.00000000	    -19.47014535	      4.99200767	     -5.49739771
      4.93500000	     10.14913354	     -1.22839159	      8.73574698	     -0.14711071	      0.88481529	     -0.57682251	     -0.99167414	     -5.66701630	    -11.88640121	     45.19536418	      0.78880791	     25.23250163	      0.00000000	      0.00000000	      3.71443744	    -13.84389531	     -3.37355988	     45.67700685	      0.79721416	     18.64296095	      0.00000000	      0.00000000	    -19.15522173	      4.55709704	     -5.52255130
      4.94000000	     10.22139220	     -0.92703630	      8.62733154	     -0.14495391	      0.89105636	     -0.57621717	     -2.10205987	     -5.80770563	    -12.11292791	     43.17462979	      0.75353944	     23.27355154	      0.00000000	      0.00000000	      2.41843729	    -13.59629955	     -4.07648625	     43.43491136	      0.75808221	     16.33351918	      0.00000000	      0.00000000	    -18.85376539	      4.10202473	     -5.52678730
      4.94500000	     10.30190404	     -0.62184201	      8.48952660	     -0.14276291	      0.89748408	     -0.57556228	     -3.24734360	     -5.94824674	    -12.35253855	     41.07668218	      0.71692335	     21.19529742	      0.00000000	      0.00000000	      1.05838817	    -13.32828840	     -4.83296672	     41.08078229	      0.71699491	     13.88075043	      0.00000000	      0.00000000	    -18.55824417	      3.63507148	     -5.50975114
      4.95000000	     10.38388298	     -0.32404258	      8.33189092	     -0.14056377	      0.90403971	     -0.57487823	     -4.40970517	     -6.07689465	    -12.60361624	     38.91881653	      0.67926149	     19.00350849	      0.00000000	      0.00000000	     -0.34100520	    -13.04597430	     -5.61910855	     38.63642708	      0.67433286	     11.29873292	      0.00000000	      0.00000000	    -18.26223290	      3.17162875	     -5.47331434
      4.95500000	     10.45153428	     -0.04120021	      8.15895133	     -0.13839023	      0.91064934	     -0.57417879	     -5.55680430	     -6.18844950	    -12.84913641	     36.72211096	      0.64092174	     16.72967492	      0.00000000	      0.00000000	     -1.74370222	    -12.75064552	     -6.41295465	     36.12903792	      0.63057067	      8.61893681	      0.00000000	      0.00000000	    -17.95052804	      2.72023641	     -5.41698775
      4.96000000	     10.49235386	      0.22072061	      7.98168442	     -0.13627668	      0.91724973	     -0.57348716	     -6.65705374	     -6.28457701	    -13.09553251	     34.52936786	      0.60265116	     14.40073042	      0.00000000	      0.00000000	     -3.11455930	    -12.44503799	     -7.18483787	     33.58972905	      0.58625137	      5.86187365	      0.00000000	      0.00000000	    -17.61311187	      2.29123936	     -5.35009491
      4.96500000	     10.49815628	      0.45395985	      7.80979598	     -0.13426278	      0.92379491	     -0.57281964	     -7.68859542	     -6.35538535	    -13.32835255	     32.36395535	      0.56485758	     12.02566483	      0.00000000	      0.00000000	     -4.42198662	    -12.13740919	     -7.91110570	     31.05232867	      0.54196538	      3.06085103	      0.00000000	      0.00000000	    -17.24439451	      1.89540838	     -5.27886949
      4.97000000	     10.46254964	      0.65061572	      7.65638083	     -0.13237683	      0.93024906	     -0.57219377	     -8.63725902	     -6.39121214	    -13.54033563	     30.24103541	      0.52780564	      9.62583723	      0.00000000	      0.00000000	     -5.63745554	    -11.83960773	     -8.56504088	     28.55015006	      0.49829412	      0.24634630	      0.00000000	      0.00000000	    -16.83922970	      1.54450401	     -5.21421542
      4.97500000	     10.38119337	      0.80560027	      7.52690660	     -0.13064552	      0.93658414	     -0.57161224	     -9.49223315	     -6.38569563	    -13.71401284	     28.17056476	      0.49166911	      7.21452540	      0.00000000	      0.00000000	     -6.73726142	    -11.56395711	     -9.13773260	     26.11835472	      0.45585129	     -2.54250499	      0.00000000	      0.00000000	    -16.39700403	      1.24492305	     -5.15847952
      4.98000000	     10.25858855	      0.91356849	      7.43044596	     -0.12908012	      0.94279557	     -0.57108523	    -10.26165886	     -6.32893383	    -13.84402160	     26.14794132	      0.45636767	      4.79419679	      0.00000000	      0.00000000	     -7.71340977	    -11.32485640	     -9.62073629	     23.78060457	      0.41504985	     -5.29184013	      0.00000000	      0.00000000	    -15.92458951	      1.00529979	     -5.11566266
      4.98500000	     10.09388850	      0.97613313	      7.36872257	     -0.12767685	      0.94887267	     -0.57060654	    -10.95289949	     -6.21961167	    -13.91554722	     24.15697812	      0.42161881	      2.36708461	      0.00000000	      0.00000000	     -8.55820840	    -11.12909953	    -10.02029942	     21.55849333	      0.37626669	     -7.97221058	      0.00000000	      0.00000000	    -15.42013656	      0.82144782	     -5.08498057
      4.99000000	      9.89428822	      0.99214885	      7.34378792	     -0.12643915	      0.95481289	     -0.57017384	    -11.57974680	     -6.05322573	    -13.91585015	     22.18776611	      0.38724957	     -0.05178990	      0.00000000	      0.00000000	     -9.27270394	    -10.98587736	    -10.34186788	     19.46799839	      0.33978067	    -10.57454249	      0.00000000	      0.00000000	    -14.89307695	      0.69560637	     -5.06742660
      4.99500000	      9.65042062	      0.97801332	      7.34270909	     -0.12533723	      0.96060491	     -0.56976903	    -12.13356203	     -5.85599069	    -13.86234356	     20.25323901	      0.35348570	     -2.43840778	      0.00000000	      0.00000000	     -9.86148600	    -10.87833392	    -10.61346275	     17.50922247	      0.30559358	    -13.06413171	      0.00000000	      0.00000000	    -14.32996522	      0.60415613	     -5.06262051
      5.00000000	      9.38718722	      0.92207083	      7.37399514	     -0.12439678	      0.96627943	     -0.56939786	    -12.65370895	     -5.60271239	    -13.70336667	     18.31210218	      0.31960648	     -4.81950302	      0.00000000	      0.00000000	    -10.33614001	    -10.82769704	    -10.82477107	     15.68879192	      0.27382107	    -15.48196747	      0.00000000	      0.00000000	    -13.76245625	      0.56447362	     -5.06265749
