Inverse Dynamics Generalized Forces
version=1
nRows=1000
nColumns=26
inDegrees=no
endheader
time	pelvis_tilt_moment	pelvis_list_moment	pelvis_rotation_moment	pelvis_tx_force	pelvis_ty_force	pelvis_tz_force	hip_flexion_r_moment	hip_adduction_r_moment	hip_rotation_r_moment	hip_flexion_l_moment	hip_adduction_l_moment	hip_rotation_l_moment	lumbar_extension_moment	lumbar_bending_moment	lumbar_rotation_moment	knee_angle_r_moment	knee_angle_r_beta_force	knee_angle_l_moment	knee_angle_l_beta_force	ankle_angle_r_moment	ankle_angle_l_moment	subtalar_angle_r_moment	subtalar_angle_l_moment	mtp_angle_r_moment	mtp_angle_l_moment
      0.00500000	    -59.67358510	     30.37000314	    -13.55579224	      0.00724337	    432.04531628	    -66.83943834	     -6.40791019	      2.49597741	     -0.68637964	      2.42718659	    -37.92051904	      0.04851107	     -2.01951740	     -4.44695651	     -0.94006685	      8.35021483	     -0.03741698	     -2.78716172	     -0.03508404	    -31.27288333	    -24.35707922	      4.69549648	     -0.33076417	     -0.04869217	     -0.04569684
      0.01000000	    -60.31677957	     33.42485620	    -13.21936678	     15.70925208	    425.41005788	    -67.65803096	     -5.19585728	      4.80741290	     -0.87444286	      2.59685883	    -38.20502696	     -0.60697734	     -7.34085589	     -4.31041400	     -0.74373066	      8.90517704	     -0.03535194	     -2.08980751	     -0.03298376	    -25.93909923	    -19.38998556	      4.18289743	     -1.11985544	     -0.05263383	     -0.04972137
      0.01500000	    -60.07678854	     34.64119441	    -12.31155338	     31.00289487	    411.39837001	    -66.60044453	     -3.99040760	      6.01916978	     -1.01052370	      2.90878615	    -37.62537203	     -1.30326031	    -12.41935629	     -3.93923145	     -0.52436211	      9.09030616	     -0.03305772	     -1.59779518	     -0.03067674	    -21.11975950	    -15.26182990	      3.43150144	     -1.59701751	     -0.05565752	     -0.05292968
      0.02000000	    -59.18540374	     36.97526955	    -11.46288520	     45.26450387	    388.86866581	    -65.97116581	     -2.78320798	      7.46624709	     -1.04816941	      3.51173075	    -37.54346248	     -2.12982047	    -17.17682416	     -3.35568735	     -0.29132469	      9.13402274	     -0.03062616	     -1.52062980	     -0.02823588	    -17.02260428	    -11.91077778	      2.95164681	     -2.08331587	     -0.05772704	     -0.05527083
      0.02500000	    -57.45462481	     37.34525742	    -10.08673772	     58.19170651	    357.69994883	    -63.21101415	     -1.31260355	      8.09318574	     -1.05342838	      3.82460859	    -36.24300481	     -2.83466411	    -21.54402415	     -2.59504501	     -0.05320214	      8.71180703	     -0.02814494	     -1.30892342	     -0.02573323	    -13.49594071	     -9.39339762	      2.50378757	     -2.26016310	     -0.05885591	     -0.05673749
      0.03000000	    -56.08747197	     37.61971451	     -8.51589866	     69.62509051	    325.43525714	    -59.73619995	     -0.35929500	      8.34044710	     -1.02384987	      4.03681573	    -35.01691059	     -3.69464302	    -25.46254147	     -1.70249829	      0.18270668	      8.42486760	     -0.02569139	     -1.16824661	     -0.02323501	    -10.59146898	     -7.17489278	      2.10651605	     -2.33527596	     -0.05910154	     -0.05736136
      0.03500000	    -54.80948513	     39.00440354	     -6.95301628	     79.19445163	    292.73675334	    -56.46638703	      0.20233478	      8.33033386	     -0.97799207	      4.48782303	    -34.91092262	     -4.87201045	    -28.88642122	     -0.72944466	      0.41057577	      8.09460627	     -0.02332848	     -1.56494534	     -0.02079826	     -7.96865009	     -4.92805491	      1.82846849	     -2.79281033	     -0.05855610	     -0.05720567
      0.04000000	    -54.38047489	     38.48719745	     -5.39771797	     86.35786325	    258.24456593	    -52.96519936	     -0.21760901	      7.82046352	     -0.94820148	      4.50142685	    -33.97007756	     -5.75612708	    -31.78343789	      0.27053757	      0.62603786	      8.22455947	     -0.02111946	     -1.59580516	     -0.01846926	     -5.86887920	     -3.53157237	      1.41990400	     -2.68124707	     -0.05733354	     -0.05635615
      0.04500000	    -53.22411899	     38.71000552	     -4.00823692	     92.23887694	    224.63587549	    -49.57600344	     -0.31076392	      7.37431290	     -0.91577671	      4.74495136	    -33.40342655	     -6.63570971	    -34.13583610	      1.24563659	      0.82607871	      8.05455268	     -0.01907127	     -2.03063859	     -0.01629737	     -4.10044288	     -1.93873128	      1.21872870	     -2.73089103	     -0.05556252	     -0.05490942
      0.05000000	    -52.22553834	     38.80955658	     -2.42307620	     96.55507816	    195.41057232	    -46.17225228	     -0.25359447	      6.66346057	     -0.93289650	      4.56684316	    -32.96578185	     -7.60438663	    -35.94041698	      2.14933078	      1.00891287	      7.75372172	     -0.01718810	     -2.45024973	     -0.01428143	     -2.71287710	     -0.21389914	      1.09412025	     -2.67116762	     -0.05337041	     -0.05297066
      0.05500000	    -49.80360327	     38.13503150	     -9.42004443	     99.18475645	    164.58517196	    -43.12308706	     -0.26602591	      5.59490665	     -0.95058506	      5.48181438	    -33.91544726	     -0.32506596	    -37.20791276	      2.94321324	      1.17386511	      7.33467515	     -0.01547453	     -3.49962247	     -0.01243607	     -1.51134422	      2.30069496	      0.72978617	     -4.87204609	     -0.05087295	     -0.05063826
      0.06000000	    -48.29049543	     38.95998366	     -8.87847625	    101.50224202	    140.73273123	    -40.64966959	      0.90572822	      4.72945005	     -1.22370919	      4.38102063	    -34.70561172	     -0.54824670	    -37.96167000	      3.59894853	      1.32126408	      6.01290500	     -0.01392700	     -3.09703693	     -0.01077164	     -0.09070464	      2.79420597	      0.86886934	     -5.61379535	     -0.04816753	     -0.04800053
      0.06500000	    -46.64952444	     39.54114391	     -8.05591144	    102.42300258	    114.84738384	    -39.69002032	      1.53527660	      4.22319068	     -1.02294511	      3.50225388	    -34.86971758	     -0.72659167	    -38.23572646	      4.09929299	      1.45234682	      5.50086459	     -0.01253558	     -2.74784858	     -0.00929348	      0.12872090	      2.98187077	      0.48344366	     -6.01792991	     -0.04532837	     -0.04513218
      0.07000000	    -44.32631148	     40.42920388	     -7.36373706	    102.21236138	     92.04424110	    -39.29540362	      2.52939664	      4.10005355	     -0.75299097	      2.85019027	    -34.96832591	     -0.86839524	    -38.07243364	      4.43819322	      1.56915408	      4.76138795	     -0.01128620	     -2.55690543	     -0.00800276	      0.28747765	      3.12855043	      0.36585005	     -6.34897694	     -0.04240478	     -0.04209284
      0.07500000	    -41.90574161	     39.68843343	     -6.58505394	    100.30836456	     71.81381395	    -38.47711004	      3.15513945	      3.70137852	     -0.51952290	      2.36051670	    -34.14789581	     -0.95782420	    -37.51986126	      4.62005691	      1.67438974	      4.09213640	     -0.01016282	     -2.33779990	     -0.00689723	      0.42870242	      3.06620934	      0.20179264	     -6.37342738	     -0.03942237	     -0.03892732
      0.08000000	    -40.45777924	     39.63287846	     -6.32329318	     96.03146031	     55.46057186	    -38.40274015	      2.95515091	      3.32611964	     -0.40389682	      1.93030187	    -34.20660522	     -1.04815642	    -36.62926585	      4.65834829	      1.77122278	      3.81212682	     -0.00914955	     -2.29476940	     -0.00597190	      0.41611781	      3.05074359	      0.18204471	     -6.51566697	     -0.03638653	     -0.03566735
      0.08500000	    -39.49029088	     40.03167120	     -6.46830182	     90.12700396	     43.43774680	    -38.89835082	      2.21801082	      3.08346496	     -0.36535431	      1.73396107	    -34.74582607	     -1.12608469	    -35.45286127	      4.57367929	      1.86301488	      3.78844574	     -0.00823223	     -2.47514198	     -0.00521952	      0.31701629	      3.10371324	      0.22322123	     -6.73561350	     -0.03328766	     -0.03233412
      0.09000000	    -37.81047688	     40.08354750	     -6.40010844	     83.82325676	     34.84527801	    -39.82714680	      2.14906381	      3.09398984	     -0.21881751	      1.52643421	    -34.78405071	     -1.18012802	    -34.04204746	      4.39157203	      1.95297495	      3.37524037	     -0.00739953	     -2.56854723	     -0.00463085	      0.34451179	      3.03430618	      0.17128252	     -6.78429867	     -0.03010754	     -0.02894132
      0.09500000	    -37.10524554	     40.44258254	     -6.55610807	     75.75751435	     29.73724790	    -40.57394010	      1.47609545	      2.89346340	     -0.16645294	      1.17480226	    -35.42583855	     -1.25452735	    -32.44617352	      4.14007809	      2.04377353	      3.24738581	     -0.00664338	     -2.67111637	     -0.00419475	      0.25117597	      3.02147832	      0.20973499	     -6.96565133	     -0.02682579	     -0.02549819
      0.10000000	    -35.96707339	     40.83629890	     -6.68865350	     67.44518163	     27.37203993	    -41.20601329	      1.09797031	      2.74677431	     -0.07411442	      1.01616141	    -35.98461078	     -1.30928262	    -30.71179955	      3.84743581	      2.13717726	      2.95480856	     -0.00595881	     -2.87199928	     -0.00389818	      0.17874514	      3.02664131	      0.27904125	     -7.12780631	     -0.02342614	     -0.02201254
      0.10500000	    -33.64808325	     41.57128220	     -6.95090826	     59.86575363	     27.55565111	    -42.65244691	      1.22503479	      2.83385140	      0.08558356	      1.57150171	    -36.58558201	     -1.31752744	    -28.88230340	      3.53992193	      2.23378493	      2.40047103	     -0.00534336	     -3.47145493	     -0.00372622	      0.22224269	      3.07125524	      0.21701222	     -7.23914592	     -0.01990159	     -0.01849326
      0.11000000	    -33.15547248	     41.76297536	     -7.22652471	     50.25121150	     29.05768172	    -43.37272784	      0.36959750	      2.63999328	      0.07606981	      1.43393217	    -37.20773767	     -1.36407625	    -26.99765831	      3.24004801	      2.33293221	      2.37300278	     -0.00479615	     -3.63306383	     -0.00366223	      0.12398313	      2.97068351	      0.14080583	     -7.31296475	     -0.01625836	     -0.01495252
      0.11500000	    -31.56783534	     42.67450110	     -7.62790462	     41.47703231	     30.51520116	    -44.07178565	      0.05587249	      2.77913497	      0.13132087	      1.88885903	    -37.88890720	     -1.37168238	    -25.09428135	      2.96525722	      2.43276400	      2.14471025	     -0.00431700	     -4.13778630	     -0.00368814	     -0.00380541	      2.96303230	      0.31247723	     -7.39980513	     -0.01251821	     -0.01140728
      0.12000000	    -29.52397002	     43.30089764	     -7.69588550	     33.75034905	     35.11799095	    -44.34701297	      0.34666982	      2.43381975	      0.26130667	      2.27452727	    -38.63883837	     -1.38002429	    -23.20491230	      2.72722689	      2.53041991	      1.53842080	     -0.00390555	     -4.60780390	     -0.00378493	      0.02736162	      2.99624950	      0.24606250	     -7.54286745	     -0.00871915	     -0.00788017
      0.12500000	    -27.98945278	     44.29313159	     -7.99514128	     25.62575574	     37.92446229	    -45.00826765	      0.24424317	      2.46267052	      0.30589242	      2.61658461	    -39.46034332	     -1.38620429	    -21.35851674	      2.53179573	      2.62227575	      1.26018795	     -0.00356074	     -5.00514010	     -0.00393325	     -0.05102039	      2.91093009	      0.31303449	     -7.59420400	     -0.00491465	     -0.00439967
      0.13000000	    -26.19804168	     44.99090358	     -8.23916120	     18.65835892	     42.46005267	    -44.99380136	      0.18490550	      2.10891762	      0.33680316	      3.23527806	    -40.26118900	     -1.36510507	    -19.58024606	      2.37948152	      2.70418254	      0.95582922	     -0.00328052	     -5.57288378	     -0.00411407	     -0.09550307	      2.93927911	      0.27335044	     -7.70693324	     -0.00117147	     -0.00099959
      0.13500000	    -24.66937059	     45.82037116	     -8.40561751	     12.38247928	     47.54671988	    -44.88639605	      0.26395783	      2.00032135	      0.36891102	      3.57346103	    -40.90035435	     -1.34488879	    -17.89147586	      2.26649793	      2.77165562	      0.66283672	     -0.00306187	     -5.94651002	     -0.00430937	     -0.12726135	      2.93958801	      0.25015858	     -7.81174234	      0.00243357	      0.00228197
      0.14000000	    -22.87680932	     46.58435951	     -8.77869933	      6.87974026	     49.50775447	    -44.84507339	      0.05763381	      1.79651190	      0.34010037	      4.37598884	    -41.60217939	     -1.28341918	    -16.30987871	      2.18608519	      2.82003938	      0.58523348	     -0.00290091	     -6.56248744	     -0.00450271	     -0.23914760	      2.91358358	      0.32772246	     -7.82475467	      0.00581762	      0.00540412
      0.14500000	    -21.39169370	     47.46872651	     -8.95432971	      2.47126725	     52.77067907	    -44.64382746	      0.17457659	      1.72282051	      0.34925712	      4.70494728	    -42.21764114	     -1.23324850	    -14.84945374	      2.12992779	      2.84473680	      0.39432528	     -0.00279314	     -6.90631504	     -0.00467969	     -0.28792521	      2.89493189	      0.37851094	     -7.89769300	      0.00889628	      0.00832482
      0.15000000	    -19.93226791	     48.20333426	     -9.18517451	     -0.79442268	     55.39686529	    -44.65774391	      0.18625805	      1.67662924	      0.33408973	      5.13666211	    -42.74263768	     -1.15535385	    -13.52045242	      2.08947542	      2.84156104	      0.30947793	     -0.00273362	     -7.29074124	     -0.00482826	     -0.31693834	      2.86807696	      0.35782029	     -7.92321340	      0.01158817	      0.01100248
      0.15500000	    -18.45742472	     48.51309907	     -9.40895696	     -3.01020208	     56.26314983	    -44.05213876	      0.00388147	      1.24666702	      0.28905165	      5.72677697	    -43.22352346	     -1.04513133	    -12.32920275	      2.05702556	      2.80718397	      0.34086952	     -0.00271710	     -7.77050369	     -0.00493884	     -0.39199076	      2.88258007	      0.41226462	     -7.94129510	      0.01381917	      0.01339738
      0.16000000	    -17.12016589	     49.10117354	     -9.57037997	     -4.23081830	     55.88415870	    -44.18279894	      0.11667412	      1.27860679	      0.28998168	      5.94587952	    -43.58811444	     -0.93375789	    -11.27793418	      2.02645873	      2.73960223	      0.30379939	     -0.00273810	     -8.00612746	     -0.00500438	     -0.40917286	      2.79380683	      0.49223968	     -7.88279066	      0.01552615	      0.01547273
      0.16500000	    -16.26325589	     49.49726655	     -9.79603488	     -4.25116820	     57.76545595	    -44.17716663	     -0.09412016	      1.10443031	      0.24947027	      6.17382046	    -44.04434307	     -0.79994681	    -10.36475201	      1.99358455	      2.63851596	      0.44252723	     -0.00279102	     -8.30454212	     -0.00502023	     -0.39154982	      2.84363972	      0.38696814	     -7.94818301	      0.01665975	      0.01719530
      0.17000000	    -16.17899304	     49.57931418	    -10.04230759	     -3.86965341	     59.21408762	    -44.11118515	     -0.76433308	      0.59958416	      0.15247813	      6.15519110	    -44.68996896	     -0.66083018	     -9.58386611	      1.95612299	      2.50550390	      0.82277731	     -0.00287023	     -8.49685354	     -0.00498401	     -0.39290052	      2.88777473	      0.19451923	     -8.04774293	      0.01718628	      0.01853579
      0.17500000	    -15.68710295	     49.61813309	    -10.21312550	     -2.61853144	     57.01999473	    -44.35604548	     -1.04161737	      0.84506400	      0.12485508	      6.02622036	    -44.56431233	     -0.48847435	     -8.92612757	      1.91336085	      2.34391745	      1.11300106	     -0.00297023	     -8.49651508	     -0.00489544	     -0.39299025	      2.78565804	      0.26677078	     -7.88595413	      0.01708850	      0.01946875
      0.18000000	    -15.31299074	     49.63176602	    -10.44901184	     -0.92559404	     52.57308732	    -44.41351520	     -1.50967766	      0.88013954	      0.08804913	      5.94607363	    -44.62675368	     -0.29177124	     -8.37986661	      1.86552592	      2.15851549	      1.51076291	     -0.00308601	     -8.56262596	     -0.00475616	     -0.44370399	      2.71066290	      0.49339928	     -7.73181099	      0.01636542	      0.01997247
      0.18500000	    -16.25313681	     49.56024503	    -10.55522561	      1.06557545	     53.08917823	    -44.41241768	     -2.22614624	      0.83378121	      0.03304222	      5.12323275	    -44.80854331	     -0.12349571	     -7.93194178	      1.81295300	      1.95493174	      2.02932520	     -0.00321334	     -8.26008670	     -0.00456956	     -0.40818147	      2.72936540	      0.41080628	     -7.78865173	      0.01503122	      0.02002882
      0.19000000	    -16.88810226	     49.46249030	    -10.89522836	      3.81580928	     53.20946378	    -44.89439067	     -3.22365899	      0.42081888	     -0.03922115	      4.88043082	    -45.42743333	      0.10542129	     -7.56888010	      1.75516106	      1.73905749	      2.66432793	     -0.00334930	     -8.36534675	     -0.00434072	     -0.35190815	      2.85531964	      0.19184735	     -7.87556562	      0.01311349	      0.01962324
      0.19500000	    -17.81176396	     49.59719506	    -11.08737883	      5.90041285	     48.89508739	    -45.51831173	     -3.87572609	      0.97577388	     -0.05557118	      3.92843909	    -45.31326806	      0.31421323	     -7.27799954	      1.68997481	      1.51641232	      3.24499030	     -0.00349266	     -7.92034852	     -0.00407636	     -0.36007488	      2.73758089	      0.44394095	     -7.70357992	      0.01065098	      0.01874507
      0.20000000	    -19.34682764	     48.49098331	    -11.25271539	      8.01213549	     47.56895786	    -45.56621528	     -5.29748513	      0.47592918	     -0.15677674	      3.17754205	    -45.31288230	      0.55599143	     -7.04838685	      1.61280869	      1.29159849	      4.11530574	     -0.00364435	     -7.62015568	     -0.00378484	     -0.32900480	      2.72866521	      0.23050587	     -7.59476075	      0.00769125	      0.01738808
      0.20500000	    -20.86750051	     48.69538625	    -11.41962454	      9.95856909	     45.61204169	    -46.42510521	     -5.99038723	      0.92598253	     -0.14942149	      1.89322187	    -45.47112405	      0.77758112	     -6.87159651	      1.51622035	      1.06792898	      4.70380349	     -0.00380781	     -7.03007499	     -0.00347627	     -0.28054590	      2.69607815	      0.36702413	     -7.54956939	      0.00428830	      0.01555135
      0.21000000	    -22.50077163	     47.64711150	    -11.46030352	     11.52208909	     43.53554502	    -46.48433309	     -7.07751875	      0.60685842	     -0.17852864	      0.79213197	    -45.36254993	      1.02685257	     -6.74198265	      1.38982892	      0.84726805	      5.41992836	     -0.00398917	     -6.48746977	     -0.00316265	     -0.24126357	      2.65800635	      0.36131262	     -7.40879353	      0.00050061	      0.01324018
      0.21500000	    -24.12113310	     47.25241343	    -11.81143134	     12.99201643	     43.38391794	    -47.26569962	     -8.20948572	      0.68628744	     -0.22566026	     -0.03540584	    -45.52311958	      1.30964826	     -6.65663870	      1.22066508	      0.63007718	      6.20989354	     -0.00419734	     -6.13463851	     -0.00285805	     -0.20935588	      2.74375986	      0.36852115	     -7.37474076	     -0.00361040	      0.01046689
      0.22000000	    -26.21349274	     46.02218747	    -11.80887387	     13.44115643	     43.16585407	    -47.68628336	     -9.18725639	      0.58335834	     -0.24858495	     -1.48210111	    -45.23898825	      1.55186183	     -6.61497597	      0.99398436	      0.41562512	      6.89896723	     -0.00444394	     -5.31708345	     -0.00257890	     -0.15643418	      2.66655160	      0.35384132	     -7.20733911	     -0.00798139	      0.00725130
      0.22500000	    -28.66757693	     43.98989366	    -11.63977440	     13.36917950	     46.03928667	    -47.90894706	    -10.24821569	     -0.06207655	     -0.27929697	     -3.07343089	    -44.92909014	      1.78575307	     -6.61800757	      0.69453568	      0.20229239	      7.57927470	     -0.00474292	     -4.38116240	     -0.00234409	     -0.05577634	      2.60156323	      0.06183981	     -7.07627880	     -0.01254765	      0.00362088
      0.23000000	    -30.67703183	     43.33464559	    -11.84109280	     13.11968893	     49.94485654	    -49.00725577	    -10.86337528	      0.00372498	     -0.28646570	     -4.37485453	    -45.10513491	      2.04967435	     -6.66740089	      0.30822336	     -0.01210715	      8.11143541	     -0.00511014	     -3.65333650	     -0.00217520	      0.00018089	      2.67440746	      0.10876728	     -7.11604217	     -0.01724346	     -0.00038967
      0.23500000	    -31.50643161	     41.94718821	    -11.92287380	     12.83984875	     51.85006792	    -49.80036605	    -10.95409837	      0.00945377	     -0.23694248	     -5.15059479	    -44.65773768	      2.33487370	     -6.76434501	     -0.17596180	     -0.23003297	      8.36187298	     -0.00556264	     -3.07459793	     -0.00209641	      0.04117278	      2.67104702	      0.38852469	     -6.91029421	     -0.02200227	     -0.00473923
      0.24000000	    -35.68774137	     41.67249222	    -12.86964574	      8.58687650	     46.15785265	    -50.92510756	    -14.16139938	      1.09272214	     -0.26537949	     -5.93675596	    -44.21108109	      2.60766499	     -6.90826393	     -0.76392941	     -0.45394162	     11.09146852	     -0.00611793	     -2.43414133	     -0.00213438	     -1.78798425	      2.63622830	      1.04366299	     -6.68835119	     -0.02675730	     -0.00938142
      0.24500000	    -23.27049355	     39.44829660	    -10.21270159	     20.23303286	     31.80605518	    -48.51898771	     -2.30012395	     -3.62976358	     -0.30760883	     -7.21581725	    -44.35497987	      2.84715183	     -7.09541335	     -1.45462787	     -0.68598254	      5.14734569	     -0.00679322	     -1.53540004	     -0.00231781	     -3.55179486	      2.66709091	      0.56188168	     -6.72855703	     -0.03144244	     -0.01426586
      0.25000000	     -0.81037430	     37.55796229	     -6.79062539	     40.64487214	     13.59975885	    -46.31501059	     17.59451862	     -8.80336501	     -0.59705957	     -7.33285933	    -43.79326694	      3.12866592	     -7.31746882	     -2.23857101	     -0.92764820	     -5.35034956	     -0.00760484	     -1.12102255	     -0.00267684	     -4.97824749	      2.69545204	      0.36394052	     -6.51407614	     -0.03599363	     -0.01933933
      0.25500000	      4.67473956	     39.19294255	     -6.55531951	     44.52878348	     11.82323686	    -50.11208050	     23.75803542	     -7.81874982	     -0.45536589	     -7.85578690	    -43.60577401	      3.36749098	     -7.56030975	     -3.09697238	     -1.17940842	     -7.68533160	     -0.00856783	     -0.45380422	     -0.00324232	     -6.74720505	      2.65514896	      0.77001025	     -6.35546850	     -0.04035045	     -0.02454684
      0.26000000	      8.37677215	     43.27508747	     -2.21324243	     45.80392625	      5.77310074	    -63.53609871	     21.98919363	     -1.69339224	      0.17301149	     -1.92857196	    -41.93575226	     -3.87450168	     -7.80322429	     -4.00170715	     -1.44037275	     -5.40966347	     -0.00969611	     -2.81679548	     -0.00404527	     -7.73187470	     -0.12908438	      1.73237972	     -4.45318136	     -0.04445757	     -0.02983199
      0.26500000	     21.30221665	     42.16921433	     -9.28635823	     56.26540244	     -9.77579993	    -74.79204919	     14.91812531	      1.72884800	      0.37086445	     16.86153019	    -40.02214140	     -2.80287456	     -8.01870126	     -4.91628936	     -1.70803339	     -0.64469901	     -0.01100301	    -11.34737719	     -0.00512626	     -8.99036147	     -3.53291910	      2.10595209	     -4.21140388	     -0.04826576	     -0.03513597
      0.27000000	     18.20981237	     34.09043541	    -11.76807403	     50.21607812	     -1.05078382	    -73.71747384	      6.44223957	     -0.92932082	      0.11315809	     22.80758598	    -37.75435954	     -2.27270521	     -8.17290444	     -5.79792185	     -1.97817017	      3.99403265	     -0.01250217	    -13.56615965	     -0.00651245	    -10.50978358	     -4.82728652	      1.98838621	     -3.94641762	     -0.05173224	     -0.04039951
      0.27500000	      3.16640068	     22.52307603	    -11.23665070	     31.45351831	     12.29137354	    -66.88208336	     -1.21474404	     -4.60900370	     -0.18665819	     16.89962581	    -33.69523485	     -1.35797301	     -8.22682180	     -6.60049280	     -2.24498168	      8.07306877	     -0.01421051	     -8.99170780	     -0.00823323	    -12.66817773	     -6.65980305	      1.78847094	     -3.30811778	     -0.05482023	     -0.04555965
      0.28000000	    -16.32067145	     10.05089926	    -11.77777720	      7.50304464	     23.78971681	    -59.05104617	    -14.93139272	     -8.41471451	     -0.40127281	     12.89293945	    -29.41132075	     -0.52512806	     -8.13792295	     -7.27822061	     -2.50143139	     15.36851497	     -0.01617538	     -5.41368013	     -0.01031496	    -15.97239758	     -8.71703675	      1.54189524	     -2.46428180	     -0.05749616	     -0.05054923
      0.28500000	    -33.97628392	      6.87795317	    -13.65607133	    -15.72144291	     36.83564465	    -60.49265531	    -26.43528130	     -8.45773967	     -0.27383674	      9.80170863	    -29.48022377	      0.08777098	     -7.86203652	     -7.78950267	     -2.73974175	     21.75469139	     -0.01840502	     -3.17168097	     -0.01277934	    -19.24366083	    -10.61773175	      1.76695076	     -1.99506121	     -0.05973518	     -0.05529618
      0.29000000	    -47.87079593	     11.61894940	    -15.37427083	    -36.16011584	     43.64816386	    -69.64226323	    -30.71570138	     -4.05017005	     -0.01005238	      3.84758204	    -31.32941212	      0.76132889	     -7.35513818	     -8.10046324	     -2.95194027	     24.86134078	     -0.02091940	      0.32800008	     -0.01564037	    -23.01461603	    -13.45454031	      2.75894647	     -1.32106698	     -0.06151508	     -0.05972341
      0.29500000	    -53.05283128	     19.31631445	    -15.87206303	    -47.67846159	     48.44600436	    -77.32664054	    -27.01887867	     -2.97414635	      0.06511617	     -1.77167638	    -35.84459799	      1.28064318	     -6.57477428	     -8.18778888	     -3.13033456	     23.12234043	     -0.02373129	      3.24869369	     -0.01889937	    -28.43439560	    -15.37614834	      3.52395297	     -0.94835030	     -0.06281728	     -0.06374977
      0.30000000	    -46.30585088	     26.89005857	    -14.17137616	    -47.02620185	     51.11190553	    -81.66655035	    -12.04315278	     -4.90970202	     -0.12511926	     -7.93279244	    -40.04309965	      1.81630521	     -5.48095042	     -8.04061612	     -3.26782629	     14.58497865	     -0.02683860	      6.52819399	     -0.02253726	    -34.49394343	    -17.26991471	      4.44623429	     -0.40762989	     -0.06362616	     -0.06729195
      0.30500000	    -35.70961507	     28.16834433	    -10.96323072	    -41.95185015	     52.70783441	    -79.85598881	      4.41035071	    -10.63600716	     -0.39038658	    -13.13940033	    -41.83675434	      2.37112371	     -4.03652347	     -7.66139444	     -3.35807308	      4.41554409	     -0.03021465	      9.38811064	     -0.02642962	    -40.87303106	    -20.25712357	      5.18399593	      0.49233705	     -0.06392839	     -0.07027739
      0.31000000	    -24.47508652	     24.36612180	     -8.46920144	    -36.48011574	     46.10645679	    -74.09951855	     15.75660071	    -16.59551610	     -0.50646787	    -13.86296454	    -39.90209293	      2.80613935	     -2.20735998	     -7.06576484	     -3.39557896	     -3.51747936	     -0.03379699	      9.72480128	     -0.03031761	    -47.93705890	    -24.91202066	      6.18447592	      1.82492734	     -0.06371241	     -0.07265362
      0.31500000	    -13.65845229	     22.73614200	     -8.92933118	    -31.99274080	     26.94145222	    -73.37812591	     20.45105646	    -17.52067233	     -0.48809137	     -8.62189555	    -35.85123158	      2.91321502	      0.03734393	     -6.28156086	     -3.37580402	     -7.72027196	     -0.03713301	      6.34286827	     -0.03432361	    -55.92889465	    -31.80143617	      7.66822030	      3.93846936	     -0.06300792	     -0.07432352
      0.32000000	     -4.46488732	     25.13362024	    -12.02753948	    -28.69131596	      4.73047016	    -76.40391255	     19.55718514	    -16.23362631	     -0.39097619	      1.08144978	    -33.48332938	      2.86085615	      2.72417673	     -5.34706007	     -3.29536320	     -9.37133248	     -0.04042595	     -0.23664441	     -0.03839395	    -64.92854307	    -39.68423000	      9.58943389	      6.00237862	     -0.06178468	     -0.07522188
      0.32500000	      4.69700501	     29.86883680	    -15.95293894	    -25.90820645	    -23.80190036	    -81.54140227	     17.37511204	    -15.75650016	     -0.21899920	     12.01950381	    -33.81629331	      2.90407798	      5.87380625	     -4.30863849	     -3.15232999	    -11.33433433	     -0.04369951	     -8.74563497	     -0.04246363	    -74.63732519	    -48.53306183	     11.72972060	      8.28184708	     -0.06003261	     -0.07529413
      0.33000000	     12.25111945	     34.61694063	    -18.17993871	    -25.68908739	    -58.96771991	    -84.93824957	     17.96210471	    -17.24789779	      0.04940497	     18.35787498	    -35.53558978	      3.15304302	      9.49849541	     -3.21800607	     -2.94658785	    -16.14103857	     -0.04689984	    -15.83675624	     -0.04645024	    -84.99082198	    -58.33037780	     14.08957084	     11.06123170	     -0.05775542	     -0.07449922
      0.33500000	     14.33582856	     37.25333495	    -17.03438636	    -32.08984743	    -96.52962421	    -83.30823652	     21.64817956	    -21.26808955	      0.50673567	     16.13159854	    -37.91485574	      3.62756585	     13.59917546	     -2.12920559	     -2.68013544	    -24.04966366	     -0.04995334	    -19.41142426	     -0.05058480	    -95.80189983	    -68.51487621	     16.48826072	     13.91620559	     -0.05496787	     -0.07284056
      0.34000000	     11.55114516	     37.27505622	    -13.34919883	    -44.59103022	   -135.34006714	    -78.26467310	     26.27959179	    -26.42574991	      1.16802483	      7.93591977	    -39.85444841	      4.17037431	     18.16259143	     -1.09557031	     -2.35726701	    -33.46022845	     -0.05298727	    -21.09266784	     -0.05429593	   -106.65110946	    -79.15591668	     18.92085679	     17.27272278	     -0.05171150	     -0.07030128
      0.34500000	      7.18565748	     39.75138629	    -10.30116110	    -58.14515705	   -167.37270726	    -74.62516171	     29.39535955	    -30.39472365	      1.91012830	      0.22512128	    -43.31049733	      4.93334346	     23.15907132	     -0.16684384	     -1.98457251	    -42.73475279	     -0.05573219	    -23.93676500	     -0.05717302	   -117.02486939	    -89.59951475	     21.37022278	     19.95832154	     -0.04803714	     -0.06688392
      0.35000000	      6.96426233	     41.80407375	     -9.23532893	    -66.96273414	   -193.27610964	    -71.73324373	     29.58997958	    -33.20015243	      2.75198632	     -1.09140367	    -45.27231800	      5.53140986	     28.54138048	      0.61338467	     -1.57072462	    -50.94376894	     -0.05763543	    -31.04979467	     -0.05904336	   -126.25384267	    -99.93210708	     23.83421137	     22.99159235	     -0.04398982	     -0.06262843
      0.35500000	      8.60964726	     41.19216417	     -8.84757546	    -71.26146786	   -203.29551516	    -66.17614134	     27.45431882	    -35.95724341	      3.73001159	      1.20492514	    -45.12590600	      5.82534970	     34.24492706	      1.20983889	     -1.12605363	    -58.02598466	     -0.05858068	    -40.17707855	     -0.05978870	   -134.03472818	   -109.72726870	     25.45063409	     25.41903596	     -0.03964828	     -0.05760148
      0.36000000	     14.55313504	     39.21703394	     -8.76263432	    -69.29696222	   -207.53838156	    -58.57635327	     26.41763144	    -36.94637207	      4.46720822	      5.74962103	    -41.55396358	      5.48919411	     40.18933888	      1.59722420	     -0.66194359	    -65.44379066	     -0.05850356	    -50.56908718	     -0.05906812	   -141.30583922	   -119.17577928	     27.13188105	     27.74420417	     -0.03510584	     -0.05192970
      0.36500000	     22.06852050	     33.85985019	     -6.85006205	    -64.48049139	   -208.86125605	    -45.75283855	     28.46779012	    -38.61372950	      5.17719629	      7.77562068	    -35.52670872	      4.58387057	     46.28121746	      1.76131315	     -0.19011174	    -74.67494074	     -0.05727191	    -59.62736585	     -0.05783840	   -147.98186587	   -128.45605661	     28.73244670	     29.73832566	     -0.03047363	     -0.04570244
      0.37000000	     32.40922597	     27.18199275	     -3.90549915	    -54.35463169	   -201.15440207	    -30.93249568	     34.10012483	    -40.55496743	      5.69600593	      8.49475210	    -28.29030545	      3.29341017	     52.41773691	      1.69936133	      0.27812523	    -85.29283858	     -0.05517472	    -67.67159244	     -0.05640016	   -153.95705846	   -136.88787983	     29.92798305	     31.40323001	     -0.02587072	     -0.03904921
      0.37500000	     46.69299489	     20.18819678	     -1.08805840	    -37.54222129	   -185.04806512	    -15.57968048	     42.12568843	    -42.91792668	      6.09560866	     10.27237764	    -20.76528198	      1.79806537	     58.49068478	      1.41979013	      0.73247054	    -96.67479057	     -0.05294784	    -75.70797706	     -0.05486281	   -158.95031053	   -144.62190703	     30.81324608	     32.64970366	     -0.02138543	     -0.03212907
      0.38000000	     62.92120856	     13.93149034	      0.51563662	    -18.24470939	   -169.04783189	     -1.49224846	     49.63517485	    -44.26317405	      6.30013492	     14.27400286	    -12.91203004	      0.11357464	     64.39053036	      0.94112837	      1.16404601	   -107.41609405	     -0.05069051	    -84.91903297	     -0.05331574	   -163.29895069	   -151.74154057	     32.07576543	     33.97788665	     -0.01712312	     -0.02511393
      0.38500000	     78.94343509	      9.53487108	      0.62919913	      1.55182541	   -153.63634898	     10.07503486	     55.39996620	    -44.45608109	      6.30693725	     20.06691628	     -5.77013145	     -1.50240604	     70.01015923	      0.29030976	      1.56551063	   -116.95607270	     -0.04848783	    -94.71816585	     -0.05182426	   -167.33233362	   -158.27057639	     33.45931985	     35.11135860	     -0.01317928	     -0.01818412
      0.39000000	     92.54185624	      5.03941785	      0.48686765	     19.23908234	   -139.48651472	     19.94889762	     59.48241995	    -45.41887942	      6.45235129	     25.34529016	     -0.14036226	     -2.81242457	     75.24800675	     -0.49946870	      1.93089560	   -125.32432403	     -0.04641033	   -104.16942204	     -0.05016615	   -170.79451278	   -164.44617815	     34.06759165	     35.86614094	     -0.00963427	     -0.01151282
      0.39500000	    103.09398509	      1.17596732	      0.28522417	     32.98555683	   -129.65454452	     28.45492424	     62.34659645	    -46.25975391	      6.62818001	     29.31314356	      4.42782686	     -3.87507453	     80.01044161	     -1.39106848	      2.25521914	   -132.99226614	     -0.04451422	   -112.63892425	     -0.04834041	   -174.12995977	   -169.99453634	     34.83707176	     36.81230812	     -0.00654829	     -0.00525738
      0.40000000	    113.44827265	     -0.65493036	     -0.14329607	     46.05316926	   -126.15323048	     33.85514359	     66.01319331	    -47.29610523	      6.79108254	     32.73008682	      6.94401061	     -4.38362615	     84.21339280	     -2.34567244	      2.53400168	   -140.81893621	     -0.04277648	   -120.71764320	     -0.04647764	   -177.41956609	   -175.05215663	     35.91868513	     37.71305789	     -0.00395836	      0.00043713
      0.40500000	    119.39611692	     -2.17987081	     -0.29045125	     53.48815034	   -127.74719274	     37.58220501	     67.93077132	    -48.96428742	      7.19737181	     34.23010340	      7.62887343	     -4.36271493	     87.78335823	     -3.32481140	      2.76282257	   -147.67784739	     -0.04109407	   -127.46331306	     -0.04469936	   -180.50588264	   -179.63600681	     36.65664156	     38.50095797	     -0.00187031	      0.00545021
      0.41000000	    119.67825435	     -1.48720524	     -0.48977100	     52.89331203	   -135.59677372	     37.90653339	     67.61665298	    -50.05331067	      7.65246018	     33.63956757	      5.79143163	     -3.57971653	     90.65803502	     -4.29204658	      2.93703693	   -153.28586515	     -0.03957079	   -132.90959599	     -0.04311026	   -183.38211205	   -183.51920774	     37.51519480	     39.04025780	     -0.00026572	      0.00968985
      0.41500000	    114.87399366	     -0.54975018	     -0.47036346	     45.77266007	   -147.86965468	     35.92426051	     64.91372011	    -51.16581198	      8.28417737	     31.26860283	      2.56938050	     -2.33593931	     92.78683821	     -5.21427393	      3.05171901	   -157.17068050	     -0.03829678	   -136.93657169	     -0.04179329	   -186.10997150	   -187.02619716	     38.09963086	     39.77560027	      0.00089548	      0.01309388
      0.42000000	    106.52694861	      1.16980974	     -0.29729594	     33.49042641	   -164.58011268	     31.80908352	     60.96326828	    -52.33049770	      9.04529361	     27.50572891	     -2.09655482	     -0.62222362	     94.13152150	     -6.06268279	      3.10184102	   -160.06938259	     -0.03734010	   -139.56590674	     -0.04080757	   -188.47656585	   -189.94996223	     38.55744847	     40.48123342	      0.00166672	      0.01562892
      0.42500000	     97.88426778	      3.18581620	     -0.48516527	     20.24088184	   -185.44625309	     26.34630866	     56.29538764	    -54.10315159	     10.02806262	     24.53678233	     -7.56040148	      1.34739162	     94.66700439	     -6.81342733	      3.08265397	   -162.21618621	     -0.03674471	   -141.72092238	     -0.04018840	   -190.61206814	   -192.11329237	     38.72657278	     41.04303639	      0.00210553	      0.01728708
      0.43000000	     90.22685001	      6.98065980	     -1.11626825	      7.33142752	   -209.89294586	     18.83249163	     52.57696025	    -54.52178932	     10.64246174	     22.16334812	    -13.05076988	      3.31285585	     94.38237841	     -7.44805641	      2.99022214	   -163.83369843	     -0.03653030	   -143.21690426	     -0.03994881	   -192.48972745	   -193.50890173	     39.68832022	     41.63317413	      0.00226505	      0.01808133
      0.43500000	     83.56610329	     10.41011646	     -1.84189059	     -3.91648689	   -229.57399628	     10.24432319	     49.46513260	    -55.40489355	     11.27321784	     20.53844278	    -18.77299634	      5.30007216	     93.28195573	     -7.95373364	      2.82207269	   -164.29904478	     -0.03669337	   -143.77685112	     -0.04008163	   -193.06222386	   -193.99066442	     39.92385266	     41.72568945	      0.00218700	      0.01804002
      0.44000000	     76.19403116	     12.86653022	     -2.53658124	    -15.03406086	   -243.16701414	      1.64651224	     45.82883483	    -55.74886452	     11.74213504	     19.15629838	    -23.47961417	      6.90603086	     91.38616750	     -8.32327694	      2.57792352	   -162.59175569	     -0.03720897	   -142.80980671	     -0.04056147	   -193.05748265	   -193.37061096	     39.88426485	     41.92168157	      0.00189646	      0.01720150
      0.44500000	     68.43967373	     15.66646249	     -3.06540650	    -25.68966452	   -250.42238194	     -7.52672767	     43.03610322	    -54.68685841	     11.73203834	     17.18507051	    -27.54471436	      8.21957399	     88.73208719	     -8.55503443	      2.26040744	   -159.21167769	     -0.03803282	   -139.91544920	     -0.04134635	   -192.12779971	   -191.85035258	     39.99864477	     41.76810366	      0.00139886	      0.01560937
      0.45000000	     61.24302547	     16.29581840	     -3.00786669	    -34.19239497	   -246.80138197	    -14.34335153	     41.10015787	    -53.34019624	     11.52188190	     15.04578746	    -29.66155227	      8.83913649	     85.37333888	     -8.65258470	      1.87565168	   -154.11832647	     -0.03910350	   -134.92745552	     -0.04237879	   -190.09780482	   -189.02754569	     39.80464241	     41.44161572	      0.00067937	      0.01330909
      0.45500000	     56.72846282	     16.27053891	     -2.91770633	    -37.68327018	   -232.37686088	    -20.44938675	     40.86579823	    -51.72843417	     11.04062133	     13.93656159	    -30.64369523	      9.03225511	     81.37920199	     -8.62423789	      1.43356409	   -147.71744852	     -0.04034484	   -128.62221300	     -0.04358679	   -187.15354813	   -184.81445509	     39.23695371	     40.65061683	     -0.00029478	      0.01034606
      0.46000000	     54.88483209	     15.97667724	     -2.91860225	    -38.17532677	   -214.55505369	    -25.23269953	     42.18285719	    -49.50827086	     10.31664022	     13.83689592	    -30.32681658	      8.78299008	     76.83282013	     -8.48232293	      0.94771978	   -140.92103254	     -0.04166861	   -121.47097759	     -0.04488515	   -183.32660181	   -179.49145390	     39.01163737	     39.65302530	     -0.00156909	      0.00676541
      0.46500000	     52.38186400	     15.21936527	     -3.20274383	    -38.74343450	   -189.71669513	    -29.68992654	     42.38711700	    -47.22490074	      9.62152705	     14.42181379	    -29.84196022	      8.44090969	     71.82851369	     -8.24225734	      0.43480905	   -132.31209109	     -0.04297795	   -113.49357608	     -0.04617778	   -178.44503038	   -173.05819657	     38.16564645	     38.10431028	     -0.00319368	      0.00261327
      0.47000000	     47.76941287	     14.22064809	     -3.56944765	    -41.73193020	   -160.96762363	    -33.46630485	     41.12968588	    -44.89828967	      9.00114103	     14.65459493	    -29.45128389	      8.10510791	     66.46832361	     -7.92142537	     -0.08629954	   -122.31621908	     -0.04425062	   -104.38528673	     -0.04736149	   -172.82215767	   -165.59274100	     36.95528247	     36.21214228	     -0.00521456	     -0.00206075
      0.47500000	     42.22883322	     13.67377279	     -4.07907449	    -47.07362091	   -132.23156856	    -37.41970936	     39.33917406	    -42.80646313	      8.47196528	     14.63741600	    -29.83430983	      7.95811466	     60.85807114	     -7.53795058	     -0.59574306	   -111.91874013	     -0.04565951	    -94.96411068	     -0.04833169	   -166.15277121	   -157.20263055	     35.54846594	     34.02113734	     -0.00766236	     -0.00720053
      0.48000000	     36.35891666	     12.64735708	     -4.81189291	    -53.42317356	   -103.99927850	    -40.34532178	     36.53224520	    -40.81081509	      8.00062302	     15.06854268	    -29.86861650	      7.68043462	     55.10325789	     -7.10948413	     -1.07391926	   -100.93491389	     -0.04720925	    -85.58333248	     -0.04916866	   -158.87584747	   -148.03024376	     33.91262946	     31.67499561	     -0.01054512	     -0.01274801
      0.48500000	     30.57272235	     12.54149276	     -5.59716042	    -59.68121450	    -74.27807937	    -43.40463063	     34.05422251	    -39.45491933	      7.59634307	     15.22674555	    -31.14673714	      7.64803726	     49.30503012	     -6.65211316	     -1.50262598	    -90.24668443	     -0.04889453	    -75.95842301	     -0.05014797	   -150.87152163	   -138.15646969	     31.99453786	     28.86588626	     -0.01384868	     -0.01862506
      0.49000000	     25.59077766	     12.94352817	     -6.59760045	    -65.26041448	    -43.94933669	    -46.76610530	     31.72252317	    -37.88287743	      7.08872837	     15.78761785	    -32.53822344	      7.55605604	     43.55636430	     -6.17946303	     -1.86592270	    -79.62330025	     -0.05070134	    -66.88479836	     -0.05126264	   -142.09601313	   -127.69942707	     29.87725248	     25.88878138	     -0.01753686	     -0.02473770
      0.49500000	     19.98591408	     13.42993156	     -7.59249694	    -71.44885958	    -14.49946810	    -50.02817951	     28.96097303	    -36.38685835	      6.55509038	     15.87771782	    -34.07026460	      7.42185738	     37.93865058	     -5.70203469	     -2.15064566	    -69.16050519	     -0.05260262	    -57.90157594	     -0.05248844	   -132.83073443	   -117.10256228	     27.44503944	     22.96657847	     -0.02155354	     -0.03098007
      0.50000000	     13.89726817	     16.47090112	     -8.87027995	    -77.65713102	     17.20774353	    -54.28882565	     26.55242356	    -33.66146817	      5.79518662	     15.39752209	    -36.56761337	      7.36654536	     32.51886030	     -5.22677126	     -2.34661418	    -59.05935922	     -0.05427094	    -49.10308118	     -0.05377554	   -123.14064316	   -105.89573228	     25.31642070	     19.56303180	     -0.02583615	     -0.03723331
      0.50500000	      7.35521261	     18.08526773	     -9.97327490	    -83.76237483	     47.67887308	    -57.42842519	     23.15844115	    -31.15110508	      5.07517783	     14.83925302	    -38.14649911	      7.04692089	     27.34750748	     -4.75684709	     -2.44664006	    -48.87756179	     -0.05481655	    -40.99417582	     -0.05456693	   -113.16778904	    -94.91401962	     22.84772741	     16.60592195	     -0.03031053	     -0.04339436
      0.51000000	      1.90184177	     20.31798417	    -11.13151394	    -88.41851529	     73.02384258	    -60.40405855	     20.13356713	    -28.22280984	      4.29124249	     14.50094590	    -39.54033157	      6.58696956	     22.45769119	     -4.29174905	     -2.44652390	    -39.60778493	     -0.05444544	    -33.91549172	     -0.05404988	   -103.23044897	    -84.20586460	     20.52394780	     13.69058650	     -0.03485852	     -0.04933706
      0.51500000	     -3.52309457	     22.52750572	    -12.08634112	    -91.86396853	     98.97243069	    -62.72171921	     17.17723649	    -25.06868241	      3.49209892	     13.85666022	    -40.60212707	      5.99954164	     17.86548162	     -3.82776284	     -2.34521560	    -30.96465574	     -0.05317387	    -27.44491412	     -0.05252646	    -93.07512186	    -73.64463727	     18.08594547	     10.80240568	     -0.03937205	     -0.05489735
      0.52000000	     -8.70830588	     24.47230487	    -12.79793647	    -94.10345990	    118.68662885	    -64.12174947	     14.24392627	    -21.43134800	      2.69882741	     12.88806435	    -40.77440985	      5.25385239	     13.57168635	     -3.35890961	     -2.14515432	    -23.02906458	     -0.05106796	    -21.63611181	     -0.05008135	    -83.43040498	    -63.92401121	     15.96210471	      8.26278292	     -0.04373931	     -0.05994373
      0.52500000	    -13.12445704	     26.43660113	    -13.40969461	    -94.27955699	    135.34791787	    -65.37300374	     11.49442809	    -17.72719789	      1.95373650	     12.14370608	    -40.60454660	      4.43673272	      9.56477453	     -2.87827360	     -1.85262985	    -15.96967970	     -0.04868745	    -16.73717134	     -0.04685215	    -74.00941734	    -54.86476088	     13.83284990	      6.11061148	     -0.04786782	     -0.06435835
      0.53000000	    -16.47657505	     27.66635249	    -13.53782515	    -91.96547424	    147.72344082	    -65.25299897	      9.42034921	    -14.20071137	      1.28372365	     11.28825246	    -39.60734525	      3.53840207	      5.82458993	     -2.37957599	     -1.47797158	    -10.04504444	     -0.04648142	    -12.52366987	     -0.04397700	    -65.03440179	    -46.56619662	     11.83359207	      4.18735660	     -0.05165064	     -0.06809556
      0.53500000	    -19.08061863	     29.53820706	    -13.71071979	    -87.32698493	    156.48274297	    -65.08167310	      7.42765768	    -10.41076773	      0.70328829	     10.95346532	    -38.55281886	      2.64587142	      2.32640582	     -1.85877019	     -1.03541876	     -4.82270962	     -0.04419153	     -9.32956904	     -0.04105723	    -56.79734871	    -38.86598238	     10.09721554	      2.46730838	     -0.05497011	     -0.07102997
      0.54000000	    -19.59434968	     30.98341521	    -13.59816173	    -79.21307057	    160.57488584	    -64.55211407	      6.39254565	     -7.31997165	      0.24210444	     11.31525871	    -37.25613130	      1.75981359	     -0.95514167	     -1.31539418	     -0.54259636	     -0.98392372	     -0.04186048	     -7.12794303	     -0.03809696	    -49.00989803	    -32.08607179	      8.34328600	      1.20804946	     -0.05774121	     -0.07311343
      0.54500000	    -19.52959895	     33.11224252	    -13.53139915	    -68.98717285	    161.05651403	    -64.12966993	      5.44884038	     -3.92324852	     -0.10297205	     12.14655160	    -36.07986203	      0.93476775	     -4.04262239	     -0.75345431	     -0.01962346	      2.36681088	     -0.03949840	     -5.83293095	     -0.03511564	    -42.09482400	    -26.03115735	      7.19838218	      0.18358133	     -0.05989756	     -0.07433318
      0.55000000	    -20.12431696	     34.38264048	    -12.96701578	    -57.62454328	    162.72658169	    -62.39755339	      4.54223491	     -1.23750931	     -0.33928865	     12.34491428	    -34.68730195	      0.12888823	     -6.95314855	     -0.18170043	      0.51202466	      4.95743806	     -0.03654077	     -4.54570908	     -0.03197235	    -35.49639679	    -20.65497407	      6.00618136	     -0.69681992	     -0.06144565	     -0.07472696
      0.55500000	    -21.14844516	     34.22999646	    -11.92218760	    -44.87506166	    166.37154846	    -59.46480634	      3.41489361	      0.15213331	     -0.49889742	     12.32597964	    -33.23546451	     -0.66588710	     -9.69667410	      0.38676392	      1.03075421	      6.98490787	     -0.03339563	     -3.50603615	     -0.02845597	    -29.31646909	    -15.92781456	      4.66104119	     -1.27693019	     -0.06232009	     -0.07436736
      0.56000000	    -21.66234758	     35.56049345	    -10.61426098	    -30.53638379	    166.71164861	    -57.02631089	      3.34430050	      1.06236058	     -0.60801878	     11.93902549	    -33.14124255	     -1.56394477	    -12.27538976	      0.93552231	      1.51606692	      7.98123726	     -0.03040191	     -2.82040321	     -0.02514433	    -24.09146979	    -11.81326836	      3.79980764	     -1.88961241	     -0.06250771	     -0.07325873
      0.56500000	    -22.00524405	     36.68825270	     -9.27028861	    -15.59037070	    163.85798110	    -55.20994192	      3.30987826	      2.53459500	     -0.62727952	     11.64545930	    -32.45816029	     -2.44207782	    -14.68422323	      1.44645104	      1.94965267	      8.71530971	     -0.02767504	     -2.48665198	     -0.02213929	    -19.36659014	     -8.53118883	      3.28826779	     -2.21888983	     -0.06204028	     -0.07148743
      0.57000000	    -23.23856643	     37.04579710	     -7.35832078	     -0.64779336	    162.29738814	    -52.78774441	      2.72233853	      2.88632247	     -0.64164275	     11.10698002	    -32.19808302	     -3.72344103	    -16.91228675	      1.90171862	      2.31628796	      9.25297841	     -0.02528318	     -2.33085358	     -0.01948882	    -15.14871214	     -5.71628332	      2.58671031	     -2.60949685	     -0.06097414	     -0.06915024
      0.57500000	    -24.41807244	     35.61603622	     -5.63243319	     14.12512365	    156.81269681	    -50.29173657	      1.28975834	      2.54824420	     -0.67580372	     11.12003839	    -31.36617072	     -4.77434591	    -18.94499079	      2.28593408	      2.60449386	      9.97432970	     -0.02327184	     -2.65796261	     -0.01720172	    -11.58657106	     -3.58326348	      1.89457586	     -2.63029072	     -0.05938439	     -0.06634685
      0.58000000	    -25.40417221	     34.44933419	     -4.14587830	     28.41083964	    145.84695883	    -48.49496755	      0.39265132	      2.57299721	     -0.65842169	     10.65485980	    -30.43616214	     -5.49221994	    -20.76649464	      2.58815780	      2.80693171	     10.33674714	     -0.02164155	     -2.82022079	     -0.01527386	     -8.75706653	     -2.04570848	      1.44752352	     -2.68186222	     -0.05736052	     -0.06317136
      0.58500000	    -25.42191357	     34.81189845	     -2.91237261	     43.25828269	    137.19006608	    -48.01550978	      0.39376077	      2.56118815	     -0.66136486	     10.53013742	    -30.74150450	     -6.23175523	    -22.36216462	      2.80347182	      2.92054706	     10.09638933	     -0.02029932	     -3.56076166	     -0.01365611	     -6.34694951	     -0.36274874	      1.32875750	     -2.81060506	     -0.05500651	     -0.05971110
      0.59000000	    -25.65371014	     34.77549185	    -10.09134443	     55.70609138	    127.38120890	    -47.48932130	      0.38223214	      2.25144684	     -0.67017259	     10.50448943	    -32.33563629	      1.36419957	    -23.72077043	      2.93383688	      2.94649458	      9.79226572	     -0.01920843	     -4.52914877	     -0.01228118	     -4.52673502	      2.59366190	      1.12174584	     -4.32187235	     -0.05242015	     -0.05604384
      0.59500000	    -27.25427223	     35.33910319	     -8.81330896	     67.94707455	    116.43605690	    -47.11537665	      1.56659230	      2.04257890	     -0.64012696	      7.55207810	    -33.10696938	      1.10011278	    -24.83626063	      2.98806580	      2.88985948	      8.77700571	     -0.01832349	     -3.29977645	     -0.01111673	     -3.06903298	      2.75475213	      1.07641084	     -4.87160611	     -0.04969163	     -0.05222948
      0.60000000	    -28.86630308	     35.80375531	     -7.83587033	     79.06010783	    108.59692093	    -47.55968000	      2.27642082	      1.61500711	     -0.59341827	      5.11938644	    -34.17232292	      0.88197794	    -25.70903396	      2.98087522	      2.75917009	      7.91342022	     -0.01759312	     -2.45474366	     -0.01013239	     -1.81101055	      2.89040322	      0.79650043	     -5.34848213	     -0.04689718	     -0.04831402
      0.60500000	    -32.62416866	     36.18159070	     -7.90638561	     85.29327953	    101.61037963	    -46.61904876	      1.14014763	      1.45594526	     -1.08380616	      2.68366293	    -35.35455610	      0.66824615	    -26.34663424	      2.93109945	      2.56571647	      7.52127905	     -0.01696357	     -1.65778828	     -0.00930116	     -0.18531911	      2.98945147	      1.43899483	     -5.80344080	     -0.04409439	     -0.04433107
      0.61000000	    -35.57468465	     35.95871991	     -7.74123195	     92.12869097	     95.35587695	    -47.08610894	     -0.58117326	      0.83489479	     -1.15252799	      1.28596611	    -36.17168242	      0.52236736	    -26.76380560	      2.85926900	      2.32272431	      8.12530964	     -0.01638305	     -1.41505397	     -0.00860030	     -0.10142478	      3.11852153	      0.72962463	     -6.11588557	     -0.04131938	     -0.04030412
      0.61500000	    -36.53201133	     35.92431787	     -7.16138333	     98.50402368	     88.25677733	    -47.55903568	     -0.69260205	      0.53740557	     -0.93622695	      0.04167090	    -36.48903974	      0.39076503	    -26.98188006	      2.78487228	      2.04445855	      7.81570704	     -0.01580636	     -1.17815318	     -0.00801169	      0.05962661	      3.13292145	      0.34165049	     -6.22931722	     -0.03858633	     -0.03624912
      0.62000000	    -37.52242753	     36.53311547	     -6.65110222	    102.90664528	     83.49804756	    -48.40021857	     -0.50789788	      0.78143703	     -0.66336337	     -1.37008819	    -36.82862758	      0.25255590	    -27.02751761	      2.72370308	      1.74535436	      7.31791922	     -0.01519881	     -0.84352078	     -0.00752157	      0.22975747	      3.10258006	      0.05748986	     -6.33729068	     -0.03588922	     -0.03217716
      0.62500000	    -39.07790962	     38.52606548	     -6.44041111	    104.39056560	     78.29639969	    -49.35653930	     -0.37829354	      1.91618673	     -0.39923990	     -3.05318057	    -37.45102806	      0.09562703	    -26.93088870	      2.68573053	      1.43927331	      6.90622033	     -0.01453844	     -0.38390627	     -0.00711972	      0.25595759	      3.03344089	      0.30397768	     -6.50073283	     -0.03320583	     -0.02809665
      0.63000000	    -41.24598507	     39.34165730	     -6.70163499	    103.47555577	     75.70373345	    -49.37588986	     -1.75182837	      2.32071785	     -0.36509236	     -3.84109147	    -37.95710159	     -0.00323143	    -26.72348974	      2.67386397	      1.13893925	      7.14022218	     -0.01353134	     -0.40146523	     -0.00679836	      0.18629330	      3.03907920	      0.28417314	     -6.62586106	     -0.03053756	     -0.02401521
      0.63500000	    -43.49010585	     39.90729183	     -6.91716633	    100.86324782	     75.86875792	    -49.29030896	     -3.04874054	      2.82128987	     -0.34080704	     -4.68602806	    -38.18694560	     -0.10495372	    -26.43587176	      2.68380681	      0.85555170	      7.29493458	     -0.01273646	     -0.31552229	     -0.00655088	      0.15617419	      2.98927005	      0.08118753	     -6.70258288	     -0.02774820	     -0.01994118
      0.64000000	    -44.88314523	     41.92776574	     -7.30532855	     97.26988477	     76.80230134	    -49.65911414	     -3.70883876	      3.72967965	     -0.22570427	     -5.10436577	    -39.06844695	     -0.19265922	    -26.09557605	      2.70498149	      0.59853617	      7.14750958	     -0.01191571	     -0.55898653	     -0.00637071	      0.11901849	      3.04613533	      0.13545677	     -6.94031608	     -0.02488313	     -0.01588487
      0.64500000	    -45.97667104	     42.28847722	     -7.53072685	     91.92870499	     75.76038141	    -48.32582583	     -4.65695012	      3.99862544	     -0.17862577	     -5.22653688	    -39.06703170	     -0.25186767	    -25.72549504	      2.72233478	      0.37539527	      7.09469096	     -0.01107798	     -0.78185906	     -0.00625049	      0.01404376	      2.99841240	      0.25267674	     -6.94194843	     -0.02191188	     -0.01185968
      0.65000000	    -46.56673748	     43.97697616	     -7.70424066	     85.94337770	     77.01360377	    -48.27324775	     -4.66803789	      4.80254541	     -0.01230981	     -5.49963285	    -39.67851931	     -0.33824429	    -25.34278376	      2.71871590	      0.19164927	      6.59461201	     -0.01023462	     -0.97897148	     -0.00618151	      0.01661298	      2.95519429	      0.31388759	     -7.07895750	     -0.01881679	     -0.00788313
      0.65500000	    -46.45278096	     45.26155931	     -8.07960078	     79.33897040	     77.93342706	    -47.72443449	     -4.84604929	      5.44757601	      0.08727448	     -4.97329983	    -40.04442737	     -0.37364694	    -24.95838223	      2.67746554	      0.05085658	      6.20478428	     -0.00939775	     -1.56546201	     -0.00615366	     -0.03545744	      2.98392866	      0.41860510	     -7.16375595	     -0.01559563	     -0.00397759
      0.66000000	    -47.14569595	     44.84965833	     -8.21738271	     71.40651749	     81.55039297	    -45.96184591	     -5.57199593	      5.00722957	      0.05527539	     -4.72839663	    -40.16926167	     -0.42899268	    -24.57713669	      2.58484376	     -0.04530181	      6.00729023	     -0.00857873	     -1.92116652	     -0.00615562	     -0.07179890	      2.96194787	      0.11928303	     -7.24565441	     -0.01226289	     -0.00017079
      0.66500000	    -45.59082153	     45.89929488	     -8.42461061	     64.36805929	     81.69555156	    -45.33386929	     -4.86877847	      5.40566047	      0.20731661	     -3.75839760	    -40.47509396	     -0.44590130	    -24.19843135	      2.43195520	     -0.09687711	      5.20245969	     -0.00778716	     -2.67522994	     -0.00617538	     -0.06863170	      2.98963516	      0.25776310	     -7.29282477	     -0.00884985	      0.00350405
      0.67000000	    -44.74330084	     46.14675979	     -8.54318320	     56.17775950	     81.65343895	    -43.94064476	     -4.57756109	      5.38104285	      0.24783565	     -3.12944536	    -40.61496750	     -0.48668558	    -23.81722007	      2.21592910	     -0.10545956	      4.63724842	     -0.00703023	     -3.17218761	     -0.00620082	     -0.13734296	      2.95201212	      0.37617903	     -7.32912805	     -0.00540352	      0.00700872
      0.67500000	    -43.91176526	     46.11324964	     -8.73714697	     47.87651878	     82.20971365	    -42.40238640	     -4.50207049	      5.04792087	      0.21236464	     -2.32023604	    -40.87431996	     -0.52207619	    -23.42533649	      1.94024558	     -0.07397362	      4.21183531	     -0.00631260	     -3.77385368	     -0.00622042	     -0.23506291	      2.97130338	      0.41761869	     -7.42237323	     -0.00198454	      0.01030086
      0.68000000	    -42.40609675	     45.85631355	     -8.68145259	     40.28664522	     82.88310059	    -41.38416968	     -3.75817990	      4.63570488	      0.24701522	     -1.63149256	    -41.03858215	     -0.56511135	    -23.01291938	      1.61420619	     -0.00647673	      3.44913060	     -0.00563671	     -4.25045347	     -0.00622384	     -0.21217005	      2.93046476	      0.30158044	     -7.46472251	      0.00133580	      0.01333539
      0.68500000	    -40.54980162	     45.91011783	     -8.72341128	     33.00395358	     81.60894883	    -40.23022971	     -2.92585881	      4.43812632	      0.26073152	     -0.79044244	    -41.15914915	     -0.59652811	    -22.56978940	      1.25166152	      0.09205163	      2.74773145	     -0.00508461	     -4.79566658	     -0.00620238	     -0.27689966	      2.93755578	      0.46943655	     -7.52434280	      0.00450346	      0.01606619
      0.69000000	    -38.84511100	     44.74055046	     -8.73463554	     25.98434698	     80.00085879	    -39.38259064	     -2.61717415	      3.46531867	      0.17475163	      0.16409139	    -41.23798154	     -0.61649773	    -22.08666773	      0.86924854	      0.21593298	      2.26286994	     -0.00449574	     -5.34310650	     -0.00614923	     -0.28804330	      2.85356612	      0.21376098	     -7.45560967	      0.00739272	      0.01844792
      0.69500000	    -36.59892386	     45.12090094	     -8.71091815	     19.97938053	     77.58229611	    -38.80484297	     -1.43267243	      3.39727660	      0.21277181	      0.84284337	    -41.46528139	     -0.65418241	    -21.55615842	      0.48446986	      0.35901792	      1.48455827	     -0.00395106	     -5.78182893	     -0.00605962	     -0.33468075	      2.87837845	      0.46055742	     -7.55190962	      0.00994212	      0.02043784
      0.70000000	    -34.20362898	     44.54641972	     -8.64236642	     14.85535000	     75.02564785	    -38.22567061	     -0.61661735	      2.40138433	      0.18873129	      1.77362193	    -41.86104727	     -0.67184685	    -20.97343592	      0.11391488	      0.51491524	      0.82111436	     -0.00344921	     -6.36687614	     -0.00593071	     -0.32411413	      2.91431292	      0.37229795	     -7.61638064	      0.01207631	      0.02199742
      0.70500000	    -31.67261695	     43.94787228	     -8.56756802	     10.28691837	     69.66278756	    -38.12938340	      0.24212914	      1.85222269	      0.17360368	      2.55144178	    -41.81877906	     -0.67706687	    -20.33662249	     -0.22816861	      0.67721196	      0.23212338	     -0.00298975	     -6.75412828	     -0.00576148	     -0.33806471	      2.81664201	      0.42056338	     -7.49927156	      0.01372816	      0.02309366
      0.71000000	    -29.73765321	     44.27168690	     -8.63024516	      6.55881875	     67.43152532	    -38.60779558	      0.92106526	      1.27594584	      0.14040100	      3.10120611	    -42.60048135	     -0.70846188	    -19.64687526	     -0.53084288	      0.83966388	     -0.23816585	     -0.00257327	     -7.18473753	     -0.00555244	     -0.32324801	      2.91899070	      0.36307085	     -7.69027837	      0.01484140	      0.02370005
      0.71500000	    -27.29855461	     43.89598219	     -8.66225881	      3.68906039	     61.45946152	    -38.89424675	      1.51301020	      0.90956598	      0.10922956	      3.83081608	    -42.50638417	     -0.68773359	    -18.90821974	     -0.78697052	      0.99632715	     -0.59377253	     -0.00220142	     -7.54406782	     -0.00530541	     -0.35621832	      2.88890456	      0.47046493	     -7.58619247	      0.01537260	      0.02379715
      0.72000000	    -25.66090581	     43.81220713	     -8.66791246	      1.35041772	     57.69379925	    -39.70813031	      1.82496780	      0.09891839	      0.05768796	      4.11542589	    -43.20205157	     -0.70260013	    -18.12719454	     -0.99328135	      1.14161361	     -0.84190259	     -0.00187685	     -7.78567263	     -0.00502332	     -0.32001087	      2.92855220	      0.33278897	     -7.69116540	      0.01529240	      0.02337278
      0.72500000	    -23.56354459	     43.88541115	     -8.80857154	      0.24885997	     53.15574647	    -40.92450645	      2.17818319	     -0.09709384	      0.03525417	      4.66433050	    -43.37156406	     -0.66644939	    -17.31239269	     -1.15011158	      1.27029111	     -1.01452777	     -0.00160315	     -8.09872045	     -0.00471005	     -0.28110796	      2.98408942	      0.30595576	     -7.67070904	      0.01458599	      0.02242198
      0.73000000	    -21.98989115	     43.76850223	     -8.91516579	     -0.56436040	     48.14839295	    -42.33921400	      2.19523208	     -0.61195701	     -0.01004347	      4.92753848	    -43.78418998	     -0.63705844	    -16.47398936	     -1.26091041	      1.37746345	     -1.02375416	     -0.00138469	     -8.27168836	     -0.00437038	     -0.23268315	      2.98719785	      0.19426294	     -7.65259850	      0.01325303	      0.02094674
      0.73500000	    -20.47386244	     43.19642799	     -8.97055100	     -0.79389298	     42.27397729	    -43.52648473	      2.05613628	     -0.99253603	     -0.05155140	      5.11663960	    -43.66223191	     -0.57981587	    -15.62334210	     -1.33159623	      1.45854568	     -0.90775949	     -0.00122657	     -8.31155932	     -0.00401013	     -0.19675086	      2.93049931	      0.14201989	     -7.49809258	      0.01130699	      0.01895569
      0.74000000	    -19.38205737	     43.97974139	     -9.31803925	     -0.67195591	     37.00330071	    -45.28142218	      1.78487709	     -1.13258779	     -0.08747359	      5.22192866	    -44.45652593	     -0.53045802	    -14.77271332	     -1.36985372	      1.50925908	     -0.65461641	     -0.00113442	     -8.47552750	     -0.00363622	     -0.23317980	      3.05751421	      0.30996486	     -7.61386783	      0.00877407	      0.01646367
      0.74500000	    -18.41235287	     43.84698818	     -9.52374281	      0.03931536	     32.79860314	    -47.20986334	      1.39161787	     -1.21498891	     -0.11726435	      5.19788258	    -44.55731443	     -0.45452143	    -13.93510698	     -1.38447143	      1.52568026	     -0.32943913	     -0.00111442	     -8.43270040	     -0.00325694	     -0.15752473	      3.05070609	      0.21993801	     -7.52209997	      0.00569190	      0.01349154
      0.75000000	    -17.03015313	     43.45640870	     -9.64015019	      1.39390483	     27.51748718	    -48.73880412	      1.17665945	     -1.49111179	     -0.09471939	      5.28523668	    -44.52643953	     -0.35040711	    -13.12418689	     -1.38479108	      1.50434273	     -0.09311041	     -0.00117317	     -8.42537679	     -0.00288220	     -0.09368749	      3.03906707	      0.26552943	     -7.37941092	      0.00210803	      0.01006593
      0.75500000	    -16.42911172	     43.36600711	     -9.94966130	      2.70281338	     25.00586519	    -50.46863230	      0.50317388	     -1.90416698	     -0.12336983	      5.28727347	    -45.03522952	     -0.24503435	    -12.35424183	     -1.38030118	      1.44235343	      0.39659131	     -0.00131780	     -8.46438785	     -0.00252375	     -0.03758952	      3.16492756	      0.21445154	     -7.42416722	     -0.00192155	      0.00621924
      0.76000000	    -16.38759230	     43.43597279	    -10.27459559	      3.66116023	     22.73499531	    -52.56846471	     -0.18553800	     -1.86931340	     -0.14861120	      4.87279132	    -45.38905013	     -0.14923021	    -11.64015026	     -1.38037999	      1.33749598	      0.97875025	     -0.00155602	     -8.21127002	     -0.00219542	      0.00193364	      3.17955979	      0.25314112	     -7.40338693	     -0.00633387	      0.00198963
      0.76500000	    -15.78576303	     42.91261072	    -10.61920566	      5.28568878	     21.12258342	    -54.48841974	     -0.80694591	     -1.97941047	     -0.15587046	      4.91682547	    -45.37688692	     -0.00205792	    -10.99729215	     -1.39415760	      1.18830855	      1.53130545	     -0.00189625	     -8.14318881	     -0.00191325	      0.07279812	      3.19143409	      0.24550125	     -7.27032880	     -0.01106023	     -0.00257889
      0.77000000	    -15.13941015	     42.30359213	    -10.95269295	      7.15353692	     21.36139952	    -56.29236365	     -1.24133451	     -2.02535582	     -0.13702087	      4.98508379	    -45.23182220	      0.15961559	    -10.44136358	     -1.43043231	      0.99413015	      2.02060565	     -0.00234775	     -8.05212656	     -0.00169560	      0.15504984	      3.24509382	      0.27073174	     -7.15378136	     -0.01602743	     -0.00743654
      0.77500000	    -15.52844765	     41.50263844	    -11.45958641	      8.49910439	     25.92309988	    -58.16363219	     -2.27107782	     -2.44565430	     -0.21115639	      4.98645182	    -45.53159942	      0.32322608	     -9.98805007	     -1.49756896	      0.75511847	      2.80809226	     -0.00292071	     -7.97216218	     -0.00156316	      0.24572973	      3.41645657	      0.06715394	     -7.20213492	     -0.02115872	     -0.01252783
      0.78000000	    -14.80338348	     40.30276131	    -11.81049153	     10.52028217	     29.47344430	    -60.10065676	     -2.52974468	     -2.88373482	     -0.17907468	      5.31233814	    -45.40398781	      0.52110849	     -9.65251628	     -1.60331652	      0.47225026	      3.20967052	     -0.00362630	     -7.95582358	     -0.00153886	      0.35938525	      3.42828874	      0.00847077	     -7.03725991	     -0.02637482	     -0.01779199
      0.78500000	    -14.70577477	     39.25821367	    -12.36649274	     11.96861199	     35.30128313	    -62.25946843	     -2.91995429	     -2.72824581	     -0.20622917	      5.53144878	    -44.96300952	      0.71764798	     -9.44867757	     -1.75449977	      0.14731521	      3.79359217	     -0.00447657	     -7.79138230	     -0.00164774	      0.38794883	      3.42825186	      0.09956485	     -6.84764644	     -0.03159501	     -0.02316366
      0.79000000	    -16.95834947	     39.98780453	    -13.70930595	     10.80014467	     33.16198803	    -64.47885117	     -5.33262851	     -1.58562282	     -0.22168714	      5.82575723	    -44.90681523	      0.92446922	     -9.38822120	     -1.95656842	     -0.21709078	      6.24239384	     -0.00548433	     -7.68462206	     -0.00192515	     -1.52651253	      3.50736973	      0.79721506	     -6.77122475	     -0.03673847	     -0.02857303
      0.79500000	     -9.65423663	     39.92782271	    -13.13252527	     18.68866488	     37.13373902	    -66.83511153	      1.02856837	     -2.44602022	      0.03301275	      6.43491259	    -44.74339237	      1.15770284	     -9.47936656	     -2.21301775	     -0.61757563	      3.10565791	     -0.00666277	     -7.68061391	     -0.00239741	     -1.43851043	      3.50055676	      1.23039807	     -6.59181322	     -0.04172615	     -0.03394967
      0.80000000	     -2.72887583	     36.37002124	    -12.25269847	     24.84154830	      8.36218852	    -66.43598141	      6.20468655	     -5.46331361	     -0.49745765	      6.17486837	    -42.21991716	      1.30291795	     -9.72540349	     -2.52472082	     -1.04996420	      1.73322236	     -0.00802521	     -6.73110117	     -0.00309572	     -6.00920631	      2.39408060	      0.41352719	     -5.37650989	     -0.04648284	     -0.03922240
      0.80500000	     26.86157704	     43.32594091	     -2.15228981	     49.14920641	    -62.01702613	    -67.50073229	     32.92829942	     -7.56956822	     -0.52392543	      5.18481868	    -40.22174889	     -5.53842822	    -10.12308935	     -2.88924202	     -1.50930247	    -11.76601564	     -0.00958458	     -4.78921812	     -0.00405260	    -10.98892767	     -0.63688165	      1.48586313	     -3.79428376	     -0.05093923	     -0.04432175
      0.81000000	     50.35841008	     48.00997688	     -1.85919152	     75.42299110	    -47.77294568	    -80.16721883	     55.87600810	     -3.98749808	     -0.46247646	      5.80715087	    -38.48769449	     -4.03215623	    -10.66102157	     -3.30023177	     -1.98984916	    -23.50801800	     -0.01135326	     -3.83762631	     -0.00530080	     -9.23864831	     -2.92716889	      1.81648810	     -3.44440093	     -0.05503324	     -0.04918199
      0.81500000	     41.61305253	     44.65699176	     -4.69334495	     70.38518009	    -15.93708487	    -85.32748568	     48.59048986	     -3.21065181	     -0.50528685	      7.34324111	    -38.11388695	     -3.22708649	    -11.31815590	     -3.74702120	     -2.48507605	    -18.99288854	     -0.01334286	     -3.93858478	     -0.00687222	     -9.92564069	     -3.95742536	      1.95066576	     -3.35761771	     -0.05871012	     -0.05374242
      0.82000000	     21.20233220	     35.77715510	     -8.52766851	     51.60008213	      6.11864053	    -83.11017731	     29.85779016	     -6.39789865	     -0.88977905	      8.94191912	    -37.57976997	     -2.44130616	    -12.06266644	     -4.21454773	     -2.98769676	     -9.00595713	     -0.01558370	     -4.14361968	     -0.00879629	    -12.81097403	     -4.59268798	      1.32921982	     -3.20058283	     -0.06191956	     -0.05794813
      0.82500000	      2.54802195	     26.76741080	    -11.71064155	     33.83778311	     20.18369412	    -79.72706876	     13.40872636	    -10.03960597	     -1.06265581	      9.78364909	    -36.51004603	     -1.47833157	    -12.85129523	     -4.68374084	     -3.48972614	     -0.26742739	     -0.01808592	     -3.83465391	     -0.01109761	    -16.95105912	     -5.74351252	      1.08315199	     -2.89712908	     -0.06461734	     -0.06174990
      0.83000000	    -22.05285789	     20.22369973	    -16.02904549	     10.28910256	     41.24751686	    -80.44622020	     -6.60064367	     -9.81933424	     -0.98004839	      9.77219387	    -35.34751012	     -0.39977949	    -13.62926086	     -5.13245066	     -3.98257523	     10.82604918	     -0.02085804	     -3.18224767	     -0.01379236	    -21.38622603	     -7.22243142	      1.04533002	     -2.56688671	     -0.06676094	     -0.06510344
      0.83500000	    -46.51820476	     20.72897622	    -21.88238401	    -16.25972055	     52.22829348	    -91.30411219	    -24.51853159	     -2.22856407	     -0.64905394	      8.96171169	    -34.09288062	      0.98516850	    -14.33074204	     -5.53690341	     -4.45718319	     21.47828766	     -0.02390503	     -2.57289053	     -0.01688323	    -25.46438566	    -10.29644418	      2.13906977	     -1.63267261	     -0.06830909	     -0.06796856
      0.84000000	    -49.40019939	     26.87140694	    -27.45738629	    -21.35548372	     56.69176825	   -105.19209829	    -29.10017758	      5.25967788	     -0.63519084	     15.15449662	    -33.47167899	      1.62525337	    -14.87991578	     -5.87356374	     -4.90415876	     24.79114853	     -0.02722161	     -6.29396109	     -0.02015393	    -29.91706334	    -12.70031913	      3.61473807	     -1.51226467	     -0.06922313	     -0.07033634
      0.84500000	    -32.86015345	     30.60200960	    -27.77630788	     -4.50195939	     69.46764608	   -109.22350822	    -14.25399350	      3.51978054	     -1.02197286	     19.29487633	    -33.16942370	      1.89266024	    -15.19252660	     -6.12120023	     -5.31390042	     15.94482397	     -0.03078575	     -8.25368003	     -0.02371292	    -34.90203517	    -13.78319560	      4.69157528	     -1.10769612	     -0.06946971	     -0.07215438
      0.85000000	    -17.99224021	     28.50540763	    -24.39646464	      9.81023429	     79.58905374	   -105.42809063	      4.32536329	     -4.89679766	     -1.32405243	     17.06109854	    -33.78507052	      2.42735607	    -15.17801808	     -6.26289925	     -5.67669486	      3.56590431	     -0.03455021	     -6.97966984	     -0.02753223	    -40.23481143	    -16.05929452	      5.74838898	     -0.55232058	     -0.06902427	     -0.07339326
      0.85500000	     -7.87603651	     21.64873075	    -20.10634524	     18.58712338	     86.71509263	    -96.23148440	     18.51877534	    -16.02724264	     -1.27891982	     13.83449027	    -33.25482523	      2.95490571	    -14.74233765	     -6.28777814	     -5.98279522	     -7.32628133	     -0.03838531	     -5.35027378	     -0.03157143	    -47.02814813	    -19.08676209	      6.66119930	      0.63090351	     -0.06787949	     -0.07402777
      0.86000000	     -0.87119281	     17.85784471	    -16.99884574	     21.91096556	     83.34279503	    -89.54395930	     29.50129616	    -23.52058392	     -1.00134381	     11.03322536	    -32.43445302	      3.38661107	    -13.79156053	     -6.19221042	     -6.22247335	    -16.76065993	     -0.04190069	     -4.56268372	     -0.03577556	    -54.84084324	    -23.39310796	      8.28633607	      1.79721769	     -0.06607195	     -0.07403784
      0.86500000	     -0.04844747	     13.33836008	    -14.95048325	     15.63391996	     59.12571001	    -82.38294486	     33.04833977	    -29.77581826	     -0.44785598	      8.91305193	    -30.96046353	      3.66467413	    -12.23642528	     -5.98045948	     -6.38608610	    -23.07743647	     -0.04535693	     -5.05882734	     -0.04007146	    -64.68576110	    -29.92167730	     10.30841140	      3.52180945	     -0.06359101	     -0.07340991
      0.87000000	     -4.94704841	      7.29737649	    -13.69964301	      0.71758176	     20.83161113	    -74.82705971	     29.41603972	    -35.95148129	      0.41291159	      7.60531905	    -29.31960624	      3.79488862	     -9.99773510	     -5.66469918	     -6.46424744	    -26.74679166	     -0.04871198	     -7.13588871	     -0.04458788	    -75.85343747	    -38.33901884	     11.95387955	      5.91155950	     -0.06047226	     -0.07215684
      0.87500000	    -12.95304990	      4.74150239	    -13.48632908	    -21.09401799	    -31.53933214	    -68.72852056	     22.73020691	    -39.61139108	      1.51635378	      6.32161238	    -28.34014251	      3.89362238	     -7.01238971	     -5.26447273	     -6.44817792	    -30.32464988	     -0.05191017	    -10.29600854	     -0.04897681	    -87.80609520	    -47.85357580	     13.95639414	      8.36161480	     -0.05676948	     -0.07027920
      0.88000000	    -18.66340869	      1.10812384	    -11.97358414	    -39.91673999	    -81.96199832	    -63.37578507	     18.12486350	    -45.44698883	      2.85448083	      4.10356645	    -28.84496582	      4.12941522	     -3.23958802	     -4.80569032	     -6.33024974	    -35.32092950	     -0.05487800	    -14.39883869	     -0.05284893	    -99.93463374	    -58.93250302	     15.72982549	     11.47057056	     -0.05255552	     -0.06777676
      0.88500000	    -17.66526380	      1.26132319	    -10.03078471	    -52.84257097	   -134.07133958	    -61.12021573	     19.60486085	    -51.12843215	      4.23935346	      1.80837863	    -31.09174672	      4.60521917	      1.33349191	     -4.31927995	     -6.10470582	    -44.24294118	     -0.05779111	    -19.80089657	     -0.05600264	   -111.65469209	    -70.48484962	     17.66295711	     14.75536361	     -0.04793777	     -0.06467131
      0.89000000	     -8.28460757	      7.34730594	     -9.26229917	    -57.48820999	   -186.26731265	    -62.47293216	     26.44525069	    -54.35047354	      5.35805491	      2.09387372	    -33.83452310	      5.16315885	      6.68736266	     -3.83959031	     -5.76846696	    -56.66264406	     -0.06021754	    -27.25982598	     -0.05825693	   -123.12286838	    -81.64038111	     20.06646954	     17.88776856	     -0.04302380	     -0.06099566
      0.89500000	      2.04678529	     17.18119714	     -9.98917744	    -60.18756036	   -224.94600695	    -67.51921423	     33.01980401	    -52.93469815	      5.89416449	      3.98403186	    -35.50653589	      5.57986120	     12.76803797	     -3.40261414	     -5.32187027	    -68.44594303	     -0.06174812	    -36.07488013	     -0.05932787	   -133.18101107	    -92.12072687	     22.57938448	     20.76988473	     -0.03792773	     -0.05680543
      0.90000000	      5.23138924	     27.27675077	    -10.49922835	    -68.47692478	   -243.65941514	    -71.64568733	     35.87876421	    -49.21611070	      6.11599574	      3.33280214	    -36.97652473	      6.01435747	     19.48759940	     -3.04406413	     -4.76919301	    -77.91045806	     -0.06228831	    -43.48322439	     -0.05929771	   -141.77963326	   -101.54572711	     24.68856538	     22.98276950	     -0.03278705	     -0.05217276
      0.90500000	      4.59790174	     39.11065214	    -12.28253755	    -79.00695456	   -243.00184406	    -77.12878111	     34.81852066	    -41.31783375	      5.68835932	      3.62808578	    -37.29336328	      6.24354979	     26.72781597	     -2.79731339	     -4.11888791	    -84.35902741	     -0.06179393	    -51.19495572	     -0.05880543	   -148.66165766	   -109.56428077	     26.83828111	     24.75915138	     -0.02774499	     -0.04713480
      0.91000000	     10.11382250	     52.30282914	    -15.01684734	    -80.00128869	   -228.83413011	    -84.38119248	     36.49761219	    -30.37761451	      4.27339770	      6.72158805	    -35.33225378	      5.95870468	     34.34663326	     -2.69124778	     -3.38349945	    -90.71700142	     -0.06012914	    -60.11297830	     -0.05794546	   -153.78311512	   -117.08115332	     29.22384020	     26.19732879	     -0.02295103	     -0.04177092
      0.91500000	     24.18793016	     55.36087527	    -14.85184759	    -68.78274855	   -206.38376022	    -79.78686174	     42.39734482	    -26.59877004	      3.56524535	     10.80087449	    -30.17065910	      4.86483832	     42.18683778	     -2.74815562	     -2.57925980	    -99.48731169	     -0.05767588	    -69.22885701	     -0.05681002	   -157.45716691	   -124.15674027	     30.72987560	     27.64257564	     -0.01854164	     -0.03617307
      0.92000000	     45.50869601	     52.61069727	    -12.61778889	    -47.37328015	   -185.23544684	    -66.66110210	     52.97839154	    -29.34211012	      3.65352585	     14.94483384	    -24.80965845	      3.62696953	     50.08581957	     -2.98184471	     -1.72541184	   -111.28188732	     -0.05507334	    -78.19993706	     -0.05548428	   -160.78948630	   -130.94842008	     31.94076427	     28.66789203	     -0.01461078	     -0.03044442
      0.92500000	     70.82701672	     44.50666062	     -9.61870048	    -19.90436285	   -164.83478244	    -47.58484560	     64.46303512	    -35.95303360	      4.38237940	     20.27633707	    -17.90890634	      1.89547090	     57.88516096	     -3.39620192	     -0.84333647	   -123.91803516	     -0.05241018	    -87.46487252	     -0.05396297	   -163.37503112	   -137.40570539	     32.44459328	     29.81751496	     -0.01124444	     -0.02470453
      0.93000000	     92.31385596	     32.12224475	     -6.83307755	      4.02281331	   -147.73950018	    -23.61366477	     70.32906984	    -44.93735482	      6.09280164	     26.70016023	    -10.81261890	      0.02514591	     65.43880401	     -3.98440547	      0.04443654	   -134.10084497	     -0.04976189	    -97.23524301	     -0.05201750	   -165.81659114	   -143.40750795	     32.70693672	     30.99670506	     -0.00849624	     -0.01906027
      0.93500000	    105.16827343	     19.09910274	     -4.39170897	     19.19292097	   -129.07613963	      1.43325437	     69.91370264	    -53.53836160	      8.29751777	     31.81709382	     -5.06696383	     -1.55479359	     72.61881549	     -4.72894454	      0.91523948	   -141.03317972	     -0.04719251	   -105.75944635	     -0.04975564	   -167.85164914	   -148.55667063	     32.72438580	     31.59460934	     -0.00638243	     -0.01362720
      0.94000000	    112.39057770	      7.70617325	     -2.09542995	     27.17137911	   -116.72681745	     23.43313572	     67.39420889	    -59.97887711	     10.25670679	     34.51394664	     -0.17602313	     -2.93221575	     79.31821692	     -5.60248751	      1.74718838	   -146.61445698	     -0.04475743	   -113.01502832	     -0.04731551	   -169.71373700	   -153.33935418	     32.94337718	     32.39761538	     -0.00488002	     -0.00851776
      0.94500000	    116.14838345	     -2.82407347	      0.61769939	     31.40900754	   -109.23837731	     44.12850774	     64.65530638	    -65.96010374	     12.16460890	     34.75750708	      3.58915895	     -4.01708596	     85.45086657	     -6.56951484	      2.51992771	   -152.01381678	     -0.04241982	   -118.43462621	     -0.04483742	   -171.75404726	   -157.57633255	     33.09648574	     32.99972442	     -0.00393117	     -0.00383418
      0.95000000	    119.72497670	     -9.58046144	      2.35399247	     34.84626378	   -109.79195784	     59.45424862	     62.79078077	    -70.07264139	     13.55540148	     34.87731782	      6.01086733	     -4.69595401	     90.94886139	     -7.58855105	      3.21516265	   -157.62015297	     -0.04009763	   -123.50730310	     -0.04245460	   -174.18691476	   -161.15291330	     33.52919512	     33.54772788	     -0.00344596	      0.00033626
      0.95500000	    123.29744497	    -12.49170753	      3.08918759	     37.84782952	   -118.41947296	     68.72448646	     61.91195618	    -72.30054635	     14.36772749	     34.93686472	      7.01371127	     -4.91613398	     95.75828603	     -8.61479075	      3.81698718	   -163.32029311	     -0.03790776	   -128.18692813	     -0.04028576	   -176.89123799	   -164.53646699	     34.23850746	     34.06123681	     -0.00332028	      0.00392479
      0.96000000	    126.13025118	    -12.51369254	      3.13292031	     39.41052567	   -129.06133440	     73.02785473	     61.54789899	    -73.41235016	     14.83031769	     34.85811208	      6.44629103	     -4.60749457	     99.83434432	     -9.60289129	      4.31205315	   -168.73031896	     -0.03595398	   -132.15024534	     -0.03842984	   -179.17378182	   -167.17107136	     34.99184547	     34.46539565	     -0.00344437	      0.00688314
      0.96500000	    125.64467228	    -10.13742099	      2.57550852	     35.87339748	   -146.17351785	     72.05396514	     59.85200090	    -72.45572666	     14.81269571	     33.96100811	      4.99898902	     -3.97691973	    103.13695565	    -10.50969182	      4.68966800	   -172.75213059	     -0.03432211	   -135.36253348	     -0.03696292	   -181.51147628	   -169.66023421	     35.89625250	     35.20651608	     -0.00371267	      0.00918370
      0.97000000	    121.53790287	     -4.36073192	      1.03091373	     27.49623771	   -161.88064179	     65.70374419	     56.39506601	    -69.29258984	     14.27647327	     32.92430525	      1.90195127	     -2.79807995	    105.62775293	    -11.29663491	      4.94192777	   -174.84492213	     -0.03307688	   -137.62861174	     -0.03593711	   -183.27333436	   -171.09742128	     36.64050588	     35.38002037	     -0.00403219	      0.01081813
      0.97500000	    115.12659213	      2.04777655	     -0.67816621	     15.10758433	   -183.96720388	     55.49963219	     52.13923526	    -65.16195658	     13.49310899	     31.04868159	     -1.50024497	     -1.48581352	    107.26908213	    -11.93171277	      5.06395348	   -175.65532561	     -0.03226041	   -139.08652843	     -0.03538191	   -184.76487437	   -172.85142530	     37.24860440	     36.13639694	     -0.00432920	      0.01179445
      0.98000000	    107.71684213	     11.05139143	     -2.99380065	      1.06056064	   -203.77029235	     41.79247763	     48.01759562	    -59.83477173	     12.32997263	     29.32324093	     -6.21953880	      0.25005375	    108.02516450	    -12.39082932	      5.05422407	   -175.22340394	     -0.03189200	   -139.69934243	     -0.03529850	   -185.73640236	   -173.28908977	     37.86269245	     36.26133275	     -0.00455425	      0.01213317
      0.98500000	    100.39039800	     20.21535548	     -5.17652555	    -12.84884561	   -222.98645953	     25.63972834	     45.04029690	    -54.05400278	     10.91922742	     27.04695989	    -10.96741094	      1.98818183	    107.86515997	    -12.65854835	      4.91493598	   -173.68846458	     -0.03196892	   -139.15790434	     -0.03567351	   -186.00308144	   -173.71553638	     38.40823311	     36.69023290	     -0.00468556	      0.01186309
      0.99000000	     94.01884877	     28.92242783	     -7.04137643	    -25.02747855	   -237.74568487	      9.89554394	     43.43643370	    -48.74004473	      9.54845622	     24.79273420	    -15.84145429	      3.72479056	    106.76754339	    -12.72827305	      4.65228619	   -171.12848515	     -0.03246781	   -137.50367915	     -0.03647107	   -185.69324834	   -173.15282012	     39.01967983	     36.77758420	     -0.00473067	      0.01101701
      0.99500000	     86.86695152	     34.03105623	     -7.72887183	    -37.30017584	   -247.67973346	     -3.22309654	     42.10129621	    -45.15512269	      8.67347562	     21.48390708	    -19.98672354	      5.16987220	    104.72502295	    -12.60196090	      4.27657215	   -167.11471163	     -0.03334640	   -134.11694800	     -0.03763574	   -184.32603708	   -172.37159656	     39.10163854	     37.04767649	     -0.00472616	      0.00962823
      1.00000000	     80.49433912	     35.86166450	     -7.72123820	    -46.64589190	   -246.43825879	    -13.00372871	     41.07226596	    -43.03559795	      8.18504627	     18.69686066	    -23.00916612	      6.18795405	    101.74920177	    -12.28949959	      3.80202609	   -161.16948894	     -0.03454526	   -129.50259380	     -0.03909564	   -182.02836435	   -170.26567195	     38.58175482	     36.96317698	     -0.00473538	      0.00772787
      1.00500000	     74.93793591	     35.28906937	     -7.30317796	    -53.27930298	   -236.27701244	    -18.68903174	     40.15021766	    -42.78280160	      8.23911225	     16.77280239	    -25.64048329	      7.02426556	     97.87426472	    -11.80784188	      3.24634342	   -154.03328099	     -0.03598968	   -123.64318690	     -0.04076353	   -179.13361238	   -166.67759432	     37.96608138	     36.42769440	     -0.00484397	      0.00534367
      1.01000000	     70.20318815	     32.53142899	     -6.65999858	    -57.36840165	   -219.99576993	    -22.09067505	     39.44492032	    -42.79019862	      8.32773869	     15.48350689	    -26.72790705	      7.31918170	     93.15913045	    -11.17994325	      2.62991998	   -145.62992964	     -0.03759162	   -116.66345287	     -0.04253904	   -175.22638188	   -162.64884790	     37.19169888	     35.79953671	     -0.00515298	      0.00250001
      1.01500000	     65.81677511	     27.75913130	     -6.01305237	    -59.84885532	   -197.29203136	    -23.35494524	     38.02238761	    -44.26419223	      8.76896475	     15.37355871	    -27.49044857	      7.47453142	     87.68771943	    -10.43350653	      1.97485930	   -135.94703347	     -0.03925236	   -109.32561218	     -0.04431197	   -170.52687658	   -157.33237939	     35.69509069	     34.70712443	     -0.00576956	     -0.00078058
      1.02000000	     60.95938077	     23.52018706	     -5.39649087	    -62.33713986	   -168.98851063	    -24.11645065	     37.09819219	    -45.36309078	      9.01020390	     15.01426204	    -28.30479267	      7.61083018	     81.56721896	     -9.59952928	      1.30383170	   -125.95253810	     -0.04095569	   -100.82624488	     -0.04596688	   -164.79660903	   -150.78195083	     34.21846831	     33.10232364	     -0.00679700	     -0.00447494
      1.02500000	     56.17571930	     20.53924866	     -5.41005364	    -64.05229478	   -140.03262365	    -25.84852163	     35.92479389	    -45.62336540	      8.98139669	     15.41961536	    -29.25441691	      7.73321093	     74.92444961	     -8.71066684	      0.63889676	   -115.27911283	     -0.04289125	    -92.25671268	     -0.04738903	   -158.80600517	   -143.48191395	     32.82656264	     31.13793370	     -0.00831973	     -0.00855603
      1.03000000	     49.18213036	     17.71414930	     -5.40575219	    -68.17981977	   -110.18747550	    -28.14511376	     34.00175264	    -45.48446421	      8.81467385	     14.81601490	    -30.36018681	      7.86914782	     67.90063052	     -7.79945762	      0.00043872	   -104.08074639	     -0.04506137	    -82.93409396	     -0.04847161	   -151.97138963	   -135.77207614	     31.07367764	     29.01972602	     -0.01039138	     -0.01298955
      1.03500000	     42.42731244	     15.32737784	     -5.79586298	    -72.07417524	    -80.70714000	    -30.58812087	     31.79838472	    -44.85202116	      8.47825808	     14.79795404	    -31.15615101	      7.86186743	     60.64497396	     -6.89651924	     -0.59365812	    -92.78519782	     -0.04745779	    -73.91900134	     -0.04943876	   -144.66684832	   -127.31125420	     29.23331912	     26.77907742	     -0.01303130	     -0.01774425
      1.04000000	     34.72726885	     14.10859362	     -6.73413332	    -77.01768496	    -50.97732958	    -33.93343405	     28.68440707	    -43.77550935	      8.03789732	     15.00990011	    -32.63013875	      7.93626698	     53.30760981	     -6.02888263	     -1.12854046	    -81.32512344	     -0.05005960	    -65.23029774	     -0.05046542	   -136.63935422	   -118.32425162	     27.21983635	     24.17695673	     -0.01622303	     -0.02275565
      1.04500000	     26.60556864	     13.90238599	     -7.94676912	    -82.17545862	    -21.60136659	    -38.27772292	     25.38436778	    -41.81834201	      7.37759045	     15.01632055	    -34.13367695	      7.93478966	     46.03236457	     -5.21860856	     -1.59261034	    -69.93039013	     -0.05282722	    -56.79572680	     -0.05152153	   -128.20466350	   -109.01198955	     25.09691149	     21.51584429	     -0.01991718	     -0.02795226
      1.05000000	     19.50248571	     15.40739508	     -9.43759865	    -86.06858711	      8.14275270	    -43.70306966	     22.96437739	    -39.01648668	      6.52058601	     15.12803040	    -36.09439046	      7.91215551	     38.94993679	     -4.48175679	     -1.97745861	    -59.30543309	     -0.05510828	    -48.99535614	     -0.05256341	   -119.11511514	    -99.30222344	     23.10598945	     18.58113026	     -0.02405563	     -0.03324977
      1.05500000	     12.10388331	     17.94995541	    -11.04443039	    -90.20584548	     35.54571220	    -50.14731712	     20.60005832	    -34.89599166	      5.47602240	     14.68025878	    -37.69191821	      7.72895054	     32.17203076	     -3.82774408	     -2.27759198	    -49.09159055	     -0.05623443	    -41.55671036	     -0.05352442	   -109.74798917	    -89.71281557	     21.12527302	     15.80623906	     -0.02853528	     -0.03855197
      1.06000000	      4.18031430	     20.37485353	    -12.62255359	    -94.00996485	     62.83338928	    -56.09775492	     17.48214350	    -30.80463087	      4.51038927	     14.05701094	    -39.35119119	      7.43469365	     25.78694646	     -3.25912272	     -2.49007984	    -39.02791143	     -0.05635800	    -34.69904664	     -0.05335558	   -100.21649441	    -80.29916730	     19.02571774	     13.02860413	     -0.03322115	     -0.04380116
      1.06500000	     -2.89698131	     23.34156453	    -14.23295549	    -96.33597997	     89.39240397	    -61.87049211	     14.60618464	    -26.06180329	      3.53775384	     13.60265941	    -40.64243621	      6.95843006	     19.85695427	     -2.77179956	     -2.61422063	    -29.76767291	     -0.05547547	    -28.61717812	     -0.05206233	    -90.39909665	    -71.03446166	     16.99119462	     10.26888186	     -0.03797746	     -0.04885239
      1.07000000	     -9.72204797	     25.63292615	    -15.66815224	    -97.99816654	    111.84386915	    -67.02046743	     11.24699913	    -21.01979762	      2.64195537	     13.16013780	    -40.99312440	      6.28297411	     14.41762112	     -2.35571402	     -2.65128747	    -20.95605036	     -0.05364227	    -23.38304378	     -0.04983457	    -80.78947972	    -62.30747778	     14.89265722	      7.94087548	     -0.04266155	     -0.05358422
      1.07500000	    -14.59984220	     28.79624445	    -17.00755962	    -96.79625285	    130.37115813	    -72.31288740	      8.95127162	    -15.59785602	      1.81214890	     13.00477435	    -41.23798950	      5.51969667	      9.47910407	     -1.99598145	     -2.60437267	    -13.46071664	     -0.05192518	    -19.01425926	     -0.04680280	    -71.46828114	    -54.19013498	     13.09029644	      5.88340255	     -0.04716518	     -0.05788898
      1.08000000	    -18.55416282	     30.65444918	    -17.68635697	    -93.73337431	    144.51420089	    -75.08706049	      6.97831993	    -10.97463431	      1.16592940	     12.61079167	    -40.65399929	      4.63594127	      5.02921518	     -1.67445153	     -2.47829961	     -7.16082450	     -0.05006710	    -15.12401721	     -0.04333048	    -62.65042057	    -46.64172321	     11.29323040	      3.99140635	     -0.05132061	     -0.06168302
      1.08500000	    -21.31857371	     33.00440868	    -18.17205500	    -88.68934823	    154.00796739	    -77.56252510	      5.59502404	     -6.10251878	      0.64711163	     12.33609395	    -39.75400486	      3.71228022	      1.03786206	     -1.37156498	     -2.27954384	     -1.98039115	     -0.04803600	    -11.91164013	     -0.04020725	    -54.36100195	    -39.74109782	      9.78932097	      2.53324720	     -0.05499826	     -0.06491023
      1.09000000	    -21.73850494	     34.91421372	    -18.45109438	    -79.98875598	    159.78799668	    -78.43560559	      4.65805410	     -1.99658421	      0.29617823	     13.28982384	    -38.54460524	      2.74752469	     -2.53764046	     -1.06834338	     -2.01612636	      2.16531552	     -0.04585948	     -9.96057156	     -0.03704099	    -46.84442880	    -33.25778425	      8.55659079	      1.30431853	     -0.05809305	     -0.06746773
      1.09500000	    -21.97606703	     37.17719791	    -18.53676951	    -69.71688708	    163.27182782	    -79.42354744	      3.79025836	      2.12159822	      0.08680141	     14.15431650	    -37.47809079	      1.81079311	     -5.74695473	     -0.74831032	     -1.69747286	      5.62371295	     -0.04331329	     -8.52047980	     -0.03387731	    -39.76474468	    -27.57302156	      7.34758837	      0.18923725	     -0.06054610	     -0.06931674
      1.10000000	    -21.72566035	     38.70494537	    -18.11560238	    -57.36999999	    165.51061076	    -78.18293967	      3.14087405	      5.09297849	     -0.00675134	     14.98870839	    -36.35144592	      0.85188217	     -8.64138143	     -0.39913648	     -1.33424664	      8.10551373	     -0.04002622	     -7.39974459	     -0.03073842	    -33.30590922	    -22.41823943	      6.34665758	     -0.78958286	     -0.06233067	     -0.07044317
      1.10500000	    -22.77508167	     38.51425407	    -17.07663668	    -44.96063258	    169.14082178	    -75.55494484	      1.89869160	      6.89138626	     -0.01072649	     15.00025512	    -34.93314437	     -0.03906783	    -11.26928629	     -0.01384320	     -0.93816358	     10.15004673	     -0.03672636	     -6.22776716	     -0.02748344	    -27.09093957	    -17.91301372	      5.14549195	     -1.33581173	     -0.06336663	     -0.07087777
      1.11000000	    -23.82626554	     38.25888757	    -15.60249486	    -30.73941446	    171.38712838	    -71.64994759	      0.66980231	      7.33749328	      0.00622413	     14.93047420	    -34.36650737	     -1.07001755	    -13.67261911	      0.40853800	     -0.52179031	     11.57568516	     -0.03357927	     -5.40253216	     -0.02407147	    -21.83205851	    -13.99052376	      4.10759409	     -1.98097858	     -0.06366469	     -0.07066091
      1.11500000	    -24.54015371	     38.88538786	    -13.91754559	    -15.57804259	    169.43847587	    -68.23079859	      0.00119653	      8.21227689	      0.05768835	     14.66965448	    -33.83109731	     -2.23206853	    -15.88468998	      0.86289307	     -0.09830857	     12.39557043	     -0.03069186	     -4.79093031	     -0.02094861	    -17.29996854	    -10.80459959	      3.53496504	     -2.33863285	     -0.06326587	     -0.06979334
      1.12000000	    -25.31252791	     38.95370965	    -11.82539799	      0.22384876	    165.46917583	    -64.18723762	     -0.84287037	      8.22355410	      0.09502991	     14.45280990	    -33.51152274	     -3.58744254	    -17.92921821	      1.33852161	      0.31878466	     12.89815994	     -0.02812238	     -4.60038918	     -0.01818621	    -13.41743320	     -8.04768661	      2.93695554	     -2.76701335	     -0.06223671	     -0.06833832
      1.12500000	    -26.05446595	     37.21645232	     -9.20362669	     16.28624932	    160.25317744	    -58.97986514	     -1.74507717	      7.44931908	      0.07018559	     14.10058317	    -32.31068626	     -5.04461993	    -19.82054246	      1.82012443	      0.71606291	     13.01553885	     -0.02593950	     -4.42533864	     -0.01581158	     -9.89660444	     -5.88083337	      2.35815506	     -2.82690660	     -0.06065733	     -0.06636844
      1.13000000	    -26.83294970	     36.00293915	     -6.80876207	     32.26631373	    153.04639965	    -54.59781603	     -2.77824754	      6.86985520	      0.05093869	     13.97275905	    -31.34436925	     -6.40456786	    -21.56480902	      2.28917407	      1.08064061	     13.19459734	     -0.02403774	     -4.73126674	     -0.01381985	     -7.21002948	     -3.83059646	      1.94397704	     -2.83125866	     -0.05863131	     -0.06396054
      1.13500000	    -27.46359094	     34.77597323	     -4.64652893	     47.47299936	    140.40930900	    -50.54494673	     -3.09689978	      6.23095402	     -0.05987914	     13.17037112	    -30.36523361	     -7.38464887	    -23.16190209	      2.72554185	      1.40070699	     12.80464911	     -0.02238709	     -4.73922568	     -0.01218417	     -5.00703925	     -2.39068962	      1.70877631	     -2.77660750	     -0.05625698	     -0.06119107
      1.14000000	    -28.36362631	     34.03854049	     -2.86821393	     62.17387370	    129.18601534	    -47.73923407	     -3.39497249	      5.19716129	     -0.18341117	     12.30852863	    -30.29235926	     -8.10560118	    -24.60780474	      3.10923407	      1.66607723	     12.32493471	     -0.02095424	     -4.97132526	     -0.01087742	     -3.28658728	     -1.05484213	      1.33255656	     -2.72728144	     -0.05362595	     -0.05813009
      1.14500000	    -25.92620785	     33.45320473	     -8.78936653	     77.55711590	    117.80253071	    -44.37733478	     -1.48072155	      3.59848253	     -0.30556460	     12.74659385	    -31.45689449	     -1.06384909	    -25.89703091	      3.42208243	      1.86870066	     10.47705420	     -0.01969885	     -6.49627577	     -0.00981902	     -1.77513429	      2.34783468	      0.93107130	     -4.38455900	     -0.05081685	     -0.05484656
      1.15000000	    -27.33983566	     34.17684049	     -8.28990254	     90.12609943	    107.09599732	    -41.86095579	     -0.57747891	      3.24168429	     -1.05547976	     10.57511042	    -32.13304565	     -1.22832976	    -27.02478918	      3.64925193	      2.00307803	      9.11790972	     -0.01857677	     -5.89758948	     -0.00896386	     -0.52416523	      2.92985393	      1.33887446	     -4.92873314	     -0.04789049	     -0.05139755
      1.15500000	    -30.78746595	     34.17874179	     -7.14711688	     99.73391467	     95.49003712	    -40.90021333	     -1.35158803	      2.67201364	     -0.98045643	      7.99817056	    -32.55696675	     -1.37815473	    -27.98860269	      3.78045012	      2.06656272	      9.12650309	     -0.01754403	     -4.99171992	     -0.00827275	     -0.29586669	      3.10230819	      0.82165208	     -5.22919373	     -0.04488751	     -0.04783041
      1.16000000	    -32.01293241	     34.83262778	     -5.61088086	    110.09662088	     88.38973820	    -39.90140312	     -0.19122557	      1.58367043	     -0.59624822	      5.80340783	    -33.56743965	     -1.51015896	    -28.78922279	      3.81073881	      2.05954020	      7.96408465	     -0.01656120	     -4.50511771	     -0.00771033	      0.04064151	      3.56719036	      0.47606055	     -5.73246875	     -0.04182858	     -0.04418329
      1.16500000	    -34.28318929	     34.80129743	     -4.47977033	    117.17899134	     81.41948078	    -39.21616466	      0.12243566	      1.37610906	     -0.34903043	      3.41978195	    -33.52526014	     -1.58933735	    -29.43082929	      3.74088881	      1.98549467	      7.29894472	     -0.01559726	     -3.67704177	     -0.00724659	      0.23598181	      3.67860979	      0.27852643	     -5.93469235	     -0.03871696	     -0.04048576
      1.17000000	    -37.75253148	     33.68838377	     -4.02944368	    120.68278586	     74.46634445	    -38.49984750	     -1.14548004	      1.61398931	     -0.36436312	      1.37193519	    -32.59174285	     -1.59032754	    -29.92063197	      3.57727856	      1.85097020	      7.47772982	     -0.01463210	     -2.82093048	     -0.00685779	      0.23749801	      3.52676281	      0.13037133	     -5.86363330	     -0.03554297	     -0.03675975
      1.17500000	    -40.83039427	     34.91605339	     -4.02355069	    122.35758528	     69.58124475	    -39.74051857	     -1.91127230	      2.36218264	     -0.28817346	     -0.38401626	    -33.22702280	     -1.64505108	    -30.26803998	      3.33138241	      1.66541080	      7.42861321	     -0.01335377	     -2.44643893	     -0.00652652	      0.18698912	      3.55498690	      0.21499546	     -6.05814240	     -0.03233478	     -0.03302077
      1.18000000	    -43.89836442	     35.55247661	     -4.11843533	    122.00152272	     67.90519657	    -40.94167739	     -2.86113313	      2.55872173	     -0.29105777	     -1.92297874	    -34.04466950	     -1.69636706	    -30.48357958	      3.01891534	      1.44083295	      7.34567395	     -0.01235381	     -2.22303655	     -0.00624126	      0.20829258	      3.59690274	      0.03757070	     -6.27909766	     -0.02894656	     -0.02927918
      1.18500000	    -46.23000566	     35.91621804	     -4.23385186	    119.75051326	     64.88011113	    -41.56998035	     -3.44868919	      3.22101995	     -0.24298350	     -3.26438584	    -34.05003103	     -1.69415454	    -30.57773272	      2.65870858	      1.19128108	      7.16870918	     -0.01137813	     -1.92169574	     -0.00599521	      0.10619340	      3.51409463	      0.19372501	     -6.33096850	     -0.02546603	     -0.02554153
      1.19000000	    -48.30904539	     36.45793520	     -4.54823042	    115.87690390	     65.23650757	    -42.86076796	     -4.09926784	      3.41827549	     -0.24736098	     -4.17356400	    -34.80381958	     -1.71426107	    -30.55984701	      2.27139303	      0.93205895	      6.92049515	     -0.01043307	     -1.98465522	     -0.00578492	      0.11776603	      3.51771503	      0.02943099	     -6.50175560	     -0.02188551	     -0.02181208
      1.19500000	    -49.92564304	     36.86106533	     -4.81547534	    110.19002423	     64.68983757	    -43.43632830	     -4.43452411	      3.97315962	     -0.22009901	     -5.06178771	    -34.94447049	     -1.70714236	    -30.43724616	      1.87798209	      0.67878486	      6.61538920	     -0.00952684	     -1.90689005	     -0.00560878	      0.02046915	      3.44106181	      0.14447064	     -6.56454150	     -0.01821123	     -0.01809431
      1.20000000	    -50.79616644	     37.34522387	     -5.02446720	    103.35995780	     64.60381984	    -43.72464597	     -4.38437859	      4.10157130	     -0.17860827	     -5.66318770	    -35.43459912	     -1.71507948	    -30.21463796	      1.49846933	      0.44635909	      6.09342012	     -0.00866784	     -2.02043902	     -0.00546559	     -0.06589191	      3.40480607	      0.26405373	     -6.68339438	     -0.01446472	     -0.01439251
      1.20500000	    -51.42430149	     38.08955006	     -5.27905436	     95.38247794	     66.74003102	    -44.14914646	     -4.16255473	      4.48078936	     -0.13438892	     -6.13582823	    -35.87976878	     -1.72687957	    -29.89387562	      1.15054875	      0.24795933	      5.52687419	     -0.00786335	     -2.17337146	     -0.00535355	     -0.10235971	      3.41147267	      0.29571029	     -6.82407963	     -0.01068264	     -0.01071333
      1.21000000	    -51.43022859	     37.63304021	     -5.39359948	     86.51246500	     68.14522399	    -43.50219538	     -4.00582344	      4.01349449	     -0.16279921	     -6.25828097	    -36.02092913	     -1.71486364	    -29.47409222	      0.84853450	      0.09417790	      4.94019634	     -0.00711847	     -2.38654550	     -0.00526945	     -0.12824554	      3.32202262	      0.19607005	     -6.84647219	     -0.00691542	     -0.00706724
      1.21500000	    -50.69339437	     38.77440407	     -5.65075009	     77.34796136	     70.32119781	    -43.66726214	     -3.27638069	      4.13747043	     -0.10597394	     -6.07906558	    -36.77896389	     -1.73853416	    -28.95218736	      0.60255517	     -0.00762616	      4.18482836	     -0.00643572	     -2.86911910	     -0.00520847	     -0.16678224	      3.38942485	      0.27576363	     -7.02259625	     -0.00322480	     -0.00346978
      1.22000000	    -49.50896579	     38.72109553	     -5.69782841	     67.53880577	     70.52016920	    -42.86792446	     -2.57871979	      3.76854763	     -0.09486299	     -5.82905874	    -36.89978348	     -1.73527943	    -28.32360186	      0.41810159	     -0.05372014	      3.44828479	     -0.00581499	     -3.16692567	     -0.00516427	     -0.22085569	      3.25447336	      0.31929882	     -6.99210008	      0.00031939	      0.00005756
      1.22500000	    -48.30758622	     39.15586262	     -5.87755855	     57.34803224	     71.73690402	    -42.28844196	     -2.07777265	      3.32059510	     -0.13382647	     -5.36526387	    -37.49035084	     -1.76374522	    -27.58330356	      0.29596812	     -0.04410954	      2.85587460	     -0.00525396	     -3.64350473	     -0.00512932	     -0.28789112	      3.22917773	      0.31360548	     -7.07189879	      0.00364294	      0.00348684
      1.23000000	    -46.48600069	     40.08962080	     -6.14011530	     47.49134375	     72.95132902	    -42.15795300	     -1.39952618	      3.04666868	     -0.14670571	     -4.57087917	    -38.24269438	     -1.79617460	    -26.72690463	      0.23257620	      0.01763271	      2.23226455	     -0.00474881	     -4.29130456	     -0.00509555	     -0.33442239	      3.25639182	      0.32249196	     -7.17312885	      0.00667119	      0.00678375
      1.23500000	    -44.25506732	     40.94427713	     -6.15364302	     37.93735331	     73.49041171	    -42.13153671	     -0.35026218	      2.35617537	     -0.12119594	     -3.96562118	    -39.24791287	     -1.86910065	    -25.75180887	      0.22063597	      0.12478675	      1.39143359	     -0.00436515	     -4.80363837	     -0.00505486	     -0.30271381	      3.21189780	      0.25678629	     -7.28404728	      0.00935664	      0.00990818
      1.24000000	    -41.70956665	     41.32930065	     -6.17060771	     28.82063129	     73.39007622	    -41.46397965	      0.49161686	      1.54025623	     -0.12409052	     -3.11541924	    -39.84065732	     -1.90981664	    -24.65827865	      0.25006623	      0.26810368	      0.70575959	     -0.00395339	     -5.35672444	     -0.00499978	     -0.33457302	      3.21909883	      0.26362201	     -7.34004238	      0.01158993	      0.01281523
      1.24500000	    -38.68395249	     42.00073470	     -6.12808890	     20.47603300	     72.38977869	    -41.50246803	      1.67134996	      1.04640315	     -0.04971688	     -2.32407367	    -40.33088987	     -1.95392180	    -23.45033619	      0.30906192	      0.43655426	     -0.10039429	     -0.00358773	     -5.79351950	     -0.00492380	     -0.30830256	      3.14978865	      0.30238796	     -7.33475299	      0.01333649	      0.01545660
      1.25000000	    -35.91583100	     42.97050499	     -6.37284956	     12.47598056	     71.21885742	    -42.26583705	      2.26091376	      0.53023463	     -0.05227469	     -1.29972170	    -41.23890545	     -2.01226893	    -22.13643471	      0.38520235	      0.61812308	     -0.56443947	     -0.00326655	     -6.39919091	     -0.00482174	     -0.31515328	      3.13541427	      0.28242317	     -7.38901640	      0.01455353	      0.01778227
      1.25500000	    -34.00971850	     44.07586132	     -6.55342107	      4.75724866	     72.64354261	    -43.22240975	      2.52645671	     -0.36019727	     -0.09848231	     -0.76187194	    -42.73602581	     -2.14048184	    -20.72985156	      0.46650417	      0.80056363	     -0.89840726	     -0.00299014	     -6.85592946	     -0.00468985	     -0.25692894	      3.28284430	      0.07846565	     -7.66684911	      0.01521114	      0.01974217
      1.26000000	    -30.51021270	     44.96602548	     -6.84950566	     -1.37783942	     67.76644510	    -44.31399694	      3.20808185	     -0.42584954	     -0.02621197	      0.38599935	    -43.03996440	     -2.14485303	    -19.24878749	      0.54231986	      0.97206140	     -1.25567170	     -0.00276022	     -7.34584908	     -0.00452584	     -0.36978090	      3.19297391	      0.38061899	     -7.55352436	      0.01529262	      0.02128796
      1.26500000	    -27.42375760	     45.21223206	     -7.01631829	     -6.64664260	     65.00530017	    -45.73983338	      3.59575315	     -1.33601884	     -0.00536274	      1.31236765	    -43.81007968	     -2.18561580	    -17.71618142	      0.60400170	      1.12178216	     -1.59985417	     -0.00257929	     -7.77284436	     -0.00432882	     -0.29100471	      3.13484223	      0.25765408	     -7.53571106	      0.01479420	      0.02237455
      1.27000000	    -25.65013613	     46.64634801	     -7.57431155	    -12.13418311	     62.09987966	    -48.37520179	      3.34900315	     -1.24999069	     -0.02490240	      1.76613228	    -44.91154799	     -2.26877421	    -16.15925497	      0.64529763	      1.24029394	     -1.42825171	     -0.00244992	     -7.98240286	     -0.00409925	     -0.35463149	      3.10194252	      0.34948333	     -7.61621603	      0.01372420	      0.02296153
      1.27500000	    -22.63020348	     46.63757380	     -7.91479863	    -15.33157224	     59.27620437	    -50.58589753	      3.38977702	     -2.00308004	     -0.00320367	      2.78272325	    -45.52020345	     -2.26494967	    -14.60881639	      0.66247311	      1.31986712	     -1.54127974	     -0.00237413	     -8.40200722	     -0.00383884	     -0.21061078	      3.06197401	      0.13936255	     -7.54588544	      0.01210179	      0.02301440
      1.28000000	    -20.29759508	     47.68876099	     -8.42941477	    -18.16587519	     55.76777920	    -53.34567549	      3.35265964	     -2.12161568	      0.05048550	      3.37336732	    -46.49975977	     -2.29754333	    -13.09838747	      0.65416860	      1.35466882	     -1.46322737	     -0.00235308	     -8.65935473	     -0.00355058	     -0.20501904	      3.10263288	      0.23532014	     -7.60838847	      0.00995556	      0.02250556
      1.28500000	    -18.65410420	     47.46728323	     -8.86440661	    -20.56567422	     52.17963237	    -55.29400026	      2.69430769	     -2.64407647	      0.01459444	      3.77472678	    -46.94839120	     -2.29003033	    -11.66324005	      0.62103558	      1.34086086	     -1.08277680	     -0.00238693	     -8.70397718	     -0.00323881	     -0.21007489	      3.07182549	      0.20916137	     -7.55409852	      0.00732188	      0.02141525
      1.29000000	    -16.53674564	     48.16986820	     -9.47082139	    -21.38250512	     48.99722408	    -58.35627277	      2.48474412	     -2.65924406	      0.08351274	      4.37756332	    -47.74592898	     -2.26935321	    -10.33941547	      0.56522273	      1.27660510	     -0.87202574	     -0.00247499	     -8.92093502	     -0.00290935	     -0.12336863	      3.11481731	      0.21406110	     -7.56064261	      0.00424317	      0.01973230
      1.29500000	    -15.11962869	     47.91774051	     -9.92504850	    -22.04892900	     44.15061526	    -60.38865041	      1.92285947	     -2.85009021	      0.10665862	      4.58998237	    -47.98644876	     -2.22106938	     -9.16276585	      0.48978337	      1.16198753	     -0.43756411	     -0.00261604	     -8.79620513	     -0.00256970	     -0.14485948	      3.01358443	      0.32923548	     -7.42341879	      0.00076639	      0.01745488
      1.30000000	    -14.30182154	     47.25910213	    -10.46075541	    -21.74777143	     43.59485173	    -62.33178882	      0.92097339	     -3.55023516	      0.05867112	      4.94602749	    -48.58514831	     -2.16343198	     -8.16802200	      0.39807188	      0.99887540	      0.12974622	     -0.00280883	     -8.86084196	     -0.00222939	      0.02336607	      3.13408773	      0.02473590	     -7.45283117	     -0.00305840	      0.01459113
      1.30500000	    -13.94539351	     47.42733127	    -11.18988159	    -21.36222758	     40.03717576	    -64.54173010	     -0.03218060	     -3.40552591	      0.04796336	      5.04999300	    -49.15035706	     -2.10196411	     -7.38786485	      0.29320185	      0.79071493	      0.86790928	     -0.00305263	     -8.73356329	     -0.00190011	     -0.02024958	      3.11511592	      0.16233645	     -7.40443059	     -0.00717911	      0.01115971
      1.31000000	    -13.38058825	     46.94584155	    -11.66620511	    -19.65581119	     38.56530161	    -65.73054262	     -0.63704881	     -3.69944139	      0.08389286	      5.21018588	    -49.48750616	     -2.00303037	     -6.85196663	      0.17762622	      0.54227420	      1.37002024	     -0.00334775	     -8.63793578	     -0.00159606	      0.03727883	      3.23686939	      0.18790018	     -7.40410079	     -0.01154237	      0.00719021
      1.31500000	    -13.37672353	     45.30595552	    -12.07886233	    -17.63264922	     37.71205921	    -66.23313564	     -1.63983638	     -4.08410776	      0.05368458	      5.36739999	    -49.11005871	     -1.84601646	     -6.58598913	      0.05287256	      0.25934172	      2.07617926	     -0.00369618	     -8.38848807	     -0.00133402	      0.14224283	      3.20100038	      0.05289096	     -7.20117679	     -0.01609395	      0.00272330
      1.32000000	    -13.10509159	     44.66910367	    -12.55206761	    -14.55627043	     37.58776901	    -66.75808837	     -2.03270970	     -4.30212697	      0.11578094	      5.66518370	    -49.30162564	     -1.69548746	     -6.61056042	     -0.08054807	     -0.05159576	      2.52745063	     -0.00410213	     -8.32989184	     -0.00113349	      0.19202988	      3.34848016	      0.14132442	     -7.18436403	     -0.02077884	     -0.00218954
      1.32500000	    -13.85601364	     43.58955728	    -12.98003885	    -11.65173990	     38.96791555	    -67.00033763	     -2.70389830	     -4.52997413	      0.12112832	      5.63630673	    -49.33861609	     -1.54860653	     -6.94027025	     -0.22304719	     -0.38366064	      3.13424817	     -0.00457241	     -8.02551221	     -0.00101658	      0.26224029	      3.38546237	      0.12928642	     -7.10845537	     -0.02554109	     -0.00748661
      1.33000000	    -15.36332798	     42.03442862	    -13.29921469	     -8.79899492	     41.44110262	    -66.74878176	     -3.43757453	     -4.66818482	      0.09921885	      5.31151516	    -48.99828045	     -1.39537251	     -7.58272170	     -0.37569071	     -0.72984510	      3.80625985	     -0.00511677	     -7.45993665	     -0.00100792	      0.31145617	      3.30341488	      0.12831017	     -6.93597377	     -0.03032359	     -0.01309712
      1.33500000	    -16.87343666	     40.35903321	    -13.96316938	     -5.34640163	     45.00817430	    -66.14917096	     -4.47862234	     -4.46877672	      0.00674391	      5.70771361	    -48.25380337	     -1.15878586	     -8.53766173	     -0.53979322	     -1.08320701	      4.72187255	     -0.00574795	     -7.23013845	     -0.00113437	      0.23556332	      3.28953350	      0.26846439	     -6.70058924	     -0.03506791	     -0.01894262
      1.34000000	    -15.78066102	     40.53197806	    -13.78208093	      0.08903188	     32.05995742	    -63.21424716	     -2.46868087	     -5.01895949	      0.17146471	      5.45134698	    -47.93521843	     -0.98953288	     -9.79619895	     -0.71641735	     -1.43700142	      4.69026945	     -0.00648151	     -6.70034493	     -0.00142461	     -2.14765756	      3.41224428	      1.03661198	     -6.68077012	     -0.03971447	     -0.02493888
      1.34500000	    -15.48739657	     35.67465021	    -13.27377553	      7.61599201	     47.13604333	    -60.69076781	     -1.46766620	     -7.73676955	     -0.06209275	      6.06844620	    -47.09476963	     -0.72524427	    -11.34010764	     -0.90581904	     -1.78476888	      3.97030349	     -0.00733549	     -6.53027065	     -0.00190870	     -1.52158693	      3.45547971	      0.31520243	     -6.47866475	     -0.04420311	     -0.03099783
      1.35000000	     -6.34941035	     37.07730203	    -12.14013348	     19.71522408	     24.04936907	    -56.79758951	      7.97435810	    -10.07906874	     -0.07143417	      6.34324331	    -47.05066974	     -0.51680454	    -13.14121678	     -1.10689040	     -2.12041432	     -0.67467037	     -0.00832989	     -6.26165385	     -0.00261957	     -3.93384137	      3.64607055	      0.66458268	     -6.51446438	     -0.04847402	     -0.03702949
      1.35500000	     19.92487397	     43.61365909	     -9.22600336	     44.38595300	    -48.78818120	    -57.63897811	     33.47417268	     -8.47439904	     -0.15615296	      5.33966112	    -42.85058989	     -0.27842251	    -15.16091037	     -1.31665883	     -2.43829422	    -12.77481096	     -0.00948614	     -4.29976818	     -0.00359801	     -9.35372614	      1.37777577	      1.49538165	     -4.48724646	     -0.05246856	     -0.04294388
      1.36000000	     24.82402265	     43.36644983	     -0.76472814	     61.90865845	     -7.64658300	    -62.73035695	     43.24529456	     -7.83912653	     -0.05247752	      3.79253375	    -41.71595571	     -6.90992479	    -17.34981487	     -1.52989923	     -2.73330052	    -18.30436433	     -0.01082665	     -2.15582465	     -0.00487453	     -6.16539923	     -1.30444685	      1.53305976	     -3.66581821	     -0.05612950	     -0.04865481
      1.36500000	     15.11401903	     35.10779313	     -5.02260947	     60.55902969	      1.46026734	    -62.31543441	     34.84374258	     -7.55659345	     -0.27200760	      5.30057317	    -38.71898810	     -3.69752573	    -19.64776911	     -1.73892900	     -3.00092244	    -13.51998636	     -0.01238492	     -1.10283415	     -0.00648195	     -6.66398481	     -5.16063990	      1.29335456	     -3.35101833	     -0.05939958	     -0.05408006
      1.37000000	     19.16894387	     27.52792158	    -12.35659501	     63.29782406	    -45.38215507	    -68.10946644	     24.32750037	     -4.17543397	     -0.33152296	     19.88105242	    -32.96806756	     -0.66539164	    -21.98414743	     -1.93366485	     -3.23727498	     -6.91240898	     -0.01419946	     -8.62324081	     -0.00845047	     -9.20587874	     -9.91779900	      1.72052155	     -2.90785096	     -0.06222102	     -0.05914309
      1.37500000	     20.07925161	     22.91749929	    -16.45330424	     74.54996284	    -11.34317184	    -62.81767520	     13.10090659	     -5.71694854	     -0.53214103	     35.87768090	    -29.89359685	     -1.40074717	    -24.27857314	     -2.10198780	     -3.43908476	     -0.84102651	     -0.01628682	    -16.79372099	     -0.01080552	    -11.98250721	     -8.13729703	      1.55422175	     -3.45203128	     -0.06453589	     -0.06377310
      1.38000000	     -0.30303966	     19.69162728	    -18.93552949	     61.12514193	     11.12379404	    -62.99783558	      0.55705256	     -5.04132867	     -0.58785411	     34.01890732	    -30.18629694	     -0.95025601	    -26.44201811	     -2.23040850	     -3.60362897	      6.12010055	     -0.01866593	    -15.24168497	     -0.01356434	    -15.03724843	    -10.10952716	      1.79994795	     -2.90389008	     -0.06628342	     -0.06790391
      1.38500000	    -30.92761379	     19.95448584	    -20.46298892	     35.42042096	     37.02977249	    -67.00566102	    -10.00895496	      0.45748277	     -0.60848985	     21.95010897	    -30.41543161	      0.07468401	    -28.37822974	     -2.30497943	     -3.72863558	     12.52914862	     -0.02134556	     -8.29060469	     -0.01673097	    -18.16350316	    -12.84953269	      2.76798754	     -1.73378510	     -0.06740267	     -0.07147181
      1.39000000	    -56.47218096	     23.85941376	    -22.23115168	     14.34440709	     67.48379975	    -74.38506442	    -17.35566013	      6.43250910	     -0.75436004	     12.12499064	    -32.24804467	      0.77590046	    -29.98541799	     -2.31235808	     -3.81214654	     17.01834205	     -0.02431797	     -2.81833783	     -0.02028880	    -21.32498784	    -15.48659104	      3.76117288	     -0.75214721	     -0.06783656	     -0.07441324
      1.39500000	    -67.06996478	     30.95490359	    -21.80253666	      6.53848000	     90.17239406	    -81.80294180	    -11.37559148	      9.64584674	     -1.16996882	      2.69115032	    -35.39286584	      1.40090718	    -31.15822391	     -2.24089788	     -3.85233743	     13.68454662	     -0.02755085	      2.17412872	     -0.02408438	    -25.23263307	    -18.01130332	      5.05767877	      0.24683246	     -0.06753761	     -0.07667795
      1.40000000	    -61.39771767	     31.43404306	    -17.83803000	     13.20511677	    104.02882361	    -80.05086869	      4.35460996	      5.54013479	     -1.58746351	     -3.65707897	    -35.63434361	      1.91002289	    -31.79013680	     -2.08165711	     -3.84730146	      3.63054663	     -0.03097831	      5.40900564	     -0.02791828	    -29.84274596	    -20.58063221	      5.86647007	      1.45432579	     -0.06647431	     -0.07821850
      1.40500000	    -48.91462784	     25.99302087	    -14.37534001	     25.42497311	    113.29516049	    -70.67691837	     16.17333985	     -5.25021786	     -1.64172604	     -1.63182362	    -35.73029068	      2.36131447	    -31.77663082	     -1.82925047	     -3.79483968	     -5.94986590	     -0.03411455	      3.64788194	     -0.03188654	    -35.72449681	    -23.04780548	      6.13639283	      1.98351251	     -0.06468070	     -0.07895219
      1.41000000	    -28.01811276	     23.28993783	    -13.10261849	     43.04216461	    103.92595431	    -64.16531716	     27.81144503	    -14.88027661	     -1.42937742	      7.52224905	    -35.68746280	      2.66823283	    -31.01927153	     -1.48249707	     -3.69232942	    -15.96622721	     -0.03727946	     -2.56787382	     -0.03594249	    -43.04171663	    -27.36991385	      7.45895490	      2.79885614	     -0.06213762	     -0.07882243
      1.41500000	     -7.95121579	     21.55358450	    -12.97358332	     54.77301213	     67.73870110	    -62.17582038	     36.69848310	    -23.23581281	     -1.03182331	     17.38767251	    -35.87834122	      2.96430848	    -29.43087905	     -1.04484335	     -3.53674930	    -25.30910685	     -0.04045233	    -10.34184699	     -0.04002915	    -51.67422742	    -35.27373209	      8.57075463	      4.52669251	     -0.05888643	     -0.07778546
      1.42000000	      2.39982811	     17.97597800	    -13.31747425	     51.37264947	     12.52016865	    -59.94797617	     37.77800619	    -32.20187795	     -0.13662657	     24.81085707	    -37.11881114	      3.48130887	    -26.94155835	     -0.52456081	     -3.32491167	    -31.82134939	     -0.04359477	    -18.28076533	     -0.04407259	    -61.85869478	    -45.90975054	     10.02944687	      7.59948664	     -0.05499708	     -0.07581708
      1.42500000	      5.35599989	     15.37882784	    -14.51489204	     37.06876046	    -49.19396398	    -59.65153779	     33.91108181	    -36.82863013	      0.75676070	     29.91246183	    -36.66977758	      3.88418391	    -23.50507614	      0.06525699	     -3.05390961	    -36.02236741	     -0.04665061	    -26.29464574	     -0.04833865	    -72.84812309	    -58.15624273	     11.68803267	     11.19473310	     -0.05056691	     -0.07294776
      1.43000000	      1.71828019	     11.75383336	    -14.85636333	     13.96459219	   -107.07023387	    -58.82090106	     27.41743457	    -40.13691749	      1.77904539	     30.98329531	    -35.45307938	      4.22085109	    -19.10479815	      0.70683799	     -2.72174046	    -39.32529009	     -0.04977306	    -33.44800742	     -0.05219996	    -83.84458506	    -71.20207792	     13.15335697	     15.35024410	     -0.04573144	     -0.06919181
      1.43500000	    -10.46507388	      9.87065540	    -12.71041465	    -19.96969989	   -156.57008089	    -57.16036559	     22.07361616	    -44.94897763	      3.16817110	     23.39427333	    -38.35035726	      5.16516619	    -13.75833083	      1.37794755	     -2.32803141	    -44.28526092	     -0.05267638	    -37.34748380	     -0.05528977	    -94.77197947	    -83.66245714	     14.51874871	     19.18385833	     -0.04063771	     -0.06460047
      1.44000000	    -20.69954330	     11.54904147	     -8.22883785	    -52.19917887	   -196.51565911	    -55.71866921	     24.65707684	    -47.50301186	      4.18517979	     10.07235701	    -41.20138444	      6.12148911	     -7.52012414	      2.05215976	     -1.87478428	    -53.36375335	     -0.05488212	    -38.90365691	     -0.05742292	   -105.31990791	    -95.28282718	     16.57973782	     22.63081754	     -0.03543232	     -0.05926725
      1.44500000	    -21.17797184	     12.24453077	     -3.87621549	    -73.08790881	   -226.62551008	    -51.92467905	     30.69672005	    -49.20558508	      5.00206485	      1.25587526	    -40.33607174	      6.41148003	     -0.48147832	      2.69925523	     -1.36706539	    -64.43946489	     -0.05628412	    -43.10196569	     -0.05845943	   -114.85107574	   -106.13445614	     18.36882956	     25.86983124	     -0.03028678	     -0.05331740
      1.45000000	    -12.84325580	     14.46455111	     -2.98247564	    -81.79825898	   -242.99427713	    -49.72958190	     34.72210478	    -49.07455161	      5.62099251	      2.09064748	    -37.60599079	      6.30598543	      7.23236225	      3.28590175	     -0.81355463	    -74.23004359	     -0.05681470	    -52.31030280	     -0.05799862	   -123.26789483	   -116.11845729	     20.01066919	     28.71615141	     -0.02537473	     -0.04694053
      1.45500000	      4.03651511	     21.01894767	     -5.73380172	    -77.91500290	   -244.02140142	    -51.17444148	     39.03262297	    -45.06113803	      5.50291996	     10.78399369	    -33.26247012	      5.84297020	     15.46801009	      3.77682485	     -0.22683499	    -83.38045403	     -0.05634898	    -65.14667341	     -0.05706602	   -130.46573277	   -124.70535213	     22.01357812	     30.87284561	     -0.02086713	     -0.04027692
      1.46000000	     23.69241447	     28.85948440	     -9.79197546	    -68.02979668	   -232.93560929	    -53.13771050	     43.59892898	    -38.08445853	      4.62784166	     21.69613508	    -26.80568976	      4.80453754	     24.05221822	      4.13662621	      0.37670845	    -91.92433458	     -0.05503227	    -78.52129535	     -0.05588207	   -136.33796210	   -132.37899970	     24.18825178	     32.52143289	     -0.01692319	     -0.03350922
      1.46500000	     39.22243412	     33.90956314	    -12.29866345	    -60.58188918	   -212.39922261	    -51.86593749	     47.42495762	    -31.95675880	      3.69770013	     29.05092593	    -20.03106791	      3.50311021	     32.80186653	      4.33223622	      0.97747686	    -99.85109893	     -0.05358238	    -89.67578004	     -0.05454445	   -140.81027417	   -139.41956068	     26.06434920	     34.07163168	     -0.01363956	     -0.02683243
      1.47000000	     55.12945154	     36.76311309	    -12.86760600	    -50.15947367	   -185.68867789	    -46.97368941	     54.09792214	    -27.51497680	      2.68389835	     33.40112391	    -13.20916011	      1.99237961	     41.53457677	      4.33577116	      1.55375677	   -108.79903329	     -0.05205344	    -98.93371032	     -0.05313492	   -144.47385303	   -145.42690820	     27.89766836	     35.20451701	     -0.01109566	     -0.02043658
      1.47500000	     72.05667844	     34.30188070	    -11.47056773	    -36.73130485	   -160.13671430	    -36.04347307	     61.61255676	    -27.68624087	      2.42767047	     36.49074906	     -6.36481031	      0.30531535	     50.07870766	      4.12741720	      2.08325224	   -118.71212022	     -0.05048649	   -107.28573030	     -0.05167768	   -147.42413990	   -151.15411563	     29.11860767	     36.39344888	     -0.00932407	     -0.01450046
      1.48000000	     89.87268509	     28.50128874	     -9.81897323	    -20.47568117	   -138.17925632	    -21.99543303	     67.75078780	    -31.37922652	      3.00853852	     40.82842689	     -0.32957009	     -1.27526344	     58.28152198	      3.69792249	      2.54486698	   -128.31886007	     -0.04891252	   -116.17564619	     -0.04988799	   -149.92483375	   -156.67647124	     29.87282659	     37.55041063	     -0.00830542	     -0.00916517
      1.48500000	    106.39368282	     21.55021219	     -8.48815299	     -4.35462193	   -121.78898822	     -7.21519385	     71.73878071	    -36.58461103	      4.16128153	     45.83143026	      4.44074861	     -2.58171213	     66.01461269	      3.05033245	      2.92048426	   -136.93842636	     -0.04735591	   -125.39011893	     -0.04783624	   -152.30135329	   -161.96033983	     30.67850723	     38.66932200	     -0.00796968	     -0.00453680
      1.49000000	    118.69652895	     12.37531592	     -6.87692491	      7.89021024	   -110.90624987	      8.53381757	     72.39507565	    -44.12341988	      6.20864440	     50.01624276	      7.43121465	     -3.42499505	     73.17612605	      2.20070994	      3.19648171	   -144.16736233	     -0.04576644	   -134.15628516	     -0.04566488	   -154.46796171	   -167.05398810	     30.90733287	     39.82523061	     -0.00820711	     -0.00067981
      1.49500000	    126.75653063	      3.76656818	     -5.40717971	     15.54181638	   -106.51010842	     22.61004834	     70.95698593	    -51.87611397	      8.58236618	     52.83234654	      8.41523075	     -3.69919511	     79.68980463	      1.17769606	      3.36473478	   -150.34022998	     -0.04400335	   -142.16095513	     -0.04351481	   -156.59753788	   -171.71239600	     31.06715810	     40.87410194	     -0.00887593	      0.00239132
      1.50000000	    131.48133146	     -3.07987404	     -3.65086130	     19.62544957	   -106.91425536	     32.79404938	     69.89561993	    -59.25393750	     10.87455151	     52.99851259	      7.10602200	     -3.28001682	     85.50136642	      0.02089292	      3.42291724	   -156.11357725	     -0.04216572	   -148.75212673	     -0.04151541	   -158.51556572	   -175.96819648	     31.09052485	     41.88447523	     -0.00982460	      0.00471165
      1.50500000	    131.54641705	     -7.17008345	     -2.20628601	     17.94696816	   -114.25267482	     38.04144685	     67.93225008	    -64.90405371	     12.81672718	     50.78180980	      3.85772416	     -2.21534280	     90.57318453	     -1.22179563	      3.37405148	   -160.93015775	     -0.04035621	   -153.85612724	     -0.03977688	   -160.49754205	   -180.07468348	     31.31656873	     43.11656429	     -0.01090220	      0.00635839
      1.51000000	    130.14123448	     -7.88093948	     -1.67531570	     14.35181013	   -124.16713669	     38.66045227	     65.99299262	    -68.42084386	     14.15713543	     48.31346346	     -0.70498836	     -0.70066993	     94.87847938	     -2.49756064	      3.22545604	   -164.93025238	     -0.03867268	   -158.28809087	     -0.03838528	   -162.16319938	   -183.22798225	     31.68966772	     43.87788199	     -0.01196897	      0.00743785
      1.51500000	    128.38979212	     -7.01813772	     -1.51230547	      9.89694659	   -138.60735887	     35.41080762	     64.79181235	    -70.34645539	     14.94034340	     45.36662234	     -5.31645106	      0.89155501	     98.39618267	     -3.75239162	      2.98737267	   -168.29863606	     -0.03720360	   -161.95303885	     -0.03740029	   -163.59559064	   -186.13153902	     32.14638100	     45.07309702	     -0.01290457	      0.00806988
      1.52000000	    125.09175567	     -4.69474562	     -2.16318801	      2.84514655	   -158.82899070	     28.38716870	     62.39204027	    -70.83115869	     15.31954474	     42.70972891	    -10.35533352	      2.65210412	    101.10734767	     -4.93464464	      2.67158443	   -170.16828066	     -0.03602404	   -165.39018256	     -0.03685523	   -164.69338327	   -188.96020173	     32.23695463	     46.13412793	     -0.01361396	      0.00837291
      1.52500000	    120.39597926	     -0.43043637	     -3.27178499	     -6.62658177	   -182.04329427	     19.07809731	     59.96820631	    -68.73398264	     14.90831426	     39.55672495	    -14.78971697	      4.20284345	    102.99357048	     -5.99813572	      2.29028706	   -170.98639237	     -0.03519259	   -167.50335519	     -0.03675882	   -165.74345272	   -191.10222745	     32.73149587	     47.20874098	     -0.01403117	      0.00845061
      1.53000000	    112.96969116	      5.64380895	     -4.39465915	    -19.56570681	   -204.64966949	      7.50335244	     57.49463940	    -64.32837201	     13.74606088	     34.85714423	    -19.16578442	      5.67354818	    104.03742701	     -6.90455771	      1.85536525	   -170.34362792	     -0.03474913	   -167.58900881	     -0.03709801	   -166.50071254	   -192.49143729	     33.31510309	     47.96647955	     -0.01412134	      0.00838122
      1.53500000	    105.58776790	     10.98312040	     -5.23959350	    -31.98503115	   -222.11322872	     -3.28064187	     55.54701131	    -59.06856418	     12.24999301	     30.05507706	    -22.09754950	      6.61622558	    104.22453393	     -7.62513314	      1.37808769	   -168.49812982	     -0.03471343	   -165.80986886	     -0.03784117	   -166.49462139	   -193.02276149	     33.78900888	     48.69165593	     -0.01388123	      0.00820978
      1.54000000	     98.49586837	     15.51240350	     -6.19413298	    -42.84925023	   -234.20293662	    -12.65673981	     53.25488959	    -53.35095149	     10.59173813	     26.15900384	    -23.63155191	      7.05846439	    103.54661064	     -8.14150444	      0.86913230	   -165.11458251	     -0.03508433	   -162.41545352	     -0.03894115	   -166.27458821	   -192.44854951	     33.84062409	     49.05165667	     -0.01333853	      0.00794391
      1.54500000	     93.26305648	     18.83311405	     -7.38384182	    -50.99733769	   -245.08550320	    -19.45245740	     50.85228726	    -47.14856116	      8.88693961	     24.11602627	    -23.27310753	      6.86557993	    102.00486483	     -8.44592814	      0.33881385	   -160.39794726	     -0.03583968	   -158.31132169	     -0.04033773	   -165.84600915	   -191.36611210	     34.36727423	     49.27537638	     -0.01255010	      0.00755346
      1.55000000	     89.20486443	     19.48391311	     -8.33635970	    -55.25107585	   -242.42310397	    -23.27815431	     48.05869135	    -42.78952163	      7.76894083	     23.71368896	    -22.14994847	      6.43857316	     99.61310570	     -8.54087855	     -0.20260527	   -153.94358312	     -0.03693661	   -152.60567797	     -0.04195942	   -164.33634322	   -189.10586865	     34.09167692	     49.11703405	     -0.01159923	      0.00697422
      1.55500000	     86.16873355	     19.13381277	     -9.14928204	    -56.78669983	   -231.27735940	    -25.46449210	     45.64117927	    -39.57445110	      6.99402812	     24.28189791	    -20.92718780	      6.00241110	     96.40013625	     -8.43818129	     -0.74460906	   -146.44099188	     -0.03831251	   -145.50209401	     -0.04372463	   -162.19567313	   -185.73362702	     33.58423106	     48.60806660	     -0.01059168	      0.00611583
      1.56000000	     82.94587156	     17.18277948	     -9.53501902	    -57.18652179	   -211.38202213	    -25.04202589	     42.89134090	    -38.22141180	      6.79742655	     25.38841181	    -20.19081685	      5.72335989	     92.41111341	     -8.15778858	     -1.27618405	   -137.66076308	     -0.03988676	   -137.28038919	     -0.04554265	   -159.31403111	   -181.03410138	     32.71600707	     47.31395393	     -0.00965043	      0.00487358
      1.56500000	     79.27148634	     14.90573106	     -9.76838585	    -57.90555056	   -189.11678470	    -25.29951679	     40.28850876	    -37.20011320	      6.67415035	     26.33929227	    -19.62867019	      5.50941628	     87.70769306	     -7.72629131	     -1.78567791	   -127.97684162	     -0.04156336	   -128.22612451	     -0.04731505	   -155.77682191	   -175.87391203	     31.71188889	     46.08767411	     -0.00890882	      0.00314343
      1.57000000	     75.10738524	     13.02958902	    -10.01313596	    -59.40189285	   -163.25970809	    -26.12552934	     37.80938512	    -37.14820815	      6.76801062	     27.32844448	    -20.42057896	      5.67596691	     82.36692013	     -7.17525846	     -2.26079744	   -117.89626778	     -0.04323497	   -118.75578052	     -0.04893803	   -151.26263294	   -169.56310446	     30.37674275	     44.24453196	     -0.00850187	      0.00083764
      1.57500000	     69.00522890	     12.88889392	    -10.61464639	    -63.39626156	   -137.25482735	    -28.68975034	     34.65762540	    -36.93487619	      6.83651902	     27.92068238	    -22.89279877	      6.24744228	     76.47896494	     -6.53946539	     -2.68878577	   -107.08262218	     -0.04501165	   -109.03662522	     -0.05030647	   -146.37868568	   -162.33876671	     29.16103867	     41.81729785	     -0.00855875	     -0.00210244
      1.58000000	     61.07424087	     12.76607653	    -11.15454734	    -69.92103174	   -112.14983747	    -32.92445208	     30.95212279	    -37.26275466	      6.98174360	     27.66387089	    -26.29249628	      6.97494115	     70.14393222	     -5.85499816	     -3.05679088	    -95.93573534	     -0.04700885	    -99.02550094	     -0.05134756	   -140.63880318	   -154.84790869	     27.46080682	     39.46865129	     -0.00918261	     -0.00570082
      1.58500000	     52.35161649	     12.03188704	    -11.38091478	    -77.99505822	    -86.50317014	    -36.66958989	     27.23583997	    -38.43873495	      7.20879117	     26.87165004	    -30.08836766	      7.65832396	     63.46805682	     -5.15717057	     -3.35236344	    -85.08359765	     -0.04919754	    -89.07149797	     -0.05239896	   -133.90961881	   -146.31056655	     25.28454459	     36.73268267	     -0.01044411	     -0.00994876
      1.59000000	     41.96803162	     13.55545640	    -12.06373383	    -87.51889407	    -61.87077987	    -41.18862296	     23.07941470	    -38.23176960	      7.11979828	     25.50948546	    -34.57778600	      8.33716332	     56.55957848	     -4.47825568	     -3.56397522	    -74.07086742	     -0.05154214	    -78.98261356	     -0.05355162	   -127.30603467	   -136.93151226	     23.80812343	     33.50578703	     -0.01237320	     -0.01478611
      1.59500000	     31.89869319	     14.76361357	    -12.56802424	    -96.13164098	    -36.98572712	    -46.65980396	     19.70246725	    -36.94058062	      6.69432061	     23.61066240	    -37.74356863	      8.57483958	     49.52448609	     -3.84520015	     -3.68148622	    -63.45434831	     -0.05399141	    -68.89804131	     -0.05479001	   -119.79689471	   -127.51040102	     22.02637224	     30.56797945	     -0.01495831	     -0.02012375
      1.60000000	     21.58403678	     16.22744655	    -13.31774548	   -104.02786711	     -9.33480776	    -52.44085885	     15.95102274	    -34.58907767	      6.07060052	     21.96849719	    -40.13191393	      8.51398850	     42.46231763	     -3.27763104	     -3.69655184	    -52.79836567	     -0.05644033	    -59.34861875	     -0.05607325	   -111.62236071	   -117.41878419	     20.10156680	     27.48231258	     -0.01815267	     -0.02584318
      1.60500000	     13.22680649	     19.10847198	    -14.34702519	   -108.63220513	     16.16097160	    -58.21168547	     13.37024247	    -31.29834161	      5.26624479	     20.95633681	    -42.30549431	      8.25884678	     35.46231523	     -2.78647640	     -3.60298693	    -43.20741834	     -0.05767073	    -50.64209162	     -0.05718910	   -103.49027750	   -107.02757974	     18.61839350	     24.06074030	     -0.02190939	     -0.03181149
      1.61000000	      5.11576643	     21.44879483	    -15.03415128	   -111.30473928	     45.46388728	    -63.60114626	     11.27158612	    -27.70445435	      4.42780395	     19.58584435	    -43.60623352	      7.74096090	     28.60030108	     -2.37342450	     -3.39711124	    -34.30398336	     -0.05788872	    -42.25800652	     -0.05686791	    -94.63097335	    -96.36065324	     16.75584433	     20.68858599	     -0.02609812	     -0.03791249
      1.61500000	     -2.09556530	     23.86794907	    -15.55052757	   -111.67108060	     72.28375564	    -67.90883623	      9.69480291	    -23.65249890	      3.58861938	     18.25963108	    -44.16288085	      7.02073822	     21.93662311	     -2.03132599	     -3.07811324	    -26.31117795	     -0.05708671	    -34.61148773	     -0.05546620	    -85.98001801	    -85.77281560	     15.17181674	     17.34085880	     -0.03059802	     -0.04394366
      1.62000000	     -8.85105793	     25.41025386	    -15.94982115	   -109.95160638	     99.19719621	    -71.26527872	      7.63333884	    -20.03254040	      2.88285910	     17.51434571	    -44.31229117	      6.16715895	     15.51545886	     -1.74552996	     -2.64846856	    -18.84459130	     -0.05531615	    -28.17273603	     -0.05305991	    -77.01648402	    -75.36856485	     13.22470720	     13.90952099	     -0.03527712	     -0.04974434
      1.62500000	    -14.23726093	     26.65784956	    -15.93617042	   -105.22065945	    121.77361474	    -73.68710051	      6.53989890	    -15.98783167	      2.19627773	     16.64807361	    -43.36294257	      5.16014445	      9.36561409	     -1.49602450	     -2.11440286	    -12.51595775	     -0.05290928	    -22.35279282	     -0.04978401	    -68.46091870	    -65.75533576	     11.64204025	     10.94508442	     -0.04000782	     -0.05516482
      1.63000000	    -17.76475545	     27.33983984	    -15.70024241	    -97.56650580	    138.12648300	    -75.10264846	      5.94446940	    -11.91955927	      1.59260169	     16.51475470	    -41.42753840	      4.07103612	      3.50273100	     -1.26014118	     -1.48631816	     -7.22299906	     -0.05067228	    -17.80837474	     -0.04649188	    -60.37902827	    -56.76231431	     10.18463135	      8.36572820	     -0.04466914	     -0.06010847
      1.63500000	    -21.17892660	     28.38281209	    -15.31652946	    -88.01309781	    152.70003711	    -75.92669051	      5.35501596	     -8.28632467	      1.12223352	     16.34477538	    -39.94426979	      3.04093391	     -2.06736921	     -1.01551967	     -0.77905572	     -2.75376151	     -0.04823648	    -14.06394757	     -0.04332731	    -52.68803472	    -48.21196402	      8.71530129	      5.76949954	     -0.04910129	     -0.06444559
      1.64000000	    -22.63717317	     28.58857423	    -14.48387422	    -75.45280465	    162.21862127	    -75.74724192	      5.79904147	     -4.82218900	      0.74456200	     16.52035135	    -37.40866725	      2.02065746	     -7.34463326	     -0.74300976	     -0.01187689	      0.39460294	     -0.04565900	    -11.10921811	     -0.04011017	    -45.24044911	    -40.65117170	      7.50947611	      3.91456768	     -0.05318177	     -0.06807670
      1.64500000	    -23.74788505	     29.96771563	    -13.74078346	    -60.87207473	    170.75762662	    -75.28109426	      6.39105998	     -1.80044059	      0.47697741	     16.93907991	    -35.83991654	      1.10040330	    -12.33056266	     -0.42919101	      0.79191900	      2.70795183	     -0.04296720	     -9.04332943	     -0.03687758	    -38.42376248	    -33.31115722	      6.44829643	      2.11570049	     -0.05680404	     -0.07094961
      1.65000000	    -24.64594125	     29.88905050	    -12.66500960	    -44.71308283	    175.75082020	    -74.28316559	      6.55027233	      0.48347572	      0.30880688	     17.55129581	    -33.80861239	      0.24907034	    -17.02443066	     -0.06822016	      1.60577506	      4.64939990	     -0.03985177	     -7.63840843	     -0.03363807	    -31.93557115	    -27.22759423	      5.26605799	      0.84687155	     -0.05991156	     -0.07304328
      1.65500000	    -25.35997326	     31.03087857	    -11.68787192	    -26.92966660	    181.31926270	    -73.74648232	      6.98591273	      2.54654392	      0.20393895	     18.20660650	    -32.76076212	     -0.57062683	    -21.42043721	      0.33720791	      2.40103479	      5.78300874	     -0.03632400	     -6.82902597	     -0.02987866	    -25.72583288	    -21.60968406	      4.15272638	     -0.31242316	     -0.06243518	     -0.07443075
      1.66000000	    -27.36779441	     31.01446747	    -10.19308620	     -9.72802078	    182.23345682	    -70.61826157	      6.91880656	      3.97106298	      0.14295385	     17.79360546	    -31.11868082	     -1.34398504	    -25.50616103	      0.77589476	      3.14839539	      6.68978830	     -0.03289724	     -5.73329879	     -0.02632648	    -20.58229514	    -16.86502838	      3.57004891	     -1.12847037	     -0.06429989	     -0.07505666
      1.66500000	    -30.26708783	     31.76537450	     -8.40426913	      8.06283407	    185.92923829	    -68.36282310	      6.96826786	      4.37995554	      0.09772946	     16.54796909	    -31.02711644	     -2.30688146	    -29.26248150	      1.22916725	      3.81953510	      6.98646826	     -0.02969821	     -4.66729395	     -0.02310808	    -15.75646044	    -12.79089569	      2.67924908	     -1.77513487	     -0.06549405	     -0.07497073
      1.67000000	    -32.82372178	     33.40185559	     -6.54914611	     25.92802244	    183.89007036	    -65.97134688	      7.11842450	      5.36117217	      0.08314902	     15.32461053	    -30.90132316	     -3.52428690	    -32.66491580	      1.67279550	      4.38877954	      7.08597237	     -0.02680546	     -3.93612334	     -0.02029057	    -11.88635362	     -9.44792918	      2.42643191	     -2.27832995	     -0.06603089	     -0.07423684
      1.67500000	    -35.80499315	     34.09943483	     -4.03959632	     43.38851042	    181.43975322	    -63.29585991	      6.72236540	      5.14272686	      0.03709632	     13.94802554	    -31.18299894	     -5.26385581	    -35.68609628	      2.07960026	      4.83466608	      7.07528523	     -0.02425844	     -3.50006170	     -0.01789577	     -8.45834576	     -6.69689078	      1.88473967	     -2.66193757	     -0.06594459	     -0.07292645
      1.68000000	    -37.14652645	     33.94133591	     -1.31765791	     60.79773495	    173.50225230	    -59.67546791	      6.58759735	      4.76988614	     -0.02384522	     13.34461299	    -30.50097591	     -7.14773673	    -38.29896599	      2.42247957	      5.14127351	      6.77519518	     -0.02209562	     -3.75679532	     -0.01592066	     -5.80139669	     -4.07933405	      1.46712960	     -2.70254487	     -0.06528147	     -0.07111166
      1.68500000	    -37.15727419	     33.75136821	      0.93775322	     77.89839852	    160.09432136	    -56.86661222	      6.97497871	      4.64661082	     -0.04757942	     13.01111243	    -29.66843175	     -8.59204970	    -40.48021895	      2.67754971	      5.29921407	      6.27358683	     -0.02024924	     -4.30215863	     -0.01433608	     -3.87866240	     -1.99284492	      1.25330559	     -2.57155700	     -0.06410361	     -0.06886035
      1.69000000	    -35.94475372	     33.95721033	      2.20942450	     94.19261241	    141.21371616	    -54.89172450	      7.79242677	      4.17159982	     -0.10469171	     12.97806297	    -29.63724687	     -9.34822304	    -42.21353540	      2.82708925	      5.30621316	      5.37985011	     -0.01867491	     -5.05285932	     -0.01305225	     -2.38595597	     -0.52345236	      1.09611386	     -2.55889945	     -0.06247309	     -0.06624047
      1.69500000	    -35.62918317	     34.02648441	     -4.85803005	    107.27084762	    125.30622166	    -52.80583806	      7.33504235	      3.18237753	     -0.21378795	     13.48094665	    -31.93533472	     -2.41437709	    -43.49223033	      2.86198038	      5.16722882	      5.10790358	     -0.01733916	     -6.47547389	     -0.01202627	     -1.35520237	      2.45400679	      0.75291402	     -4.40262567	     -0.06044696	     -0.06330581
      1.70000000	    -37.42495208	     35.01113538	     -4.68267177	    117.83199062	    111.84238246	    -51.29818284	      7.22807893	      3.60774198	     -0.38888473	     11.40959131	    -32.51801210	     -2.62161782	    -44.32102741	      2.78335977	      4.89410545	      4.58787037	     -0.01620315	     -5.87745266	     -0.01121374	     -0.14536415	      2.99222973	      1.20710640	     -4.89470322	     -0.05807486	     -0.06010098
      1.70500000	    -39.29044359	     34.87753692	     -4.37234552	    126.81654622	     98.60557008	    -50.01995572	      6.28046793	      2.59427348	     -0.42922467	      9.63087956	    -33.42956013	     -2.81027330	    -44.71678441	      2.60324651	      4.50479927	      4.62610189	     -0.01522561	     -5.49268528	     -0.01057127	      0.18012029	      3.40299959	      0.63109084	     -5.33261929	     -0.05539671	     -0.05666212
      1.71000000	    -41.33352005	     35.57179594	     -4.46457418	    133.30801562	     87.71473647	    -49.49663399	      5.25089197	      2.93227135	     -0.42943022	      7.74272853	    -33.84577329	     -2.95020737	    -44.70811944	      2.34401966	      4.02223749	      4.89849309	     -0.01436581	     -4.98355315	     -0.01005873	      0.29049192	      3.73272887	      0.41875154	     -5.68638924	     -0.05244238	     -0.05301840
      1.71500000	    -42.67106555	     34.47165455	     -4.17837029	    137.84710455	     77.56962502	    -48.54666712	      4.58320032	      2.52854912	     -0.39674495	      5.69845803	    -33.52439453	     -3.02408739	    -44.33401024	      2.03674088	      3.47289622	      4.76047944	     -0.01358651	     -4.13004466	     -0.00964110	      0.53751712	      3.58742864	      0.02257743	     -5.71983892	     -0.04923296	     -0.04919383
      1.72000000	    -43.22213174	     35.40187294	     -4.06995913	    140.60287613	     69.30396648	    -47.89087915	      4.73413032	      2.86083959	     -0.20405395	      3.74535672	    -33.90211386	     -3.14113645	    -43.64154800	      1.71843466	      2.88520956	      4.36343062	     -0.01285628	     -3.57523610	     -0.00928961	      0.48453930	      3.75229247	      0.22228333	     -6.00343085	     -0.04578330	     -0.04520919
      1.72500000	    -44.47703432	     35.67096242	     -4.56367402	    140.00684936	     61.82910806	    -47.83443155	      3.46737972	      3.01232059	     -0.24147510	      2.37710986	    -34.28346663	     -3.21238225	    -42.68309980	      1.42855986	      2.28793484	      4.61271386	     -0.01215106	     -3.22837577	     -0.00898220	      0.39174818	      3.63414350	      0.22530119	     -6.10456336	     -0.04210524	     -0.04108374
      1.73000000	    -45.63004112	     36.13485353	     -4.96569740	    137.29733955	     57.89455548	    -47.40579664	      2.47881817	      3.27658722	     -0.23537590	      0.91518562	    -34.55753438	     -3.27757243	    -41.51317813	      1.20502839	      1.70858558	      4.69689100	     -0.01145459	     -2.87155610	     -0.00870317	      0.30023758	      3.62978285	      0.26968103	     -6.27509560	     -0.03821117	     -0.03683670
      1.73500000	    -45.93233590	     36.39426069	     -5.32939698	    133.25618896	     56.72618937	    -46.93059001	      1.76789421	      2.99355265	     -0.22314177	      0.00076405	    -35.05694976	     -3.32461924	    -40.18533044	      1.08020572	      1.17202422	      4.48141298	     -0.01075798	     -2.85526824	     -0.00844220	      0.35084132	      3.66698032	      0.10209312	     -6.46592470	     -0.03411738	     -0.03248840
      1.74000000	    -46.77744573	     37.14772293	     -5.84664963	    126.38924750	     55.62633291	    -46.31084503	      0.71928470	      3.30778655	     -0.24494235	     -0.99671785	    -35.33271722	     -3.35768455	    -38.74932700	      1.07734421	      0.69929961	      4.57647857	     -0.01005854	     -2.72608837	     -0.00819310	      0.20112295	      3.62698230	      0.18197916	     -6.60542007	     -0.02984698	     -0.02806140
      1.74500000	    -46.63285263	     38.46255105	     -6.34598810	    118.52200933	     55.35102017	    -46.08239091	      0.19114945	      3.57567808	     -0.20349181	     -1.46649107	    -35.94141534	     -3.38787350	    -37.24887229	      1.20788599	      0.30679464	      4.37143740	     -0.00935821	     -2.91511023	     -0.00795244	      0.11575422	      3.59321634	      0.24059652	     -6.75694892	     -0.02543201	     -0.02358137
      1.75000000	    -46.09359974	     39.41421295	     -6.69367225	    109.43136936	     56.52026062	    -45.20629608	     -0.16112159	      3.57896466	     -0.16569810	     -1.67415232	    -36.30558693	     -3.38069196	    -35.72003595	      1.47001496	      0.00569638	      4.02808576	     -0.00866189	     -3.19366763	     -0.00771826	      0.07565737	      3.56968217	      0.22276739	     -6.86869659	     -0.02091463	     -0.01907796
      1.75500000	    -45.93353110	     39.89337012	     -6.88907274	     98.73105970	     59.58955575	    -43.83414972	     -0.68641568	      3.19267295	     -0.19250919	     -1.95905765	    -36.60595137	     -3.37834549	    -34.19053885	      1.84867971	     -0.19823328	      3.70644281	     -0.00797587	     -3.38990808	     -0.00748915	      0.10080368	      3.51154631	      0.01731279	     -6.96544137	     -0.01634736	     -0.01458554
      1.76000000	    -44.56850320	     41.90028390	     -6.91604215	     87.53091891	     58.89321648	    -42.95800643	     -0.07282618	      3.50900738	     -0.02562938	     -2.15278061	    -37.20009407	     -3.40422654	    -32.67991022	      2.31708269	     -0.30460187	      3.00042503	     -0.00730667	     -3.61184803	     -0.00726357	     -0.05065248	      3.35551138	      0.34267950	     -7.04508639	     -0.01179218	     -0.01014354
      1.76500000	    -43.54117758	     43.35603810	     -7.16838391	     75.71559141	     62.56813231	    -41.66838458	     -0.25822501	      3.13076281	     -0.03330108	     -1.65473445	    -38.06956326	     -3.41480079	    -31.20042327	      2.83943623	     -0.31806673	      2.58874066	     -0.00666026	     -4.33456988	     -0.00703956	     -0.09652677	      3.47462832	      0.27257899	     -7.25483453	     -0.00731886	     -0.00579652
      1.77000000	    -41.97470948	     44.53134754	     -7.18711166	     63.66025124	     64.41058986	    -40.28598289	      0.02851719	      2.95817821	      0.02789624	     -1.17568611	    -38.42953137	     -3.38604090	    -29.75863419	      3.37463635	     -0.24779477	      2.00221688	     -0.00604164	     -4.85665982	     -0.00681472	     -0.14858246	      3.40313020	      0.31681607	     -7.29438533	     -0.00300248	     -0.00159359
      1.77500000	    -40.71412737	     45.78534110	     -7.31474459	     51.14552155	     66.44826680	    -39.35134714	      0.01181443	      2.86745786	      0.03632864	     -0.59302160	    -38.93216269	     -3.37059246	    -28.35726217	      3.88038103	     -0.10673329	      1.61987882	     -0.00545486	     -5.41782318	     -0.00658640	     -0.21324195	      3.31156943	      0.31490381	     -7.33384803	      0.00107966	      0.00241272
      1.78000000	    -39.43631168	     47.58267215	     -7.49726842	     38.81187671	     68.76529589	    -38.49654427	     -0.00035452	      2.55502448	      0.02667477	      0.13608112	    -40.10977782	     -3.41305984	    -26.99710365	      4.31722334	      0.08930239	      1.28426780	     -0.00490325	     -6.22410428	     -0.00635201	     -0.36353544	      3.42607022	      0.42079816	     -7.56913965	      0.00485129	      0.00616817
      1.78500000	    -37.39244277	     47.92413455	     -7.38410702	     27.70706505	     71.55144214	    -37.74181274	      0.36789267	      1.73829418	      0.04593238	      1.04618490	    -40.67823864	     -3.38916453	    -25.67870975	      4.65213240	      0.32270014	      0.62664768	     -0.00438979	     -6.92855924	     -0.00610932	     -0.24273345	      3.37371104	      0.16904923	     -7.60666265	      0.00824061	      0.00961892
      1.79000000	    -35.07580456	     48.89364453	     -7.30226888	     17.28015104	     71.89154894	    -37.13525529	      0.99334441	      1.23636807	      0.11993288	      1.95269488	    -41.45054423	     -3.38422785	    -24.40362399	      4.86124979	      0.57520867	      0.00330158	     -0.00391745	     -7.67163729	     -0.00585676	     -0.31866919	      3.39706380	      0.31139391	     -7.71180163	      0.01118341	      0.01271394
      1.79500000	    -33.14307538	     49.58073226	     -7.42522824	      7.42314717	     71.69114601	    -37.27450826	      1.13840727	      0.92227591	      0.13361245	      2.93617634	    -42.11445911	     -3.35998735	    -23.17505558	      4.93161843	      0.82909158	     -0.30840914	     -0.00348949	     -8.38491799	     -0.00559358	     -0.40240156	      3.35138814	      0.39283021	     -7.74806532	      0.01362582	      0.01540735
      1.80000000	    -31.64863379	     50.18773375	     -7.61981014	     -1.37563102	     73.31246528	    -37.96209485	      1.03967101	      0.32266526	      0.10328173	      3.82759071	    -43.21982182	     -3.37263122	    -21.99797147	      4.86177160	      1.06819248	     -0.51929333	     -0.00310952	     -9.16205291	     -0.00531983	     -0.40412515	      3.45038342	      0.29141472	     -7.92952894	      0.01552643	      0.01766055
      1.80500000	    -28.93442235	     49.74468423	     -7.49940977	     -7.91028228	     72.36609813	    -38.57317720	      1.68569303	     -0.46063359	      0.18638412	      4.84767548	    -43.59757978	     -3.29887728	    -20.87870266	      4.66120545	      1.27880886	     -1.12464052	     -0.00278143	     -9.80096804	     -0.00503633	     -0.29965454	      3.37308672	      0.21396722	     -7.87638001	      0.01685780	      0.01944384
      1.81000000	    -27.26503988	     50.28592121	     -7.85728728	    -14.11757635	     69.28570339	    -39.83725084	      1.52834183	     -0.67991670	      0.18391376	      5.74966696	    -44.48310043	     -3.25918833	    -19.82422778	      4.34886365	      1.45026927	     -1.08983273	     -0.00250918	    -10.48764187	     -0.00474436	     -0.50384545	      3.39777562	      0.50099474	     -7.94986930	      0.01760717	      0.02073748
      1.81500000	    -25.76008556	     49.71804352	     -7.89438267	    -18.57887225	     67.86299646	    -41.54512418	      1.60581236	     -1.27754352	      0.21259273	      6.17769768	    -45.01446668	     -3.20148903	    -18.84130305	      3.95083555	      1.57517296	     -1.29518747	     -0.00229650	    -10.79963626	     -0.00444550	     -0.39852058	      3.27009198	      0.36685983	     -7.91201574	      0.01777648	      0.02153200
      1.82000000	    -24.63696558	     49.29900586	     -8.13056311	    -21.65249970	     66.57857844	    -43.03646655	      1.30607460	     -1.79117384	      0.20097187	      6.65805553	    -45.60941093	     -3.11902807	    -17.93557761	      3.49754637	      1.64932785	     -1.20819942	     -0.00214666	    -11.22543958	     -0.00414137	     -0.41156735	      3.35164440	      0.36519816	     -7.97207007	      0.01738164	      0.02182781
      1.82500000	    -23.63485112	     48.68496332	     -8.48786455	    -23.24311510	     64.34597486	    -45.42794997	      0.81337598	     -2.16276053	      0.17918956	      7.14452584	    -46.12619156	     -3.00058127	    -17.11079321	      3.02077227	      1.67144538	     -0.99641799	     -0.00206215	    -11.57233987	     -0.00383354	     -0.33339790	      3.27508509	      0.21747126	     -7.90012531	      0.01645115	      0.02163421
      1.83000000	    -22.94448749	     48.34579939	     -8.92574297	    -23.44703774	     62.38885378	    -47.54841397	      0.16786605	     -2.65708651	      0.14298504	      7.54337649	    -46.94702388	     -2.87976236	    -16.36812398	      2.55079853	      1.64265737	     -0.65346535	     -0.00204458	    -11.98792488	     -0.00352355	     -0.31657133	      3.38675990	      0.14918519	     -7.96353827	      0.01502398	      0.02096786
      1.83500000	    -22.63398384	     48.63098864	     -9.39915768	    -22.53551895	     60.05478813	    -49.88030121	     -0.39089508	     -2.72289280	      0.14810743	      7.56461262	    -47.86157740	     -2.75919669	    -15.70569467	      2.11397186	      1.56593531	     -0.24732143	     -0.00209452	    -12.22445648	     -0.00321312	     -0.33785740	      3.53367255	      0.23304467	     -8.07520136	      0.01314703	      0.01985095
      1.84000000	    -22.63588119	     47.60821364	     -9.72063169	    -20.74828059	     56.29220985	    -51.84505387	     -1.25632876	     -2.95506380	      0.11217081	      7.37563015	    -47.94011674	     -2.56227812	    -15.11833852	      1.73082592	      1.44548068	      0.30818354	     -0.00221157	    -12.09653778	     -0.00290443	     -0.27730766	      3.37249775	      0.11974909	     -7.87350378	      0.01087208	      0.01830925
      1.84500000	    -22.50545376	     47.95799774	     -9.96612169	    -17.69002701	     52.57167204	    -53.75960881	     -1.46049591	     -2.93745697	      0.19511482	      6.81508681	    -48.69882413	     -2.40848549	    -14.59766136	      1.41487858	      1.28612979	      0.61291922	     -0.00239451	    -11.94870548	     -0.00260055	     -0.26497939	      3.43217464	      0.29966181	     -7.92078968	      0.00825274	      0.01637043
      1.85000000	    -23.54822114	     47.30225100	    -10.28776832	    -14.74188068	     49.66818594	    -55.32739218	     -2.59458780	     -3.08876966	      0.13933566	      6.00631815	    -48.98755477	     -2.21334830	    -14.13242828	      1.17210379	      1.09281753	      1.39834849	     -0.00264151	    -11.52362289	     -0.00230586	     -0.21316845	      3.32912956	      0.18592141	     -7.80439917	      0.00534138	      0.01406257
      1.85500000	    -24.02952355	     46.58911093	    -10.57330357	    -10.45090094	     48.13550613	    -56.20535063	     -3.51668874	     -3.55009999	      0.11465092	      5.53964775	    -49.33827487	     -1.97208186	    -13.70923531	      1.00100950	      0.87015083	      2.05854543	     -0.00295061	    -11.33820342	     -0.00202644	     -0.10931930	      3.43013322	      0.02590496	     -7.76968365	      0.00218652	      0.01141320
      1.86000000	    -25.55211174	     46.26296471	    -10.78633059	     -7.05864338	     44.47576608	    -57.04369700	     -4.52512009	     -3.26305576	      0.09887117	      4.15615257	    -49.35056898	     -1.75856868	    -13.31338199	      0.89321973	      0.62213272	      2.92609374	     -0.00332018	    -10.50013991	     -0.00177041	     -0.13338132	      3.26205630	      0.14202065	     -7.60576733	     -0.00116914	      0.00844887
      1.86500000	    -27.12386737	     45.92599920	    -11.03322774	     -3.31261175	     43.26027318	    -57.16847003	     -5.64973149	     -3.34319231	      0.05627582	      2.93267850	    -49.61584727	     -1.53129932	    -12.92980940	      0.83444027	      0.35206136	      3.83415385	     -0.00374952	     -9.82812802	     -0.00154814	     -0.14081778	      3.32461341	      0.18050677	     -7.60224879	     -0.00468992	      0.00519508
      1.87000000	    -28.35502977	     44.66364413	    -11.00018140	      0.67134074	     42.65760418	    -56.45251220	     -6.52629672	     -3.71865384	      0.04320921	      1.66280414	    -49.30500402	     -1.26806041	    -12.54396720	      0.80569428	      0.06259188	      4.58023333	     -0.00423930	     -8.97388586	     -0.00137236	     -0.06771013	      3.29272588	      0.11346180	     -7.46350596	     -0.00834743	      0.00167659
      1.87500000	    -29.65165134	     43.67494952	    -11.12254757	      4.30050167	     42.92010882	    -55.54666412	     -7.54718965	     -4.02166794	      0.00253621	      0.54315483	    -49.15933026	     -0.99733469	    -12.14254063	      0.78476192	     -0.24410200	      5.45038235	     -0.00479204	     -8.20536778	     -0.00125816	     -0.05961814	      3.34010405	      0.13118112	     -7.39084738	     -0.01211993	     -0.00208220
      1.88000000	    -30.77052073	     42.92987043	    -11.24386969	      7.74561531	     45.19255022	    -54.97531792	     -8.26911802	     -3.99873732	     -0.00127377	     -0.60854628	    -48.94678690	     -0.72582741	    -11.71400253	      0.74779305	     -0.56613369	      6.20320366	     -0.00541228	     -7.35702162	     -0.00122287	      0.01173051	      3.38106550	      0.11107832	     -7.32104552	     -0.01599076	     -0.00605674
      1.88500000	    -31.50726624	     40.83271049	    -10.98131405	     10.76631948	     47.37063617	    -53.28544245	     -8.74338577	     -4.71198871	      0.00950119	     -1.84000244	    -48.24821687	     -0.44738932	    -11.24892915	      0.67105487	     -0.90169723	      6.74951803	     -0.00610672	     -6.29329654	     -0.00128597	      0.10321919	      3.25331801	      0.03947759	     -7.09519756	     -0.01994608	     -0.01022203
      1.89000000	    -32.79391018	     39.41039539	    -11.06179194	     12.59457704	     51.60683670	    -51.92105215	     -9.50930833	     -4.53718459	     -0.04381105	     -3.08697896	    -47.38520804	     -0.17708722	    -10.74001372	      0.53276779	     -1.24885158	      7.59588967	     -0.00688400	     -5.15535491	     -0.00146877	      0.06056245	      3.19536815	      0.18580697	     -6.91845015	     -0.02397210	     -0.01455230
      1.89500000	    -33.22717618	     37.57686989	    -10.89949589	     14.75585728	     60.01914230	    -50.53043674	     -9.61865473	     -5.06654022	     -0.02659721	     -4.08319393	    -46.81772183	      0.08667409	    -10.18173302	      0.31497838	     -1.60530503	      7.98316047	     -0.00775451	     -4.15833604	     -0.00179413	      0.18474372	      3.24099952	      0.07616678	     -6.84808428	     -0.02805215	     -0.01902084
      1.90000000	    -33.86272353	     36.81279662	    -11.25248657	     14.81460497	     61.90552840	    -48.61956328	    -10.09117661	     -4.46166634	     -0.10771413	     -4.92557997	    -45.97854474	      0.34943296	     -9.56962531	      0.00538118	     -1.96818000	      8.81392894	     -0.00872985	     -3.10349105	     -0.00228609	     -0.28912871	      3.12401137	      1.10837977	     -6.63219772	     -0.03216396	     -0.02359981
      1.90500000	    -25.89981887	     33.72269302	     -9.26849450	     23.73886590	     60.38626485	    -44.70422497	     -3.82939238	     -7.70826519	      0.07657098	     -5.26258447	    -44.85650240	      0.62960229	     -8.89917463	     -0.40103695	     -2.33372558	      6.19144498	     -0.00982233	     -2.23638656	     -0.00296934	     -1.82090671	      3.12395794	      0.71004130	     -6.44055383	     -0.03627768	     -0.02825992
      1.91000000	    -12.53404419	     33.97702687	     -7.50094371	     36.88801664	     55.48625881	    -43.81007956	      7.73200481	     -9.36542380	     -0.17098003	     -5.59593183	    -44.07410813	      0.87724289	     -8.16441872	     -0.90065825	     -2.69700832	      0.84717286	     -0.01104441	     -1.34326378	     -0.00386864	     -3.51074870	      3.08127782	      0.32814683	     -6.27805910	     -0.04035483	     -0.03297009
      1.91500000	      7.88967535	     40.11552555	     -0.89496846	     54.99590399	     29.12053884	    -51.42103303	     19.04771138	     -7.02024417	      0.06573600	      0.59880148	    -43.04881699	     -6.24914776	     -7.35651502	     -1.48034009	     -3.05166404	     -3.85727737	     -0.01240831	     -3.64869269	     -0.00500818	     -5.84485371	      0.57101240	      0.99300474	     -4.63064381	     -0.04434845	     -0.03769693
      1.92000000	     34.60480609	     45.53277700	     -4.83625411	     77.43445002	    -28.81902154	    -58.03451409	     30.18367034	     -2.68739119	      0.29386251	     11.51404141	    -40.11604562	     -4.15248121	     -6.46251982	     -2.11715552	     -3.38976816	     -7.86112548	     -0.01392594	     -7.29330296	     -0.00642242	    -10.26981456	     -3.61334962	      2.10583925	     -4.90735551	     -0.04820411	     -0.04240298
      1.92500000	     52.23222961	     39.07467336	     -8.20178633	     88.72733769	    -59.75543148	    -66.92961758	     34.38183576	     -1.06260893	      0.28408407	     20.65378461	    -35.29434486	     -1.86610246	     -5.46459606	     -2.77898856	     -3.70185535	     -9.83152934	     -0.01560925	    -10.43488367	     -0.00813314	     -9.73204125	     -9.53785400	      2.21452475	     -4.40456693	     -0.05186160	     -0.04704843
      1.93000000	     76.25503548	     25.93753377	    -16.83652790	    108.11352553	    -71.38133148	    -66.58513758	     18.94286408	     -1.11527047	      0.15772360	     55.06385236	    -24.62608244	     -2.12486872	     -4.33979948	     -3.42615099	     -3.97712377	     -1.13142747	     -0.01747092	    -27.55258847	     -0.01016399	    -11.38739248	    -11.65532371	      2.20762913	     -3.48349850	     -0.05525666	     -0.05158760
      1.93500000	     47.34903735	     19.53397387	    -17.57863292	     77.18486039	    -27.74893264	    -59.08747498	      3.14503555	     -4.56110710	     -0.15816198	     45.33823487	    -25.69014642	     -1.72905702	     -3.06047998	     -4.01406209	     -4.20382683	      7.25780853	     -0.01955493	    -21.74642993	     -0.01253620	    -14.29539362	    -11.52753373	      1.69854387	     -3.28261993	     -0.05832009	     -0.05596767
      1.94000000	     -1.82263379	      9.73441946	    -16.08350345	     23.35291629	      6.03960474	    -50.82642264	    -17.60807667	     -8.40229740	     -0.27166343	     21.41909778	    -27.88140809	     -0.47609379	     -1.59518928	     -4.49686717	     -4.36979699	     18.18966217	     -0.02188409	     -8.05510323	     -0.01526656	    -17.97731874	    -14.23900304	      1.27665737	     -2.41667408	     -0.06098436	     -0.06012673
      1.94500000	    -48.28082982	      8.72404878	    -17.64061501	    -29.31781877	     37.42233589	    -53.92572714	    -41.06096923	     -8.04488647	     -0.03749118	      4.14166659	    -34.40082173	      0.40370998	      0.09010405	     -4.83167660	     -4.46305718	     30.79839310	     -0.02446683	      1.35391764	     -0.01836402	    -21.62404377	    -17.42221231	      1.36560468	     -1.57337827	     -0.06318327	     -0.06399226
      1.95000000	    -87.50977033	     23.24933099	    -19.28178049	    -76.22620502	     62.55471087	    -69.69965342	    -53.31045772	      1.07153369	      0.25540561	    -15.24496357	    -43.81043294	      1.17950807	      2.03066871	     -4.98293759	     -4.47252660	     38.46969821	     -0.02731009	     11.49503250	     -0.02182378	    -26.27352114	    -20.44105364	      2.85685544	     -0.69969830	     -0.06485276	     -0.06748096
      1.95500000	   -102.24126424	     35.97573500	    -17.24542713	    -98.45763601	     86.82482572	    -82.01996609	    -46.60115118	      7.76610972	      0.14347990	    -31.67801148	    -49.20140376	      1.89360809	      4.26159584	     -4.92639594	     -4.38882521	     35.40029943	     -0.03040260	     20.24136111	     -0.02561818	    -30.20047018	    -23.33803873	      4.01496949	      0.24627063	     -0.06593431	     -0.07050039
      1.96000000	    -84.76255982	     37.42541245	    -12.12938272	    -89.77808727	     87.92329996	    -80.09444468	    -23.30221443	      4.82968024	     -0.53590747	    -38.46489496	    -47.75790115	      2.64707313	      6.81624909	     -4.65216626	     -4.20514959	     21.44082945	     -0.03370323	     23.83483409	     -0.02954766	    -34.34056466	    -26.85057917	      4.73167448	      1.34558802	     -0.06637794	     -0.07297195
      1.96500000	    -46.42352808	     31.83154762	     -9.01261365	    -59.60654915	     69.67392810	    -71.70881954	      0.31777624	     -4.28302709	     -1.08667048	    -29.03570849	    -42.82771520	      3.00518427	      9.72443072	     -4.16653794	     -3.91817442	      6.13507664	     -0.03706910	     18.23610687	     -0.03341166	    -40.01350302	    -31.77748788	      5.36397943	      2.65749045	     -0.06615130	     -0.07481617
      1.97000000	     -3.02307026	     29.76341419	     -9.37241151	    -23.63588481	     40.53258588	    -68.15046960	     19.26884632	    -13.69924613	     -1.31504846	    -10.47269545	    -40.60156939	      3.05138537	     13.01011324	     -3.49227853	     -3.52888042	     -7.31895400	     -0.03998460	      6.83937622	     -0.03731742	    -46.85844185	    -38.60219610	      6.09644397	      3.74594603	     -0.06527839	     -0.07592084
      1.97500000	     31.11890116	     31.39042419	    -12.22881622	      1.55281490	     -3.03539485	    -70.52711255	     29.59753311	    -20.28312247	     -1.26092069	      8.34157797	    -40.49612765	      3.08588192	     16.68871890	     -2.66737452	     -3.04314219	    -16.57748805	     -0.04286000	     -5.90693137	     -0.04121807	    -55.35786457	    -47.71306097	      7.23538127	      5.69281802	     -0.06370894	     -0.07620655
      1.98000000	     51.13017224	     34.78596997	    -17.90182767	     10.68539641	    -55.29146852	    -77.17888362	     27.71194352	    -22.49082340	     -0.94997041	     26.55516894	    -40.50908873	      3.18758304	     20.76417338	     -1.74233553	     -2.47192318	    -19.83288549	     -0.04567394	    -19.49597661	     -0.04505647	    -64.78672727	    -59.03417804	      8.92005574	      8.75339620	     -0.06145226	     -0.07561087
      1.98500000	     52.81274129	     34.76521608	    -22.20821335	     -0.28919075	   -104.52497607	    -78.53722258	     17.44065040	    -24.91588816	     -0.23860931	     36.20794134	    -40.38043962	      3.50365315	     25.22616095	     -0.77634495	     -1.83100433	    -20.00310037	     -0.04838459	    -29.49699769	     -0.04877729	    -74.95369494	    -70.67440146	     10.40268066	     12.19505020	     -0.05853793	     -0.07409458
      1.99000000	     34.68804435	     30.12805950	    -19.97872859	    -33.82874314	   -149.43900168	    -70.79134207	      8.13431362	    -28.03753153	      0.72158803	     26.67356868	    -39.59358427	      4.02617729	     30.04803902	      0.16732522	     -1.14025161	    -21.79571664	     -0.05095312	    -30.46733166	     -0.05272609	    -85.80567264	    -81.77972216	     12.16065436	     15.82336254	     -0.05501887	     -0.07168602
      1.99500000	     11.66964699	     26.38829559	    -12.47971406	    -72.97001557	   -186.37153639	    -60.61660050	      7.26329913	    -32.79732430	      1.78447236	      4.95497492	    -41.50721327	      4.90136237	     35.18576973	      1.02612668	     -0.42250781	    -29.06944899	     -0.05373855	    -26.07798672	     -0.05593993	    -96.38161960	    -91.93772341	     13.87511633	     19.12812576	     -0.05100230	     -0.06835808
      2.00000000	      3.40539943	     23.56178135	     -5.27839247	    -95.27586542	   -221.98873987	    -52.57776920	     13.34760115	    -38.32562299	      2.88677930	    -10.56711023	    -42.70933329	      5.53563642	     40.57808025	      1.74277096	      0.29773431	    -40.61651067	     -0.05573016	    -25.98307603	     -0.05822298	   -105.97841607	   -102.49290699	     15.48346437	     22.61365024	     -0.04654940	     -0.06415415
      2.00500000	     12.56825705	     23.65063872	     -3.15750573	    -95.98913988	   -253.57703086	    -48.36615095	     19.67446177	    -40.75057533	      3.71400826	    -10.57765534	    -40.72577429	      5.57334451	     46.14789880	      2.26908533	      0.99571323	    -52.21316847	     -0.05679769	    -34.60717210	     -0.05942222	   -115.02716943	   -112.94936659	     17.54886991	     25.71026005	     -0.04177421	     -0.05915056
      2.01000000	     31.54390295	     24.46743544	     -4.83967729	    -82.61084039	   -271.10612627	    -46.57644443	     24.42504189	    -40.65215781	      4.24499448	     -0.07035227	    -35.61993384	      4.99742021	     51.80495378	      2.56892932	      1.64772023	    -62.57020218	     -0.05685766	    -48.91692414	     -0.05924775	   -122.67851326	   -122.67166821	     19.26798694	     28.42725018	     -0.03680672	     -0.05347087
      2.01500000	     42.64734318	     26.07521362	     -6.86843482	    -74.23570474	   -265.37667560	    -44.13677251	     25.26952180	    -37.66545302	      4.44954456	      8.23136045	    -30.25948352	      4.24412054	     57.44931289	      2.62005192	      2.23229275	    -70.24663008	     -0.05574203	    -61.33738362	     -0.05798166	   -128.99069403	   -130.80431260	     21.20298626	     30.36781605	     -0.03179470	     -0.04726709
      2.02000000	     46.73800656	     25.97285327	     -6.67967035	    -71.37702225	   -246.88812436	    -38.74451240	     26.42860255	    -33.48881505	      4.27488692	     10.17587576	    -23.85515136	      3.11486488	     62.97558235	      2.41486178	      2.73122698	    -77.66888208	     -0.05362938	    -69.90955318	     -0.05646952	   -134.46126984	   -137.67476604	     22.95057146	     31.97940688	     -0.02689765	     -0.04066088
      2.02500000	     47.56072960	     24.88135634	     -4.81495106	    -69.60488894	   -218.03505673	    -30.75834341	     28.92466828	    -29.57487097	      3.87594386	      8.15657883	    -17.65956628	      1.85820435	     68.27744657	      1.96013111	      3.13036656	    -85.43396733	     -0.05144470	    -75.78079860	     -0.05482616	   -139.51412664	   -142.97210960	     24.37276698	     32.86697258	     -0.02222524	     -0.03382662
      2.03000000	     54.33927324	     23.13999856	     -2.64769542	    -59.23981021	   -187.62249006	    -21.11706702	     35.33762642	    -27.47041521	      3.44386639	      7.48610537	    -11.59299536	      0.50379757	     73.25221460	      1.27570027	      3.42013922	    -95.31749758	     -0.04927000	    -81.92132131	     -0.05314631	   -144.05004671	   -147.41677225	     25.88701704	     33.47780158	     -0.01790523	     -0.02694685
      2.03500000	     69.13937747	     20.03343927	     -1.45122086	    -37.59882657	   -159.41679978	    -11.62680434	     43.92627660	    -28.31874071	      3.34209612	     11.34828246	     -5.87377960	     -0.84068503	     77.80507732	      0.39231634	      3.59581837	   -106.38512516	     -0.04716895	    -90.23352666	     -0.05151399	   -148.09140519	   -151.75039545	     26.82449341	     34.15876605	     -0.01404759	     -0.02020542
      2.04000000	     87.59701613	     18.53939603	     -2.04801979	    -10.22621268	   -136.82312454	     -4.61985345	     52.30145645	    -29.38849605	      3.23022984	     18.86020773	     -1.30003591	     -1.93384230	     81.85283516	     -0.65117936	      3.65749510	   -117.23038111	     -0.04518954	   -100.35951060	     -0.04971898	   -151.96255710	   -156.10306956	     28.03661961	     34.58386734	     -0.01073797	     -0.01377577
      2.04500000	    102.43163542	     14.27767681	     -2.61626728	     13.56285312	   -118.54983168	      3.05991468	     57.44669892	    -31.97613352	      3.66091444	     25.94550290	      2.77850922	     -2.95045885	     85.32689115	     -1.81101436	      3.60977307	   -126.30694050	     -0.04334567	   -110.44689198	     -0.04766727	   -155.10890460	   -160.74252909	     28.84520135	     35.32506751	     -0.00803447	     -0.00780004
      2.05000000	    110.44792101	      9.35063209	     -2.66366480	     29.58428458	   -103.14332500	     10.35453354	     59.56497526	    -35.17524900	      4.47980888	     30.24219458	      5.00473334	     -3.49908639	     88.17532917	     -3.04163215	      3.46121825	   -133.70214248	     -0.04138206	   -119.02042184	     -0.04549670	   -157.75704579	   -165.10283823	     29.48773648	     36.06294355	     -0.00595523	     -0.00240444
      2.05500000	    110.96054880	      3.08566988	     -1.61468635	     36.29160451	    -92.67969147	     18.18206126	     58.78289992	    -39.67543381	      5.90242522	     30.90262488	      5.24302757	     -3.50252664	     90.36394257	     -4.29845439	      3.22359892	   -139.66064142	     -0.03935557	   -125.76540245	     -0.04334307	   -160.19529492	   -169.07655454	     29.84342476	     36.85128022	     -0.00448259	      0.00231581
      2.06000000	    107.06955976	     -1.65093029	     -0.28350699	     37.16848077	    -88.13427204	     24.24055280	     56.93793897	    -44.57386907	      7.56973193	     29.35866953	      2.91359675	     -2.72527164	     91.87615680	     -5.53998062	      2.91097023	   -145.32582454	     -0.03738179	   -131.01563493	     -0.04133018	   -162.46082823	   -172.61906251	     30.04935882	     37.25006399	     -0.00356528	      0.00629890
      2.06500000	    102.11426795	     -5.28841241	      0.67191807	     35.83218685	    -95.19553554	     27.75074240	     54.36901616	    -49.58829856	      9.37804251	     27.78911094	     -0.53437443	     -1.53569605	     92.71189377	     -6.72911375	      2.53868309	   -150.69860245	     -0.03556719	   -136.24268979	     -0.03956245	   -165.33122880	   -176.22457160	     30.28133783	     38.03022073	     -0.00312320	      0.00951609
      2.07000000	     97.74243741	     -7.31580561	      1.21780796	     33.91926817	   -109.28079841	     27.98841577	     52.57410159	    -53.57653380	     10.86541373	     26.42651703	     -4.30287499	     -0.19935496	     92.88554430	     -7.83377176	      2.12240056	   -155.99349898	     -0.03400378	   -141.36386137	     -0.03812050	   -167.78821621	   -179.79186457	     30.58926805	     38.94223035	     -0.00305762	      0.01196880
      2.07500000	     93.42032419	     -6.58110138	      1.22983159	     31.23470024	   -128.53570974	     25.42437718	     51.34341167	    -56.23645293	     11.93990474	     25.24302335	     -8.83385513	      1.42123607	     92.42334781	     -8.82697026	      1.67720960	   -161.09228549	     -0.03276549	   -145.79370261	     -0.03705959	   -170.56795689	   -182.66257338	     31.27570382	     39.67242854	     -0.00326200	      0.01368332
      2.08000000	     87.75184998	     -4.65058797	      0.76522581	     26.63343819	   -146.76397442	     19.87011986	     49.39398275	    -57.48827141	     12.59781581	     24.09057786	    -13.35307009	      3.05429141	     91.36056796	     -9.68660943	      1.21692573	   -164.58483374	     -0.03190632	   -149.16177966	     -0.03641023	   -172.77376737	   -185.13378660	     31.63150374	     40.38272535	     -0.00363208	      0.01470412
      2.08500000	     82.55802028	     -0.76199754	     -0.21258975	     21.26837022	   -166.08369278	     12.61794526	     47.95016901	    -57.23476039	     12.73684774	     23.42524180	    -17.69930095	      4.63325752	     89.73882017	    -10.39516356	      0.75366508	   -167.54049744	     -0.03145962	   -151.57668918	     -0.03618143	   -174.80482109	   -186.48230150	     32.19495495	     40.88113329	     -0.00407457	      0.01508624
      2.09000000	     77.48342081	      3.15841015	     -1.46981864	     15.28300332	   -183.11708577	      4.72606800	     46.29128235	    -56.03019548	     12.54882426	     23.27467303	    -21.19867757	      5.90307456	     87.60377114	    -10.93940072	      0.29769751	   -169.03619433	     -0.03143854	   -152.95405877	     -0.03635916	   -176.12362684	   -187.10960307	     32.51283039	     41.20579978	     -0.00451435	      0.01488773
      2.09500000	     71.79476861	      8.27555494	     -2.80204291	      7.71631959	   -201.13729121	     -4.26693065	     44.91499020	    -52.82472275	     11.69090504	     22.53072394	    -23.85529263	      6.83759946	     85.00329292	    -11.31021559	     -0.14246155	   -169.25942691	     -0.03183687	   -152.70145686	     -0.03691353	   -177.45831980	   -187.19385097	     33.19760045	     41.50065867	     -0.00490016	      0.01416294
      2.10000000	     64.85795893	     13.29428091	     -3.95290753	     -1.30226949	   -210.48513369	    -12.83357421	     43.32699754	    -48.43663950	     10.44560836	     21.16934402	    -25.64569231	      7.41516577	     81.98606209	    -11.50262239	     -0.55978823	   -167.47707072	     -0.03263020	   -150.22103452	     -0.03780415	   -177.90025231	   -186.12528644	     33.66754978	     41.34899209	     -0.00520847	      0.01295717
      2.10500000	     59.55628486	     16.82399764	     -4.93851883	     -8.44980228	   -214.04568718	    -20.65911799	     42.44923961	    -43.45712759	      8.95092047	     20.33882184	    -25.63547737	      7.35480291	     78.60054456	    -11.51589795	     -0.94839520	   -163.92130860	     -0.03377716	   -146.60733870	     -0.03897351	   -177.38903090	   -184.54138975	     34.00322705	     41.30463371	     -0.00544550	      0.01130337
      2.11000000	     56.02196270	     19.38171503	     -5.47802282	    -13.34809276	   -208.31858784	    -26.97782556	     42.99901851	    -38.92497253	      7.49908939	     19.67122374	    -25.04791411	      7.08445126	     74.89430438	    -11.35381916	     -1.30317828	   -159.23314404	     -0.03522058	   -141.42429357	     -0.04035466	   -175.88247320	   -181.67152572	     34.15072308	     40.92710959	     -0.00564696	      0.00922097
      2.11500000	     52.85410851	     20.24953246	     -5.45024314	    -17.99943447	   -198.11732906	    -30.65847211	     43.74885609	    -35.60835058	      6.43788405	     18.80864679	    -24.24283832	      6.72995102	     70.91361190	    -11.02492346	     -1.61955302	   -153.39642876	     -0.03688883	   -134.90282548	     -0.04187116	   -173.73662912	   -177.83028792	     34.01702910	     40.06873287	     -0.00587542	      0.00671708
      2.12000000	     51.00072395	     19.55223538	     -5.04772877	    -21.12186740	   -182.48387762	    -32.24943670	     44.90973814	    -34.18002122	      5.92837316	     18.40065418	    -23.77408553	      6.48434684	     66.70333956	    -10.54270128	     -1.89333821	   -146.66445476	     -0.03869748	   -127.53203088	     -0.04343871	   -170.77790564	   -172.96149640	     33.48487516	     38.82018241	     -0.00621497	      0.00378960
      2.12500000	     48.53005406	     16.09086062	     -4.03904955	    -25.30519733	   -163.26997112	    -30.91377457	     45.25445709	    -34.91097872	      6.08817934	     17.68950311	    -23.27286053	      6.22897530	     62.30708341	     -9.92559371	     -2.12080666	   -138.89220417	     -0.04055155	   -119.12071811	     -0.04496726	   -166.72076021	   -167.51610468	     32.34357863	     37.37537418	     -0.00676309	      0.00043196
      2.13000000	     45.66729709	     14.11198869	     -3.77362870	    -30.79081586	   -143.57558436	    -30.11491368	     44.36014365	    -35.56764361	      6.33171375	     17.93351751	    -23.86639366	      6.28817997	     57.76738992	     -9.19665726	     -2.29886890	   -130.03877934	     -0.04234874	   -110.72205340	     -0.04636396	   -162.32555302	   -160.87093793	     31.50232133	     35.53875350	     -0.00761980	     -0.00336113
      2.13500000	     41.28200520	     10.71834548	     -3.51468568	    -37.81602048	   -119.94799311	    -28.09078604	     41.70674568	    -37.15797577	      6.86118014	     18.21667054	    -24.43550352	      6.30603707	     53.12596536	     -8.38279121	     -2.42529022	   -119.80767414	     -0.04398380	   -101.73213353	     -0.04753716	   -157.02448670	   -153.51063394	     30.06662441	     33.51007740	     -0.00887521	     -0.00758758
      2.14000000	     36.80765470	      8.13804649	     -3.31557643	    -45.37320914	    -96.79296274	    -26.90013642	     39.18593419	    -38.82596720	      7.30822805	     18.19113355	    -25.76312999	      6.49162869	     48.42377708	     -7.51348282	     -2.49882601	   -109.39694686	     -0.04550638	    -92.60654917	     -0.04840135	   -151.07118805	   -145.44603149	     28.54811629	     31.22471950	     -0.01060120	     -0.01223233
      2.14500000	     32.23954827	      6.74002629	     -3.45693243	    -53.20368500	    -72.21519891	    -26.33364124	     36.48924079	    -40.19828520	      7.60612940	     18.30024231	    -27.65206707	      6.75045163	     43.70096220	     -6.61911132	     -2.51920803	    -98.95748702	     -0.04717776	    -83.42080893	     -0.04894680	   -144.34816819	   -136.42490804	     27.00701453	     28.67980935	     -0.01283825	     -0.01726672
      2.15000000	     26.71881261	      5.67274811	     -3.69408225	    -61.03013336	    -45.79965813	    -26.89150576	     33.24834058	    -41.34479698	      7.73814068	     17.92893721	    -29.83478456	      6.98700483	     38.99646806	     -5.72897079	     -2.48699104	    -88.05195129	     -0.04898643	    -74.03335278	     -0.04952208	   -136.87380256	   -127.22122188	     24.92027753	     25.89315514	     -0.01559361	     -0.02264358
      2.15500000	     21.66285244	      6.52282388	     -4.31396390	    -68.77106113	    -24.84087158	    -29.32756995	     30.47551721	    -40.54456466	      7.39914439	     17.42157222	    -31.67474884	      7.05764770	     34.34742259	     -4.86926636	     -2.40334362	    -77.57900459	     -0.05091610	    -65.13400901	     -0.05017044	   -129.04288898	   -117.93353198	     23.34285336	     23.24661405	     -0.01884548	     -0.02828164
      2.16000000	     16.15028412	      8.84819797	     -5.41816785	    -75.44881444	      0.87616487	    -33.26087053	     27.20288829	    -38.54040900	      6.80312077	     17.16206691	    -33.71968855	      7.06129849	     29.78832043	     -4.06134726	     -2.26988446	    -66.69474575	     -0.05293399	    -56.61590336	     -0.05087636	   -120.63946559	   -107.92989756	     21.59797665	     20.32596390	     -0.02254365	     -0.03408408
      2.16500000	      9.66081643	     12.49819357	     -6.78535958	    -82.09081196	     25.72323761	    -38.68470410	     23.58317262	    -34.77374734	      5.92703587	     16.32437763	    -35.42102436	      6.90177793	     25.35012745	     -3.32038058	     -2.08861361	    -55.83346905	     -0.05489658	    -48.26915586	     -0.05160135	   -111.78328631	    -98.10203985	     19.91281022	     17.36691669	     -0.02661638	     -0.03993543
      2.17000000	      2.83970564	     15.34732210	     -8.12962194	    -87.82626140	     51.17411945	    -43.92326045	     19.27759054	    -31.05471425	      5.09976896	     15.56929198	    -36.61099208	      6.56958613	     21.05938405	     -2.65459288	     -1.86193382	    -45.04040269	     -0.05556724	    -40.66338302	     -0.05212461	   -102.50467682	    -88.22749213	     17.88460904	     14.66730149	     -0.03099810	     -0.04571585
      2.17500000	     -3.11660817	     19.09026473	     -9.51070932	    -91.10822779	     75.52906445	    -49.05318479	     15.60166460	    -26.56107303	      4.20168817	     14.88672595	    -37.57385147	      6.09851833	     16.93739670	     -2.06513462	     -1.59274052	    -35.19946053	     -0.05524466	    -33.64141851	     -0.05138367	    -93.14033048	    -78.44051358	     16.10820729	     11.88800863	     -0.03554192	     -0.05132325
      2.18000000	     -9.07593898	     22.81797647	    -10.78879307	    -93.21737845	     96.65845691	    -54.38884424	     11.93656662	    -21.39649763	      3.30046174	     13.93273879	    -37.89002370	      5.49325624	     12.99963356	     -1.54655526	     -1.28454632	    -25.93463941	     -0.05395730	    -27.32054589	     -0.04974725	    -83.85828762	    -69.08263682	     14.36449261	      9.42921401	     -0.04011769	     -0.05657835
      2.18500000	    -14.49032757	     25.99413935	    -11.86352145	    -92.98180662	    116.65979026	    -59.28545169	      8.40769546	    -16.10279741	      2.48161734	     13.08287210	    -37.55744528	      4.76873767	      9.25544612	     -1.08782500	     -0.94159848	    -17.33579679	     -0.05178547	    -21.80381850	     -0.04730292	    -74.65825307	    -60.16976284	     12.51320569	      7.14391022	     -0.04458825	     -0.06134717
      2.19000000	    -19.19663894	     29.39424772	    -12.85011595	    -90.84192609	    131.87843437	    -63.25167433	      5.20417883	    -11.01802025	      1.79400013	     12.35700225	    -37.24925329	      4.01022771	      5.70822918	     -0.67380408	     -0.56896224	     -9.99157622	     -0.04926201	    -17.01135261	     -0.04417923	    -65.81249008	    -51.86613551	     10.96289461	      5.06048732	     -0.04883370	     -0.06551055
      2.19500000	    -22.46602821	     31.59909207	    -13.25356157	    -85.65504980	    142.37195195	    -65.93397450	      2.93721173	     -6.19723545	      1.21183500	     11.58764624	    -35.78504807	      3.16661326	      2.35610560	     -0.28703557	     -0.17256289	     -3.76348627	     -0.04694853	    -12.89502523	     -0.04095716	    -57.72523299	    -44.23043281	      9.44634774	      3.44704119	     -0.05272689	     -0.06899672
      2.20000000	    -24.66730998	     33.12030770	    -13.41714480	    -78.26530046	    149.84707696	    -67.10283525	      1.03123647	     -2.22287078	      0.78411559	     11.25773092	    -34.16580409	      2.32654781	     -0.80685427	      0.09028960	      0.24081078	      1.23939814	     -0.04452116	     -9.61456010	     -0.03797481	    -49.91038009	    -37.18598967	      8.15906111	      2.18327035	     -0.05612616	     -0.07172949
      2.20500000	    -25.44429718	     34.27839346	    -13.34513000	    -67.34380538	    155.75355120	    -67.70646369	     -0.37580080	      0.89449256	      0.49273690	     11.60933316	    -32.76538108	      1.48332490	     -3.78898817	      0.47437136	      0.66354124	      5.28347833	     -0.04201763	     -7.31403036	     -0.03497511	    -42.67434260	    -30.82810934	      6.61800991	      0.78953395	     -0.05893303	     -0.07364192
      2.21000000	    -24.25991887	     36.35293096	    -13.41697180	    -53.97083170	    156.26391658	    -68.01801992	     -0.84158845	      4.29953695	      0.25324477	     12.86452786	    -31.37699697	      0.68227056	     -6.59918404	      0.87802292	      1.08726637	      8.14676984	     -0.03944500	     -6.12567537	     -0.03198596	    -36.12601365	    -25.00241191	      5.92362948	     -0.17004428	     -0.06107514	     -0.07472322
      2.21500000	    -24.21306085	     37.15068707	    -12.88168082	    -40.26940286	    157.21958996	    -67.44393973	     -1.42823866	      6.80029557	      0.11637727	     13.13281002	    -29.88036381	     -0.07323634	     -9.24507336	      1.30924217	      1.50302313	     10.42146230	     -0.03630803	     -4.79663973	     -0.02901836	    -29.84469179	    -20.13547507	      5.10672165	     -0.86084730	     -0.06255566	     -0.07499295
      2.22000000	    -24.63945527	     36.33867062	    -11.74168770	    -25.50773165	    158.64297359	    -64.90103604	     -2.31535758	      7.29195199	      0.06172662	     13.15735100	    -28.63478263	     -0.86183591	    -11.73154636	      1.77026981	      1.90145674	     12.08903038	     -0.03300128	     -3.68189039	     -0.02585623	    -24.31941075	    -15.81320017	      3.92858121	     -1.38040289	     -0.06332212	     -0.07452793
      2.22500000	    -23.65838457	     36.35789592	    -10.24297474	     -8.97820543	    155.65960740	    -62.16568154	     -1.66308875	      7.46849536	     -0.02914764	     13.00866105	    -27.97153651	     -1.75792085	    -14.05980809	      2.25722718	      2.27311619	     12.41316668	     -0.02988097	     -2.88647794	     -0.02266476	    -19.45708517	    -12.25365318	      3.28402532	     -1.83933450	     -0.06337189	     -0.07337787
      2.23000000	    -23.52217879	     35.99419552	     -8.43646238	      7.26340231	    152.33803685	    -59.60801237	     -1.49541213	      6.85852375	     -0.07858271	     12.62467187	    -27.80509477	     -2.79278796	    -16.22710544	      2.76037235	      2.60885661	     12.60996951	     -0.02705273	     -2.39464662	     -0.01976337	    -15.21472263	     -9.26759707	      2.45042757	     -2.20030012	     -0.06275169	     -0.07159352
      2.23500000	    -23.20960397	     35.75496997	     -6.63208679	     23.48093208	    147.22867432	    -56.66134987	     -1.61438535	      6.47388491	     -0.17078885	     12.77862204	    -27.43529218	     -4.06536676	    -18.22716161	      3.26496179	      2.90032230	     12.71094198	     -0.02457367	     -2.48462519	     -0.01720972	    -11.60481343	     -6.67375413	      2.11863343	     -2.49792702	     -0.06153211	     -0.06926522
      2.24000000	    -22.61115360	     34.45233790	     -4.33971543	     39.29297363	    139.42700534	    -53.56744284	     -1.01667811	      5.31352613	     -0.30210081	     12.33198957	    -26.78554502	     -5.32859757	    -20.05124459	      3.75264387	      3.14044215	     12.10279464	     -0.02246248	     -2.44736186	     -0.01502223	     -8.49042079	     -4.69873249	      1.71386452	     -2.34525873	     -0.05980077	     -0.06648531
      2.24500000	    -22.64798441	     33.73546885	     -2.20577691	     53.93744501	    134.69721900	    -50.88619804	     -1.24414648	      3.44959142	     -0.46339400	     12.44500947	    -27.45088561	     -6.78527076	    -21.68968632	      4.20323818	      3.32386984	     11.71958603	     -0.02074169	     -3.40824747	     -0.01319120	     -5.90974313	     -2.23854691	      1.12656362	     -2.67463352	     -0.05765054	     -0.06334240
      2.25000000	    -21.17259234	     33.58112228	     -0.60545576	     68.45674196	    123.53118852	    -49.54843874	      0.37379097	      2.28791738	     -0.61863393	     11.97563078	    -27.79126268	     -7.49080530	    -23.13361373	      4.59669269	      3.44731666	     10.30084775	     -0.01930318	     -3.94080218	     -0.01168837	     -3.78256692	     -0.70017814	      0.84043067	     -2.63365335	     -0.05518576	     -0.05991709
      2.25500000	    -16.31597184	     34.07614732	     -6.81485012	     84.15385234	    112.39226334	    -47.88822501	      4.71112305	      0.98328152	     -0.67865739	     12.24995250	    -29.53143595	     -0.16611311	    -24.37664663	      4.91498802	      3.50972956	      7.38620211	     -0.01810836	     -5.40086451	     -0.01048634	     -2.06975345	      2.46141425	      0.59356019	     -4.46848962	     -0.05249809	     -0.05627720
      2.26000000	    -18.35075833	     34.68997320	     -6.02343389	     93.54428829	    101.94581995	    -46.63252962	      4.90037355	      0.41292988	     -0.76654232	     10.13062421	    -30.40165182	     -0.32502806	    -25.41632986	      5.14378779	      3.51228228	      6.79575571	     -0.01711274	     -4.77443612	     -0.00951266	     -1.08511387	      2.91287945	      0.50955181	     -5.01194614	     -0.04966675	     -0.05248358
      2.26500000	    -22.26649186	     34.74148558	     -5.62525957	     99.28107360	     94.80162824	    -44.86248785	      3.80845189	     -0.34205232	     -1.07214094	      7.67132384	    -31.36364666	     -0.48902319	    -26.25510937	      5.27369101	      3.45819124	      6.66546867	     -0.01626784	     -4.01216059	     -0.00872797	     -0.14455691	      3.25034360	      0.61950637	     -5.51388050	     -0.04675445	     -0.04858239
      2.27000000	    -25.11665872	     33.94708482	     -4.84647304	    104.54382936	     86.42533677	    -43.94215844	      3.15158077	     -0.92806356	     -1.04960592	      5.49962954	    -31.29320031	     -0.60210746	    -26.90073764	      5.30099488	      3.35240215	      6.62537698	     -0.01552448	     -3.22117606	     -0.00809901	      0.05358484	      3.25452123	      0.18714562	     -5.65608280	     -0.04380519	     -0.04460901
      2.27500000	    -25.55103461	     36.58845874	     -4.10891560	    110.00091316	     79.39519628	    -46.76609929	      5.25085577	      1.01140435	     -0.59698426	      3.26841413	    -31.58957012	     -0.71545724	    -27.36607301	      5.22792906	      3.20118835	      5.34900296	     -0.01483623	     -2.44679093	     -0.00759673	      0.40271344	      3.12397202	      0.19212858	     -5.74834401	     -0.04084434	     -0.04059051
      2.28000000	    -29.09748445	     36.15576877	     -4.19318833	    110.28911172	     74.80371560	    -46.25787185	      3.42414243	      0.37241351	     -0.70965035	      1.84247858	    -32.27748735	     -0.78654562	    -27.66830526	      5.06237883	      3.01170481	      5.77033735	     -0.01416272	     -2.21759129	     -0.00719710	      0.34064827	      3.15350963	     -0.00746711	     -5.92829638	     -0.03788064	     -0.03654809
      2.28500000	    -31.11490363	     36.93332853	     -4.10015120	    109.99252930	     72.67661684	    -46.54089109	      3.21381890	      0.56635718	     -0.56810017	      0.45209419	    -32.98700665	     -0.85650423	    -27.82770594	      4.81714193	      2.79156910	      5.35929818	     -0.01347208	     -2.02427139	     -0.00688134	      0.37199173	      3.23010273	      0.00859533	     -6.15175667	     -0.03490974	     -0.03249966
      2.29000000	    -33.89948784	     38.41795581	     -4.47094261	    106.58961638	     70.45952388	    -48.03685623	      2.43988998	      1.61231110	     -0.47923962	     -0.97900176	    -33.82318563	     -0.93824493	    -27.86607311	      4.50877527	      2.54853048	      5.30575148	     -0.01274237	     -1.76691393	     -0.00663532	      0.29567754	      3.11536159	      0.14947617	     -6.26801923	     -0.03191878	     -0.02846206
      2.29500000	    -37.42026209	     38.33316073	     -4.99512333	    100.69482808	     71.32627237	    -47.95250152	      0.56925309	      1.81012340	     -0.54962068	     -2.05219351	    -34.27593694	     -0.99052320	    -27.80509237	      4.15613397	      2.29023475	      5.67030097	     -0.01196177	     -1.64301278	     -0.00644861	      0.16241962	      3.06730249	      0.08478440	     -6.36975081	     -0.02889156	     -0.02445285
      2.30000000	    -38.56110936	     39.21744032	     -5.23395110	     95.20720915	     72.84427576	    -48.48970507	      0.58648534	      2.20012283	     -0.34431624	     -2.67502223	    -35.04300478	     -1.03455738	    -27.66483341	      3.77876414	      2.02406228	      4.99210973	     -0.01112778	     -1.79544244	     -0.00631311	      0.20441610	      3.06875677	      0.12534618	     -6.51496139	     -0.02581353	     -0.02049143
      2.30500000	    -40.15466044	     39.64267707	     -5.57164037	     87.83699764	     76.60856108	    -48.31534980	      0.18621022	      2.67599941	     -0.19580145	     -3.24394022	    -35.37905353	     -1.06870948	    -27.46254802	      3.39532901	      1.75701644	      4.52202924	     -0.01024568	     -1.88850388	     -0.00622171	      0.21531734	      3.09754737	      0.12200974	     -6.64356377	     -0.02267639	     -0.01659950
      2.31000000	    -42.84729851	     39.88673375	     -6.21999474	     77.71037611	     78.60954409	    -47.85360768	     -1.28319987	      2.84344662	     -0.20716456	     -3.82756656	    -36.06939846	     -1.13160672	    -27.21186155	      3.02223383	      1.49563456	      4.62110139	     -0.00932654	     -1.94782789	     -0.00616718	      0.02906668	      3.00348981	      0.18687080	     -6.73803428	     -0.01948156	     -0.01280091
      2.31500000	    -43.46863357	     40.69828006	     -6.56340871	     68.60601997	     81.82480620	    -47.72417668	     -1.13061982	      3.24559680	      0.00337878	     -4.01597447	    -36.68641856	     -1.17710837	    -26.92238218	      2.67259144	      1.24589247	      3.85143503	     -0.00838512	     -2.18770960	     -0.00614137	      0.05503928	      2.97540741	      0.25139541	     -6.84646586	     -0.01624247	     -0.00912105
      2.32000000	    -44.04810972	     40.87763969	     -7.10867539	     58.63113305	     84.34021966	    -46.86414766	     -1.60395701	      3.13186156	      0.10221628	     -3.65386258	    -37.25786479	     -1.19294345	    -26.59971098	      2.35562583	      1.01308317	      3.39237391	     -0.00743790	     -2.68008124	     -0.00613497	     -0.00888807	      2.96865668	      0.27656612	     -6.91312645	     -0.01298537	     -0.00558603
      2.32500000	    -44.63518195	     40.82374293	     -7.54164920	     48.11206418	     86.47675940	    -45.74469308	     -2.05433537	      2.65401137	      0.17976158	     -3.39146491	    -37.95238152	     -1.23269683	    -26.24581176	      2.07653969	      0.80166374	      2.90848915	     -0.00650155	     -3.07670146	     -0.00613757	     -0.06278949	      2.90845079	      0.24604136	     -6.97315905	     -0.00974867	     -0.00222171
      2.33000000	    -44.55708561	     41.34926246	     -7.75606136	     38.33582561	     90.61621052	    -45.02896993	     -1.67283224	      2.23231565	      0.35331054	     -3.23717907	    -38.93369312	     -1.30409938	    -25.85967541	      1.83679752	      0.61508195	      1.99542140	     -0.00559176	     -3.44685804	     -0.00613813	      0.04412742	      2.93726921	      0.12685339	     -7.16457060	     -0.00658101	      0.00094706
      2.33500000	    -44.37342296	     42.34350448	     -8.44319268	     28.21311147	     90.43239812	    -44.46646156	     -1.92744319	      2.39242664	      0.43241684	     -2.51229783	    -39.73187821	     -1.32964688	    -25.43819207	      1.63472537	      0.45560906	      1.63335678	     -0.00472257	     -4.04441535	     -0.00612559	     -0.12865068	      2.92297689	      0.37144119	     -7.22674756	     -0.00353842	      0.00389718
      2.34000000	    -43.96709563	     40.92626995	     -8.53364246	     18.97190248	     92.14298639	    -42.74475699	     -2.16317769	      0.85077155	      0.45646870	     -1.93517817	    -40.12203169	     -1.35062835	    -24.97712701	      1.46631431	      0.32420445	      1.02152099	     -0.00390615	     -4.43834559	     -0.00608954	     -0.02390783	      2.80367452	      0.00198948	     -7.16632698	     -0.00068072	      0.00660767
      2.34500000	    -42.89194582	     42.30472946	     -9.02396718	     10.71758997	     91.60070413	    -42.46874279	     -1.78678831	      0.74349572	      0.57245620	     -1.16265297	    -41.28613511	     -1.39310421	    -24.47207275	      1.32611449	      0.22043783	      0.40920087	     -0.00315284	     -5.08791740	     -0.00602083	     -0.12102404	      2.89382197	      0.23207311	     -7.35165790	      0.00193226	      0.00905991
      2.35000000	    -41.75527768	     42.85099120	     -9.44468123	      3.20857205	     89.78410389	    -42.23843628	     -1.69489058	      0.17337174	      0.61968554	     -0.32813789	    -42.26263423	     -1.41749696	    -23.91924385	      1.20810852	      0.14250348	     -0.05221228	     -0.00247131	     -5.68271702	     -0.00591199	     -0.18184671	      2.87358738	      0.28925667	     -7.40135658	      0.00424426	      0.01123756
      2.35500000	    -40.52480065	     43.30417608	     -9.76676600	     -3.21154550	     87.81670955	    -42.01735509	     -1.54382725	     -0.50199090	      0.65322794	      0.38950488	    -43.20580755	     -1.44274815	    -23.31602752	      1.10648384	      0.08735296	     -0.48517051	     -0.00186878	     -6.20543509	     -0.00575749	     -0.22974206	      2.89423221	      0.32905932	     -7.48731086	      0.00620589	      0.01312627
      2.36000000	    -38.93248937	     43.78989817	     -9.98123777	     -8.09472427	     86.25857218	    -42.31517398	     -1.16493686	     -1.49328150	      0.69318585	      1.09040403	    -44.47734447	     -1.47462323	    -22.66128137	      1.01627395	      0.05094303	     -1.03236762	     -0.00135120	     -6.76462714	     -0.00555388	     -0.16682667	      2.96503936	      0.21628416	     -7.64822877	      0.00777714	      0.01471321
      2.36500000	    -37.51806475	     44.33605554	    -10.28991598	    -12.31996106	     81.88057063	    -43.05535976	     -1.02502544	     -1.83105831	      0.69741050	      1.62030253	    -45.22764012	     -1.48242902	    -21.95541863	      0.93384753	      0.02858246	     -1.26086390	     -0.00092340	     -7.10249910	     -0.00529967	     -0.21866252	      2.89716219	      0.29464135	     -7.62584476	      0.00892919	      0.01598644
      2.37000000	    -35.72466537	     44.82120587	    -10.64943521	    -14.83298160	     78.39859678	    -44.04705996	     -0.97615946	     -2.67065307	      0.66640648	      2.47049570	    -46.40803046	     -1.46472565	    -21.20033528	      0.85720192	      0.01536351	     -1.44715001	     -0.00058919	     -7.71319604	     -0.00499527	     -0.20142027	      2.99365484	      0.20217487	     -7.73957970	      0.00964526	      0.01693419
      2.37500000	    -33.90079041	     45.83853820	    -10.80338858	    -16.29463059	     73.53614775	    -45.53270314	     -0.41893211	     -3.05565404	      0.69862287	      2.70677766	    -47.55138671	     -1.48254357	    -20.39925883	      0.78602465	      0.00664142	     -1.76932478	     -0.00035141	     -7.95858426	     -0.00464280	     -0.17897114	      3.02189183	      0.27593789	     -7.85725757	      0.00992071	      0.01754419
      2.38000000	    -32.58186312	     46.30997434	    -11.18631750	    -17.31601824	     66.99957928	    -47.27883224	     -0.73737568	     -3.49319933	      0.60468195	      3.07945633	    -48.49533119	     -1.45734906	    -19.55662614	      0.72151675	     -0.00151558	     -1.54233291	     -0.00021200	     -8.20806014	     -0.00424597	     -0.23832974	      2.94904943	      0.27871002	     -7.81201454	      0.00976224	      0.01780313
      2.38500000	    -30.86030341	     46.41738873	    -11.44143149	    -16.82233326	     61.09663403	    -49.29529154	     -0.87334249	     -4.06293285	      0.52532851	      3.47833712	    -49.28213061	     -1.40004985	    -18.67808253	      0.66598824	     -0.01199951	     -1.39299137	     -0.00017203	     -8.44095129	     -0.00381002	     -0.16722255	      2.87317164	      0.11368838	     -7.71407929	      0.00918639	      0.01769631
      2.39000000	    -28.71790434	     47.52128162	    -11.74376108	    -14.99842108	     55.28564809	    -51.41454920	     -0.60545862	     -4.33368986	      0.49847296	      3.87886300	    -50.45748629	     -1.33673789	    -17.77066065	      0.62226106	     -0.02653565	     -1.33890731	     -0.00023166	     -8.78395188	     -0.00334173	     -0.14396893	      3.01832893	      0.17126104	     -7.84976366	      0.00821761	      0.01720762
      2.39500000	    -27.19519269	     48.07546740	    -12.12563690	    -13.36269181	     46.73454064	    -53.78796712	     -0.96546509	     -4.38568164	      0.38896779	      4.05741973	    -51.17657338	     -1.25192149	    -16.84316958	      0.59295989	     -0.04579535	     -0.84308397	     -0.00039022	     -8.85057612	     -0.00284950	     -0.20249152	      2.89027936	      0.24972646	     -7.67760546	      0.00688586	      0.01632006
      2.40000000	    -25.86337286	     48.19272665	    -12.21040515	    -10.97961170	     40.56688843	    -55.52045177	     -1.14704152	     -4.72219025	      0.29665290	      3.83701324	    -51.73335263	     -1.17927091	    -15.90675740	      0.57978816	     -0.06972700	     -0.44059919	     -0.00064619	     -8.69812972	     -0.00234344	     -0.16493760	      2.86337158	      0.20423833	     -7.62009537	      0.00522411	      0.01501661
      2.40500000	    -24.45267211	     48.87872074	    -12.38642271	     -7.89786126	     35.68991347	    -57.89560147	     -1.25669586	     -5.20947214	      0.21113483	      3.68405468	    -52.98886929	     -1.10785654	    -14.97551300	      0.58287172	     -0.09801955	     -0.05588089	     -0.00099734	     -8.68119469	     -0.00183561	     -0.05642860	      2.93282105	      0.05792204	     -7.71304352	      0.00326578	      0.01328178
      2.41000000	    -23.51540111	     49.04180717	    -12.59234447	     -5.30571546	     28.31140309	    -59.59775147	     -1.82125019	     -5.37215938	      0.07120560	      3.37607836	    -53.51432983	     -1.00392760	    -14.06692592	      0.60024778	     -0.13058824	      0.70104266	     -0.00144087	     -8.41794550	     -0.00134012	     -0.11740436	      2.84133293	      0.13848967	     -7.56253731	      0.00104249	      0.01110346
      2.41500000	    -22.37698461	     48.55223245	    -12.58887469	     -1.85586922	     24.68399386	    -60.56234346	     -2.24787309	     -6.20422744	     -0.05810816	      3.19156474	    -54.06121912	     -0.87101924	    -13.20203187	      0.62757675	     -0.16798660	      1.32279840	     -0.00197370	     -8.25161433	     -0.00087337	     -0.03962780	      2.94270488	     -0.03245724	     -7.57406776	     -0.00141791	      0.00847500
      2.42000000	    -21.00795674	     49.50726985	    -12.79668412	      1.57630656	     18.88707389	    -62.78234376	     -2.21790100	     -6.16453778	     -0.11573556	      2.92603142	    -55.03647200	     -0.74677406	    -12.40509794	      0.65813565	     -0.21168033	      1.84823173	     -0.00259285	     -8.03400304	     -0.00045421	     -0.02999113	      2.92332502	      0.11290091	     -7.51807987	     -0.00409278	      0.00539724
      2.42500000	    -20.33798930	     48.61292476	    -12.79190168	      4.70184186	     16.10933224	    -63.67619563	     -2.81450916	     -6.87876123	     -0.26201908	      2.63501708	    -55.26828130	     -0.58722938	    -11.70275986	      0.68312888	     -0.26416450	      2.64744723	     -0.00329607	     -7.66950156	     -0.00010399	      0.03266482	      2.87799657	     -0.04839190	     -7.34458768	     -0.00696531	      0.00188028
      2.43000000	    -19.89422791	     49.06404131	    -12.90848608	      7.84075677	     15.82884259	    -64.99112048	     -2.99056570	     -7.21937079	     -0.34845379	      2.14959713	    -56.22827249	     -0.46277627	    -11.12260556	      0.69232623	     -0.32894517	      3.28970556	     -0.00408247	     -7.30725877	      0.00015335	      0.06991668	      3.03995553	     -0.03050190	     -7.49755360	     -0.01002435	     -0.00205532
      2.43500000	    -19.64546620	     48.47644697	    -12.97875038	     10.68968090	     15.80680626	    -65.65706506	     -3.39700863	     -7.56516535	     -0.46445031	      1.80402382	    -56.36686767	     -0.29167486	    -10.69125123	      0.67498641	     -0.41040645	      4.07851647	     -0.00495331	     -6.84028674	      0.00029144	      0.06382335	      3.05008318	      0.00531637	     -7.38272876	     -0.01326329	     -0.00637800
      2.44000000	    -18.73158473	     46.92514861	    -12.80019661	     14.19611331	     16.97684229	    -65.92387756	     -3.31451245	     -8.20892198	     -0.51990703	      1.74626261	    -55.92671367	     -0.07218149	    -10.43198515	      0.62096767	     -0.51355560	      4.56431526	     -0.00591267	     -6.38894128	      0.00028171	      0.14353927	      2.93280324	     -0.03999305	     -7.03878019	     -0.01667811	     -0.01104549
      2.44500000	    -18.81249798	     46.70355585	    -12.89455818	     17.19637378	     22.72766491	    -66.69435171	     -3.23747855	     -8.59017380	     -0.57650287	      1.43492749	    -56.43514674	      0.09303012	    -10.36211051	      0.52190479	     -0.64363115	      5.08833721	     -0.00696795	     -5.92913951	      0.00009388	      0.16430052	      3.07002546	      0.02103094	     -7.11935305	     -0.02026473	     -0.01600572
      2.45000000	    -19.35824006	     45.26509370	    -13.06473961	     19.96872766	     31.24078195	    -67.34814524	     -3.60493079	     -8.89611086	     -0.69362450	      1.41166893	    -56.04783551	      0.30464003	    -10.49019158	      0.37233733	     -0.80558619	      5.84481348	     -0.00812992	     -5.43101125	     -0.00030337	      0.20471583	      3.02140749	     -0.08093454	     -6.88611779	     -0.02401612	     -0.02119854
      2.45500000	    -19.60455921	     44.24969989	    -13.10961016	     23.35395674	     43.21127174	    -67.88286040	     -3.13609597	     -8.92933633	     -0.71144000	      1.35630153	    -55.59769897	      0.50120123	    -10.81346525	      0.17068535	     -1.00348451	      6.15865816	     -0.00941247	     -4.87880309	     -0.00094154	      0.25351716	      3.06777754	     -0.02577650	     -6.77679655	     -0.02791961	     -0.02655778
      2.46000000	    -19.51119897	     43.10179425	    -13.12046271	     27.07395126	     40.48686120	    -65.47207269	     -2.96901556	     -9.90474069	     -0.83013674	      1.57924087	    -54.88066877	      0.71638191	    -11.31570182	     -0.08001549	     -1.23985562	      7.56966990	     -0.01083176	     -4.38990990	     -0.00185121	     -2.50133313	      3.07160126	      0.33429657	     -6.58718367	     -0.03195472	     -0.03201380
      2.46500000	    -12.09419065	     36.67478610	     -3.13017589	     38.44451567	     30.46982478	    -64.63725428	      5.73467681	    -13.72694820	     -1.21213006	     -1.11383325	    -51.49684089	     -6.08129390	    -11.96577891	     -0.37168970	     -1.51507500	      2.97660565	     -0.01240521	     -1.17305219	     -0.00306094	     -2.41158519	     -1.75098186	     -0.24936832	     -4.22261952	     -0.03609182	     -0.03749600
      2.47000000	      5.17243581	     40.47310006	     -3.08771273	     57.11017908	     -3.22104120	    -62.46995246	     16.71211430	    -16.68274927	     -1.44279504	      3.99861135	    -53.18140068	     -5.50609065	    -12.71716772	     -0.69118228	     -1.82685792	     -1.42586640	     -0.01415017	     -3.33048894	     -0.00460378	     -7.12653395	     -2.30610603	      0.03368827	     -4.47433891	     -0.04029151	     -0.04293444
      2.47500000	     38.17916828	     40.96105251	     -6.13983342	     87.13967628	    -74.30767364	    -72.89346745	     35.06084740	    -12.97451178	     -1.33979007	     14.34225239	    -49.10568556	     -1.38141225	    -13.50844918	     -1.02068774	     -2.16993950	    -10.08785244	     -0.01608284	     -7.03951640	     -0.00650439	     -8.89809651	     -9.22574916	      0.40683719	     -3.47520186	     -0.04450441	     -0.04826302
      2.48000000	     65.55267564	     39.97729543	    -12.13903357	    119.36664761	    -56.64525627	    -80.15696853	     33.11286339	     -4.80105623	     -0.78164877	     43.37781767	    -39.81464168	     -1.57945547	    -14.26490526	     -1.33870903	     -2.53598210	     -8.06643518	     -0.01821747	    -21.56132083	     -0.00878143	     -8.41493568	    -10.17319486	      1.36478525	     -3.17463585	     -0.04867091	     -0.05341891
      2.48500000	     50.65811158	     35.47297682	    -14.25557466	    110.60158263	    -17.01679100	    -74.99933565	     22.21351626	     -2.91379200	     -0.87103993	     43.53019434	    -35.55085806	     -1.69625766	    -14.90116085	     -1.62155866	     -2.91374282	     -1.31097891	     -0.02056613	    -20.50921151	     -0.01144891	    -10.84775153	    -10.56926442	      1.64245450	     -3.05382454	     -0.05272079	     -0.05834101
      2.49000000	     20.06846743	     24.92591480	    -14.29950127	     81.76705189	      2.02150313	    -66.44064328	      8.60296146	     -6.34793777	     -1.29846575	     30.63452246	    -33.75055172	     -0.74973328	    -15.32476645	     -1.84535477	     -3.28951287	      6.33970454	     -0.02314002	    -12.67267301	     -0.01451356	    -14.38872382	    -13.59883023	      1.19890616	     -1.70763348	     -0.05657248	     -0.06296698
      2.49500000	    -18.16052395	     17.17345689	    -14.93746689	     45.38481658	     37.66944760	    -61.37502936	     -9.53981276	     -9.68042440	     -1.54299149	     16.41367974	    -36.04051262	     -0.24311760	    -15.44052113	     -1.98837999	     -3.64778262	     16.00235414	     -0.02599616	     -4.58499932	     -0.01797258	    -17.24254581	    -16.80007925	      0.74647456	     -0.92915227	     -0.06012945	     -0.06722901
      2.50000000	    -59.76080136	     10.39254139	    -16.44762293	      3.25815344	     71.23702957	    -55.97222383	    -31.44902219	     -8.74277295	     -1.47954586	      3.00454429	    -35.41926937	      0.20784454	    -15.15525237	     -2.03357675	     -3.97204673	     27.89945924	     -0.02912411	      3.09366108	     -0.02180971	    -20.97794707	    -20.16108911	      1.19261950	      0.49640912	     -0.06329093	     -0.07104980
      2.50500000	    -90.98128180	      8.86715388	    -16.65879435	    -30.74818408	     98.39189156	    -54.14249147	    -43.68499584	     -4.78471953	     -1.36564847	    -10.21015550	    -34.32131984	      0.47896553	    -14.38269400	     -1.97090628	     -4.24566273	     34.53720016	     -0.03251832	     10.38796293	     -0.02598921	    -24.97449752	    -23.83427133	      2.04871447	      2.24519616	     -0.06594776	     -0.07434017
      2.51000000	    -87.93212691	     12.76413354	    -14.57476245	    -31.12857286	    119.52166352	    -55.37146686	    -32.93450733	     -0.53908143	     -1.51923503	    -15.06522430	    -31.70642237	      0.60243023	    -13.04808033	     -1.79929821	     -4.45268813	     28.50278779	     -0.03615118	     12.78251239	     -0.03044712	    -28.39180537	    -27.18966153	      3.13087510	      3.82461510	     -0.06799050	     -0.07699970
      2.51500000	    -50.94024180	     12.13121910	    -11.22437095	      0.48547184	    105.96602500	    -49.08301571	     -8.37213880	     -5.61181822	     -1.90846033	     -5.53441082	    -28.14081306	      0.62574861	    -11.09214661	     -1.52792574	     -4.57865172	     13.60983644	     -0.03996100	      6.80792870	     -0.03481527	    -33.78766759	    -31.99607641	      4.04410437	      5.53647161	     -0.06931714	     -0.07895765
      2.52000000	    -13.13853116	     12.97701805	    -11.09914177	     30.16376178	     76.22850258	    -51.11511193	      9.58459498	    -13.36558646	     -1.99634390	     10.51831668	    -30.03342642	      0.86466024	     -8.47433365	     -1.17657261	     -4.61126249	      1.44319069	     -0.04383818	     -4.09954935	     -0.03917770	    -39.44515504	    -40.17071378	      4.58603847	      8.29473780	     -0.06984158	     -0.08008516
      2.52500000	     22.13660837	     19.28319804	    -13.90717795	     50.36240376	     -3.77733605	    -66.66082316	     23.15272225	    -20.67884171	     -1.80199650	     27.33622877	    -38.45594407	      1.83539753	     -5.17505829	     -0.77494621	     -4.54107590	     -9.00115633	     -0.04725913	    -18.07250089	     -0.04350748	    -46.83916850	    -54.22348274	      5.64274799	     12.92888964	     -0.06954004	     -0.08027729
      2.53000000	     46.88308694	     24.78449883	    -16.37233634	     57.56590353	    -78.37005871	    -79.07795020	     32.41582161	    -25.80420244	     -1.35984359	     38.85697649	    -44.51816662	      2.98457758	     -1.19693642	     -0.36091464	     -4.36211008	    -17.98666369	     -0.05028125	    -30.23432814	     -0.04774400	    -54.94012435	    -67.99344873	      6.90846651	     17.91531547	     -0.06837278	     -0.07944944
      2.53500000	     41.59689246	     27.26147971	    -16.54939447	     31.02479690	   -139.25343467	    -81.87511097	     30.10508685	    -28.16208413	     -0.62225676	     34.99277746	    -48.46025126	      4.07967727	      3.43513094	      0.02222829	     -4.07236589	    -21.98710008	     -0.05308481	    -34.95636739	     -0.05181467	    -64.37308059	    -80.00875644	      8.81682523	     22.31625814	     -0.06631758	     -0.07754283
      2.54000000	      4.18995161	     28.34064995	    -15.17542425	    -27.51296256	   -174.85773908	    -82.10495589	     13.98912517	    -28.15198175	      0.13987814	     16.57177900	    -54.13726236	      5.38743610	      8.67505376	      0.32923488	     -3.67417461	    -18.33825958	     -0.05562881	    -32.78463667	     -0.05578293	    -75.81952641	    -90.58178422	     10.40348214	     25.80446974	     -0.06340505	     -0.07454313
      2.54500000	    -13.41970162	     26.75436709	    -12.07189180	    -67.55016973	   -215.19386562	    -77.08790633	      8.61365490	    -29.47660358	      1.13307483	      4.33795204	    -55.11499027	      6.27967781	     14.45779588	      0.51675504	     -3.17429762	    -22.36483272	     -0.05784467	    -34.68325265	     -0.05955282	    -85.49530278	   -101.21770408	     12.20208130	     29.11302466	     -0.05969838	     -0.07048317
      2.55000000	    -16.93880544	     23.24051267	    -11.75660659	    -90.52884031	   -254.60573666	    -70.95831460	      2.54709708	    -31.05204115	      2.26040174	      4.44065480	    -52.62747060	      6.79653907	     20.70260731	      0.54713926	     -2.58374441	    -26.71406689	     -0.06004972	    -43.56463877	     -0.06244997	    -95.45278768	   -112.28039522	     13.73052518	     32.29930555	     -0.05531463	     -0.06539871
      2.55500000	     -8.37866740	     22.16191798	    -11.75791429	    -98.72330924	   -289.67249132	    -66.20151571	      3.42475713	    -30.44776508	      2.99339218	      8.54051491	    -47.78335027	      6.91444798	     27.31694058	      0.39177493	     -1.91733406	    -34.92002763	     -0.06149966	    -54.93694926	     -0.06430800	   -105.21348523	   -122.83513536	     15.69120627	     35.11905203	     -0.05035733	     -0.05939568
      2.56000000	      8.65257229	     20.35643877	    -10.41539303	    -94.94704152	   -305.79166755	    -59.90759908	     11.46868331	    -28.91302865	      3.30307080	     13.23834546	    -39.64801858	      6.28956418	     34.20061449	      0.03361413	     -1.19306803	    -46.95981755	     -0.06183271	    -66.25829898	     -0.06501021	   -113.05825843	   -131.94557172	     17.37672181	     37.52536114	     -0.04495143	     -0.05262408
      2.56500000	     23.81141829	     16.64720876	     -8.85404787	    -89.09432535	   -304.59903447	    -51.34232307	     17.95290982	    -26.44302257	      3.34751249	     17.65078828	    -29.75122581	      5.05482783	     41.24973453	     -0.53133673	     -0.43139503	    -57.45682573	     -0.06100113	    -77.13438378	     -0.06433611	   -120.24083835	   -139.92389975	     19.05319135	     39.14724317	     -0.03924586	     -0.04528343
      2.57000000	     36.95877786	     12.53846539	     -6.53529735	    -82.26278148	   -286.56458439	    -44.11960486	     25.36191858	    -21.06694332	      2.66734910	     19.57843983	    -17.79963024	      3.03393813	     48.35993672	     -1.29366608	      0.34556330	    -67.17000691	     -0.05903036	    -86.31350962	     -0.06265368	   -125.55228558	   -147.19175148	     20.71390761	     40.73006118	     -0.03339625	     -0.03759724
      2.57500000	     50.97665000	      8.08181363	     -4.02549699	    -70.98714851	   -256.89263287	    -36.82995791	     33.60852512	    -16.25035967	      1.77240014	     21.48430244	     -6.33239077	      0.77440068	     55.42866424	     -2.23132132	      1.11478557	    -76.54065698	     -0.05577058	    -95.01031511	     -0.06068475	   -129.89203540	   -153.44543024	     22.30026831	     41.99708123	     -0.02758116	     -0.02976739
      2.58000000	     69.11569826	      1.35947240	     -1.02571569	    -52.44751791	   -226.38821596	    -26.55054861	     43.47482281	    -17.39344155	      1.71006480	     24.74937853	      2.17863129	     -1.05326145	     62.35637995	     -3.31136282	      1.85310975	    -87.41815454	     -0.05238507	   -104.00336329	     -0.05853862	   -133.85465513	   -159.18584954	     23.32450117	     43.13802754	     -0.02192390	     -0.02202403
      2.58500000	     90.43212454	     -2.68204140	      1.00867012	    -28.21527482	   -196.18035957	    -18.36516067	     54.77564324	    -21.61639194	      2.09614499	     29.73383793	      6.17836926	     -1.91447383	     69.04683703	     -4.49249867	      2.53797325	    -99.35212793	     -0.04910761	   -113.55428540	     -0.05630772	   -137.61641579	   -163.86019684	     24.17829086	     43.72234076	     -0.01655678	     -0.01458574
      2.59000000	    110.59385815	     -0.85907067	      0.71033127	     -4.87277548	   -174.05778718	    -17.87494632	     64.63343416	    -25.96032445	      2.57614654	     35.93956150	      4.72220490	     -1.36823598	     75.40671321	     -5.72812551	      3.14812292	   -110.73789246	     -0.04603541	   -123.95580409	     -0.05406899	   -141.11011122	   -168.40542334	     25.20938842	     44.20870358	     -0.01160105	     -0.00764719
      2.59500000	    122.03310574	      2.36376461	     -0.37934603	      9.15648252	   -157.46030769	    -19.61757047	     68.88590439	    -32.44331162	      3.87795165	     40.18069363	     -1.71265323	      0.59222853	     81.34500098	     -6.96956731	      3.66428459	   -119.66202989	     -0.04324456	   -133.30759178	     -0.05182479	   -144.86123539	   -172.42538383	     25.79960927	     44.41044055	     -0.00715801	     -0.00137246
      2.60000000	    126.41259774	      5.72319134	     -0.88767040	     15.09361971	   -143.39594431	    -21.13049031	     70.72963402	    -39.67646561	      5.58768583	     40.80719264	    -10.38791616	      3.26905942	     86.77254080	     -8.16920409	      4.06977881	   -127.55232535	     -0.04079197	   -140.27266445	     -0.04938818	   -148.03395568	   -175.76209913	     26.31224952	     44.44735246	     -0.00330540	      0.00412267
      2.60500000	    125.72963442	      9.07010799	     -1.89457703	     15.18784846	   -135.43545829	    -22.90883037	     68.91883188	    -45.70017912	      7.30212246	     40.63251189	    -18.98762816	      6.02544870	     91.60200649	     -9.28320529	      4.35104590	   -133.30336619	     -0.03869119	   -146.39865244	     -0.04688054	   -151.17857801	   -178.70254828	     26.80487925	     44.51068026	     -0.00009526	      0.00876256
      2.61000000	    123.13196768	      9.93729298	     -2.88141628	     12.70799367	   -135.01038854	    -21.45119287	     64.68843388	    -51.31218131	      9.11154631	     40.72391119	    -25.49824304	      8.21468226	     95.74853554	    -10.27363817	      4.49803369	   -137.70503084	     -0.03680551	   -152.15865656	     -0.04444667	   -154.26370930	   -181.20334382	     27.16813498	     44.63481494	      0.00245152	      0.01251291
      2.61500000	    122.79802622	      9.11035088	     -3.33846996	     12.47169194	   -146.04662006	    -19.08449322	     62.19067854	    -56.02109406	     10.55407783	     40.66931721	    -29.39128501	      9.60496473	     99.13109236	    -11.10981371	      4.50443166	   -142.38271238	     -0.03521536	   -157.61396815	     -0.04221810	   -157.28703824	   -184.19220223	     27.49848609	     45.35014406	      0.00434173	      0.01537752
      2.62000000	    122.35068427	      9.46225773	     -3.60984746	     11.69324570	   -165.30784265	    -15.19262328	     60.86154215	    -59.01627493	     11.51845338	     39.79352445	    -32.30915425	     10.61326995	    101.67456251	    -11.76883879	      4.36776656	   -147.54092212	     -0.03401075	   -161.62260025	     -0.04030565	   -160.68036085	   -186.44093299	     28.52339035	     45.64764148	      0.00560691	      0.01738984
      2.62500000	    116.74032756	      6.62886325	     -2.70509858	      4.81156577	   -185.52531504	     -8.09296901	     57.59430283	    -61.33339835	     12.36093312	     36.17190646	    -33.03671588	     10.78667121	    103.31248197	    -12.23545026	      4.08939031	   -150.92620194	     -0.03325174	   -163.02595142	     -0.03879459	   -163.53868305	   -188.21919643	     28.99949418	     46.08296484	      0.00629770	      0.01860222
      2.63000000	    109.84065207	      4.22822208	     -1.94930340	     -3.54106069	   -205.20028207	     -0.52820600	     54.11518634	    -60.44236372	     12.33656977	     32.29465680	    -31.22068026	     10.05263322	    103.99024199	    -12.50131617	      3.67441164	   -152.94651320	     -0.03296706	   -162.75034662	     -0.03774209	   -166.04199975	   -188.99392820	     29.99811581	     46.54282506	      0.00647577	      0.01907464
      2.63500000	    101.50397952	      0.11902332	     -1.67797397	    -12.84195578	   -222.30279045	      7.96842543	     48.30261159	    -59.04044743	     12.26100647	     29.69997848	    -27.93314636	      8.79224287	    103.66858626	    -12.56407047	      3.13163295	   -152.50568538	     -0.03315493	   -161.67177214	     -0.03717669	   -167.70160182	   -189.26359416	     30.40751677	     46.76500199	      0.00620571	      0.01886531
      2.64000000	     91.49452592	     -3.80228806	     -1.47674175	    -23.43552686	   -237.30598881	     15.52033345	     42.18873412	    -55.48452342	     11.58022017	     26.58750094	    -23.05733559	      6.97264603	    102.32718183	    -12.42635434	      2.47351903	   -150.34992047	     -0.03378560	   -158.61620405	     -0.03709896	   -168.82633027	   -189.10297881	     30.97871109	     47.24200640	      0.00554793	      0.01802431
      2.64500000	     83.44268780	     -6.55734930	     -1.48325208	    -30.18969728	   -241.07371881	     20.35918895	     38.12732373	    -51.07567867	     10.46998712	     24.30141327	    -18.06579594	      5.15085015	     99.96798580	    -12.09508054	      1.71616605	   -146.95791539	     -0.03480474	   -154.19562413	     -0.03748298	   -168.66511481	   -187.59713097	     31.24525907	     47.37616014	      0.00455300	      0.01659079
      2.65000000	     76.71041218	     -6.81946203	     -2.17418950	    -33.28686356	   -235.32336505	     21.08508824	     35.48284632	    -45.56547232	      8.95251539	     23.01862454	    -13.90789673	      3.66699072	     96.61807750	    -11.58104972	      0.87918780	   -142.07413100	     -0.03613763	   -148.43965255	     -0.03827828	   -167.67181311	   -185.16378241	     31.44411943	     47.12075377	      0.00325799	      0.01459371
      2.65500000	     70.84913733	     -3.58281811	     -3.40396975	    -33.55475883	   -217.18642907	     16.01257843	     34.83054504	    -39.61781387	      7.22611657	     22.06757408	    -12.33080716	      3.08044700	     92.33159111	    -10.89893795	     -0.01459158	   -135.83255031	     -0.03769357	   -141.39703264	     -0.03941201	   -165.45229868	   -181.47515112	     31.56034932	     46.35080025	      0.00168518	      0.01205543
      2.66000000	     67.37855717	      1.94566350	     -4.91387360	    -29.91790277	   -193.69820035	      5.95485980	     36.62148731	    -34.53514339	      5.64240311	     21.75388183	    -13.26724992	      3.33806353	     87.19036658	    -10.06755123	     -0.93972377	   -129.12027165	     -0.03937071	   -133.82307571	     -0.04079181	   -162.31716226	   -177.20078407	     31.38378701	     45.42729824	     -0.00015646	      0.00899680
      2.66500000	     61.52713113	      7.81343407	     -6.24452339	    -28.47939522	   -163.01094064	     -6.10877485	     37.68943927	    -31.47508450	      4.71934989	     20.69317359	    -17.15921581	      4.47054218	     81.30296964	     -9.11013668	     -1.86900232	   -120.87677564	     -0.04106103	   -125.20166782	     -0.04230931	   -158.14651449	   -171.83706529	     30.56198964	     43.98639614	     -0.00226689	      0.00544214
      2.67000000	     54.10517396	     14.02931679	     -7.50533451	    -28.85863889	   -128.90561125	    -18.26071991	     38.28970309	    -29.57219417	      4.20002471	     19.12602777	    -22.72795176	      6.00980248	     74.80186656	     -8.05447501	     -2.77451093	   -112.02090001	     -0.04268109	   -115.51169034	     -0.04384497	   -153.16901025	   -165.48243064	     29.58625159	     42.06157931	     -0.00464926	      0.00142366
      2.67500000	     46.25004106	     19.21006759	     -8.70144233	    -30.39431265	    -95.63886988	    -28.90420624	     38.15991226	    -28.98276541	      4.07475380	     17.78529993	    -28.69164710	      7.53265649	     67.83874339	     -6.93247975	     -3.62869485	   -102.92991765	     -0.04435399	   -105.47988209	     -0.04527418	   -147.47887047	   -158.45642436	     28.32143793	     39.84368281	     -0.00730412	     -0.00301535
      2.68000000	     37.28757093	     21.73590016	     -9.83677003	    -34.44029993	    -63.56084893	    -37.29792142	     35.89909917	    -29.66364560	      4.33738136	     17.05991431	    -33.92319608	      8.72402931	     60.57813973	     -5.77912019	     -4.40530040	    -92.85205426	     -0.04609066	    -95.80305660	     -0.04650556	   -141.00135893	   -150.77779423	     26.58992373	     37.74839284	     -0.01022198	     -0.00782000
      2.68500000	     26.81015094	     22.34660868	    -10.65107940	    -41.51151484	    -33.72181586	    -42.04046321	     32.17237895	    -30.95943260	      4.76395403	     15.95288090	    -38.22237286	      9.51426189	     53.18974411	     -4.63063858	     -5.08010333	    -82.63610679	     -0.04787662	    -85.75576454	     -0.04777513	   -133.94864263	   -142.39086387	     24.81051739	     35.31923155	     -0.01338502	     -0.01292517
      2.69000000	     16.98521030	     23.48669186	    -11.83093660	    -48.61244368	     -4.39170484	    -46.58577003	     28.26602589	    -31.48648468	      4.95093492	     15.42950673	    -41.96122937	     10.01663371	     45.83991765	     -3.52217724	     -5.63144914	    -72.56179522	     -0.04969540	    -75.96571348	     -0.04912904	   -126.42715644	   -133.27590429	     22.96150540	     32.57541672	     -0.01676607	     -0.01824423
      2.69500000	      7.48723878	     23.30780283	    -12.85167877	    -56.16882714	     23.60365300	    -49.91683590	     23.82611174	    -31.67629975	      5.00763461	     15.08817032	    -44.28884991	     10.06747125	     38.68316186	     -2.48505093	     -6.04068412	    -62.32821857	     -0.05152455	    -66.63128793	     -0.05054342	   -118.42106782	   -123.91176132	     20.91262486	     29.86337519	     -0.02032911	     -0.02368295
      2.70000000	      0.18063604	     23.92623347	    -13.69922315	    -62.03077457	     50.51797070	    -52.97133055	     21.01728668	    -30.79804619	      4.75608685	     14.74219941	    -45.83678678	      9.84090121	     31.85424354	     -1.54399362	     -6.29254012	    -53.16294308	     -0.05333125	    -57.65728633	     -0.05197843	   -110.09613425	   -114.11695846	     19.18738656	     26.97391883	     -0.02403005	     -0.02913932
      2.70500000	     -7.14428929	     25.08758771	    -14.61075081	    -68.00488410	     80.24360664	    -55.63195610	     17.89192747	    -29.31947216	      4.37645286	     14.36554334	    -47.24589519	      9.47093664	     25.46162493	     -0.71475085	     -6.37549640	    -44.12187739	     -0.05437532	    -49.06676782	     -0.05337218	   -101.43871356	   -103.71410198	     17.37054900	     23.65316937	     -0.02784043	     -0.03450748
      2.71000000	    -13.54348020	     26.35372221	    -15.45585986	    -73.75077288	    107.40377942	    -57.71250563	     14.85405486	    -27.21876492	      3.89068562	     14.12763983	    -47.94112406	      8.86539652	     19.58276452	     -0.00236969	     -6.28211615	    -35.75754671	     -0.05448578	    -41.24660202	     -0.05380724	    -92.56789999	    -93.24622937	     15.50869944	     20.27230031	     -0.03169060	     -0.03971817
      2.71500000	    -19.22561100	     27.84620659	    -16.03022914	    -78.89782747	    131.93775796	    -59.25501657	     12.12457462	    -24.42294300	      3.32954141	     13.61083845	    -48.09719705	      8.09981672	     14.26170114	      0.59953059	     -6.00934094	    -27.92333926	     -0.05376061	    -34.10765412	     -0.05309297	    -83.86513653	    -83.00123229	     14.02174531	     17.00652968	     -0.03551323	     -0.04464846
      2.72000000	    -23.37706569	     27.59349862	    -16.04182776	    -82.45257560	    153.46180182	    -58.91613671	      9.60472738	    -22.16368478	      2.84018604	     13.35854394	    -46.91305620	      7.09811331	      9.50913586	      1.10833997	     -5.55872534	    -21.02751324	     -0.05224108	    -27.73617428	     -0.05139638	    -75.07197690	    -73.30854679	     12.25740641	     14.20186003	     -0.03924322	     -0.04919503
      2.72500000	    -27.46757633	     28.23856879	    -16.09752229	    -85.33493866	    172.88193940	    -58.74301516	      6.63524579	    -19.86563683	      2.37692485	     13.20072467	    -46.45833134	      6.14614996	      5.30502499	      1.55086616	     -4.93660678	    -14.43236878	     -0.05000553	    -22.43344309	     -0.04881695	    -66.71463271	    -63.80932664	     10.48482941	     11.16132002	     -0.04281455	     -0.05327585
      2.73000000	    -29.37092130	     28.60550017	    -15.58838561	    -85.86513082	    183.64576949	    -57.05051403	      4.95999232	    -17.21015443	      1.89671509	     13.01378037	    -44.85357364	      5.05265445	      1.60346783	      1.96068807	     -4.15421588	     -9.32147576	     -0.04769603	    -17.86703558	     -0.04557687	    -58.87802825	    -55.22179745	      9.12896455	      8.49919077	     -0.04618355	     -0.05682965
      2.73500000	    -29.89143029	     28.44786503	    -14.71967194	    -84.10835947	    191.14772335	    -55.04113649	      3.72272567	    -14.68429515	      1.45911325	     13.16995770	    -42.65711220	      3.94164691	     -1.66058231	      2.37470411	     -3.22772161	     -5.02242087	     -0.04541283	    -14.26742262	     -0.04264730	    -51.27798293	    -47.29222409	      7.68209688	      6.34271904	     -0.04927540	     -0.05984436
      2.74000000	    -30.09800928	     28.82698232	    -13.69681516	    -80.31673177	    196.04013216	    -52.34386344	      2.50569929	    -12.10131506	      1.07822485	     13.37919590	    -40.57043147	      2.85892397	     -4.56346778	      2.82922336	     -2.17817030	     -1.28648394	     -0.04303221	    -11.30921812	     -0.03960883	    -44.34789346	    -39.96453932	      6.46674290	      4.23286964	     -0.05202223	     -0.06224972
      2.74500000	    -29.36304339	     29.32494515	    -12.34724889	    -74.07361525	    196.88031922	    -49.37882078	      1.96892565	     -9.63609922	      0.75159099	     13.55889321	    -38.25584681	      1.84057858	     -7.18465585	      3.35599483	     -1.03125219	      1.53719799	     -0.04059056	     -8.94459631	     -0.03652132	    -38.04891053	    -33.33782955	      5.29364875	      2.60630211	     -0.05437383	     -0.06403871
      2.75000000	    -26.85323930	     30.03362652	    -11.03326594	    -64.43214697	    195.58320328	    -46.46794041	      1.94212861	     -7.38594481	      0.48739487	     14.82570362	    -36.07365490	      0.88805348	     -9.59910570	      3.97857609	      0.18315835	      3.49995594	     -0.03810271	     -7.77164363	     -0.03342046	    -31.84362511	    -27.42381577	      4.30042230	      1.22866133	     -0.05629059	     -0.06522526
      2.75500000	    -24.90426109	     31.76907688	     -9.77045051	    -52.94295043	    193.49020619	    -43.72734171	      1.71048494	     -4.87012534	      0.27779000	     15.97004675	    -34.39181262	     -0.02338815	    -11.87093897	      4.70939756	      1.43171579	      5.27714028	     -0.03526455	     -6.99173216	     -0.03024173	    -26.36458316	    -22.16695817	      3.67869028	     -0.07829145	     -0.05777483	     -0.06585318
      2.76000000	    -23.79762293	     32.46412658	     -7.94861344	    -40.31912090	    189.01953207	    -40.15023575	      1.56078951	     -3.20087629	      0.11580945	     16.18830700	    -32.44691239	     -0.83771477	    -14.04896596	      5.54778417	      2.67858219	      6.58079312	     -0.03220284	     -6.03862973	     -0.02676235	    -21.55805886	    -17.77551644	      2.98870730	     -0.86019367	     -0.05879806	     -0.06600010
      2.76500000	    -22.99381277	     34.53561303	     -6.03195277	    -25.77999053	    185.44572571	    -37.07306702	      1.98842827	     -1.93760554	     -0.02178752	     15.94740428	    -31.79611365	     -1.71351546	    -16.16434421	      6.47908918	      3.88666028	      7.18535703	     -0.02927986	     -5.29810623	     -0.02352475	    -17.27400114	    -13.79602403	      2.43105723	     -1.73948613	     -0.05933695	     -0.06566546
      2.77000000	    -22.87488937	     36.21819446	     -3.82426882	    -10.44618076	    180.02077454	    -33.91750088	      2.40193779	     -0.87974859	     -0.13125338	     15.18809095	    -30.84473983	     -2.66509617	    -18.23035412	      7.47500208	      5.01902547	      7.45644923	     -0.02659184	     -4.43175987	     -0.02063030	    -13.46650337	    -10.65010679	      1.92041209	     -2.16351807	     -0.05940778	     -0.06491279
      2.77500000	    -24.11022986	     38.16042994	     -1.63830629	      5.09935118	    175.00500832	    -31.25641255	      1.79402366	     -0.66795307	     -0.25015863	     14.45579858	    -31.05748728	     -3.88223291	    -20.24401554	      8.49500699	      6.04046592	      8.04504246	     -0.02419742	     -4.05675104	     -0.01812945	    -10.36036015	     -7.85105231	      1.37719909	     -2.68717972	     -0.05904018	     -0.06380667
      2.78000000	    -24.83922549	     40.20103121	      0.56667758	     21.46846805	    167.79870019	    -29.14319719	      1.60545558	     -0.05602613	     -0.37106381	     13.91092005	    -30.92928432	     -5.22967327	    -22.18909237	      9.48889409	      6.91902736	      8.23829296	     -0.02212344	     -3.99925546	     -0.01603332	     -7.59518862	     -5.49815038	      1.17423152	     -2.97595206	     -0.05827417	     -0.06240782
      2.78500000	    -24.81994417	     41.99665309	      2.86257234	     38.67023089	    158.45208921	    -27.75965587	      2.18709137	      0.35382746	     -0.48375350	     13.32614357	    -30.65321911	     -6.56675882	    -24.03995204	     10.40016986	      7.62745387	      7.93458763	     -0.02038087	     -4.13177662	     -0.01432428	     -5.43386118	     -3.43006188	      0.93144030	     -2.90223341	     -0.05715544	     -0.06076914
      2.79000000	    -24.93960130	     44.02081873	      4.90929117	     55.32144177	    149.09525593	    -27.05251778	      2.85448813	      0.69571239	     -0.61103410	     12.70251788	    -30.81648838	     -7.88355283	    -25.76575676	     11.17016095	      8.14441371	      7.47941717	     -0.01894450	     -4.60598030	     -0.01298035	     -3.67264597	     -1.29793694	      0.79923858	     -3.00341468	     -0.05573258	     -0.05893051
      2.79500000	    -22.99388816	     44.81436765	     -1.96927163	     71.90761068	    137.93178036	    -27.22678394	      3.82002398	      0.49519641	     -0.71349044	     13.67080973	    -32.24196350	     -0.74300891	    -27.33453345	     11.74254334	      8.45542770	      6.68782001	     -0.01774510	     -6.24141966	     -0.01191585	     -2.15871114	      1.97272361	      0.40889619	     -3.93587350	     -0.05405563	     -0.05692587
      2.80000000	    -22.93222043	     46.85538527	     -1.37153610	     87.46855163	    122.62060532	    -28.72335252	      5.23452325	      0.86117741	     -0.75396273	     12.25690628	    -33.14212930	     -0.92256208	    -28.71675506	     12.06796425	      8.55347190	      5.71174838	     -0.01674391	     -5.88035215	     -0.01107677	     -1.13581555	      2.38451924	      0.44132639	     -4.45068275	     -0.05216526	     -0.05477413
      2.80500000	    -25.33020091	     49.33017148	     -1.13021993	     98.93862351	    111.32114322	    -30.86398745	      5.53137342	      1.88878739	     -0.70418972	      9.96869921	    -34.26892294	     -1.15825359	    -29.88816923	     12.10839080	      8.43925371	      5.20670952	     -0.01589730	     -5.15223989	     -0.01041396	     -0.06024469	      2.82446711	      0.78176515	     -5.08501803	     -0.05009288	     -0.05248298
      2.81000000	    -28.79075164	     49.10326565	     -1.26754003	    108.60082051	    102.79558209	    -33.45677137	      3.93279149	      1.82078050	     -0.80025440	      8.25716667	    -34.73626558	     -1.28815489	    -30.83173434	     11.84081731	      8.12115946	      5.88286600	     -0.01515969	     -4.63573155	     -0.00988050	      0.12830420	      3.05520058	      0.22534129	     -5.42224618	     -0.04785852	     -0.05005166
      2.81500000	    -30.18809711	     51.27562853	     -1.85726024	    117.77424032	     94.11699509	    -38.71753435	      4.26586895	      3.96308431	     -0.66951824	      6.74760729	    -35.15158132	     -1.37402556	    -31.53862943	     11.25998369	      7.61488564	      5.75620684	     -0.01448676	     -4.26390270	     -0.00943450	      0.23968352	      3.26770968	      0.26812636	     -5.72253966	     -0.04547028	     -0.04747353
      2.82000000	    -31.61007152	     50.28690274	     -1.83112842	    124.29182198	     86.42509822	    -41.58139391	      4.57087101	      4.42830650	     -0.50839987	      4.83594724	    -34.61726518	     -1.43512609	    -32.00838888	     10.37981842	      6.94277950	      5.31970226	     -0.01383851	     -3.52865737	     -0.00904132	      0.33996506	      3.31021633	      0.24223136	     -5.83770676	     -0.04292515	     -0.04473892
      2.82500000	    -34.11033671	     49.47702805	     -2.25152507	    127.20458006	     81.46113479	    -45.87138682	      4.19412921	      5.05109079	     -0.39650618	      2.67797278	    -34.67854908	     -1.53339542	    -32.24828946	      9.23341629	      6.13290191	      5.17783393	     -0.01318173	     -2.75729141	     -0.00867498	      0.42173770	      3.26268462	      0.15692848	     -5.97701075	     -0.04021129	     -0.04183771
      2.83000000	    -36.30243624	     48.65470523	     -3.22613997	    127.51278724	     76.83974672	    -50.28034828	      3.34586282	      5.70599987	     -0.31257174	      1.22102358	    -34.92121631	     -1.56969708	    -32.27217036	      7.87146536	      5.21782868	      5.24411989	     -0.01249187	     -2.43469292	     -0.00831867	      0.35447463	      3.28797430	      0.23850396	     -6.14198333	     -0.03731128	     -0.03876165
      2.83500000	    -38.73390296	     45.47777890	     -4.21304448	    124.76169362	     72.84650407	    -53.62349389	      1.62554589	      5.39313182	     -0.31084030	      0.06847252	    -34.41788860	     -1.53600604	    -32.09888387	      6.35915611	      4.23323924	      5.56017612	     -0.01175377	     -2.10358945	     -0.00796415	      0.29568613	      3.08915048	      0.08684455	     -6.02447940	     -0.03420616	     -0.03550622
      2.84000000	    -40.78767048	     43.49984966	     -5.18437533	    120.06310555	     72.30992767	    -57.02887317	      0.71527952	      5.55879551	     -0.20414001	     -1.31058014	    -34.38059612	     -1.54974581	    -31.75056916	      4.77175346	      3.21635892	      5.45834131	     -0.01096144	     -1.80543894	     -0.00761050	      0.26305152	      3.11319696	      0.08430412	     -6.19612939	     -0.03087975	     -0.03207209
      2.84500000	    -41.94673869	     41.58640107	     -6.36529443	    113.65083117	     71.59806085	    -60.15534328	     -0.06432871	      5.96047573	     -0.07036742	     -2.05219373	    -34.09782875	     -1.49676242	    -31.25092442	      3.18917441	      2.20432725	      5.29164320	     -0.01011703	     -1.80343300	     -0.00726219	      0.19508425	      3.12495633	      0.18181618	     -6.27836676	     -0.02732298	     -0.02846624
      2.85000000	    -44.48642821	     38.88159312	     -7.32136891	    103.84019111	     72.60341331	    -61.93771772	     -1.62009458	      5.55315295	     -0.02223204	     -3.35479351	    -34.00451029	     -1.51457281	    -30.62363812	      1.69005980	      1.23258394	      5.39508989	     -0.00922912	     -1.48845127	     -0.00692694	      0.09573478	      3.05193292	      0.11550900	     -6.39528848	     -0.02353787	     -0.02470280
      2.85500000	    -44.65642043	     37.87450869	     -8.37721643	     94.28185610	     72.75588024	    -63.62121887	     -1.74319796	      5.99685124	      0.18784366	     -3.76395061	    -33.97731156	     -1.46652376	    -29.89112262	      0.34592813	      0.33336986	      4.87206963	     -0.00831076	     -1.69595236	     -0.00661364	     -0.00693672	      3.14461430	      0.39284784	     -6.57189833	     -0.01954090	     -0.02080362
      2.86000000	    -45.20320602	     35.01141868	     -9.00118449	     83.07549986	     75.01783617	    -63.76400887	     -2.38330895	      5.03990151	      0.32199536	     -4.20145128	    -33.70705239	     -1.42096089	    -29.07364875	     -0.78398010	     -0.46557981	      4.36394159	     -0.00737752	     -1.74997728	     -0.00633054	      0.07219780	      3.04139838	      0.17798113	     -6.56836007	     -0.01536534	     -0.01679871
      2.86500000	    -46.35804735	     33.62294032	     -9.81555512	     69.90982602	     75.64228395	    -63.20790131	     -3.46823678	      4.68678726	      0.40623835	     -4.64063154	    -33.81734749	     -1.41465489	    -28.18891498	     -1.65663431	     -1.14208528	      4.26789550	     -0.00644577	     -1.83633879	     -0.00608390	     -0.09728539	      2.98519893	      0.28160544	     -6.65937923	     -0.01106246	     -0.01272640
      2.87000000	    -46.59848037	     32.17338779	    -10.13812756	     57.10604817	     77.87654324	    -61.42701022	     -3.73354025	      4.08797212	      0.55954039	     -5.03493910	    -33.65423329	     -1.40583566	    -27.25202646	     -2.24754948	     -1.68025671	      3.69879500	     -0.00553148	     -1.86726427	     -0.00587718	     -0.10554958	      2.93634028	      0.27344846	     -6.72687404	     -0.00670136	     -0.00863318
      2.87500000	    -46.77432196	     31.80258325	    -10.72257407	     43.82777272	     78.47483489	    -59.70145307	     -4.44861636	      3.64941619	      0.64832137	     -4.87865990	    -34.05859972	     -1.40000546	    -26.27581388	     -2.55135763	     -2.07088474	      3.46324830	     -0.00464940	     -2.21041284	     -0.00571079	     -0.21613263	      2.86534087	      0.31982127	     -6.77399572	     -0.00236733	     -0.00457319
      2.88000000	    -46.39799334	     31.59632153	    -10.99649592	     31.31022713	     80.22890179	    -56.89380001	     -4.79335034	      2.89381202	      0.75033652	     -4.55495424	    -34.50136514	     -1.40040585	    -25.27137674	     -2.58066682	     -2.31147289	      3.02222833	     -0.00381273	     -2.62529499	     -0.00558218	     -0.24467802	      2.87288296	      0.27895688	     -6.87220979	      0.00184109	     -0.00060717
      2.88500000	    -46.26194560	     31.89882011	    -11.09909688	     18.97819538	     81.75225981	    -53.58902405	     -5.20331619	      2.20976733	      0.82089229	     -4.37019568	    -35.06859188	     -1.44012818	    -24.24870727	     -2.36347087	     -2.40588791	      2.69935162	     -0.00303308	     -2.91934326	     -0.00548642	     -0.29484822	      2.85470763	      0.24456601	     -6.98074931	      0.00581621	      0.00319907
      2.89000000	    -44.88848145	     32.56701223	    -11.16690049	      8.17347266	     79.85345345	    -50.16766542	     -5.18761882	      1.84918068	      0.91144416	     -3.62269674	    -35.28924757	     -1.42350880	    -23.21726883	     -1.93952517	     -2.36363372	      2.29090518	     -0.00232066	     -3.36513155	     -0.00541681	     -0.37899069	      2.71720748	      0.35632269	     -6.86522951	      0.00944625	      0.00677657
      2.89500000	    -44.35677717	     33.37248828	    -10.91791248	     -2.10480686	     79.93678195	    -46.38628737	     -5.38948199	      0.91074245	      0.94505225	     -3.38548665	    -36.12282525	     -1.50783162	    -22.18644018	     -1.35616941	     -2.19881557	      1.96407922	     -0.00168449	     -3.58833584	     -0.00536564	     -0.38722382	      2.62795089	      0.25689593	     -6.93053770	      0.01262079	      0.01005563
      2.90000000	    -42.81634319	     35.80645911	    -10.98086762	    -10.19108782	     79.26340099	    -43.35525539	     -5.19158586	      0.80914928	      0.99781216	     -2.49490072	    -37.27759363	     -1.56275317	    -21.16575047	     -0.66408277	     -1.92889376	      1.66387043	     -0.00113263	     -4.22737875	     -0.00532489	     -0.46292916	      2.74533248	      0.39160764	     -7.11655432	      0.01523635	      0.01296820
      2.90500000	    -41.42573079	     37.07658879	    -10.84313857	    -17.16343856	     76.66049527	    -40.13970932	     -5.41138468	      0.24901144	      0.97333169	     -1.63114829	    -37.95549571	     -1.59928170	    -20.16485140	      0.08660125	     -1.57335084	      1.58622890	     -0.00067230	     -4.65169215	     -0.00528675	     -0.50909798	      2.62358922	      0.35733645	     -7.03332201	      0.01720158	      0.01545039
      2.91000000	    -40.00887003	     38.35364070	    -10.44997663	    -22.33473788	     75.09298292	    -37.14429917	     -5.32845985	     -0.45316024	      0.95121678	     -1.06936729	    -38.74739134	     -1.67664088	    -19.19323110	      0.84951483	     -1.15243370	      1.38951049	     -0.00030995	     -4.90327721	     -0.00524414	     -0.45388500	      2.54404399	      0.23075496	     -7.03137770	      0.01844173	      0.01744455
      2.91500000	    -38.30848459	     40.12803012	    -10.18149281	    -25.73924316	     71.89237202	    -34.53818574	     -5.19520925	     -0.86853703	      0.90946718	     -0.35413893	    -39.62929359	     -1.74505617	    -18.25972548	      1.58443025	     -0.68611508	      1.32234633	     -0.00005119	     -5.24075305	     -0.00519098	     -0.50077016	      2.54900651	      0.28373350	     -7.07943895	      0.01890202	      0.01890108
      2.92000000	    -36.57564365	     42.05113255	     -9.97435677	    -27.44054039	     68.36903820	    -33.08590692	     -5.05320760	     -1.12954813	      0.84476334	      0.32509260	    -40.66549826	     -1.82196922	    -17.37191812	      2.25870738	     -0.19334076	      1.34302902	      0.00009925	     -5.53042982	     -0.00512245	     -0.49540491	      2.50999377	      0.28483389	     -7.10062391	      0.01854975	      0.01977955
      2.92500000	    -34.62317153	     43.92299846	     -9.81409582	    -27.32385182	     64.46622171	    -31.94420293	     -4.85750436	     -1.27397523	      0.76410324	      1.07961141	    -41.57709085	     -1.87474632	    -16.53556550	      2.84783447	      0.30844183	      1.43803511	      0.00013764	     -5.84783833	     -0.00503521	     -0.52306919	      2.56171297	      0.36263212	     -7.15786847	      0.01737524	      0.02004937
      2.93000000	    -32.56828252	     45.36259258	     -9.59225508	    -25.60572762	     60.27005745	    -31.91647171	     -4.60247037	     -1.72677681	      0.66883006	      1.74536806	    -42.66935116	     -1.93341986	    -15.75420681	      3.33517722	      0.80352032	      1.49791070	      0.00006137	     -6.07804023	     -0.00492761	     -0.43274623	      2.49405059	      0.27485954	     -7.13131945	      0.01539146	      0.01968999
      2.93500000	    -30.62417422	     47.12024517	     -9.61117248	    -22.68321959	     55.62170668	    -32.46206018	     -4.51012012	     -1.76416686	      0.54176765	      2.46696074	    -43.73990218	     -1.96711538	    -15.02907350	      3.71111082	      1.27799636	      1.79626909	     -0.00013104	     -6.35704989	     -0.00479992	     -0.45418913	      2.54292177	      0.35770738	     -7.17777093	      0.01263266	      0.01869075
      2.94000000	    -28.77822242	     47.27911435	     -9.33173967	    -18.66848220	     51.19899410	    -32.93583554	     -4.51900504	     -2.37105261	      0.38814857	      2.96529134	    -44.20407630	     -1.96863545	    -14.35933464	      3.97175023	      1.71978334	      2.09581572	     -0.00043990	     -6.37505675	     -0.00465464	     -0.36866921	      2.43694562	      0.23763239	     -7.02623396	      0.00915229	      0.01705053
      2.94500000	    -27.01177144	     48.42168999	     -9.24142389	    -13.66260229	     48.00460012	    -34.29632030	     -4.23411690	     -2.46272048	      0.25703687	      3.26726915	    -45.08394125	     -1.99109678	    -13.74264789	      4.11752339	      2.11855893	      2.37737304	     -0.00086443	     -6.40031318	     -0.00449683	     -0.33249663	      2.54786990	      0.29664536	     -7.12762093	      0.00502026	      0.01477739
      2.95000000	    -24.95014341	     49.02131042	     -9.26248255	     -7.56991641	     46.03919539	    -36.49328243	     -4.03247227	     -3.02552964	      0.10780245	      3.89115904	    -46.20907207	     -1.96704879	    -13.17592520	      4.15181618	      2.46566598	      2.65224560	     -0.00140295	     -6.62121731	     -0.00433438	     -0.18506670	      2.66034937	      0.15089287	     -7.20371807	      0.00032015	      0.01188823
      2.95500000	    -22.84983369	     48.42286864	     -9.06165064	     -1.37696364	     41.76462973	    -38.07254055	     -3.74253977	     -3.35970890	     -0.03724180	      4.24372375	    -46.11087599	     -1.88365316	    -12.65615598	      4.07984282	      2.75395928	      2.97014374	     -0.00205314	     -6.47123560	     -0.00417837	     -0.15462507	      2.56321339	      0.20809873	     -6.96763682	     -0.00485374	      0.00840864
      2.96000000	    -20.64387689	     48.53641951	     -9.18270061	      5.40895879	     40.57382758	    -41.11507394	     -3.35137353	     -3.80953401	     -0.17510392	      4.83614509	    -46.98126984	     -1.79778552	    -12.18110931	      3.90781925	      2.97762117	      3.22284711	     -0.00281244	     -6.61751782	     -0.00404323	     -0.02347692	      2.63275141	      0.12792752	     -6.95948676	     -0.01039893	      0.00437281
      2.96500000	    -18.73904759	     48.20436575	     -9.23386545	     12.00663412	     41.52276793	    -43.94508422	     -2.88183203	     -4.08874651	     -0.30693173	      5.16287377	    -47.38280855	     -1.69361437	    -11.74978180	      3.64247446	      3.13197296	      3.47637983	     -0.00367852	     -6.56785752	     -0.00394687	      0.09457530	      2.75963401	      0.08370842	     -6.97639840	     -0.01620712	     -0.00017634
      2.97000000	    -16.58496982	     47.01592071	     -9.18243922	     18.54499991	     43.29549876	    -46.78674798	     -2.23181605	     -4.55826218	     -0.41928363	      5.54328245	    -47.33740570	     -1.54287082	    -11.36249139	      3.29089063	      3.21331302	      3.60986273	     -0.00464977	     -6.44942397	     -0.00391067	      0.24728150	      2.76615858	     -0.00977431	     -6.82552819	     -0.02216624	     -0.00518679
      2.97500000	    -14.84940778	     46.52460727	     -9.41902060	     24.37823276	     47.56873611	    -50.45758066	     -1.55013305	     -4.51620125	     -0.53146693	      5.81411894	    -47.54701401	     -1.39570821	    -11.02052780	      2.86060916	      3.21882813	      3.80344339	     -0.00572583	     -6.31437109	     -0.00395932	      0.35150720	      2.85716088	     -0.01221513	     -6.79957120	     -0.02816253	     -0.01059715
      2.98000000	    -15.40801851	     51.27120438	    -11.26003384	     26.89512381	     34.52978502	    -56.82612761	     -3.15692541	     -0.14126561	     -0.19198528	      6.38861798	    -47.56887147	     -1.19040283	    -10.72533147	      2.35992259	      3.14660905	      6.91611566	     -0.00690804	     -6.30063428	     -0.00412055	     -2.83656090	      2.92484742	      0.94473468	     -6.70089305	     -0.03408292	     -0.01633616
      2.98500000	    -13.00407114	     50.63381387	    -11.79409954	     31.33629143	     38.13091295	    -59.62029297	     -1.66859927	     -0.15756167	     -0.47767099	      6.79781961	    -47.39908438	     -0.98283719	    -10.47727079	      1.79827068	      2.99576431	      6.48182260	     -0.00819975	     -6.17630984	     -0.00442478	     -2.87486870	      3.09371599	      1.10935163	     -6.70403308	     -0.03981789	     -0.02232243
      2.99000000	     -3.55076944	     57.33397290	    -12.45394318	     38.72237650	    -10.82180928	    -62.15975694	      5.51284349	      1.92847126	     -0.46612000	      7.03908066	    -47.45805646	     -0.78738960	    -10.27414497	      1.18662535	      2.76661403	      4.80274987	     -0.00960650	     -5.93643202	     -0.00490462	     -8.86088181	      3.09645337	      1.66914518	     -6.61482193	     -0.04526486	     -0.02846455
      2.99500000	     23.96121804	     58.21891258	     -8.94245377	     66.05070724	    -16.31799237	    -64.32156568	     29.12894839	     -0.21421915	     -0.70882912	      8.32673246	    -46.11613613	     -0.43254939	    -10.10957830	      0.53771778	      2.46094284	     -8.00421598	     -0.01113611	     -6.07696143	     -0.00560562	     -8.50208371	      3.16138716	      1.92014398	     -6.32115065	     -0.05033127	     -0.03466057
      3.00000000	     26.65088156	     51.09552588	     -7.66678292	     71.28489899	     12.96512013	    -66.35664182	     31.90006652	     -3.03580349	     -0.96512556	      8.31822407	    -44.10009106	     -0.21735707	     -9.97152463	     -0.13402225	      2.08227061	     -9.54998896	     -0.01279857	     -5.29225070	     -0.00656642	     -7.64850398	      2.53084298	      1.46305011	     -5.49114558	     -0.05493672	     -0.04080194
      3.00500000	     20.62137634	     41.93285965	     -6.65868322	     64.20869688	     16.13709434	    -63.30148948	     28.05151926	     -6.66309646	     -1.32935368	      6.07672016	    -40.74638026	     -0.26005526	     -9.84112380	     -0.81290027	      1.63608589	     -7.25378677	     -0.01460589	     -2.99306483	     -0.00782487	    -10.01045853	      1.03228275	      1.27178940	     -3.99423763	     -0.05901331	     -0.04677473
      3.01000000	     10.61955578	     27.06890799	     -5.51266489	     49.60784371	    -31.39328262	    -60.59501198	     15.84038637	    -10.22368069	     -1.63425741	      6.01688054	    -34.85298860	     -1.74172404	     -9.69211645	     -1.48278995	      1.12999005	     -0.56176983	     -0.01659361	     -0.38834728	     -0.00941942	    -13.90098706	     -7.60554207	      1.11527838	     -2.65359564	     -0.06250222	     -0.05246325
      3.01500000	      5.87712112	     22.57940433	    -12.59473569	     40.80045511	    -36.79394936	    -61.67926857	     -1.73349171	     -7.68422067	     -1.59452078	     19.61472647	    -30.89627780	     -1.20936465	     -9.49096514	     -2.12830406	      0.57370524	      9.78350871	     -0.01877523	     -7.45054456	     -0.01138502	    -18.61078573	     -8.00179392	      1.78075255	     -2.92871764	     -0.06535454	     -0.05775462
      3.02000000	    -12.30144208	     28.33033194	    -19.03389277	     23.28894631	      7.59288421	    -68.54191474	    -18.81004163	     -0.91930539	     -1.40566351	     23.76152994	    -31.56691884	     -1.98862468	     -9.19774360	     -2.73614928	     -0.02108115	     19.95305291	     -0.02116741	     -9.10070582	     -0.01374954	    -22.22933137	     -6.77927373	      2.75049320	     -3.41266995	     -0.06752478	     -0.06254282
      3.02500000	    -27.11762112	     32.90689330	    -24.75007684	      3.96647860	     23.85886418	    -78.52551479	    -30.32428513	      3.97594495	     -1.33783698	     24.49868608	    -33.54739361	     -1.41852849	     -8.76772154	     -3.29644531	     -0.64102309	     26.55412203	     -0.02378281	     -9.43658834	     -0.01652863	    -25.97861112	     -8.18840542	      3.63598033	     -3.07462219	     -0.06896938	     -0.06673179
      3.03000000	    -32.92827779	     30.05727970	    -24.98085934	     -9.34042078	     16.82637322	    -78.00340464	    -29.55304295	      0.96674524	     -1.49441192	     19.39460886	    -33.77866968	     -0.30678068	     -8.15342856	     -3.80376800	     -1.27153113	     25.17224454	     -0.02662416	     -6.61673735	     -0.01971850	    -31.16084064	    -11.01006888	      4.30754908	     -1.93863090	     -0.06964707	     -0.07023696
      3.03500000	    -27.98528176	     22.39494614	    -20.63306485	    -11.44343261	     17.81176609	    -70.49089236	    -17.77029857	     -7.71904864	     -1.60379965	     12.66325416	    -32.78963117	      0.51206945	     -7.30688805	     -4.25771208	     -1.89724376	     16.59094033	     -0.02967746	     -2.84696942	     -0.02319154	    -35.56082792	    -13.83063663	      4.61296270	     -0.61823826	     -0.06952169	     -0.07299806
      3.04000000	    -22.36039932	     16.39655603	    -15.51176974	    -12.57273610	     24.92871551	    -62.88915541	     -3.72752888	    -16.55780108	     -1.52285115	      4.75282099	    -32.54135671	      1.25249411	     -6.18170421	     -4.66286350	     -2.50249873	      6.58442087	     -0.03290366	      1.22157418	     -0.02672110	    -40.94945728	    -16.06022186	      5.05241396	      0.73619909	     -0.06856712	     -0.07497548
      3.04500000	    -12.35718559	     14.89022862	    -11.49372009	     -9.37858405	     33.49353754	    -58.24910976	     12.05275856	    -23.16545654	     -1.27794738	     -0.24498579	    -33.12822046	      1.91257786	     -4.73479740	     -5.02818717	     -3.07176674	     -4.55579490	     -0.03615707	      3.41696215	     -0.03042504	    -47.01290483	    -17.96951996	      5.99976587	      1.78492448	     -0.06678078	     -0.07609689
      3.05000000	      1.75517836	     15.13405404	     -9.26491107	     -3.66386518	     24.18961092	    -54.63106883	     26.06832602	    -28.98797679	     -0.82943505	     -0.16404212	    -33.84563048	      2.57874592	     -2.92781036	     -5.36593473	     -3.59005414	    -15.40613296	     -0.03909405	      2.40355861	     -0.03426042	    -54.94800450	    -20.98842662	      7.65408648	      3.01422422	     -0.06420399	     -0.07632305
      3.05500000	     12.70929092	     14.34826942	     -8.40369348	     -4.90760233	    -11.60733355	    -53.91620475	     34.47230912	    -34.47095061	     -0.12621715	      1.59993273	    -34.74555998	      3.35764784	     -0.72843952	     -5.69025482	     -4.04330773	    -24.37214846	     -0.04196961	     -0.81497113	     -0.03817137	    -63.73440783	    -27.07919303	      9.04251469	      4.89866130	     -0.06084624	     -0.07562883
      3.06000000	      8.93586555	     16.29827390	    -10.37668308	    -21.38654496	    -55.34239893	    -60.41879573	     31.07471792	    -34.74103774	      0.48486782	      1.78218314	    -36.47847805	      4.21160684	      1.88797235	     -6.01573112	     -4.41884424	    -26.34774176	     -0.04476001	     -4.53582005	     -0.04208217	    -74.44030268	    -35.73617508	     11.11035316	      7.57830908	     -0.05677248	     -0.07400742
      3.06500000	      8.80599375	     16.63027617	    -10.68032275	    -36.56643248	   -110.46744487	    -64.87030775	     31.08780562	    -36.61007675	      1.37120032	      1.15929276	    -37.48806605	      5.00231900	      4.93637726	     -6.35605001	     -4.70581074	    -31.89516198	     -0.04743025	     -8.99128065	     -0.04628325	    -84.62882092	    -45.77674727	     13.19349694	     10.88521870	     -0.05207718	     -0.07150651
      3.07000000	      9.39239232	     15.13882311	    -11.83482688	    -50.59613237	   -168.39062661	    -67.88518537	     27.41969111	    -39.50818199	      2.54453335	      4.20597799	    -38.10516966	      5.70500184	      8.41958272	     -6.72292751	     -4.89566337	    -36.54613806	     -0.04992946	    -16.52322153	     -0.05011123	    -95.09013628	    -56.74565228	     15.04916726	     14.29463366	     -0.04688377	     -0.06815125
      3.07500000	      9.38848394	     19.75723732	    -14.34081198	    -64.69270049	   -222.25547948	    -76.34723696	     24.30556963	    -39.74365586	      3.58320397	      6.97292928	    -41.34574587	      6.80781834	     12.32585715	     -7.12536014	     -4.98261662	    -42.05591812	     -0.05249952	    -24.98962276	     -0.05318218	   -105.38766493	    -67.60362223	     17.31011748	     17.59795410	     -0.04135982	     -0.06400078
      3.08000000	     10.03610543	     23.97852654	    -13.69998109	    -76.79450438	   -263.69880208	    -80.89113152	     27.69167878	    -39.08080723	      4.34547537	      3.98968883	    -42.38017343	      7.64464573	     16.62723736	     -7.56921000	     -4.96400157	    -51.49295250	     -0.05464681	    -30.58301706	     -0.05528361	   -114.80406283	    -77.43789201	     19.80751401	     20.71879450	     -0.03566932	     -0.05915128
      3.08500000	      8.85049060	     22.37256603	     -9.67652279	    -89.04129949	   -291.95308255	    -75.14475130	     32.67901351	    -40.11722016	      5.22272082	     -2.91618130	    -39.62950990	      7.76837430	     21.27916388	     -8.05707077	     -4.84049588	    -62.71862505	     -0.05604181	    -33.83499988	     -0.05624393	   -123.27031768	    -86.08113748	     21.93536310	     23.19860860	     -0.02998896	     -0.05372475
      3.09000000	      8.45212229	     27.06670851	     -8.52926469	    -98.96452696	   -311.35176472	    -76.30939506	     36.30896092	    -36.45374263	      5.37499483	     -6.79472851	    -38.07708630	      7.95445784	     26.22177422	     -8.58832133	     -4.61620801	    -73.07914921	     -0.05660216	    -38.92976286	     -0.05553702	   -130.54587158	    -94.17924361	     24.45635766	     25.59484177	     -0.02451166	     -0.04791485
      3.09500000	     11.01674909	     34.80204681	    -10.51995251	   -102.74726329	   -314.20275116	    -81.77108621	     37.10731232	    -30.07483666	      4.93009756	     -4.56243283	    -36.76666851	      8.05629878	     31.38279336	     -9.15928956	     -4.29860219	    -81.48442911	     -0.05628452	    -47.11018679	     -0.05438170	   -135.92366024	   -101.21277356	     26.56161289	     27.44191584	     -0.01942737	     -0.04182793
      3.10000000	     20.40324603	     40.30354648	    -13.31588021	    -95.39315597	   -302.22985376	    -83.81818231	     38.06369950	    -25.50895817	      4.51375655	      3.32511771	    -34.67833334	      7.85062355	     36.68160196	     -9.76347844	     -3.89826111	    -89.65265943	     -0.05488057	    -57.87576735	     -0.05289296	   -139.72595076	   -107.18181203	     28.45507369	     28.56741720	     -0.01492441	     -0.03563157
      3.10500000	     36.65859067	     39.97519943	    -14.46918020	    -75.74912597	   -271.83028802	    -80.05035699	     41.99533340	    -25.37384019	      4.56042719	     13.61825130	    -31.19334388	      7.15061422	     42.03379639	    -10.39182292	     -3.42848398	    -98.51100004	     -0.05290192	    -69.20096995	     -0.05117544	   -141.67347736	   -112.40647002	     29.32357809	     29.55648340	     -0.01115270	     -0.02949642
      3.11000000	     55.56679261	     33.70105621	    -12.66681349	    -50.15953294	   -229.81841120	    -68.51082456	     49.14619220	    -30.63213265	      5.47558332	     22.27129671	    -27.62054728	      6.28537778	     47.35547714	    -11.03298743	     -2.90471678	   -108.53582394	     -0.05083636	    -79.35679946	     -0.04933588	   -142.26458220	   -116.73538873	     29.61329467	     30.22900259	     -0.00821293	     -0.02358967
      3.11500000	     74.38304238	     23.70202614	     -8.87076954	    -22.27175524	   -181.85226697	    -51.54798131	     57.57404303	    -39.16060194	      7.06606133	     29.00683806	    -24.25753073	      5.32994986	     52.56665175	    -11.67377473	     -2.34384599	   -118.57436421	     -0.04874876	    -88.25800341	     -0.04721461	   -142.22061611	   -120.34530254	     29.47991058	     30.48223225	     -0.00617645	     -0.01807036
      3.12000000	     88.66994826	     11.90736032	     -4.90755393	      0.75510361	   -136.70887150	    -32.86443148	     62.56802514	    -48.44160857	      9.12667215	     34.71691409	    -21.09336815	      4.33535768	     57.59339829	    -12.29972590	     -1.76343238	   -126.58409634	     -0.04669355	    -96.78386136	     -0.04462746	   -141.90169676	   -123.71322562	     29.04251804	     31.01114903	     -0.00506356	     -0.01305390
      3.12500000	     96.44476152	      2.20452476	     -1.71728245	     16.47063803	   -101.17697784	    -16.58827813	     63.96152154	    -55.49051052	     10.92640598	     38.25442124	    -18.74263858	      3.50180671	     62.36870983	    -12.89592739	     -1.18096905	   -132.50832913	     -0.04471699	   -104.25014873	     -0.04172943	   -142.19968961	   -127.54802023	     28.64934296	     31.58796148	     -0.00484004	     -0.00864150
      3.13000000	    101.38617462	     -1.73736357	     -0.13559449	     27.81942505	    -77.58480223	     -4.81247426	     64.56159634	    -58.58737048	     11.83015834	     40.78300033	    -17.70422079	      3.00528115	     66.83221832	    -13.44795684	     -0.61322842	   -138.04407095	     -0.04285756	   -111.30535038	     -0.03869087	   -143.49245690	   -130.90522798	     29.20519755	     31.76967239	     -0.00542130	     -0.00490158
      3.13500000	    105.22006021	     -3.35952104	      0.71206084	     36.55937907	    -64.42537597	      3.61220803	     65.02492290	    -60.17965423	     12.29437391	     42.70009866	    -17.29141986	      2.71807905	     70.92920031	    -13.94283850	     -0.07574961	   -143.56313120	     -0.04093026	   -118.38194159	     -0.03568369	   -145.05536038	   -134.29181679	     29.80334811	     32.22566378	     -0.00667750	     -0.00186734
      3.14000000	    107.18452107	     -4.69424375	      1.94934682	     41.68975563	    -58.94975865	      9.80116417	     66.06693908	    -61.70550459	     12.61738878	     42.45405495	    -17.44093863	      2.65932328	     74.60930559	    -14.36986001	      0.41749521	   -149.43249673	     -0.03895823	   -124.63599287	     -0.03286870	   -146.15024511	   -138.08543996	     29.87688585	     33.09142579	     -0.00844887	      0.00046329
      3.14500000	    107.36557057	     -1.51709071	      2.36568401	     43.60994542	    -64.35150752	     12.78581836	     67.61447443	    -60.80650925	     12.23162054	     40.82146437	    -18.99966584	      3.09317769	     77.82540578	    -14.72112440	      0.85425252	   -155.82502641	     -0.03703915	   -129.99416240	     -0.03039475	   -148.33012271	   -141.63198820	     30.90382330	     33.55813009	     -0.01056164	      0.00212375
      3.15000000	    107.20955569	      2.79688290	      2.25142456	     43.51617976	    -78.17022462	     13.14722186	     69.20308576	    -59.31367580	     11.59794597	     39.07194209	    -20.90640491	      3.72740001	     80.53293434	    -14.99176317	      1.22399785	   -162.43921953	     -0.03526113	   -135.36026291	     -0.02845447	   -150.40107633	   -145.39059371	     31.74640247	     34.29584883	     -0.01283821	      0.00318053
      3.15500000	    105.69869105	      8.74802896	      1.12784017	     40.37826364	   -101.27355670	     11.25949721	     69.35711756	    -56.94764579	     10.75810094	     37.82470026	    -23.38815605	      4.63936541	     82.69001350	    -15.17979717	      1.51786613	   -168.58492759	     -0.03369812	   -140.97193735	     -0.02708944	   -152.98766821	   -149.06269762	     32.59843581	     34.94752932	     -0.01510696	      0.00372056
      3.16000000	    101.79327630	     15.50417824	     -0.83650948	     32.90665905	   -128.02109117	      7.06897547	     67.67751897	    -53.09326284	      9.57225512	     36.64809033	    -25.56072652	      5.51874681	     84.25846973	    -15.28569226	      1.72857222	   -173.68401090	     -0.03240712	   -146.14503842	     -0.02630152	   -154.98978723	   -152.82034837	     33.33534943	     35.81877274	     -0.01721029	      0.00384516
      3.16500000	     94.94476474	     21.92425945	     -3.06446922	     21.24969087	   -155.64054938	      2.67135428	     63.91410444	    -48.62758861	      8.33481012	     35.18835906	    -27.48971681	      6.35869509	     85.20560319	    -15.31172135	      1.85039359	   -177.13961692	     -0.03142700	   -150.61341705	     -0.02607241	   -156.86834685	   -156.16700946	     33.90371047	     36.50593150	     -0.01901098	      0.00366293
      3.17000000	     86.13421789	     27.17940190	     -5.15819925	      6.05429810	   -186.22858950	     -1.51272149	     59.04249992	    -43.91633827	      7.12750003	     33.15497615	    -28.66198423	      6.97773410	     85.50638819	    -15.26128905	      1.87925601	   -179.58165812	     -0.03077892	   -154.23910352	     -0.02636579	   -158.42196759	   -159.53257413	     34.39595985	     37.52322220	     -0.02039723	      0.00328067
      3.17500000	     76.66437041	     30.70113847	     -6.52991570	     -9.34943581	   -214.12169822	     -3.52708044	     54.34029029	    -39.71400127	      6.11409585	     30.42758456	    -29.13918647	      7.34997403	     85.14566836	    -15.13836916	      1.81291621	   -181.01537824	     -0.03046805	   -156.29192081	     -0.02713038	   -159.93461074	   -162.51667060	     34.93220326	     38.36984330	     -0.02128666	      0.00279400
      3.18000000	     67.92688610	     30.56965906	     -6.55290455	    -23.61310313	   -236.35295970	     -2.75697665	     50.66438239	    -37.09821080	      5.59250919	     27.16356549	    -28.46469833	      7.32238469	     84.11990221	    -14.94715844	      1.65121407	   -181.30560259	     -0.03048600	   -157.21138494	     -0.02830364	   -160.56618841	   -165.13834869	     35.16213198	     39.35439648	     -0.02162950	      0.00227833
      3.18500000	     61.57725765	     28.57620772	     -5.60548129	    -33.00048853	   -246.38598743	     -0.78623317	     49.29466276	    -36.03021655	      5.42747477	     23.94087192	    -27.74731639	      7.30642963	     82.43813696	    -14.69198739	      1.39634648	   -180.39971869	     -0.03081372	   -156.63460710	     -0.02981616	   -160.50722740	   -166.83094110	     35.11311465	     39.97973492	     -0.02141083	      0.00178158
      3.19000000	     58.46040525	     23.93918863	     -3.54319537	    -35.71552403	   -240.42907718	      3.54319063	     50.28848459	    -37.27186332	      5.87729879	     21.36576342	    -27.02970913	      7.31182423	     80.12209416	    -14.37746666	      1.05307208	   -178.00592809	     -0.03142405	   -154.63142528	     -0.03159627	   -159.60191147	   -167.39255081	     34.82529596	     40.07776423	     -0.02065201	      0.00131965
      3.19500000	     59.24646919	     16.49235506	     -1.04595216	    -32.83912515	   -227.53472681	      8.83880347	     52.80655232	    -39.77095582	      6.62221136	     20.54337220	    -24.91665377	      6.82429317	     77.20544010	    -14.00878775	      0.62876089	   -174.47652586	     -0.03228379	   -152.28442087	     -0.03357473	   -157.80226116	   -167.53262171	     34.25149531	     40.56307739	     -0.01941086	      0.00087530
      3.20000000	     59.51896050	      8.59285827	      1.23167473	    -29.75556264	   -207.46104061	     14.07274301	     54.54275360	    -42.65075109	      7.54215144	     20.28503401	    -23.03379981	      6.43115892	     73.73242801	    -13.59205494	      0.13327264	   -169.30831142	     -0.03335488	   -148.64128029	     -0.03568889	   -155.32690030	   -166.69074920	     33.39782588	     40.54406146	     -0.01778043	      0.00040073
      3.20500000	     58.82628991	      0.97493664	      3.05085676	    -27.34497975	   -184.43520775	     18.14694314	     55.25961564	    -45.67572094	      8.54067419	     20.36978567	    -21.61157908	      6.21876011	     69.75616464	    -13.13452944	     -0.42130912	   -162.83164005	     -0.03459464	   -143.73793110	     -0.03788614	   -152.68833435	   -165.06793389	     32.33514204	     40.38979180	     -0.01588597	     -0.00017614
      3.21000000	     56.99809407	     -4.55568619	      3.85075043	    -26.31856996	   -158.72628737	     19.95956205	     54.91900471	    -47.93276408	      9.35484201	     20.98843021	    -21.30618968	      6.38415507	     65.33678457	    -12.64472474	     -1.02106839	   -155.23633241	     -0.03595533	   -137.85350491	     -0.04012521	   -149.68725119	   -162.33501131	     31.42795394	     39.69983173	     -0.01388001	     -0.00094260
      3.21500000	     54.68071025	     -8.57309529	      3.80436846	    -25.78014026	   -130.16532314	     18.78287706	     53.79114877	    -50.12949185	     10.11728767	     22.28948563	    -22.36778437	      6.96377300	     60.53977854	    -12.13236500	     -1.65074782	   -146.46434183	     -0.03738327	   -131.58288106	     -0.04226298	   -146.18308852	   -158.59279650	     30.21353949	     38.64717414	     -0.01193511	     -0.00199484
      3.22000000	     51.75528548	     -9.11293372	      2.62325166	    -26.04302255	   -100.18302854	     13.61963665	     52.55634203	    -50.91798278	     10.41653420	     23.75467478	    -25.04395656	      7.97257543	     55.43464175	    -11.60825517	     -2.29431340	   -137.17404885	     -0.03881813	   -124.59556550	     -0.04419111	   -142.20813003	   -153.84213069	     29.16693427	     37.02458686	     -0.01023441	     -0.00341934
      3.22500000	     47.63681101	     -8.55580680	      1.16846685	    -28.27646442	    -72.21209972	      6.05495333	     50.95677302	    -50.93909227	     10.45590561	     24.59055915	    -28.21702829	      9.02348444	     50.09392578	    -11.08411060	     -2.93560505	   -127.24586344	     -0.04019294	   -117.14701502	     -0.04583628	   -137.83865134	   -148.54308522	     28.05879100	     35.42886525	     -0.00895985	     -0.00529179
      3.23000000	     41.99202758	     -6.05045909	     -0.78515931	    -32.50176282	    -43.11253947	     -3.73592986	     48.90166009	    -50.10408175	     10.22174284	     24.80019260	    -32.44321998	     10.23552355	     44.59265141	    -10.57237376	     -3.55907490	   -116.90165058	     -0.04143538	   -109.09014108	     -0.04713244	   -132.82948196	   -142.12201007	     26.70050772	     33.24464230	     -0.00827829	     -0.00766857
      3.23500000	     34.92976618	     -3.43936079	     -2.61788009	    -38.32090638	    -15.97041409	    -14.67925635	     46.48695763	    -48.38091249	      9.74040477	     23.88836216	    -36.32254853	     11.19327658	     39.00788673	    -10.08599886	     -4.15051692	   -106.01622518	     -0.04270960	   -100.42272135	     -0.04802235	   -127.29339504	   -135.66934177	     25.32644947	     31.24509631	     -0.00833036	     -0.01058149
      3.24000000	     27.17216567	      0.08207629	     -4.75483943	    -45.77039689	      6.10742046	    -26.26004735	     43.57019904	    -46.02830823	      9.11755114	     22.68521211	    -40.40437970	     12.02710846	     33.41822065	     -9.63812089	     -4.69762029	    -95.27225864	     -0.04420178	    -91.89442456	     -0.04845990	   -121.43900259	   -128.59267917	     23.94082953	     29.05226407	     -0.00920675	     -0.01403440
      3.24500000	     17.95237531	      3.69505179	     -6.95893262	    -54.39761005	     31.43305473	    -38.14355492	     39.81976480	    -43.13835528	      8.39278647	     20.88678450	    -44.43426047	     12.66235493	     27.90285355	     -9.24152432	     -5.19021189	    -83.95916042	     -0.04591318	    -83.10699293	     -0.04849718	   -114.61648117	   -120.84072944	     22.30181366	     26.60131200	     -0.01094638	     -0.01800711
      3.25000000	      8.62362109	      7.08857126	     -9.07923947	    -62.88043098	     53.46392743	    -49.58853041	     35.93879184	    -39.38235734	      7.47788919	     18.66330161	    -47.39812994	     12.85218870	     22.54004170	     -8.90791923	     -5.62015138	    -72.85850343	     -0.04783764	    -74.19025679	     -0.04859064	   -107.45206332	   -113.06672439	     20.62437998	     24.25226093	     -0.01353425	     -0.02245201
      3.25500000	     -1.73188981	     11.27440925	    -11.52735776	    -72.15118414	     75.50870740	    -60.85810837	     31.24036166	    -34.19500191	      6.37347956	     16.13577473	    -49.71314288	     12.73951339	     17.40475071	     -8.64709948	     -5.98094328	    -61.60024006	     -0.04994740	    -65.23932718	     -0.04881561	    -99.86401967	   -104.75394336	     19.09170655	     21.72901279	     -0.01690498	     -0.02728063
      3.26000000	    -11.23684379	     15.63159415	    -13.97001966	    -79.55469702	     97.20640006	    -71.75088610	     26.81375346	    -28.44360310	      5.19011970	     13.69131502	    -51.42544491	     12.35421834	     12.56560023	     -8.46603483	     -6.26719661	    -50.71236172	     -0.05197689	    -56.61796881	     -0.04918774	    -92.07660264	    -96.20668820	     17.48440030	     19.17281968	     -0.02095828	     -0.03238939
      3.26500000	    -19.21650545	     20.09108566	    -16.25910081	    -84.45972735	    121.14749485	    -81.82471158	     23.25683612	    -22.40726848	      3.98113797	     11.41927825	    -52.59608879	     11.72607551	      8.08139581	     -8.36792025	     -6.47408475	    -40.78836305	     -0.05283289	    -48.33705953	     -0.04969065	    -83.57017635	    -87.28739227	     15.67820920	     16.40321461	     -0.02557163	     -0.03765694
      3.27000000	    -26.27218804	     24.85773507	    -18.68143345	    -87.61437949	    140.84304418	    -91.06745180	     19.45059226	    -15.65059751	      2.81284763	      9.66722054	    -53.09414578	     10.84880892	      3.99769118	     -8.35122440	     -6.59693281	    -31.22123017	     -0.05277776	    -40.78227802	     -0.04964456	    -75.43567239	    -78.69541317	     14.25135542	     13.80418582	     -0.03054930	     -0.04298252
      3.27500000	    -33.11464891	     28.59326720	    -20.64438372	    -89.91324011	    160.39785945	    -98.36473260	     15.57478664	     -9.24600569	      1.80835022	      7.60192157	    -52.79130750	      9.78814244	      0.34389441	     -8.40881446	     -6.63100327	    -22.40770659	     -0.05181323	    -33.47575234	     -0.04841509	    -67.08715090	    -70.15813284	     12.60886097	     11.33786308	     -0.03570305	     -0.04822466
      3.28000000	    -36.40600405	     32.10767231	    -22.26338666	    -88.17806288	    174.34665639	   -103.62386945	     13.09345298	     -2.53517199	      0.88995737	      6.72566870	    -51.23499439	      8.48762829	     -2.86860836	     -8.52727866	     -6.57150529	    -15.03957137	     -0.04999259	    -27.30272650	     -0.04635593	    -59.19233789	    -61.87088393	     11.43126250	      9.08447200	     -0.04083849	     -0.05321534
      3.28500000	    -38.42689235	     35.22135167	    -23.54555390	    -84.12811461	    186.35247748	   -107.34083294	     10.80045879	      3.54216612	      0.18085245	      6.29936593	    -49.57420653	      7.16084202	     -5.64697032	     -8.68661201	     -6.41383668	     -8.50546916	     -0.04795775	    -22.00124132	     -0.04356139	    -51.68870591	    -53.85062951	     10.09304516	      6.72504637	     -0.04578712	     -0.05781765
      3.29000000	    -39.32048435	     36.37103800	    -24.21562821	    -78.33453465	    194.64579557	   -108.00335898	      8.16131825	      8.84119843	     -0.28216995	      6.54881211	    -46.50912794	      5.71455497	     -8.01588364	     -8.86044144	     -6.15405406	     -2.59205134	     -0.04605427	    -17.41253552	     -0.04029016	    -44.78978586	    -46.43003870	      8.90554883	      4.93775866	     -0.05036723	     -0.06191508
      3.29500000	    -37.80553037	     37.90195040	    -24.31713570	    -69.85624414	    200.08025345	   -106.92628414	      7.19068706	     13.24573374	     -0.58459899	      7.08553654	    -43.93449787	      4.36624953	    -10.01511001	     -9.01692872	     -5.78954064	      1.41212920	     -0.04401699	    -13.71731122	     -0.03756993	    -38.06181490	    -39.18915295	      7.88175488	      2.94228991	     -0.05440683	     -0.06544072
      3.30000000	    -33.94014291	     37.77277587	    -23.87102324	    -58.10800504	    201.93867558	   -103.62494903	      6.28622963	     16.10183655	     -0.65839542	      9.19378248	    -40.92238881	      3.03218892	    -11.69579942	     -9.12040578	     -5.31980862	      4.68718083	     -0.04187539	    -11.38186492	     -0.03485381	    -32.14419460	    -32.65009110	      6.92021577	      1.48629465	     -0.05778195	     -0.06825703
      3.30500000	    -29.83079582	     35.98945130	    -22.79036852	    -45.92229548	    200.48043306	    -97.88571299	      5.10794712	     17.42187889	     -0.59960712	     11.47746405	    -37.61506771	      1.78178422	    -13.11601302	     -9.13368782	     -4.74734276	      7.14442294	     -0.03963000	     -9.60761858	     -0.03215869	    -26.56581217	    -26.90057071	      5.94113088	      0.46504487	     -0.06040516	     -0.07030449
      3.31000000	    -25.97780253	     34.52463483	    -21.44993897	    -33.48314931	    197.75550859	    -91.15940868	      3.88441268	     17.54723755	     -0.48183624	     13.65469945	    -35.53660591	      0.67714977	    -14.33593624	     -9.02091155	     -4.07836786	      8.92553298	     -0.03661798	     -8.62117216	     -0.02947559	    -21.46582915	    -21.50938344	      5.07826172	     -0.72312418	     -0.06228695	     -0.07155355
      3.31500000	    -23.35653505	     33.02431474	    -19.63255160	    -22.10343460	    189.50989356	    -83.70704651	      2.61897374	     17.18330164	     -0.34347200	     14.69577208	    -33.62922710	     -0.34043404	    -15.41326139	     -8.75067615	     -3.32342109	     10.25627314	     -0.03349894	     -7.46207243	     -0.02645327	    -17.25582024	    -17.17149546	      4.52462661	     -1.32168582	     -0.06335402	     -0.07204904
      3.32000000	    -21.60768845	     31.44379740	    -17.05789959	    -10.37663044	    181.95421232	    -75.15824786	      1.73376744	     15.69889581	     -0.18735119	     14.72616986	    -32.38134262	     -1.44843826	    -16.39917023	     -8.29920560	     -2.49763355	     10.98388332	     -0.03051643	     -6.22604582	     -0.02325962	    -13.70363664	    -13.44710971	      3.96519429	     -1.94372770	     -0.06362507	     -0.07179717
      3.32500000	    -20.42198284	     30.13260411	    -14.34455264	      0.79636930	    172.57657440	    -66.96646248	      0.66790075	     13.84929300	     -0.07842994	     14.67244534	    -31.60441994	     -2.63281787	    -17.33526141	     -7.65321147	     -1.62066588	     11.36034372	     -0.02777397	     -5.44839684	     -0.02032116	    -10.35450223	    -10.38745739	      3.35550116	     -2.37543737	     -0.06315959	     -0.07081228
      3.33000000	    -19.47680006	     29.12403843	    -11.11211903	     12.41713152	    162.98914081	    -58.09192037	     -0.18173217	     11.77454540	      0.00565875	     14.46356914	    -30.90328709	     -4.11941623	    -18.25162841	     -6.81214377	     -0.71627490	     11.48617328	     -0.02532777	     -4.97486821	     -0.01773053	     -7.72573191	     -7.64995368	      2.90645330	     -2.88593690	     -0.06204143	     -0.06917032
      3.33500000	    -17.95207048	     27.16631369	     -7.55492569	     24.32233521	    151.47742685	    -48.65294160	     -0.75965297	      8.44481310	     -0.02800921	     14.66893613	    -30.32323213	     -5.62441760	    -19.16613404	     -5.78955942	      0.18849476	     11.10335952	     -0.02321986	     -5.14746626	     -0.01553064	     -5.46198426	     -5.21086910	      2.30000467	     -3.08533903	     -0.06036709	     -0.06696236
      3.34000000	    -17.54218722	     26.04855232	     -4.27679348	     34.77024364	    137.67530345	    -40.29140708	     -1.49420044	      5.78902697	     -0.16816930	     14.34543279	    -29.83205933	     -7.07883753	    -20.08479765	     -4.61339065	      1.06447036	     10.82483964	     -0.02142690	     -5.30508926	     -0.01372703	     -3.71280545	     -3.23255605	      1.96916117	     -3.08189551	     -0.05824023	     -0.06428750
      3.34500000	    -16.11899859	     24.58612686	     -1.03238184	     46.27592399	    123.40312237	    -32.71403285	     -1.11557209	      2.42747845	     -0.24817167	     14.04330573	    -29.64837497	     -8.08503647	    -21.00311504	     -3.32498406	      1.88179589	      9.83041889	     -0.01987541	     -5.63881522	     -0.01232808	     -2.22851451	     -1.68174482	      1.36057448	     -3.08161464	     -0.05576441	     -0.06124107
      3.35000000	    -16.24029873	     24.21135284	      1.32976314	     55.64493063	    107.70736768	    -25.96191006	     -1.28056026	     -0.27172498	     -0.54264706	     13.22720195	    -29.76059403	     -8.84591494	    -21.90805872	     -1.97690604	      2.61156753	      9.19717241	     -0.01853979	     -5.84531752	     -0.01122584	     -1.31661086	     -0.29739320	      1.05531264	     -3.03673670	     -0.05302713	     -0.05792566
      3.35500000	    -15.79992487	     24.06901152	     -5.36484975	     63.72906954	     93.74426422	    -21.27689744	     -1.40067695	     -2.72128486	     -1.17082591	     13.64879810	    -31.88325680	     -1.52200469	    -22.78048843	     -0.62963121	      3.22753592	      8.37817321	     -0.01739054	     -6.67090585	     -0.01037866	     -0.30700042	      2.05318640	      0.84732151	     -3.85803785	     -0.05009957	     -0.05442710
      3.36000000	    -18.80265401	     26.41665103	     -3.92889709	     70.89240300	     84.17149852	    -18.57871576	     -1.56211840	     -3.87794957	     -1.11024178	     10.94418841	    -33.25630983	     -1.85005221	    -23.59773345	      0.65266915	      3.70771540	      8.11035035	     -0.01639590	     -5.82019774	     -0.00974452	     -0.07486196	      2.59873991	      0.52994616	     -4.56411012	     -0.04703423	     -0.05081831
      3.36500000	    -19.89522116	     28.85531782	     -2.37627340	     79.02766347	     75.99663340	    -17.16451630	     -0.21168761	     -5.34049794	     -0.88281900	      8.64251124	    -34.92371758	     -2.12933727	    -24.33613871	      1.80692410	      4.03574809	      6.93203212	     -0.01552360	     -5.23728120	     -0.00928031	      0.23309577	      2.99128840	      0.29084400	     -5.12755025	     -0.04386497	     -0.04715822
      3.37000000	    -23.57088391	     31.54682783	     -1.81922508	     83.60993611	     70.25225280	    -17.14582118	     -0.77087961	     -6.04505271	     -0.90045001	      6.10399711	    -36.62109166	     -2.42960662	    -24.97338843	      2.77613558	      4.20192061	      6.86072314	     -0.01474300	     -4.55623181	     -0.00894430	      0.26073028	      3.29741589	      0.17721420	     -5.65312232	     -0.04060908	     -0.04349149
      3.37500000	    -26.99094940	     33.84412692	     -1.57612498	     87.49498663	     68.65871896	    -18.62478685	     -1.22755643	     -6.17665034	     -0.89880965	      3.85166822	    -37.75508214	     -2.65785284	    -25.49046224	      3.51404829	      4.20376981	      6.71123505	     -0.01402702	     -3.93440753	     -0.00869845	      0.40078027	      3.53070544	     -0.07542319	     -6.05279963	     -0.03727098	     -0.03984935
      3.38000000	    -30.76339632	     36.39207622	     -1.79937298	     89.37162505	     66.27523838	    -21.23180866	     -1.99713534	     -5.66590257	     -0.92184529	      1.59240200	    -38.78092305	     -2.88318654	    -25.87313202	      3.98902527	      4.04623989	      6.83594873	     -0.01335375	     -3.27263800	     -0.00851048	      0.30530302	      3.63609108	     -0.02278110	     -6.35578309	     -0.03384680	     -0.03625114
      3.38500000	    -34.22858442	     38.16370752	     -2.26986135	     89.93745622	     64.14171644	    -24.92848792	     -2.84641728	     -4.91846646	     -0.95174401	     -0.39887035	    -39.30505403	     -3.04876776	    -26.11295691	      4.18668496	      3.74138337	      6.99603946	     -0.01270732	     -2.59001548	     -0.00835526	      0.20738435	      3.51198942	      0.00188593	     -6.40713238	     -0.03032940	     -0.03270635
      3.39000000	    -36.86270174	     40.25543912	     -3.03564053	     90.00173086	     65.12421447	    -30.31465466	     -3.25860816	     -3.85969901	     -0.91019808	     -1.96289313	    -40.14444495	     -3.20207280	    -26.20776985	      4.11095939	      3.30762351	      6.88539031	     -0.01188101	     -2.21597582	     -0.00821523	      0.24058291	      3.46329726	     -0.09856395	     -6.53757691	     -0.02675799	     -0.02921679
      3.39500000	    -38.99554440	     40.93639619	     -3.77041246	     88.72609682	     64.41739054	    -34.90763370	     -3.69643418	     -3.33073234	     -0.91661688	     -3.29779834	    -40.44256591	     -3.30271199	    -26.16167232	      3.78341789	      2.76861890	      6.78001583	     -0.01124666	     -1.82360168	     -0.00808014	      0.14470786	      3.29850084	     -0.09328319	     -6.51935302	     -0.02300862	     -0.02577893
      3.40000000	    -40.63536879	     42.66089132	     -4.80358926	     86.68935971	     66.57731866	    -40.47090945	     -3.77254331	     -2.29451394	     -0.85640205	     -4.39097721	    -41.31436504	     -3.44198661	    -25.98458051	      3.24095788	      2.15180325	      6.54107051	     -0.01064062	     -1.75623912	     -0.00794587	      0.05170129	      3.40063786	     -0.01495802	     -6.81208465	     -0.01918453	     -0.02238618
      3.40500000	    -41.53620303	     42.87854926	     -5.57551468	     83.80867779	     67.82640162	    -45.64616906	     -3.46582000	     -1.35403002	     -0.75820606	     -5.43544907	    -41.16355252	     -3.51021856	    -25.69138952	      2.53218847	      1.48671481	      6.07103848	     -0.01006106	     -1.41576088	     -0.00770069	      0.03851639	      3.21728518	     -0.01506417	     -6.77382838	     -0.01530338	     -0.01904453
      3.41000000	    -42.33788678	     43.59430830	     -6.67247164	     79.77195198	     69.38152512	    -50.75323326	     -3.45586305	     -0.30828086	     -0.70032573	     -6.08170069	    -41.43592693	     -3.59000301	    -25.30083443	      1.71295997	      0.80326655	      5.84165108	     -0.00950717	     -1.39962928	     -0.00758332	     -0.11853390	      3.20810130	      0.12626976	     -6.92569575	     -0.01139667	     -0.01570824
      3.41500000	    -42.17769366	     43.62192897	     -7.48753096	     75.64162523	     71.66029877	    -55.10271695	     -2.85314159	      0.13341454	     -0.60601082	     -6.51963689	    -41.66815592	     -3.66132454	    -24.83415313	      0.84156815	      0.13011078	      5.22036017	     -0.00897793	     -1.46886171	     -0.00747705	     -0.16040027	      3.21233805	      0.14506649	     -7.09265230	     -0.00750970	     -0.01240564
      3.42000000	    -41.21828671	     43.59103513	     -8.40295302	     71.32510281	     73.43815890	    -59.64602499	     -2.11450617	      0.77778036	     -0.48800869	     -6.41991166	    -41.73560165	     -3.67132386	    -24.31368765	     -0.02582005	     -0.50677795	      4.54823412	     -0.00847139	     -1.71778827	     -0.00738369	     -0.14336807	      3.12371879	      0.11758229	     -7.10848708	     -0.00370014	     -0.00913697
      3.42500000	    -40.44702024	     43.18987351	     -9.14276204	     66.06095819	     74.48495424	    -62.83263112	     -1.51918712	      1.13463327	     -0.40839704	     -6.42852654	    -41.64107083	     -3.69548857	    -23.76155108	     -0.83906000	     -1.08520874	      3.98907964	     -0.00798432	     -1.86203570	     -0.00730432	     -0.22924588	      3.03593601	      0.17995408	     -7.14232985	     -0.00003551	     -0.00590914
      3.43000000	    -39.37872000	     43.39048993	     -9.99737417	     60.75345260	     76.74719479	    -65.73012343	     -0.97089291	      1.46669088	     -0.33616467	     -6.01297990	    -42.00563647	     -3.72057453	    -23.19845771	     -1.55693245	     -1.58751912	      3.46794403	     -0.00751234	     -2.33574700	     -0.00723844	     -0.30214230	      3.11953013	      0.21817104	     -7.34104971	      0.00341035	     -0.00273659
      3.43500000	    -37.69009114	     43.11134010	    -10.46734399	     55.59931914	     77.42195016	    -67.97439741	      0.07766711	      1.39683019	     -0.21824194	     -5.63526318	    -42.22107796	     -3.74505917	    -22.64279491	     -2.14889415	     -2.00096866	      2.62364207	     -0.00705042	     -2.64282229	     -0.00718344	     -0.26572224	      2.99773258	      0.18080857	     -7.34029004	      0.00656123	      0.00035838
      3.44000000	    -36.85799104	     42.74127483	    -11.03218479	     49.66473997	     79.01074185	    -69.10008963	      0.26283914	      1.15750224	     -0.21853445	     -5.13361035	    -42.45928284	     -3.75991475	    -22.10997180	     -2.59566556	     -2.31781907	      2.25402125	     -0.00667086	     -3.03962518	     -0.00713445	     -0.32045543	      2.98871326	      0.10517865	     -7.42876065	      0.00937873	      0.00334594
      3.44500000	    -34.87202385	     43.20099289	    -11.46142425	     44.73084830	     78.85438742	    -69.98111385	      1.22765753	      1.26064281	     -0.08320450	     -4.32062206	    -42.78477431	     -3.74309782	    -21.61202108	     -2.88878416	     -2.53513060	      1.54176662	     -0.00620099	     -3.58889378	     -0.00708452	     -0.37617409	      2.99927921	      0.23776082	     -7.49111714	      0.01173292	      0.00618952
      3.45000000	    -33.27966506	     43.00350913	    -11.71178096	     39.41851436	     76.49619633	    -69.94198727	      1.78113606	      1.08719002	     -0.00261294	     -3.58863341	    -42.75047866	     -3.69794405	    -21.15741183	     -3.02933710	     -2.65431372	      1.03516205	     -0.00573277	     -3.92883331	     -0.00702506	     -0.47594627	      2.79879826	      0.35255221	     -7.31154045	      0.01358924	      0.00884724
      3.45500000	    -31.88201238	     44.00090849	    -11.97322402	     34.83865854	     79.02455933	    -70.11325818	      2.40586722	      0.41379814	      0.07617840	     -2.77212839	    -44.15613613	     -3.76139598	    -20.75103122	     -3.02613385	     -2.68049069	      0.34627282	     -0.00526624	     -4.67272475	     -0.00699659	     -0.33761873	      3.00808226	      0.17065511	     -7.65402140	      0.01490068	      0.01128813
      3.46000000	    -30.86803663	     44.29561222	    -12.08836534	     29.71083303	     75.84996107	    -69.46639904	      2.63128775	      0.52707049	      0.16534794	     -2.19318345	    -44.11300512	     -3.70935517	    -20.39428386	     -2.89361644	     -2.62172281	      0.05942816	     -0.00480333	     -4.87557318	     -0.00688899	     -0.43466596	      2.76182543	      0.32410606	     -7.41509714	      0.01563426	      0.01344152
      3.46500000	    -30.21723407	     44.79218678	    -12.09683122	     25.12466027	     75.88488996	    -68.11723553	      2.67278285	     -0.20807881	      0.20273244	     -1.60508860	    -44.96683209	     -3.71790403	    -20.08527636	     -2.64979627	     -2.48817538	     -0.27957506	     -0.00434758	     -5.34082568	     -0.00674257	     -0.39521794	      2.84456606	      0.23207894	     -7.56404001	      0.01577199	      0.01526890
      3.47000000	    -29.58947237	     45.24631349	    -11.96914054	     20.88892320	     74.15102202	    -66.73284541	      2.75118622	     -0.78047403	      0.27221329	     -1.15792871	    -45.60225696	     -3.70368028	    -19.81909806	     -2.31443843	     -2.29131953	     -0.61300746	     -0.00390380	     -5.62779554	     -0.00654975	     -0.32813889	      2.76934198	      0.17066320	     -7.53868754	      0.01531095	      0.01672418
      3.47500000	    -29.41492319	     46.00551822	    -12.06204291	     16.71122009	     71.54765699	    -65.40751638	      2.22156186	     -1.06247448	      0.29486135	     -0.54614491	    -46.26831386	     -3.64900122	    -19.58822166	     -1.90762991	     -2.04326277	     -0.55010544	     -0.00347779	     -6.00969457	     -0.00630544	     -0.34414012	      2.71568433	      0.16710435	     -7.48902711	      0.01426264	      0.01776397
      3.48000000	    -29.25630347	     47.47242192	    -11.94053863	     13.18758856	     69.73458282	    -63.48958273	      2.13417601	     -1.35479341	      0.38756192	     -0.32035075	    -47.32834585	     -3.65388783	    -19.38303913	     -1.44878930	     -1.75625262	     -0.67838546	     -0.00307609	     -6.35754530	     -0.00600752	     -0.39082128	      2.92640980	      0.30687814	     -7.76251181	      0.01265170	      0.01834857
      3.48500000	    -28.73962187	     48.05144159	    -11.74939912	     10.40133484	     66.45056724	    -61.58489358	      1.91648908	     -2.00889170	      0.45593996	      0.16587001	    -48.08987246	     -3.57676105	    -19.19255519	     -0.95610536	     -1.44235067	     -0.80910449	     -0.00270578	     -6.71145903	     -0.00565708	     -0.29610153	      2.93794974	      0.25257309	     -7.75920129	      0.01051405	      0.01844274
      3.49000000	    -28.84044286	     48.41431014	    -11.48501441	      7.42438628	     62.11811935	    -59.38719690	      1.39033164	     -2.21449296	      0.51308444	      0.26833411	    -48.26220641	     -3.47600251	    -19.00525508	     -0.44634579	     -1.11323651	     -0.65991332	     -0.00237441	     -6.74669500	     -0.00525855	     -0.27760803	      2.85958975	      0.30226545	     -7.64206877	      0.00789457	      0.01801650
      3.49500000	    -29.02068743	     48.22672088	    -11.22523717	      4.82424812	     57.68366952	    -57.08687862	      0.51259203	     -3.11247962	      0.49517871	      0.51556316	    -48.75223593	     -3.36551015	    -18.81012499	      0.06504550	     -0.78007546	     -0.41313638	     -0.00208992	     -6.89275773	     -0.00481974	     -0.16875514	      2.77371823	      0.13943390	     -7.52283395	      0.00484468	      0.01704590
      3.50000000	    -29.01383726	     48.51077460	    -10.82822781	      2.72944722	     52.53978184	    -54.79628475	      0.10235941	     -3.62912354	      0.55351221	      0.40242909	    -49.19016433	     -3.28067832	    -18.59777013	      0.56366906	     -0.45338193	     -0.28860561	     -0.00186074	     -6.85527961	     -0.00435182	     -0.10948195	      2.73240160	      0.15998812	     -7.47912872	      0.00141973	      0.01551399
      3.50500000	    -29.18916684	     49.20432587	    -10.92729816	      0.98389729	     48.99414959	    -52.86393146	     -1.00829416	     -3.82230737	      0.52924149	      0.83130166	    -49.81341689	     -3.12985677	    -18.36155862	      1.03583865	     -0.14283796	      0.30797407	     -0.00169586	     -7.21095969	     -0.00386926	     -0.09717960	      2.94826819	      0.15907121	     -7.59958664	     -0.00232326	      0.01341191
      3.51000000	    -28.83604805	     48.16983514	    -10.40587500	     -0.26672578	     42.63484316	    -49.78019385	     -1.57409108	     -4.63890912	      0.53758773	      0.85365131	    -49.47577235	     -2.94516915	    -18.09869024	      1.46832870	      0.14293317	      0.58679614	     -0.00160503	     -7.06991642	     -0.00338974	     -0.05541075	      2.82923720	      0.14904018	     -7.36467612	     -0.00632769	      0.01074017
      3.51500000	    -28.68908964	     47.91730896	    -10.20687918	     -1.13614156	     39.17933542	    -47.65119765	     -2.33231284	     -5.06602885	      0.52198854	      0.98570836	    -49.60535724	     -2.78195592	    -17.81105864	      1.84829524	      0.39660488	      1.05581097	     -0.00159897	     -7.11136158	     -0.00293400	      0.06837507	      2.93486262	      0.05338562	     -7.36946893	     -0.01053889	      0.00750987
      3.52000000	    -27.93306556	     47.40900181	     -9.91676587	     -1.34924066	     34.16783425	    -45.44874690	     -2.68593360	     -5.39638054	      0.54152759	      1.13708189	    -49.39345634	     -2.59176676	    -17.50577768	      2.16341208	      0.61235061	      1.42054807	     -0.00168950	     -7.04402687	     -0.00252569	      0.10266670	      2.94340659	      0.11463251	     -7.25169876	     -0.01490514	      0.00374401
      3.52500000	    -27.22941577	     46.51971137	     -9.68805434	     -1.26867147	     30.11038153	    -43.42258592	     -3.18919338	     -5.84334444	      0.51362801	      1.36377910	    -49.09911151	     -2.39287622	    -17.19527950	      2.40221430	      0.78597588	      1.90515981	     -0.00188971	     -6.95889096	     -0.00219118	      0.14813951	      2.93711035	      0.11315719	     -7.11071247	     -0.01937811	     -0.00052176
      3.53000000	    -26.55049905	     44.93237872	     -9.31087599	     -0.60935465	     29.22174367	    -41.18854936	     -3.58925600	     -6.74307072	      0.45730029	      1.52865588	    -48.72163862	     -2.20696313	    -16.89693032	      2.55460751	      0.91496056	      2.29792437	     -0.00221400	     -6.81724686	     -0.00195924	      0.32520375	      3.03149159	     -0.07881262	     -7.06642057	     -0.02391275	     -0.00523863
      3.53500000	    -25.89807398	     44.12773873	     -9.37248213	      0.29118574	     28.13749495	    -40.10917366	     -4.13407442	     -6.77270208	      0.37894808	      1.92373541	    -48.32440866	     -2.00457046	    -16.63214044	      2.61249072	      0.99841126	      3.00269888	     -0.00267812	     -6.72389651	     -0.00186069	      0.29806878	      3.08240610	     -0.01236018	     -6.96593297	     -0.02846660	     -0.01034503
      3.54000000	    -24.30399080	     42.69050690	     -9.31515532	      2.69717332	     29.34755140	    -39.04609855	     -4.05967514	     -7.16386166	      0.33365160	      2.68511091	    -47.73144948	     -1.75897568	    -16.42497496	      2.57044670	      1.03694367	      3.36467384	     -0.00329912	     -6.74343237	     -0.00192794	      0.36075901	      3.16435041	     -0.02103304	     -6.83866766	     -0.03299855	     -0.01576759
      3.54500000	    -22.44478363	     40.90819143	     -9.15825776	      5.88302866	     31.76043357	    -38.30271452	     -3.53002883	     -7.24015978	      0.31553870	      3.39128479	    -46.56549392	     -1.50317813	    -16.30029296	      2.42645807	      1.03252923	      3.59610863	     -0.00409522	     -6.54069740	     -0.00219439	      0.36346069	      3.10422404	      0.08742714	     -6.55052019	     -0.03746744	     -0.02142279
      3.55000000	    -21.36390966	     42.17034918	     -9.91708411	      8.74194650	     34.22311821	    -39.31796485	     -3.21473750	     -5.78194288	      0.25634395	      4.07906250	    -46.53305086	     -1.33797302	    -16.28145454	      2.18259924	      0.98834177	      4.34348484	     -0.00508559	     -6.51979260	     -0.00269372	     -0.32126972	      3.34297243	      0.98523006	     -6.65676796	     -0.04183064	     -0.02721923
      3.55500000	    -19.22028675	     38.99727193	     -9.37675292	     14.39096100	     42.66838361	    -38.90376847	     -2.02864719	     -7.43546620	      0.19415523	      4.86771399	    -45.59792225	     -1.12276687	    -16.38766201	      1.84563750	      0.90862483	      4.27719853	     -0.00629005	     -6.27021773	     -0.00345916	     -0.80225465	      3.32159080	      0.36253252	     -6.44487135	     -0.04604315	     -0.03306037
      3.56000000	    -10.46803526	     41.31874517	     -9.32345874	     22.18829725	      8.49594180	    -37.75713225	      4.67092468	     -7.22718960	      0.07453179	      5.51757013	    -44.56215774	     -0.93626638	    -16.63104462	      1.42746313	      0.79857927	      1.80156846	     -0.00772852	     -5.77190639	     -0.00452264	     -4.80041257	      2.93502266	      0.92137360	     -5.94452755	     -0.05005738	     -0.03884769
      3.56500000	      2.78799672	     43.53419840	      0.57330065	     36.72920879	    -30.59189692	    -40.29095587	     21.46005315	     -5.74462025	     -0.02688502	      0.18267932	    -40.53320464	     -7.60281000	    -17.01363658	      0.94526635	      0.66425757	     -6.15435364	     -0.00943050	     -0.62426222	     -0.00591398	     -7.75984269	     -1.84188758	      1.82234408	     -3.88473996	     -0.05382270	     -0.04448428
      3.57000000	     19.77221579	     35.19687206	     -4.42358535	     55.88873704	    -52.76255618	    -52.76849585	     30.18449216	     -5.02757532	     -0.12794579	      6.18947021	    -38.04235481	     -1.52676612	    -17.52444165	      0.42139145	      0.51244883	    -10.39710715	     -0.01142160	     -1.29115145	     -0.00767461	     -5.27607091	     -9.25891796	      1.65418098	     -2.31857583	     -0.05728747	     -0.04987702
      3.57500000	     30.63798163	     27.96319493	     -5.00766512	     76.67178657	     -6.28078354	    -48.64891984	     31.41141590	     -7.31724303	     -0.35408403	     17.08977026	    -33.47958010	     -1.66341560	    -18.13683575	     -0.11717087	      0.35054189	    -10.89035079	     -0.01371949	     -6.03551388	     -0.00983933	     -5.02030505	     -7.96140129	      1.38662136	     -2.58941984	     -0.06039899	     -0.05494204
      3.58000000	     30.65649702	     28.12005291	     -8.10530503	     83.95098878	     21.61190455	    -50.24906345	     26.39757556	     -6.85239926	     -0.57641336	     24.77577294	    -32.98345051	     -1.86794524	    -18.80659506	     -0.63965465	      0.18636693	     -7.53066411	     -0.01634087	     -9.67844318	     -0.01242889	     -7.67951753	     -6.93094419	      1.86379053	     -2.95718089	     -0.06310230	     -0.05960586
      3.58500000	     20.52264145	     30.18535965	    -12.28774019	     78.07467783	     25.81371516	    -58.99269752	     17.70711268	     -5.07637791	     -0.87603021	     26.54367743	    -34.75225692	     -1.26388840	    -19.47083748	     -1.11272905	      0.02803413	     -2.15942871	     -0.01929542	    -10.08164024	     -0.01546118	    -11.50930359	     -9.35516521	      2.30668812	     -2.09969273	     -0.06533946	     -0.06380367
      3.59000000	      3.34674799	     26.16464700	    -14.76823308	     63.07286179	     26.49983440	    -62.94378869	      6.31159356	     -3.25906370	     -1.10725867	     24.24163935	    -31.72761899	     -0.28239476	    -20.04815057	     -1.50200564	     -0.11620725	      4.31776751	     -0.02258159	     -7.97085784	     -0.01894236	    -15.66257704	    -12.90801827	      2.81644872	     -0.17008087	     -0.06704859	     -0.06747729
      3.59500000	    -17.18069578	     23.39406244	    -17.03935716	     44.82928091	     45.55529767	    -67.68677141	     -6.34593035	     -1.67295282	     -1.26712945	     21.18061551	    -30.23850482	      0.23924047	    -20.44013831	     -1.77377934	     -0.23807892	     10.80094473	     -0.02618030	     -5.94670903	     -0.02285960	    -18.69719516	    -15.97921594	      3.22982649	      1.50152977	     -0.06816428	     -0.07057077
      3.60000000	    -36.83229177	     26.95506611	    -19.17385904	     26.52897186	     68.43120116	    -76.35531461	    -14.64805590	      0.84386737	     -1.49567848	     15.50229000	    -32.39227023	      0.65395759	    -20.53452949	     -1.89692714	     -0.32936162	     14.80038798	     -0.03004659	     -3.24593095	     -0.02717033	    -22.52145110	    -18.71924278	      4.14877354	      3.08993704	     -0.06862005	     -0.07302593
      3.60500000	    -50.70893852	     27.18095741	    -18.70050155	     12.09099931	     86.23119624	    -77.44082205	    -17.58630511	     -0.04874815	     -1.57696178	      9.24852483	    -32.83824078	      0.98152161	    -20.20989811	     -1.84488586	     -0.38198359	     14.83778036	     -0.03394065	     -0.37294384	     -0.03167335	    -27.51376873	    -21.24188776	      4.85084692	      4.41371399	     -0.06837014	     -0.07479431
      3.61000000	    -42.99746063	     22.34307339	    -17.51803361	     15.33990509	     70.34273797	    -73.07919331	    -12.33627311	     -6.73975954	     -1.39337365	     12.47914926	    -32.03225856	      1.33310273	    -19.34196354	     -1.59762504	     -0.38813732	      8.92861660	     -0.03765440	     -3.27376073	     -0.03599862	    -34.10783915	    -26.01634715	      5.62342499	      6.34645920	     -0.06737721	     -0.07584100
      3.61500000	    -25.29039034	     21.56718393	    -16.48039643	     22.31988089	     12.56776937	    -75.39829811	     -0.42111220	    -16.31255336	     -0.94347964	     16.86573352	    -36.78608393	      2.06111370	    -17.81130869	     -1.14351710	     -0.34045700	     -1.93649896	     -0.04132576	     -8.90689159	     -0.04031523	    -42.30688623	    -34.77616002	      6.95302146	      9.37561162	     -0.06558951	     -0.07606425
      3.62000000	     -2.95656652	     20.98012310	    -15.52056665	     29.90920690	    -64.03725164	    -79.78957389	     13.07679326	    -28.64630854	     -0.00755375	     22.82874090	    -43.82791153	      3.15975438	    -15.51214496	     -0.48098836	     -0.23229003	    -15.12997638	     -0.04490597	    -17.12810399	     -0.04456046	    -51.25903208	    -46.11662202	      8.10666390	     13.42268689	     -0.06300042	     -0.07539741
      3.62500000	      9.06761180	     22.39409373	    -15.42963216	     24.26427691	   -138.14139672	    -87.76171746	     20.26363852	    -36.73393962	      0.95836617	     25.58613455	    -50.04198402	      4.41102162	    -12.36149744	      0.38019125	     -0.05808130	    -24.97909822	     -0.04833545	    -25.20430957	     -0.04865936	    -60.44947069	    -58.75221536	      9.41496582	     17.84060537	     -0.05963571	     -0.07378701
      3.63000000	      8.17688115	     24.81335909	    -16.04174221	      2.98535830	   -201.95950428	    -96.82626565	     19.24544131	    -38.54053150	      1.71165093	     24.78810666	    -52.74212606	      5.43574509	     -8.30792360	      1.41815501	      0.18613573	    -30.18787512	     -0.05153775	    -32.57589515	     -0.05268232	    -69.51521655	    -71.70485673	     10.95764799	     22.37570802	     -0.05555738	     -0.07121415
      3.63500000	     -1.83555915	     28.81531726	    -15.74291921	    -28.54107422	   -248.36593876	   -103.28735895	     15.27443388	    -37.72344873	      2.37162727	     18.92172138	    -54.60799611	      6.41920598	     -3.33867970	      2.59892437	      0.50216674	    -34.06050946	     -0.05485360	    -38.05886157	     -0.05666024	    -78.74710352	    -83.41464061	     12.78878114	     26.14244719	     -0.05089311	     -0.06771189
      3.64000000	    -13.04597212	     27.96287303	    -12.35705328	    -61.79315807	   -284.20371648	   -100.50302794	     12.71998742	    -36.91734442	      3.07429548	      9.71301561	    -51.63184426	      6.66229869	      2.51576783	      3.87731577	      0.88904983	    -39.32031162	     -0.05744238	    -41.98244913	     -0.05965271	    -87.70287897	    -94.64902487	     14.44558211	     29.43814778	     -0.04575182	     -0.06329028
      3.64500000	    -10.46709020	     23.86905226	     -8.89959544	    -79.31344024	   -308.81489786	    -91.24901654	     15.35348784	    -36.17220330	      3.62987222	      6.88539391	    -43.81379463	      5.98952932	      9.18074412	      5.19888283	      1.34248933	    -47.72493196	     -0.05909664	    -49.17499648	     -0.06144229	    -95.68782482	   -105.07539403	     15.91752504	     32.41773757	     -0.04029209	     -0.05803949
      3.65000000	      0.78180401	     20.58298347	     -5.87247340	    -86.03115543	   -320.82116375	    -79.05417208	     22.34103076	    -35.71241933	      4.00695634	      7.27928546	    -35.47702343	      5.00192068	     16.54027678	      6.50290678	      1.85441293	    -58.79598517	     -0.05970458	    -58.04803000	     -0.06187202	   -102.85987053	   -114.13131621	     17.48998057	     34.54650865	     -0.03469642	     -0.05209729
      3.65500000	     16.57280677	     17.74434549	     -3.60095381	    -84.61949749	   -315.59280827	    -65.16751230	     30.88665929	    -33.20389823	      3.81441975	     10.06682382	    -24.83368836	      3.25778624	     24.44374244	      7.72631241	      2.41272599	    -70.11422871	     -0.05920755	    -67.38635548	     -0.06042961	   -109.22261067	   -121.84732839	     19.14859366	     36.39189484	     -0.02915871	     -0.04568745
      3.66000000	     36.39684272	     17.69806329	     -3.23374420	    -75.08464420	   -292.06847788	    -53.68480665	     40.38135927	    -27.58081523	      2.74392987	     15.81375373	    -13.56206410	      1.04976634	     32.71549991	      8.80820825	      3.00133938	    -80.71216777	     -0.05727202	    -77.63183162	     -0.05837423	   -114.05816318	   -128.25528294	     20.93720225	     37.60277311	     -0.02390294	     -0.03899036
      3.66500000	     55.39650537	     17.98143826	     -4.04476857	    -63.58256545	   -262.54246751	    -43.09125141	     47.27583417	    -22.72677432	      1.72469448	     23.12658515	     -3.92379162	     -1.07739845	     41.16631221	      9.69458516	      3.60055162	    -89.62618361	     -0.05505416	    -88.65520397	     -0.05610807	   -118.40805994	   -134.21220539	     22.67170119	     38.72728596	     -0.01907898	     -0.03222911
      3.67000000	     74.13324711	     16.19595100	     -4.74192150	    -49.32400522	   -228.82889932	    -30.43693835	     53.03782256	    -20.41053884	      1.12385145	     30.87525786	      4.59380929	     -3.17520565	     49.60515975	     10.34261891	      4.18783698	    -97.98111751	     -0.05270741	    -99.65194148	     -0.05377453	   -121.99946142	   -139.85627807	     24.14631831	     39.70205889	     -0.01484425	     -0.02564736
      3.67500000	     95.00252480	     13.95074231	     -5.90163264	    -29.54351328	   -192.68832889	    -18.74531711	     59.33784617	    -21.11906892	      1.00787690	     39.82614330	     10.42115194	     -4.74001574	     57.85011169	     10.72401799	      4.73903309	   -106.64551001	     -0.05032752	   -111.19641999	     -0.05150035	   -124.57841397	   -145.25769926	     25.09798238	     40.56678772	     -0.01132632	     -0.01948188
      3.68000000	    111.17877399	     10.08971617	     -6.16563123	    -12.62047235	   -153.87217608	     -5.27987304	     63.49458942	    -26.04094454	      2.03121476	     46.72814755	     12.62720155	     -5.39376752	     65.73718570	     10.82697278	      5.22985652	   -114.62000912	     -0.04799255	   -121.67062394	     -0.04908295	   -126.72921879	   -149.48716170	     25.56515998	     40.98332507	     -0.00861281	     -0.01394953
      3.68500000	    121.58558523	      7.57187864	     -6.05907947	     -1.24723045	   -120.96683600	      5.54868455	     66.04219477	    -32.88986782	      3.74173197	     50.39769256	     10.72958365	     -4.79463882	     73.12651187	     10.65652058	      5.63759859	   -122.32531604	     -0.04577010	   -130.76520202	     -0.04629803	   -128.64713828	   -153.44897703	     26.01406320	     41.44392325	     -0.00674724	     -0.00920510
      3.69000000	    128.01916260	      5.94494419	     -5.47164325	      6.15993488	    -96.53308665	     13.70212082	     67.95459201	    -41.62679852	      6.08658345	     51.44494080	      5.36421274	     -3.01686422	     79.90554867	     10.23345028	      5.94279136	   -130.18394452	     -0.04341272	   -139.10617198	     -0.04331046	   -130.44173597	   -157.12513142	     26.21365168	     41.84189736	     -0.00571960	     -0.00536304
      3.69500000	    129.44574484	      4.66657846	     -4.70076947	      7.13217816	    -87.34397299	     18.83241304	     67.68034243	    -50.53588048	      8.79039113	     50.27205056	     -1.51395521	     -0.57892449	     85.98950499	      9.59208063	      6.13063478	   -137.54504958	     -0.04092273	   -147.18118399	     -0.04028930	   -132.41659499	   -161.19284196	     26.30770281	     42.74354308	     -0.00546940	     -0.00247501
      3.70000000	    126.51344100	      4.98241807	     -4.00623308	      3.31451597	    -87.44638446	     20.65133315	     65.76450744	    -58.73243131	     11.55762210	     47.28467483	    -10.00001234	      2.53729800	     91.31942218	      8.77729618	      6.19201749	   -144.13937497	     -0.03842631	   -154.67504475	     -0.03739379	   -134.63350680	   -165.07902023	     26.41383897	     43.49933409	     -0.00589765	     -0.00052733
      3.70500000	    122.76034453	      7.33842567	     -4.14661767	     -1.50424480	    -98.63329493	     19.39073623	     63.41590834	    -64.01198277	     13.61320542	     44.37677026	    -17.55254000	      5.47286660	     95.85854195	      7.84116913	      6.12400727	   -150.42906164	     -0.03604313	   -162.01234247	     -0.03476212	   -137.49483042	   -168.80929351	     27.14411671	     44.55683895	     -0.00687459	      0.00055377
      3.71000000	    115.29436914	      7.55174728	     -3.91686659	    -10.51766209	   -115.69331208	     18.42739124	     58.53280365	    -68.38899089	     15.59240064	     40.69683994	    -23.35053207	      7.81947854	     99.58770221	      6.83941269	      5.92976779	   -155.25566491	     -0.03387940	   -168.62339254	     -0.03251726	   -139.89722139	   -172.61531483	     27.11286243	     45.56557061	     -0.00825101	      0.00088922
      3.71500000	    107.60464992	      9.39133801	     -3.99330780	    -19.73674683	   -137.01761686	     16.01210435	     54.35576951	    -69.99246989	     16.70211920	     36.67820863	    -27.85747360	      9.70535624	    102.50056603	      5.82785196	      5.61797205	   -159.92926867	     -0.03202280	   -174.01050453	     -0.03080939	   -142.54167969	   -175.89736232	     27.81347548	     46.62231814	     -0.00986878	      0.00063735
      3.72000000	     98.29307596	     10.46599357	     -3.53700046	    -30.92206710	   -160.74683934	     14.03481371	     50.13276126	    -69.40749678	     17.05672936	     31.56836334	    -30.02135987	     10.66378469	    104.59940924	      4.85908496	      5.20184470	   -163.67568228	     -0.03053949	   -177.82495260	     -0.02963858	   -145.13828481	   -178.68952128	     28.55912254	     47.71565887	     -0.01157030	     -0.00002789
      3.72500000	     89.67835560	     10.01944658	     -2.61920271	    -40.98773930	   -183.25285203	     13.42675927	     46.82491190	    -67.99849556	     16.97236675	     26.42368513	    -30.12162805	     10.74845560	    105.89197411	      3.97951504	      4.69797164	   -167.02080107	     -0.02947293	   -180.10838706	     -0.02897721	   -147.08460011	   -181.01242383	     28.98301008	     48.66773405	     -0.01320696	     -0.00093039
      3.73000000	     84.37239295	      9.79125499	     -2.27455747	    -46.66605643	   -203.68383617	     13.62001127	     45.07420407	    -64.13340561	     15.87390816	     23.06719453	    -27.55674426	      9.72352327	    106.38963206	      3.22690653	      4.12502259	   -169.74555910	     -0.02884440	   -181.47442021	     -0.02878754	   -148.90890962	   -182.44892394	     29.92956092	     49.42699074	     -0.01464662	     -0.00190512
      3.73500000	     81.80850938	      8.85312214	     -2.50474863	    -48.43003944	   -220.75943898	     13.38028645	     44.08341845	    -59.41458859	     14.31996927	     21.62732264	    -23.27987044	      7.96559688	    106.10682970	      2.62856449	      3.50252717	   -171.47226251	     -0.02865468	   -182.03874663	     -0.02902502	   -149.88065477	   -183.68698957	     30.47528145	     50.23401463	     -0.01578013	     -0.00281048
      3.74000000	     79.60418619	      7.85845581	     -3.19295281	    -49.13814545	   -230.73503490	     13.63631844	     42.59717837	    -53.52482535	     12.37698323	     21.46793027	    -17.70836388	      5.66341703	    105.06155787	      2.20021502	      2.84980261	   -171.34597884	     -0.02888661	   -181.15355835	     -0.02964152	   -150.53699082	   -183.68026190	     30.98136117	     50.81644225	     -0.01652683	     -0.00353837
      3.74500000	     78.26899094	      7.15074326	     -3.93622152	    -47.83997029	   -234.10787739	     12.96459205	     42.02059276	    -47.40079362	     10.23953837	     21.64078138	    -12.27910809	      3.39894414	    103.27644872	      1.94563293	      2.18508404	   -169.78413883	     -0.02950794	   -178.76058811	     -0.03058836	   -150.34914485	   -183.28878715	     31.28740343	     50.96721128	     -0.01683893	     -0.00402152
      3.75000000	     77.50983909	      7.30843040	     -4.89124112	    -45.17476011	   -229.17425199	     11.46059337	     41.99601832	    -41.46362669	      8.13868140	     22.37443470	     -7.67177862	      1.48756193	    100.78007856	      1.85700141	      1.52488206	   -166.76019796	     -0.03047429	   -174.89209911	     -0.03181907	   -149.70080194	   -181.71379889	     31.60312098	     50.77798320	     -0.01670456	     -0.00423774
      3.75500000	     76.80935779	      6.71163914	     -5.34714748	    -41.61652397	   -217.29885943	     10.17201376	     42.46999939	    -37.89406341	      6.84002678	     23.00051883	     -4.84380823	      0.31383160	     97.60810722	      1.91594987	      0.88357446	   -162.55316247	     -0.03173171	   -169.60016961	     -0.03329175	   -148.36432002	   -179.58620480	     31.56656823	     50.32347132	     -0.01614929	     -0.00421068
      3.76000000	     76.63497539	      7.29620938	     -6.09956295	    -36.28613023	   -195.45848269	      6.43821705	     43.38987561	    -35.93337432	      6.05603200	     24.25060546	     -4.64658139	      0.17513576	     93.80401478	      2.09520958	      0.27322457	   -156.83080491	     -0.03321885	   -163.35567335	     -0.03497080	   -146.23892510	   -176.41188922	     31.01618501	     49.34831469	     -0.01523581	     -0.00400723
      3.76500000	     77.66278575	      7.77462112	     -6.65933286	    -29.94481711	   -170.35456938	      1.91904152	     45.41510080	    -36.42719180	      6.00956099	     25.76454738	     -6.70152558	      0.87675284	     89.41935675	      2.36079140	     -0.29639573	   -150.95225840	     -0.03486857	   -156.48797011	     -0.03682785	   -143.05872077	   -172.76259660	     30.17088567	     48.17231248	     -0.01406148	     -0.00373118
      3.77000000	     76.67070622	      9.63540068	     -7.51582178	    -26.48394642	   -143.40629741	     -4.58349057	     46.18264668	    -37.85970915	      6.39075841	     27.09364214	    -11.15226759	      2.39032821	     84.51357710	      2.67452895	     -0.81761786	   -143.84628485	     -0.03660915	   -148.92410623	     -0.03880491	   -139.46431873	   -168.29653939	     29.11754232	     46.55945497	     -0.01275355	     -0.00351530
      3.77500000	     72.25597525	     11.21548775	     -7.90477549	    -27.95963820	   -117.97135299	    -11.20247562	     45.35362959	    -39.37711576	      6.93348409	     27.03086129	    -16.01415510	      3.96797482	     79.15348115	      2.99680022	     -1.28457822	   -135.42199941	     -0.03836533	   -140.24246057	     -0.04075657	   -135.69242617	   -163.36742115	     28.07156313	     44.95751989	     -0.01146189	     -0.00350668
      3.78000000	     65.07906746	     12.64053028	     -8.17742560	    -33.78062149	    -91.63056422	    -17.89890465	     42.77375920	    -41.35566970	      7.72398472	     26.39423967	    -21.73029331	      5.71113080	     73.41246990	      3.28923604	     -1.69288175	   -125.81654320	     -0.04005939	   -131.11243788	     -0.04260360	   -131.19492335	   -157.46374109	     26.78443796	     42.90881738	     -0.01034908	     -0.00384938
      3.78500000	     55.80329744	     12.27896649	     -7.84591243	    -42.25917907	    -65.67819280	    -22.72864395	     39.08660942	    -43.46620325	      8.53939767	     24.81299130	    -26.30550803	      6.96053052	     67.36956813	      3.51721525	     -2.03931617	   -115.59651631	     -0.04161290	   -120.81760472	     -0.04426563	   -126.25190029	   -151.17905213	     25.17805581	     40.79884820	     -0.00957816	     -0.00467078
      3.79000000	     48.05983949	     13.22010249	     -8.21575576	    -49.71534285	    -43.73285374	    -29.19201968	     35.76295791	    -43.96796636	      8.81176358	     24.21209029	    -30.35569125	      7.91868853	     61.10822836	      3.65196183	     -2.32168022	   -105.20090643	     -0.04294912	   -111.11271537	     -0.04566310	   -121.23874422	   -144.41954362	     24.02502537	     38.70726134	     -0.00929810	     -0.00606733
      3.79500000	     40.07890554	     12.53443528	     -8.42373916	    -57.29926986	    -20.83788913	    -34.88507945	     31.79631276	    -44.64764388	      9.06311622	     23.82280724	    -33.37657556	      8.46449697	     54.71491165	      3.67214615	     -2.53870720	    -94.39347133	     -0.04408250	   -101.33628685	     -0.04672084	   -115.48874988	   -137.29753266	     22.34277857	     36.59552638	     -0.00963137	     -0.00809718
      3.80000000	     32.10599123	     13.16640064	     -8.59015278	    -65.29703587	      0.06532186	    -40.82749277	     28.73709425	    -44.01943946	      8.87177694	     22.55663954	    -36.17033718	      8.86965188	     48.27742923	      3.56499144	     -2.69000097	    -84.21893125	     -0.04534003	    -91.13726666	     -0.04737297	   -109.60228443	   -129.44032731	     21.03659845	     34.03805368	     -0.01066005	     -0.01077851
      3.80500000	     23.16512590	     11.93188223	     -8.53578425	    -74.35011207	     22.66432714	    -45.02427169	     24.46120189	    -43.82719885	      8.80047304	     21.37801934	    -37.92778597	      8.93520631	     41.88295667	      3.32690071	     -2.77591913	    -73.75425721	     -0.04674070	    -81.06675006	     -0.04785505	   -103.06373246	   -120.99061486	     19.38821481	     31.52963164	     -0.01241530	     -0.01410273
      3.81000000	     14.62463767	     12.21235818	     -8.91308400	    -82.57711065	     43.80077659	    -50.36974224	     20.44718418	    -42.10412917	      8.32786472	     20.18884929	    -39.45503587	      8.88203462	     35.61563236	      2.96358328	     -2.79740087	    -63.51850345	     -0.04828287	    -71.32108161	     -0.04846024	    -96.48969474	   -112.19489885	     17.97977974	     28.77405297	     -0.01488611	     -0.01801051
      3.81500000	      6.07354111	     13.60954059	     -9.51610216	    -90.26693457	     66.09131741	    -56.59070953	     16.69039310	    -39.14347719	      7.57772293	     18.65131992	    -40.72906671	      8.72211170	     29.55376098	      2.48967121	     -2.75578197	    -53.62743026	     -0.04994590	    -61.75281709	     -0.04917533	    -89.49939993	   -102.99286222	     16.53995079	     25.78462365	     -0.01802063	     -0.02241583
      3.82000000	     -2.66193716	     15.09036198	    -10.27923131	    -97.65831970	     88.28087346	    -63.61368828	     12.57691077	    -35.77264224	      6.77414157	     17.03495501	    -41.73952806	      8.47711001	     23.76677987	      1.92786219	     -2.65265497	    -43.91662964	     -0.05167018	    -52.80470961	     -0.04997394	    -82.11906016	    -93.74950932	     14.80800613	     23.05524766	     -0.02173235	     -0.02721089
      3.82500000	    -10.83732389	     17.84689315	    -11.05130888	   -103.38252669	    108.98609310	    -69.91035565	      9.25490693	    -31.36206004	      5.81009630	     14.88620167	    -42.61870248	      8.14996804	     18.31226939	      1.30764767	     -2.48982413	    -34.93215102	     -0.05218937	    -44.11815555	     -0.05079925	    -75.12958063	    -84.40395757	     13.66773080	     20.02456887	     -0.02594252	     -0.03227003
      3.83000000	    -17.65172470	     20.59831251	    -11.90669968	   -107.11401398	    126.34179765	    -76.49425160	      6.38778112	    -26.25619942	      4.79060976	     13.08071119	    -42.69620313	      7.62511669	     13.23337409	      0.66367823	     -2.26937955	    -26.64204363	     -0.05183903	    -36.41873873	     -0.05031761	    -67.97873649	    -75.46495208	     12.39402143	     17.33726993	     -0.03047795	     -0.03751045
      3.83500000	    -23.20109711	     24.21321560	    -12.97609846	   -108.09893300	    145.55008038	    -82.04250658	      3.84713201	    -21.51610103	      3.89799632	     11.91306914	    -43.50639045	      7.12909770	      8.55702210	      0.03381066	     -1.99388445	    -19.19690717	     -0.05064511	    -29.81591468	     -0.04889611	    -60.94128733	    -66.06659695	     11.06033339	     14.19882509	     -0.03518350	     -0.04274003
      3.84000000	    -27.60303856	     26.13699895	    -13.32769302	   -107.31068795	    157.98181214	    -85.83250836	      2.12743812	    -17.43462363	      3.13984381	     10.29903125	    -43.29557677	      6.45208701	      4.29327279	     -0.54310379	     -1.66663752	    -12.98693224	     -0.04867650	    -23.77964687	     -0.04663865	    -53.96226127	    -57.85359597	      9.63624161	     11.62002887	     -0.03989691	     -0.04781355
      3.84500000	    -30.11392191	     28.90700252	    -13.92841182	   -103.19945308	    167.74879274	    -88.94649682	      0.87116512	    -12.62684016	      2.39331690	      9.62834008	    -42.78183936	      5.67133671	      0.43599068	     -1.02959714	     -1.29195154	     -7.37625529	     -0.04631221	    -18.92264490	     -0.04366986	    -47.53430832	    -50.05524347	      8.68046846	      9.16890161	     -0.04446850	     -0.05259482
      3.85000000	    -31.34867772	     31.07147216	    -14.25620634	    -96.71700796	    174.89018077	    -90.65045981	      0.04127254	     -8.13388703	      1.77122089	      9.34357472	    -41.70663377	      4.80582475	     -3.03514304	     -1.39199735	     -0.87538411	     -2.67177840	     -0.04423681	    -14.95365729	     -0.04060028	    -41.28361579	    -42.77342013	      7.60633672	      6.96592484	     -0.04875683	     -0.05698616
      3.85500000	    -31.41996980	     32.34988322	    -14.25221014	    -87.74267627	    179.44573563	    -89.99784899	     -0.57842432	     -4.43869580	      1.30955468	      9.58272766	    -40.11931838	      3.88643487	     -6.15148292	     -1.60270605	     -0.42386701	      1.18840862	     -0.04205668	    -11.78421877	     -0.03783487	    -35.58043878	    -35.97555286	      6.58220105	      5.06758176	     -0.05259513	     -0.06087956
      3.86000000	    -30.58029069	     33.29094496	    -13.95147759	    -76.52344834	    182.29611341	    -88.48663392	     -0.72366022	     -1.21755158	      0.96119555	      9.99056351	    -38.45242097	      2.96827085	     -8.95152874	     -1.64215384	      0.05429507	      4.17381941	     -0.03979724	     -9.25019070	     -0.03505773	    -29.98131025	    -30.05980754	      5.60233601	      3.49780527	     -0.05586408	     -0.06416394
      3.86500000	    -29.28740075	     34.41931816	    -13.68303888	    -63.27100174	    187.46674155	    -86.41913443	     -1.07636931	      1.71644766	      0.73254077	     11.08241139	    -37.03662403	      2.09096406	    -11.47678970	     -1.50026992	      0.54955536	      6.76916849	     -0.03745883	     -7.74589249	     -0.03228988	    -24.52619208	    -24.32526254	      4.52280609	      1.92560640	     -0.05847094	     -0.06677934
      3.87000000	    -27.63310412	     36.14311857	    -13.17275005	    -48.54838278	    187.86485317	    -83.51213303	     -0.96435067	      4.17058845	      0.58461425	     11.91263312	    -36.12471647	      1.22145903	    -13.76790323	     -1.17735239	      1.05135922	      8.58456315	     -0.03473358	     -6.60063353	     -0.02953290	    -19.96747007	    -19.42108040	      3.78928068	      0.58935079	     -0.06038173	     -0.06869142
      3.87500000	    -26.07794614	     37.61988213	    -12.38737969	    -33.17626185	    184.47503874	    -79.29677684	     -0.87856316	      6.43525502	      0.47796958	     12.59049951	    -34.81907713	      0.28078857	    -15.86143557	     -0.68428532	      1.54844156	      9.87835296	     -0.03167564	     -5.61996437	     -0.02641671	    -15.89876104	    -15.41927640	      3.40369398	     -0.44330955	     -0.06155765	     -0.06993826
      3.88000000	    -26.45099237	     38.07947503	    -10.96511975	    -18.72647870	    180.21113484	    -72.94528885	     -1.43608829	      7.62811504	      0.41274065	     12.13856994	    -33.32285695	     -0.68138925	    -17.78765580	     -0.04211786	      2.02914687	     11.09271765	     -0.02875039	     -4.37884720	     -0.02333821	    -12.70248146	    -11.86784404	      3.16135927	     -1.20131263	     -0.06196617	     -0.07048447
      3.88500000	    -26.80140445	     39.36901145	     -9.20092646	     -3.21541882	    176.98602416	    -67.63467212	     -1.70826308	      8.07149279	      0.37889270	     11.62775115	    -33.02721381	     -1.99401246	    -19.56939365	      0.71892373	      2.48174387	     11.66403067	     -0.02605634	     -3.56601826	     -0.02055079	     -9.63870676	     -8.93374304	      2.66689672	     -1.83478860	     -0.06164115	     -0.07034056
      3.89000000	    -28.39089602	     39.37200102	     -6.72254587	     11.26317984	    173.14689582	    -60.91953235	     -2.86392947	      7.45034610	      0.32918064	     10.90895108	    -32.48591886	     -3.75044073	    -21.22191812	      1.56090664	      2.89472646	     12.21057094	     -0.02364850	     -3.00303166	     -0.01811605	     -6.90776566	     -6.33124058	      1.99608450	     -2.46761597	     -0.06064424	     -0.06955027
      3.89500000	    -28.92198213	     40.79780389	     -3.73184093	     26.38491954	    167.70644025	    -55.17529994	     -3.22391951	      7.12070668	      0.21897216	     10.58083204	    -32.59146340	     -6.24444774	    -22.75365002	      2.44007770	      3.25711605	     12.28974598	     -0.02154750	     -3.32285865	     -0.01605382	     -4.79290596	     -3.57700427	      1.69461525	     -3.02436345	     -0.05905859	     -0.06816640
      3.90000000	    -29.02437368	     41.12788474	     -1.02456804	     40.81301413	    159.28903595	    -50.13036449	     -3.61396428	      6.44179330	      0.15884521	     10.66193258	    -32.20638712	     -8.26504054	    -24.16745697	      3.30912203	      3.55879377	     12.17860870	     -0.01976278	     -4.17032143	     -0.01435359	     -2.97676150	     -1.00347813	      1.19355822	     -2.93620196	     -0.05697938	     -0.06624598
      3.90500000	    -26.88925988	     41.99422764	     -7.34763652	     56.16495813	    146.53549582	    -44.90637526	     -2.95073316	      5.32162037	     -0.07003560	     11.76900313	    -34.28988209	     -1.79860995	    -25.46226288	      4.11976258	      3.79087973	     11.39460465	     -0.01824973	     -6.00115980	     -0.01300225	     -1.80694216	      2.39292410	      0.94857152	     -4.46595442	     -0.05450912	     -0.06384375
      3.91000000	    -23.59576490	     43.14980538	     -5.98272760	     73.36285074	    130.06473231	    -41.09626829	      0.83237568	      4.56519017	     -0.29755269	     10.64517915	    -34.91582265	     -2.09149085	    -26.63473069	      4.82564801	      3.94615438	      8.87298039	     -0.01694816	     -5.82970835	     -0.01191844	     -0.62442804	      3.00330821	      0.97837411	     -5.07293888	     -0.05174836	     -0.06101809
      3.91500000	    -24.54337980	     43.37887382	     -5.49674762	     85.44306005	    112.86372011	    -37.45506399	     -0.07669663	      3.57266075	     -0.33249168	     10.28727624	    -35.29910971	     -2.23457936	    -27.68084451	      5.38542477	      4.01949980	      8.96174381	     -0.01582571	     -6.02263550	     -0.01104770	     -0.44515128	      3.46778160	      0.67210872	     -5.46719511	     -0.04878447	     -0.05782159
      3.92000000	    -25.05085855	     42.38925144	     -3.99672072	     96.85073014	     98.29946305	    -34.03706844	      0.93946087	      3.27680984	     -0.09297240	      8.48153671	    -33.96473986	     -2.36147391	    -28.59728884	      5.76581145	      4.00832160	      8.05405272	     -0.01484817	     -5.04117409	     -0.01034901	     -0.05340581	      3.41645970	      0.44243845	     -5.44856743	     -0.04568938	     -0.05430160
      3.92500000	    -25.69038679	     43.30112540	     -2.98449470	    106.81758306	     87.25589526	    -32.80756473	      2.09608473	      2.64617039	      0.13664266	      6.74297763	    -34.84224549	     -2.59474274	    -29.38255255	      5.94439618	      3.91289375	      6.96857371	     -0.01398193	     -4.61426289	     -0.00978376	      0.22275031	      3.59859119	      0.30827116	     -5.78680679	     -0.04251716	     -0.05050257
      3.93000000	    -28.93792209	     42.12386028	     -2.40122335	    112.38852877	     77.02173936	    -30.87099671	      1.12876763	      2.33465560	      0.09158005	      4.64642754	    -34.07008099	     -2.71904380	    -30.03769674	      5.91180931	      3.73657256	      7.02518763	     -0.01319626	     -3.60907631	     -0.00931798	      0.20036457	      3.39665970	      0.23730806	     -5.72913149	     -0.03930409	     -0.04646750
      3.93500000	    -32.35522756	     42.72417708	     -2.45838682	    116.05292797	     70.06878822	    -31.44894227	      0.03499743	      2.67964624	      0.05312044	      2.80923185	    -34.54725095	     -2.90001845	    -30.56675567	      5.67293482	      3.48584787	      7.20454334	     -0.01246509	     -3.03254758	     -0.00892398	      0.12657231	      3.33152704	      0.24995953	     -5.87289744	     -0.03607098	     -0.04223950
      3.94000000	    -34.88667531	     42.81273015	     -2.43374333	    118.60522798	     65.20092073	    -32.02313089	     -0.34808235	      2.98099078	      0.08466795	      1.14165512	    -34.68134934	     -3.03259176	    -30.97676311	      5.24690317	      3.17021254	      6.96500234	     -0.01176807	     -2.50917055	     -0.00858114	      0.05646885	      3.28534926	      0.32841503	     -5.99260193	     -0.03282703	     -0.03786306
      3.94500000	    -37.39338768	     42.00098398	     -2.39530244	    119.18369191	     62.89223777	    -32.13094078	     -0.74324377	      2.29450736	      0.02006231	     -0.43821039	    -35.12004855	     -3.18596498	    -31.27740931	      4.66573757	      2.80183236	      6.53222401	     -0.01109085	     -2.12469349	     -0.00827589	      0.01322398	      3.31654184	      0.27547940	     -6.20809363	     -0.02957455	     -0.03338496
      3.95000000	    -39.67568336	     40.83179015	     -2.48553223	    117.84894080	     61.63173972	    -32.99236303	     -1.00824473	      2.27742832	     -0.00837639	     -1.92118203	    -34.80405613	     -3.26917554	    -31.48039077	      3.97171463	      2.39501072	      6.08090695	     -0.01042470	     -1.57852000	     -0.00800086	      0.03922097	      3.12444959	      0.21548886	     -6.19768855	     -0.02631387	     -0.02885433
      3.95500000	    -42.12262107	     41.06034211	     -2.99233423	    114.55963925	     64.03517217	    -34.89900386	     -1.41969227	      2.64427865	     -0.05557409	     -3.12802703	    -35.40301817	     -3.41830600	    -31.59858715	      3.21371323	      1.96546704	      5.75668996	     -0.00976553	     -1.44944784	     -0.00775335	      0.02614008	      3.25179191	      0.19036838	     -6.50501601	     -0.02304783	     -0.02432236
      3.96000000	    -43.59856269	     39.97472987	     -3.09572363	    109.93060497	     63.57940348	    -35.45141048	     -1.09666748	      2.39420504	     -0.08112127	     -4.39613558	    -35.26799768	     -3.51730282	    -31.64520769	      2.44297723	      1.52947344	      5.03126523	     -0.00911284	     -1.04418844	     -0.00753369	     -0.14331682	      3.10624078	      0.32461218	     -6.56635274	     -0.01978543	     -0.01984141
      3.96500000	    -44.15010950	     39.07848224	     -3.15964380	    104.64843316	     65.63966624	    -36.60939387	     -0.08577286	      2.23112756	     -0.03776551	     -5.37232156	    -35.18238962	     -3.60285515	    -31.63301575	      1.70877691	      1.10291526	      3.87476160	     -0.00846856	     -0.78086205	     -0.00734341	     -0.04588135	      2.97126852	      0.27807130	     -6.62752790	     -0.01654432	     -0.01546396
      3.97000000	    -44.86141805	     38.76631784	     -3.72575397	     97.79244091	     68.93861978	    -37.75567352	      0.17595317	      2.17182591	     -0.10911147	     -5.63398436	    -35.44691786	     -3.66184880	    -31.57371146	      1.05444479	      0.70036390	      3.18994729	     -0.00783616	     -1.00529669	     -0.00718387	     -0.10978425	      3.05097143	      0.27929151	     -6.81814111	     -0.01335213	     -0.01124147
      3.97500000	    -45.29127109	     37.61434750	     -3.99170472	     89.96073576	     72.14889066	    -38.61436370	      0.78163428	      1.57655868	     -0.19809760	     -6.05662711	    -35.44350357	     -3.72198901	    -31.47750546	      0.51419100	      0.33425913	      2.21007903	     -0.00721996	     -0.96159369	     -0.00705519	      0.02123216	      2.86861108	      0.06194564	     -6.81823143	     -0.01024631	     -0.00722324
      3.98000000	    -45.14823439	     38.41751568	     -4.47144180	     81.73251415	     75.01920733	    -39.78712543	      1.75485784	      2.16323468	     -0.16292098	     -6.16112706	    -35.62366332	     -3.77775697	    -31.35286241	      0.11097794	      0.01427261	      1.35130004	     -0.00662474	     -1.18808688	     -0.00695572	     -0.15602369	      2.94240723	      0.29964712	     -6.98902305	     -0.00727283	     -0.00345539
      3.98500000	    -44.97860623	     38.13529746	     -4.80831889	     72.97003899	     78.05173474	    -40.75473245	      2.55469510	      1.91241063	     -0.22562262	     -6.16880281	    -35.70256305	     -3.82129151	    -31.20637185	     -0.14440921	     -0.25311582	      0.40979967	     -0.00605566	     -1.30231379	     -0.00688193	     -0.07612759	      2.76329090	      0.16735583	     -6.95825234	     -0.00448374	      0.00002007
      3.99000000	    -44.22245407	     38.77230376	     -5.08175282	     64.43595718	     80.10422650	    -41.96970038	      3.79880090	      1.68902256	     -0.23171274	     -6.05918267	    -36.30871807	     -3.91258533	    -31.04270701	     -0.25309575	     -0.46482190	     -0.68384919	     -0.00551815	     -1.53325034	     -0.00682872	     -0.06284344	      2.62315413	      0.15710011	     -7.00441120	     -0.00193397	      0.00316610
      3.99500000	    -43.09140742	     39.91541342	     -5.64721382	     56.57697219	     84.54215071	    -43.24841283	      4.75959364	      1.64537330	     -0.25732036	     -5.19897424	    -37.04705075	     -3.94562952	    -30.86464000	     -0.22677970	     -0.62115106	     -1.58698173	     -0.00501803	     -2.26198602	     -0.00678983	      0.01487868	      2.77364888	      0.06819509	     -7.17886294	      0.00032234	      0.00595139
      4.00000000	    -42.41299758	     42.06399707	     -6.26447956	     48.28054509	     85.09473131	    -44.97638528	      5.50052287	      2.21879488	     -0.25343657	     -4.65509926	    -37.94666643	     -4.02880668	    -30.67309530	     -0.08555514	     -0.72560771	     -2.12395847	     -0.00456149	     -2.73272988	     -0.00675842	     -0.24480720	      2.73977759	      0.35450193	     -7.27223679	      0.00223548	      0.00835101
      4.00500000	    -41.51144034	     42.91136483	     -6.55312492	     41.08464111	     88.20646103	    -46.07318721	      6.38810669	      2.02972133	     -0.27382335	     -4.11847509	    -38.44106290	     -4.06965211	    -30.46722415	      0.14478912	     -0.78453816	     -2.91843984	     -0.00415492	     -3.10586353	     -0.00672758	     -0.11900458	      2.69363290	      0.21692742	     -7.29280144	      0.00376344	      0.01034690
      4.01000000	    -40.54221588	     44.89353502	     -7.13718519	     34.65758582	     89.85449770	    -47.91177316	      6.97956189	      2.30796510	     -0.27494847	     -3.25667060	    -39.43404202	     -4.12541273	    -30.24447771	      0.43563885	     -0.80661520	     -3.37857010	     -0.00380474	     -3.72502156	     -0.00669068	     -0.17801923	      2.73774440	      0.29306869	     -7.39377438	      0.00487448	      0.01192825
      4.01500000	    -39.67865630	     46.00263843	     -7.49017846	     29.07330947	     90.85292072	    -49.45759725	      7.48453161	      2.10579711	     -0.29875309	     -2.60714585	    -40.19472416	     -4.17210329	    -30.00067640	      0.75825037	     -0.80218736	     -3.83334121	     -0.00351699	     -4.10849270	     -0.00664153	     -0.11777257	      2.62585326	      0.21191448	     -7.36729340	      0.00554886	      0.01309156
      4.02000000	    -39.07761904	     47.46387418	     -8.03104281	     24.55034203	     93.91657247	    -51.08547756	      7.53526488	      1.89132329	     -0.35381884	     -1.72971598	    -41.31967941	     -4.22421977	    -29.73009247	      1.08599188	     -0.78253283	     -4.00283153	     -0.00329692	     -4.76313792	     -0.00657448	     -0.02848593	      2.80996250	      0.06759117	     -7.55746239	      0.00577960	      0.01384032
      4.02500000	    -38.04837819	     48.59895545	     -8.50363445	     21.13103911	     92.21829325	    -53.05717403	      7.66713254	      2.04909360	     -0.33778127	     -0.90334934	    -41.88884583	     -4.21231672	    -29.42555941	      1.39593036	     -0.75905846	     -4.06349262	     -0.00314854	     -5.13497000	     -0.00648434	     -0.06013776	      2.61155171	      0.13175259	     -7.40002592	      0.00557215	      0.01418445
      4.03000000	    -37.04085725	     50.35616414	     -9.00122307	     19.01582628	     92.32283511	    -54.83081975	      7.77938693	      2.02417036	     -0.30546031	     -0.07756386	    -43.13268481	     -4.25566150	    -29.07863773	      1.66967027	     -0.74250155	     -4.06008687	     -0.00307428	     -5.74651758	     -0.00636631	     -0.11906954	      2.80907090	      0.23664705	     -7.59878016	      0.00494328	      0.01413911
      4.03500000	    -36.54536836	     50.61115335	     -9.32143846	     17.55711343	     93.01408624	    -56.47040251	      7.43054904	      1.57210444	     -0.33393481	      0.46056650	    -43.80831649	     -4.25371978	    -28.67990442	      1.89346298	     -0.74222163	     -3.90782134	     -0.00307469	     -6.02003399	     -0.00621599	      0.11672148	      2.76673275	     -0.03196042	     -7.57410447	      0.00391923	      0.01372330
      4.04000000	    -35.82158990	     51.74559927	    -10.01641384	     16.80682873	     88.68344834	    -58.63363893	      6.68533062	      1.75530381	     -0.33478336	      1.31161462	    -44.71623063	     -4.22487054	    -28.21942586	      2.05768315	     -0.76565776	     -3.27401363	     -0.00314839	     -6.44262853	     -0.00602950	     -0.05447761	      2.63674682	      0.16722020	     -7.47411479	      0.00253318	      0.01295802
      4.04500000	    -35.61078366	     52.83341207	    -10.52003007	     16.74137867	     87.88793177	    -60.04273284	      5.92347256	      1.79983271	     -0.31815299	      1.68218180	    -45.73234905	     -4.23593776	    -27.68743540	      2.15581947	     -0.81799286	     -2.62789695	     -0.00329215	     -6.77266149	     -0.00580371	     -0.11441999	      2.88624148	      0.27389803	     -7.69596360	      0.00082264	      0.01186433
      4.05000000	    -34.19259088	     52.36743549	    -10.95692147	     18.21096517	     84.19780619	    -61.13954884	      5.19596908	      1.20573813	     -0.31631438	      2.67621368	    -46.21739084	     -4.10859941	    -27.07522539	      2.18318259	     -0.90205327	     -2.06316668	     -0.00350119	     -7.23274390	     -0.00553667	     -0.02193246	      2.83187312	      0.18951241	     -7.55160119	     -0.00117338	      0.01046146
      4.05500000	    -34.25533839	     51.76517730	    -11.36278233	     18.79967500	     81.35751087	    -61.71307294	      3.71736953	      0.61243349	     -0.39095487	      2.90924801	    -46.77582383	     -4.04586462	    -26.37624717	      2.13556466	     -1.01845008	     -1.02772413	     -0.00376961	     -7.33309704	     -0.00522802	     -0.01550014	      2.86464871	      0.12165215	     -7.55372976	     -0.00341692	      0.00876512
      4.06000000	    -33.32075219	     51.09854676	    -11.69692146	     20.37752101	     76.17044202	    -62.04079608	      2.65037267	     -0.08925720	     -0.39537735	      3.37482023	    -47.38224471	     -3.94199836	    -25.58734552	      2.00807197	     -1.16592055	     -0.14400845	     -0.00409111	     -7.55104142	     -0.00487952	     -0.08057115	      2.88162229	      0.20639048	     -7.51567947	     -0.00587314	      0.00678626
      4.06500000	    -32.80556529	     50.55026312	    -12.04463007	     21.75075257	     72.39796882	    -62.69913425	      1.41456448	     -0.65308539	     -0.39541747	      3.53797644	    -48.17453688	     -3.86537429	    -24.70998561	      1.79432181	     -1.34179475	      0.83610092	     -0.00445967	     -7.64769352	     -0.00449554	     -0.02473936	      2.94880235	      0.17752608	     -7.56242682	     -0.00851177	      0.00453044
      4.07000000	    -31.71119778	     48.82753925	    -12.17688021	     23.56368031	     68.59592126	    -62.00885374	      0.30796071	     -1.69118911	     -0.39826279	      3.86357306	    -48.39379332	     -3.69878027	    -23.75130141	      1.48616353	     -1.54250755	      1.73806598	     -0.00487043	     -7.78013097	     -0.00408351	      0.02607778	      3.10596524	      0.13833232	     -7.56811533	     -0.01130773	      0.00199798
      4.07500000	    -30.99475189	     46.72674225	    -12.32537551	     24.58693379	     63.15966745	    -61.42907157	     -1.13148210	     -2.85478499	     -0.44842794	      3.97304036	    -48.64905993	     -3.54048043	    -22.72477536	      1.07402300	     -1.76406589	      2.84599275	     -0.00532059	     -7.72205981	     -0.00365429	      0.01606933	      3.05425327	      0.11958248	     -7.45017146	     -0.01424077	     -0.00081526
      4.08000000	    -29.76668765	     44.49929149	    -12.52328200	     25.79223905	     58.39655608	    -61.11457583	     -2.39224803	     -3.85944228	     -0.46170594	      4.33108920	    -48.77552767	     -3.32952147	    -21.65034900	      0.54787870	     -2.00237866	      3.86885472	     -0.00581020	     -7.77778474	     -0.00322244	      0.07600101	      3.02306804	      0.06958061	     -7.29885028	     -0.01729442	     -0.00391617
      4.08500000	    -29.32559313	     41.71858105	    -12.54029296	     25.82650124	     54.12576560	    -60.14581628	     -3.80391669	     -4.83858934	     -0.50134628	      4.07672514	    -48.50327267	     -3.13692109	    -20.55381020	     -0.10119901	     -2.25339055	      5.01700839	     -0.00634289	     -7.44145500	     -0.00280641	      0.02772024	      2.97375691	      0.12131365	     -7.14397630	     -0.02045404	     -0.00731218
      4.09000000	    -27.65030645	     38.98797239	    -12.54568917	     26.72063286	     51.30562875	    -59.25334915	     -4.55588732	     -6.15075322	     -0.48125225	      4.40288583	    -48.57467751	     -2.90257634	    -19.46540253	     -0.87906883	     -2.51301743	      5.77976658	     -0.00692636	     -7.51199549	     -0.00242860	      0.01682818	      3.13786489	      0.17634895	     -7.12444710	     -0.02370469	     -0.01100853
      4.09500000	    -26.69454484	     35.64896917	    -12.41972151	     26.60197295	     50.17359391	    -58.82941967	     -5.38575921	     -7.64045959	     -0.50221679	      4.24705024	    -48.57590573	     -2.70521154	    -18.41770027	     -1.78628919	     -2.77692090	      6.52268386	     -0.00757264	     -7.23607201	     -0.00211541	      0.12265165	      3.09018877	      0.04826973	     -6.99708642	     -0.02702893	     -0.01500541
      4.10000000	    -25.98639495	     33.65381951	    -12.73698207	     25.31181731	     43.87187567	    -58.08969777	     -6.36612226	     -7.50778342	     -0.48722334	      4.12754178	    -47.99209114	     -2.45663650	    -17.44287718	     -2.81590467	     -3.04018678	      7.75331939	     -0.00829793	     -6.89079672	     -0.00189708	     -0.66740972	      3.06076900	      1.06998399	     -6.80827404	     -0.03040519	     -0.01929495
      4.10500000	    -15.49809322	     34.56223668	    -11.57813759	     32.00829721	     21.61443608	    -58.65912402	      1.29432836	     -7.75829769	     -0.15989683	      4.13910554	    -47.90388741	     -2.22924597	    -16.56958644	     -3.95156047	     -3.29698961	      4.61242248	     -0.00912218	     -6.70926519	     -0.00180741	     -2.51223255	      3.20770165	      1.17864608	     -6.79842007	     -0.03380690	     -0.02385858
      4.11000000	     10.67607358	     42.31949285	     -9.11599743	     49.59197756	    -58.95959896	    -57.63710875	     22.34039828	     -7.02701625	     -0.16921162	      3.72550739	    -47.46295313	     -2.02279475	    -15.81974964	     -5.16627092	     -3.54031873	     -4.15010822	     -0.01006836	     -6.20448957	     -0.00188329	    -10.04845726	      3.26656547	      1.95796427	     -6.72935458	     -0.03720237	     -0.02866464
      4.11500000	     32.66744351	     45.95381749	     -6.10148670	     72.74821020	    -30.42994681	    -67.41743572	     43.54020353	     -2.95843770	      0.35921568	      3.39258051	    -46.62172266	     -1.78855177	    -15.20560104	     -6.42215667	     -3.76182065	    -15.60130935	     -0.01116149	     -5.68187498	     -0.00216405	     -6.86359664	      3.40981589	      2.42959271	     -6.67191217	     -0.04055512	     -0.03366660
      4.12000000	     28.32037686	     34.78056867	     -5.32715604	     69.03749504	      2.37417876	    -63.59983710	     38.96780144	     -8.63243476	      0.18119247	      3.88813006	    -45.49884964	     -1.46415490	    -14.72735617	     -7.67141107	     -3.95180154	    -13.86732956	     -0.01242775	     -5.48795478	     -0.00270143	     -5.25015525	      3.35608939	      1.90902993	     -6.38272115	     -0.04382399	     -0.03880073
      4.12500000	     11.89802342	     32.69648559	     -8.70229284	     51.56079892	     16.77526934	    -65.87626905	     24.89446769	     -6.38349479	      0.06460319	      3.56179528	    -44.81530694	     -1.26131005	    -14.37185982	     -8.85864036	     -4.09942944	     -5.35656187	     -0.01389367	     -4.89998100	     -0.00353609	     -7.52979793	      3.39940183	      2.24680567	     -6.29868194	     -0.04696288	     -0.04398842
      4.13000000	     -3.25777081	     33.42745681	    -11.68881242	     34.23933525	     18.93093294	    -71.11077594	     13.65161411	     -0.73027787	      0.19477917	      1.71645773	    -42.65414860	     -1.16208329	    -14.11249208	     -9.92454256	     -4.19316318	      2.10308896	     -0.01558563	     -3.00159279	     -0.00470987	    -10.89019590	      2.09311415	      3.37617922	     -5.25171738	     -0.04991989	     -0.04913495
      4.13500000	    -25.36914594	     23.94856672	     -8.94135023	     10.60466553	     -3.18073165	    -71.15347798	     -0.12128641	      0.46128433	     -0.01936630	     -6.12796928	    -36.97336604	     -4.30437418	    -13.91046647	    -10.81067029	     -4.22141255	     10.09092480	     -0.01756607	      4.43326156	     -0.00626218	    -14.30641879	     -6.63515816	      4.00606428	     -2.58469394	     -0.05263343	     -0.05413177
      4.14000000	    -20.55064735	     19.55177909	    -19.21232626	      8.96967193	    -26.65486749	    -78.64044684	    -16.10226158	      3.36036276	     -0.16096697	     14.36395829	    -34.59589684	     -1.07744799	    -13.71744916	    -11.46480490	     -4.17340107	     19.19677755	     -0.01985873	     -6.87642458	     -0.00822644	    -17.24297250	     -8.87105977	      4.32771934	     -2.62861565	     -0.05503848	     -0.05885957
      4.14500000	    -37.44853989	     19.68636031	    -23.59838196	     -5.29830636	     22.68818106	    -78.16830334	    -32.28601345	      8.29238238	     -0.33623957	     18.52408240	    -31.61497533	     -1.53913864	    -13.47919589	    -11.84628984	     -4.04015879	     28.38080239	     -0.02248384	     -8.33761100	     -0.01062678	    -19.98873633	     -7.73899444	      5.07329951	     -2.89190883	     -0.05706269	     -0.06319184
      4.15000000	    -43.43349228	     20.66092882	    -27.07564514	    -13.24135190	     36.26455412	    -79.41147301	    -39.72394219	     11.34811518	     -0.65870512	     22.90390352	    -29.70261239	     -1.29129773	    -13.13970671	    -11.93057513	     -3.81552996	     32.16264491	     -0.02545059	    -10.20089391	     -0.01347375	    -23.74409987	     -8.96931354	      5.91181301	     -2.43132667	     -0.05862936	     -0.06699855
      4.15500000	    -34.43937039	     27.66798642	    -26.59678911	     -8.09031337	     30.13814314	    -86.65183707	    -26.94984464	     11.65073004	     -1.00651240	     20.77437699	    -32.74228776	     -0.40701622	    -12.64530329	    -11.71227882	     -3.49705238	     24.52221104	     -0.02874466	     -9.31865343	     -0.01675921	    -28.04538432	    -12.04701749	      6.80636255	     -1.02344274	     -0.05966131	     -0.07014981
      4.16000000	    -15.27433431	     29.73177410	    -21.72006312	      7.16458751	     19.74650240	    -82.42987844	     -3.89204935	      7.57847863	     -1.40230390	     16.93754007	    -32.09928952	      0.22026974	    -11.94805835	    -11.20629026	     -3.08656530	     10.24451484	     -0.03231512	     -7.28205856	     -0.02044991	    -33.60086238	    -14.68616158	      8.04626308	      0.38559111	     -0.06008570	     -0.07251953
      4.16500000	     -1.07425660	     25.13555187	    -15.28579274	     17.10028382	      6.57792229	    -67.78652543	     14.56696157	     -2.83535647	     -1.43396795	     12.35785923	    -31.12928335	      0.69650977	    -11.00815324	    -10.44675811	     -2.59044131	     -3.12793699	     -0.03593211	     -5.02083634	     -0.02423529	    -41.07933733	    -17.34315345	      9.02566428	      1.81087320	     -0.05985278	     -0.07402380
      4.17000000	     14.63899295	     22.16026053	     -8.49268155	     30.02688269	      5.34647653	    -51.75973711	     34.34939298	    -16.87117174	     -1.04840747	      8.53083208	    -33.90722043	      1.24386243	     -9.79499355	     -9.48415705	     -2.01940339	    -18.53526820	     -0.03915161	     -3.60826815	     -0.02824786	    -49.09379266	    -19.04055363	      9.72530155	      2.82917015	     -0.05895378	     -0.07453638
      4.17500000	     34.72933850	     22.22218886	     -5.05159699	     48.17603978	      7.98095030	    -37.35903723	     50.35829147	    -26.47480296	     -0.53883121	     13.05025769	    -34.59608860	      1.74642675	     -8.28720733	     -8.38093955	     -1.38796351	    -32.27754707	     -0.04232441	     -6.65806947	     -0.03245424	    -57.79388169	    -20.36994974	     11.17956472	      3.47931635	     -0.05732579	     -0.07397528
      4.18000000	     40.55498313	     24.82520251	     -6.59168924	     49.42141311	     -2.30048573	    -32.67986398	     50.81147541	    -30.34946293	     -0.05128986	     20.15404889	    -35.93471099	      2.37538582	     -6.47186534	     -7.20644980	     -0.71359373	    -37.87643572	     -0.04541621	    -12.03871318	     -0.03680501	    -67.01218241	    -24.97076600	     12.59882564	      5.11622569	     -0.05496940	     -0.07229131
      4.18500000	     35.46030128	     31.74928882	    -12.24567703	     33.80317055	    -45.27804383	    -40.11417075	     39.97948429	    -31.17100252	      0.58512897	     28.20763305	    -41.60641461	      3.63047273	     -4.34332400	     -6.03176493	     -0.01578446	    -38.41873887	     -0.04836920	    -20.29879398	     -0.04123721	    -77.15287585	    -33.77193161	     14.19161094	      7.99527627	     -0.05191672	     -0.06947728
      4.19000000	     29.39885058	     34.51110993	    -16.40671314	     14.40058205	   -105.37814657	    -45.10605204	     28.69504936	    -34.73590090	      1.77127031	     34.58598288	    -46.55435164	      4.98456904	     -1.90200489	     -4.92499201	      0.68487306	    -40.48683048	     -0.05129202	    -29.05063819	     -0.04568802	    -87.83037466	    -44.92351292	     15.49990446	     11.85840756	     -0.04824419	     -0.06557780
      4.19500000	     22.81546387	     34.35692445	    -16.83610610	     -6.50847703	   -168.70473795	    -45.29095836	     22.68680332	    -40.03224594	      3.33547786	     34.58268641	    -50.19247077	      6.24761588	      0.84674472	     -3.94734979	      1.36749733	    -46.68090293	     -0.05413768	    -35.47722524	     -0.05037375	    -98.58352233	    -56.88319481	     16.90095766	     15.70194290	     -0.04407075	     -0.06071957
      4.20000000	     19.31431877	     37.38743557	    -15.04124840	    -24.89162335	   -226.28537766	    -47.59182972	     25.22268195	    -42.86276950	      4.54493466	     29.42066319	    -53.36608237	      7.60434826	      3.89371670	     -3.15016184	      2.01159421	    -57.88566617	     -0.05605109	    -40.29154811	     -0.05454001	   -108.39334636	    -68.23243631	     18.49837909	     19.28706016	     -0.03950125	     -0.05503120
      4.20500000	     14.55403725	     36.25298336	    -10.77070354	    -44.35224787	   -271.96642934	    -44.68851474	     29.56910808	    -46.53978571	      5.92075136	     20.96226013	    -53.86875470	      8.62827487	      7.22688026	     -2.57276530	      2.59762589	    -70.77290657	     -0.05688813	    -44.01774238	     -0.05799201	   -116.87394876	    -78.64081103	     19.41311613	     22.42212892	     -0.03469323	     -0.04871837
      4.21000000	     10.62767880	     36.13448898	     -7.56805491	    -63.94537310	   -316.97829168	    -43.49281628	     32.84631367	    -45.46187281	      6.57744412	     14.26610807	    -51.28507158	      9.19157697	     10.83236288	     -2.24130619	      3.10751662	    -82.57221629	     -0.05656476	    -49.99270468	     -0.06055723	   -124.97750464	    -88.41463932	     21.09207154	     25.49662982	     -0.02982294	     -0.04202850
      4.21500000	      8.36025775	     36.13430430	     -4.89679930	    -82.40098865	   -355.52336331	    -45.81116587	     36.39702286	    -38.12427605	      5.87098458	      8.72149572	    -43.80028379	      8.69024572	     14.69520837	     -2.16838338	      3.52512247	    -92.80156333	     -0.05473042	    -57.89711036	     -0.06209966	   -131.38742052	    -97.68788220	     23.08610322	     28.87344288	     -0.02509738	     -0.03523667
      4.22000000	      3.66626242	     29.69565051	     -0.07979493	   -102.35157781	   -380.53938769	    -42.58424267	     38.63044299	    -30.68492974	      4.89304508	      1.39506767	    -32.11306627	      6.89083954	     18.79965224	     -2.35349089	      3.83667269	   -101.07720818	     -0.05229330	    -65.53050588	     -0.06227865	   -136.02822950	   -106.21131459	     24.65598765	     31.99311861	     -0.02068699	     -0.02865295
      4.22500000	      8.94374283	      9.79031181	      8.19788196	   -110.70518435	   -397.02063290	    -23.60828249	     43.37693490	    -25.69376534	      4.02136332	     -1.76444178	    -10.50925725	      2.10133549	     23.12867014	     -2.78419388	      4.03118313	   -109.55541722	     -0.04977260	    -75.68183492	     -0.06187027	   -139.21109866	   -113.09188916	     26.10014281	     35.19869669	     -0.01674389	     -0.02252905
      4.23000000	     16.41285163	    -11.30037795	     16.83843362	   -111.15147682	   -384.64213479	     -1.93032601	     49.24974737	    -25.30913061	      3.92166314	     -3.96230262	      7.77834822	     -2.70595453	     27.66269146	     -3.43793421	      4.10082477	   -117.84383391	     -0.04726474	    -84.73889561	     -0.06103334	   -140.52979000	   -118.19579542	     26.64797814	     37.61425980	     -0.01341234	     -0.01710290
      4.23500000	     26.56079624	    -23.48677932	     20.82329180	    -98.19537065	   -331.23713822	     14.31666899	     53.99814402	    -29.45670284	      4.92953665	     -0.87414701	     15.24499980	     -4.95300982	     32.37758777	     -4.28429532	      4.04121824	   -125.33533538	     -0.04484684	    -92.16393654	     -0.05981908	   -140.83520526	   -121.21789119	     26.58680217	     38.20843041	     -0.01080372	     -0.01256764
      4.24000000	     49.62668270	    -18.83451467	     15.35401726	    -60.01226572	   -247.42790528	     11.88811743	     59.51712364	    -36.36594896	      6.59515176	     15.32594963	      8.23817649	     -2.92768737	     37.24227463	     -5.28751265	      3.85163073	   -132.68937954	     -0.04259457	   -101.95544080	     -0.05828244	   -140.12802670	   -124.11134230	     26.17686152	     37.63321860	     -0.00899045	     -0.00904910
      4.24500000	     75.83041281	     -1.75578374	      4.52372674	    -16.65460032	   -162.77103674	     -5.68174076	     64.65383362	    -43.52179242	      8.41427725	     35.97814783	     -8.94021143	      2.30029852	     42.21640932	     -6.40901196	      3.53505285	   -139.67152843	     -0.04026286	   -113.10881527	     -0.05649089	   -139.16049483	   -126.51512964	     25.88380539	     36.13168633	     -0.00799655	     -0.00659739
      4.25000000	     93.73492881	     11.70441239	     -4.66576371	     13.03457392	   -101.32011689	    -19.96755598	     65.47796079	    -50.79907066	     10.68381150	     51.94387683	    -24.45613225	      7.19757414	     47.24866138	     -7.60974516	      3.09814426	   -145.07896140	     -0.03779697	   -122.58877528	     -0.05432921	   -139.28414874	   -129.25112367	     25.68979737	     35.11551122	     -0.00779358	     -0.00518878
      4.25500000	    107.37167130	     19.15638831	    -11.00358617	     33.28396508	    -60.77502644	    -28.30022521	     65.48624914	    -56.78596508	     12.66600494	     63.18620660	    -34.57356842	     10.56670032	     52.27590852	     -8.85206580	      2.55108558	   -149.93056380	     -0.03533446	   -130.66699573	     -0.05175192	   -139.84314577	   -132.04183472	     25.56639083	     34.74210442	     -0.00831335	     -0.00472847
      4.26000000	    113.92241522	     20.95658887	    -14.44068539	     41.01380500	    -36.70612034	    -30.79541052	     63.75569067	    -60.70405966	     14.17704718	     68.47650561	    -39.38699215	     12.33942876	     57.22353614	    -10.10093541	      1.90740900	   -153.65916485	     -0.03300418	   -136.50880014	     -0.04891415	   -140.43046454	   -134.84297385	     25.52393787	     35.04449271	     -0.00945182	     -0.00507888
      4.26500000	    114.00288748	     18.35744918	    -14.95091817	     38.43415967	    -23.94377104	    -27.71358266	     61.40708193	    -63.41937261	     15.33988418	     67.69309188	    -40.67553510	     12.92554430	     62.00683505	    -11.32440371	      1.18383627	   -156.66780788	     -0.03091878	   -139.71123918	     -0.04597801	   -141.20254350	   -137.41581489	     25.58452757	     35.53059723	     -0.01107865	     -0.00607069
      4.27000000	    111.68526099	     14.77533917	    -14.35188466	     30.21723156	    -26.54574813	    -24.64368931	     59.40260602	    -64.17770398	     15.79356194	     63.90872002	    -40.06477242	     12.82464561	     66.53333667	    -12.49346791	      0.40006763	   -159.29068112	     -0.02916943	   -142.43707578	     -0.04310117	   -142.21321499	   -140.48658453	     25.88378958	     36.49163786	     -0.01304634	     -0.00751712
      4.27500000	    107.15276046	      9.90213167	    -12.70607981	     17.08370987	    -41.71490191	    -20.36648139	     57.41252390	    -64.43995618	     16.00061068	     57.76935454	    -38.40868472	     12.27972495	     70.70585497	    -13.58153106	     -0.42157506	   -161.84442326	     -0.02782292	   -144.70622471	     -0.04042666	   -143.47747133	   -143.57812089	     26.10017448	     37.63038261	     -0.01519841	     -0.00922634
      4.28000000	    100.59120950	      3.74873717	    -10.40787627	     -0.26632858	    -68.49759429	    -15.49155521	     54.75482457	    -64.38494310	     16.07008346	     50.21184938	    -35.85508796	     11.34154665	     74.42601602	    -14.56374182	     -1.25672630	   -163.91414759	     -0.02692072	   -146.97447515	     -0.03807474	   -144.94297064	   -146.84487374	     26.04296734	     39.02659461	     -0.01737707	     -0.01101197
      4.28500000	     95.36083240	      0.13710115	     -8.63799678	    -16.84934203	   -104.88958492	    -11.68035061	     53.32417911	    -61.32487943	     15.03385976	     43.03718296	    -32.01107873	      9.86114614	     77.59808360	    -15.41648512	     -2.07980766	   -166.48002990	     -0.02647979	   -149.13186641	     -0.03613736	   -147.04821348	   -149.88430585	     26.95625271	     40.40631854	     -0.01943016	     -0.01270188
      4.29000000	     90.46868740	     -4.43743147	     -7.10881055	    -32.03404623	   -139.38780233	     -7.18961647	     51.22781126	    -57.69204935	     13.75395336	     37.09343685	    -26.58704576	      7.76281335	     80.13290574	    -16.11721230	     -2.86507684	   -168.05042050	     -0.02649450	   -150.92932766	     -0.03467556	   -148.66855142	   -152.45214760	     27.34262353	     41.86739828	     -0.02121778	     -0.01414572
      4.29500000	     84.98897881	     -6.43457975	     -6.85703974	    -46.75571838	   -173.63322397	     -4.11830290	     47.75272961	    -52.37751181	     12.02220831	     32.81462761	    -21.27624010	      5.68179037	     81.95183017	    -16.64469980	     -3.58776530	   -168.63809852	     -0.02693979	   -152.29351943	     -0.03371936	   -150.62756411	   -154.20785685	     28.11964522	     43.06606481	     -0.02261855	     -0.01522121
      4.30000000	     79.48950977	     -5.27902029	     -7.91394029	    -59.37354575	   -204.05412414	     -4.36222806	     43.74375969	    -45.81689955	      9.89247596	     30.06795563	    -17.02481357	      4.00439454	     82.99044208	    -16.97972786	     -4.22510943	   -168.17137804	     -0.02777346	   -153.00601945	     -0.03326999	   -152.46085584	   -155.46774964	     29.02423141	     44.00960895	     -0.02353536	     -0.01583939
      4.30500000	     72.89632069	      0.23520103	     -9.94919378	    -70.39748042	   -225.48314084	     -9.19810356	     40.11598316	    -39.43984526	      7.78240322	     27.39951401	    -16.22316108	      3.63049294	     83.20193834	    -17.10607296	     -4.75711099	   -167.21802588	     -0.02894198	   -151.87524092	     -0.03330374	   -153.86248228	   -155.85329350	     29.70732658	     44.33271023	     -0.02390052	     -0.01594868
      4.31000000	     66.11713848	      9.16136986	    -13.08421291	    -77.73366877	   -237.63435278	    -18.02158476	     36.38591138	    -33.35752022	      5.82693076	     25.85490275	    -18.27604725	      4.35712647	     82.55991234	    -17.01163089	     -5.16697012	   -164.95764200	     -0.03038309	   -149.42563365	     -0.03377677	   -155.06026814	   -155.97324482	     30.49091832	     44.33155261	     -0.02368010	     -0.01553765
      4.31500000	     62.28591645	     19.79588204	    -16.78222695	    -77.64174777	   -233.51180700	    -29.04412713	     34.33020904	    -29.68352847	      4.58630011	     26.48047412	    -23.53661367	      6.27044115	     81.06033131	    -16.68946791	     -5.44124520	   -161.83279964	     -0.03202959	   -146.45610302	     -0.03463028	   -155.15891114	   -154.72363050	     30.72285978	     43.46948147	     -0.02287699	     -0.01463620
      4.32000000	     61.16372982	     26.68179612	    -19.12088433	    -71.05534972	   -219.28742278	    -36.87839940	     34.16277005	    -29.18700894	      4.31421908	     27.84386273	    -28.57925850	      8.05388657	     78.72253303	    -16.13863506	     -5.56987902	   -157.93196558	     -0.03381311	   -142.68752314	     -0.03579535	   -154.18048161	   -153.37787168	     30.44983714	     42.63898957	     -0.02153264	     -0.01331480
      4.32500000	     62.08365814	     29.50290528	    -19.45270906	    -59.60524464	   -194.60922467	    -40.22020105	     36.47053887	    -31.54731723	      4.81196691	     28.82343190	    -32.95862213	      9.51750724	     75.58913634	    -15.36465162	     -5.54627812	   -153.45439408	     -0.03566685	   -137.88842020	     -0.03719714	   -152.30668646	   -151.11513898	     29.81571537	     41.53778188	     -0.01972685	     -0.01168169
      4.33000000	     62.59184579	     26.53826917	    -17.46319959	    -46.85478708	   -166.31696263	    -37.18968279	     39.37584106	    -36.24811492	      6.02020000	     28.56771925	    -34.92698583	     10.04734290	     71.72485015	    -14.37964650	     -5.36759689	   -148.25435452	     -0.03752751	   -131.44014795	     -0.03875791	   -149.99079861	   -148.93700889	     28.83833221	     40.67162379	     -0.01757549	     -0.00987744
      4.33500000	     62.39538172	     21.31792449	    -14.86662222	    -34.78913713	   -136.06491705	    -32.81231452	     41.62386767	    -41.32993585	      7.34628166	     28.49891532	    -35.70050907	     10.11955884	     67.21425147	    -13.20221879	     -5.03524986	   -141.80123485	     -0.03933638	   -124.71427534	     -0.04039915	   -146.76087647	   -146.52658970	     27.46219877	     39.72768892	     -0.01522583	     -0.00806701
      4.34000000	     61.25621966	     16.94711196	    -12.49186454	    -24.15360306	   -108.06116962	    -29.58313335	     43.21694743	    -45.00914913	      8.23427583	     28.59662238	    -35.89067368	      9.97042950	     62.15864795	    -11.85710563	     -4.55554202	   -134.42627570	     -0.04103949	   -117.66424067	     -0.04204260	   -143.58603666	   -143.77894895	     26.37458212	     38.74962488	     -0.01284939	     -0.00642909
      4.34500000	     59.92783085	     14.01608892	    -10.56362207	    -14.94407440	    -82.49256658	    -28.82471495	     44.67977347	    -47.10997046	      8.63318826	     29.02208013	    -35.85549924	      9.72712853	     56.67215095	    -10.37470557	     -3.94024120	   -126.60193905	     -0.04258715	   -110.57895525	     -0.04361100	   -139.76868474	   -140.88153064	     25.44306037	     37.73753317	     -0.01063211	     -0.00514281
      4.35000000	     55.76063868	     11.32429804	     -8.59712945	    -10.08066982	    -54.30116499	    -28.41293914	     44.58752007	    -48.82438164	      8.98757878	     28.77323316	    -35.97169405	      9.50591689	     50.87709438	     -8.79042875	     -3.20690069	   -117.88335847	     -0.04393308	   -102.73818197	     -0.04502860	   -135.24500036	   -136.90854482	     24.07506865	     36.21377451	     -0.00876222	     -0.00437231
      4.35500000	     48.44312696	      7.21253307	     -5.96268367	    -10.96229481	    -32.97286560	    -26.55176691	     42.94034029	    -50.77983956	      9.49557941	     26.91727456	    -35.47824027	      9.12612133	     44.89897283	     -7.14379779	     -2.37876710	   -108.82958090	     -0.04503377	    -94.16392781	     -0.04622248	   -130.65690825	   -132.98697408	     22.74680072	     34.87355248	     -0.00741579	     -0.00425117
      4.36000000	     40.12759373	      3.80893146	     -3.70893609	    -15.32320446	    -14.55680623	    -25.56880332	     40.32495294	    -52.07550235	      9.85960396	     25.12146136	    -35.02480519	      8.77413202	     38.86117563	     -5.47722577	     -1.48418757	    -99.67956529	     -0.04586395	    -85.72964005	     -0.04712464	   -125.39999662	   -128.40344577	     21.34667233	     33.32505191	     -0.00674228	     -0.00487039
      4.36500000	     30.15024894	      0.52340174	     -1.25242280	    -23.11942317	      0.38868579	    -24.30755936	     37.21241171	    -52.05796027	      9.87937173	     22.08233244	    -33.47707458	      8.18101537	     32.87991236	     -3.83441521	     -0.55550955	    -90.41489956	     -0.04668697	    -76.56112039	     -0.04787580	   -120.16350734	   -123.38198527	     20.09568244	     31.74412896	     -0.00685498	     -0.00627977
      4.37000000	     19.85195554	      1.00658153	     -0.36742344	    -32.35321019	     16.06875454	    -27.78711402	     32.96551431	    -50.21513158	      9.52696003	     20.09994358	    -33.63608946	      8.00172568	     27.05971330	     -2.25838310	      0.37247771	    -80.39697925	     -0.04756380	    -68.25409452	     -0.04865395	   -114.41733600	   -117.68079665	     18.89258055	     29.73087321	     -0.00781330	     -0.00847419
      4.37500000	     10.68067392	      1.55385937	      0.51494130	    -41.90867374	     31.07238030	    -31.53651178	     29.62293819	    -47.90249817	      9.01455095	     17.92182137	    -33.26947582	      7.70521095	     21.48974897	     -0.78924828	      1.26443807	    -71.17751133	     -0.04850277	    -60.04975670	     -0.04944822	   -107.93702203	   -111.37330890	     17.50140976	     27.74867356	     -0.00963311	     -0.01140965
      4.38000000	      0.39222666	      4.12909994	      0.86567744	    -52.91825380	     45.51250382	    -36.27415685	     25.70673908	    -43.96317088	      8.24946048	     15.10929646	    -33.27256584	      7.47645137	     16.24110453	      0.53797309	      2.08652547	    -61.61137137	     -0.04949844	    -51.67624261	     -0.05023878	   -101.78778884	   -104.60796403	     16.68792689	     25.47002565	     -0.01228673	     -0.01500842
      4.38500000	     -6.87257289	      7.58430381	      0.32605758	    -60.85059507	     62.00471780	    -42.72465254	     22.37259911	    -40.33053705	      7.51264599	     14.14930661	    -34.26138348	      7.34968635	     11.36510937	      1.69531144	      2.80834612	    -52.65631978	     -0.05052826	    -44.76721887	     -0.05098729	    -94.78644264	    -97.33997426	     15.35125066	     22.96176592	     -0.01570764	     -0.01916478
      4.39000000	    -13.50216579	     11.07952423	     -0.25665140	    -68.04496106	     80.14847013	    -48.59399545	     19.54252661	    -36.19692722	      6.69863375	     12.88180434	    -34.78912527	      7.08028604	      6.89278096	      2.66332827	      3.40465717	    -44.28880633	     -0.05130763	    -37.90299933	     -0.05143282	    -87.46878572	    -89.66197896	     14.10245229	     20.49497843	     -0.01980583	     -0.02376250
      4.39500000	    -20.33908553	     13.81191723	     -0.88063474	    -74.86604047	    101.32654645	    -53.67892196	     16.26723056	    -32.41290903	      5.95676448	     11.44430246	    -35.21928010	      6.72373570	      2.83537799	      3.43200785	      3.85666896	    -36.09597795	     -0.05110526	    -31.40038453	     -0.05078621	    -79.70692347	    -81.59553188	     12.40374795	     17.88225068	     -0.02446608	     -0.02867919
      4.40000000	    -25.43107840	     18.86687635	     -2.39608889	    -79.38335656	    119.57930485	    -60.34535003	     13.48807973	    -27.59203000	      5.09905541	     10.82187735	    -36.62199265	      6.39831596	     -0.81399964	      4.00099365	      4.15287388	    -28.55061790	     -0.05018397	    -26.03187684	     -0.04933350	    -72.23580667	    -73.51447264	     11.14723811	     15.14503662	     -0.02951949	     -0.03373989
      4.40500000	    -30.20556936	     22.78441682	     -3.90859540	    -82.58920155	    138.71412906	    -65.88854868	     10.34944463	    -22.95660404	      4.31199656	     10.37913294	    -37.35243162	      5.90008025	     -4.07787357	      4.37917823	      4.28937304	    -21.25936008	     -0.04857440	    -21.31754800	     -0.04714050	    -64.69953783	    -65.35404200	      9.62818265	     12.59917240	     -0.03480116	     -0.03879367
      4.41000000	    -33.62754202	     26.82795981	     -5.41413632	    -83.49807557	    154.61679858	    -70.82831828	      8.18302458	    -18.27606848	      3.54211307	      9.79046922	    -38.06888671	      5.31530574	     -6.99107077	      4.58371698	      4.26972224	    -15.19605201	     -0.04634036	    -17.06998433	     -0.04430998	    -57.14388782	    -57.71150957	      8.26637969	     10.07648867	     -0.04013849	     -0.04369535
      4.41500000	    -35.22973062	     30.90203428	     -7.21185627	    -81.16923945	    166.47508703	    -75.10130802	      6.24217914	    -13.61092593	      2.82644473	     10.22376015	    -38.63838265	      4.62286929	     -9.59684595	      4.63858079	      4.10436025	     -9.74891337	     -0.04372586	    -13.96396132	     -0.04117239	    -50.29752548	    -50.37331142	      7.14477586	      7.81009573	     -0.04536557	     -0.04832264
      4.42000000	    -36.87868869	     34.33703895	     -8.76824301	    -77.47508007	    179.29984143	    -77.96571238	      4.49215966	     -9.27634523	      2.18807816	     10.26123113	    -38.91280998	      3.86671607	    -11.94272616	      4.57278937	      3.80969336	     -5.05935722	     -0.04135998	    -11.24440285	     -0.03827712	    -43.42793510	    -42.96890787	      5.86172781	      5.51405036	     -0.05033141	     -0.05257075
      4.42500000	    -36.96632998	     37.96425016	    -10.36206391	    -70.75978419	    186.77421308	    -80.39210140	      3.48046359	     -4.81620576	      1.60311778	     10.70481172	    -38.95068888	      3.05067742	    -14.07641418	      4.41847339	      3.40690930	     -1.26920675	     -0.03891323	     -9.16510946	     -0.03533988	    -37.25140335	    -36.37421980	      5.06931513	      3.80684489	     -0.05485755	     -0.05631533
      4.43000000	    -35.18342404	     40.99278739	    -11.89872757	    -60.47240923	    192.36235902	    -82.64143097	      3.06769382	     -1.03148547	      1.11520023	     12.08878181	    -39.14741282	      2.19496559	    -16.04209957	      4.20889872	      2.92059822	      1.60826580	     -0.03642052	     -8.21633059	     -0.03240464	    -30.99723709	    -30.43146135	      4.00048765	      2.12362454	     -0.05880947	     -0.05948160
      4.43500000	    -34.26051864	     42.88007471	    -13.01078389	    -49.46488779	    195.60931298	    -82.63380064	      2.22784776	      2.01790108	      0.74522868	     12.95902191	    -38.87259119	      1.32770377	    -17.87747796	      3.97655258	      2.37726739	      4.14082189	     -0.03389934	     -7.31663629	     -0.02949894	    -25.47793193	    -24.99945739	      3.29447349	      0.84892059	     -0.06207828	     -0.06201983
      4.44000000	    -33.03255510	     45.56227875	    -13.78792656	    -36.34068261	    197.06896316	    -81.90722640	      2.35307171	      4.78950269	      0.42719909	     13.22635155	    -39.17210952	      0.42307993	    -19.61167408	      3.75135710	      1.80384482	      5.75853821	     -0.03135453	     -6.55994474	     -0.02663926	    -20.70786431	    -19.92738828	      2.92177891	     -0.44766228	     -0.06458517	     -0.06390543
      4.44500000	    -30.92557686	     46.64355976	    -13.84582706	    -20.91116198	    193.51347461	    -79.93846354	      3.09730250	      6.73570570	      0.17669004	     13.41089026	    -38.57798509	     -0.58934152	    -21.26414201	      3.55905976	      1.22626591	      6.54443553	     -0.02839219	     -5.81174767	     -0.02352145	    -16.40791087	    -16.06375020	      2.37467325	     -1.20513359	     -0.06632332	     -0.06518077
      4.45000000	    -30.09358154	     47.09732633	    -13.47085676	     -5.38178018	    190.04957119	    -76.75774243	      3.06308938	      7.42043373	     -0.01671270	     13.28340776	    -38.64350104	     -1.77104010	    -22.84450779	      3.41985311	      0.66822889	      7.23750014	     -0.02551610	     -5.30185571	     -0.02063370	    -12.50875629	    -12.69586643	      1.94212506	     -1.95581197	     -0.06723258	     -0.06580963
      4.45500000	    -29.62109517	     47.13138167	    -12.64353706	     10.34467632	    180.80206815	    -72.74414819	      2.86538701	      8.14036858	     -0.16128254	     12.86583357	    -38.01475962	     -3.06677364	    -24.35323113	      3.34728200	      0.15019888	      7.86564811	     -0.02285710	     -4.75566423	     -0.01805002	     -9.57895512	    -10.07200738	      1.70232954	     -2.35353603	     -0.06732953	     -0.06583008
      4.46000000	    -28.45779375	     46.76083890	    -11.32459239	     27.31924419	    170.88888637	    -67.89071730	      2.82067442	      7.89903858	     -0.29785163	     12.99976032	    -37.68226460	     -4.64615655	    -25.78291696	      3.34751208	     -0.31128235	      8.04087270	     -0.02047804	     -4.84832652	     -0.01580787	     -7.00657733	     -7.65462778	      1.36252208	     -2.85398894	     -0.06666388	     -0.06529445
      4.46500000	    -26.83224418	     45.46092271	     -9.69990672	     44.29940809	    158.56995907	    -62.54447391	      3.19341061	      7.05021667	     -0.43042757	     13.11571630	    -37.00045444	     -6.05373965	    -27.12010835	      3.41905533	     -0.70396961	      7.67791600	     -0.01841047	     -5.12727894	     -0.01391583	     -4.64861954	     -5.61549776	      0.94182795	     -3.07101892	     -0.06530941	     -0.06426475
      4.47000000	    -24.28152534	     44.34666264	     -8.12942570	     61.56916083	    141.17369961	    -56.84087476	      4.20353538	      6.77118592	     -0.52780928	     13.36710773	    -35.59999955	     -7.16173531	    -28.34738996	      3.55303815	     -1.01999211	      7.06465458	     -0.01665982	     -5.45081970	     -0.01236061	     -3.13636449	     -4.01316859	      0.88567039	     -3.09767965	     -0.06335638	     -0.06280829
      4.47500000	    -22.70402585	     43.68809853	     -6.41316421	     77.12140015	    125.33906113	    -51.65304266	      5.36667438	      6.43778020	     -0.58559408	     12.78110587	    -34.59461407	     -8.15323547	    -29.44561009	      3.73405058	     -1.25567460	      6.22227994	     -0.01521056	     -5.52117230	     -0.01111328	     -1.78160386	     -2.55654857	      0.85614749	     -3.03604620	     -0.06090319	     -0.06099367
      4.48000000	    -23.11738827	     42.84385431	     -5.01603382	     89.97820150	    112.53833790	    -46.62019965	      4.48687282	      5.24958028	     -0.68238797	     12.57409032	    -34.39546959	     -9.16755430	    -30.39603037	      3.94156622	     -1.41116181	      6.33191298	     -0.01404361	     -6.12307597	     -0.01014412	     -0.92316643	     -0.94009467	      0.52758473	     -3.04494059	     -0.05804636	     -0.05888579
      4.48500000	    -22.06201016	     43.17600558	    -11.91106708	    101.30956677	     99.96931039	    -42.71576922	      4.34316271	      4.84887328	     -0.91537059	     13.31041391	    -36.03207852	     -2.48897571	    -31.18222910	      4.15186335	     -1.48991105	      6.07606776	     -0.01308485	     -7.62550292	     -0.00938344	     -0.25888857	      1.99230369	      0.80575160	     -4.34736568	     -0.05487931	     -0.05654905
      4.49000000	    -22.09839876	     43.19036509	    -10.81317924	    112.57417529	     90.60074847	    -38.96053577	      4.86117928	      3.73437482	     -0.77850630	     12.24171580	    -36.50170821	     -2.66414591	    -31.79160498	      4.34030142	     -1.49810072	      5.38255443	     -0.01229306	     -7.59547740	     -0.00878850	      0.24714380	      2.78153022	      0.31038342	     -4.98273831	     -0.05147967	     -0.05403858
      4.49500000	    -23.28708022	     44.34741301	     -9.67038691	    120.50639169	     81.32577508	    -36.74028538	      5.51198083	      3.98604891	     -0.56729084	     10.09805299	    -36.75729376	     -2.87870036	    -32.21638029	      4.48375611	     -1.44399296	      4.80629147	     -0.01162633	     -6.89627499	     -0.00831987	      0.48301690	      3.14937341	      0.22466867	     -5.41812349	     -0.04790932	     -0.05140126
      4.50000000	    -25.80477563	     43.85062435	     -8.97759788	    124.77318123	     72.99276933	    -33.98906485	      4.31548058	      3.38540863	     -0.62181501	      8.45842621	    -36.75118219	     -3.00127626	    -32.45407628	      4.56299775	     -1.33728076	      5.00836163	     -0.01104481	     -6.38263867	     -0.00794164	      0.50916823	      3.26572293	      0.05705373	     -5.64184672	     -0.04421408	     -0.04867518
      4.50500000	    -28.77015016	     42.59207023	     -7.80680324	    126.40409663	     68.88467362	    -29.79028064	      3.57093176	      3.23725403	     -0.59249899	      6.04587906	    -35.43081664	     -3.06097290	    -32.50749279	      4.56477815	     -1.18843404	      5.01134629	     -0.01051347	     -5.33241260	     -0.00762327	      0.38433246	      3.55406658	      0.13651833	     -5.89018193	     -0.04042538	     -0.04588933
      4.51000000	    -30.79600175	     40.67553863	     -6.73013106	    126.17839714	     64.13244952	    -26.44840092	      3.01598975	      2.95434868	     -0.53937560	      4.18777555	    -33.84288013	     -3.02994587	    -32.38427478	      4.48338756	     -1.00806553	      4.81745414	     -0.01000410	     -4.43970263	     -0.00734075	      0.29050283	      3.46270021	      0.18987471	     -5.84420628	     -0.03656370	     -0.04306377
      4.51500000	    -33.03802675	     40.94318109	     -6.18350008	    123.42228531	     63.28458706	    -25.67605955	      2.41212344	      2.87113366	     -0.48148253	      2.52506444	    -34.18282429	     -3.11938704	    -32.09619314	      4.32148680	     -0.80636076	      4.60420862	     -0.00949636	     -4.08222346	     -0.00707716	      0.24146711	      3.61283033	      0.19843551	     -6.13792616	     -0.03264285	     -0.04021017
      4.52000000	    -34.58995137	     40.33920844	     -5.92412372	    118.69959510	     62.25227029	    -25.51037694	      1.51943087	      2.69924684	     -0.46617225	      1.66631727	    -34.06914116	     -3.09986135	    -31.65827155	      4.09007594	     -0.59261795	      4.46558126	     -0.00897787	     -3.99374433	     -0.00682253	      0.23346877	      3.50382903	      0.10318356	     -6.17431355	     -0.02867447	     -0.03733284
      4.52500000	    -36.18953401	     40.17874962	     -5.53642621	    111.61944514	     62.55137887	    -25.27365861	      1.05780440	      2.71948683	     -0.38545202	      0.41584445	    -34.04067441	     -3.11275124	    -31.08786748	      3.80753241	     -0.37492784	      4.14801780	     -0.00844346	     -3.75511873	     -0.00657304	      0.08395078	      3.50148088	      0.22393565	     -6.32067157	     -0.02467217	     -0.03443007
      4.53000000	    -37.31575619	     39.62649762	     -4.99338921	    103.05268350	     65.25831981	    -25.30064452	      1.10942818	      2.81748752	     -0.23566266	     -0.87150581	    -33.60675014	     -3.09208642	    -30.40379256	      3.49777029	     -0.16001357	      3.50069298	     -0.00789377	     -3.40559128	     -0.00632980	      0.12358347	      3.44680207	      0.21186181	     -6.39853806	     -0.02065482	     -0.03149588
      4.53500000	    -38.97581374	     39.76431735	     -4.90005242	     92.13151331	     68.26463713	    -26.16151086	      0.48376065	      2.79429162	     -0.18870167	     -1.90606271	    -34.03289046	     -3.12106459	    -29.62552173	      3.18770371	      0.04676969	      3.22484444	     -0.00733369	     -3.32140831	     -0.00609724	      0.02988673	      3.42251104	      0.22106641	     -6.58004394	     -0.01664864	     -0.02852187
      4.54000000	    -39.44002826	     39.27554177	     -4.77805316	     80.73969412	     70.01960205	    -26.49515063	      0.28773652	      2.78794722	     -0.09115524	     -2.39840285	    -33.73290507	     -3.05026816	    -28.77249521	      2.90429853	      0.24131091	      2.76267076	     -0.00677072	     -3.34333923	     -0.00588143	     -0.11832715	      3.30652238	      0.34264908	     -6.57858552	     -0.01268822	     -0.02549929
      4.54500000	    -40.04689099	     39.53385187	     -4.77605012	     68.27545990	     73.37491925	    -27.83350430	      0.17784225	      2.91828664	      0.01554478	     -2.98312318	    -33.99477396	     -3.03501393	    -27.86350124	      2.67157662	      0.42054960	      2.26424549	     -0.00621369	     -3.37079917	     -0.00568851	     -0.15714813	      3.19380507	      0.36346128	     -6.65595137	     -0.00881625	     -0.02242103
      4.55000000	    -40.54873227	     39.62171404	     -4.87471222	     55.41496003	     78.50626030	    -28.53056894	     -0.11780665	      2.57786930	      0.06186018	     -3.23681899	    -34.42714374	     -3.01215540	    -26.91613897	      2.50797783	      0.58226498	      1.83673062	     -0.00567170	     -3.63233679	     -0.00552334	     -0.20957631	      3.28968685	      0.31273915	     -6.84812722	     -0.00508228	     -0.01928343
      4.55500000	    -40.32767527	     40.03704493	     -4.92081725	     42.90867188	     82.82200053	    -30.06107973	      0.17022440	      2.52315865	      0.18991728	     -3.43329911	    -34.82087020	     -2.98589879	    -25.94637131	      2.42444192	      0.72489292	      1.15037207	     -0.00515352	     -3.79666739	     -0.00538852	     -0.12664979	      3.19333263	      0.22998507	     -6.91537826	     -0.00154054	     -0.01608791
      4.56000000	    -39.42579955	     40.46481448	     -5.09489305	     31.08314903	     86.00506117	    -31.26896123	      0.50809267	      2.35323001	      0.30671889	     -3.11746639	    -35.17076732	     -2.92248902	    -24.96817929	      2.42345613	      0.84740522	      0.50544378	     -0.00466726	     -4.18864576	     -0.00528388	     -0.13079535	      3.14164912	      0.23455369	     -6.95242093	      0.00175283	     -0.01284218
      4.56500000	    -39.38071421	     41.59094028	     -5.38506289	     18.91490137	     88.83251831	    -32.47839592	      0.44880165	      2.17180969	      0.35725966	     -3.15853002	    -36.08116695	     -2.93360629	    -23.99332592	      2.49916753	      0.94926814	      0.17895505	     -0.00422017	     -4.44896416	     -0.00520634	     -0.30345051	      3.15211663	      0.35642332	     -7.12742808	      0.00474283	     -0.00956102
      4.57000000	    -38.71874544	     42.42211235	     -5.84239968	      8.09102133	     90.76413833	    -34.18629953	      0.33245725	      2.25016904	      0.40168941	     -2.68057292	    -36.53616825	     -2.87339495	    -23.03123577	      2.63850619	      1.03046917	     -0.05783658	     -0.00381865	     -4.80760205	     -0.00515024	     -0.35810636	      3.01421675	      0.37066909	     -7.10039573	      0.00737864	     -0.00626673
      4.57500000	    -37.75216657	     43.80359608	     -6.14180385	     -1.17909981	     94.10346885	    -35.97186900	      0.74739986	      2.17585235	      0.49973940	     -2.38135889	    -37.46948988	     -2.86476247	    -22.08900271	      2.82311810	      1.09156662	     -0.55625702	     -0.00346813	     -5.16142109	     -0.00510785	     -0.30491927	      3.04967376	      0.34454752	     -7.24999725	      0.00961609	     -0.00298909
      4.58000000	    -36.39194160	     44.87413383	     -6.75052318	     -9.00914858	     94.71387709	    -38.06797793	      0.66809760	      2.07625716	      0.51988199	     -1.42353884	    -38.27042264	     -2.79689327	    -21.17153201	      3.03178878	      1.13370362	     -0.71520729	     -0.00317306	     -5.75267069	     -0.00507012	     -0.30826152	      2.94961426	      0.30481611	     -7.23095266	      0.01141950	      0.00023495
      4.58500000	    -36.03960388	     46.37165527	     -7.14574809	    -16.28722357	     95.48229717	    -39.78324422	      0.56020766	      2.03813431	      0.53133997	     -1.37017576	    -39.32093144	     -2.81030145	    -20.28180363	      3.24298344	      1.15855252	     -0.74571756	     -0.00293671	     -5.89423871	     -0.00502744	     -0.41799351	      2.92523423	      0.39920783	     -7.37112246	      0.01276261	      0.00336190
      4.59000000	    -34.98588570	     47.42958641	     -7.57966230	    -21.40215810	     95.21444623	    -41.63488582	      0.50894814	      2.02938072	      0.54603098	     -0.88674581	    -40.02422036	     -2.76033036	    -19.42123830	      3.43714243	      1.16818153	     -0.76399595	     -0.00276107	     -6.16496623	     -0.00497035	     -0.42901492	      2.84990559	      0.41500206	     -7.38172479	      0.01362872	      0.00634265
      4.59500000	    -33.67628956	     49.10346548	     -8.17829616	    -24.72362664	     94.07577846	    -44.09056419	      0.43205286	      2.07266084	      0.55570869	     -0.19611837	    -41.28548091	     -2.72631072	    -18.59014361	      3.59842771	      1.16485678	     -0.69169245	     -0.00264668	     -6.63745986	     -0.00489020	     -0.44703559	      2.85938587	      0.46184501	     -7.49049252	      0.01401018	      0.00912344
      4.60000000	    -32.38822799	     49.51816578	     -8.47704680	    -26.66515534	     90.75155028	    -45.65008890	      0.27509568	      1.66737977	      0.53025179	      0.26332046	    -41.94722100	     -2.65371571	    -17.78819211	      3.71571272	      1.15082860	     -0.56987242	     -0.00259256	     -6.82123808	     -0.00477962	     -0.45689436	      2.69286698	      0.46099175	     -7.41988910	      0.01390731	      0.01164710
      4.60500000	    -32.05027846	     50.47368318	     -8.93031701	    -27.78883454	     89.09803083	    -47.52287057	     -0.39438193	      1.58329939	      0.44830343	      0.39891889	    -42.92303293	     -2.61135730	    -17.01488613	      3.78274384	      1.12816292	     -0.08146588	     -0.00259615	     -6.92909677	     -0.00463289	     -0.46013321	      2.70171343	      0.42511908	     -7.51852023	      0.01332695	      0.01385434
      4.61000000	    -30.78235384	     51.01205230	     -9.46729866	    -26.90739909	     84.20366256	    -49.25907754	     -1.07619883	      1.31101504	      0.35586009	      1.14830537	    -43.78166838	     -2.49745259	    -16.27001278	      3.79754153	      1.09863573	      0.46712701	     -0.00265346	     -7.31920286	     -0.00444619	     -0.51367910	      2.64592055	      0.45416194	     -7.48194092	      0.01228079	      0.01568513
      4.61500000	    -30.31338067	     51.39757584	     -9.54379979	    -25.46463581	     79.60179550	    -50.49129469	     -1.46216003	      1.21338209	      0.31487015	      0.78802842	    -44.34768952	     -2.42569622	    -15.55411619	      3.76121744	      1.06366616	      0.92260772	     -0.00275920	     -7.05309983	     -0.00421785	     -0.51831459	      2.54078153	      0.52586624	     -7.47024156	      0.01078362	      0.01708042
      4.62000000	    -29.30942744	     51.22472581	     -9.74299510	    -22.31854149	     75.72471966	    -51.56432125	     -2.13197217	      0.26672117	      0.19696548	      1.11204731	    -45.39166823	     -2.31132959	    -14.86897995	      3.67645261	      1.02426219	      1.43178345	     -0.00290717	     -7.27192133	     -0.00394845	     -0.37112684	      2.59412141	      0.29708351	     -7.53312707	      0.00885176	      0.01798391
      4.62500000	    -28.68678199	     50.55431429	     -9.90851349	    -18.82947236	     69.78829255	    -52.16390471	     -3.14213602	     -0.44977129	      0.04389977	      1.24826445	    -45.88184177	     -2.15350294	    -14.21807272	      3.54590917	      0.98096934	      2.22298700	     -0.00309070	     -7.26592650	     -0.00364108	     -0.32466803	      2.52194530	      0.17910539	     -7.43813304	      0.00650184	      0.01834416
      4.63000000	    -28.29673798	     49.97531362	     -9.75114877	    -14.94151253	     63.05806954	    -52.51841910	     -3.73285907	     -1.11684750	     -0.04403858	      0.69558272	    -46.39470740	     -2.02543936	    -13.60688613	      3.37083522	      0.93382752	      2.83918362	     -0.00330331	     -6.87186759	     -0.00330152	     -0.27085958	      2.39345089	      0.15291193	     -7.36163362	      0.00375015	      0.01811693
      4.63500000	    -27.64613128	     49.61310994	     -9.73603369	    -10.28464150	     56.65020802	    -52.87352440	     -4.35374507	     -1.66122758	     -0.12898007	      0.43882651	    -47.01785875	     -1.85926424	    -13.04307398	      3.15008189	      0.88235482	      3.51694442	     -0.00353948	     -6.68679683	     -0.00293849	     -0.22174643	      2.40406698	      0.15655389	     -7.33691593	      0.00061284	      0.01726749
      4.64000000	    -27.11658716	     49.17445158	     -9.64806072	     -5.55950234	     49.36298496	    -52.54037884	     -4.94070378	     -2.22755645	     -0.20919401	      0.02145388	    -47.55366663	     -1.67932171	    -12.53630201	      2.87968491	      0.82557599	      4.23645070	     -0.00379549	     -6.40505452	     -0.00256389	     -0.30376231	      2.47193446	      0.34880241	     -7.33610236	     -0.00289312	      0.01577288
      4.64500000	    -26.92547146	     47.58283491	     -9.37918715	     -0.93117611	     43.62914603	    -51.67034174	     -5.71829411	     -3.37730635	     -0.34058302	     -0.50516434	    -47.80541753	     -1.47567351	    -12.09775529	      2.55307530	      0.76210424	      4.96725608	     -0.00407037	     -5.99233588	     -0.00219306	     -0.23519211	      2.49716615	      0.25646338	     -7.26557883	     -0.00674807	      0.01362379
      4.65000000	    -26.55498051	     46.10904721	     -9.00711165	      3.73193258	     37.60532225	    -51.34165728	     -6.06170269	     -4.42318268	     -0.40498285	     -1.21732817	    -48.16050321	     -1.27615407	    -11.73929873	      2.16189911	      0.69027604	      5.47322792	     -0.00436681	     -5.44017164	     -0.00184495	     -0.10408557	      2.40589200	      0.16288496	     -7.13962159	     -0.01092719	      0.01082592
      4.65500000	    -27.22131416	     44.07108696	     -8.75250930	      7.39995156	     34.41363045	    -50.58271558	     -7.05754110	     -5.66847286	     -0.57687578	     -2.04034595	    -48.38083216	     -1.06810738	    -11.47232468	      1.69735506	      0.60832257	      6.30681470	     -0.00469185	     -4.80630941	     -0.00154227	      0.01404735	      2.42576734	     -0.05767005	     -7.07392371	     -0.01539770	      0.00740065
      4.66000000	    -27.04257869	     42.78545585	     -8.46703400	     11.33139308	     29.74867641	    -50.37858178	     -7.14325255	     -6.23473123	     -0.59825936	     -2.83121006	    -48.52521918	     -0.84802792	    -11.30634956	      1.15188670	      0.51455930	      6.75555332	     -0.00505747	     -4.12670827	     -0.00131150	      0.00891867	      2.38231277	      0.09759648	     -6.94970660	     -0.02011610	      0.00338494
      4.66500000	    -27.32370108	     40.26145518	     -8.20985818	     14.47839981	     26.93656616	    -50.05906462	     -7.64277064	     -7.00612677	     -0.70031413	     -3.48202006	    -48.02753256	     -0.59503100	    -11.24745016	      0.52100493	      0.40759411	      7.37116771	     -0.00548081	     -3.36214233	     -0.00118275	      0.06865027	      2.20440390	      0.04519048	     -6.63861083	     -0.02502604	     -0.00116960
      4.67000000	    -27.01313123	     38.58845679	     -7.82584646	     18.14009357	     29.63274908	    -50.04287995	     -7.09977924	     -8.02612496	     -0.66547642	     -4.13203238	    -48.36376116	     -0.37043814	    -11.29667378	     -0.19500004	      0.28655204	      7.37686263	     -0.00598399	     -2.74146891	     -0.00118941	      0.22397413	      2.40332115	     -0.02761270	     -6.70344064	     -0.03005719	     -0.00619829
      4.67500000	    -28.64788537	     39.91374998	     -8.51451804	     18.41154553	      9.21114135	    -50.56550841	     -8.89091170	     -6.51678874	     -0.51436775	     -4.69557576	    -48.00084879	     -0.12651675	    -11.44860009	     -0.98967970	      0.15128063	     10.01334911	     -0.00659355	     -1.95167885	     -0.00136766	     -3.23045946	      2.29098847	      0.88056275	     -6.46736362	     -0.03512572	     -0.01162565
      4.68000000	    -26.26250279	     40.74963241	     -8.55617901	     23.19084130	     16.80764313	    -54.39663903	     -5.95491674	     -4.87435019	     -0.30761774	     -4.94608263	    -47.95845159	      0.12304401	    -11.69022255	     -1.84958406	      0.00248484	      8.86976235	     -0.00733960	     -1.35107700	     -0.00175566	     -2.94773943	      2.38974545	      1.04495707	     -6.40573794	     -0.04013648	     -0.01736796
      4.68500000	    -14.55552967	     45.64788914	     -8.22627779	     33.19812034	    -19.71883173	    -56.02109562	      4.38661597	     -3.08899187	     -0.37984242	     -5.15529536	    -47.52442334	      0.36911329	    -12.00026265	     -2.75412090	     -0.15824290	      4.49043302	     -0.00825457	     -0.63770781	     -0.00239369	     -6.76917198	      2.42070514	      1.27175826	     -6.26473158	     -0.04498685	     -0.02333592
      4.69000000	      2.80891914	     43.97078835	      1.16645503	     51.16252977	    -49.90715008	    -59.91847493	     21.10126358	     -1.86383574	     -0.56370304	     -7.03724173	    -42.21356496	     -5.91735908	    -12.34898293	     -3.67621255	     -0.32851150	     -4.06734985	     -0.00937197	      2.67663817	     -0.00332929	     -7.90483153	     -2.37128369	      1.27629140	     -4.22892934	     -0.04957151	     -0.02943680
      4.69500000	      7.19301826	     40.23643821	     -1.41959996	     59.73472797	     -6.93939494	    -65.57560262	     19.08966875	     -2.41825983	     -0.42519593	      1.04954775	    -42.64868204	     -5.23705747	    -12.69852053	     -4.58375928	     -0.50533088	     -3.16132273	     -0.01072520	     -1.00209582	     -0.00460131	     -5.52734121	     -2.58517258	      1.41550254	     -4.55152995	     -0.05378728	     -0.03557815
      4.70000000	     22.64334616	     26.99320385	     -7.71079199	     71.85920260	    -57.67617012	    -71.32262638	     16.69332036	     -1.82040356	     -0.53520332	     15.14000425	    -34.75237190	     -1.22762793	    -13.00370607	     -5.44183392	     -0.68538787	     -1.51032038	     -0.01236263	     -6.41178382	     -0.00624965	     -6.25721209	     -9.67293325	      1.37621742	     -3.34316619	     -0.05753577	     -0.04166800
      4.70500000	     39.74768534	     26.19102551	    -15.63800506	     89.23268095	    -63.06566515	    -74.97724390	      5.93376684	     -0.83871221	     -0.55282352	     42.27900064	    -32.61632389	     -2.10839975	    -13.21328913	     -6.21543104	     -0.86534222	      5.17986300	     -0.01432688	    -20.63790533	     -0.00831090	    -10.51902936	     -9.33906411	      1.90063075	     -3.82421208	     -0.06072826	     -0.04761565
      4.71000000	     16.34517010	     29.40877357	    -17.67733796	     65.78101090	    -38.90605470	    -78.44610896	     -5.50816025	      0.85469845	     -0.57686697	     35.00949059	    -35.03389479	     -1.98285867	    -13.27145903	     -6.87248492	     -1.04208196	     11.90645157	     -0.01664341	    -15.90577547	     -0.01081631	    -14.56549441	    -10.10925649	      2.62716212	     -3.69000557	     -0.06328690	     -0.05333088
      4.71500000	    -15.89300970	     29.42319582	    -18.53977419	     30.71007898	    -16.64033377	    -83.01346719	    -17.08418873	      6.21876226	     -0.55237514	     19.67215206	    -32.89018798	     -0.68015317	    -13.11949670	     -7.38679630	     -1.21289356	     18.80929424	     -0.01933555	     -6.61628095	     -0.01378875	    -17.93448839	    -12.33919027	      3.45163663	     -2.41530078	     -0.06514420	     -0.05872192
      4.72000000	    -46.30150721	     28.29990211	    -18.04171761	     -2.56178767	      8.51420466	    -86.90973798	    -26.89719070	      7.56011729	     -0.62458273	      4.27695315	    -33.35817505	      0.14046325	    -12.69735701	     -7.74049670	     -1.37552750	     24.04973602	     -0.02241407	      2.55254613	     -0.01723805	    -21.32325807	    -15.43140104	      3.86051134	     -0.94938247	     -0.06624454	     -0.06369272
      4.72500000	    -57.29823371	     30.48119213	    -15.02037844	    -18.09128255	     22.43740492	    -89.35931224	    -20.51491938	      6.95468352	     -0.93128101	     -9.59145982	    -34.80150881	      0.64502111	    -11.94502876	     -7.92573303	     -1.52815503	     19.81945860	     -0.02586982	     10.50605749	     -0.02115373	    -25.54584492	    -17.97648474	      4.71084929	      0.43501599	     -0.06654607	     -0.06814058
      4.73000000	    -52.56210558	     29.93817842	    -10.14134529	    -17.56336631	     38.15716445	    -89.40317289	     -4.55856224	      2.96637393	     -1.18100771	    -19.02358864	    -35.28439955	      0.98028021	    -10.80365477	     -7.94537166	     -1.66922243	      9.85971982	     -0.02966373	     15.74223001	     -0.02547868	    -29.47472967	    -20.68768371	      5.26933399	      2.01682478	     -0.06602336	     -0.07195718
      4.73500000	    -41.34877426	     26.15904779	     -6.51065275	    -10.99780282	     48.86998202	    -83.49559960	      8.85437185	     -5.06875246	     -1.15043476	    -20.68282146	    -35.72195697	      1.34756403	     -9.21658641	     -7.81268487	     -1.79722794	      0.23577884	     -0.03357792	     16.35710800	     -0.02981884	    -34.84934006	    -23.19121542	      5.90704745	      3.04234771	     -0.06468445	     -0.07506713
      4.74000000	    -19.74189523	     19.64214691	     -4.23383509	      4.38186300	     36.22884797	    -77.26593012	     22.70760538	    -13.15808954	     -0.87368175	    -14.79054906	    -33.13480559	      1.64336279	     -7.13073680	     -7.55014470	     -1.91046606	    -10.27899400	     -0.03729890	     12.28887162	     -0.03430538	    -41.35086989	    -28.13972700	      6.88889301	      4.93468572	     -0.06257085	     -0.07732574
      4.74500000	      7.37819445	     13.66286270	     -3.40048651	     23.13840169	     -0.71287255	    -74.45651608	     35.78315568	    -22.03465582	     -0.24204317	     -4.24524673	    -31.59964781	      1.86220026	     -4.49865681	     -7.18755460	     -2.00678581	    -21.58761166	     -0.04106294	      4.56571299	     -0.03887106	    -48.59075714	    -36.24027273	      8.00658116	      7.65516182	     -0.05969508	     -0.07862130
      4.75000000	     23.39618439	     11.22133829	     -5.57737141	     28.61872567	    -49.90265272	    -78.97152346	     37.72942682	    -31.03053768	      0.80731841	      7.04804952	    -35.40558188	      2.52984754	     -1.28158893	     -6.75979446	     -2.08340142	    -27.70050542	     -0.04482267	     -5.54430680	     -0.04343870	    -57.49289907	    -46.40120109	      9.35272348	     11.29980226	     -0.05612139	     -0.07885604
      4.75500000	     32.50125942	     15.69924996	    -11.40634498	     23.25366606	   -117.49083108	    -92.92562002	     32.35004205	    -34.94259650	      1.89139749	     19.38261323	    -41.53793495	      3.68832204	      2.54659407	     -6.30445259	     -2.13678457	    -30.91297160	     -0.04850872	    -18.21969020	     -0.04791339	    -67.34269309	    -58.54688668	     11.21400028	     15.65911209	     -0.05193892	     -0.07795641
      4.76000000	     30.02210471	     20.06843253	    -17.50878641	      3.50801645	   -185.19863498	   -103.84439481	     19.86784907	    -36.89298147	      3.14837762	     28.13369594	    -46.29586176	      4.95755832	      6.99504169	     -5.85956676	     -2.16265521	    -31.76283243	     -0.05205901	    -30.20623228	     -0.05252866	    -78.29735123	    -70.38122205	     13.24862132	     20.17313944	     -0.04726277	     -0.07590901
      4.76500000	      5.41594193	     19.45085891	    -15.18454289	    -43.16756336	   -242.80907520	   -100.83766382	      8.82176737	    -40.99026558	      4.94889450	     15.37663832	    -49.67299287	      5.95516070	     12.05192940	     -5.46160821	     -2.15606886	    -35.85943384	     -0.05576264	    -31.33885345	     -0.05672457	    -89.05484108	    -80.68654756	     14.97473984	     23.75117451	     -0.04225838	     -0.07271164
      4.77000000	    -22.10757036	     15.90142270	     -7.73238734	    -93.59624137	   -284.80544379	    -87.92541475	      4.35951135	    -43.31618721	      6.56202850	     -6.51481424	    -48.18117324	      6.08467122	     17.68164440	     -5.14376167	     -2.11158894	    -44.51955712	     -0.05861572	    -27.57259886	     -0.05995521	    -99.15390599	    -89.23767858	     16.72812272	     26.50183593	     -0.03705063	     -0.06839787
      4.77500000	    -30.99355840	     14.72193896	     -3.82351267	   -122.63123599	   -320.98481974	    -77.84808669	      4.30070779	    -43.17277438	      7.69270629	    -16.12600967	    -44.68706909	      5.94581294	     23.82381531	     -4.93450130	     -2.02354430	    -55.71323935	     -0.06042563	    -30.99923223	     -0.06199019	   -108.14179718	    -97.81647691	     18.84603379	     29.26518983	     -0.03180725	     -0.06306779
      4.78000000	    -23.28456454	     16.45802136	     -5.00306043	   -128.69328825	   -335.89803655	    -71.98357411	      5.25902702	    -40.83459340	      8.25140111	    -11.56284502	    -40.26457765	      5.76379908	     30.39453374	     -4.85643504	     -1.88638701	    -66.48270842	     -0.06104888	    -41.89044423	     -0.06266227	   -115.86219475	   -105.63078223	     20.42586937	     31.20880428	     -0.02670323	     -0.05687199
      4.78500000	     -4.20617885	     19.45462062	     -8.46973717	   -116.92835691	   -327.48347365	    -70.08255890	      9.78757655	    -34.60946781	      7.63338412	     -0.17055538	    -32.82962789	      4.90110317	     37.28976861	     -4.92538443	     -1.69516491	    -76.78724584	     -0.06025226	    -56.18835436	     -0.06148013	   -121.53937790	   -113.33917320	     21.94391691	     33.09208405	     -0.02191988	     -0.05005505
      4.79000000	     19.05620139	     23.75037376	    -11.29169706	    -95.54636345	   -300.32924455	    -70.46951954	     19.55198865	    -25.48949050	      5.75356868	      9.98684426	    -24.21340297	      3.52721643	     44.39063240	     -5.14967963	     -1.44610234	    -87.12550885	     -0.05818437	    -69.78276819	     -0.05981757	   -125.72348776	   -120.97648770	     23.84966093	     34.51772628	     -0.01763527	     -0.04279459
      4.79500000	     45.70594507	     19.56669626	    -10.49003063	    -65.71463058	   -258.71498264	    -62.32917420	     33.23666464	    -21.65124823	      4.47447232	     18.10481849	    -13.74750772	      1.40974565	     51.56985307	     -5.52967771	     -1.13724408	    -97.84941894	     -0.05580006	    -82.22469708	     -0.05785013	   -128.52245609	   -128.61136475	     25.13267685	     36.05880604	     -0.01396061	     -0.03534182
      4.80000000	     72.52671622	     10.38753863	     -6.87805985	    -32.07234715	   -205.82584622	    -46.35655186	     49.18676732	    -23.32738893	      4.15671158	     23.54804817	     -4.34136283	     -0.75185739	     58.69861364	     -6.05754699	     -0.76908308	   -109.12054496	     -0.05321710	    -92.57459671	     -0.05571892	   -130.70843531	   -135.07303199	     25.86615565	     37.16985025	     -0.01100378	     -0.02795758
      4.80500000	     95.36739921	     -2.10746252	     -2.77242536	     -1.95813510	   -151.80562866	    -25.42808574	     61.54939187	    -29.18239933	      4.98308927	     28.49551992	      3.24054780	     -2.64828484	     65.65289212	     -6.71738331	     -0.34508047	   -119.09249666	     -0.05054498	   -102.25820146	     -0.05355427	   -131.92921695	   -140.72964711	     25.83472213	     37.93041209	     -0.00883322	     -0.02089689
      4.81000000	    116.04355901	    -12.05683294	      0.08005283	     25.68848727	   -110.86593401	     -5.59584741	     71.19916753	    -36.21313231	      6.32029257	     34.09940402	      7.57976853	     -3.75655080	     72.31854341	     -7.48571153	      0.12801063	   -128.53496406	     -0.04788382	   -112.29878542	     -0.05117184	   -134.11304449	   -145.85336879	     26.15746473	     38.58648637	     -0.00747216	     -0.01439396
      4.81500000	    132.64742116	    -18.59317173	      1.22461137	     47.00917480	    -84.31382049	      8.21411780	     77.24285386	    -42.93245514	      7.82491876	     39.79887399	      8.63914462	     -3.92385522	     78.59459079	     -8.33238361	      0.64009418	   -136.92993421	     -0.04525090	   -123.06464216	     -0.04841953	   -135.81071125	   -151.12673862	     26.25111445	     39.58735473	     -0.00690219	     -0.00862714
      4.82000000	    139.59404612	    -19.67532311	      0.70382451	     55.90460148	    -70.89546842	     14.64505620	     77.05817280	    -48.10261914	      9.34149667	     43.66923603	      5.11173349	     -2.67309056	     84.39450276	     -9.22186145	      1.17798267	   -142.62970079	     -0.04240717	   -133.50245221	     -0.04546815	   -138.06469265	   -156.04090166	     26.40897597	     40.26368969	     -0.00705529	     -0.00373542
      4.82500000	    137.71361013	    -18.49565281	      0.62839359	     52.32394857	    -72.13905280	     17.69958435	     73.68943579	    -52.38418280	     10.87881747	     43.11147023	     -0.67559263	     -0.65952658	     89.64555354	    -10.11488015	      1.72590494	   -147.54790231	     -0.03950537	   -142.07848961	     -0.04248890	   -140.67445058	   -160.77638955	     26.77987665	     41.20841428	     -0.00783652	      0.00020191
      4.83000000	    131.33084866	    -12.41218874	      0.56547757	     41.95511431	    -83.39932317	     15.07620105	     70.57893957	    -54.31188815	     11.70702181	     39.11834134	     -8.74016482	      2.15735734	     94.28666767	    -10.97046091	      2.26616865	   -152.92969410	     -0.03670769	   -148.77893849	     -0.03963971	   -143.65219243	   -164.76853000	     27.46786067	     41.89437140	     -0.00912872	      0.00316891
      4.83500000	    123.44386907	     -6.10524721	      0.62460975	     28.22623719	   -105.56427623	     10.82977942	     67.18053439	    -55.66390100	     12.34933444	     34.14769060	    -16.49768773	      4.97419605	     98.26542098	    -11.74816610	      2.77987031	   -158.54885952	     -0.03415882	   -154.95487183	     -0.03705506	   -146.68197746	   -168.50399148	     28.04175944	     42.90629916	     -0.01079963	      0.00520967
      4.84000000	    113.69945725	      1.51631159	     -0.00848855	     11.53273095	   -136.70421624	      4.87037019	     62.20006166	    -55.30641422	     12.55246363	     29.33528765	    -23.83202247	      7.70936349	    101.53503427	    -12.41041906	      3.24759671	   -163.48787622	     -0.03197749	   -160.69182232	     -0.03483949	   -150.01926423	   -172.05785436	     28.84205754	     43.74966608	     -0.01270842	      0.00641791
      4.84500000	    105.05709257	      9.38765592	     -1.23755544	     -5.11612406	   -174.04301622	     -2.39142224	     57.46634476	    -52.98506818	     12.05740273	     25.48156286	    -29.25392828	      9.81527929	    104.05216040	    -12.92467771	      3.65013334	   -168.27894525	     -0.03025148	   -166.36928295	     -0.03309044	   -152.90783290	   -175.22819560	     29.67197440	     44.71271631	     -0.01471178	      0.00692178
      4.85000000	     93.69428973	     14.59070018	     -2.22289221	    -25.56328986	   -212.22534440	     -6.86366484	     50.42072648	    -50.37113454	     11.59263176	     21.52817367	    -32.54905482	     11.11501255	    105.77603612	    -13.26526513	      3.96923147	   -171.47951704	     -0.02903580	   -170.81259601	     -0.03186335	   -155.35203638	   -177.76440136	     30.23332616	     45.73242547	     -0.01666974	      0.00686969
      4.85500000	     80.92717656	     17.96405301	     -2.70297494	    -46.61131922	   -245.64933001	     -8.53322611	     42.99885521	    -46.35233051	     10.63755225	     16.98391659	    -33.21890557	     11.33082723	    106.66924521	    -13.41473104	      4.18848041	   -173.15964367	     -0.02835363	   -172.95141755	     -0.03113628	   -157.46196765	   -179.58811408	     30.80016098	     46.52993833	     -0.01845149	      0.00641118
      4.86000000	     70.82654138	     20.23231225	     -3.51280172	    -63.31681120	   -274.10084071	     -8.37351260	     36.55419237	    -41.12557363	      9.18966994	     14.18275409	    -31.47369449	     10.60650954	    106.69998178	    -13.36470722	      4.29430046	   -173.76910237	     -0.02819938	   -174.04755511	     -0.03087812	   -158.95057949	   -180.77866679	     31.65592635	     47.16986240	     -0.01994124	      0.00568491
      4.86500000	     64.11860753	     18.97858136	     -3.68313489	    -73.28546698	   -289.24146535	     -5.08342388	     31.96469355	    -37.10469288	      7.98967686	     12.80870381	    -27.76439915	      9.11582868	    105.84536232	    -13.11626607	      4.27700008	   -172.72553615	     -0.02854306	   -173.74386501	     -0.03105184	   -159.39176388	   -181.03461320	     31.90348113	     47.63530224	     -0.02104390	      0.00480710
      4.87000000	     61.99041319	     16.42666408	     -3.22396646	    -75.29259948	   -295.21017978	     -1.36456939	     31.26452167	    -33.15820610	      6.54897636	     12.07459918	    -22.82284647	      7.14064372	    104.09512560	    -12.67979007	      4.13176042	   -170.89850141	     -0.02933512	   -172.03189049	     -0.03161733	   -158.87879354	   -180.96825102	     32.19712291	     48.03048889	     -0.02169035	      0.00386299
      4.87500000	     64.17364453	     13.88080506	     -2.59438648	    -68.66935428	   -283.93997093	      2.02215701	     33.94377679	    -30.15898198	      5.22750211	     12.69159193	    -18.38796754	      5.40755823	    101.45505978	    -12.07434805	      3.85938165	   -167.90792504	     -0.03051139	   -168.54980968	     -0.03253383	   -157.30038647	   -179.64252899	     32.23966063	     47.87094792	     -0.02184191	      0.00290184
      4.88000000	     68.69854662	      9.99873150	     -1.44248913	    -56.89261068	   -262.56192628	      7.05971256	     38.41630810	    -29.12701144	      4.53008106	     14.09117860	    -14.48772757	      3.93234046	     97.94964730	    -11.32657306	      3.46664250	   -163.91436147	     -0.03199738	   -163.54118962	     -0.03376184	   -155.15510462	   -177.28232225	     32.10352043	     47.32114543	     -0.02149363	      0.00193569
      4.88500000	     73.63304260	      6.54345527	     -0.70625588	    -42.98815802	   -231.47696956	      9.58628198	     42.85158467	    -29.52580790	      4.33931016	     16.60355400	    -12.41644487	      3.21103623	     93.62363384	    -10.46905228	      2.96616848	   -158.14976286	     -0.03371201	   -157.69137774	     -0.03526453	   -152.00787540	   -173.93273656	     31.21962881	     46.45602682	     -0.02067601	      0.00094193
      4.89000000	     76.69977471	      6.02425331	     -0.88009367	    -31.33229401	   -202.11485185	      8.44984568	     46.21634732	    -29.52998102	      4.16258066	     19.22061717	    -12.65645209	      3.35577574	     88.54244634	     -9.53828628	      2.37579167	   -151.31254499	     -0.03557058	   -151.05501076	     -0.03695919	   -148.69065802	   -170.14611993	     30.76320009	     45.37394659	     -0.01945492	     -0.00013188
      4.89500000	     75.46818930	      7.65858644	     -1.59025812	    -24.59958254	   -170.83491656	      3.80794238	     47.31781232	    -29.91577216	      4.27287884	     20.96135463	    -15.76472930	      4.47149679	     82.79152312	     -8.57234388	      1.71749590	   -142.69926113	     -0.03748717	   -143.33509364	     -0.03873685	   -144.97779632	   -165.51213183	     29.98537112	     43.78154013	     -0.01792928	     -0.00135567
      4.90000000	     70.39542542	      9.59883104	     -2.21391542	    -23.60746133	   -144.51686698	     -1.37359715	     46.71544625	    -30.76930234	      4.64683976	     21.19832920	    -20.02985094	      5.88150773	     76.47464776	     -7.60841486	      1.01610688	   -133.62591696	     -0.03937673	   -134.51893931	     -0.04051269	   -140.96829198	   -160.33397723	     29.09165246	     42.03710112	     -0.01622665	     -0.00280581
      4.90500000	     62.85516271	     11.18768401	     -3.04190013	    -25.48529865	   -118.59914421	     -6.94257903	     44.36495147	    -32.11847662	      5.22586444	     21.10863650	    -24.79180021	      7.33287207	     69.71137388	     -6.68052986	      0.29787407	   -123.69343568	     -0.04115701	   -125.00201808	     -0.04219939	   -136.49321645	   -154.65222220	     27.75149673	     40.13324574	     -0.01449618	     -0.00455229
      4.91000000	     53.98378038	     11.85666160	     -3.82333867	    -29.26237580	    -94.75547469	    -11.26763046	     40.93143141	    -33.63612283	      5.88244984	     20.86349947	    -29.11059533	      8.50567297	     62.63364460	     -5.81771813	     -0.41095898	   -113.33997098	     -0.04275074	   -115.23596277	     -0.04371119	   -131.82138813	   -148.31464960	     26.50397881	     38.12093804	     -0.01289928	     -0.00664840
      4.91500000	     45.65438910	     12.56060251	     -4.81095247	    -32.16007025	    -69.62358477	    -15.81627836	     37.65093261	    -34.73947631	      6.34623340	     21.03652071	    -33.00941333	      9.40948801	     55.38171756	     -5.04277128	     -1.08552984	   -102.99240910	     -0.04408798	   -105.44568878	     -0.04496798	   -126.59996268	   -141.39145306	     25.23861857	     35.94358323	     -0.01159772	     -0.00912522
      4.92000000	     38.25120525	     12.90825507	     -5.73029994	    -33.98764267	    -43.59158613	    -19.90643529	     35.00028019	    -35.47058518	      6.60100585	     21.36949545	    -36.09955391	      9.93828134	     48.09951040	     -4.37163847	     -1.70362068	    -93.13440533	     -0.04510894	    -95.70116188	     -0.04589991	   -120.79790217	   -133.86056567	     23.84167722	     33.52968835	     -0.01073973	     -0.01199013
      4.92500000	     30.09382768	     11.82106804	     -6.49267705	    -36.11415748	    -16.87034968	    -23.30453527	     31.52564696	    -35.38609660	      6.61816618	     21.51524886	    -37.49172599	      9.89205482	     40.92953352	     -3.81336914	     -2.24675545	    -82.65301314	     -0.04605596	    -86.10650851	     -0.04654114	   -114.70178811	   -126.29118836	     22.36693338	     31.20458834	     -0.01045110	     -0.01523256
      4.93000000	     21.85016230	     12.88999748	     -7.40985308	    -38.43337515	     15.59788021	    -28.04442294	     29.00350612	    -34.20012344	      6.29833260	     20.99618208	    -39.44679606	      9.90313319	     34.00763686	     -3.37047049	     -2.70106847	    -73.09387203	     -0.04705795	    -76.18617770	     -0.04728607	   -107.84058547	   -117.64028336	     20.92460652	     28.43479823	     -0.01081110	     -0.01882133
      4.93500000	     11.39044176	     14.06697433	     -8.46472860	    -43.09580966	     49.39842719	    -33.09093344	     25.03877956	    -31.71025591	      5.75434248	     19.71516785	    -40.58999306	      9.64032333	     27.45780382	     -3.03957831	     -3.05787921	    -63.02849366	     -0.04813251	    -66.40012452	     -0.04819654	   -100.73028760	   -108.87944492	     19.49236208	     25.62303662	     -0.01186129	     -0.02269811
      4.94000000	      0.37946501	     13.80291176	     -8.91517939	    -48.09870798	     88.17042215	    -36.47947933	     21.17708387	    -29.22585523	      5.21320923	     17.50512112	    -40.47582405	      9.07341849	     21.38724541	     -2.81240574	     -3.31393627	    -53.45826578	     -0.04930295	    -56.55181837	     -0.04930881	    -93.00943016	    -99.76448012	     17.81251200	     22.93146689	     -0.01360571	     -0.02679751
      4.94500000	    -10.83760523	     16.49312417	    -10.09790647	    -52.75408743	    130.22833483	    -42.48414005	     17.21340856	    -24.62122455	      4.33555666	     15.31480486	    -40.87493835	      8.59481005	     15.88213144	     -2.67694034	     -3.47133947	    -43.91685410	     -0.05059425	    -47.50399351	     -0.05065910	    -85.39136120	    -90.39035791	     16.68130251	     20.15518841	     -0.01601687	     -0.03104602
      4.95000000	    -22.33358188	     18.22088189	    -11.03843099	    -56.85907041	    178.28251435	    -47.59560907	     12.79325904	    -21.56235483	      3.77406510	     12.97518053	    -41.84607536	      8.17195868	     11.00434685	     -2.61880783	     -3.53718251	    -34.98023196	     -0.05177584	    -39.07114598	     -0.05181046	    -77.24609056	    -80.93331450	     14.77076123	     17.28442920	     -0.01905288	     -0.03539083
      4.95500000	    -33.18514428	     21.01583311	    -11.96640952	    -59.38359431	    226.74181266	    -52.80153471	      8.97998943	    -17.68417238	      3.11901065	     10.28383358	    -42.73039549	      7.67881200	      6.78959255	     -2.62267494	     -3.52297353	    -26.79259617	     -0.05209622	    -31.26510733	     -0.05200843	    -69.59782205	    -71.86604711	     13.39083567	     14.56264448	     -0.02265762	     -0.03976654
      4.96000000	    -41.97081332	     24.26140238	    -12.93844975	    -59.11834673	    277.86101346	    -58.35744622	      6.16732238	    -14.00747101	      2.51698868	      8.16874654	    -43.88305421	      7.16878431	      3.24699242	     -2.67355101	     -3.44388445	    -19.84478751	     -0.05189734	    -24.69493704	     -0.05164202	    -61.67472348	    -63.09353786	     11.87950638	     11.95080552	     -0.02672705	     -0.04407304
      4.96500000	    -51.23169165	     27.72133220	    -13.86651942	    -58.32970438	    330.24868938	    -63.74032027	      2.91142696	    -10.87131939	      2.05817497	      5.68768591	    -45.66504400	      6.67871208	      0.36019434	     -2.75786241	     -3.31785164	    -13.38449218	     -0.05124900	    -18.82138731	     -0.05080510	    -54.17167372	    -54.85672497	     10.22348996	      9.43035404	     -0.03117001	     -0.04824560
      4.97000000	    -59.02550522	     31.82190773	    -14.81570716	    -55.32179146	    380.46582248	    -68.54548064	      0.36692224	     -7.30548887	      1.61038332	      3.42490809	    -47.22140495	      6.09181774	     -1.91021338	     -2.86419416	     -3.16451600	     -7.89304902	     -0.05023115	    -13.86881427	     -0.04964925	    -47.38201942	    -47.30589208	      9.19931280	      7.19738130	     -0.03589154	     -0.05223255
      4.97500000	    -64.85319293	     34.91439549	    -15.42527363	    -49.33635073	    432.85243278	    -71.99092374	     -1.33766318	     -4.91029460	      1.30590016	      1.70180101	    -48.55130109	      5.42744754	     -3.62328422	     -2.98361593	     -3.00398194	     -3.63595437	     -0.04930980	     -9.96059517	     -0.04948972	    -40.77958395	    -40.00833515	      7.78751276	      5.17770218	     -0.04081179	     -0.05604642
      4.98000000	    -69.90258735	     38.70915978	    -16.01163637	    -41.64654115	    486.31586250	    -75.34542490	     -2.48744475	     -3.36067197	      1.09469279	     -0.03688928	    -51.08490520	      4.77324141	     -4.85365044	     -3.10955683	     -2.85541217	     -0.44733052	     -0.04899797	     -6.84850342	     -0.04980570	    -34.39642053	    -33.28308085	      6.49157891	      3.17129556	     -0.04583965	     -0.05959885
      4.98500000	    -74.29920895	     41.54300400	    -16.43054300	    -32.59844569	    538.00793289	    -78.11533835	     -3.69583043	     -2.63167442	      0.97009036	     -1.56121534	    -53.38389284	      4.02300355	     -5.68711740	     -3.23726487	     -2.73554905	      2.09829952	     -0.04902210	     -4.47743184	     -0.05069502	    -28.45644921	    -27.39227316	      5.03956028	      1.66601034	     -0.05085854	     -0.06286647
      4.99000000	    -78.52732783	     46.85965384	    -17.55831958	    -23.04798061	    587.98884431	    -82.15119519	     -5.10740186	     -1.10511553	      0.85633225	     -2.63591141	    -57.01073831	      3.23386649	     -6.21614525	     -3.36295911	     -2.65732745	      4.42401899	     -0.04943459	     -3.25745118	     -0.05222141	    -23.25080396	    -21.69838853	      4.28811326	      0.03600989	     -0.05577217	     -0.06583297
      4.99500000	    -90.71920466	      6.78076541	     -6.89044489	     -3.21596009	    905.45394974	    -29.45836994	     -5.63392402	     -7.99547629	      0.88126462	     -7.23338079	    -28.73976228	      2.60859584	     -6.53538854	     -3.48285609	     -2.62877240	      4.61983259	     -0.05025793	      3.54070736	     -0.05340448	      1.50387099	      1.86480586	     -0.47187690	     -1.01090239	     -0.06048422	     -0.06859043
      5.00000000	    -90.91993815	     10.57710380	     -7.84268000	      5.97590685	    886.53555718	    -34.60688754	     -6.00550209	     -7.94119187	      0.71765472	     -8.60542114	    -31.65107848	      2.31371363	     -6.73739489	     -3.59232570	     -2.65236246	      4.46238323	     -0.05065604	      3.30150904	     -0.05442989	      1.56093292	      1.89442245	     -0.48315705	     -1.07038593	     -0.06496640	     -0.07104388
