Joint Reaction Loads
version=1
nRows=1000
nColumns=10
inDegrees=no

This file contains the reaction forces and moments
applied to the specified body of a joint pair and expressed  in the specified reference frame.

Units are S.I. units (seconds, meters, Newtons, ...)
endheader
time	hip_r_on_femur_r_in_ground_fx	hip_r_on_femur_r_in_ground_fy	hip_r_on_femur_r_in_ground_fz	hip_r_on_femur_r_in_ground_mx	hip_r_on_femur_r_in_ground_my	hip_r_on_femur_r_in_ground_mz	hip_r_on_femur_r_in_ground_px	hip_r_on_femur_r_in_ground_py	hip_r_on_femur_r_in_ground_pz
      0.00500000	     26.06066883	   -755.92432321	    193.08814779	     -0.00033667	      0.00123090	      0.00030938	     -0.22847773	      0.86078980	     -0.47502230
      0.01000000	     21.82697459	   -715.29711037	    185.02425848	     -0.00039021	      0.00114043	      0.00029744	     -0.22791437	      0.86495399	     -0.47501310
      0.01500000	     18.19925725	   -678.54713817	    178.52808433	     -0.00043709	      0.00096069	      0.00032518	     -0.22735560	      0.86911651	     -0.47500648
      0.02000000	     14.82337421	   -639.26602714	    173.08201065	     -0.00052821	      0.00076451	      0.00026994	     -0.22680682	      0.87327493	     -0.47500479
      0.02500000	      8.60972203	   -609.47884345	    172.60027939	     -0.00042000	      0.00085086	      0.00029671	     -0.22627327	      0.87742628	     -0.47501032
      0.03000000	      5.07657138	   -575.61280941	    166.52190575	     -0.00041989	      0.00086673	      0.00035608	     -0.22575992	      0.88156678	     -0.47502520
      0.03500000	      1.51408186	   -546.35004954	    161.35601779	     -0.00037999	      0.00088118	      0.00046792	     -0.22527136	      0.88569172	     -0.47505136
      0.04000000	     -2.00339038	   -519.51601093	    152.62441406	     -0.00037380	      0.00098604	      0.00064913	     -0.22481177	      0.88979525	     -0.47509054
      0.04500000	     -5.77796504	   -498.35877257	    150.50234049	     -0.00033859	      0.00102923	      0.00074301	     -0.22438485	      0.89387037	     -0.47514416
      0.05000000	    -10.73770425	   -487.68060882	    150.54777996	     -0.00031677	      0.00101313	      0.00089450	     -0.22399375	      0.89790885	     -0.47521336
      0.05500000	    -15.18803147	   -482.33314344	    152.17613978	     -0.00026348	      0.00087704	      0.00105695	     -0.22364111	      0.90190135	     -0.47529896
      0.06000000	    -18.93315160	   -483.71769643	    157.44729753	     -0.00004334	     -0.00006260	      0.00132125	     -0.22332895	      0.90583744	     -0.47540139
      0.06500000	    -22.66234043	   -473.25959583	    156.85234642	     -0.00004932	      0.00002867	      0.00139681	     -0.22305875	      0.90970576	     -0.47552073
      0.07000000	    -23.68432911	   -453.73306496	    156.60294247	      0.00014249	     -0.00057421	      0.00147183	     -0.22283142	      0.91349420	     -0.47565664
      0.07500000	    -24.65849677	   -420.53790168	    148.74668602	     -0.00000066	      0.00050171	      0.00129637	     -0.22264730	      0.91719009	     -0.47580843
      0.08000000	    -24.63649612	   -387.86529852	    139.66027113	     -0.00014109	      0.00162927	      0.00109834	     -0.22250622	      0.92078038	     -0.47597499
      0.08500000	    -23.89961436	   -365.50692849	    135.17557508	     -0.00013583	      0.00192550	      0.00098100	     -0.22240747	      0.92425191	     -0.47615489
      0.09000000	    -21.84507848	   -329.74980152	    130.62635687	     -0.00000479	      0.00206692	      0.00083497	     -0.22234990	      0.92759156	     -0.47634635
      0.09500000	    -17.32398494	   -277.24088662	    122.04655848	      0.00017858	      0.00215680	      0.00057091	     -0.22233189	      0.93078648	     -0.47654733
      0.10000000	    -16.06541252	   -253.64871257	    117.05479065	      0.00022211	      0.00236458	      0.00045766	     -0.22235145	      0.93382423	     -0.47675556
      0.10500000	    -17.63735539	   -244.27694174	    114.96045984	      0.00022431	      0.00246677	      0.00045218	     -0.22240620	      0.93669297	     -0.47696864
      0.11000000	    -18.88752851	   -241.58125241	    114.18092238	      0.00021834	      0.00240695	      0.00048915	     -0.22249348	      0.93938151	     -0.47718406
      0.11500000	    -45.94459343	   -320.16090816	    121.16019071	     -0.00050337	      0.00094632	      0.00159723	     -0.22261040	      0.94187945	     -0.47739935
      0.12000000	    -70.72329348	   -445.77438941	    151.86264249	     -0.00098793	     -0.00050339	      0.00266786	     -0.22275384	      0.94417722	     -0.47761212
      0.12500000	    -61.89340828	   -457.40668816	    149.52385166	     -0.00091915	     -0.00032832	      0.00244581	     -0.22292057	      0.94626610	     -0.47782013
      0.13000000	    -54.15927515	   -467.54267528	    150.18065721	     -0.00071341	     -0.00042497	      0.00226400	     -0.22310727	      0.94813826	     -0.47802141
      0.13500000	    -47.51956371	   -465.52746154	    140.72424242	     -0.00072296	     -0.00032402	      0.00214786	     -0.22331061	      0.94978674	     -0.47821428
      0.14000000	    -42.65022995	   -468.04911252	    138.24162951	     -0.00074152	     -0.00009472	      0.00200888	     -0.22352728	      0.95120544	     -0.47839742
      0.14500000	    -37.92590030	   -469.60639107	    136.06579192	     -0.00068147	     -0.00009000	      0.00190395	     -0.22375408	      0.95238911	     -0.47856991
      0.15000000	     -4.63310639	   -393.39555830	    121.26312279	      0.00007736	      0.00184595	      0.00052432	     -0.22398795	      0.95333333	     -0.47873124
      0.15500000	      9.02242820	   -370.16058664	    122.62988223	      0.00042827	      0.00246561	     -0.00029471	     -0.22422603	      0.95403450	     -0.47888132
      0.16000000	      6.55605308	   -369.21350075	    123.47497013	      0.00040175	      0.00247188	     -0.00034781	     -0.22446572	      0.95448986	     -0.47902047
      0.16500000	      6.44810000	   -362.21014448	    121.59204197	      0.00035192	      0.00247361	     -0.00041222	     -0.22470472	      0.95469740	     -0.47914936
      0.17000000	      7.17405706	   -361.94054788	    120.34834079	      0.00032329	      0.00253187	     -0.00050092	     -0.22494107	      0.95465599	     -0.47926900
      0.17500000	      3.77941444	   -355.33900952	    121.56679717	      0.00018596	      0.00235484	     -0.00055876	     -0.22517319	      0.95436527	     -0.47938065
      0.18000000	      3.45381631	   -337.15602193	    114.01468175	      0.00009606	      0.00218400	     -0.00061462	     -0.22539991	      0.95382576	     -0.47948576
      0.18500000	      0.67755773	   -339.13234430	    119.39397812	     -0.00005008	      0.00196086	     -0.00065919	     -0.22562050	      0.95303884	     -0.47958588
      0.19000000	      2.24962123	   -346.96781384	    120.12761905	     -0.00011521	      0.00185990	     -0.00075125	     -0.22583467	      0.95200678	     -0.47968257
      0.19500000	     25.82957464	   -602.73203469	    176.65530149	      0.00004078	      0.00303492	     -0.00130105	     -0.22604257	      0.95073280	     -0.47977737
      0.20000000	     50.47145762	   -632.98605734	    179.65447327	      0.00054278	      0.00257400	     -0.00113129	     -0.22624480	      0.94922110	     -0.47987167
      0.20500000	     42.90191884	   -536.39692127	    163.33730247	      0.00067213	      0.00236370	     -0.00078907	     -0.22644237	      0.94747689	     -0.47996667
      0.21000000	     31.96137252	   -428.49363655	    147.84627393	      0.00078773	      0.00161241	     -0.00039037	     -0.22663669	      0.94550645	     -0.48006337
      0.21500000	     16.27298624	   -396.90941862	    164.95191635	      0.00133904	     -0.00181995	      0.00050154	     -0.22682952	      0.94331712	     -0.48016250
      0.22000000	     26.05189203	   -630.69621026	    203.86590144	      0.00165862	     -0.00239467	      0.00111635	     -0.22702293	      0.94091737	     -0.48026451
      0.22500000	     34.60979578	   -890.91525716	    253.05644458	      0.00203557	     -0.00304068	      0.00180294	     -0.22721925	      0.93831678	     -0.48036960
      0.23000000	     46.43800226	  -1062.15923616	    296.41217389	      0.00249717	     -0.00365733	      0.00215787	     -0.22742103	      0.93552605	     -0.48047772
      0.23500000	     55.61355276	  -1072.22726659	    301.48484024	      0.00260804	     -0.00364226	      0.00203817	     -0.22763098	      0.93255698	     -0.48058862
      0.24000000	     57.83442908	   -974.28421719	    277.21015164	      0.00233688	     -0.00316116	      0.00171978	     -0.22785195	      0.92942244	     -0.48070186
      0.24500000	     59.55668216	   -874.34393918	    252.87507856	      0.00207267	     -0.00279458	      0.00142015	     -0.22808684	      0.92613629	     -0.48081687
      0.25000000	     60.80020046	   -786.86169043	    230.65056828	      0.00182207	     -0.00246877	      0.00115714	     -0.22833858	      0.92271334	     -0.48093298
      0.25500000	     64.53126608	   -812.53800072	    241.76335576	      0.00188857	     -0.00269134	      0.00118631	     -0.22861003	      0.91916924	     -0.48104946
      0.26000000	     75.57527753	   -864.63776816	    263.95477569	      0.00220345	     -0.00352894	      0.00128918	     -0.22890396	      0.91552039	     -0.48116558
      0.26500000	     82.75735816	   -874.27122815	    274.19028199	      0.00232068	     -0.00379028	      0.00121104	     -0.22922290	      0.91178377	     -0.48128057
      0.27000000	     89.38407526	   -886.95814879	    288.81287595	      0.00248566	     -0.00416419	      0.00115102	     -0.22956907	      0.90797684	     -0.48139370
      0.27500000	     94.91146723	   -891.26353159	    302.39379115	      0.00262671	     -0.00452307	      0.00107650	     -0.22994428	      0.90411736	     -0.48150425
      0.28000000	    101.11145360	   -873.77253094	    307.21666728	      0.00267758	     -0.00461597	      0.00088108	     -0.23034985	      0.90022323	     -0.48161154
      0.28500000	    110.16923719	   -907.89982461	    323.61744976	      0.00285766	     -0.00481056	      0.00082828	     -0.23078645	      0.89631230	     -0.48171495
      0.29000000	    119.63524118	   -941.72324543	    336.55954802	      0.00302151	     -0.00500772	      0.00079538	     -0.23125409	      0.89240221	     -0.48181390
      0.29500000	    124.07040523	   -950.71516461	    341.21152808	      0.00306554	     -0.00503875	      0.00075069	     -0.23175203	      0.88851022	     -0.48190786
      0.30000000	    130.06623859	   -975.25293428	    352.90453267	      0.00321470	     -0.00522190	      0.00077839	     -0.23227871	      0.88465303	     -0.48199635
      0.30500000	    137.03124666	   -994.47292485	    359.53300320	      0.00333802	     -0.00530953	      0.00077607	     -0.23283179	      0.88084672	     -0.48207899
      0.31000000	    144.25623517	  -1000.73431755	    359.62185937	      0.00339429	     -0.00521082	      0.00071653	     -0.23340811	      0.87710657	     -0.48215544
      0.31500000	    154.04324408	  -1026.67333882	    366.62927075	      0.00356289	     -0.00531252	      0.00073338	     -0.23400378	      0.87344703	     -0.48222546
      0.32000000	    158.24167693	  -1019.19350416	    360.45251574	      0.00355569	     -0.00512810	      0.00069314	     -0.23461419	      0.86988166	     -0.48228888
      0.32500000	    163.33257924	  -1026.92352612	    359.61041329	      0.00363272	     -0.00510057	      0.00072248	     -0.23523413	      0.86642313	     -0.48234559
      0.33000000	    165.54261157	  -1027.86841802	    354.07236855	      0.00364479	     -0.00494378	      0.00076434	     -0.23585787	      0.86308324	     -0.48239556
      0.33500000	    167.95762402	  -1040.78436135	    354.78983111	      0.00374750	     -0.00498535	      0.00087192	     -0.23647931	      0.85987300	     -0.48243882
      0.34000000	    167.04089351	  -1045.64156760	    350.22404471	      0.00375267	     -0.00481620	      0.00096468	     -0.23709208	      0.85680265	     -0.48247543
      0.34500000	    164.49344009	  -1045.53629991	    343.07670579	      0.00367178	     -0.00445171	      0.00101854	     -0.23768969	      0.85388183	     -0.48250545
      0.35000000	    164.37997540	  -1069.72172039	    342.38007140	      0.00365555	     -0.00414695	      0.00113318	     -0.23826565	      0.85111962	     -0.48252894
      0.35500000	    162.92430503	  -1098.32975256	    342.14812474	      0.00359526	     -0.00380581	      0.00125345	     -0.23881364	      0.84852466	     -0.48254592
      0.36000000	    155.40692831	  -1095.75825899	    332.80476201	      0.00342331	     -0.00343758	      0.00130041	     -0.23932761	      0.84610531	     -0.48255633
      0.36500000	    153.36792108	  -1107.59517659	    330.02625328	      0.00332027	     -0.00317350	      0.00131917	     -0.23980192	      0.84386962	     -0.48256004
      0.37000000	    147.01623246	  -1100.65409772	    320.24243779	      0.00304816	     -0.00259425	      0.00126216	     -0.24023148	      0.84182553	     -0.48255678
      0.37500000	    139.89750702	  -1084.14270594	    308.78508176	      0.00274927	     -0.00207697	      0.00115640	     -0.24061180	      0.83998078	     -0.48254621
      0.38000000	    144.21591231	  -1102.26587888	    312.15985810	      0.00275063	     -0.00220611	      0.00111544	     -0.24093916	      0.83834304	     -0.48252783
      0.38500000	    132.78389479	  -1065.54066394	    293.98982272	      0.00231223	     -0.00148115	      0.00095037	     -0.24121062	      0.83691978	     -0.48250108
      0.39000000	    142.95593764	  -1102.81936591	    304.66714279	      0.00249280	     -0.00194874	      0.00097420	     -0.24142414	      0.83571833	     -0.48246531
      0.39500000	    139.33822919	  -1091.90444109	    296.86973005	      0.00229350	     -0.00161868	      0.00090788	     -0.24157858	      0.83474573	     -0.48241981
      0.40000000	    134.18777719	  -1090.05073093	    287.72243912	      0.00199538	     -0.00123000	      0.00083710	     -0.24167373	      0.83400867	     -0.48236387
      0.40500000	    136.48253857	  -1092.04617113	    287.09599973	      0.00198228	     -0.00128856	      0.00079448	     -0.24171031	      0.83351337	     -0.48229681
      0.41000000	    130.28450729	  -1067.52316900	    274.73448436	      0.00168039	     -0.00083967	      0.00066014	     -0.24168995	      0.83326546	     -0.48221799
      0.41500000	    120.79459477	  -1024.66810070	    257.48800508	      0.00120271	     -0.00006427	      0.00040835	     -0.24161509	      0.83326985	     -0.48212692
      0.42000000	    121.00461148	  -1003.85591655	    251.95376850	      0.00115488	     -0.00014338	      0.00023473	     -0.24148897	      0.83353059	     -0.48202319
      0.42500000	    114.77969798	   -970.09903875	    239.66632583	      0.00084992	      0.00038947	      0.00003098	     -0.24131548	      0.83405074	     -0.48190661
      0.43000000	    109.26981912	   -950.32404484	    230.41829644	      0.00058668	      0.00084049	     -0.00007877	     -0.24109909	      0.83483224	     -0.48177714
      0.43500000	    108.90661743	   -939.74488129	    227.32609618	      0.00056978	      0.00075905	     -0.00013844	     -0.24084472	      0.83587577	     -0.48163496
      0.44000000	    106.25235342	   -924.70954488	    222.56213919	      0.00050729	      0.00076151	     -0.00018582	     -0.24055764	      0.83718068	     -0.48148045
      0.44500000	    102.91861090	   -902.60662589	    218.18847684	      0.00045552	      0.00075224	     -0.00028866	     -0.24024331	      0.83874484	     -0.48131422
      0.45000000	    102.81699052	   -885.20679322	    217.53441902	      0.00056070	      0.00041718	     -0.00030837	     -0.23990734	      0.84056460	     -0.48113707
      0.45500000	     98.83590541	   -862.76259926	    212.41544835	      0.00053233	      0.00032594	     -0.00029541	     -0.23955535	      0.84263470	     -0.48095003
      0.46000000	     97.32151550	   -846.41717922	    210.78254184	      0.00063511	     -0.00007216	     -0.00019779	     -0.23919289	      0.84494822	     -0.48075429
      0.46500000	     92.10695101	   -821.85258598	    204.51742183	      0.00056230	     -0.00008354	     -0.00014164	     -0.23882538	      0.84749659	     -0.48055122
      0.47000000	     86.07280642	   -791.28549591	    196.57965643	      0.00043306	      0.00006162	     -0.00012591	     -0.23845803	      0.85026951	     -0.48034234
      0.47500000	     79.21211859	   -754.92862807	    188.71150706	      0.00031599	      0.00017054	     -0.00012930	     -0.23809584	      0.85325507	     -0.48012932
      0.48000000	     71.88846038	   -723.37714440	    181.21124049	      0.00015457	      0.00029908	     -0.00007036	     -0.23774351	      0.85643970	     -0.47991390
      0.48500000	     64.34638167	   -698.03724954	    175.83166816	     -0.00003662	      0.00040658	      0.00001797	     -0.23740545	      0.85980830	     -0.47969793
      0.49000000	     58.59067262	   -678.58427290	    172.19108476	     -0.00013705	      0.00038545	      0.00018535	     -0.23708574	      0.86334429	     -0.47948331
      0.49500000	     52.61885620	   -663.85896518	    170.06421015	     -0.00023251	      0.00038474	      0.00035837	     -0.23678811	      0.86702976	     -0.47927198
      0.50000000	     43.93284157	   -675.95493911	    174.15177703	     -0.00038877	      0.00035851	      0.00070466	     -0.23651593	      0.87084558	     -0.47906589
      0.50500000	     33.55208171	   -687.44699204	    178.97024751	     -0.00056939	      0.00033922	      0.00100641	     -0.23627218	      0.87477153	     -0.47886697
      0.51000000	     23.31384255	   -690.60027816	    181.79543353	     -0.00073085	      0.00034398	      0.00124734	     -0.23605946	      0.87878653	     -0.47867715
      0.51500000	     14.03414389	   -687.39785399	    182.48789363	     -0.00081589	      0.00034704	      0.00145521	     -0.23587993	      0.88286876	     -0.47849828
      0.52000000	      7.42984990	   -663.62911412	    177.84781960	     -0.00083050	      0.00041119	      0.00151618	     -0.23573533	      0.88699589	     -0.47833214
      0.52500000	     -0.32794258	   -653.27624618	    171.98869311	     -0.00093432	      0.00044826	      0.00167270	     -0.23562693	      0.89114529	     -0.47818042
      0.53000000	     -6.63061822	   -636.11554591	    169.04830940	     -0.00095813	      0.00054934	      0.00173464	     -0.23555550	      0.89529421	     -0.47804467
      0.53500000	    -12.25913884	   -623.56903576	    171.56694875	     -0.00090181	      0.00066465	      0.00177498	     -0.23552131	      0.89942001	     -0.47792631
      0.54000000	    -17.28499556	   -594.53288231	    162.28810901	     -0.00096608	      0.00083139	      0.00175623	     -0.23552410	      0.90350036	     -0.47782654
      0.54500000	    -20.41917445	   -560.79856537	    154.81425172	     -0.00093485	      0.00103909	      0.00167990	     -0.23556304	      0.90751345	     -0.47774639
      0.55000000	    -24.01805386	   -539.19924187	    152.35117527	     -0.00093049	      0.00119966	      0.00165011	     -0.23563677	      0.91143819	     -0.47768660
      0.55500000	    -27.00901753	   -524.47286830	    150.27404165	     -0.00095236	      0.00138627	      0.00164154	     -0.23574335	      0.91525435	     -0.47764766
      0.56000000	    -28.99682712	   -502.75779251	    145.44371362	     -0.00093285	      0.00158321	      0.00160866	     -0.23588033	      0.91894275	     -0.47762976
      0.56500000	    -29.11933174	   -478.88152208	    141.81420992	     -0.00094961	      0.00178393	      0.00147211	     -0.23604473	      0.92248538	     -0.47763272
      0.57000000	    -29.72372867	   -455.08012980	    137.22315739	     -0.00081828	      0.00203624	      0.00139183	     -0.23623312	      0.92586554	     -0.47765603
      0.57500000	    -25.86801940	   -393.58345066	    126.02836134	     -0.00058761	      0.00228735	      0.00101869	     -0.23644171	      0.92906788	     -0.47769882
      0.58000000	    -10.47734842	   -240.29107359	     95.21179838	     -0.00008018	      0.00270746	     -0.00015270	     -0.23666635	      0.93207850	     -0.47775984
      0.58500000	      5.90047785	   -294.46711496	     99.44050564	      0.00009862	      0.00244594	     -0.00036690	     -0.23690270	      0.93488497	     -0.47783746
      0.59000000	     17.52802876	   -351.91208638	    104.84088985	      0.00016614	      0.00238389	     -0.00046710	     -0.23714626	      0.93747636	     -0.47792974
      0.59500000	     26.39844387	   -391.29266996	    115.52134627	      0.00032836	      0.00233230	     -0.00042610	     -0.23739251	      0.93984317	     -0.47803440
      0.60000000	     30.35803462	   -422.91872175	    123.09420978	      0.00031871	      0.00251579	     -0.00058586	     -0.23763697	      0.94197735	     -0.47814890
      0.60500000	     33.13049157	   -450.72106629	    131.34484697	      0.00037954	      0.00225822	     -0.00048333	     -0.23787533	      0.94387223	     -0.47827051
      0.61000000	     41.73365580	   -473.90005931	    137.16499794	      0.00051474	      0.00225213	     -0.00045654	     -0.23810351	      0.94552246	     -0.47839635
      0.61500000	     44.04887390	   -487.46800208	    141.88038475	      0.00050816	      0.00241372	     -0.00058410	     -0.23831777	      0.94692391	     -0.47852347
      0.62000000	     45.80464645	   -487.45117872	    145.36936610	      0.00056463	      0.00235188	     -0.00057436	     -0.23851477	      0.94807365	     -0.47864895
      0.62500000	     47.69467071	   -499.53755827	    154.64168571	      0.00066782	      0.00218661	     -0.00053097	     -0.23869164	      0.94896981	     -0.47876998
      0.63000000	     49.29901111	   -481.20401462	    149.72443503	      0.00064709	      0.00235080	     -0.00061637	     -0.23884606	      0.94961159	     -0.47888392
      0.63500000	     48.50039035	   -471.08184625	    152.29256624	      0.00069817	      0.00215647	     -0.00056867	     -0.23897632	      0.94999915	     -0.47898840
      0.64000000	     47.32493707	   -443.97005488	    149.00277328	      0.00071671	      0.00199803	     -0.00053089	     -0.23908133	      0.95013361	     -0.47908134
      0.64500000	     45.07119092	   -416.92064722	    143.34527902	      0.00066526	      0.00189727	     -0.00056044	     -0.23916074	      0.95001698	     -0.47916102
      0.65000000	     43.94180825	   -385.26877558	    142.54403971	      0.00076069	      0.00138940	     -0.00043609	     -0.23921489	      0.94965218	     -0.47922609
      0.65500000	     41.72982706	   -349.30365813	    140.47281495	      0.00085323	      0.00072722	     -0.00031044	     -0.23924485	      0.94904305	     -0.47927560
      0.66000000	     39.77680242	   -317.97997544	    134.84333475	      0.00085286	      0.00022105	     -0.00024217	     -0.23925247	      0.94819429	     -0.47930899
      0.66500000	     43.17654336	   -336.71348021	    136.84943908	      0.00079605	      0.00021125	     -0.00030051	     -0.23924029	      0.94711156	     -0.47932603
      0.67000000	     70.81953491	   -517.35694139	    170.45376567	      0.00086108	      0.00038159	     -0.00062600	     -0.23921155	      0.94580138	     -0.47932686
      0.67500000	     86.54829415	   -815.75986500	    224.83942908	      0.00101874	     -0.00203614	      0.00017086	     -0.23917014	      0.94427122	     -0.47931189
      0.68000000	     70.37257559	   -713.54511935	    213.18558003	      0.00098366	     -0.00246888	      0.00039206	     -0.23912048	      0.94252946	     -0.47928179
      0.68500000	     63.20166967	   -473.10334456	    155.76943267	      0.00063203	      0.00040067	     -0.00064234	     -0.23906746	      0.94058536	     -0.47923746
      0.69000000	     47.28186176	   -428.70627745	    148.25995484	      0.00033822	      0.00042076	     -0.00058229	     -0.23901629	      0.93844905	     -0.47917997
      0.69500000	     47.06440161	   -462.74544149	    182.68628427	      0.00124178	     -0.00224856	      0.00027648	     -0.23897234	      0.93613147	     -0.47911052
      0.70000000	     55.77539412	   -602.52415921	    209.39622610	      0.00154036	     -0.00303028	      0.00072398	     -0.23894102	      0.93364429	     -0.47903048
      0.70500000	     58.23344840	   -682.09990804	    203.21162803	      0.00133532	     -0.00252644	      0.00089069	     -0.23892757	      0.93099987	     -0.47894130
      0.71000000	     59.40855364	   -653.07178127	    187.32194560	      0.00119678	     -0.00221297	      0.00077414	     -0.23893689	      0.92821114	     -0.47884451
      0.71500000	     53.76197876	   -517.65370533	    152.90705596	      0.00081652	     -0.00143747	      0.00033006	     -0.23897342	      0.92529152	     -0.47874174
      0.72000000	     31.60539359	   -392.23947515	    125.31113908	     -0.00006307	      0.00005057	     -0.00029453	     -0.23904092	      0.92225476	     -0.47863468
      0.72500000	     32.48068498	   -436.10617420	    143.02483166	     -0.00002696	      0.00038963	     -0.00052875	     -0.23914240	      0.91911489	     -0.47852505
      0.73000000	     39.23909648	   -515.98096251	    163.34445440	      0.00001454	      0.00072386	     -0.00070795	     -0.23927998	      0.91588603	     -0.47841460
      0.73500000	     43.93151258	   -550.41691592	    168.06228823	      0.00008675	      0.00090841	     -0.00076530	     -0.23945483	      0.91258235	     -0.47830509
      0.74000000	     41.55103149	   -546.22084910	    164.94877695	      0.00012209	      0.00096083	     -0.00070053	     -0.23966712	      0.90921788	     -0.47819822
      0.74500000	     38.28795133	   -544.55594190	    161.98809571	      0.00012937	      0.00101512	     -0.00065071	     -0.23991599	      0.90580645	     -0.47809566
      0.75000000	     37.75572227	   -560.09857324	    165.22048561	      0.00019040	      0.00106929	     -0.00056722	     -0.24019961	      0.90236156	     -0.47799896
      0.75500000	     36.64226692	   -560.78368616	    163.00679547	      0.00028357	      0.00121592	     -0.00046061	     -0.24051520	      0.89889631	     -0.47790954
      0.76000000	     37.34362504	   -564.16954327	    157.93275793	      0.00032389	      0.00144447	     -0.00044791	     -0.24085915	      0.89542334	     -0.47782865
      0.76500000	     35.90152580	   -594.08616581	    168.96476469	      0.00031155	      0.00137747	     -0.00038363	     -0.24122712	      0.89195471	     -0.47775734
      0.77000000	     38.29967029	   -604.60876727	    166.93951701	      0.00030458	      0.00156283	     -0.00045470	     -0.24161418	      0.88850194	     -0.47769641
      0.77500000	     42.80270723	   -625.70151639	    173.43311509	      0.00037128	      0.00175216	     -0.00047253	     -0.24201498	      0.88507592	     -0.47764641
      0.78000000	     41.21085286	   -640.04719405	    178.33941197	      0.00029791	      0.00175416	     -0.00052840	     -0.24242388	      0.88168694	     -0.47760759
      0.78500000	     47.25038486	   -651.44265010	    182.42216162	      0.00036891	      0.00189824	     -0.00055216	     -0.24283515	      0.87834470	     -0.47757990
      0.79000000	     47.19416928	   -657.22803258	    185.99256200	      0.00030787	      0.00185935	     -0.00061330	     -0.24324312	      0.87505833	     -0.47756299
      0.79500000	     44.74316534	   -645.68189305	    184.70757390	      0.00026627	      0.00185925	     -0.00061210	     -0.24364232	      0.87183648	     -0.47755618
      0.80000000	     41.21045130	   -624.80092796	    179.28396922	      0.00021698	      0.00187564	     -0.00060765	     -0.24402763	      0.86868736	     -0.47755851
      0.80500000	     36.75489532	   -606.31505397	    177.61520546	      0.00018229	      0.00186385	     -0.00058092	     -0.24439434	      0.86561882	     -0.47756873
      0.81000000	     31.52064121	   -583.46482158	    173.20884379	      0.00016792	      0.00185926	     -0.00051697	     -0.24473829	      0.86263845	     -0.47758536
      0.81500000	     27.50926468	   -563.19720960	    168.78227943	      0.00017562	      0.00181562	     -0.00042202	     -0.24505588	      0.85975365	     -0.47760673
      0.82000000	     22.83132262	   -555.93046277	    164.97321487	      0.00008378	      0.00175256	     -0.00040831	     -0.24534413	      0.85697170	     -0.47763099
      0.82500000	     22.72406763	   -556.36900381	    165.46453217	      0.00003939	      0.00163360	     -0.00045983	     -0.24560063	      0.85429988	     -0.47765625
      0.83000000	     23.65639822	   -573.62036553	    171.87274624	     -0.00005011	      0.00146815	     -0.00058528	     -0.24582356	      0.85174546	     -0.47768056
      0.83500000	     28.87388919	   -624.94372368	    191.52604352	     -0.00013628	      0.00144655	     -0.00071215	     -0.24601161	      0.84931579	     -0.47770202
      0.84000000	     28.82049908	   -674.01662901	    210.57970906	     -0.00031560	      0.00150436	     -0.00086524	     -0.24616395	      0.84701830	     -0.47771881
      0.84500000	     32.60279927	   -710.70701481	    224.11893570	     -0.00036878	      0.00150868	     -0.00095469	     -0.24628011	      0.84486054	     -0.47772927
      0.85000000	     35.36646688	   -748.25118467	    237.93633554	     -0.00043965	      0.00149586	     -0.00102987	     -0.24635993	      0.84285013	     -0.47773194
      0.85500000	     37.58242972	   -752.33028002	    237.03220283	     -0.00041482	      0.00145050	     -0.00108674	     -0.24640349	      0.84099475	     -0.47772557
      0.86000000	     31.27846765	   -742.43618598	    234.42373515	     -0.00043349	      0.00127159	     -0.00101255	     -0.24641101	      0.83930210	     -0.47770920
      0.86500000	     34.04610386	   -742.82949419	    226.70383843	     -0.00038044	      0.00113474	     -0.00092670	     -0.24638283	      0.83777984	     -0.47768211
      0.87000000	     42.43625190	   -751.19431233	    218.71331248	     -0.00029449	      0.00104558	     -0.00081349	     -0.24631929	      0.83643553	     -0.47764389
      0.87500000	     48.86770699	   -760.81233747	    210.29878359	     -0.00025388	      0.00098130	     -0.00071872	     -0.24622077	      0.83527656	     -0.47759440
      0.88000000	     60.64542399	   -780.02962690	    210.33362020	     -0.00010081	      0.00094905	     -0.00058133	     -0.24608761	      0.83431008	     -0.47753379
      0.88500000	     64.84859867	   -775.08007768	    195.38740905	     -0.00005526	      0.00090336	     -0.00051677	     -0.24592008	      0.83354290	     -0.47746243
      0.89000000	     76.76886676	   -820.08843253	    208.05120721	      0.00002606	      0.00099296	     -0.00041630	     -0.24571844	      0.83298148	     -0.47738095
      0.89500000	     84.67412307	   -833.07029551	    209.77073100	      0.00013211	      0.00094874	     -0.00042098	     -0.24548289	      0.83263179	     -0.47729018
      0.90000000	     89.07104114	   -850.90066640	    212.57761037	      0.00013422	      0.00094664	     -0.00044466	     -0.24521359	      0.83249925	     -0.47719113
      0.90500000	     94.80785812	   -864.76181592	    213.73325280	      0.00018910	      0.00092285	     -0.00042983	     -0.24491071	      0.83258869	     -0.47708498
      0.91000000	     97.49363029	   -884.92749527	    214.90828936	      0.00014561	      0.00097857	     -0.00040832	     -0.24457446	      0.83290419	     -0.47697301
      0.91500000	     98.11287577	   -897.67712842	    215.84151315	      0.00008728	      0.00101415	     -0.00044401	     -0.24420510	      0.83344909	     -0.47685664
      0.92000000	     99.36334696	   -904.20918577	    217.34146718	      0.00008441	      0.00101002	     -0.00051613	     -0.24380298	      0.83422582	     -0.47673731
      0.92500000	     99.90493010	   -907.89483225	    218.09943039	      0.00007387	      0.00101122	     -0.00058272	     -0.24336864	      0.83523583	     -0.47661653
      0.93000000	    100.64521046	   -910.31788833	    217.13312314	      0.00006479	      0.00101309	     -0.00056712	     -0.24290280	      0.83647950	     -0.47649582
      0.93500000	    100.85017860	   -911.07311290	    214.51743376	      0.00005425	      0.00101020	     -0.00050267	     -0.24240644	      0.83795602	     -0.47637668
      0.94000000	     98.93102440	   -906.18915896	    211.21935820	      0.00001152	      0.00099789	     -0.00044747	     -0.24188085	      0.83966329	     -0.47626054
      0.94500000	     95.18774312	   -895.62949180	    209.21112563	     -0.00005851	      0.00096687	     -0.00044969	     -0.24132771	      0.84159786	     -0.47614878
      0.95000000	     90.37758115	   -885.72498764	    207.68378294	     -0.00017205	      0.00092138	     -0.00044254	     -0.24074909	      0.84375478	     -0.47604265
      0.95500000	     84.20187538	   -864.61795634	    199.49167797	     -0.00029520	      0.00077021	     -0.00051677	     -0.24014751	      0.84612765	     -0.47594328
      0.96000000	     80.06528750	   -846.92033821	    197.36914071	     -0.00035686	      0.00071996	     -0.00050677	     -0.23952600	      0.84870845	     -0.47585166
      0.96500000	     76.62114758	   -833.69020071	    195.72436970	     -0.00047965	      0.00061181	     -0.00041433	     -0.23888805	      0.85148762	     -0.47576860
      0.97000000	     74.70269745	   -827.64860057	    197.37733004	     -0.00065553	      0.00055010	     -0.00022251	     -0.23823764	      0.85445401	     -0.47569477
      0.97500000	     71.80781380	   -811.42640381	    194.54012634	     -0.00076925	      0.00049365	     -0.00001211	     -0.23757922	      0.85759495	     -0.47563068
      0.98000000	     67.91350877	   -798.93394079	    190.97889931	     -0.00084377	      0.00048568	      0.00023630	     -0.23691765	      0.86089627	     -0.47557666
      0.98500000	     61.47100614	   -790.24349014	    190.57436426	     -0.00094566	      0.00047018	      0.00042268	     -0.23625813	      0.86434244	     -0.47553294
      0.99000000	     47.75909026	   -781.48091520	    192.76121052	     -0.00092188	      0.00067466	      0.00063274	     -0.23560617	      0.86791660	     -0.47549964
      0.99500000	     37.08801521	   -775.01733863	    192.08882404	     -0.00095403	      0.00069154	      0.00088365	     -0.23496743	      0.87160078	     -0.47547677
      1.00000000	     27.70581666	   -749.94035575	    187.04535602	     -0.00090489	      0.00070072	      0.00103594	     -0.23434765	      0.87537601	     -0.47546430
      1.00500000	     18.60172687	   -717.31205762	    176.57628838	     -0.00091138	      0.00070514	      0.00117093	     -0.23375255	      0.87922248	     -0.47546216
      1.01000000	     10.22794739	   -693.12990320	    171.70674467	     -0.00085119	      0.00072252	      0.00129765	     -0.23318768	      0.88311975	     -0.47547028
      1.01500000	      3.46972152	   -666.25737659	    168.31267906	     -0.00080460	      0.00071848	      0.00136311	     -0.23265833	      0.88704691	     -0.47548859
      1.02000000	     -3.26314425	   -642.90746763	    164.71602046	     -0.00080757	      0.00078501	      0.00141307	     -0.23216941	      0.89098283	     -0.47551706
      1.02500000	     -6.71052922	   -609.06834315	    163.06564434	     -0.00061964	      0.00074603	      0.00139878	     -0.23172533	      0.89490631	     -0.47555567
      1.03000000	     -9.35573591	   -559.87239749	    154.78577477	     -0.00050146	      0.00081428	      0.00129101	     -0.23132992	      0.89879630	     -0.47560447
      1.03500000	    -14.31690708	   -533.91111247	    150.79825456	     -0.00049975	      0.00094694	      0.00129235	     -0.23098634	      0.90263213	     -0.47566352
      1.04000000	    -20.59096311	   -517.91958890	    146.41531006	     -0.00052821	      0.00107622	      0.00141711	     -0.23069700	      0.90639365	     -0.47573293
      1.04500000	    -25.01344275	   -501.52349995	    144.62867910	     -0.00053642	      0.00118761	      0.00147074	     -0.23046354	      0.91006143	     -0.47581281
      1.05000000	    -28.20427174	   -487.40548681	    144.27891916	     -0.00049810	      0.00126473	      0.00152450	     -0.23028677	      0.91361693	     -0.47590328
      1.05500000	    -30.29616359	   -461.97567734	    141.18895946	     -0.00043803	      0.00133617	      0.00152917	     -0.23016668	      0.91704263	     -0.47600441
      1.06000000	    -33.06811867	   -451.47741034	    142.40063917	     -0.00035219	      0.00134600	      0.00160616	     -0.23010247	      0.92032215	     -0.47611626
      1.06500000	    -32.58677884	   -421.94808189	    137.21121317	     -0.00027640	      0.00148669	      0.00158166	     -0.23009254	      0.92344033	     -0.47623881
      1.07000000	    -33.02760505	   -401.72767148	    138.27507252	     -0.00002573	      0.00117426	      0.00149561	     -0.23013459	      0.92638331	     -0.47637196
      1.07500000	    -63.21078596	   -379.90664220	    154.84703032	      0.00031828	     -0.00218947	      0.00238647	     -0.23022565	      0.92913855	     -0.47651550
      1.08000000	    -29.81481825	   -368.46608555	    139.13277680	      0.00062411	     -0.00222317	      0.00158906	     -0.23036222	      0.93169486	     -0.47666908
      1.08500000	    -19.03128762	   -407.61464357	    152.78025063	      0.00097246	     -0.00270775	      0.00146117	     -0.23054031	      0.93404236	     -0.47683224
      1.09000000	     14.78786527	   -330.24403761	    130.66326020	      0.00093061	      0.00082018	      0.00012868	     -0.23075560	      0.93617245	     -0.47700435
      1.09500000	     19.62161660	   -357.43070905	    137.97492647	      0.00099794	      0.00070663	      0.00013454	     -0.23100346	      0.93807776	     -0.47718463
      1.10000000	     23.31435849	   -373.89480240	    143.80188879	      0.00104967	      0.00072563	      0.00011435	     -0.23127916	      0.93975208	     -0.47737216
      1.10500000	     27.22138347	   -379.17395720	    138.95793427	      0.00093637	      0.00127129	     -0.00001897	     -0.23157784	      0.94119030	     -0.47756586
      1.11000000	     30.03028223	   -389.91854861	    138.46564918	      0.00087904	      0.00150495	     -0.00009882	     -0.23189469	      0.94238832	     -0.47776450
      1.11500000	     33.04176215	   -398.11651415	    141.70896104	      0.00089681	      0.00141113	     -0.00010853	     -0.23222499	      0.94334302	     -0.47796676
      1.12000000	     37.29137504	   -390.83076361	    135.14662548	      0.00079748	      0.00172794	     -0.00019420	     -0.23256417	      0.94405214	     -0.47817121
      1.12500000	     35.57941441	   -387.39930792	    134.77726173	      0.00075368	      0.00150842	     -0.00020532	     -0.23290789	      0.94451431	     -0.47837634
      1.13000000	     37.43184247	   -373.89084579	    128.97973277	      0.00067773	      0.00151987	     -0.00024019	     -0.23325210	      0.94472897	     -0.47858060
      1.13500000	     35.39919720	   -360.10279457	    122.80021217	      0.00052189	      0.00151433	     -0.00033151	     -0.23359310	      0.94469635	     -0.47878239
      1.14000000	     33.60643394	   -342.92821192	    119.35587119	      0.00040167	      0.00135270	     -0.00038367	     -0.23392763	      0.94441750	     -0.47898012
      1.14500000	     34.44796666	   -320.61014549	    110.13555170	      0.00030385	      0.00122315	     -0.00041883	     -0.23425289	      0.94389430	     -0.47917220
      1.15000000	     31.94530717	   -310.93016591	    109.53930293	      0.00012398	      0.00099999	     -0.00049539	     -0.23456662	      0.94312944	     -0.47935708
      1.15500000	     42.33502656	   -359.27744393	    120.32589714	      0.00031146	      0.00085122	     -0.00040875	     -0.23486720	      0.94212653	     -0.47953327
      1.16000000	     34.64124943	   -586.00591222	    190.93936352	      0.00089476	     -0.00280102	      0.00103025	     -0.23515361	      0.94089007	     -0.47969934
      1.16500000	     46.54331710	   -630.91040623	    232.49472068	      0.00164773	     -0.00380087	      0.00094364	     -0.23542558	      0.93942554	     -0.47985398
      1.17000000	     75.70974118	   -535.31843742	    205.10968512	      0.00152728	     -0.00082144	     -0.00022958	     -0.23568349	      0.93773941	     -0.47999599
      1.17500000	     71.15196787	   -507.97766336	    198.13747767	      0.00143904	     -0.00088724	     -0.00022766	     -0.23592848	      0.93583918	     -0.48012431
      1.18000000	     68.51701860	   -480.20256332	    186.02162778	      0.00129012	     -0.00078645	     -0.00028614	     -0.23616232	      0.93373344	     -0.48023805
      1.18500000	     70.40216244	   -498.45631320	    193.49005485	      0.00134787	     -0.00108824	     -0.00024602	     -0.23638742	      0.93143185	     -0.48033650
      1.19000000	     74.84598520	   -527.65923590	    216.25411734	      0.00173011	     -0.00203793	     -0.00007920	     -0.23660671	      0.92894515	     -0.48041917
      1.19500000	     74.43401993	   -548.86410542	    228.73763266	      0.00188226	     -0.00246760	      0.00001364	     -0.23682351	      0.92628519	     -0.48048578
      1.20000000	     73.70596709	   -555.48198728	    235.32455052	      0.00198366	     -0.00287783	      0.00011605	     -0.23704143	      0.92346491	     -0.48053626
      1.20500000	     66.81620021	   -566.65404350	    250.96575970	      0.00223781	     -0.00410057	      0.00047868	     -0.23726420	      0.92049827	     -0.48057078
      1.21000000	     74.59564482	   -583.26328025	    250.13807001	      0.00232421	     -0.00411407	      0.00047992	     -0.23749549	      0.91740026	     -0.48058971
      1.21500000	     86.21084265	   -674.05790305	    271.98182817	      0.00261199	     -0.00428467	      0.00060794	     -0.23773878	      0.91418685	     -0.48059363
      1.22000000	     98.11816743	   -749.75270055	    290.21695709	      0.00294443	     -0.00476959	      0.00073275	     -0.23799719	      0.91087487	     -0.48058329
      1.22500000	    112.21488661	   -857.38446668	    327.51671860	      0.00347108	     -0.00539179	      0.00090315	     -0.23827333	      0.90748191	     -0.48055963
      1.23000000	    126.56365430	   -932.75201142	    353.36279601	      0.00390507	     -0.00595561	      0.00095818	     -0.23856919	      0.90402625	     -0.48052372
      1.23500000	    136.18138301	   -967.19370158	    364.38566033	      0.00407718	     -0.00588432	      0.00091330	     -0.23888603	      0.90052665	     -0.48047672
      1.24000000	    140.91364779	   -955.16649458	    360.75647426	      0.00399828	     -0.00544762	      0.00072864	     -0.23922431	      0.89700222	     -0.48041993
      1.24500000	    139.99616634	   -916.66355518	    344.63891942	      0.00371308	     -0.00463222	      0.00051534	     -0.23958367	      0.89347220	     -0.48035467
      1.25000000	    142.02068265	   -906.14509258	    339.69676961	      0.00354595	     -0.00401765	      0.00034398	     -0.23996297	      0.88995577	     -0.48028231
      1.25500000	    136.50429393	   -842.19899325	    312.54066998	      0.00306018	     -0.00294186	      0.00005907	     -0.24036025	      0.88647186	     -0.48020422
      1.26000000	    142.16104865	   -847.72560814	    301.50132416	      0.00271451	     -0.00191615	     -0.00018202	     -0.24077291	      0.88303890	     -0.48012174
      1.26500000	    148.52887005	   -853.41280433	    289.90414156	      0.00238573	     -0.00103202	     -0.00039121	     -0.24119775	      0.87967468	     -0.48003612
      1.27000000	    148.72235576	   -860.01052951	    278.24424382	      0.00199692	      0.00012508	     -0.00057746	     -0.24163109	      0.87639613	     -0.47994853
      1.27500000	    148.61122790	   -859.21240621	    267.88397742	      0.00169731	      0.00079624	     -0.00069769	     -0.24206898	      0.87321922	     -0.47985998
      1.28000000	    145.82842629	   -850.61195667	    258.43585033	      0.00146425	      0.00127612	     -0.00075382	     -0.24250726	      0.87015879	     -0.47977132
      1.28500000	    141.18363178	   -835.06377571	    248.98920948	      0.00124928	      0.00169473	     -0.00078729	     -0.24294178	      0.86722851	     -0.47968321
      1.29000000	    136.09346174	   -819.99789425	    241.77661684	      0.00108879	      0.00193687	     -0.00079910	     -0.24336849	      0.86444080	     -0.47959610
      1.29500000	    129.08597127	   -810.30853859	    237.35787408	      0.00090090	      0.00210886	     -0.00083443	     -0.24378359	      0.86180684	     -0.47951022
      1.30000000	    123.28775716	   -784.66416263	    229.95860665	      0.00087524	      0.00213453	     -0.00077114	     -0.24418363	      0.85933656	     -0.47942559
      1.30500000	    117.24313328	   -771.73745337	    224.75194065	      0.00076117	      0.00212536	     -0.00078319	     -0.24456559	      0.85703870	     -0.47934201
      1.31000000	    111.96554471	   -760.29635392	    222.15869391	      0.00071065	      0.00201336	     -0.00077922	     -0.24492690	      0.85492089	     -0.47925908
      1.31500000	    102.81634067	   -745.87216240	    221.41994171	      0.00067294	      0.00184687	     -0.00073005	     -0.24526550	      0.85298966	     -0.47917624
      1.32000000	     90.38001883	   -706.85034175	    208.75709965	      0.00060847	      0.00180652	     -0.00066978	     -0.24557980	      0.85125062	     -0.47909276
      1.32500000	     78.63192753	   -689.98725590	    207.12922540	      0.00080251	      0.00117956	     -0.00038740	     -0.24586861	      0.84970849	     -0.47900781
      1.33000000	     87.47402296	   -732.84380896	    214.80559760	      0.00103349	      0.00080108	     -0.00018935	     -0.24613117	      0.84836719	     -0.47892048
      1.33500000	     96.67597300	   -776.39241986	    220.58171964	      0.00115339	      0.00060001	     -0.00006325	     -0.24636700	      0.84722995	     -0.47882984
      1.34000000	    116.01506511	   -843.07777172	    237.56946452	      0.00153826	     -0.00010557	      0.00009673	     -0.24657582	      0.84629933	     -0.47873495
      1.34500000	    133.54445267	   -898.26248010	    251.72480741	      0.00187917	     -0.00082021	      0.00021702	     -0.24675755	      0.84557732	     -0.47863497
      1.35000000	    151.56936828	   -953.64893309	    266.42393682	      0.00224038	     -0.00160090	      0.00033655	     -0.24691214	      0.84506535	     -0.47852913
      1.35500000	    164.24825996	   -985.18899616	    273.70251278	      0.00250854	     -0.00228800	      0.00041331	     -0.24703958	      0.84476432	     -0.47841683
      1.36000000	    177.53075591	  -1036.60770689	    284.97239100	      0.00273831	     -0.00287458	      0.00053496	     -0.24713984	      0.84467465	     -0.47829764
      1.36500000	    183.46068070	  -1049.05534989	    288.44677424	      0.00284165	     -0.00330368	      0.00054547	     -0.24721283	      0.84479622	     -0.47817135
      1.37000000	    181.67693361	  -1037.91130847	    284.26115955	      0.00274694	     -0.00337242	      0.00049979	     -0.24725844	      0.84512844	     -0.47803796
      1.37500000	    192.60693417	  -1072.39653404	    300.68363155	      0.00308453	     -0.00411707	      0.00060369	     -0.24727652	      0.84567016	     -0.47789773
      1.38000000	    192.49679466	  -1061.38862643	    298.47526634	      0.00309389	     -0.00434690	      0.00059362	     -0.24726695	      0.84641970	     -0.47775117
      1.38500000	    191.47244689	  -1051.40276132	    298.80471636	      0.00308962	     -0.00452254	      0.00058341	     -0.24722968	      0.84737478	     -0.47759903
      1.39000000	    187.21380693	  -1022.92996864	    294.86908600	      0.00295196	     -0.00436895	      0.00046497	     -0.24716483	      0.84853253	     -0.47744230
      1.39500000	    178.69316165	   -990.07031338	    288.61335903	      0.00270631	     -0.00399313	      0.00032267	     -0.24707275	      0.84988938	     -0.47728220
      1.40000000	    168.05899146	   -939.12281942	    272.49467088	      0.00236517	     -0.00344402	      0.00011588	     -0.24695412	      0.85144109	     -0.47712013
      1.40500000	    161.34133149	   -902.38679492	    263.71169994	      0.00216098	     -0.00306503	     -0.00007652	     -0.24681005	      0.85318266	     -0.47695770
      1.41000000	    148.64621252	   -848.64889960	    246.09653543	      0.00179780	     -0.00240619	     -0.00028267	     -0.24664217	      0.85510830	     -0.47679662
      1.41500000	    132.39681679	   -780.53992220	    219.17690240	      0.00130156	     -0.00141107	     -0.00058867	     -0.24645269	      0.85721142	     -0.47663873
      1.42000000	    113.93151431	   -726.05200076	    203.60289972	      0.00047024	      0.00011282	     -0.00100445	     -0.24624448	      0.85948456	     -0.47648594
      1.42500000	    107.43021136	   -703.39144954	    197.46806443	      0.00021581	      0.00050194	     -0.00120152	     -0.24602110	      0.86191936	     -0.47634018
      1.43000000	     99.59567410	   -706.69313904	    206.52828735	      0.00004493	      0.00054248	     -0.00125180	     -0.24578685	      0.86450661	     -0.47620337
      1.43500000	     92.10522164	   -697.14172025	    207.09237167	     -0.00008526	      0.00057407	     -0.00126704	     -0.24554673	      0.86723613	     -0.47607738
      1.44000000	     83.30802052	   -676.33310154	    203.93782778	     -0.00019922	      0.00058175	     -0.00123063	     -0.24530647	      0.87009685	     -0.47596401
      1.44500000	     75.87692100	   -654.62516794	    199.16877806	     -0.00027607	      0.00062521	     -0.00119128	     -0.24507241	      0.87307680	     -0.47586496
      1.45000000	     69.50654740	   -624.65619904	    191.23990006	     -0.00029270	      0.00066131	     -0.00113173	     -0.24485147	      0.87616312	     -0.47578176
      1.45500000	     60.91409930	   -601.40899044	    185.51014136	     -0.00039302	      0.00068567	     -0.00105327	     -0.24465102	      0.87934206	     -0.47571585
      1.46000000	     53.58009128	   -565.50436016	    173.51334960	     -0.00041431	      0.00068769	     -0.00090773	     -0.24447874	      0.88259909	     -0.47566846
      1.46500000	     44.29856562	   -520.69514342	    155.72510908	     -0.00047205	      0.00065757	     -0.00077686	     -0.24434249	      0.88591889	     -0.47564068
      1.47000000	     38.56114638	   -474.51645298	    138.57543519	     -0.00042876	      0.00062419	     -0.00059032	     -0.24425011	      0.88928545	     -0.47563343
      1.47500000	     33.66927608	   -437.95545537	    124.13799480	     -0.00047045	      0.00049514	     -0.00036890	     -0.24420924	      0.89268213	     -0.47564745
      1.48000000	     32.34672317	   -423.96515441	    116.02808938	     -0.00043170	      0.00081514	      0.00000800	     -0.24422709	      0.89609180	     -0.47568331
      1.48500000	     25.02588667	   -442.76183392	    120.05049954	     -0.00038530	      0.00112227	      0.00037509	     -0.24431029	      0.89949690	     -0.47574141
      1.49000000	     16.95941927	   -466.21998488	    125.67752021	     -0.00048681	      0.00114494	      0.00063793	     -0.24446460	      0.90287957	     -0.47582199
      1.49500000	      9.64934688	   -493.33295449	    132.97118991	     -0.00053152	      0.00114669	      0.00091642	     -0.24469476	      0.90622185	     -0.47592507
      1.50000000	      5.03482475	   -503.04299322	    137.31554916	     -0.00051498	      0.00118504	      0.00109132	     -0.24500431	      0.90950573	     -0.47605051
      1.50500000	      0.11354114	   -510.16119984	    139.68824749	     -0.00056968	      0.00122115	      0.00126680	     -0.24539537	      0.91271338	     -0.47619798
      1.51000000	     -5.26404028	   -533.56789613	    145.92255935	     -0.00067057	      0.00120118	      0.00156112	     -0.24586855	      0.91582727	     -0.47636690
      1.51500000	     -7.96468947	   -549.98117296	    152.42157012	     -0.00068229	      0.00124112	      0.00179173	     -0.24642285	      0.91883036	     -0.47655651
      1.52000000	    -10.01469220	   -579.36587511	    161.86064547	     -0.00073368	      0.00124882	      0.00208104	     -0.24705558	      0.92170618	     -0.47676579
      1.52500000	     -9.11744667	   -561.78995442	    161.23611024	     -0.00061161	      0.00134197	      0.00209158	     -0.24776239	      0.92443907	     -0.47699347
      1.53000000	     -1.44178448	   -367.99897651	    122.90941041	     -0.00007463	      0.00174860	      0.00101265	     -0.24853730	      0.92701419	     -0.47723805
      1.53500000	     -0.47204107	   -386.38194691	    127.50432946	     -0.00015339	      0.00177606	      0.00111243	     -0.24937279	      0.92941772	     -0.47749775
      1.54000000	      2.37504266	   -369.09291136	    124.36907894	     -0.00009875	      0.00190134	      0.00097780	     -0.25026000	      0.93163689	     -0.47777056
      1.54500000	      4.93520822	   -317.35890600	    115.87535732	      0.00012226	      0.00214688	      0.00062247	     -0.25118889	      0.93366004	     -0.47805422
      1.55000000	     14.36193822	   -287.22742154	    115.97568190	      0.00039291	      0.00210415	      0.00025911	     -0.25214846	      0.93547667	     -0.47834625
      1.55500000	     47.92571418	   -356.27557486	    159.56722017	      0.00133532	      0.00021036	      0.00020891	     -0.25312711	      0.93707744	     -0.47864398
      1.56000000	     53.79178233	   -376.30976885	    157.54029076	      0.00122623	      0.00036508	      0.00012143	     -0.25411282	      0.93845417	     -0.47894461
      1.56500000	     64.35769079	   -401.88056237	    165.57111012	      0.00131818	      0.00013027	      0.00011783	     -0.25509356	      0.93959980	     -0.47924519
      1.57000000	     74.97859314	   -439.76743446	    177.75027500	      0.00141901	     -0.00011256	      0.00008183	     -0.25605752	      0.94050838	     -0.47954274
      1.57500000	     85.84512314	   -456.39073972	    178.57702813	      0.00137051	     -0.00004322	     -0.00001556	     -0.25699343	      0.94117504	     -0.47983429
      1.58000000	     90.09452422	   -460.27899634	    182.11984937	      0.00143616	     -0.00039176	     -0.00001084	     -0.25789087	      0.94159592	     -0.48011692
      1.58500000	     96.14249974	   -467.61056272	    184.53865661	      0.00145462	     -0.00060043	     -0.00005691	     -0.25874042	      0.94176820	     -0.48038783
      1.59000000	     99.50616269	   -474.66862680	    184.33931589	      0.00139615	     -0.00068571	     -0.00012191	     -0.25953399	      0.94169004	     -0.48064442
      1.59500000	    101.42837353	   -476.18485193	    193.46004424	      0.00157562	     -0.00130564	     -0.00005307	     -0.26026490	      0.94136064	     -0.48088433
      1.60000000	    100.62118271	   -453.19009767	    189.20781153	      0.00156753	     -0.00151231	     -0.00006939	     -0.26092803	      0.94078019	     -0.48110548
      1.60500000	     98.99456385	   -437.58860063	    186.42892012	      0.00154028	     -0.00169947	     -0.00006942	     -0.26151993	      0.93995003	     -0.48130613
      1.61000000	     97.30434332	   -413.28104028	    183.39244826	      0.00157907	     -0.00202897	     -0.00004525	     -0.26203886	      0.93887259	     -0.48148492
      1.61500000	     93.05596947	   -387.48354467	    178.61884936	      0.00155597	     -0.00221768	     -0.00002009	     -0.26248472	      0.93755155	     -0.48164084
      1.62000000	    100.69616477	   -413.31367523	    195.29437333	      0.00183514	     -0.00288677	      0.00004467	     -0.26285908	      0.93599188	     -0.48177330
      1.62500000	    119.81842116	   -512.81328461	    243.86367433	      0.00254961	     -0.00405086	      0.00020744	     -0.26316502	      0.93419991	     -0.48188208
      1.63000000	    139.10455004	   -593.43471224	    283.47083239	      0.00316212	     -0.00503977	      0.00025309	     -0.26340701	      0.93218338	     -0.48196737
      1.63500000	    171.35401105	   -704.10554095	    295.57661673	      0.00293050	     -0.00426566	     -0.00011341	     -0.26359074	      0.92995153	     -0.48202966
      1.64000000	    182.56541618	   -803.81859093	    289.44596010	      0.00248862	     -0.00424848	     -0.00002484	     -0.26372286	      0.92751507	     -0.48206980
      1.64500000	    183.42189509	   -767.57590810	    246.97344579	      0.00115102	      0.00009013	     -0.00119224	     -0.26381075	      0.92488618	     -0.48208891
      1.65000000	    177.32540144	   -783.41420089	    240.87083599	      0.00057781	      0.00098414	     -0.00147852	     -0.26386226	      0.92207847	     -0.48208834
      1.65500000	    177.52968914	   -764.27183400	    242.90421972	      0.00101619	      0.00017443	     -0.00121841	     -0.26388536	      0.91910695	     -0.48206966
      1.66000000	    161.40464075	   -716.57281841	    251.54315371	      0.00173032	     -0.00233698	     -0.00057075	     -0.26388786	      0.91598786	     -0.48203456
      1.66500000	    138.38878730	   -635.01063371	    215.31652002	      0.00108124	     -0.00087490	     -0.00074734	     -0.26387715	      0.91273861	     -0.48198481
      1.67000000	    126.22811632	   -597.59533383	    205.12356316	      0.00091777	     -0.00066760	     -0.00069803	     -0.26385985	      0.90937758	     -0.48192224
      1.67500000	    122.43462821	   -589.48421299	    192.24924032	      0.00045108	      0.00029236	     -0.00089018	     -0.26384163	      0.90592398	     -0.48184864
      1.68000000	    123.38305495	   -628.28624118	    207.64229581	      0.00026289	      0.00055311	     -0.00101753	     -0.26382700	      0.90239761	     -0.48176573
      1.68500000	    130.31947021	   -629.84648086	    209.34064454	      0.00041824	      0.00060850	     -0.00099065	     -0.26381915	      0.89881868	     -0.48167512
      1.69000000	    138.28028862	   -633.53423401	    206.65787810	      0.00053435	      0.00072982	     -0.00099330	     -0.26381988	      0.89520755	     -0.48157826
      1.69500000	    140.81997743	   -634.78127155	    216.61996210	      0.00089173	      0.00009716	     -0.00081353	     -0.26382957	      0.89158453	     -0.48147641
      1.70000000	    146.88093393	   -649.68610005	    239.71361759	      0.00155385	     -0.00129912	     -0.00051486	     -0.26384722	      0.88796960	     -0.48137057
      1.70500000	    154.38872709	   -677.15244749	    247.44319033	      0.00157029	     -0.00116711	     -0.00055862	     -0.26387054	      0.88438221	     -0.48126155
      1.71000000	    163.90177135	   -710.79176478	    252.79402222	      0.00143025	     -0.00070343	     -0.00070260	     -0.26389609	      0.88084105	     -0.48114986
      1.71500000	    177.26424045	   -755.33564434	    259.99918516	      0.00124983	     -0.00010577	     -0.00089729	     -0.26391945	      0.87736388	     -0.48103578
      1.72000000	    191.29030265	   -810.32106561	    261.96752767	      0.00081568	      0.00087272	     -0.00118400	     -0.26393543	      0.87396738	     -0.48091933
      1.72500000	    203.63662159	   -880.87534045	    282.25247034	      0.00063664	      0.00107213	     -0.00136038	     -0.26393829	      0.87066699	     -0.48080030
      1.73000000	    206.56082257	   -906.01644546	    286.24214577	      0.00053933	      0.00107721	     -0.00142081	     -0.26392192	      0.86747690	     -0.48067828
      1.73500000	    200.22527591	   -914.04864963	    289.91714571	      0.00039877	      0.00099189	     -0.00143033	     -0.26388013	      0.86440990	     -0.48055266
      1.74000000	    190.54432655	   -899.65042307	    286.64758281	      0.00030622	      0.00086874	     -0.00137930	     -0.26380680	      0.86147746	     -0.48042270
      1.74500000	    178.01117683	   -864.20482056	    276.69840842	      0.00024451	      0.00076613	     -0.00130421	     -0.26369610	      0.85868969	     -0.48028758
      1.75000000	    166.29563730	   -837.21239931	    270.46443554	      0.00018137	      0.00067409	     -0.00124886	     -0.26354268	      0.85605543	     -0.48014637
      1.75500000	    155.69633984	   -814.57557638	    266.81781444	      0.00012964	      0.00059480	     -0.00119927	     -0.26334177	      0.85358228	     -0.47999816
      1.76000000	    146.05235896	   -778.38222798	    255.71517359	      0.00012703	      0.00049259	     -0.00113855	     -0.26308937	      0.85127673	     -0.47984202
      1.76500000	    132.47379545	   -738.66140012	    244.71012877	      0.00010701	      0.00039387	     -0.00105992	     -0.26278230	      0.84914425	     -0.47967711
      1.77000000	    115.74386582	   -696.00024899	    232.57371453	      0.00008047	      0.00029984	     -0.00097346	     -0.26241827	      0.84718941	     -0.47950262
      1.77500000	    100.87586513	   -657.74790513	    221.18768498	      0.00007479	      0.00021196	     -0.00089948	     -0.26199595	      0.84541603	     -0.47931792
      1.78000000	     89.53399416	   -629.99277332	    212.39713794	      0.00009357	      0.00011768	     -0.00081223	     -0.26151490	      0.84382724	     -0.47912246
      1.78500000	     85.76752794	   -631.64694829	    208.29574498	      0.00008067	      0.00009209	     -0.00077757	     -0.26097559	      0.84242568	     -0.47891591
      1.79000000	     84.71156752	   -645.55548448	    207.32747668	      0.00005425	      0.00010941	     -0.00076963	     -0.26037931	      0.84121353	     -0.47869807
      1.79500000	     82.76089077	   -670.40910996	    211.07811676	     -0.00002736	      0.00014686	     -0.00079589	     -0.25972812	      0.84019269	     -0.47846897
      1.80000000	     82.29776596	   -690.40383112	    212.84139220	     -0.00005630	      0.00016507	     -0.00084344	     -0.25902469	      0.83936478	     -0.47822884
      1.80500000	     84.75490078	   -733.45747960	    225.91357242	     -0.00011913	      0.00025750	     -0.00086668	     -0.25827226	      0.83873128	     -0.47797810
      1.81000000	     84.45416066	   -765.59644864	    232.23831245	     -0.00019642	      0.00032439	     -0.00092639	     -0.25747443	      0.83829353	     -0.47771738
      1.81500000	     84.99068196	   -798.85368333	    239.46222132	     -0.00026141	      0.00039700	     -0.00100180	     -0.25663516	      0.83805277	     -0.47744749
      1.82000000	     86.56551476	   -823.81982672	    244.41986773	     -0.00026689	      0.00045661	     -0.00108564	     -0.25575854	      0.83801020	     -0.47716944
      1.82500000	     86.84058045	   -856.92201378	    252.55997035	     -0.00032861	      0.00052894	     -0.00118194	     -0.25484880	      0.83816689	     -0.47688438
      1.83000000	     84.90561150	   -889.43551474	    266.24028058	     -0.00040268	      0.00056547	     -0.00135440	     -0.25391018	      0.83852385	     -0.47659359
      1.83500000	     84.34424429	   -915.13624811	    278.43717295	     -0.00041167	      0.00058509	     -0.00154916	     -0.25294689	      0.83908191	     -0.47629848
      1.84000000	     83.63224391	   -946.25444906	    288.38524959	     -0.00046293	      0.00064014	     -0.00168904	     -0.25196305	      0.83984171	     -0.47600053
      1.84500000	     81.55644862	   -971.95386183	    290.02338721	     -0.00055483	      0.00070347	     -0.00175093	     -0.25096270	      0.84080362	     -0.47570128
      1.85000000	     80.93021838	  -1005.34609381	    295.14107966	     -0.00065681	      0.00078457	     -0.00176115	     -0.24994976	      0.84196763	     -0.47540231
      1.85500000	     79.93911491	  -1027.14118834	    295.12348239	     -0.00072280	      0.00085499	     -0.00172300	     -0.24892804	      0.84333329	     -0.47510522
      1.86000000	     78.80920809	  -1037.32206519	    294.66271086	     -0.00073261	      0.00090060	     -0.00173183	     -0.24790127	      0.84489955	     -0.47481161
      1.86500000	     77.66305889	  -1037.52020495	    291.38362954	     -0.00070952	      0.00094823	     -0.00173447	     -0.24687306	      0.84666470	     -0.47452306
      1.87000000	     74.59079489	  -1042.34857741	    289.46106796	     -0.00075680	      0.00100324	     -0.00170024	     -0.24584698	      0.84862623	     -0.47424113
      1.87500000	     71.69535632	  -1031.09630333	    282.80184155	     -0.00072771	      0.00103887	     -0.00165920	     -0.24482653	      0.85078072	     -0.47396738
      1.88000000	     68.38158063	  -1025.85021215	    283.54375295	     -0.00070768	      0.00110952	     -0.00166583	     -0.24381514	      0.85312373	     -0.47370332
      1.88500000	     63.92566106	  -1004.85281422	    275.23487846	     -0.00068448	      0.00114015	     -0.00160420	     -0.24281621	      0.85564971	     -0.47345044
      1.89000000	     58.50559456	   -986.28439713	    267.04256532	     -0.00071507	      0.00116886	     -0.00149738	     -0.24183307	      0.85835190	     -0.47321021
      1.89500000	     54.05942182	   -955.84367482	    254.73842971	     -0.00069223	      0.00119904	     -0.00136056	     -0.24086903	      0.86122231	     -0.47298406
      1.90000000	     47.60565196	   -932.15957606	    247.65430396	     -0.00074346	      0.00120917	     -0.00127403	     -0.23992729	      0.86425162	     -0.47277337
      1.90500000	     41.44077100	   -897.94558442	    237.20652026	     -0.00077326	      0.00119438	     -0.00114010	     -0.23901105	      0.86742917	     -0.47257947
      1.91000000	     36.50009905	   -867.37077840	    226.56998304	     -0.00081127	      0.00119324	     -0.00097331	     -0.23812337	      0.87074301	     -0.47240363
      1.91500000	     30.96063414	   -829.71026665	    211.91221525	     -0.00089113	      0.00109171	     -0.00078714	     -0.23726725	      0.87417986	     -0.47224698
      1.92000000	     29.40048382	   -802.71464142	    202.61113677	     -0.00099457	      0.00100348	     -0.00052943	     -0.23644556	      0.87772523	     -0.47211055
      1.92500000	     28.91495464	   -780.55483549	    195.43293907	     -0.00112659	      0.00087773	     -0.00023507	     -0.23566106	      0.88136347	     -0.47199519
      1.93000000	     27.72619747	   -750.68321311	    184.59904422	     -0.00118361	      0.00075459	      0.00008275	     -0.23491631	      0.88507790	     -0.47190158
      1.93500000	     22.50809959	   -732.75979961	    178.78766062	     -0.00113520	      0.00093873	      0.00036010	     -0.23421374	      0.88885089	     -0.47183014
      1.94000000	     14.14029113	   -710.57303527	    172.16874450	     -0.00102088	      0.00116350	      0.00059486	     -0.23355553	      0.89266408	     -0.47178103
      1.94500000	      3.90856983	   -695.44151667	    168.90465494	     -0.00091606	      0.00137865	      0.00081101	     -0.23294364	      0.89649849	     -0.47175415
      1.95000000	     -1.92567202	   -664.60295846	    163.21494658	     -0.00078549	      0.00148611	      0.00088853	     -0.23237972	      0.90033472	     -0.47174908
      1.95500000	     -4.85311355	   -638.67446551	    160.27861739	     -0.00059994	      0.00147318	      0.00095838	     -0.23186514	      0.90415313	     -0.47176506
      1.96000000	     -7.65589312	   -615.49616595	    157.50404095	     -0.00049308	      0.00142031	      0.00102914	     -0.23140087	      0.90793402	     -0.47180106
      1.96500000	     -8.50885033	   -589.10888351	    155.50520304	     -0.00032420	      0.00139837	      0.00104532	     -0.23098747	      0.91165783	     -0.47185571
      1.97000000	     -8.71776978	   -558.05291073	    152.72411425	     -0.00014763	      0.00128162	      0.00103713	     -0.23062509	      0.91530533	     -0.47192737
      1.97500000	     -8.56894466	   -536.60403639	    152.44719971	      0.00010034	      0.00075774	      0.00106728	     -0.23031334	      0.91885777	     -0.47201411
      1.98000000	     -9.59392154	   -520.64124276	    153.70032929	      0.00028120	      0.00018149	      0.00112572	     -0.23005135	      0.92229708	     -0.47211382
      1.98500000	    -10.17103993	   -493.10802779	    147.80868967	      0.00019549	      0.00088692	      0.00104907	     -0.22983770	      0.92560599	     -0.47222419
      1.99000000	     -9.27033512	   -464.34325732	    144.00466394	      0.00027918	      0.00104427	      0.00097518	     -0.22967045	      0.92876815	     -0.47234279
      1.99500000	     -8.26054458	   -449.49492716	    147.37957864	      0.00050533	      0.00056239	      0.00096825	     -0.22954711	      0.93176826	     -0.47246714
      2.00000000	      0.66345086	   -399.74395385	    150.31080623	      0.00106693	     -0.00096502	      0.00069594	     -0.22946474	      0.93459214	     -0.47259474
      2.00500000	      4.16841867	   -357.82911090	    140.09934352	      0.00101876	     -0.00016480	      0.00050728	     -0.22941992	      0.93722680	     -0.47272315
      2.01000000	      0.81258735	   -368.72947379	    139.60249625	      0.00083203	      0.00061653	      0.00059866	     -0.22940889	      0.93966045	     -0.47285007
      2.01500000	      1.75638433	   -380.39728396	    149.04742768	      0.00100644	      0.00032635	      0.00057561	     -0.22942758	      0.94188250	     -0.47297335
      2.02000000	      6.74894163	   -352.34613207	    146.66991004	      0.00117913	     -0.00047388	      0.00052186	     -0.22947174	      0.94388361	     -0.47309105
      2.02500000	     14.88241113	   -336.68799078	    161.03991742	      0.00144282	     -0.00094192	      0.00029609	     -0.22953704	      0.94565557	     -0.47320149
      2.03000000	     18.07286662	   -331.03416595	    147.93500141	      0.00117880	      0.00029215	      0.00006125	     -0.22961919	      0.94719132	     -0.47330329
      2.03500000	     17.49955951	   -311.94944451	    136.13070479	      0.00100759	      0.00060466	     -0.00000568	     -0.22971404	      0.94848486	     -0.47339536
      2.04000000	     20.52475210	   -319.28722558	    130.86294853	      0.00086322	      0.00095280	     -0.00013665	     -0.22981772	      0.94953120	     -0.47347690
      2.04500000	     21.76055352	   -311.63906317	    118.91850285	      0.00065356	      0.00129712	     -0.00023923	     -0.22992676	      0.95032629	     -0.47354742
      2.05000000	     21.86795390	   -304.34613514	    111.55936406	      0.00051059	      0.00130932	     -0.00029489	     -0.23003814	      0.95086698	     -0.47360672
      2.05500000	     18.38070731	   -290.34079779	    106.17790055	      0.00035849	      0.00116416	     -0.00034865	     -0.23014944	      0.95115097	     -0.47365484
      2.06000000	     15.56569209	   -307.04907146	    114.20859554	      0.00022065	      0.00097872	     -0.00038217	     -0.23025886	      0.95117678	     -0.47369205
      2.06500000	     13.87060743	   -292.76559278	    105.60693249	      0.00002084	      0.00083408	     -0.00049139	     -0.23036533	      0.95094372	     -0.47371879
      2.07000000	     10.38822274	   -299.45376477	    111.79265592	     -0.00011201	      0.00072394	     -0.00050131	     -0.23046847	      0.95045195	     -0.47373566
      2.07500000	      7.85695880	   -300.22931705	    114.65093142	     -0.00020393	      0.00063727	     -0.00051002	     -0.23056862	      0.94970244	     -0.47374336
      2.08000000	      4.85579870	   -304.76418614	    121.13897466	     -0.00025836	      0.00061000	     -0.00048980	     -0.23066687	      0.94869706	     -0.47374262
      2.08500000	      2.10986023	   -290.17324392	    120.74138272	     -0.00034259	      0.00050885	     -0.00044970	     -0.23076493	      0.94743858	     -0.47373423
      2.09000000	      0.69049853	   -274.95621796	    117.15945249	     -0.00037577	      0.00043389	     -0.00043275	     -0.23086514	      0.94593083	     -0.47371897
      2.09500000	     29.83841429	   -519.31138141	    145.07905407	     -0.00047045	     -0.00017731	      0.00012785	     -0.23097035	      0.94417865	     -0.47369756
      2.10000000	     36.82343550	   -565.59898205	    156.21737658	      0.00038369	     -0.00147459	      0.00032823	     -0.23108381	      0.94218808	     -0.47367071
      2.10500000	     10.26010501	   -487.20860936	    157.14988351	      0.00041700	     -0.00204205	      0.00097834	     -0.23120906	      0.93996635	     -0.47363909
      2.11000000	     20.23518952	   -305.32589293	    107.87846075	      0.00038442	      0.00018722	     -0.00016390	     -0.23134979	      0.93752199	     -0.47360329
      2.11500000	     18.32554415	   -301.90079283	    111.66272365	      0.00054411	     -0.00010755	     -0.00003223	     -0.23150968	      0.93486487	     -0.47356391
      2.12000000	     22.11233254	   -361.09892924	    130.78668266	      0.00085002	     -0.00078973	      0.00022695	     -0.23169224	      0.93200620	     -0.47352151
      2.12500000	     25.88469493	   -417.50414317	    146.19241712	      0.00102149	     -0.00088070	      0.00032940	     -0.23190071	      0.92895859	     -0.47347669
      2.13000000	     30.48992066	   -468.54246340	    165.69886843	      0.00124299	     -0.00102782	      0.00038061	     -0.23213787	      0.92573601	     -0.47343008
      2.13500000	     41.04217932	   -517.33699542	    195.47357099	      0.00173352	     -0.00194498	      0.00045294	     -0.23240594	      0.92235374	     -0.47338238
      2.14000000	     42.99751709	   -482.70658207	    185.32815742	      0.00158592	     -0.00146675	      0.00028561	     -0.23270654	      0.91882832	     -0.47333437
      2.14500000	     47.25771026	   -523.39752722	    193.39385521	      0.00171727	     -0.00161870	      0.00045413	     -0.23304052	      0.91517741	     -0.47328696
      2.15000000	     56.04941552	   -641.46489627	    223.21920771	      0.00213896	     -0.00207139	      0.00083207	     -0.23340802	      0.91141972	     -0.47324114
      2.15500000	     64.81831650	   -739.70808432	    243.95030873	      0.00239465	     -0.00222257	      0.00107943	     -0.23380838	      0.90757482	     -0.47319804
      2.16000000	     75.55063553	   -854.85762948	    270.62355799	      0.00274249	     -0.00248669	      0.00134879	     -0.23424016	      0.90366294	     -0.47315885
      2.16500000	     85.49021015	   -947.55939602	    289.88016381	      0.00298064	     -0.00249164	      0.00153179	     -0.23470116	      0.89970480	     -0.47312486
      2.17000000	     93.76554197	   -984.32564747	    297.10606626	      0.00310352	     -0.00301564	      0.00158837	     -0.23518840	      0.89572136	     -0.47309738
      2.17500000	     99.35339545	   -969.75095329	    292.57854588	      0.00305135	     -0.00340257	      0.00146511	     -0.23569822	      0.89173362	     -0.47307772
      2.18000000	     95.32431702	   -862.29958045	    261.08102239	      0.00249293	     -0.00267885	      0.00097344	     -0.23622624	      0.88776234	     -0.47306715
      2.18500000	     86.99191566	   -717.79099201	    221.84668059	      0.00178037	     -0.00193247	      0.00033647	     -0.23676748	      0.88382780	     -0.47306684
      2.19000000	     83.36200352	   -667.15530227	    188.46006399	      0.00070669	      0.00025589	     -0.00043795	     -0.23731637	      0.87994964	     -0.47307782
      2.19500000	     94.75510965	   -792.49858851	    218.37111516	      0.00024649	      0.00116676	     -0.00088202	     -0.23786685	      0.87614659	     -0.47310092
      2.20000000	     96.61873550	   -863.08986828	    243.54905281	      0.00007114	      0.00133620	     -0.00106347	     -0.23841247	      0.87243630	     -0.47313674
      2.20500000	     86.82783369	   -851.17893781	    245.58042714	     -0.00005634	      0.00120429	     -0.00105032	     -0.23894646	      0.86883524	     -0.47318563
      2.21000000	     72.92866779	   -804.08839222	    233.88723229	     -0.00010384	      0.00105676	     -0.00086308	     -0.23946188	      0.86535858	     -0.47324762
      2.21500000	     70.31359979	   -774.85033239	    214.12298323	     -0.00011967	      0.00095111	     -0.00072265	     -0.23995172	      0.86202015	     -0.47332247
      2.22000000	     75.99011332	   -762.50960240	    197.53745447	     -0.00004715	      0.00083305	     -0.00053488	     -0.24040904	      0.85883242	     -0.47340960
      2.22500000	     84.30927820	   -784.00635242	    197.24562421	      0.00004522	      0.00090691	     -0.00031751	     -0.24082710	      0.85580654	     -0.47350814
      2.23000000	     94.82739697	   -810.62237386	    192.37190342	      0.00014948	      0.00142061	      0.00002286	     -0.24119946	      0.85295248	     -0.47361693
      2.23500000	    106.98525132	   -870.44832530	    207.14853964	      0.00019105	      0.00169947	      0.00028866	     -0.24152012	      0.85027908	     -0.47373455
      2.24000000	    117.12581127	   -920.44104530	    217.73561664	      0.00016784	      0.00177499	      0.00040631	     -0.24178362	      0.84779426	     -0.47385934
      2.24500000	    122.71872671	   -936.73668245	    221.26775083	      0.00017867	      0.00168991	      0.00044977	     -0.24198513	      0.84550516	     -0.47398944
      2.25000000	    127.53832426	   -964.95613374	    224.69331610	      0.00011786	      0.00167858	      0.00050520	     -0.24212055	      0.84341831	     -0.47412287
      2.25500000	    133.56816563	  -1007.88111076	    229.88544376	     -0.00001218	      0.00167062	      0.00058085	     -0.24218659	      0.84153978	     -0.47425752
      2.26000000	    141.08480145	  -1054.90272560	    237.03566475	     -0.00010200	      0.00168928	      0.00064016	     -0.24218082	      0.83987531	     -0.47439125
      2.26500000	    151.59955026	  -1135.51572619	    251.07011695	     -0.00027850	      0.00179421	      0.00077157	     -0.24210176	      0.83843042	     -0.47452195
      2.27000000	    161.66015512	  -1218.46668909	    268.30394803	     -0.00042012	      0.00186132	      0.00089249	     -0.24194889	      0.83721045	     -0.47464757
      2.27500000	    165.13906229	  -1267.25787318	    272.98840294	     -0.00056202	      0.00197972	      0.00094898	     -0.24172271	      0.83622060	     -0.47476624
      2.28000000	    161.17538219	  -1276.25728288	    273.82709813	     -0.00067633	      0.00194529	      0.00086025	     -0.24142470	      0.83546589	     -0.47487625
      2.28500000	    151.05748775	  -1259.90671158	    269.39681561	     -0.00082571	      0.00189714	      0.00068074	     -0.24105732	      0.83495108	     -0.47497622
      2.29000000	    140.03983457	  -1221.33948733	    262.59938003	     -0.00091780	      0.00167596	      0.00041228	     -0.24062397	      0.83468061	     -0.47506502
      2.29500000	    126.86183164	  -1188.10909378	    268.10247371	     -0.00109213	      0.00094713	     -0.00009467	     -0.24012890	      0.83465844	     -0.47514193
      2.30000000	    111.75039949	  -1195.78322905	    283.42068566	     -0.00115982	      0.00094028	     -0.00042595	     -0.23957712	      0.83488792	     -0.47520658
      2.30500000	     96.67616237	  -1198.58488895	    296.15584310	     -0.00115321	      0.00100141	     -0.00080054	     -0.23897424	      0.83537166	     -0.47525900
      2.31000000	     89.95261411	  -1223.42960929	    316.24470238	     -0.00122394	      0.00109134	     -0.00109762	     -0.23832640	      0.83611132	     -0.47529962
      2.31500000	     87.22414457	  -1235.15596008	    326.88740686	     -0.00122348	      0.00117467	     -0.00126868	     -0.23764005	      0.83710752	     -0.47532923
      2.32000000	     82.93625707	  -1236.94164866	    331.88543820	     -0.00121537	      0.00122682	     -0.00142129	     -0.23692182	      0.83835967	     -0.47534898
      2.32500000	     77.76232935	  -1230.38025864	    332.50721164	     -0.00123177	      0.00125707	     -0.00148566	     -0.23617839	      0.83986587	     -0.47536030
      2.33000000	     73.21473507	  -1210.47793130	    326.18093880	     -0.00120854	      0.00127630	     -0.00146646	     -0.23541631	      0.84162279	     -0.47536490
      2.33500000	     70.12858247	  -1183.46102040	    316.23194583	     -0.00116851	      0.00130286	     -0.00140257	     -0.23464191	      0.84362563	     -0.47536467
      2.34000000	     64.36660330	  -1140.37555650	    298.03885726	     -0.00116524	      0.00123070	     -0.00120566	     -0.23386116	      0.84586803	     -0.47536165
      2.34500000	     59.58485725	  -1097.16485649	    282.73476571	     -0.00118981	      0.00113701	     -0.00095374	     -0.23307964	      0.84834211	     -0.47535796
      2.35000000	     59.56713512	  -1055.18121784	    267.06280252	     -0.00124865	      0.00094659	     -0.00057084	     -0.23230241	      0.85103844	     -0.47535571
      2.35500000	     62.03197320	  -1020.83940774	    253.13207294	     -0.00134572	      0.00072148	     -0.00011383	     -0.23153401	      0.85394610	     -0.47535702
      2.36000000	     62.21576770	   -986.55786704	    237.43719144	     -0.00125366	      0.00071848	      0.00034481	     -0.23077846	      0.85705272	     -0.47536388
      2.36500000	     56.92604445	   -979.09202489	    235.05399929	     -0.00133139	      0.00060920	      0.00072514	     -0.23003924	      0.86034454	     -0.47537816
      2.37000000	     46.41781905	   -967.07048372	    233.18877381	     -0.00134368	      0.00054200	      0.00103051	     -0.22931929	      0.86380657	     -0.47540156
      2.37500000	     36.33961134	   -942.47184986	    228.78941166	     -0.00130822	      0.00049705	      0.00124018	     -0.22862110	      0.86742262	     -0.47543556
      2.38000000	     29.96906525	   -920.50274693	    227.54883017	     -0.00141985	      0.00028454	      0.00136750	     -0.22794671	      0.87117547	     -0.47548141
      2.38500000	     23.84610196	   -884.81410551	    222.39252337	     -0.00144410	      0.00014942	      0.00144290	     -0.22729778	      0.87504695	     -0.47554014
      2.39000000	     18.32306453	   -865.94735948	    223.98704564	     -0.00156052	      0.00004214	      0.00149908	     -0.22667565	      0.87901813	     -0.47561251
      2.39500000	     11.16391765	   -846.21655455	    224.49839520	     -0.00165050	     -0.00003910	      0.00159867	     -0.22608138	      0.88306939	     -0.47569908
      2.40000000	      4.63837193	   -824.49791475	    222.29548899	     -0.00168581	     -0.00008673	      0.00169581	     -0.22551585	      0.88718061	     -0.47580014
      2.40500000	      1.49901668	   -796.08070345	    220.55335672	     -0.00176427	     -0.00011578	      0.00164996	     -0.22497976	      0.89133128	     -0.47591580
      2.41000000	     -2.79611624	   -766.89074194	    216.55471540	     -0.00178361	     -0.00012162	      0.00165555	     -0.22447371	      0.89550068	     -0.47604601
      2.41500000	     -4.61865673	   -724.98017733	    206.88389810	     -0.00172894	     -0.00010284	      0.00160012	     -0.22399823	      0.89966798	     -0.47619053
      2.42000000	     -6.15608032	   -673.97329929	    192.86120476	     -0.00161295	     -0.00007220	      0.00154361	     -0.22355384	      0.90381242	     -0.47634900
      2.42500000	     -5.92181327	   -620.83734409	    176.18308163	     -0.00144539	     -0.00000644	      0.00145689	     -0.22314104	      0.90791348	     -0.47652095
      2.43000000	     -6.91435297	   -582.95878596	    164.99985317	     -0.00135437	      0.00007534	      0.00139277	     -0.22276035	      0.91195099	     -0.47670581
      2.43500000	    -10.17217752	   -531.48429795	    146.99624371	     -0.00103908	      0.00044548	      0.00134575	     -0.22241234	      0.91590531	     -0.47690292
      2.44000000	    -10.78137466	   -486.17905606	    137.58877975	     -0.00077213	      0.00086830	      0.00116911	     -0.22209758	      0.91975749	     -0.47711154
      2.44500000	     -9.89390924	   -447.91491235	    130.34488078	     -0.00054203	      0.00121633	      0.00099592	     -0.22181670	      0.92348939	     -0.47733083
      2.45000000	     -7.47597123	   -399.39531283	    122.50586268	     -0.00031006	      0.00152064	      0.00073439	     -0.22157032	      0.92708382	     -0.47755983
      2.45500000	     -8.14899963	   -366.88039194	    119.92416006	     -0.00010554	      0.00175487	      0.00059741	     -0.22135908	      0.93052470	     -0.47779748
      2.46000000	     -6.13720029	   -320.38681663	    115.01269899	      0.00018280	      0.00203253	      0.00038581	     -0.22118358	      0.93379713	     -0.47804256
      2.46500000	     -4.81963959	   -291.68690487	    117.00117440	      0.00042220	      0.00216332	      0.00019678	     -0.22104439	      0.93688746	     -0.47829374
      2.47000000	     -6.23837952	   -286.81137580	    119.79038526	      0.00051877	      0.00240125	      0.00014985	     -0.22094201	      0.93978341	     -0.47854949
      2.47500000	     -6.65817044	   -284.12238982	    122.61926566	      0.00061363	      0.00264877	      0.00013854	     -0.22087684	      0.94247402	     -0.47880817
      2.48000000	     -0.53299035	   -295.58061342	    130.70438384	      0.00083346	      0.00280389	      0.00000798	     -0.22084917	      0.94494971	     -0.47906797
      2.48500000	      5.22417164	   -363.92235944	    156.72165865	      0.00123663	      0.00184976	      0.00017229	     -0.22085914	      0.94720222	     -0.47932699
      2.49000000	      6.66081733	   -387.35763589	    156.54271316	      0.00115813	      0.00258463	      0.00008676	     -0.22090674	      0.94922456	     -0.47958325
      2.49500000	      7.26597030	   -413.88028498	    162.36221179	      0.00117094	      0.00295063	      0.00002716	     -0.22099176	      0.95101092	     -0.47983472
      2.50000000	     11.67500815	   -436.63794951	    164.32289400	      0.00119228	      0.00313477	      0.00000576	     -0.22111382	      0.95255659	     -0.48007940
      2.50500000	     11.44529851	   -448.29955038	    166.76368811	      0.00118545	      0.00320539	     -0.00000384	     -0.22127231	      0.95385783	     -0.48031536
      2.51000000	     11.52358876	   -448.06520461	    164.57613778	      0.00113361	      0.00337260	     -0.00005420	     -0.22146643	      0.95491178	     -0.48054079
      2.51500000	     11.62679805	   -438.44605963	    161.00153354	      0.00110215	      0.00336996	     -0.00005402	     -0.22169517	      0.95571635	     -0.48075408
      2.52000000	     14.04977622	   -420.46185860	    151.92993481	      0.00101002	      0.00330778	     -0.00009549	     -0.22195730	      0.95627013	     -0.48095383
      2.52500000	     14.03758679	   -409.73593286	    147.43843848	      0.00093256	      0.00315899	     -0.00010134	     -0.22225143	      0.95657231	     -0.48113896
      2.53000000	     12.50906774	   -387.36249902	    142.14177379	      0.00085148	      0.00298613	     -0.00008781	     -0.22257598	      0.95662264	     -0.48130869
      2.53500000	      9.62584704	   -359.36278326	    132.46212334	      0.00065886	      0.00273121	     -0.00014494	     -0.22292920	      0.95642140	     -0.48146258
      2.54000000	     10.33390702	   -326.20072835	    121.82555892	      0.00054368	      0.00244987	     -0.00014008	     -0.22330925	      0.95596936	     -0.48160056
      2.54500000	      9.49414365	   -296.89501316	    113.12233863	      0.00040150	      0.00211753	     -0.00015949	     -0.22371416	      0.95526785	     -0.48172296
      2.55000000	      7.33625319	   -266.32951727	    104.42082630	      0.00019934	      0.00168559	     -0.00020013	     -0.22414192	      0.95431873	     -0.48183045
      2.55500000	      2.29533551	   -262.90229178	    106.42154027	     -0.00021577	      0.00083483	      0.00018239	     -0.22459052	      0.95312450	     -0.48192408
      2.56000000	      1.56850683	   -248.32852491	    109.30697390	     -0.00065722	      0.00017216	      0.00047056	     -0.22505798	      0.95168832	     -0.48200521
      2.56500000	      3.62854980	   -254.58303589	    117.47235950	     -0.00060461	      0.00011177	      0.00027147	     -0.22554241	      0.95001411	     -0.48207554
      2.57000000	     20.55224710	   -339.99553870	    125.16004358	     -0.00041021	      0.00010508	     -0.00007919	     -0.22604209	      0.94810660	     -0.48213700
      2.57500000	     39.16476986	   -472.81462035	    164.38212027	     -0.00012354	      0.00145471	     -0.00088103	     -0.22655549	      0.94597147	     -0.48219179
      2.58000000	     66.04142784	   -566.28674694	    184.48144606	      0.00013530	      0.00167935	     -0.00106475	     -0.22708135	      0.94361532	     -0.48224225
      2.58500000	     61.04766162	   -454.66048612	    155.44146413	      0.00027549	      0.00107533	     -0.00079106	     -0.22761871	      0.94104588	     -0.48229085
      2.59000000	     30.34349942	   -274.67194970	    113.74888545	      0.00012728	      0.00013921	     -0.00037553	     -0.22816694	      0.93827194	     -0.48234011
      2.59500000	     39.44851156	   -324.93537629	    113.32142989	      0.00036656	     -0.00089642	      0.00005006	     -0.22872575	      0.93530350	     -0.48239255
      2.60000000	     67.99593680	   -568.76656000	    167.92179241	      0.00117185	     -0.00235809	      0.00082180	     -0.22929519	      0.93215173	     -0.48245059
      2.60500000	     88.68262328	   -795.13343880	    197.21429900	      0.00109499	     -0.00186149	      0.00148320	     -0.22987565	      0.92882906	     -0.48251652
      2.61000000	     96.09223173	   -941.28113138	    224.14544547	      0.00077121	     -0.00034221	      0.00187793	     -0.23046781	      0.92534908	     -0.48259238
      2.61500000	    108.10965303	   -926.68038893	    232.74773836	      0.00162515	     -0.00300123	      0.00182452	     -0.23107261	      0.92172659	     -0.48267996
      2.62000000	     96.81237445	   -783.98852490	    199.25205213	      0.00125539	     -0.00242481	      0.00138766	     -0.23169118	      0.91797754	     -0.48278068
      2.62500000	     83.36384477	   -673.42296545	    163.89177299	      0.00043962	     -0.00049192	      0.00107096	     -0.23232472	      0.91411890	     -0.48289555
      2.63000000	     81.99684664	   -669.31922782	    161.50431784	      0.00017909	      0.00039066	      0.00101449	     -0.23297450	      0.91016861	     -0.48302515
      2.63500000	     81.12231417	   -633.77368098	    156.09530840	      0.00035619	      0.00000606	      0.00082890	     -0.23364163	      0.90614546	     -0.48316963
      2.64000000	     87.65730863	   -630.25906455	    168.46937562	      0.00111934	     -0.00188544	      0.00067820	     -0.23432704	      0.90206891	     -0.48332863
      2.64500000	     99.12977110	   -675.42009097	    198.87595333	      0.00149426	     -0.00233053	      0.00061858	     -0.23503128	      0.89795891	     -0.48350138
      2.65000000	     98.88152916	   -644.46728977	    203.86322700	      0.00157985	     -0.00245485	      0.00041763	     -0.23575443	      0.89383575	     -0.48368666
      2.65500000	     98.33244670	   -615.66217609	    204.85829759	      0.00159586	     -0.00246832	      0.00022144	     -0.23649596	      0.88971981	     -0.48388289
      2.66000000	    100.76423264	   -623.36681402	    208.95407326	      0.00159871	     -0.00233751	      0.00013772	     -0.23725461	      0.88563137	     -0.48408815
      2.66500000	     94.02974337	   -626.07517117	    203.20080341	      0.00127949	     -0.00143861	      0.00001947	     -0.23802836	      0.88159039	     -0.48430027
      2.67000000	     87.38729555	   -611.47488561	    190.54515462	      0.00094677	     -0.00061667	     -0.00010878	     -0.23881434	      0.87761630	     -0.48451686
      2.67500000	     81.46430465	   -598.39569838	    184.91585342	      0.00068113	     -0.00004409	     -0.00026065	     -0.23960884	      0.87372783	     -0.48473544
      2.68000000	     72.97099334	   -584.85109204	    181.55448784	      0.00031816	      0.00058892	     -0.00048447	     -0.24040731	      0.86994287	     -0.48495343
      2.68500000	     73.78110318	   -606.81783558	    190.81260666	      0.00017932	      0.00076813	     -0.00061385	     -0.24120447	      0.86627833	     -0.48516827
      2.69000000	     75.50790663	   -632.08873535	    198.30629796	      0.00005391	      0.00093497	     -0.00075001	     -0.24199435	      0.86275008	     -0.48537746
      2.69500000	     79.71764113	   -655.94600562	    209.73251335	      0.00005183	      0.00089561	     -0.00075462	     -0.24277047	      0.85937289	     -0.48557863
      2.70000000	     78.28501903	   -654.64552200	    209.81460016	      0.00003345	      0.00083065	     -0.00071680	     -0.24352595	      0.85616048	     -0.48576954
      2.70500000	     72.99641953	   -640.95645911	    203.19590084	     -0.00002748	      0.00076424	     -0.00068389	     -0.24425371	      0.85312550	     -0.48594814
      2.71000000	     75.26297928	   -651.80693094	    201.68909205	     -0.00004193	      0.00072478	     -0.00061905	     -0.24494667	      0.85027959	     -0.48611262
      2.71500000	     84.85142675	   -667.48715189	    200.91642623	      0.00010668	      0.00063758	     -0.00044948	     -0.24559793	      0.84763349	     -0.48626136
      2.72000000	     92.83854799	   -690.87180590	    199.21774910	      0.00021285	      0.00060871	     -0.00029935	     -0.24620095	      0.84519710	     -0.48639298
      2.72500000	    103.58931723	   -731.58495025	    203.75246741	      0.00035197	      0.00055374	     -0.00015911	     -0.24674976	      0.84297954	     -0.48650634
      2.73000000	    110.53914076	   -755.31794597	    201.62268941	      0.00045108	      0.00065982	     -0.00003428	     -0.24723909	      0.84098927	     -0.48660052
      2.73500000	    118.20835018	   -814.38827958	    213.85845199	      0.00037186	      0.00075276	      0.00004082	     -0.24766451	      0.83923411	     -0.48667481
      2.74000000	    121.17197708	   -844.99121341	    213.59490106	      0.00016561	      0.00137801	      0.00012530	     -0.24802254	      0.83772128	     -0.48672875
      2.74500000	    128.11764495	   -899.45966539	    221.85498959	      0.00010217	      0.00154442	      0.00022242	     -0.24831071	      0.83645746	     -0.48676206
      2.75000000	    133.97888669	   -956.52996336	    230.89725150	     -0.00001519	      0.00160521	      0.00028446	     -0.24852757	      0.83544872	     -0.48677472
      2.75500000	    140.57989180	  -1001.19745439	    238.91738936	     -0.00000782	      0.00165942	      0.00034217	     -0.24867269	      0.83470053	     -0.48676691
      2.76000000	    142.33444419	  -1017.02729445	    239.07665951	     -0.00001249	      0.00164401	      0.00030669	     -0.24874663	      0.83421770	     -0.48673906
      2.76500000	    141.51836113	  -1009.21911263	    234.90324234	      0.00000517	      0.00154555	      0.00018339	     -0.24875084	      0.83400430	     -0.48669182
      2.77000000	    136.75697878	  -1008.45256474	    236.11166303	     -0.00006631	      0.00122074	     -0.00003220	     -0.24868759	      0.83406360	     -0.48662612
      2.77500000	    134.38134328	   -998.31432080	    233.98193348	     -0.00003239	      0.00110364	     -0.00020900	     -0.24855983	      0.83439794	     -0.48654309
      2.78000000	    128.69931251	   -995.81680688	    237.08301216	     -0.00009454	      0.00097449	     -0.00047171	     -0.24837108	      0.83500868	     -0.48644412
      2.78500000	    122.59372203	  -1004.09159377	    240.88069148	     -0.00022601	      0.00089076	     -0.00073284	     -0.24812528	      0.83589605	     -0.48633081
      2.79000000	    119.23179806	  -1036.23699500	    259.27555070	     -0.00035012	      0.00089250	     -0.00094358	     -0.24782669	      0.83705909	     -0.48620499
      2.79500000	    116.62705487	  -1057.04114255	    278.36044811	     -0.00039796	      0.00095873	     -0.00110606	     -0.24747973	      0.83849554	     -0.48606861
      2.80000000	    110.14460634	  -1070.65938828	    290.78486534	     -0.00053229	      0.00095486	     -0.00123672	     -0.24708892	      0.84020175	     -0.48592380
      2.80500000	    104.72926422	  -1066.43403172	    293.14526424	     -0.00060779	      0.00092470	     -0.00127171	     -0.24665876	      0.84217264	     -0.48577276
      2.81000000	     99.23759055	  -1060.76382632	    296.23102109	     -0.00069647	      0.00091207	     -0.00131988	     -0.24619368	      0.84440165	     -0.48561774
      2.81500000	     93.82632680	  -1035.22125413	    292.51390142	     -0.00071559	      0.00086815	     -0.00133785	     -0.24569799	      0.84688065	     -0.48546102
      2.82000000	     87.21922449	  -1000.79348458	    287.37474643	     -0.00073843	      0.00081480	     -0.00134262	     -0.24517585	      0.84960001	     -0.48530485
      2.82500000	     79.97895725	   -960.21608088	    279.70411494	     -0.00075448	      0.00074630	     -0.00131674	     -0.24463130	      0.85254851	     -0.48515142
      2.83000000	     72.00183232	   -916.52824564	    270.78455405	     -0.00076521	      0.00070412	     -0.00136921	     -0.24406824	      0.85571342	     -0.48500282
      2.83500000	     66.10208521	   -869.98694928	    260.72929460	     -0.00073351	      0.00068352	     -0.00137205	     -0.24349048	      0.85908050	     -0.48486105
      2.84000000	     58.87152047	   -823.27896037	    249.65582917	     -0.00072923	      0.00065621	     -0.00135066	     -0.24290177	      0.86263407	     -0.48472800
      2.84500000	     51.87058947	   -780.65560701	    241.08625537	     -0.00074241	      0.00066003	     -0.00131320	     -0.24230582	      0.86635708	     -0.48460541
      2.85000000	     44.26555819	   -730.93139870	    228.00658170	     -0.00075235	      0.00063471	     -0.00124684	     -0.24170637	      0.87023120	     -0.48449493
      2.85500000	     37.38527795	   -688.36170822	    218.63587359	     -0.00076347	      0.00066625	     -0.00120183	     -0.24110720	      0.87423695	     -0.48439805
      2.86000000	     31.29442527	   -651.34297359	    210.91506123	     -0.00080061	      0.00067512	     -0.00108312	     -0.24051212	      0.87835380	     -0.48431617
      2.86500000	     23.95063578	   -611.21440699	    199.47977671	     -0.00087193	      0.00065597	     -0.00094825	     -0.23992502	      0.88256036	     -0.48425056
      2.87000000	     17.36365095	   -556.72286323	    179.17048554	     -0.00088485	      0.00058627	     -0.00077934	     -0.23934981	      0.88683455	     -0.48420237
      2.87500000	     13.38131096	   -513.65902815	    164.90695752	     -0.00091149	      0.00054858	     -0.00058928	     -0.23879042	      0.89115375	     -0.48417265
      2.88000000	     11.66198826	   -474.05615094	    150.00887659	     -0.00093196	      0.00047265	     -0.00035550	     -0.23825074	      0.89549505	     -0.48416232
      2.88500000	     10.86236707	   -439.70257677	    135.71174456	     -0.00094870	      0.00041231	     -0.00010397	     -0.23773458	      0.89983544	     -0.48417217
      2.89000000	      8.69680513	   -428.67630985	    125.56993382	     -0.00095682	      0.00056496	      0.00025081	     -0.23724557	      0.90415201	     -0.48420285
      2.89500000	     -3.47760252	   -425.57246438	    125.11225384	     -0.00083344	      0.00101722	      0.00045261	     -0.23678712	      0.90842220	     -0.48425483
      2.90000000	    -12.06412825	   -415.44381567	    119.37057950	     -0.00071745	      0.00141185	      0.00062816	     -0.23636230	      0.91262401	     -0.48432840
      2.90500000	    -20.16177974	   -423.92192803	    125.91862117	     -0.00067986	      0.00150088	      0.00076500	     -0.23597380	      0.91673616	     -0.48442365
      2.91000000	    -25.07587731	   -411.89493669	    121.59521207	     -0.00056574	      0.00173718	      0.00083564	     -0.23562384	      0.92073834	     -0.48454041
      2.91500000	    -29.24568817	   -401.66499152	    121.20719168	     -0.00057293	      0.00185974	      0.00086721	     -0.23531409	      0.92461136	     -0.48467829
      2.92000000	    -30.76449697	   -376.18107838	    118.54226050	     -0.00046534	      0.00199461	      0.00078147	     -0.23504563	      0.92833727	     -0.48483660
      2.92500000	    -32.20214929	   -345.31085918	    112.15517695	     -0.00038923	      0.00212472	      0.00070327	     -0.23481888	      0.93189953	     -0.48501438
      2.93000000	    -38.20838087	   -314.11459754	    107.97810958	     -0.00036934	      0.00210675	      0.00073893	     -0.23463362	      0.93528308	     -0.48521038
      2.93500000	    -30.45192368	   -279.52321363	    100.78636896	     -0.00020754	      0.00242597	      0.00037172	     -0.23448894	      0.93847438	     -0.48542306
      2.94000000	    -27.64707310	   -264.86486096	    100.35478385	     -0.00005161	      0.00265006	      0.00020262	     -0.23438327	      0.94146145	     -0.48565065
      2.94500000	    -18.04538723	   -277.95364225	    103.38179140	      0.00012258	      0.00269039	     -0.00001499	     -0.23431437	      0.94423389	     -0.48589108
      2.95000000	     -8.80429448	   -334.16733827	    114.07358254	      0.00024837	      0.00250474	      0.00012333	     -0.23427946	      0.94678279	     -0.48614213
      2.95500000	     18.76436298	   -407.07425635	    121.39241695	      0.00047174	      0.00225640	     -0.00021809	     -0.23427520	      0.94910070	     -0.48640136
      2.96000000	     21.24128772	   -432.02749471	    129.12389409	      0.00049366	      0.00236266	     -0.00033211	     -0.23429780	      0.95118151	     -0.48666625
      2.96500000	     29.60713168	   -457.75152324	    133.57534872	      0.00052156	      0.00240025	     -0.00038088	     -0.23434312	      0.95302035	     -0.48693419
      2.97000000	     35.09227638	   -476.23776581	    141.96625420	      0.00061347	      0.00237838	     -0.00037974	     -0.23440679	      0.95461349	     -0.48720258
      2.97500000	     34.35405505	   -469.08948150	    141.31825282	      0.00056823	      0.00245657	     -0.00046332	     -0.23448426	      0.95595816	     -0.48746886
      2.98000000	     36.26563816	   -467.34439810	    142.98095520	      0.00058335	      0.00240217	     -0.00047791	     -0.23457097	      0.95705245	     -0.48773060
      2.98500000	     37.60679486	   -464.37716485	    143.72264034	      0.00056686	      0.00236525	     -0.00052643	     -0.23466243	      0.95789521	     -0.48798553
      2.99000000	     39.91325422	   -459.96739246	    143.69754342	      0.00056118	      0.00227820	     -0.00055308	     -0.23475438	      0.95848587	     -0.48823158
      2.99500000	     38.49640249	   -434.44909821	    137.87965501	      0.00049983	      0.00217307	     -0.00057333	     -0.23484286	      0.95882445	     -0.48846695
      3.00000000	     36.90107075	   -419.80198234	    138.28461542	      0.00048586	      0.00198565	     -0.00056026	     -0.23492438	      0.95891141	     -0.48869011
      3.00500000	     38.35883058	   -395.32133629	    130.01277374	      0.00042469	      0.00185681	     -0.00059349	     -0.23499602	      0.95874762	     -0.48889984
      3.01000000	     35.59302969	   -374.58811553	    129.26546382	      0.00035977	      0.00161247	     -0.00058282	     -0.23505551	      0.95833438	     -0.48909520
      3.01500000	     34.12870175	   -341.46958364	    120.96726583	      0.00029888	      0.00137810	     -0.00056289	     -0.23510136	      0.95767337	     -0.48927555
      3.02000000	     30.81307797	   -308.25835860	    112.02234819	      0.00015741	      0.00112109	     -0.00056507	     -0.23513296	      0.95676666	     -0.48944051
      3.02500000	     45.31166284	   -442.84957492	    143.97167663	      0.00012880	      0.00142490	     -0.00082546	     -0.23515058	      0.95561681	     -0.48958999
      3.03000000	     56.09754738	   -588.06736875	    176.33461282	     -0.00004151	      0.00194109	     -0.00118028	     -0.23515544	      0.95422687	     -0.48972407
      3.03500000	     55.66437777	   -520.87270618	    162.36066993	      0.00014634	      0.00136753	     -0.00094597	     -0.23514970	      0.95260046	     -0.48984305
      3.04000000	     44.80557815	   -414.33411765	    140.09856466	      0.00016465	      0.00080779	     -0.00068021	     -0.23513643	      0.95074182	     -0.48994739
      3.04500000	     41.72859750	   -383.28741809	    130.14917450	      0.00014896	      0.00057871	     -0.00059937	     -0.23511952	      0.94865595	     -0.49003765
      3.05000000	     41.19767960	   -365.82980671	    142.31476405	      0.00073745	     -0.00097211	     -0.00019188	     -0.23510360	      0.94634864	     -0.49011451
      3.05500000	     39.01176111	   -377.57841732	    147.02183672	      0.00087440	     -0.00140185	      0.00000929	     -0.23509386	      0.94382657	     -0.49017873
      3.06000000	     45.38828832	   -444.51986752	    150.16359430	      0.00092789	     -0.00180603	      0.00026649	     -0.23509594	      0.94109742	     -0.49023110
      3.06500000	     52.53041213	   -585.61507819	    189.74749885	      0.00134320	     -0.00249865	      0.00062379	     -0.23511567	      0.93816991	     -0.49027247
      3.07000000	     58.27390521	   -643.29185453	    206.71248847	      0.00160090	     -0.00294352	      0.00073608	     -0.23515895	      0.93505389	     -0.49030367
      3.07500000	     59.67199208	   -663.65115546	    207.08568162	      0.00159987	     -0.00275515	      0.00077800	     -0.23523150	      0.93176040	     -0.49032555
      3.08000000	     62.52490965	   -699.48242034	    218.57886115	      0.00173874	     -0.00282592	      0.00087816	     -0.23533872	      0.92830168	     -0.49033895
      3.08500000	     65.29230361	   -711.29955845	    231.15491379	      0.00192150	     -0.00306309	      0.00090302	     -0.23548543	      0.92469122	     -0.49034463
      3.09000000	     71.69407576	   -741.03388198	    247.39785942	      0.00221082	     -0.00368154	      0.00099165	     -0.23567576	      0.92094370	     -0.49034336
      3.09500000	     82.79406791	   -821.96493566	    283.04461257	      0.00271159	     -0.00449508	      0.00114879	     -0.23591300	      0.91707500	     -0.49033578
      3.10000000	     91.85152323	   -859.15352851	    301.57898952	      0.00298303	     -0.00481956	      0.00115993	     -0.23619944	      0.91310206	     -0.49032250
      3.10500000	    102.75782884	   -908.65652136	    331.45226192	      0.00339865	     -0.00566521	      0.00122459	     -0.23653629	      0.90904281	     -0.49030403
      3.11000000	    113.71341853	   -941.46051157	    350.79529488	      0.00365478	     -0.00603625	      0.00118859	     -0.23692361	      0.90491600	     -0.49028077
      3.11500000	    122.93528654	   -931.41213632	    345.65645790	      0.00359411	     -0.00568982	      0.00097440	     -0.23736030	      0.90074101	     -0.49025308
      3.12000000	    131.80269288	   -938.92268706	    338.42718397	      0.00347235	     -0.00497598	      0.00081051	     -0.23784407	      0.89653763	     -0.49022123
      3.12500000	    137.39388837	   -961.70766411	    334.08262611	      0.00340388	     -0.00461370	      0.00081208	     -0.23837154	      0.89232583	     -0.49018543
      3.13000000	    139.55157367	   -976.56609125	    324.37575498	      0.00320135	     -0.00391938	      0.00082639	     -0.23893827	      0.88812546	     -0.49014586
      3.13500000	    145.05673202	  -1020.41726951	    329.43058629	      0.00329225	     -0.00410311	      0.00098094	     -0.23953893	      0.88395604	     -0.49010268
      3.14000000	    147.60918363	  -1017.77834521	    322.71835061	      0.00317708	     -0.00402850	      0.00096191	     -0.24016746	      0.87983643	     -0.49005608
      3.14500000	    148.44590412	   -986.29849076	    308.97077608	      0.00292375	     -0.00351786	      0.00081262	     -0.24081719	      0.87578465	     -0.49000623
      3.15000000	    151.38955895	   -966.80355423	    304.59496710	      0.00286596	     -0.00366280	      0.00073550	     -0.24148108	      0.87181761	     -0.48995334
      3.15500000	    153.91257169	   -938.07773095	    296.33592368	      0.00271961	     -0.00346963	      0.00060393	     -0.24215191	      0.86795094	     -0.48989765
      3.16000000	    152.00227744	   -893.18530045	    280.08116291	      0.00241067	     -0.00291862	      0.00043040	     -0.24282242	      0.86419890	     -0.48983941
      3.16500000	    152.13298983	   -871.23561458	    270.46035784	      0.00222393	     -0.00257270	      0.00035006	     -0.24348551	      0.86057422	     -0.48977891
      3.17000000	    152.96842311	   -862.28461173	    264.52924080	      0.00210579	     -0.00236390	      0.00033667	     -0.24413441	      0.85708810	     -0.48971639
      3.17500000	    148.91561448	   -850.28055333	    254.87790603	      0.00194955	     -0.00209114	      0.00039428	     -0.24476275	      0.85375023	     -0.48965209
      3.18000000	    147.03220419	   -858.40396564	    251.42304705	      0.00184489	     -0.00185347	      0.00049342	     -0.24536471	      0.85056884	     -0.48958620
      3.18500000	    148.16521537	   -875.32630407	    250.62130204	      0.00181828	     -0.00172535	      0.00060630	     -0.24593503	      0.84755078	     -0.48951884
      3.19000000	    144.27800940	   -878.21695960	    243.91876669	      0.00168927	     -0.00132281	      0.00071224	     -0.24646908	      0.84470173	     -0.48945003
      3.19500000	    142.71749517	   -893.78381792	    242.42178162	      0.00155158	     -0.00094203	      0.00082447	     -0.24696286	      0.84202626	     -0.48937970
      3.20000000	    147.10077087	   -933.01435164	    249.03189738	      0.00123534	     -0.00013420	      0.00097285	     -0.24741296	      0.83952811	     -0.48930763
      3.20500000	    151.30704071	   -945.21894939	    251.80098265	      0.00125367	     -0.00019733	      0.00098036	     -0.24781649	      0.83721031	     -0.48923348
      3.21000000	    149.01396960	   -931.26575568	    246.37315088	      0.00105524	      0.00007629	      0.00090694	     -0.24817109	      0.83507538	     -0.48915680
      3.21500000	    157.03841730	   -911.95915146	    249.36150622	      0.00173420	     -0.00166456	      0.00072137	     -0.24847479	      0.83312550	     -0.48907698
      3.22000000	    155.12498862	   -889.90616409	    247.93367240	      0.00161846	     -0.00166680	      0.00054173	     -0.24872598	      0.83136265	     -0.48899332
      3.22500000	    156.87087244	   -872.04777727	    247.76606035	      0.00166272	     -0.00188194	      0.00039989	     -0.24892333	      0.82978872	     -0.48890500
      3.23000000	    154.87385279	   -839.35164244	    239.73608198	      0.00165158	     -0.00204708	      0.00023506	     -0.24906572	      0.82840561	     -0.48881116
      3.23500000	    151.99844118	   -839.41961759	    243.99998778	      0.00151521	     -0.00173608	      0.00013503	     -0.24915223	      0.82721525	     -0.48871087
      3.24000000	    151.42098599	   -835.16411398	    244.56887786	      0.00148209	     -0.00166673	      0.00004607	     -0.24918207	      0.82621967	     -0.48860324
      3.24500000	    143.00818275	   -801.60165030	    230.81958273	      0.00131823	     -0.00140321	     -0.00008397	     -0.24915461	      0.82542092	     -0.48848736
      3.25000000	    141.37774660	   -807.28446902	    235.15153856	      0.00119995	     -0.00114886	     -0.00017151	     -0.24906932	      0.82482112	     -0.48836244
      3.25500000	    136.10751190	   -798.76520340	    229.75163195	      0.00102202	     -0.00080650	     -0.00026142	     -0.24892587	      0.82442233	     -0.48822777
      3.26000000	    130.68194242	   -782.21714549	    219.55272082	      0.00091896	     -0.00057178	     -0.00035082	     -0.24872406	      0.82422653	     -0.48808281
      3.26500000	    121.07019976	   -775.70899474	    217.31033245	      0.00051375	      0.00014242	     -0.00050875	     -0.24846393	      0.82423552	     -0.48792718
      3.27000000	    115.51429492	   -772.95541507	    215.80644697	      0.00031955	      0.00049753	     -0.00064171	     -0.24814576	      0.82445085	     -0.48776072
      3.27500000	    110.94638400	   -784.07694370	    217.77490677	      0.00015301	      0.00073555	     -0.00075163	     -0.24777010	      0.82487377	     -0.48758348
      3.28000000	    107.22812495	   -801.55562522	    222.92858227	      0.00003679	      0.00082674	     -0.00085477	     -0.24733788	      0.82550513	     -0.48739575
      3.28500000	    101.09199069	   -815.91086076	    221.03783344	     -0.00011848	      0.00089128	     -0.00093072	     -0.24685040	      0.82634529	     -0.48719806
      3.29000000	     97.59451604	   -833.62875205	    223.78244796	     -0.00021113	      0.00094063	     -0.00094696	     -0.24630939	      0.82739415	     -0.48699115
      3.29500000	     92.63591578	   -852.68412622	    228.42509984	     -0.00033849	      0.00096827	     -0.00097114	     -0.24571708	      0.82865101	     -0.48677601
      3.30000000	     89.53650625	   -861.12497361	    229.52466081	     -0.00036996	      0.00099825	     -0.00098735	     -0.24507622	      0.83011458	     -0.48655380
      3.30500000	     83.89907008	   -875.93572786	    233.56567822	     -0.00048965	      0.00100151	     -0.00100127	     -0.24439008	      0.83178290	     -0.48632583
      3.31000000	     79.32028372	   -882.38475331	    233.68108813	     -0.00053767	      0.00101962	     -0.00099186	     -0.24366252	      0.83365336	     -0.48609359
      3.31500000	     74.23165328	   -885.67977122	    231.78095728	     -0.00060032	      0.00103138	     -0.00092936	     -0.24289793	      0.83572263	     -0.48585865
      3.32000000	     70.05241606	   -886.00046208	    227.20095100	     -0.00062817	      0.00106155	     -0.00082131	     -0.24210122	      0.83798664	     -0.48562267
      3.32500000	     64.33854969	   -889.37779773	    223.21201476	     -0.00072536	      0.00102659	     -0.00071659	     -0.24127782	      0.84044057	     -0.48538734
      3.33000000	     63.08039971	   -897.51557993	    221.81650166	     -0.00084808	      0.00100763	     -0.00045942	     -0.24043355	      0.84307881	     -0.48515441
      3.33500000	     61.44811351	   -903.39519483	    219.57835109	     -0.00092725	      0.00105470	     -0.00022357	     -0.23957460	      0.84589496	     -0.48492562
      3.34000000	     57.83072743	   -906.17113570	    219.78411064	     -0.00099524	      0.00108692	     -0.00012466	     -0.23870739	      0.84888180	     -0.48470269
      3.34500000	     53.80570144	   -910.55364582	    221.81496586	     -0.00116990	      0.00089014	     -0.00003993	     -0.23783850	      0.85203127	     -0.48448733
      3.35000000	     46.22879069	   -891.58358269	    219.56193941	     -0.00116822	      0.00091326	     -0.00005467	     -0.23697453	      0.85533445	     -0.48428121
      3.35500000	     40.56249987	   -855.57077609	    210.79172995	     -0.00109661	      0.00089326	     -0.00016832	     -0.23612198	      0.85878160	     -0.48408596
      3.36000000	     34.02722710	   -836.06759124	    208.69565917	     -0.00110705	      0.00089999	     -0.00019948	     -0.23528719	      0.86236209	     -0.48390316
      3.36500000	     28.70872495	   -810.94182125	    204.56234089	     -0.00115164	      0.00081171	     -0.00024963	     -0.23447616	      0.86606444	     -0.48373432
      3.37000000	     24.14381786	   -773.85848921	    195.38354390	     -0.00107486	      0.00080425	     -0.00027490	     -0.23369450	      0.86987631	     -0.48358090
      3.37500000	     19.58490936	   -730.22224898	    185.07904365	     -0.00094916	      0.00082428	     -0.00035517	     -0.23294733	      0.87378454	     -0.48344426
      3.38000000	     15.57272456	   -687.07673651	    175.72281890	     -0.00083498	      0.00082463	     -0.00043201	     -0.23223925	      0.87777515	     -0.48332569
      3.38500000	     13.19918611	   -654.33451043	    169.18273411	     -0.00080664	      0.00083558	     -0.00039163	     -0.23157425	      0.88183339	     -0.48322634
      3.39000000	     11.81875318	   -615.76938604	    158.66330485	     -0.00074646	      0.00077600	     -0.00035728	     -0.23095573	      0.88594379	     -0.48314726
      3.39500000	     11.90378734	   -578.69131481	    148.39425575	     -0.00067937	      0.00084060	     -0.00020950	     -0.23038644	      0.89009020	     -0.48308935
      3.40000000	     11.04797653	   -555.33797151	    141.57564853	     -0.00065507	      0.00089873	     -0.00000119	     -0.22986852	      0.89425590	     -0.48305333
      3.40500000	     10.43339133	   -515.06799671	    130.68560178	     -0.00053603	      0.00101887	     -0.00001303	     -0.22940353	      0.89842365	     -0.48303977
      3.41000000	      7.25885402	   -486.47537737	    126.03439159	     -0.00025648	      0.00143821	      0.00007792	     -0.22899241	      0.90257582	     -0.48304903
      3.41500000	      5.13476454	   -471.10508273	    124.81938819	     -0.00018392	      0.00150265	      0.00020117	     -0.22863558	      0.90669448	     -0.48308126
      3.42000000	      4.33273426	   -451.41576450	    121.26859073	     -0.00011103	      0.00164588	      0.00027191	     -0.22833291	      0.91076157	     -0.48313639
      3.42500000	      0.81757844	   -443.34269412	    124.38950048	     -0.00004473	      0.00163536	      0.00034745	     -0.22808380	      0.91475898	     -0.48321414
      3.43000000	     -2.18486727	   -431.38143470	    123.82490734	      0.00001356	      0.00175303	      0.00045758	     -0.22788716	      0.91866875	     -0.48331401
      3.43500000	     -7.87374923	   -432.54200132	    128.58731752	      0.00007198	      0.00180292	      0.00061256	     -0.22774146	      0.92247321	     -0.48343526
      3.44000000	    -10.52250740	   -411.83971625	    128.97229457	      0.00018470	      0.00188263	      0.00063854	     -0.22764474	      0.92615513	     -0.48357695
      3.44500000	    -11.29353488	   -383.32591496	    126.18489673	      0.00026249	      0.00206243	      0.00055853	     -0.22759464	      0.92969786	     -0.48373791
      3.45000000	    -12.24387135	   -361.45745440	    124.82599600	      0.00028864	      0.00228164	      0.00047580	     -0.22758838	      0.93308552	     -0.48391680
      3.45500000	     -6.23245110	   -320.49066023	    115.36929591	      0.00035841	      0.00262556	      0.00017237	     -0.22762283	      0.93630308	     -0.48411209
      3.46000000	     -7.00766568	   -310.43013980	    115.93910824	      0.00040108	      0.00287633	      0.00004323	     -0.22769451	      0.93933654	     -0.48432209
      3.46500000	     -4.66387772	   -307.79612582	    116.50371775	      0.00047059	      0.00310357	     -0.00005317	     -0.22779961	      0.94217296	     -0.48454497
      3.47000000	     -9.96171295	   -313.17340158	    121.99290596	      0.00047335	      0.00323164	     -0.00007046	     -0.22793405	      0.94480057	     -0.48477876
      3.47500000	     -9.88754278	   -300.04622178	    121.12843396	      0.00051141	      0.00340062	     -0.00001069	     -0.22809352	      0.94720881	     -0.48502143
      3.48000000	    -15.33478490	   -282.69750720	    113.53605073	      0.00030317	      0.00353324	     -0.00008970	     -0.22827357	      0.94938835	     -0.48527086
      3.48500000	     -8.38139217	   -323.96382413	    118.81514897	      0.00036853	      0.00344205	     -0.00018496	     -0.22846964	      0.95133104	     -0.48552488
      3.49000000	     -5.47176883	   -355.15091314	    120.49751650	      0.00031910	      0.00341098	     -0.00032550	     -0.22867719	      0.95302992	     -0.48578132
      3.49500000	     -4.08970849	   -367.51691844	    117.06081072	      0.00021031	      0.00330676	     -0.00046144	     -0.22889177	      0.95447917	     -0.48603801
      3.50000000	     -4.83063390	   -397.00409947	    125.12583140	      0.00004440	      0.00309174	     -0.00060133	     -0.22910914	      0.95567397	     -0.48629279
      3.50500000	     -1.92456909	   -404.89245556	    123.46946811	     -0.00006387	      0.00285776	     -0.00071139	     -0.22932536	      0.95661050	     -0.48654357
      3.51000000	     -3.08512640	   -415.82680746	    128.62072817	     -0.00021961	      0.00260082	     -0.00080212	     -0.22953694	      0.95728582	     -0.48678834
      3.51500000	     -1.64521575	   -423.47592301	    131.79576710	     -0.00028161	      0.00246793	     -0.00084149	     -0.22974087	      0.95769782	     -0.48702516
      3.52000000	      0.30695821	   -424.83710515	    133.94198009	     -0.00028103	      0.00235440	     -0.00084412	     -0.22993479	      0.95784514	     -0.48725221
      3.52500000	     -2.47654089	   -419.27030635	    137.88256502	     -0.00039523	      0.00222311	     -0.00086467	     -0.23011699	      0.95772711	     -0.48746782
      3.53000000	     -0.61169733	   -411.94423469	    138.74547225	     -0.00038419	      0.00207723	     -0.00085385	     -0.23028649	      0.95734377	     -0.48767046
      3.53500000	      2.58078227	   -390.75560983	    135.13382308	     -0.00031112	      0.00180741	     -0.00077824	     -0.23044307	      0.95669582	     -0.48785877
      3.54000000	      2.19031652	   -369.70149484	    133.20824687	     -0.00034303	      0.00157179	     -0.00073737	     -0.23058722	      0.95578465	     -0.48803160
      3.54500000	      4.54008461	   -340.89006610	    125.81095477	     -0.00028291	      0.00132849	     -0.00067810	     -0.23072016	      0.95461238	     -0.48818798
      3.55000000	      7.87796974	   -297.30815444	    114.41515939	     -0.00016021	      0.00098443	     -0.00055426	     -0.23084374	      0.95318187	     -0.48832717
      3.55500000	      8.47831855	   -271.12355596	    110.25792324	     -0.00013493	      0.00074103	     -0.00048527	     -0.23096039	      0.95149685	     -0.48844868
      3.56000000	     11.53403049	   -229.67812252	     99.20629740	     -0.00000329	      0.00046354	     -0.00036465	     -0.23107298	      0.94956196	     -0.48855226
      3.56500000	     13.16575483	   -196.62808685	     93.09398370	      0.00026488	     -0.00040594	     -0.00010317	     -0.23118473	      0.94738289	     -0.48863792
      3.57000000	     22.76572387	   -250.48529815	    115.80288233	      0.00065677	     -0.00140023	      0.00016825	     -0.23129911	      0.94496645	     -0.48870591
      3.57500000	     42.27950543	   -370.90745416	    136.47495536	      0.00037269	      0.00084128	     -0.00071013	     -0.23141968	      0.94232068	     -0.48875678
      3.58000000	     84.67928440	   -723.24159399	    219.94782973	      0.00109168	     -0.00125683	     -0.00042301	     -0.23155004	      0.93945498	     -0.48879131
      3.58500000	     89.64230469	   -669.24064069	    215.27732965	      0.00080025	      0.00185106	     -0.00138536	     -0.23169366	      0.93638021	     -0.48881054
      3.59000000	     70.32862675	   -517.14707272	    204.15703468	      0.00137947	     -0.00097304	     -0.00051961	     -0.23185388	      0.93310873	     -0.48881573
      3.59500000	     59.39148340	   -575.41967493	    236.16840370	      0.00207719	     -0.00359915	      0.00043926	     -0.23203376	      0.92965446	     -0.48880836
      3.60000000	     64.42746037	   -756.77978257	    240.42871821	      0.00202930	     -0.00349244	      0.00101267	     -0.23223611	      0.92603289	     -0.48879005
      3.60500000	     80.42476155	  -1064.50501379	    305.51168606	      0.00274607	     -0.00454243	      0.00189645	     -0.23246342	      0.92226110	     -0.48876259
      3.61000000	     98.74116087	  -1295.34560521	    382.76206921	      0.00372785	     -0.00619180	      0.00253055	     -0.23271784	      0.91835762	     -0.48872782
      3.61500000	     99.82586627	  -1259.98823961	    370.71842386	      0.00363361	     -0.00600557	      0.00244376	     -0.23300119	      0.91434240	     -0.48868764
      3.62000000	     97.48873139	  -1171.94886320	    354.50326675	      0.00349310	     -0.00571065	      0.00217910	     -0.23331499	      0.91023660	     -0.48864394
      3.62500000	    100.01592620	  -1106.77586652	    349.00404086	      0.00356689	     -0.00571776	      0.00200060	     -0.23366042	      0.90606248	     -0.48859853
      3.63000000	     98.63603215	  -1048.74148664	    336.45517375	      0.00342985	     -0.00527712	      0.00170461	     -0.23403835	      0.90184318	     -0.48855313
      3.63500000	    103.73422224	  -1083.32344415	    358.19078079	      0.00376200	     -0.00588709	      0.00176199	     -0.23444931	      0.89760247	     -0.48850927
      3.64000000	    106.45134335	  -1065.92839302	    357.78004431	      0.00380391	     -0.00576615	      0.00157524	     -0.23489349	      0.89336455	     -0.48846832
      3.64500000	    106.42870229	  -1025.46373374	    350.29108775	      0.00370304	     -0.00537710	      0.00128076	     -0.23537070	      0.88915378	     -0.48843137
      3.65000000	    100.17765681	   -957.33209422	    332.32915735	      0.00342502	     -0.00473596	      0.00096552	     -0.23588032	      0.88499446	     -0.48839931
      3.65500000	     96.37131433	   -923.89410118	    319.83185956	      0.00319101	     -0.00408543	      0.00075123	     -0.23642123	      0.88091055	     -0.48837270
      3.66000000	     92.59621141	   -908.36970385	    308.05117475	      0.00294063	     -0.00320430	      0.00061719	     -0.23699181	      0.87692549	     -0.48835186
      3.66500000	     87.87711001	   -901.55567740	    295.35509958	      0.00263125	     -0.00204903	      0.00051970	     -0.23758983	      0.87306194	     -0.48833683
      3.67000000	     80.34998221	   -879.82211937	    276.18812602	      0.00217927	     -0.00059922	      0.00039218	     -0.23821243	      0.86934164	     -0.48832738
      3.67500000	     74.54747890	   -897.49755437	    268.40014484	      0.00187319	      0.00037616	      0.00038046	     -0.23885611	      0.86578522	     -0.48832303
      3.68000000	     70.40420026	   -914.36955601	    263.70538457	      0.00167976	      0.00102481	      0.00043209	     -0.23951671	      0.86241207	     -0.48832309
      3.68500000	     63.89851459	   -919.68271644	    256.62594267	      0.00137394	      0.00181750	      0.00047799	     -0.24018938	      0.85924025	     -0.48832666
      3.69000000	     55.04470432	   -917.59651716	    245.95971722	      0.00067109	      0.00339910	      0.00046827	     -0.24086866	      0.85628640	     -0.48833270
      3.69500000	     58.49615791	   -943.80250991	    252.22574253	      0.00065615	      0.00343850	      0.00053351	     -0.24154853	      0.85356573	     -0.48834004
      3.70000000	     61.11274082	   -978.04985852	    256.38652180	      0.00052590	      0.00348894	      0.00058027	     -0.24222247	      0.85109195	     -0.48834742
      3.70500000	     66.96502093	  -1029.27469927	    266.39837910	      0.00047539	      0.00362783	      0.00071546	     -0.24288362	      0.84887730	     -0.48835356
      3.71000000	     72.90941101	  -1097.02822548	    280.15087738	      0.00040424	      0.00382106	      0.00094146	     -0.24352491	      0.84693250	     -0.48835714
      3.71500000	     78.38195772	  -1150.58799221	    289.34681768	      0.00030716	      0.00388323	      0.00110682	     -0.24413925	      0.84526683	     -0.48835687
      3.72000000	     86.92583758	  -1194.88843485	    295.10843646	      0.00017484	      0.00369480	      0.00120506	     -0.24471970	      0.84388810	     -0.48835152
      3.72500000	     89.74703084	  -1215.00600281	    294.90089605	      0.00008032	      0.00355979	      0.00128380	     -0.24525970	      0.84280264	     -0.48833995
      3.73000000	     95.10803554	  -1256.54429809	    298.63365869	     -0.00008207	      0.00337103	      0.00142105	     -0.24575322	      0.84201538	     -0.48832113
      3.73500000	    102.06917387	  -1305.08800371	    307.28029490	     -0.00014325	      0.00317039	      0.00161491	     -0.24619503	      0.84152979	     -0.48829416
      3.74000000	    107.65720998	  -1357.18782014	    315.44796368	     -0.00025476	      0.00296654	      0.00182702	     -0.24658081	      0.84134791	     -0.48825830
      3.74500000	    109.60637544	  -1360.79935808	    312.84401100	     -0.00031125	      0.00262321	      0.00188410	     -0.24690733	      0.84147036	     -0.48821302
      3.75000000	    108.87012507	  -1333.82040966	    304.77788948	     -0.00032762	      0.00223198	      0.00180495	     -0.24717257	      0.84189631	     -0.48815796
      3.75500000	    105.97021298	  -1278.47390937	    290.96931261	     -0.00033954	      0.00182074	      0.00161371	     -0.24737576	      0.84262352	     -0.48809298
      3.76000000	    101.96319179	  -1199.05153666	    271.79795345	     -0.00030651	      0.00147238	      0.00131005	     -0.24751746	      0.84364827	     -0.48801817
      3.76500000	     99.09522374	  -1102.76706616	    249.01116716	     -0.00018702	      0.00121536	      0.00093641	     -0.24759951	      0.84496543	     -0.48793383
      3.77000000	     95.80277652	  -1012.44953810	    231.85902874	     -0.00009272	      0.00079553	      0.00053243	     -0.24762498	      0.84656841	     -0.48784049
      3.77500000	     90.79626228	   -930.05707476	    215.27061330	     -0.00003299	      0.00063881	      0.00011914	     -0.24759809	      0.84844920	     -0.48773887
      3.78000000	     80.59209387	   -843.94057405	    193.17376837	     -0.00002577	      0.00052227	     -0.00028950	     -0.24752407	      0.85059836	     -0.48762990
      3.78500000	     78.66862990	   -844.97332980	    208.80669547	     -0.00005205	      0.00058312	     -0.00048265	     -0.24740899	      0.85300504	     -0.48751467
      3.79000000	     73.57816857	   -814.73556203	    204.97201715	     -0.00008242	      0.00064336	     -0.00073462	     -0.24725957	      0.85565700	     -0.48739441
      3.79500000	     68.61388436	   -801.45935172	    213.17913575	     -0.00012366	      0.00076533	     -0.00093330	     -0.24708303	      0.85854066	     -0.48727050
      3.80000000	     63.51972960	   -773.57199497	    212.26738768	     -0.00013927	      0.00085630	     -0.00103648	     -0.24688683	      0.86164111	     -0.48714438
      3.80500000	     58.87270074	   -741.70770861	    212.49722397	     -0.00011291	      0.00094765	     -0.00106528	     -0.24667854	      0.86494214	     -0.48701759
      3.81000000	     53.16273011	   -699.27603204	    204.49004947	     -0.00012468	      0.00097215	     -0.00105438	     -0.24646561	      0.86842637	     -0.48689171
      3.81500000	     46.44176849	   -658.61592376	    197.11374219	     -0.00018099	      0.00097588	     -0.00102780	     -0.24625525	      0.87207524	     -0.48676832
      3.82000000	     37.77246717	   -610.17901593	    183.39711238	     -0.00030903	      0.00088416	     -0.00094735	     -0.24605426	      0.87586914	     -0.48664900
      3.82500000	     32.05845963	   -561.43977493	    171.28323437	     -0.00034838	      0.00082793	     -0.00083350	     -0.24586896	      0.87978752	     -0.48653529
      3.83000000	     28.04691046	   -503.89142782	    153.43117080	     -0.00035724	      0.00069521	     -0.00063383	     -0.24570506	      0.88380902	     -0.48642867
      3.83500000	     25.63404143	   -452.80092818	    138.10968086	     -0.00038536	      0.00053546	     -0.00040360	     -0.24556764	      0.88791157	     -0.48633054
      3.84000000	     26.68426156	   -425.87947162	    122.98885901	     -0.00040371	      0.00070388	      0.00019367	     -0.24546108	      0.89207263	     -0.48624219
      3.84500000	     17.64399316	   -444.85770588	    127.50680244	     -0.00040206	      0.00090210	      0.00066150	     -0.24538905	      0.89626930	     -0.48616477
      3.85000000	     11.07781352	   -461.07665314	    135.36652656	     -0.00036915	      0.00087267	      0.00097918	     -0.24535453	      0.90047855	     -0.48609929
      3.85500000	      4.26391687	   -479.68046500	    141.95588256	     -0.00034907	      0.00076221	      0.00131765	     -0.24535979	      0.90467744	     -0.48604660
      3.86000000	     -1.31997122	   -503.81482540	    150.44550090	     -0.00026088	      0.00014531	      0.00165701	     -0.24540645	      0.90884329	     -0.48600732
      3.86500000	     -5.65243265	   -540.03897615	    166.40973140	      0.00008331	     -0.00121680	      0.00208389	     -0.24549545	      0.91295391	     -0.48598192
      3.87000000	    -10.81636427	   -571.14291688	    182.04426920	      0.00026455	     -0.00193272	      0.00241146	     -0.24562715	      0.91698781	     -0.48597060
      3.87500000	    -16.98098525	   -597.48627290	    187.79070311	      0.00009705	     -0.00168304	      0.00268600	     -0.24580133	      0.92092435	     -0.48597337
      3.88000000	    -21.67931017	   -623.86774812	    193.01006720	     -0.00003423	     -0.00157227	      0.00293582	     -0.24601726	      0.92474394	     -0.48598996
      3.88500000	    -25.41695273	   -645.05994040	    202.14423498	      0.00003029	     -0.00182628	      0.00313019	     -0.24627372	      0.92842818	     -0.48601990
      3.89000000	    -50.40934393	   -649.91271282	    217.03438615	     -0.00019820	     -0.00226328	      0.00372464	     -0.24656905	      0.93195995	     -0.48606244
      3.89500000	    -64.50081782	   -599.06397722	    206.95531666	     -0.00051220	     -0.00196930	      0.00382219	     -0.24690125	      0.93532353	     -0.48611662
      3.90000000	   -101.33895550	   -546.95060831	    222.48690720	     -0.00062878	     -0.00289215	      0.00442054	     -0.24726796	      0.93850459	     -0.48618122
      3.90500000	    -90.17151051	   -464.97250429	    199.38572088	     -0.00040000	     -0.00272735	      0.00380655	     -0.24766658	      0.94149025	     -0.48625483
      3.91000000	    -79.58686665	   -413.02748444	    177.05326502	     -0.00033875	     -0.00233631	      0.00332692	     -0.24809430	      0.94426905	     -0.48633587
      3.91500000	    -23.45364738	   -328.02596771	    130.53125329	      0.00039977	     -0.00087945	      0.00150367	     -0.24854816	      0.94683087	     -0.48642259
      3.92000000	    -39.88551617	   -328.99986554	    133.48133879	      0.00017554	     -0.00162131	      0.00194382	     -0.24902509	      0.94916689	     -0.48651314
      3.92500000	    -29.70659254	   -328.91270034	    123.04933489	      0.00008828	     -0.00102926	      0.00164196	     -0.24952194	      0.95126950	     -0.48660560
      3.93000000	    -15.51295757	   -342.14268775	    119.38394258	      0.00020054	     -0.00081253	      0.00130478	     -0.25003557	      0.95313218	     -0.48669808
      3.93500000	     17.08981626	   -306.25792343	    111.09959680	      0.00044718	      0.00161863	     -0.00004982	     -0.25056280	      0.95474941	     -0.48678871
      3.94000000	     21.88626651	   -326.68383426	    110.96491380	      0.00039097	      0.00167255	     -0.00018738	     -0.25110050	      0.95611659	     -0.48687574
      3.94500000	     26.43720039	   -360.88736798	    118.60889151	      0.00035799	      0.00165750	     -0.00027966	     -0.25164553	      0.95722993	     -0.48695759
      3.95000000	     30.76332870	   -379.27671796	    120.44855793	      0.00029269	      0.00178132	     -0.00043813	     -0.25219480	      0.95808639	     -0.48703286
      3.95500000	     32.69897468	   -399.62408776	    124.60621621	      0.00018096	      0.00167320	     -0.00054006	     -0.25274527	      0.95868365	     -0.48710042
      3.96000000	     35.50111708	   -415.52697111	    126.64657000	      0.00006911	      0.00165839	     -0.00067732	     -0.25329393	      0.95902001	     -0.48715938
      3.96500000	     39.22413280	   -439.10343624	    133.80750223	      0.00000996	      0.00165091	     -0.00074032	     -0.25383785	      0.95909446	     -0.48720915
      3.97000000	     41.61034211	   -471.07051576	    146.76126428	     -0.00008035	      0.00170865	     -0.00082772	     -0.25437416	      0.95890660	     -0.48724941
      3.97500000	     42.72348752	   -493.56660980	    157.02014754	     -0.00017816	      0.00166249	     -0.00086988	     -0.25490012	      0.95845672	     -0.48728011
      3.98000000	     42.12973861	   -511.12329741	    165.37507196	     -0.00031954	      0.00163055	     -0.00092727	     -0.25541311	      0.95774581	     -0.48730145
      3.98500000	     43.49576362	   -503.93659275	    164.12315840	     -0.00034125	      0.00158272	     -0.00093669	     -0.25591071	      0.95677559	     -0.48731387
      3.99000000	     43.54495929	   -518.50094752	    175.37370704	     -0.00043463	      0.00153229	     -0.00097206	     -0.25639069	      0.95554859	     -0.48731798
      3.99500000	     41.74782667	   -514.73504823	    181.84867044	     -0.00051082	      0.00147717	     -0.00098314	     -0.25685107	      0.95406822	     -0.48731453
      4.00000000	     59.84919607	   -515.09429833	    167.28435041	     -0.00019845	      0.00145430	     -0.00091793	     -0.25729021	      0.95233882	     -0.48730438
      4.00500000	     72.86442865	   -536.09287287	    170.00560859	     -0.00001245	      0.00128240	     -0.00083687	     -0.25770674	      0.95036573	     -0.48728844
      4.01000000	     83.40594872	   -580.72479235	    192.95566790	      0.00125580	     -0.00210182	      0.00038555	     -0.25809970	      0.94815537	     -0.48726764
      4.01500000	     69.48155308	   -530.30579961	    208.85736555	      0.00163458	     -0.00302283	      0.00063919	     -0.25846848	      0.94571528	     -0.48724285
      4.02000000	     77.46156208	   -438.24522502	    182.01642796	      0.00137240	     -0.00131719	      0.00002545	     -0.25881286	      0.94305418	     -0.48721492
      4.02500000	     89.75276162	   -478.44828975	    164.67325065	      0.00071584	      0.00041938	     -0.00048012	     -0.25913299	      0.94018199	     -0.48718454
      4.03000000	    104.37128492	   -570.22943652	    179.80838899	      0.00038860	      0.00120627	     -0.00087004	     -0.25942933	      0.93710984	     -0.48715235
      4.03500000	    126.51593012	   -686.58720457	    213.49007689	      0.00039756	      0.00146029	     -0.00112643	     -0.25970265	      0.93385005	     -0.48711883
      4.04000000	    152.40687321	   -825.44470329	    250.82751497	      0.00037175	      0.00176530	     -0.00145714	     -0.25995389	      0.93041613	     -0.48708432
      4.04500000	    178.93994957	   -937.15315406	    280.88549644	      0.00042212	      0.00199771	     -0.00172394	     -0.26018414	      0.92682266	     -0.48704906
      4.05000000	    192.22804770	   -964.45062616	    290.03280943	      0.00052893	      0.00200001	     -0.00178847	     -0.26039450	      0.92308531	     -0.48701316
      4.05500000	    193.14355870	   -929.89544926	    282.47924904	      0.00062334	      0.00184408	     -0.00170192	     -0.26058599	      0.91922066	     -0.48697662
      4.06000000	    186.73039225	   -843.53831820	    262.53847881	      0.00081124	      0.00165495	     -0.00148762	     -0.26075948	      0.91524614	     -0.48693937
      4.06500000	    182.31686593	   -794.73056893	    267.04876486	      0.00132696	      0.00036001	     -0.00108713	     -0.26091556	      0.91117990	     -0.48690127
      4.07000000	    175.80316735	   -776.60246064	    281.33505924	      0.00187350	     -0.00117634	     -0.00069720	     -0.26105450	      0.90704063	     -0.48686216
      4.07500000	    171.89633867	   -770.67770786	    290.00287352	      0.00219517	     -0.00205288	     -0.00047345	     -0.26117617	      0.90284744	     -0.48682185
      4.08000000	    176.06933604	   -794.71444764	    288.16065039	      0.00197790	     -0.00144966	     -0.00065481	     -0.26127998	      0.89861968	     -0.48678020
      4.08500000	    181.37938938	   -829.70670012	    271.35393849	      0.00114948	      0.00071149	     -0.00120397	     -0.26136493	      0.89437677	     -0.48673711
      4.09000000	    184.19027528	   -871.91968358	    272.82068773	      0.00080863	      0.00148216	     -0.00146516	     -0.26142956	      0.89013802	     -0.48669256
      4.09500000	    181.44610851	   -921.13422910	    287.06089756	      0.00064190	      0.00152262	     -0.00157035	     -0.26147203	      0.88592249	     -0.48664662
      4.10000000	    176.02113469	   -932.40892426	    289.71282603	      0.00053302	      0.00151111	     -0.00158697	     -0.26149019	      0.88174883	     -0.48659947
      4.10500000	    161.50497345	   -913.62992638	    280.90347387	      0.00042153	      0.00142515	     -0.00149513	     -0.26148164	      0.87763516	     -0.48655139
      4.11000000	    144.37097428	   -889.97548536	    276.26988568	      0.00029824	      0.00126304	     -0.00137613	     -0.26144386	      0.87359894	     -0.48650276
      4.11500000	    132.63341910	   -848.57094375	    259.40837375	      0.00026042	      0.00118707	     -0.00126058	     -0.26137427	      0.86965693	     -0.48645402
      4.12000000	    120.73977678	   -809.13381951	    252.48054662	      0.00028538	      0.00107894	     -0.00111745	     -0.26127037	      0.86582510	     -0.48640566
      4.12500000	    105.78887381	   -749.94112746	    231.06416003	      0.00025587	      0.00103599	     -0.00101111	     -0.26112980	      0.86211863	     -0.48635818
      4.13000000	     87.85026568	   -682.03720810	    211.10726772	      0.00026192	      0.00090860	     -0.00083552	     -0.26095041	      0.85855189	     -0.48631204
      4.13500000	     79.71105175	   -668.30907034	    206.89718196	      0.00026692	      0.00073054	     -0.00062665	     -0.26073033	      0.85513847	     -0.48626763
      4.14000000	     78.02962551	   -658.17737856	    195.04162272	      0.00022597	      0.00086494	     -0.00061362	     -0.26046800	      0.85189119	     -0.48622523
      4.14500000	     83.86930128	   -670.14852253	    195.60879440	      0.00031263	      0.00083090	     -0.00053780	     -0.26016217	      0.84882214	     -0.48618499
      4.15000000	     88.35752608	   -716.79333185	    212.27491520	      0.00025790	      0.00075286	     -0.00055163	     -0.25981190	      0.84594274	     -0.48614689
      4.15500000	     89.41887869	   -729.50738322	    220.68412003	      0.00028756	      0.00062406	     -0.00064603	     -0.25941652	      0.84326373	     -0.48611077
      4.16000000	     90.10986584	   -753.16896370	    230.88588743	      0.00026695	      0.00056459	     -0.00074859	     -0.25897565	      0.84079518	     -0.48607627
      4.16500000	     89.51013824	   -756.15888293	    231.70497619	      0.00031139	      0.00047649	     -0.00085993	     -0.25848906	      0.83854654	     -0.48604292
      4.17000000	    105.94113884	   -834.96740621	    263.09114516	      0.00053395	      0.00013384	     -0.00094583	     -0.25795670	      0.83652656	     -0.48601009
      4.17500000	    110.41263984	   -884.33162366	    282.35996114	      0.00044296	      0.00023639	     -0.00118387	     -0.25737863	      0.83474329	     -0.48597708
      4.18000000	    116.73270256	   -942.16852777	    303.70086452	      0.00031462	      0.00035391	     -0.00142489	     -0.25675498	      0.83320397	     -0.48594312
      4.18500000	    114.79303368	   -965.23941315	    311.22873227	      0.00022617	      0.00035472	     -0.00148875	     -0.25608597	      0.83191501	     -0.48590741
      4.19000000	    107.07781463	   -963.61257743	    301.59916036	      0.00006279	      0.00039526	     -0.00144867	     -0.25537187	      0.83088186	     -0.48586919
      4.19500000	    109.83814206	   -981.49649415	    293.63193106	     -0.00005239	      0.00050713	     -0.00124549	     -0.25461308	      0.83010892	     -0.48582769
      4.20000000	    114.22234013	   -988.53962070	    272.43122505	     -0.00016822	      0.00055882	     -0.00099893	     -0.25381014	      0.82959951	     -0.48578223
      4.20500000	    118.22243613	   -996.52049010	    257.96391522	     -0.00027717	      0.00062991	     -0.00075027	     -0.25296383	      0.82935573	     -0.48573218
      4.21000000	    120.19801910	   -998.93510284	    246.63156212	     -0.00039478	      0.00065945	     -0.00056367	     -0.25207521	      0.82937849	     -0.48567698
      4.21500000	    128.77112819	  -1022.87963486	    250.43294767	     -0.00043360	      0.00088095	     -0.00029730	     -0.25114573	      0.82966739	     -0.48561614
      4.22000000	    130.32827230	  -1023.78039724	    248.40057724	     -0.00046339	      0.00097000	     -0.00015947	     -0.25017724	      0.83022081	     -0.48554922
      4.22500000	    129.43540166	  -1030.08481952	    249.55760446	     -0.00053932	      0.00105356	     -0.00004279	     -0.24917213	      0.83103583	     -0.48547586
      4.23000000	    123.92019127	   -989.81531223	    236.46338934	     -0.00062467	      0.00082352	     -0.00012734	     -0.24813328	      0.83210835	     -0.48539574
      4.23500000	    113.44631145	   -966.47921176	    237.36243236	     -0.00066354	      0.00057559	     -0.00030080	     -0.24706412	      0.83343308	     -0.48530862
      4.24000000	    102.89452383	   -939.35257275	    236.17008081	     -0.00065146	      0.00057024	     -0.00041502	     -0.24596861	      0.83500361	     -0.48521430
      4.24500000	     93.69445148	   -916.49117565	    234.30077847	     -0.00065057	      0.00060158	     -0.00050648	     -0.24485121	      0.83681248	     -0.48511270
      4.25000000	     84.04714420	   -896.58436520	    236.16994055	     -0.00067207	      0.00065468	     -0.00060753	     -0.24371680	      0.83885122	     -0.48500381
      4.25500000	     74.20616571	   -869.81395672	    234.82756242	     -0.00065739	      0.00069834	     -0.00072758	     -0.24257064	      0.84111040	     -0.48488777
      4.26000000	     64.28415907	   -848.77262862	    237.85332181	     -0.00066048	      0.00076468	     -0.00090778	     -0.24141829	      0.84357968	     -0.48476484
      4.26500000	     56.70354841	   -826.77080823	    242.76063603	     -0.00062161	      0.00087316	     -0.00106679	     -0.24026550	      0.84624784	     -0.48463546
      4.27000000	     49.67749568	   -791.65517588	    236.08061650	     -0.00055846	      0.00093524	     -0.00112179	     -0.23911813	      0.84910275	     -0.48450024
      4.27500000	     41.16106948	   -762.98385809	    229.67555847	     -0.00059273	      0.00098611	     -0.00110962	     -0.23798208	      0.85213148	     -0.48435996
      4.28000000	     33.41641706	   -718.61188561	    213.15037902	     -0.00059188	      0.00095725	     -0.00105088	     -0.23686317	      0.85532022	     -0.48421560
      4.28500000	     27.92677506	   -678.36378508	    200.95804173	     -0.00055068	      0.00100743	     -0.00094324	     -0.23576710	      0.85865433	     -0.48406829
      4.29000000	     24.96369510	   -636.41677416	    191.09225454	     -0.00043332	      0.00109082	     -0.00084236	     -0.23469933	      0.86211836	     -0.48391933
      4.29500000	     20.93436851	   -597.79684639	    178.82679102	     -0.00039350	      0.00110826	     -0.00071326	     -0.23366503	      0.86569608	     -0.48377015
      4.30000000	     15.85917287	   -540.11014810	    157.00521336	     -0.00036162	      0.00104786	     -0.00059506	     -0.23266903	      0.86937049	     -0.48362228
      4.30500000	     15.93276386	   -491.05533763	    138.64410540	     -0.00014355	      0.00149798	     -0.00024122	     -0.23171576	      0.87312393	     -0.48347731
      4.31000000	     17.83765785	   -512.91572748	    149.88388334	     -0.00014001	      0.00135933	      0.00010554	     -0.23080914	      0.87693810	     -0.48333687
      4.31500000	     17.46959882	   -521.88654012	    151.90954061	     -0.00007011	      0.00140130	      0.00044728	     -0.22995265	      0.88079422	     -0.48320255
      4.32000000	     13.33855029	   -535.39396313	    157.66746362	     -0.00003674	      0.00124829	      0.00071642	     -0.22914918	      0.88467308	     -0.48307591
      4.32500000	      9.54673263	   -570.40360852	    169.73428370	      0.00024250	     -0.00008020	      0.00115380	     -0.22840108	      0.88855520	     -0.48295840
      4.33000000	      9.37243675	   -609.40546172	    192.70030862	      0.00090938	     -0.00245301	      0.00158067	     -0.22771009	      0.89242097	     -0.48285134
      4.33500000	      6.40791536	   -656.01637086	    222.48168903	      0.00129608	     -0.00355701	      0.00190067	     -0.22707734	      0.89625081	     -0.48275589
      4.34000000	      4.68361502	   -694.66653106	    249.15660113	      0.00167421	     -0.00451191	      0.00215839	     -0.22650336	      0.90002534	     -0.48267301
      4.34500000	      1.37683326	   -711.48751157	    256.17426051	      0.00166789	     -0.00462255	      0.00235280	     -0.22598807	      0.90372549	     -0.48260345
      4.35000000	     -0.56255931	   -727.84742026	    270.60160904	      0.00184634	     -0.00506309	      0.00251332	     -0.22553078	      0.90733272	     -0.48254772
      4.35500000	     -0.12952696	   -712.17836884	    269.59970002	      0.00188887	     -0.00509674	      0.00251101	     -0.22513024	      0.91082915	     -0.48250610
      4.36000000	     -2.85757840	   -725.37667911	    280.79920455	      0.00197580	     -0.00534091	      0.00266619	     -0.22478465	      0.91419769	     -0.48247861
      4.36500000	      1.58031445	   -684.92792322	    278.94371720	      0.00220534	     -0.00561911	      0.00247588	     -0.22449176	      0.91742217	     -0.48246505
      4.37000000	      2.89350553	   -640.93641120	    267.04659794	      0.00216923	     -0.00542464	      0.00231121	     -0.22424885	      0.92048743	     -0.48246496
      4.37500000	      3.35071684	   -615.09762131	    248.96659197	      0.00190969	     -0.00488104	      0.00227642	     -0.22405286	      0.92337942	     -0.48247770
      4.38000000	      3.87680451	   -590.70466101	    247.17040554	      0.00199944	     -0.00496859	      0.00217670	     -0.22390044	      0.92608521	     -0.48250240
      4.38500000	     -7.47501973	   -554.12609113	    242.23535674	      0.00184524	     -0.00491480	      0.00227366	     -0.22378804	      0.92859307	     -0.48253803
      4.39000000	    -16.23919636	   -427.62710547	    221.09592113	      0.00175934	     -0.00485079	      0.00191933	     -0.22371199	      0.93089244	     -0.48258341
      4.39500000	    -26.74308789	   -393.84404494	    210.38409384	      0.00147353	     -0.00457933	      0.00200316	     -0.22366858	      0.93297391	     -0.48263722
      4.40000000	    -32.41719015	   -472.07229218	    221.94373269	      0.00111737	     -0.00448912	      0.00243096	     -0.22365414	      0.93482921	     -0.48269800
      4.40500000	    -30.04783898	   -474.55670212	    217.38736066	      0.00101327	     -0.00426101	      0.00238659	     -0.22366514	      0.93645118	     -0.48276423
      4.41000000	    -24.58913540	   -474.53523876	    203.14004024	      0.00076398	     -0.00378268	      0.00229604	     -0.22369826	      0.93783367	     -0.48283429
      4.41500000	     -8.70035727	   -439.41632635	    180.69392958	      0.00079514	     -0.00327426	      0.00179594	     -0.22375044	      0.93897157	     -0.48290650
      4.42000000	    -13.97516401	   -496.11224961	    190.73074973	      0.00051204	     -0.00321640	      0.00214778	     -0.22381896	      0.93986071	     -0.48297914
      4.42500000	    -10.28200992	   -494.88542358	    173.85142072	      0.00008136	     -0.00243230	      0.00208048	     -0.22390149	      0.94049786	     -0.48305044
      4.43000000	      5.29232736	   -431.02478278	    147.35498888	      0.00027505	     -0.00205566	      0.00147642	     -0.22399612	      0.94088071	     -0.48311866
      4.43500000	     34.85030530	   -314.87563414	    106.35935638	      0.00033992	      0.00081682	     -0.00019974	     -0.22410142	      0.94100784	     -0.48318205
      4.44000000	     36.15286268	   -330.10021925	    108.20522905	      0.00025461	      0.00115564	     -0.00032725	     -0.22421638	      0.94087876	     -0.48323892
      4.44500000	     32.15443756	   -337.16540948	    116.86548530	      0.00021037	      0.00124462	     -0.00035239	     -0.22434050	      0.94049388	     -0.48328766
      4.45000000	     32.68155321	   -328.78888065	    111.11297392	      0.00018693	      0.00141630	     -0.00043247	     -0.22447371	      0.93985459	     -0.48332678
      4.45500000	     28.19399565	   -325.98351972	    113.01409835	      0.00006880	      0.00146846	     -0.00051249	     -0.22461638	      0.93896325	     -0.48335494
      4.46000000	     24.61757632	   -318.24529525	    112.61891011	     -0.00003391	      0.00143711	     -0.00055437	     -0.22476923	      0.93782328	     -0.48337096
      4.46500000	     61.16574750	   -619.74351933	    181.81942576	     -0.00013397	      0.00221028	     -0.00110476	     -0.22493329	      0.93643915	     -0.48337387
      4.47000000	     94.31550152	   -658.00733423	    190.18833265	      0.00048634	      0.00198883	     -0.00096550	     -0.22510981	      0.93481650	     -0.48336293
      4.47500000	     85.42352137	   -608.45131068	    178.99535230	      0.00042829	      0.00205324	     -0.00090664	     -0.22530022	      0.93296212	     -0.48333759
      4.48000000	     86.92318332	   -619.22636403	    181.60829031	      0.00033349	      0.00188999	     -0.00093059	     -0.22550597	      0.93088406	     -0.48329755
      4.48500000	     97.19059238	   -624.30847592	    175.60876325	      0.00060623	      0.00132830	     -0.00059566	     -0.22572850	      0.92859165	     -0.48324269
      4.49000000	     93.98980022	   -594.81684100	    172.65541108	      0.00055081	      0.00170753	     -0.00079833	     -0.22596911	      0.92609548	     -0.48317306
      4.49500000	     85.42685223	   -541.41993867	    167.89659222	      0.00066026	      0.00158058	     -0.00061801	     -0.22622895	      0.92340750	     -0.48308890
      4.50000000	     77.18201384	   -522.91647553	    207.96704816	      0.00184739	     -0.00138812	      0.00006188	     -0.22650887	      0.92054090	     -0.48299053
      4.50500000	     85.29027037	   -592.14341577	    226.91466677	      0.00224202	     -0.00223478	      0.00036142	     -0.22680947	      0.91751018	     -0.48287840
      4.51000000	    104.75922531	   -732.58497161	    255.52417769	      0.00266301	     -0.00276732	      0.00071998	     -0.22713100	      0.91433101	     -0.48275299
      4.51500000	    135.19420293	   -927.17579588	    301.66585756	      0.00337901	     -0.00382438	      0.00118542	     -0.22747339	      0.91102020	     -0.48261486
      4.52000000	    151.30163070	  -1016.06776290	    314.82075626	      0.00355911	     -0.00398371	      0.00137119	     -0.22783627	      0.90759557	     -0.48246457
      4.52500000	    169.83099320	  -1091.41166320	    328.83150973	      0.00379226	     -0.00431680	      0.00147922	     -0.22821895	      0.90407582	     -0.48230272
      4.53000000	    195.99310121	  -1179.57796155	    357.21513007	      0.00432372	     -0.00534521	      0.00154258	     -0.22862045	      0.90048040	     -0.48212990
      4.53500000	    198.35410754	  -1119.42548567	    338.90529987	      0.00401769	     -0.00502959	      0.00121154	     -0.22903955	      0.89682931	     -0.48194676
      4.54000000	    194.47369746	  -1036.49688313	    314.39380274	      0.00361089	     -0.00463304	      0.00083346	     -0.22947477	      0.89314299	     -0.48175396
      4.54500000	    196.32430198	   -992.62815232	    300.14971045	      0.00331182	     -0.00434915	      0.00052798	     -0.22992437	      0.88944207	     -0.48155221
      4.55000000	    183.61493789	   -900.11123767	    264.37329581	      0.00258138	     -0.00330254	      0.00015223	     -0.23038636	      0.88574725	     -0.48134231
      4.55500000	    182.04744643	   -894.19504654	    256.20423511	      0.00224891	     -0.00268320	     -0.00000193	     -0.23085850	      0.88207909	     -0.48112516
      4.56000000	    178.97059695	   -888.09976462	    245.92972505	      0.00194832	     -0.00219268	     -0.00011353	     -0.23133827	      0.87845787	     -0.48090176
      4.56500000	    174.93582621	   -882.82230623	    235.44604591	      0.00164885	     -0.00169944	     -0.00020505	     -0.23182289	      0.87490338	     -0.48067324
      4.57000000	    170.85431579	   -882.70394169	    227.54535771	      0.00148583	     -0.00153812	     -0.00019972	     -0.23230932	      0.87143486	     -0.48044085
      4.57500000	    178.01092731	   -914.17874011	    231.85721648	      0.00157554	     -0.00169678	     -0.00015415	     -0.23279423	      0.86807080	     -0.48020595
      4.58000000	    179.92783585	   -939.08816240	    238.67988215	      0.00158175	     -0.00169005	     -0.00013125	     -0.23327409	      0.86482885	     -0.47996999
      4.58500000	    182.45135199	   -953.79510868	    240.85569046	      0.00163576	     -0.00177289	     -0.00010047	     -0.23374520	      0.86172576	     -0.47973445
      4.59000000	    182.33048534	   -954.02783432	    242.22490008	      0.00169135	     -0.00189129	     -0.00008753	     -0.23420370	      0.85877728	     -0.47950081
      4.59500000	    187.20874007	   -955.33650910	    241.61757989	      0.00185244	     -0.00215548	     -0.00007394	     -0.23464566	      0.85599814	     -0.47927051
      4.60000000	    177.95108776	   -951.43558636	    235.40639931	      0.00157027	     -0.00157434	     -0.00006838	     -0.23506717	      0.85340200	     -0.47904480
      4.60500000	    178.77770163	   -958.75572982	    234.71244945	      0.00155269	     -0.00142186	     -0.00005404	     -0.23546440	      0.85100148	     -0.47882479
      4.61000000	    167.05123724	   -932.75963586	    222.60716301	      0.00121579	     -0.00077414	     -0.00012308	     -0.23583365	      0.84880814	     -0.47861129
      4.61500000	    159.81019343	   -921.89442001	    215.03996071	      0.00099722	     -0.00029453	     -0.00014944	     -0.23617150	      0.84683252	     -0.47840482
      4.62000000	    157.45910868	   -923.05205447	    213.77429654	      0.00090090	     -0.00002533	     -0.00017753	     -0.23647482	      0.84508415	     -0.47820558
      4.62500000	    147.14995964	   -897.91570192	    201.88209942	      0.00061436	      0.00057226	     -0.00025219	     -0.23674087	      0.84357160	     -0.47801340
      4.63000000	    145.37007873	   -914.39968292	    205.67614546	      0.00048456	      0.00082113	     -0.00027878	     -0.23696734	      0.84230246	     -0.47782779
      4.63500000	    136.54660024	   -908.99781258	    203.08976894	      0.00023459	      0.00110984	     -0.00040426	     -0.23715239	      0.84128343	     -0.47764795
      4.64000000	    133.66776535	   -916.97819521	    207.85687291	      0.00014519	      0.00112694	     -0.00055583	     -0.23729469	      0.84052023	     -0.47747281
      4.64500000	    132.91655050	   -935.77654182	    214.61768888	      0.00006725	      0.00116233	     -0.00068697	     -0.23739342	      0.84001767	     -0.47730112
      4.65000000	    132.94272813	   -962.33747516	    226.64077780	     -0.00003364	      0.00121968	     -0.00086535	     -0.23744825	      0.83977957	     -0.47713153
      4.65500000	    133.94104783	   -997.37874279	    240.80174924	     -0.00015749	      0.00128854	     -0.00103538	     -0.23745933	      0.83980877	     -0.47696265
      4.66000000	    137.34042854	  -1028.34432568	    251.17498769	     -0.00022029	      0.00134492	     -0.00116352	     -0.23742728	      0.84010706	     -0.47679317
      4.66500000	    138.97091009	  -1060.60539640	    261.49861468	     -0.00032871	      0.00137481	     -0.00126945	     -0.23735311	      0.84067512	     -0.47662192
      4.67000000	    141.21227847	  -1092.42415920	    273.24296969	     -0.00041621	      0.00139240	     -0.00139905	     -0.23723819	      0.84151248	     -0.47644797
      4.67500000	    143.53235771	  -1118.60207171	    285.07964913	     -0.00048038	      0.00139525	     -0.00155040	     -0.23708422	      0.84261746	     -0.47627071
      4.68000000	    144.31816307	  -1137.78536695	    295.72157142	     -0.00054273	      0.00137300	     -0.00169504	     -0.23689314	      0.84398709	     -0.47608987
      4.68500000	    145.25011238	  -1141.65169457	    300.03992685	     -0.00054601	      0.00132724	     -0.00179635	     -0.23666717	      0.84561708	     -0.47590562
      4.69000000	    142.05672628	  -1144.33430659	    302.71779794	     -0.00062027	      0.00124419	     -0.00181471	     -0.23640870	      0.84750177	     -0.47571853
      4.69500000	    137.43666873	  -1134.54170189	    300.94725938	     -0.00067930	      0.00113443	     -0.00178259	     -0.23612032	      0.84963410	     -0.47552958
      4.70000000	    133.99887878	  -1111.40886876	    294.24665540	     -0.00066250	      0.00103047	     -0.00175005	     -0.23580481	      0.85200560	     -0.47534019
      4.70500000	    126.95982091	  -1090.89543519	    288.98154888	     -0.00073542	      0.00090998	     -0.00165730	     -0.23546511	      0.85460638	     -0.47515212
      4.71000000	    120.04583907	  -1070.46233579	    285.99166483	     -0.00080857	      0.00082081	     -0.00161229	     -0.23510434	      0.85742515	     -0.47496746
      4.71500000	    112.06817423	  -1035.03664674	    275.92975423	     -0.00085224	      0.00070652	     -0.00147811	     -0.23472585	      0.86044928	     -0.47478853
      4.72000000	    103.71887585	  -1002.62448732	    269.52322393	     -0.00090398	      0.00062781	     -0.00140768	     -0.23433315	      0.86366481	     -0.47461785
      4.72500000	     92.70728635	   -978.90400050	    267.52436032	     -0.00104657	      0.00053935	     -0.00131879	     -0.23393001	      0.86705654	     -0.47445802
      4.73000000	     83.82360296	   -946.09533958	    262.24562636	     -0.00110229	      0.00053934	     -0.00130299	     -0.23352038	      0.87060814	     -0.47431167
      4.73500000	     74.58824417	   -906.14137369	    253.88565607	     -0.00114459	      0.00054885	     -0.00125707	     -0.23310844	      0.87430223	     -0.47418134
      4.74000000	     64.27201596	   -873.88903196	    248.30531472	     -0.00125493	      0.00056400	     -0.00118886	     -0.23269857	      0.87812049	     -0.47406946
      4.74500000	     55.86060540	   -825.01759989	    235.55733500	     -0.00125024	      0.00061736	     -0.00112592	     -0.23229529	      0.88204380	     -0.47397826
      4.75000000	     44.14239796	   -781.34839405	    224.56155353	     -0.00133139	      0.00068118	     -0.00106766	     -0.23190326	      0.88605242	     -0.47390969
      4.75500000	     38.65981912	   -741.05907665	    214.49440416	     -0.00135033	      0.00074161	     -0.00094518	     -0.23152717	      0.89012604	     -0.47386541
      4.76000000	     28.81987595	   -684.37594436	    197.16979531	     -0.00131726	      0.00085350	     -0.00090913	     -0.23117174	      0.89424403	     -0.47384675
      4.76500000	     21.57873098	   -650.85280523	    189.63602058	     -0.00138035	      0.00096052	     -0.00083910	     -0.23084159	      0.89838555	     -0.47385465
      4.77000000	     15.63744209	   -608.96867574	    178.87190292	     -0.00135729	      0.00110882	     -0.00080602	     -0.23054116	      0.90252967	     -0.47388968
      4.77500000	      9.96389252	   -562.70806307	    165.00648168	     -0.00128387	      0.00125273	     -0.00078546	     -0.23027465	      0.90665560	     -0.47395205
      4.78000000	      5.54249864	   -515.10546409	    150.60655750	     -0.00117521	      0.00137965	     -0.00075389	     -0.23004590	      0.91074280	     -0.47404157
      4.78500000	      3.86220987	   -477.04432118	    138.16600356	     -0.00103754	      0.00157112	     -0.00070467	     -0.22985828	      0.91477113	     -0.47415769
      4.79000000	      1.99443481	   -435.16370141	    124.03772226	     -0.00085724	      0.00175462	     -0.00069562	     -0.22971462	      0.91872100	     -0.47429952
      4.79500000	      1.26969317	   -408.57604496	    113.05581634	     -0.00073777	      0.00188129	     -0.00065236	     -0.22961711	      0.92257353	     -0.47446584
      4.80000000	      4.68967669	   -390.35630792	    102.76855609	     -0.00053903	      0.00201764	     -0.00060369	     -0.22956720	      0.92631068	     -0.47465515
      4.80500000	      6.36168550	   -379.95147859	     98.77537715	     -0.00037121	      0.00231325	     -0.00052332	     -0.22956556	      0.92991533	     -0.47486567
      4.81000000	      3.77304175	   -355.87264918	     96.51637827	     -0.00028132	      0.00258843	     -0.00048229	     -0.22961199	      0.93337147	     -0.47509542
      4.81500000	      4.10597898	   -333.91741363	     92.99120908	     -0.00017505	      0.00285224	     -0.00046888	     -0.22970542	      0.93666421	     -0.47534217
      4.82000000	     -1.72456088	   -295.48181648	     90.68361768	     -0.00018378	      0.00302707	     -0.00045610	     -0.22984393	      0.93977990	     -0.47560358
      4.82500000	     -1.70726231	   -277.92879513	     94.55805258	     -0.00006947	      0.00304175	     -0.00040032	     -0.23002473	      0.94270618	     -0.47587714
      4.83000000	     -3.55625340	   -276.83132745	    100.81780603	     -0.00007368	      0.00297120	     -0.00028770	     -0.23024425	      0.94543197	     -0.47616026
      4.83500000	      1.34868141	   -266.83839219	    102.11954575	      0.00014486	      0.00304106	     -0.00026368	     -0.23049828	      0.94794753	     -0.47645029
      4.84000000	     16.11545389	   -313.77524279	    119.52521783	      0.00048533	      0.00282583	     -0.00024010	     -0.23078203	      0.95024435	     -0.47674454
      4.84500000	     26.53991335	   -337.92153492	    125.11109434	      0.00062834	      0.00272645	     -0.00023943	     -0.23109034	      0.95231517	     -0.47704033
      4.85000000	     32.90695369	   -358.90856751	    131.17896236	      0.00068902	      0.00266629	     -0.00025514	     -0.23141785	      0.95415386	     -0.47733503
      4.85500000	     36.61075161	   -369.62461507	    133.04768980	      0.00068471	      0.00262500	     -0.00029507	     -0.23175918	      0.95575537	     -0.47762606
      4.86000000	     37.97153766	   -375.86582171	    132.71535453	      0.00063256	      0.00252721	     -0.00034576	     -0.23210913	      0.95711556	     -0.47791097
      4.86500000	     41.52139288	   -374.08416778	    132.61513842	      0.00066131	      0.00232818	     -0.00030933	     -0.23246285	      0.95823115	     -0.47818744
      4.87000000	     42.94218498	   -367.04923420	    131.01553204	      0.00064902	      0.00214447	     -0.00031016	     -0.23281601	      0.95909956	     -0.47845334
      4.87500000	     43.23183946	   -363.08262419	    128.12370891	      0.00056846	      0.00191858	     -0.00035961	     -0.23316496	      0.95971883	     -0.47870673
      4.88000000	     42.74713632	   -348.02648100	    124.74210060	      0.00053424	      0.00166168	     -0.00035780	     -0.23350677	      0.96008756	     -0.47894592
      4.88500000	     43.20687807	   -334.62939260	    122.21608167	      0.00051804	      0.00135881	     -0.00035584	     -0.23383938	      0.96020477	     -0.47916947
      4.89000000	     41.24206756	   -313.28162105	    118.04384240	      0.00047664	      0.00102714	     -0.00035193	     -0.23416157	      0.96006992	     -0.47937624
      4.89500000	     40.98494979	   -297.53816578	    113.32159133	      0.00043400	      0.00076187	     -0.00036321	     -0.23447295	      0.95968288	     -0.47956536
      4.90000000	     39.70774514	   -285.83259472	    117.10261306	      0.00052729	      0.00006472	     -0.00027702	     -0.23477396	      0.95904395	     -0.47973628
      4.90500000	     36.60564293	   -263.75714367	    112.43927318	      0.00046295	     -0.00022868	     -0.00025265	     -0.23506574	      0.95815389	     -0.47988873
      4.91000000	     33.64399036	   -265.03583373	    118.38990435	      0.00044522	     -0.00056768	     -0.00018064	     -0.23535005	      0.95701404	     -0.48002276
      4.91500000	     34.88444039	   -253.68791920	    118.47152701	      0.00057811	     -0.00118802	     -0.00005878	     -0.23562914	      0.95562638	     -0.48013866
      4.92000000	     33.70201759	   -251.21827815	    117.64459312	      0.00040214	     -0.00108960	     -0.00006381	     -0.23590557	      0.95399366	     -0.48023702
      4.92500000	     36.24856332	   -279.79426189	    132.85441823	      0.00053399	     -0.00150292	      0.00006342	     -0.23618212	      0.95211957	     -0.48031861
      4.93000000	      7.18475328	   -378.03418523	    182.57287653	      0.00039022	     -0.00308918	      0.00146637	     -0.23646156	      0.95000885	     -0.48038443
      4.93500000	     54.85806799	   -351.42048938	    152.38064351	      0.00090524	     -0.00175622	     -0.00013020	     -0.23674661	      0.94766745	     -0.48043562
      4.94000000	     87.07171551	   -743.99546439	    318.05795836	      0.00264845	     -0.00584158	      0.00084828	     -0.23703970	      0.94510263	     -0.48047344
      4.94500000	     78.02143019	   -684.91830924	    345.42687124	      0.00334036	     -0.00689616	      0.00095156	     -0.23734295	      0.94232314	     -0.48049922
      4.95000000	     93.40526224	   -685.71785910	    289.45269850	      0.00279281	     -0.00542439	      0.00075038	     -0.23765805	      0.93933926	     -0.48051433
      4.95500000	     89.47519570	   -673.52914375	    237.61078755	      0.00208754	     -0.00426974	      0.00073554	     -0.23798618	      0.93616285	     -0.48052012
      4.96000000	     89.22632219	   -722.73551454	    223.81743415	      0.00181191	     -0.00380971	      0.00087536	     -0.23832803	      0.93280741	     -0.48051792
      4.96500000	     97.91349273	   -782.47980541	    262.13962664	      0.00236505	     -0.00486559	      0.00098548	     -0.23868370	      0.92928804	     -0.48050898
      4.97000000	     87.22870427	   -709.59419008	    260.72722454	      0.00230926	     -0.00485055	      0.00080901	     -0.23905278	      0.92562135	     -0.48049448
      4.97500000	     69.59642803	   -534.83757809	    212.58756442	      0.00166911	     -0.00339441	      0.00024315	     -0.23943436	      0.92182544	     -0.48047548
      4.98000000	     82.41057705	   -548.80539806	    193.63428335	      0.00116669	     -0.00165853	     -0.00035783	     -0.23982706	      0.91791967	     -0.48045296
      4.98500000	     96.47155458	   -629.03243115	    191.35195919	      0.00046854	      0.00052749	     -0.00091573	     -0.24022912	      0.91392459	     -0.48042778
      4.99000000	    100.26405089	   -671.68403011	    201.83348030	      0.00037521	      0.00079797	     -0.00104058	     -0.24063847	      0.90986167	     -0.48040069
      4.99500000	   -134.46471652	   -710.23863281	    326.51953225	     -0.00286874	     -0.00319030	      0.00634879	     -0.24105280	      0.90575312	     -0.48037239
      5.00000000	   -143.06327853	   -713.71248691	    329.77414307	     -0.00295205	     -0.00337511	      0.00661445	     -0.24146965	      0.90162167	     -0.48034349
