Inverse Dynamics Generalized Forces
version=1
nRows=1000
nColumns=26
inDegrees=no
endheader
time	pelvis_tilt_moment	pelvis_list_moment	pelvis_rotation_moment	pelvis_tx_force	pelvis_ty_force	pelvis_tz_force	hip_flexion_r_moment	hip_adduction_r_moment	hip_rotation_r_moment	hip_flexion_l_moment	hip_adduction_l_moment	hip_rotation_l_moment	lumbar_extension_moment	lumbar_bending_moment	lumbar_rotation_moment	knee_angle_r_moment	knee_angle_r_beta_force	knee_angle_l_moment	knee_angle_l_beta_force	ankle_angle_r_moment	ankle_angle_l_moment	subtalar_angle_r_moment	subtalar_angle_l_moment	mtp_angle_r_moment	mtp_angle_l_moment
      0.00500000	     44.85224941	     -6.81409346	     -2.48871806	     10.17796512	   -429.43362574	      0.98735112	      5.36509056	     -4.95873752	      0.47750626	     15.61105674	    -13.45810473	      2.85618130	     16.26042262	      1.17583911	      0.72157637	    -38.49036046	     -0.04095688	    -72.96141361	     -0.04069194	    -61.88537366	    -93.65918891	     19.32158668	     26.04214812	     -0.04714083	     -0.04699122
      0.01000000	     37.50880733	     -6.78415199	     -2.15188223	     14.11392008	   -377.75150812	      1.52339385	      4.45882717	     -5.06576214	      0.51280805	     14.84692968	    -12.20563887	      2.47726841	     13.03490892	      1.50574969	      1.11180313	    -34.00381179	     -0.04280169	    -66.39656109	     -0.04338284	    -59.36538227	    -90.99582064	     18.47049756	     25.57752717	     -0.04863403	     -0.04646777
      0.01500000	     29.58254662	     -6.42870533	     -1.64226909	     17.07273050	   -325.48083615	      1.74680548	      3.89740198	     -4.83140634	      0.47974523	     13.19972669	    -10.96329169	      2.12502513	      9.87500657	      1.78747923	      1.44945407	    -29.98634753	     -0.04439288	    -59.46941606	     -0.04590357	    -56.43705809	    -88.20580429	     17.51305025	     24.83047027	     -0.05001869	     -0.04589769
      0.02000000	     20.71088786	     -6.70212806	     -1.13843065	     19.27248584	   -271.06956089	      2.47854717	      2.84696867	     -4.96230316	      0.52923872	     11.16651763	     -9.61578358	      1.78009325	      6.81069146	      2.01749977	      1.72450390	    -25.62159711	     -0.04568023	    -52.46499313	     -0.04816000	    -53.56684155	    -85.06291308	     16.48550231	     23.87547779	     -0.05130318	     -0.04533413
      0.02500000	     12.69644581	     -6.32893602	     -0.56597262	     21.63650058	   -221.01037985	      2.40543689	      2.47238210	     -4.05078598	      0.38156929	      8.89372260	     -7.86435794	      1.38271020	      3.87193851	      2.19454765	      1.92962161	    -21.90965213	     -0.04660326	    -45.58518422	     -0.04993134	    -50.66016937	    -81.95041340	     15.71876659	     23.16120509	     -0.05249233	     -0.04483051
      0.03000000	      6.02583341	     -6.43962210	     -0.17784248	     25.16094146	   -168.37525756	      2.41896771	      2.24588565	     -3.63083377	      0.34707338	      7.66669803	     -6.29618043	      1.06009323	      1.08846525	      2.31969523	      2.06039808	    -18.26548683	     -0.04711604	    -39.49868815	     -0.05122943	    -47.41961367	    -78.13544883	     14.53516197	     21.99543008	     -0.05358433	     -0.04442198
      0.03500000	      0.22623898	     -6.08818272	      0.20521309	     28.49928177	   -122.06382200	      1.59577476	      2.43128574	     -2.79859961	      0.24467593	      6.30497519	     -4.86063089	      0.79015517	     -1.51067511	      2.39639909	      2.11537874	    -15.16931272	     -0.04718908	    -33.79079761	     -0.05201439	    -44.16622585	    -74.42026843	     13.54256660	     21.09864398	     -0.05456953	     -0.04413923
      0.04000000	     -4.20579771	     -5.87765696	      0.52593761	     32.21506501	    -79.29879922	      0.84778953	      3.03247468	     -2.02715453	      0.16409951	      5.37734347	     -3.48280155	      0.55812393	     -3.89761142	      2.43042010	      2.09591590	    -12.55635992	     -0.04680996	    -28.70394644	     -0.05226349	    -40.75237966	    -70.45182986	     12.48287155	     20.06087845	     -0.05542990	     -0.04400118
      0.04500000	     -7.96568031	     -6.19783752	      0.62210712	     35.69734693	    -39.12033264	      0.15318061	      3.36997198	     -1.26383310	      0.09307366	      4.93214337	     -1.79825918	      0.29338977	     -6.04626903	      2.42953654	      2.00589153	     -9.94969889	     -0.04598302	    -24.18894243	     -0.05197109	    -37.15681123	    -66.37338418	     11.39099670	     19.14567293	     -0.05613909	     -0.04401396
      0.05000000	    -10.66577209	     -5.51466517	      0.73544557	     38.85024074	     -5.04578384	     -0.87519592	      4.03556219	     -0.46238600	      0.02681295	      4.53685069	     -0.91572961	      0.19154926	     -7.93306214	      2.40302470	      1.85136345	     -7.93303828	     -0.04472820	    -20.13530726	     -0.05114785	    -33.78737722	    -62.01890701	     10.31300091	     17.91810983	     -0.05666313	     -0.04417060
      0.05500000	    -12.16173875	     -5.27391778	      0.73287139	     41.78033548	     22.21774759	     -1.94371513	      4.79496053	      0.31038319	     -0.02905377	      4.50513876	      0.17115066	      0.05629795	     -9.53763406	      2.36093825	      1.64017359	     -6.22046770	     -0.04307903	    -16.75937139	     -0.04981918	    -30.47794975	    -57.81828386	      9.28266388	     17.02120246	     -0.05696170	     -0.04445152
      0.06000000	    -12.90261923	     -4.02497496	      0.70594055	     44.13871764	     46.94616856	     -3.12378345	      5.69063193	      1.35604603	     -0.12783773	      4.58958650	      0.59225047	      0.04727773	    -10.84361466	      2.31325352	      1.38154931	     -4.80666646	     -0.04108026	    -13.77687251	     -0.04802329	    -27.15693449	    -53.31191942	      8.47000922	     15.70727118	     -0.05699009	     -0.04482581
      0.06500000	    -13.51592465	     -4.06340546	      0.47146704	     45.24544319	     67.06513383	     -4.29341513	      6.05275335	      1.67294656	     -0.10930621	      4.76799377	      1.19119552	      0.00787029	    -11.83933736	      2.26897271	      1.08570336	     -3.36109819	     -0.03879468	    -11.27153823	     -0.04580885	    -23.58780440	    -49.18895894	      7.22034750	     14.72026931	     -0.05670223	     -0.04525313
      0.07000000	    -14.09874231	     -2.80514892	      0.18788982	     44.56253722	     83.65951351	     -5.65839010	      5.99774126	      2.52175442	     -0.17064264	      4.91296165	      1.21451982	      0.05417580	    -12.51844284	      2.23529123	      0.76341597	     -1.97644915	     -0.03630131	     -9.18369766	     -0.04323263	    -20.19536541	    -44.62265623	      6.23258038	     13.33301080	     -0.05605327	     -0.04568603
      0.07500000	    -15.03560979	     -3.39038317	     -0.21518654	     42.33308233	     96.24054955	     -6.38605405	      5.44380565	      2.45229131	     -0.11733291	      4.70242269	      1.56103283	      0.04767995	    -12.88034535	      2.21692530	      0.42559907	     -0.45611223	     -0.03363333	     -7.29923864	     -0.04035703	    -16.55412238	    -40.76589676	      5.13556363	     12.38618919	     -0.05500121	     -0.04607271
      0.08000000	    -16.09023959	     -4.14708373	     -0.52306540	     38.66496330	    105.11383462	     -6.25859214	      4.77205964	      2.14049038	     -0.03689473	      4.00991197	      1.89166647	      0.04639454	    -12.93058847	      2.21567306	      0.08286418	      0.87035101	     -0.03084783	     -5.42129085	     -0.03724777	    -13.26394388	    -36.88304852	      4.10838157	     11.32958180	     -0.05351423	     -0.04635977
      0.08500000	    -16.99273232	     -5.05299441	     -0.76186164	     33.92238816	    111.75321096	     -5.80917937	      4.20922260	      1.79023737	      0.03797284	      2.96219335	      2.24434214	      0.04683512	    -12.68112039	      2.23026077	     -0.25488491	      1.93196177	     -0.02800112	     -3.61040117	     -0.03398847	     -9.97734797	    -33.11842263	      3.09345806	     10.19919209	     -0.05157298	     -0.04649581
      0.09000000	    -17.68678071	     -4.66961162	     -1.04114877	     28.13776323	    114.36443152	     -7.00151778	      3.37392611	      2.40075476	     -0.00111845	      1.91447171	      2.29794925	      0.05710913	    -12.15051265	      2.25648918	     -0.57880788	      3.05489318	     -0.02514684	     -2.16957782	     -0.03063387	     -6.93481930	    -29.52892740	      2.26301989	      9.30095662	     -0.04917417	     -0.04643159
      0.09500000	    -19.60605345	     -3.49511601	     -1.31257833	     20.38148328	    114.28942884	     -7.48783168	      1.63357885	      3.30022330	     -0.06788036	      0.25537162	      2.27717043	      0.09302844	    -11.36412441	      2.28765031	     -0.88139358	      4.43815281	     -0.02233433	     -0.42736797	     -0.02723914	     -4.66457930	    -25.87881639	      1.66560574	      8.13927829	     -0.04633371	     -0.04612470
      0.10000000	    -19.61535682	     -3.21900251	     -1.34225244	     13.73273954	    110.16569743	     -6.62974603	      0.82857349	      3.35263497	     -0.02712787	     -0.96121063	      2.42397449	      0.06700691	    -10.35414590	      2.31516060	     -1.15661547	      5.10003901	     -0.01960722	      0.84072588	     -0.02386140	     -3.04694269	    -22.07011228	      1.13118332	      7.18633662	     -0.04308920	     -0.04554109
      0.10500000	    -18.60652314	     -2.63075166	     -1.29065445	      7.94996518	    105.69217466	     -5.67736312	      0.56677104	      3.32472535	      0.02135425	     -1.95189411	      2.34985114	      0.08448735	     -9.15938773	      2.32934394	     -1.39998483	      5.28554719	     -0.01700234	      2.02523735	     -0.02055384	     -1.62593256	    -18.43551679	      0.57295196	      6.14190083	     -0.03950154	     -0.04465642
      0.11000000	    -17.08577236	     -1.36869672	     -1.16138236	      2.18758716	     95.79265439	     -3.84792931	      0.37860576	      3.46772369	      0.00968374	     -2.92688505	      2.22854664	      0.11185243	     -7.82467484	      2.32027769	     -1.60851865	      5.10472617	     -0.01454907	      3.15559640	     -0.01736477	     -1.01992356	    -14.87547342	      0.37040320	      5.01574241	     -0.03565540	     -0.04345734
      0.11500000	    -16.68384166	      0.86457687	     -1.30281111	     -5.04300348	     81.60628750	     -2.35240516	     -1.39759175	      3.92636682	     -0.02448978	     -3.61343595	      1.75607836	      0.16712229	     -6.39974286	      2.27860692	     -1.78064094	      5.55900735	     -0.01226902	      3.96494856	     -0.01433683	     -1.05733270	    -11.44398544	      0.39019131	      3.84131508	     -0.03165833	     -0.04194251
      0.12000000	    -15.83586066	      2.97839547	     -1.31942492	    -11.19003423	     68.54411496	     -1.44429999	     -2.57725190	      4.54102351	     -0.07376466	     -4.41238923	      1.41008984	      0.21393406	     -4.93760321	      2.19625127	     -1.91604307	      5.74721743	     -0.01017627	      4.81049149	     -0.01150639	     -1.12102072	     -8.37402043	      0.34585538	      2.77543674	     -0.02763809	     -0.04012345
      0.12500000	    -15.42631282	      4.19665168	     -1.43956026	    -17.06471208	     55.04992727	     -0.48033979	     -4.13601621	      4.77793666	     -0.09222290	     -5.18803920	      1.28559636	      0.22053121	     -3.49243477	      2.06695129	     -2.01552590	      6.18146816	     -0.00827796	      5.56162122	     -0.00890321	     -1.32182495	     -5.83292909	      0.45357492	      2.05986407	     -0.02373806	     -0.03802523
      0.13000000	    -13.77402093	      5.89592338	     -1.58289793	    -20.90835898	     41.90338083	     -0.58458983	     -5.05929143	      5.26460719	     -0.13975426	     -5.29347442	      0.78000540	      0.30225262	     -2.11715124	      1.88662317	     -2.08083313	      6.23753206	     -0.00657532	      5.88366848	     -0.00655033	     -1.38012446	     -3.68858164	      0.56056823	      1.30153751	     -0.02011070	     -0.03568695
      0.13500000	    -12.96914025	      6.49211729	     -1.80492919	    -24.39493203	     30.49868661	     -1.00741681	     -6.08609291	      5.20396658	     -0.13847230	     -5.80039401	      0.46689566	      0.41639821	     -0.86086114	      1.65352129	     -2.11447768	      6.45933524	     -0.00506498	      6.34193986	     -0.00446413	     -1.41834028	     -2.01289807	      0.35975668	      0.72626350	     -0.01690919	     -0.03316182
      0.14000000	    -10.77767387	      4.40889732	     -1.67563478	    -26.44441341	     16.38352663	     -0.87026608	     -6.84446498	      5.04065604	     -0.14251405	     -5.12820208	      2.21459559	     -0.32808827	      0.23353659	      1.36823616	     -2.11956595	      6.46300318	     -0.00374042	      5.83481281	     -0.00265476	     -1.43833741	     -0.32369223	      0.36750088	      1.51225818	     -0.01427799	     -0.03051691
      0.14500000	     -9.68107586	      3.67465236	     -1.88326959	    -27.77842261	      1.79174318	     -0.63277094	     -7.40840613	      5.05684971	     -0.16709330	     -5.48524630	      2.53011615	     -0.29502714	      1.13138918	      1.03356710	     -2.09962856	      6.43085907	     -0.00259354	      5.90771320	     -0.00112666	     -1.46121933	      0.21288147	      0.49352269	      0.70941225	     -0.01234306	     -0.02783216
      0.15000000	     -9.13018453	      1.54297380	     -2.06962627	    -28.73097118	    -14.35529082	     -0.96102332	     -7.92965947	      4.68137237	     -0.15916230	     -6.16847801	      3.48489759	     -0.43685206	      1.80776398	      0.65430487	     -2.05846280	      6.37481110	     -0.00161606	      6.00956966	      0.00012054	     -1.51028687	      0.17113184	      0.37724578	      0.75211391	     -0.01120278	     -0.02519845
      0.15500000	     -9.34840048	     -1.17144338	     -2.19640792	    -29.31886071	    -28.38658082	     -0.98838815	     -8.52552709	      4.28576612	     -0.15748780	     -7.06019633	      4.85969502	     -0.70354851	      2.24822783	      0.23694762	     -1.99998362	      6.42660057	     -0.00080080	      6.22011433	      0.00109110	     -1.66501693	     -0.06926972	      0.54222352	      1.08517915	     -0.01092036	     -0.02271473
      0.16000000	     -9.33573407	     -3.31382253	     -2.16836025	    -28.67019524	    -36.83048641	     -1.42157998	     -8.36200424	      3.71743197	     -0.14920012	     -7.86037580	      5.63902542	     -0.90403218	      2.44889093	     -0.21063388	     -1.92807656	      5.97207894	     -0.00014269	      6.46405624	      0.00179205	     -1.54385974	     -0.13957694	      0.46575596	      1.10364993	     -0.01151845	     -0.02048375
      0.16500000	     -9.66378595	     -5.18785061	     -2.33006401	    -27.28758804	    -40.11656062	     -2.14186254	     -8.46720295	      2.94257129	     -0.12466896	     -8.11584058	      5.96595036	     -0.98455360	      2.41577909	     -0.67957118	     -1.84644812	      5.75557025	      0.00036048	      6.43168291	      0.00223198	     -1.38337440	     -0.13284953	      0.42712751	      1.04116012	     -0.01297648	     -0.01860683
      0.17000000	    -10.73213465	     -7.52799611	     -2.50366504	    -25.84251863	    -42.10707974	     -2.33442459	     -8.87703107	      2.32174510	     -0.11162121	     -8.40034442	      6.93549863	     -1.18541120	      2.16368308	     -1.16040828	     -1.75847437	      5.76599401	      0.00070762	      6.43283585	      0.00241994	     -1.55067361	     -0.24789842	      0.47944085	      1.22069373	     -0.01523084	     -0.01717763
      0.17500000	    -11.52598027	     -9.76736389	     -2.69005901	    -23.61654732	    -38.29164722	     -2.34405629	     -8.80532601	      1.15365386	     -0.06191605	     -8.30806891	      7.32134566	     -1.26621438	      1.71467896	     -1.64353975	     -1.66705846	      5.42843077	      0.00089411	      6.28297617	      0.00236444	     -1.33287850	     -0.20871635	      0.32415540	      1.16633798	     -0.01817803	     -0.01627561
      0.18000000	    -12.88889196	    -12.26509990	     -2.82592702	    -21.48650073	    -31.64682564	     -2.01751765	     -8.78026208	      0.18148052	     -0.02854292	     -8.31424456	      8.09489593	     -1.43651929	      1.09651881	     -2.11966376	     -1.57451678	      5.20935951	      0.00091184	      6.18692001	      0.00207262	     -1.16095513	     -0.28801472	      0.31641416	      1.31439124	     -0.02168079	     -0.01595975
      0.18500000	    -14.50038076	    -13.95956829	     -2.94820797	    -19.02030669	    -19.07492719	     -1.72292419	     -8.73498522	     -0.81857741	      0.00808648	     -8.05898297	      8.28706649	     -1.49779266	      0.34106558	     -2.58023182	     -1.48251267	      5.06503950	      0.00074942	      6.06758665	      0.00154976	     -1.07346674	     -0.12063861	      0.14577436	      1.07498921	     -0.02557683	     -0.01626338
      0.19000000	    -17.29787853	    -15.12263079	     -3.06798058	    -17.81047983	     -8.27101506	     -1.23433695	     -9.50307692	     -1.07094271	     -0.01495053	     -8.04022613	      8.88186320	     -1.66928971	     -0.51710439	     -3.01786868	     -1.39205066	      5.34193850	      0.00039259	      6.04750739	      0.00079900	     -1.53601009	     -0.15325455	      0.32906136	      1.13923443	     -0.02968991	     -0.01719052
      0.19500000	    -31.48308326	    -10.31356152	     -5.01456122	    -28.26230901	     -6.96761071	     -4.19009533	    -21.64783590	      3.05809087	     -0.15089398	     -7.60705706	      9.42808603	     -1.78618055	     -1.44186851	     -3.42672842	     -1.30353717	     11.81814543	     -0.00017517	      5.83589760	     -0.00017850	     -5.05376475	     -0.15546774	      1.48245136	      1.22251207	     -0.03384218	     -0.01871445
      0.20000000	    -33.47061240	     -3.06721828	     -5.03050844	    -28.61353330	    -18.26994336	     -5.23174503	    -22.73196609	      8.55696799	     -1.24961980	     -7.47118063	      9.87328444	     -1.94901610	     -2.39648538	     -3.80275759	     -1.21690245	     10.99654905	     -0.00097191	      5.85904708	     -0.00138315	     -8.21740073	     -0.15242227	      3.36603148	      1.23486707	     -0.03786676	     -0.02077856
      0.20500000	    -28.32279758	     -4.32562803	     -3.63076774	    -19.18412596	      1.03419806	     -3.53373508	    -16.35284996	      8.33838214	     -1.22453065	     -6.59884750	     10.65096057	     -2.07074022	     -3.34430674	     -4.14384361	     -1.13177054	      7.47837804	     -0.00201623	      5.52640478	     -0.00281629	     -8.47663870	     -0.13113774	      3.34459516	      1.37517623	     -0.04161873	     -0.02329960
      0.21000000	    -22.89710887	     -5.74977816	     -2.27692618	    -10.02024047	     23.36692322	     -0.28864146	     -9.60722668	      7.27090585	     -1.25801363	     -5.65918945	     10.96868672	     -2.13190590	     -4.24931756	     -4.44982859	     -1.04766311	      3.47990339	     -0.00332619	      5.29131555	     -0.00447929	     -8.50619241	      0.03838020	      3.34722070	      1.25107225	     -0.04498332	     -0.02617321
      0.21500000	    -20.22458199	     -1.78668419	      0.07660432	     -4.99587099	     16.58880968	     -0.33558843	     -1.35694051	      6.32444800	     -1.30597520	    -10.47031648	      6.34347379	     -1.10540783	     -5.07656094	     -4.72237484	     -0.96422140	     -2.13066624	     -0.00491810	      7.47692009	     -0.00637260	    -10.22008930	     -2.41975861	      3.83465690	      0.53134305	     -0.04787994	     -0.02928121
      0.22000000	     -4.45401688	     -5.69123280	      2.38020891	     10.30296690	    -30.59708440	      2.70799943	      9.77820212	      4.75780132	     -1.21146739	     -8.43283574	      6.62621167	     -1.44428487	     -5.79250265	     -4.96468320	     -0.88142529	     -9.59084639	     -0.00680507	      3.73797993	     -0.00849466	    -12.74755170	     -7.30994595	      4.40313692	      1.92962357	     -0.05026195	     -0.03249994
      0.22500000	     19.43945833	     -6.78582968	      3.37694916	     36.34072838	    -33.81425249	      7.61035607	     20.85890468	      4.06354623	     -1.15867371	      3.52192045	      7.54910669	     -1.63889881	     -6.36536907	     -5.18107482	     -0.79978447	    -16.85367665	     -0.00899562	     -2.95243138	     -0.01084463	    -14.60308259	     -8.23954415	      5.18099840	      2.46789372	     -0.05211271	     -0.03570896
      0.23000000	     33.91263680	    -11.13711859	      3.44394952	     53.73368498	    -38.42533469	     12.34344684	     26.91717962	      5.16617144	     -1.34274541	     11.41074764	     12.01929388	     -2.29462153	     -6.76546545	     -5.37644792	     -0.72047841	    -20.53146108	     -0.01149234	     -7.83123447	     -0.01341484	    -16.67629812	    -11.39135637	      5.90830913	      3.75039962	     -0.05343944	     -0.03879805
      0.23500000	     45.64753876	    -19.67044338	      1.36795847	     67.25530668	    -57.36790347	     17.38522347	     26.57706636	      5.77900088	     -1.49470295	     22.13780142	     18.45897855	     -3.27390657	     -6.96546668	     -5.55563286	     -0.64542158	    -20.46829726	     -0.01429062	    -15.60498579	     -0.01618514	    -18.87963653	    -16.53042695	      6.58279770	      5.75666435	     -0.05426636	     -0.04167218
      0.24000000	     42.84110974	    -21.50641273	      0.06851300	     66.50922369	    -56.36648718	     16.97428007	     22.42641416	      5.22215912	     -1.50306832	     24.21083229	     18.13435231	     -3.31881927	     -6.94067109	     -5.72269890	     -0.57722691	    -18.22847619	     -0.01737769	    -18.17101364	     -0.01913475	    -21.21998779	    -20.66399731	      7.20485031	      6.75180503	     -0.05462887	     -0.04425533
      0.24500000	     30.43935086	    -20.21008922	      0.14559910	     56.21548270	    -39.35302852	     13.97495026	     18.33339626	      4.62687377	     -1.50795466	     18.06657808	     15.00025737	     -2.99208175	     -6.66920645	     -5.88028932	     -0.51905525	    -15.76304055	     -0.02073973	    -15.99595946	     -0.02223693	    -23.36807523	    -24.06021190	      7.70278890	      7.02300952	     -0.05456984	     -0.04649098
      0.25000000	     15.24639311	    -20.22491141	      0.66715719	     42.66772059	    -19.74250536	     12.28478820	     14.76172334	      3.92003361	     -1.50086857	      8.71899713	     13.01004811	     -2.79631097	     -6.13217365	     -6.02906949	     -0.47436467	    -13.65960276	     -0.02433764	    -12.05704788	     -0.02545892	    -25.68436691	    -27.46360720	      8.14569501	      7.52736730	     -0.05413586	     -0.04834145
      0.25500000	      0.36450243	    -20.27427830	      2.54296907	     27.96801064	     -7.80697026	     11.81591986	     14.66703374	      4.18340372	     -1.59358223	     -4.45530362	     12.28402616	     -2.81130625	     -5.31373447	     -6.16737964	     -0.44658786	    -13.97861285	     -0.02812610	     -6.31858528	     -0.02876217	    -28.73812019	    -30.89706970	      9.16006687	      8.51460660	     -0.05337710	     -0.04978640
      0.26000000	    -12.54628248	    -16.26024713	      4.43028044	     14.87530178	      1.26450434	      9.33105299	     14.73210205	      5.69924642	     -1.86716285	    -16.30183888	      9.76905154	     -2.50131416	     -4.20118513	     -6.29117306	     -0.43877554	    -14.83008796	     -0.03205324	     -1.15749491	     -0.03210271	    -32.83800696	    -33.94698086	     10.58905411	      8.88083091	     -0.05234696	     -0.05082125
      0.26500000	    -19.52863010	    -13.11377493	      4.79618703	      7.50925650	      5.14875513	      7.60259877	     12.80590895	      6.66426907	     -2.09436871	    -21.22026239	      7.85137132	     -2.26178749	     -2.78506895	     -6.39426506	     -0.45326615	    -14.97842416	     -0.03605884	      0.16025697	     -0.03543170	    -37.52644160	    -37.06494989	     12.04283406	      9.53783050	     -0.05110138	     -0.05145548
      0.27000000	    -16.83835076	     -9.38634076	      3.82766000	      9.67228416	      0.47187058	      5.28933364	     10.47449172	      7.94057465	     -2.37090200	    -17.50866966	      5.94522792	     -1.95774083	     -1.05937456	     -6.46885602	     -0.49144292	    -15.18769488	     -0.04007548	     -3.60926510	     -0.03869620	    -42.87157296	    -40.29728233	     13.78966493	     10.21379310	     -0.04969776	     -0.05171097
      0.27500000	     -8.98999983	     -5.09423004	      1.90945967	     16.73922369	    -13.34096603	      0.65603088	      7.59959472	      9.14024394	     -2.66260015	     -9.24468383	      3.08907235	     -1.43840950	      0.97813088	     -6.50626788	     -0.55360271	    -15.36556921	     -0.04403013	    -10.47834370	     -0.04184009	    -48.04494945	    -44.81568839	     15.52197346	     11.33121839	     -0.04819315	     -0.05161998
      0.28000000	     -2.71648399	     -1.90664597	     -0.18647021	     21.46643330	    -32.22851525	     -3.27269154	      3.76169007	     10.18225599	     -2.94255326	     -2.00749583	      0.74303343	     -0.93966580	      3.32539516	     -6.49782894	     -0.63891904	    -15.15732142	     -0.04784588	    -17.54038559	     -0.04480537	    -53.38569478	    -49.90949981	     17.25915184	     12.43726518	     -0.04664203	     -0.05122278
      0.28500000	      1.29208900	     -0.10373170	     -1.37785303	     23.42734749	    -50.63968936	     -5.34473351	      1.77890316	     11.43618889	     -3.24840270	      1.03630875	     -0.19149396	     -0.69219687	      5.97541574	     -6.43583864	     -0.74546756	    -16.28156471	     -0.05144405	    -22.44206661	     -0.04753373	    -58.41168973	    -55.45293292	     18.96036031	     13.78810990	     -0.04509383	     -0.05056494
      0.29000000	      1.94498947	      0.06434729	     -1.79777586	     21.22439672	    -65.28166178	     -5.04595477	      0.72956809	     12.25431851	     -3.47204354	      0.02017358	     -0.16621370	     -0.62013448	      8.91550328	     -6.31454768	     -0.87028849	    -18.07192233	     -0.05474652	    -25.44516154	     -0.04996857	    -63.06788071	    -60.69461226	     20.53776107	     14.97519609	     -0.04359080	     -0.04969470
      0.29500000	     -2.77923523	     -0.46117225	     -1.64656104	     12.97592422	    -75.21163915	     -3.75907278	     -0.64672372	     12.41098832	     -3.58434199	     -5.58322625	     -0.31396033	     -0.52904589	     12.12660433	     -6.13108606	     -1.00947248	    -19.78312989	     -0.05767828	    -26.19651680	     -0.05205714	    -67.29705453	    -65.79808504	     21.97822611	     16.14917310	     -0.04216633	     -0.04866051
      0.30000000	     -7.70847533	     -0.72791200	     -1.33777661	      4.45879048	    -81.47549900	     -3.47699208	     -1.57114751	     12.94970358	     -3.74384866	    -11.82096934	     -0.57221430	     -0.41206689	     15.58282038	     -5.88624320	     -1.15827412	    -21.56823764	     -0.06017012	    -26.91495484	     -0.05375302	    -70.82354746	    -71.00500188	     23.27233657	     17.44342811	     -0.04084413	     -0.04750918
      0.30500000	     -9.68387872	     -1.54151107	     -1.25691642	     -1.17376425	    -83.90997370	     -2.93287293	     -1.98178406	     13.27549186	     -3.84132344	    -15.80466792	     -0.54607985	     -0.32082303	     19.25126365	     -5.58497451	     -1.31128471	    -23.61998373	     -0.06216137	    -29.02031137	     -0.05499197	    -73.52214369	    -75.92869644	     24.15496414	     18.61582035	     -0.03963809	     -0.04628674
      0.31000000	     -9.15805542	     -2.89206981	     -1.54880965	     -4.01396880	    -81.76864281	     -2.25011827	     -2.50444922	     13.39698186	     -3.88547350	    -17.27447625	     -0.29281776	     -0.25691965	     23.09237509	     -5.23651650	     -1.46270069	    -25.35949382	     -0.06360266	    -32.63387175	     -0.05580658	    -75.54234520	    -80.54868236	     24.84114682	     19.77299423	     -0.03855303	     -0.04503231
      0.31500000	     -6.62326512	     -4.03385193	     -1.72677498	     -4.66914142	    -77.44687292	     -1.55851747	     -2.06408572	     13.73309157	     -3.95587962	    -17.83903104	      0.06020425	     -0.21665786	     27.06075734	     -4.85404924	     -1.60668192	    -27.62650589	     -0.06445838	    -36.69772351	     -0.05622359	    -77.01784920	    -85.08382629	     25.54807710	     21.03261506	     -0.03758597	     -0.04377991
      0.32000000	     -3.36027954	     -5.39152807	     -2.11356316	     -4.31232846	    -63.63794794	     -0.84178620	     -1.82887877	     13.33758281	     -3.86552982	    -17.05872106	     -0.10998177	     -0.02836259	     31.10648243	     -4.45392453	     -1.73774904	    -29.47190761	     -0.06467883	    -41.29608224	     -0.05625742	    -77.40514255	    -88.87498530	     25.70945538	     21.82086091	     -0.03673175	     -0.04256021
      0.32500000	      0.22501400	     -6.72521428	     -2.17536863	     -3.66204551	    -49.44062085	      0.20892769	     -0.84562143	     13.09256605	     -3.77887378	    -16.71997191	      0.05470140	      0.05211120	     35.17677351	     -4.05454508	     -1.85116046	    -31.82477096	     -0.06437187	    -45.53041530	     -0.05593530	    -77.71331652	    -92.37828862	     25.89168823	     22.83184102	     -0.03597418	     -0.04139924
      0.33000000	      4.33558519	     -8.79641441	     -1.96333424	     -2.15802952	    -34.44249315	      2.61183979	      0.69293285	     12.45461286	     -3.56785747	    -16.40986482	      0.56586550	      0.04025357	     39.21791397	     -3.67501766	     -1.94321464	    -34.35926995	     -0.06357374	    -49.68729359	     -0.05529651	    -78.12159112	    -95.52084987	     26.06065461	     23.67859409	     -0.03529831	     -0.04031844
      0.33500000	      8.66943480	     -9.77062582	     -1.66235753	     -0.82792073	    -17.16565933	      4.50235339	      2.44578262	     12.06558068	     -3.41491536	    -15.82648771	      0.60651619	      0.12600425	     43.17719844	     -3.33371292	     -2.01143142	    -37.23599843	     -0.06233306	    -53.72924448	     -0.05439092	    -78.12590914	    -97.93636818	     26.13482921	     24.26718123	     -0.03468943	     -0.03933480
      0.34000000	     14.40183433	    -10.53980798	     -1.36666866	      2.49623063	     -1.37556948	      6.67284799	      4.41234812	     11.31365584	     -3.15830836	    -14.14800073	      0.30210187	      0.29400453	     47.00473640	     -3.04685216	     -2.05459263	    -40.34087915	     -0.06071258	    -58.07236091	     -0.05327704	    -78.37739292	   -100.26537197	     26.16020584	     24.70910248	     -0.03413429	     -0.03846106
      0.34500000	     22.50315602	    -10.79370568	     -1.36466000	      8.06622484	      9.58129636	      7.97952638	      6.22095138	     10.38895441	     -2.86379816	    -10.19225043	     -0.54470793	      0.58818970	     50.65495183	     -2.82722095	     -2.07265475	    -43.58340516	     -0.05878697	    -63.83942840	     -0.05201947	    -78.76248410	   -102.41989467	     26.24407677	     25.30862500	     -0.03362205	     -0.03770575
      0.35000000	     31.97173969	    -10.70685800	     -1.19306732	     15.11468698	     14.09604200	      9.68993422	      8.69513663	      9.63044757	     -2.59538732	     -5.78897478	     -1.40118026	      0.87692756	     54.08767129	     -2.68309256	     -2.06656009	    -47.59981201	     -0.05663997	    -69.82788483	     -0.05068616	    -79.61838281	   -104.69926706	     26.49851857	     25.78552205	     -0.03314465	     -0.03707330
      0.35500000	     40.04380910	     -9.97726749	     -0.78217066	     20.35375078	     11.79681464	     10.37665615	     11.11166182	      8.78580812	     -2.31087428	     -2.71819322	     -3.00047023	      1.32940857	     57.26875212	     -2.61744014	     -2.03798264	    -51.91943339	     -0.05436116	    -75.42419927	     -0.04934546	    -80.83085000	   -107.19318387	     26.81990634	     26.40907028	     -0.03269693	     -0.03656392
      0.36000000	     44.16533793	     -9.31903503	     -0.10408855	     21.46292865	      6.17825925	     11.23207293	     12.67052306	      7.70076241	     -1.98613325	     -2.34929334	     -4.82433896	      1.80125821	     60.17026724	     -2.62752138	     -1.98905191	    -55.98662538	     -0.05204253	    -79.55754244	     -0.04806320	    -82.45607549	   -109.81989260	     27.09740319	     26.96431441	     -0.03227623	     -0.03617361
      0.36500000	     46.54943287	     -7.54833085	      0.66305415	     20.45284956	     -2.02946899	     10.84395181	     13.75415726	      7.08866857	     -1.80473183	     -2.92011003	     -7.16476543	      2.39206944	     62.77031548	     -2.70490908	     -1.92209204	    -59.93648456	     -0.04977495	    -83.27357634	     -0.04690009	    -84.29377422	   -112.19222855	     27.52293750	     27.46948623	     -0.03188199	     -0.03589410
      0.37000000	     48.07099033	     -6.49564571	      1.37706026	     18.53074421	     -9.64692996	     10.29147028	     14.56125724	      6.08533748	     -1.54249464	     -3.69425698	     -9.45620255	      2.95753658	     65.05255764	     -2.83600084	     -1.83940254	    -63.54395882	     -0.04764478	    -86.92377367	     -0.04590943	    -85.73409445	   -114.47210926	     27.73300491	     28.02114699	     -0.03151514	     -0.03571293
      0.37500000	     48.29935263	     -5.00327253	      1.93318992	     15.71661288	    -16.59734588	      8.66463396	     14.66940408	      5.13566239	     -1.32362252	     -4.65220273	    -12.18268885	      3.64217123	     67.00559415	     -3.00299020	     -1.74310257	    -66.50635883	     -0.04573077	    -90.30180900	     -0.04512956	    -87.06002749	   -116.82435503	     27.76434689	     28.42089300	     -0.03117748	     -0.03561398
      0.38000000	     48.95057115	     -3.28373698	      2.37430243	     13.68016876	    -26.54524580	      6.76558885	     14.66215631	      5.14037651	     -1.36010434	     -5.00546559	    -14.23036461	      4.13338264	     68.62229787	     -3.18523073	     -1.63504929	    -69.22510067	     -0.04410137	    -93.98051060	     -0.04458085	    -88.63111666	   -119.35609378	     28.35557795	     29.15054380	     -0.03087121	     -0.03557751
      0.38500000	     48.43208223	     -2.16171649	      2.72499573	     10.70677626	    -33.79225538	      4.62404659	     14.28025181	      3.90292380	     -1.09119720	     -5.65903427	    -17.03463541	      4.84792268	     69.89918108	     -3.36086780	     -1.51682165	    -71.37924681	     -0.04280846	    -97.25745636	     -0.04429380	    -89.84006474	   -121.67644929	     28.26667192	     29.59315395	     -0.03059849	     -0.03558177
      0.39000000	     49.41301442	      0.36129222	      3.20442927	      9.43018363	    -45.04522108	      2.55085401	     14.74222694	      4.28888106	     -1.25049607	     -5.72197082	    -19.22514253	      5.39308840	     70.83583210	     -3.50856687	     -1.38975513	    -74.16807153	     -0.04187979	   -100.47082975	     -0.04428886	    -91.51050638	   -123.92312608	     29.00603875	     30.04211475	     -0.03036089	     -0.03560399
      0.39500000	     49.23663542	      1.02578287	      3.65617779	      7.54438236	    -52.87593581	      1.14846906	     15.07801964	      3.61315993	     -1.13045571	     -6.35486423	    -20.92328318	      5.78615761	     71.43444314	     -3.60916600	     -1.25501758	    -76.21601091	     -0.04135050	   -103.04568022	     -0.04457497	    -92.85766986	   -126.09532840	     29.18195049	     30.70597465	     -0.03015960	     -0.03562188
      0.40000000	     48.79934900	      1.34825298	      4.12359303	      5.46080838	    -56.54622949	      0.63532790	     15.68072365	      2.59169863	     -0.92790464	     -7.03616238	    -22.51280882	      6.15464603	     71.69946202	     -3.64710737	     -1.11371399	    -78.11804089	     -0.04124194	   -104.92835694	     -0.04514982	    -93.70816248	   -127.71677510	     29.04705331	     30.91461086	     -0.02999544	     -0.03561515
      0.40500000	     47.49495489	      2.10923068	      4.54130816	      2.94542290	    -63.99835006	      1.13251826	     15.70838287	      2.47043121	     -0.97228306	     -7.97108494	    -23.36888263	      6.29859980	     71.63740247	     -3.61153588	     -0.96700379	    -79.63865420	     -0.04155828	   -106.19965960	     -0.04600045	    -95.29328137	   -129.44354103	     29.64192762	     31.18722235	     -0.02986906	     -0.03556706
      0.41000000	     45.55892017	      0.64792259	      4.65060423	     -0.07926990	    -68.75657762	      3.00631265	     15.19937329	      1.65162689	     -0.85786537	     -8.64825824	    -22.96870534	      6.07306395	     71.25683549	     -3.49699297	     -0.81621713	    -80.30849946	     -0.04228655	   -107.20935163	     -0.04710427	    -96.26961998	   -131.00005264	     29.59967290	     31.57014208	     -0.02978119	     -0.03546584
      0.41500000	     41.83949801	     -1.51415346	      4.47902662	     -4.49629990	    -73.95937137	      6.08130275	     13.32821200	      0.71196745	     -0.72416255	     -9.50565334	    -21.99630978	      5.67773572	     70.56856789	     -3.30367672	     -0.66296046	    -79.79973167	     -0.04339732	   -107.67631898	     -0.04843022	    -97.44352255	   -132.54436479	     29.78747587	     31.97874340	     -0.02973307	     -0.03530564
      0.42000000	     37.98480821	     -3.48743023	      4.31086864	     -8.82575866	    -79.12381905	      9.71530227	     11.63444453	      0.62265826	     -0.84176437	    -10.53312785	    -20.06933385	      4.99887877	     69.58597582	     -3.03727045	     -0.50920010	    -79.23493976	     -0.04484605	   -107.28719518	     -0.04994009	    -98.53931937	   -133.84485206	     30.05203024	     32.30258772	     -0.02972682	     -0.03508720
      0.42500000	     35.05515380	     -6.37568587	      4.03823682	    -11.29393370	    -80.59237368	     14.29079294	     10.21228431	     -0.02112167	     -0.78555141	    -10.73063035	    -17.79818121	      4.24824871	     68.32538956	     -2.70837084	     -0.35730850	    -78.10021420	     -0.04657506	   -106.59605709	     -0.05158994	    -99.34634925	   -134.74582943	     30.12144178	     32.48284015	     -0.02976585	     -0.03481800
      0.43000000	     33.49453309	    -10.09898931	      3.82948513	    -11.73618247	    -81.24581148	     18.88776875	      9.79045786	     -0.79546036	     -0.66801344	    -10.58269590	    -14.91369521	      3.33449451	     66.80636915	     -2.33157290	     -0.21005581	    -76.94463454	     -0.04851597	   -105.56142030	     -0.05333152	    -99.70284209	   -135.56385730	     29.96789156	     32.94615631	     -0.02985525	     -0.03451182
      0.43500000	     31.73098325	    -11.98120105	      3.61074343	    -11.72259086	    -79.51897067	     22.36257866	      9.26553694	     -0.95998303	     -0.71181402	    -10.34640440	    -12.83272112	      2.68846152	     65.05171802	     -1.92427639	     -0.07053429	    -75.22621293	     -0.05059249	   -103.79744346	     -0.05511366	   -100.09852009	   -135.74470517	     30.05549099	     32.92548711	     -0.03000226	     -0.03418799
      0.44000000	     29.79212249	    -13.80381993	      3.32892614	    -11.62300930	    -76.28100570	     24.86069315	      8.82503539	     -1.28410143	     -0.70748575	    -10.25023130	    -10.90901593	      2.09907722	     63.08714128	     -1.50527864	      0.05798891	    -73.15941236	     -0.05272349	   -101.37479763	     -0.05688367	    -99.86771745	   -135.69562536	     29.86089075	     33.06726903	     -0.03021652	     -0.03387020
      0.44500000	     27.28498907	    -14.33202663	      2.84041022	    -11.55652919	    -70.46154460	     26.30635406	      7.63526168	     -1.45729752	     -0.74681495	     -9.79632537	     -9.75930878	      1.75682047	     60.94052998	     -1.09322857	      0.17228476	    -70.26848556	     -0.05483726	    -98.38461026	     -0.05859877	    -99.53568271	   -134.97864886	     29.69828718	     32.86603659	     -0.03051043	     -0.03358524
      0.45000000	     25.48823389	    -13.31578526	      2.28946452	     -9.96303716	    -59.53873297	     25.71017581	      6.71095187	     -1.13209216	     -0.89847384	     -8.71534447	     -9.42825864	      1.66362306	     58.64092342	     -0.70503198	      0.26942223	    -66.82075346	     -0.05687499	    -94.98009533	     -0.06022965	    -98.66439612	   -133.58904465	     29.53527906	     32.43676166	     -0.03089848	     -0.03336107
      0.45500000	     24.84418628	    -12.47393027	      1.70869315	     -6.75858899	    -48.01088537	     24.55762483	      6.33605263	     -1.30841344	     -0.89156877	     -7.14939339	     -9.35608259	      1.64383384	     56.21725253	     -0.35432057	      0.34704393	    -63.47152232	     -0.05876695	    -91.24384810	     -0.06173332	    -97.25416031	   -131.95302967	     28.92471148	     31.99648311	     -0.03139689	     -0.03322546
      0.46000000	     24.18352757	    -10.72728333	      1.27429080	     -3.19647965	    -35.02294299	     22.05504672	      6.27991740	     -1.14514325	     -0.94595106	     -5.89583104	     -9.75548174	      1.73536610	     53.69698687	     -0.05013723	      0.40362308	    -59.86493537	     -0.06044732	    -86.92634948	     -0.06306777	    -95.57073349	   -129.80748829	     28.40833247	     31.52922727	     -0.03202254	     -0.03320454
      0.46500000	     23.63258092	     -8.48698731	      0.89474071	      0.51635156	    -21.61534183	     19.58431646	      6.29031203	     -1.42434130	     -0.87001649	     -4.63536715	    -10.92411170	      2.02244251	     51.10481925	      0.20397601	      0.43866872	    -56.28483856	     -0.06185594	    -82.13915242	     -0.06419270	    -93.54759858	   -127.11909021	     27.78387824	     30.58487935	     -0.03279160	     -0.03332140
      0.47000000	     21.94412880	     -6.88206056	      0.60080368	      2.95334383	     -9.17349311	     16.71074850	      6.01071794	     -1.75327160	     -0.76920588	     -4.24805134	    -11.67347878	      2.15629413	     48.46154469	      0.41031322	      0.45284503	    -52.31945269	     -0.06293968	    -76.81913392	     -0.06507012	    -91.22508338	   -124.16934509	     26.94037445	     29.88763596	     -0.03371787	     -0.03359500
      0.47500000	     19.12457186	     -5.06709679	      0.35748907	      3.62722496	      4.71655825	     13.61449200	      5.31176009	     -1.98126611	     -0.69035775	     -4.41187853	    -12.54101820	      2.30008479	     45.78330495	      0.57665569	      0.44797522	    -48.05242627	     -0.06365371	    -71.10982393	     -0.06566498	    -88.29936339	   -120.44935940	     25.98906664	     28.87362111	     -0.03481111	     -0.03403920
      0.48000000	     16.59079669	     -3.09068832	      0.29590307	      4.70549754	     18.54963330	     10.64323239	      5.04730398	     -2.43628697	     -0.53404525	     -4.80261703	    -13.73900019	      2.51095387	     43.08135000	      0.71523599	      0.42691829	    -44.00156919	     -0.06396248	    -65.05471570	     -0.06594590	    -85.13187267	   -116.34041278	     24.95020385	     27.56916302	     -0.03607524	     -0.03466204
      0.48500000	     14.43430962	     -3.34399510	      0.16610344	      5.52841806	     29.02110062	      8.83164848	      4.82089228	     -3.09342329	     -0.32187507	     -5.08916841	    -13.27188329	      2.29484903	     40.36240185	      0.84113959	      0.39333255	    -40.05107504	     -0.06384048	    -59.34337883	     -0.06588604	    -81.48088503	   -112.10876558	     23.69499430	     26.86196048	     -0.03750679	     -0.03546514
      0.49000000	     12.02035392	     -2.35447937	      0.30018668	      6.18735324	     41.96172153	      6.86594541	      4.99306363	     -3.24236915	     -0.20867589	     -5.87484042	    -13.28922823	      2.21531642	     37.62959793	      0.97037901	      0.35136055	    -36.29385990	     -0.06327279	    -53.11610320	     -0.06546394	    -77.61305515	   -107.18190972	     22.47038143	     25.42832956	     -0.03909354	     -0.03644330
      0.49500000	      9.85496038	     -2.23785972	      0.43904813	      6.82259641	     51.68047431	      5.43060671	      5.21739667	     -3.31964794	     -0.09804401	     -6.65348122	    -12.51545428	      1.95859190	     34.88387433	      1.11793088	      0.30527545	    -32.65236860	     -0.06225528	    -47.17771461	     -0.06466435	    -73.60300212	   -102.19261309	     21.25856852	     24.27173333	     -0.04081353	     -0.03758414
      0.50000000	      9.69231123	     -2.89723415	      0.61418253	      8.99726916	     61.73610680	      4.55349116	      6.52274311	     -3.57392434	      0.07017647	     -6.58728677	    -11.20580523	      1.61767515	     32.12557910	      1.29600721	      0.25912390	    -29.76583313	     -0.06079451	    -41.88567238	     -0.06347898	    -68.92049048	    -96.68153066	     19.72388478	     23.06083974	     -0.04263458	     -0.03886804
      0.50500000	      9.19903872	     -3.52633322	      0.75187667	     10.65625960	     71.92891120	      4.32537408	      7.52654273	     -4.01255924	      0.27307319	     -6.46126997	    -10.01990880	      1.34310973	     29.35610531	      1.51275364	      0.21639157	    -26.92324944	     -0.05890733	    -36.72031919	     -0.06190708	    -64.04733163	    -90.83206608	     18.21621426	     21.58925889	     -0.04451433	     -0.04026810
      0.51000000	      8.60385246	     -4.77717640	      0.75731085	     12.13369375	     82.07036477	      4.29127746	      8.19976024	     -4.40981412	      0.47013510	     -6.04792046	     -8.26216231	      0.97504394	     26.57938771	      1.77146923	      0.17969948	    -23.96246321	     -0.05662010	    -31.96782054	     -0.05995577	    -58.95380877	    -84.83968851	     16.57603038	     20.29852830	     -0.04640091	     -0.04175034
      0.51500000	      8.06698397	     -4.94745290	      0.78020829	     13.22808664	     89.71304555	      4.04578434	      8.83128135	     -4.26389954	      0.55387722	     -5.58301622	     -6.83383187	      0.72363431	     23.80316162	      2.07035845	      0.15052926	    -21.39260604	     -0.05393105	    -27.51408708	     -0.05763285	    -53.81778727	    -78.71841609	     15.11180539	     18.71828209	     -0.04823603	     -0.04327453
      0.52000000	      7.06447498	     -4.99428998	      0.65524001	     13.35496251	     93.48085622	      3.51420568	      8.63496379	     -3.83368689	      0.58801666	     -4.85721372	     -5.16186377	      0.43668953	     21.03989061	      2.40275639	      0.12899704	    -18.63673306	     -0.05085628	    -23.73671939	     -0.05489929	    -49.04563654	    -72.40483206	     13.75394659	     17.40994489	     -0.04995276	     -0.04479599
      0.52500000	      7.06465943	     -5.57699450	      0.57568417	     14.41744818	     96.04509258	      3.90983006	      9.06258150	     -3.82220912	      0.70429248	     -3.84930810	     -3.42240481	      0.17960453	     18.30725492	      2.75772717	      0.11372403	    -16.53805024	     -0.04747840	    -20.35096738	     -0.05182485	    -44.15147644	    -66.16389255	     12.29518759	     15.97302337	     -0.05147906	     -0.04626054
      0.53000000	      6.12079822	     -5.81136378	      0.49682859	     14.50929341	     97.16506463	      3.88557946	      9.01342428	     -3.51314577	      0.76784834	     -3.29414874	     -1.75569655	     -0.03770840	     15.62810476	      3.12092982	      0.10185173	    -14.35393690	     -0.04386556	    -17.05182993	     -0.04846193	    -39.43751096	    -60.11628838	     10.88141246	     14.58668025	     -0.05274303	     -0.04761268
      0.53500000	      5.79959971	     -5.24696446	      0.41689163	     14.66196071	     94.24761444	      3.44789103	      9.03862805	     -2.73280196	      0.74411237	     -2.43401579	     -0.38955538	     -0.17850118	     13.02981343	      3.47564412	      0.08923583	    -12.59169894	     -0.04008738	    -14.42560295	     -0.04486744	    -34.90691362	    -54.16395235	      9.74059559	     13.15499287	     -0.05367441	     -0.04879483
      0.54000000	      4.59703047	     -6.64429670	      0.13939235	     13.77683831	     92.45444026	      3.65788174	      8.47769375	     -2.89906108	      0.87844939	     -1.76562598	      1.52521952	     -0.41410009	     10.54302491	      3.80384513	      0.07082848	    -10.57027427	     -0.03621301	    -12.12342731	     -0.04110124	    -30.11996456	    -48.43361302	      8.17907288	     12.07126879	     -0.05420772	     -0.04974928
      0.54500000	      2.74171055	     -7.09115508	     -0.06639797	     12.50721034	     90.65185636	      2.80252934	      7.81000661	     -2.55333847	      0.92181565	     -1.68082970	      2.92103726	     -0.53429612	      8.19991636	      4.08724143	      0.04120286	     -8.58620082	     -0.03230936	     -9.70223507	     -0.03722448	    -25.49767628	    -43.18172138	      6.78654193	     10.98570929	     -0.05428541	     -0.05042050
      0.55000000	      0.82249153	     -7.39219399	     -0.12746461	     10.90654807	     91.47734811	      2.37769481	      7.47724679	     -2.41517251	      0.98630908	     -1.91690947	      3.92776940	     -0.57182819	      6.03221414	      4.30823044	     -0.00487506	     -6.98782672	     -0.02843955	     -7.34009759	     -0.03329821	    -20.90225053	    -37.67269846	      5.48623580	      9.56529457	     -0.05386103	     -0.05075762
      0.55500000	     -0.60010787	     -8.65367898	     -0.25280664	      9.89052752	     94.36514431	      1.97809744	      7.46640146	     -2.51600239	      1.07331234	     -2.03247475	      5.31831858	     -0.67935756	      4.06922183	      4.45074519	     -0.07192012	     -5.58195478	     -0.02466160	     -5.28691791	     -0.02938189	    -16.26744546	    -32.41338758	      4.09048533	      8.48729141	     -0.05290238	     -0.05071701
      0.56000000	     -1.97570431	     -9.20697612	     -0.39146556	      8.96491564	     99.52569601	      1.47891042	      7.33660551	     -2.31953201	      1.10340590	     -2.02288730	      6.35770168	     -0.71561058	      2.33607928	      4.50098435	     -0.16332018	     -4.27802962	     -0.02102740	     -3.37430137	     -0.02553211	    -11.92224866	    -27.16725195	      2.93425856	      7.19032727	     -0.05139445	     -0.05026472
      0.56500000	     -3.75081787	    -10.30101597	     -0.69064883	      7.73193309	    104.88066482	      1.90361141	      6.59368556	     -2.82161770	      1.20653681	     -1.95621006	      7.33054223	     -0.74059852	      0.85241378	      4.44802972	     -0.28109499	     -2.87952972	     -0.01758183	     -1.55960333	     -0.02180141	     -8.28203476	    -22.01863215	      1.78372982	      5.95816356	     -0.04934226	     -0.04937861
      0.57000000	     -5.11148410	    -10.18052554	     -0.67674101	      6.09210095	    106.25461901	      1.57389321	      6.37887744	     -1.85391823	      1.14981434	     -2.42949644	      8.55328676	     -0.81819995	     -0.36856113	      4.28434163	     -0.42580947	     -2.13074834	     -0.01436226	      0.20051567	     -0.01823716	     -5.01542744	    -17.19346570	      1.24725371	      4.94864121	     -0.04677333	     -0.04805023
      0.57500000	     -8.67278434	     -9.16047846	     -0.94909805	      2.25986398	    105.24515012	      0.34386172	      4.32945990	     -0.90957981	      1.06901415	     -3.48987377	      8.95911082	     -0.75448804	     -1.32054395	      4.00611281	     -0.59657694	     -0.62173411	     -0.01139831	      2.13894719	     -0.01488064	     -2.44847469	    -13.03301526	      0.61434885	      3.89120477	     -0.04373959	     -0.04628631
      0.58000000	    -17.28154277	     -7.66827701	     -2.18919698	     -7.12151353	     98.64987817	     -0.84116674	     -2.99993843	      0.58335675	      0.90573618	     -4.49784023	      9.71291691	     -0.76247924	     -2.00429932	      3.61348061	     -0.79109761	      3.55325859	     -0.00871186	      3.72592386	     -0.01176634	     -1.30723261	     -9.25673090	      0.45510657	      3.06783721	     -0.04031842	     -0.04410997
      0.58500000	    -22.00129868	     -4.25727231	     -2.69333169	    -12.46482364	     88.13107495	     -3.14745406	     -7.05543995	      2.82847062	      0.58473422	     -5.66680276	      9.42094318	     -0.60900976	     -2.42750603	      3.11061543	     -1.00570812	      5.77903585	     -0.00631751	      5.24851438	     -0.00892144	     -0.81690195	     -5.91164956	      0.38278558	      1.93294195	     -0.03661225	     -0.04156166
      0.59000000	    -25.51966096	     -3.04592488	     -3.23657837	    -16.82551027	     68.63032951	     -3.74705218	    -10.24902542	      4.16344750	      0.39164376	     -7.30193312	     10.08953455	     -0.49835576	     -2.60434276	      2.50570391	     -1.23543353	      7.22954009	     -0.00422713	      6.78766754	     -0.00636565	     -1.05744387	     -3.71734459	      0.38871825	      1.73862289	     -0.03274673	     -0.03869972
      0.59500000	    -25.87327458	     -1.62606958	     -3.54693131	    -18.07360526	     49.09642351	     -4.44736632	    -11.07586769	      6.31918622	      0.11969732	     -8.56299031	     10.96775624	     -0.17898325	     -2.55485637	      1.81083763	     -1.47405702	      7.51740927	     -0.00244348	      7.86966925	     -0.00411131	     -1.27930876	     -1.91406759	      0.61053808	      1.34808437	     -0.02886587	     -0.03560045
      0.60000000	    -25.69453504	     -4.34914903	     -3.40865541	    -19.88454398	     27.80526665	     -3.67736353	    -12.94086309	      6.40172883	      0.06622748	     -8.41754990	     12.82452625	     -1.28479958	     -2.30414483	      1.04179886	     -1.71424709	      8.35745657	     -0.00095626	      7.45099365	     -0.00216383	     -1.39554094	     -0.02156462	      0.41611476	      1.79000923	     -0.02512534	     -0.03235737
      0.60500000	    -26.41331108	     -2.29439461	     -2.96771524	    -21.86000616	      4.01384735	     -6.75412329	    -13.39896241	      7.58131360	     -0.12050973	    -10.93585327	     10.98962739	     -1.19990680	     -1.88139829	      0.21770732	     -1.94777318	      8.37043435	      0.00024056	      8.51751853	     -0.00052241	     -1.30970377	     -0.07999344	      0.48351638	      1.26676600	     -0.02168503	     -0.02907929
      0.61000000	    -25.59076516	     -1.70561116	     -3.06127234	    -21.89982800	    -15.60845511	     -8.33535510	    -14.07369612	      9.20822079	     -0.36854146	    -11.65899138	     10.96583367	     -1.21574718	     -1.31886061	     -0.63952217	     -2.16581269	      8.76092448	      0.00115484	      8.73752406	      0.00081838	     -1.57667392	     -0.07291553	      0.75729205	      1.11474831	     -0.01869895	     -0.02588703
      0.61500000	    -24.85517097	     -3.59721522	     -3.49831094	    -22.12073843	    -31.59233607	     -8.30601112	    -15.02338232	      9.03206000	     -0.42277865	    -11.97165224	     11.34066887	     -1.29809256	     -0.65076059	     -1.50595072	     -2.35933407	      9.26294148	      0.00179545	      8.70943723	      0.00186961	     -1.64580606	     -0.22810417	      0.51595903	      1.29246835	     -0.01630530	     -0.02290821
      0.62000000	    -22.71648627	     -4.06572291	     -3.61185674	    -20.88799177	    -41.29375929	     -8.62950538	    -14.75634833	      9.36112159	     -0.56381495	    -11.86728778	     10.98043650	     -1.25138120	      0.08776948	     -2.35661845	     -2.51953472	      9.12994702	      0.00217155	      8.58215597	      0.00264426	     -1.53049025	     -0.14715354	      0.60314386	      1.10244487	     -0.01461740	     -0.02027077
      0.62500000	    -20.98300023	     -4.00140837	     -3.46894182	    -19.82223071	    -48.71967179	     -9.48697652	    -14.45200732	     10.36116422	     -0.77737276	    -12.05075067	     10.82526041	     -1.33482253	      0.86178486	     -3.16673493	     -2.63830554	      9.15340292	      0.00229209	      8.60762222	      0.00315613	     -1.76786130	     -0.21783963	      0.89125102	      1.10117021	     -0.01371617	     -0.01809512
      0.63000000	    -19.18193979	     -6.25593793	     -3.69988527	    -18.87139975	    -51.86411840	     -8.80069585	    -14.27698536	      9.56605531	     -0.81665314	    -11.65846924	     11.02164937	     -1.43479630	      1.63762069	     -3.91297066	     -2.70868951	      9.17253238	      0.00216540	      8.30139119	      0.00341917	     -1.62427782	     -0.36469643	      0.61176861	      1.34709686	     -0.01364492	     -0.01648562
      0.63500000	    -16.69391301	     -6.34127544	     -3.56545050	    -17.07183081	    -50.62113444	     -9.44078592	    -13.37458075	      9.74569647	     -0.96974397	    -11.05750306	     10.34792568	     -1.39661309	      2.38396294	     -4.57474030	     -2.72530626	      8.89809469	      0.00179905	      7.92675067	      0.00344647	     -1.57852003	     -0.37034634	      0.69169203	      1.32677620	     -0.01440666	     -0.01552263
      0.64000000	    -14.30401879	     -7.08105312	     -3.31628438	    -15.13673222	    -44.22596531	     -9.32779346	    -12.10912784	      9.28641793	     -1.05724148	    -10.47547220	      9.76926301	     -1.40704025	      3.07286115	     -5.13536036	     -2.68472366	      8.50750063	      0.00119974	      7.63715380	      0.00324943	     -1.51156112	     -0.31025286	      0.56789117	      1.22388185	     -0.01596396	     -0.01525574
      0.64500000	    -12.26938266	     -8.42882011	     -3.33843009	    -13.57265483	    -34.96593464	     -8.49289391	    -11.40124131	      8.03323141	     -1.06258072	     -9.32262631	      9.18290229	     -1.35161289	      3.68063482	     -5.58296918	     -2.58576141	      8.39841026	      0.00037329	      7.03567724	      0.00283727	     -1.52253456	     -0.22103936	      0.31254879	      1.18354440	     -0.01824120	     -0.01569920
      0.65000000	    -10.07239447	     -8.61893959	     -2.79761525	    -11.87176884	    -23.11134301	     -8.19837496	     -9.63995807	      7.95741803	     -1.22115121	     -8.77668339	      8.72468645	     -1.42385113	      4.18862522	     -5.91111672	     -2.42970991	      7.76125689	     -0.00067511	      6.76580513	      0.00221677	     -1.46240207	     -0.24669668	      0.66435672	      1.23483234	     -0.02112899	     -0.01683010
      0.65500000	     -7.64022293	     -8.91307483	     -2.42987257	     -9.86890762	     -8.00655052	     -8.01324304	     -7.92167412	      7.39465645	     -1.31308646	     -7.58447522	      8.08545568	     -1.37573342	      4.58375794	     -6.11896446	     -2.22044268	      7.13283540	     -0.00194071	      6.14269155	      0.00139236	     -1.38467596	     -0.21197018	      0.67895364	      1.29631479	     -0.02449077	     -0.01858944
      0.66000000	     -6.62381504	     -9.23642309	     -2.02808280	     -9.04182445	      9.03310074	     -7.00251345	     -6.87270595	      6.30360220	     -1.34595496	     -6.74364982	      7.31758631	     -1.36212362	      4.85889664	     -6.21108084	     -1.96439504	      6.84924498	     -0.00341865	      5.78254165	      0.00036645	     -1.78288562	     -0.11758964	      0.70823473	      1.20602183	     -0.02817129	     -0.02088613
      0.66500000	     -8.28942056	     -8.18999799	     -2.11029957	    -10.71871202	     27.73894221	     -7.21324391	     -8.40115019	      6.22787612	     -1.43937284	     -5.55646740	      6.65512068	     -1.30993986	      5.01298371	     -6.19686502	     -1.67038351	      8.05403959	     -0.00510349	      5.23488171	     -0.00086009	     -2.68536113	     -0.03686612	      0.95207052	      1.21184087	     -0.03200675	     -0.02360359
      0.67000000	    -19.10848097	     -1.66016644	     -2.70364203	    -22.72971761	     19.30999971	     -7.97059373	    -17.78478559	      9.50404026	     -2.05021238	     -6.55679339	      6.19760229	     -1.62271425	      5.05097908	     -6.08966916	     -1.34925136	     12.63356406	     -0.00698850	      5.76212101	     -0.00228727	     -7.59440262	     -0.47444696	      2.97559478	      1.63380435	     -0.03583578	     -0.02660855
      0.67500000	    -43.63011021	      6.24760135	     -3.66854876	    -48.24374025	      4.11887490	    -14.73400359	    -29.65889501	     14.59117551	     -2.55499563	    -18.06519791	      4.42962067	     -0.48313675	      4.98362097	     -5.90571423	     -1.01334197	     19.26581108	     -0.00906500	     10.83686857	     -0.00391527	    -11.26550150	     -4.98771869	      4.39575526	      1.45246758	     -0.03951009	     -0.02976103
      0.68000000	    -41.04984715	      1.50178830	     -1.74656310	    -46.79959225	     -3.05338096	    -12.24255300	    -23.30007559	     11.75946039	     -2.32100162	    -21.69760079	      4.56367463	     -0.72244143	      4.82703607	     -5.66290526	     -0.67582306	     15.76646197	     -0.01132176	     11.24490765	     -0.00574407	    -12.09275982	     -8.30286593	      4.24270008	      2.37583435	     -0.04290358	     -0.03292462
      0.68500000	    -27.07747275	     -4.33129699	     -0.80716576	    -33.06789136	     -2.44928118	     -3.31768093	    -15.01645658	      6.26539000	     -1.97140325	    -16.07034010	      4.74218213	     -0.80183482	      4.60222441	     -5.37965214	     -0.34990818	     10.42216248	     -0.01374443	      7.87318717	     -0.00777221	    -13.76622494	     -9.45440159	      4.25336035	      2.66080866	     -0.04591836	     -0.03597549
      0.69000000	    -15.98151517	     -8.69698823	     -0.36751090	    -23.09437801	    -30.30734481	      3.60140791	    -10.70801262	      2.85150727	     -1.67748943	    -10.74076418	      5.47268478	     -1.01912882	      4.33443710	     -5.07378352	     -0.04804114	      6.86357849	     -0.01631524	      3.67953929	     -0.00999550	    -17.60911438	    -12.63670349	      4.87549734	      3.68435916	     -0.04848722	     -0.03880923
      0.69500000	      0.88863934	     -7.17033345	      0.92464637	     -6.64342885	    -54.38819878	      3.46438748	     -2.70024510	      4.63350275	     -1.90269339	     -3.63990883	      5.26140003	     -1.05927828	      4.05244938	     -4.76160688	      0.21888133	      1.56908667	     -0.01901282	     -1.62944083	     -0.01240760	    -20.67500272	    -16.17460840	      6.12648916	      4.61721057	     -0.05057249	     -0.04134479
      0.70000000	     17.11321822	     -7.26529056	      1.92889607	     10.03828652	    -68.53134780	      4.05381205	      5.13790872	      4.00862876	     -1.81858954	      3.68986915	      4.08812972	     -0.94621110	      3.78771504	     -4.45714500	      0.44218119	     -3.53620095	     -0.02181229	     -6.94306024	     -0.01499929	    -23.23798593	    -19.44409905	      6.92004836	      5.53218439	     -0.05216205	     -0.04352538
      0.70500000	     29.21125834	    -10.31963025	      2.26641549	     23.28399534	    -80.05587798	      8.76981361	     10.30530139	      1.45498228	     -1.49221015	     10.08293938	      4.16357522	     -0.97870902	      3.57338293	     -4.17158324	      0.61592559	     -7.33647235	     -0.02468548	    -11.46732084	     -0.01775820	    -26.43946229	    -22.70966636	      7.90027641	      6.52963755	     -0.05326391	     -0.04531693
      0.71000000	     30.42221423	    -11.02758794	      1.68686202	     26.90929771	    -73.64206553	     10.13021309	      9.40941941	      0.66535746	     -1.37536615	     13.38808375	      4.32385261	     -1.02133187	      3.44317355	     -3.91295866	      0.73729370	     -7.34580586	     -0.02760141	    -13.93999688	     -0.02066845	    -29.49784626	    -25.33757235	      8.52468597	      7.15768752	     -0.05390066	     -0.04670511
      0.71500000	     21.29622792	    -10.59053273	      0.44203924	     20.94899880	    -55.10534843	     10.09741980	      3.52387117	     -0.16598057	     -1.27723635	     12.70459579	      3.78716727	     -0.93832078	      3.43015477	     -3.68609799	      0.80677315	     -4.55061017	     -0.03052694	    -13.91808722	     -0.02371046	    -32.23852227	    -27.89380789	      9.19789424	      7.72317699	     -0.05410451	     -0.04769193
      0.72000000	     10.72789585	    -10.41127849	     -0.72120855	     14.09781172	    -28.60427472	     10.64040287	     -2.62104743	     -1.78089029	     -1.04968093	     11.29516682	      2.95666055	     -0.82823146	      3.56549747	     -3.49280163	      0.82817846	     -1.57988708	     -0.03342761	    -13.39516150	     -0.02686056	    -34.98859541	    -29.58792009	      9.66379514	      7.98370996	     -0.05391366	     -0.04829243
      0.72500000	      3.08844990	     -7.87371770	     -1.26654097	     10.32578087	     -5.97507227	      9.98319540	     -6.60560098	     -1.33623255	     -1.04165588	      9.98298326	      2.23322760	     -0.72627623	      3.87731783	     -3.33226399	      0.80848622	     -0.19517905	     -0.03626859	    -12.78474198	     -0.03009070	    -38.07720713	    -31.32732369	     10.65293488	      8.39777064	     -0.05336988	     -0.04853195
      0.73000000	     -2.44683414	     -6.24272898	     -1.81989417	      8.62035209	      7.88578222	      9.83516518	     -9.98597562	     -0.82075853	     -1.01126662	      9.33802606	      2.20920021	     -0.73852117	      4.38972147	     -3.20167277	      0.75746693	      0.57932105	     -0.03902431	    -12.84847678	     -0.03336818	    -41.60086071	    -33.72101815	     11.68509590	      9.25486727	     -0.05251771	     -0.04844383
      0.73500000	     -3.42063882	     -3.53495307	     -1.91464713	     11.30005371	     14.59450861	      9.78135626	    -11.08453393	     -0.00234444	     -1.00304179	      9.98184952	      1.40610439	     -0.64190061	      5.12213128	     -3.09687872	      0.68709236	     -0.30061948	     -0.04165348	    -13.86650337	     -0.03665559	    -45.46616290	    -36.22555822	     13.02114744	      9.78825684	     -0.05140237	     -0.04806735
      0.74000000	     -1.55336719	     -2.42907361	     -1.52415326	     16.60090901	     11.95095949	      9.90851849	     -9.77460504	      0.07124541	     -0.83830260	     10.10879526	      0.73383146	     -0.56860803	      6.08890256	     -3.01302982	      0.61073979	     -2.71166972	     -0.04411618	    -15.16935932	     -0.03991085	    -49.27210323	    -39.77071794	     14.10370391	     10.86621564	     -0.05006949	     -0.04744588
      0.74500000	      1.30030397	     -2.29597237	     -1.28548375	     22.58952837	      2.63213889	     10.97305280	     -8.57498390	     -0.10619311	     -0.64273420	     10.65884794	      0.39282556	     -0.54453266	      7.29916075	     -2.94509714	      0.54226157	     -5.35507546	     -0.04638175	    -17.05215374	     -0.04308773	    -53.05122167	    -44.06380894	     15.28515002	     12.02654970	     -0.04856531	     -0.04662496
      0.75000000	      4.37755374	     -1.22465691	     -1.10777989	     28.37861566	    -12.71086902	     10.44358891	     -7.87869156	      0.52176678	     -0.54268379	     11.30265448	     -0.29898453	     -0.46150371	      8.75677226	     -2.88825648	      0.49501291	     -7.85244474	     -0.04842372	    -19.51179376	     -0.04613665	    -56.90885431	    -48.89996316	     16.44373910	     13.16225613	     -0.04693592	     -0.04565065
      0.75500000	      7.71932880	     -0.76685804	     -0.77470492	     33.87638055	    -28.30317285	      9.84838130	     -6.63386258	      1.19268125	     -0.45732229	     11.41181956	     -0.64743460	     -0.43694446	     10.46036826	     -2.83814017	      0.48093637	    -10.74275644	     -0.05022051	    -21.99608001	     -0.04900583	    -60.24107975	    -53.84559209	     17.59249256	     14.56699154	     -0.04522684	     -0.04456791
      0.76000000	      8.44668614	     -0.57979373	     -0.38703136	     36.45588459	    -43.79701929	      8.81364485	     -6.32847319	      1.29807649	     -0.29398836	      9.79528860	     -1.40437875	     -0.34388348	     12.40337985	     -2.79100898	      0.50978045	    -13.09745657	     -0.05175590	    -23.81929959	     -0.05164289	    -63.47309103	    -58.98904341	     18.57405868	     16.10585541	     -0.04348241	     -0.04341946
      0.76500000	      7.90375576	      1.02627834	      0.21860669	     36.84746042	    -54.55487778	      7.35257672	     -6.28402465	      1.66444343	     -0.20501212	      7.30078670	     -3.07536836	     -0.07335217	     14.57409036	     -2.74389132	      0.58848993	    -15.41244792	     -0.05301934	    -25.29877929	     -0.05399658	    -66.23640962	    -63.28801835	     19.72235081	     17.02031318	     -0.04174534	     -0.04224477
      0.77000000	      6.29060549	      0.96938027	      0.60861036	     35.69285984	    -64.40301785	      5.57717056	     -6.97955912	      1.60210125	     -0.04919797	      4.42001907	     -3.92703187	      0.04953155	     16.95574785	     -2.69471034	      0.72077309	    -17.18848257	     -0.05400593	    -26.79579205	     -0.05601880	    -68.42026247	    -67.93360542	     20.38591844	     18.54155098	     -0.04005615	     -0.04107941
      0.77500000	      5.23560318	      2.61395961	      1.15383508	     34.17425285	    -69.05268937	      3.56347961	     -7.48053838	      2.37217603	     -0.07173865	      1.94265017	     -5.32450874	      0.31300242	     19.52680971	     -2.64237798	      0.90682933	    -19.08227452	     -0.05471637	    -28.49991878	     -0.05766660	    -70.24689180	    -71.47557016	     21.34461359	     19.29298600	     -0.03845266	     -0.03995458
      0.78000000	      3.97146417	      2.48581522	      1.62078237	     31.96254019	    -69.23413666	      2.14307166	     -8.03900672	      1.88271153	      0.12536686	     -0.55761139	     -6.48688856	      0.54733339	     22.26138879	     -2.58680220	      1.14322252	    -20.74638950	     -0.05515655	    -30.22034992	     -0.05890420	    -71.46632881	    -74.74775461	     21.69406778	     20.17800561	     -0.03696936	     -0.03889683
      0.78500000	      2.85352542	      3.61056251	      2.11666124	     28.91881295	    -66.54034976	     -0.12659053	     -8.61371976	      2.81130292	      0.02040639	     -2.89843612	     -7.29877098	      0.73791843	     25.12992840	     -2.52876965	      1.42292422	    -22.38102382	     -0.05533707	    -31.94038665	     -0.05970473	    -72.25154195	    -77.53735310	     22.30945366	     20.92588256	     -0.03563684	     -0.03792791
      0.79000000	      2.24745536	      3.07292811	      2.38777779	     25.83619141	    -56.16468525	     -0.52546286	     -9.28078116	      2.52404664	      0.11184311	     -4.30463093	     -7.82082615	      0.90989255	     28.10010503	     -2.46971342	      1.73557795	    -23.76046728	     -0.05527253	    -33.91700610	     -0.06003811	    -72.28236412	    -79.57657599	     22.54617270	     21.27392037	     -0.03448100	     -0.03706572
      0.79500000	      3.77065236	      1.67543198	      2.68913329	     24.45362962	    -41.17593312	     -0.26363019	     -8.94491135	      2.14622844	      0.22370639	     -4.54743127	     -7.65758636	      0.95206324	     31.13794052	     -2.41140061	      2.06801810	    -25.45373210	     -0.05498069	    -36.29024103	     -0.05992863	    -71.92421169	    -81.00118607	     22.60083808	     21.64990741	     -0.03352232	     -0.03632284
      0.80000000	      5.59460172	     -0.33635485	      2.93731870	     22.96840867	    -23.86971156	     -0.03876005	     -8.43273323	      1.55652917	      0.37108861	     -4.59387464	     -7.25977790	      0.94793679	     34.20905704	     -2.35558070	      2.40504700	    -26.99959270	     -0.05445648	    -38.66894776	     -0.05941805	    -71.23263143	    -82.37929688	     22.41940284	     22.09344046	     -0.03277782	     -0.03570606
      0.80500000	      9.15226727	     -2.20566684	      3.11474044	     22.20738630	     -7.09858954	      1.11655912	     -7.52472312	      1.15595113	      0.45819122	     -3.43334693	     -6.61390119	      0.90933747	     37.27996425	     -2.30364216	      2.73044152	    -28.95449972	     -0.05380793	    -41.60661546	     -0.05853447	    -70.62296857	    -83.11712021	     22.36853092	     22.24713791	     -0.03225256	     -0.03521949
      0.81000000	     12.36046141	     -3.48192337	      3.50199090	     20.25313479	      6.06477660	      2.04525743	     -6.22852768	      0.84203549	      0.51336354	     -3.14406908	     -6.38771176	      0.96777725	     40.31926712	     -2.25631405	      3.02811565	    -31.32164945	     -0.05307241	    -44.17342597	     -0.05731746	    -70.21358213	    -83.98262448	     22.38266917	     22.26603617	     -0.03194582	     -0.03486397
      0.81500000	     14.61414459	     -5.03534292	      4.00342687	     16.55051411	     15.14094912	      3.31892389	     -5.01905337	      0.83820903	      0.47723309	     -3.77504273	     -5.68430419	      0.90373971	     43.29869296	     -2.21342806	      3.28332999	    -33.66018256	     -0.05227367	    -46.54656373	     -0.05581687	    -70.18070973	    -84.98554195	     22.63996861	     22.42344671	     -0.03184971	     -0.03463777
      0.82000000	     16.52576715	     -7.44285466	      4.17303357	     11.99808367	     24.42101943	      4.97103511	     -4.42063007	     -0.13024474	      0.64167359	     -3.94250528	     -5.25623142	      0.90658042	     46.19385098	     -2.17375080	      3.48383376	    -35.69404197	     -0.05143240	    -49.28611546	     -0.05409126	    -69.85575338	    -86.01253078	     22.47480638	     22.45921638	     -0.03194852	     -0.03453704
      0.82500000	     18.74502605	     -8.91560353	      3.93208346	      7.60396219	     28.04769599	      6.05612344	     -4.75264606	     -0.39802662	      0.60344529	     -3.09643741	     -4.78330874	      0.88819509	     48.98467226	     -2.13490086	      3.62083407	    -37.52520881	     -0.05056620	    -52.61798641	     -0.05220583	    -70.20047013	    -87.38409738	     22.65675874	     22.76966596	     -0.03221901	     -0.03455622
      0.83000000	     22.13805317	     -9.69008496	      3.25890518	      3.88134633	     25.56499469	      7.77490721	     -5.81011943	     -0.89445817	      0.58478029	     -0.60267886	     -4.88888611	      1.02053939	     51.65551166	     -2.09335948	      3.68970107	    -39.58390498	     -0.04968973	    -56.99328218	     -0.05023014	    -71.16510128	    -88.65849042	     23.00504550	     22.80021050	     -0.03263098	     -0.03468812
      0.83500000	     24.77219899	    -10.84323618	      2.28588163	     -0.65010903	     14.90858437	      9.17026950	     -7.76777375	     -1.51268795	      0.57072861	      1.81943463	     -4.85876927	      1.10443217	     54.19491545	     -2.04457322	      3.69033757	    -41.38901155	     -0.04881527	    -61.86644833	     -0.04823564	    -72.73826680	    -90.76992189	     23.36557513	     23.32280331	     -0.03314830	     -0.03492389
      0.84000000	     26.24231859	    -12.56511353	      1.19670317	     -6.09990126	      6.75418225	     10.43957407	    -10.04066217	     -3.08164555	      0.79776111	      3.83049369	     -5.50677871	      1.36186522	     56.59508115	     -1.98314824	      3.62716617	    -42.74512924	     -0.04795349	    -66.80650460	     -0.04629310	    -73.86367898	    -92.97948412	     23.25288974	     23.57181382	     -0.03373029	     -0.03525280
      0.84500000	     26.89402275	    -13.11804330	      0.54492889	    -12.07747451	     -5.88193343	     11.42763127	    -11.56462054	     -3.59298715	      0.75087163	      4.24333988	     -6.10724033	      1.59815188	     58.85104999	     -1.90314828	      3.50871923	    -44.67400630	     -0.04711450	    -71.10956383	     -0.04447030	    -75.59512458	    -95.54211537	     23.69786995	     23.92000355	     -0.03433346	     -0.03566183
      0.85000000	     26.46582550	    -13.58439228	      0.00004593	    -18.63222635	    -15.40547496	     11.91601077	    -12.94824243	     -4.33412477	      0.77218580	      3.87624095	     -6.98088947	      1.90734677	     60.95967279	     -1.79851040	      3.34686070	    -46.45059797	     -0.04630890	    -75.02701312	     -0.04282973	    -77.18810928	    -97.89174636	     23.85964347	     24.29120455	     -0.03491362	     -0.03613548
      0.85500000	     26.52574547	    -12.34106189	     -0.18506130	    -23.89855034	    -25.37128341	     11.42581396	    -13.19591399	     -4.22615892	      0.57534339	      2.91739016	     -8.44698726	      2.38378732	     62.91840989	     -1.66357483	      3.15570975	    -48.83481237	     -0.04554878	    -78.55990775	     -0.04142672	    -79.00678773	   -100.31784928	     24.41434010	     24.64577929	     -0.03542827	     -0.03665551
      0.86000000	     28.44303398	    -11.69706373	     -0.14350773	    -26.25047408	    -32.20437875	     10.91873402	    -11.86671124	     -4.76047674	      0.60953977	      2.41337380	    -10.09096430	      2.91963720	     64.72408077	     -1.49369405	      2.95036272	    -51.78897013	     -0.04484852	    -82.21874418	     -0.04030784	    -80.39854284	   -102.69243780	     24.46243807	     25.04945840	     -0.03583898	     -0.03720105
      0.86500000	     32.33266990	    -10.00307547	      0.01901770	    -25.83892323	    -42.36276238	     10.25939390	     -9.60393821	     -4.65178651	      0.48031893	      2.71846295	    -11.93221467	      3.52430390	     66.37172389	     -1.28585001	      2.74553251	    -55.31556434	     -0.04422527	    -86.37512241	     -0.03950973	    -82.20913225	   -105.12976950	     24.95991813	     25.50419158	     -0.03611378	     -0.03774886
      0.87000000	     37.15246170	     -7.86824638	      0.26075570	    -23.28650300	    -47.53110841	      8.18935121	     -6.47326137	     -4.44677089	      0.35400663	      3.38237031	    -14.21101409	      4.26694397	     67.85373203	     -1.03918621	      2.55424220	    -58.63598750	     -0.04369889	    -90.60003563	     -0.03905603	    -83.44850568	   -107.49454052	     25.08024346	     25.88305981	     -0.03622906	     -0.03827403
      0.87500000	     41.07850814	     -5.93806309	      0.51707952	    -20.79105796	    -51.21190951	      6.91634759	     -3.54776615	     -4.53606403	      0.30901979	      3.61372960	    -16.50596036	      5.01219287	     69.15940704	     -0.75537581	      2.38670433	    -61.69907262	     -0.04328995	    -94.24912265	     -0.03895272	    -84.50451356	   -110.01125253	     25.22760157	     26.17300511	     -0.03617106	     -0.03875059
      0.88000000	     45.10683864	     -2.96616739	      0.77742693	    -17.90207891	    -57.88566277	      4.90816059	     -0.65073253	     -3.95132064	      0.07600137	      3.91348549	    -18.84696624	      5.78577699	     70.27502444	     -0.43879466	      2.24948922	    -64.80844834	     -0.04301415	    -97.90733322	     -0.03920786	    -85.85246583	   -112.43360062	     25.71593881	     26.69733795	     -0.03593653	     -0.03915285
      0.88500000	     48.23073944	     -0.82382478	      0.95075049	    -15.25872926	    -63.03350238	      3.39062429	      1.83606399	     -3.81844635	     -0.02626594	      3.98509972	    -20.89699149	      6.46668779	     71.18439125	     -0.09651778	      2.14505003	    -67.36997607	     -0.04289845	   -101.17368560	     -0.03981979	    -86.86816169	   -114.93702077	     25.97152922	     27.26172581	     -0.03553287	     -0.03945658
      0.89000000	     48.31885302	      1.31757296	      1.29752141	    -15.27307260	    -68.82150740	      2.51784935	      3.43180063	     -3.72663934	     -0.12829405	      2.21745107	    -22.71825278	      7.05518683	     71.86977188	      0.26182232	      2.07163318	    -69.41050818	     -0.04296926	   -103.03789296	     -0.04077552	    -88.24898881	   -117.32234810	     26.29493683	     27.74213796	     -0.03497760	     -0.03964034
      0.89500000	     45.91903858	      3.55979892	      1.64045019	    -17.66741502	    -74.02631620	      2.32943451	      3.88091407	     -3.04230865	     -0.41923087	     -0.53915939	    -23.78247310	      7.39373650	     72.31301737	      0.62429875	      2.02355663	    -70.73146775	     -0.04324816	   -103.88872609	     -0.04205116	    -89.81865272	   -119.25080121	     26.86929781	     28.10017673	     -0.03429715	     -0.03968682
      0.90000000	     43.16143715	      3.92582635	      1.96041123	    -19.46261991	    -76.38298564	      3.81406578	      4.23045705	     -3.22378222	     -0.44689712	     -3.27469706	    -24.00775977	      7.44321868	     72.49674787	      0.97710133	      1.99179973	    -71.62687884	     -0.04374961	   -104.00611199	     -0.04361260	    -91.08895632	   -121.08450332	     27.07925222	     28.43347258	     -0.03352528	     -0.03958410
      0.90500000	     42.02574986	      3.57021811	      2.17885311	    -18.73297250	    -77.97215340	      5.93767760	      4.95627470	     -2.99804818	     -0.56447947	     -4.76415737	    -23.16599323	      7.14729246	     72.40546373	      1.30514812	      1.96483494	    -72.36824706	     -0.04447906	   -104.14452392	     -0.04541667	    -92.25691737	   -122.69551519	     27.46838514	     28.91707365	     -0.03270107	     -0.03932673
      0.91000000	     42.34598358	      1.72327260	      2.28762764	    -15.72147539	    -79.59384401	     10.13052967	      5.93877638	     -3.52173616	     -0.44330288	     -5.07521843	    -21.58284488	      6.60083001	     72.02649611	      1.59294158	      1.92963484	    -73.20286733	     -0.04543141	   -104.07568569	     -0.04741249	    -93.44234065	   -123.99585603	     27.70206153	     29.19246549	     -0.03186674	     -0.03891653
      0.91500000	     41.22487284	     -0.88068226	      2.28954699	    -13.49313731	    -81.55943068	     14.72048051	      6.06830817	     -4.08684500	     -0.31613375	     -5.78883357	    -19.31077016	      5.81501026	     71.35075334	      1.82566657	      1.87278242	    -73.26176378	     -0.04659024	   -103.14300064	     -0.04954310	    -94.79129050	   -125.23773606	     28.03912476	     29.65051029	     -0.03106543	     -0.03836304
      0.92000000	     38.83696807	     -2.99800112	      2.24550365	    -12.41464377	    -81.19815934	     19.29410639	      5.55104621	     -4.11108008	     -0.34923427	     -6.76487441	    -16.72753267	      4.92107202	     70.37325104	      1.99045577	      1.78159850	    -72.78607222	     -0.04792770	   -101.25349404	     -0.05174728	    -96.07574675	   -125.67380491	     28.53601466	     29.78176990	     -0.03033917	     -0.03768360
      0.92500000	     35.83024082	     -4.56848574	      2.20769121	    -11.10133173	    -78.27071737	     22.55641287	      5.02162367	     -4.17188678	     -0.36070808	     -8.07655159	    -14.71103245	      4.17731780	     69.09342533	      2.07767567	      1.64519112	    -71.80926991	     -0.04940517	    -98.39697269	     -0.05396144	    -97.05097821	   -125.95762360	     28.88134255	     29.71539221	     -0.02972721	     -0.03690299
      0.93000000	     35.08987221	     -7.18242010	      2.07964794	     -6.56181808	    -72.49080363	     25.69367714	      5.40893268	     -4.25192255	     -0.32874070	     -7.96618711	    -11.89457536	      3.19619235	     67.51523845	      2.08204338	      1.45533381	    -70.66464102	     -0.05097766	    -95.58832629	     -0.05612504	    -97.66533402	   -125.81212284	     29.16347173	     29.95503217	     -0.02926477	     -0.03605269
      0.93500000	     35.67082390	     -8.59781231	      1.83379360	     -0.13241222	    -65.68318159	     27.39304988	      6.25930581	     -4.32962931	     -0.27884686	     -6.94423586	    -10.08579585	      2.51682753	     65.64710353	      2.00339288	      1.20709150	    -69.54933853	     -0.05260595	    -92.52270444	     -0.05819087	    -97.94211025	   -125.32189757	     29.35165867	     29.83489848	     -0.02898217	     -0.03516963
      0.94000000	     35.68431552	     -9.70814964	      1.42449529	      5.95363519	    -56.05864089	     27.52895743	      6.78736418	     -4.60718697	     -0.17574316	     -5.84105593	     -8.82056621	      1.99261341	     63.50165998	      1.84697037	      0.89914573	    -67.75869306	     -0.05423800	    -88.96957224	     -0.06010574	    -97.66081375	   -124.43249356	     29.28596804	     29.73358473	     -0.02890418	     -0.03429464
      0.94500000	     33.90501497	    -10.24149545	      0.93378151	     10.24822784	    -43.73721252	     26.50225457	      6.50439862	     -5.01605135	     -0.04793554	     -5.29797575	     -8.26120550	      1.66641194	     61.09542297	      1.62322015	      0.53382241	    -65.02142220	     -0.05581717	    -84.70864034	     -0.06181891	    -97.04091361	   -122.97908014	     29.16203055	     29.44240777	     -0.02904976	     -0.03347086
      0.95000000	     31.76527650	    -10.69301482	      0.41640165	     14.00700807	    -29.86618376	     24.50348110	      6.24135458	     -5.70964925	      0.15729466	     -4.87895450	     -8.10670604	      1.45112218	     58.44832682	      1.34709591	      0.11686721	    -61.97385556	     -0.05728548	    -80.03819449	     -0.06328408	    -95.86392900	   -121.05851342	     28.66003228	     29.07160931	     -0.02943173	     -0.03274193
      0.95500000	     29.78008082	    -10.12377391	     -0.08120374	     17.44130502	    -17.86261620	     21.67280850	      6.03387139	     -6.13762527	      0.29614215	     -4.33131678	     -8.52979162	      1.39198456	     55.58318215	      1.03699641	     -0.34296925	    -58.90305801	     -0.05858584	    -75.26181842	     -0.06446023	    -94.57066174	   -118.61837102	     28.32523460	     28.60053437	     -0.03005653	     -0.03215017
      0.96000000	     27.46729372	     -9.09591743	     -0.63187716	     20.59804719	     -2.72182231	     18.78055062	      5.64558950	     -6.25561870	      0.35575765	     -3.62605959	     -9.07239790	      1.37864560	     52.52506224	      0.71347331	     -0.83447570	    -55.36123235	     -0.05966418	    -70.13509002	     -0.06531237	    -92.75177307	   -115.68897839	     27.90045748	     27.67482825	     -0.03092405	     -0.03173493
      0.96500000	     25.64692974	     -8.59259898	     -1.07323185	     23.51089585	     10.24095435	     15.34834113	      5.80795703	     -6.67253655	      0.50855410	     -2.99329904	     -9.62582513	      1.36409818	     49.30062891	      0.39785887	     -1.34460084	    -51.87206272	     -0.06047147	    -65.25604227	     -0.06581216	    -90.46164174	   -112.48188755	     27.16855548	     26.98086152	     -0.03202748	     -0.03153091
      0.97000000	     23.49486125	     -8.62547501	     -1.36863008	     25.04226725	     23.50420849	     12.29891928	      6.25582835	     -7.39155115	      0.74033003	     -2.77896844	    -10.11082261	      1.34372740	     45.93741435	      0.11092150	     -1.85911056	    -48.39294485	     -0.06096542	    -60.36296334	     -0.06593839	    -87.47168061	   -108.65807993	     26.06426562	     26.05891212	     -0.03335344	     -0.03156672
      0.97500000	     20.56943577	     -8.16595776	     -1.57743497	     25.27272437	     35.08060997	      8.74759809	      6.57874537	     -7.48773577	      0.82098262	     -3.15425390	    -10.46025931	      1.29801571	     42.46308935	     -0.12836675	     -2.36325342	    -44.75872368	     -0.06111196	    -55.22294759	     -0.06567733	    -84.14357406	   -104.82584409	     25.04664082	     25.28175037	     -0.03488214	     -0.03186351
      0.98000000	     18.27036471	     -7.39742839	     -1.72492926	     25.10554582	     45.63280240	      5.55744645	      7.16522991	     -7.35083889	      0.85751972	     -3.15211189	    -10.75164310	      1.26532145	     38.90476369	     -0.30387320	     -2.84239898	    -41.36359408	     -0.06088629	    -50.50006938	     -0.06502292	    -80.46202147	   -100.27486237	     23.89554705	     24.21103093	     -0.03658773	     -0.03243373
      0.98500000	     15.73365867	     -6.47456578	     -1.87684570	     24.38676458	     55.51486025	      3.08897190	      7.47115259	     -7.44796595	      0.95080586	     -3.07495111	    -11.28627138	      1.32288025	     35.28837992	     -0.40310866	     -3.28260567	    -37.86132915	     -0.06027354	    -45.85392707	     -0.06397679	    -76.66722365	    -95.43933916	     22.61916588	     22.82582103	     -0.03843870	     -0.03328018
      0.99000000	     14.00736421	     -5.77293005	     -2.11252111	     23.83995296	     65.66353081	      0.58195522	      7.90251265	     -7.14464429	      0.96135285	     -2.29081360	    -11.26695588	      1.26814280	     31.63828563	     -0.41776981	     -3.67109311	    -34.38731560	     -0.05926909	    -41.82464890	     -0.06254814	    -72.23471944	    -90.33396902	     21.26233094	     21.68221593	     -0.04039828	     -0.03439531
      0.99500000	     13.17886197	     -5.63506957	     -2.30424567	     23.66384165	     72.75933808	     -0.97961558	      8.69723816	     -6.72203826	      0.96048339	     -1.16791040	    -10.55450460	      1.09054727	     27.97707052	     -0.34399704	     -3.99662496	    -31.33540068	     -0.05787849	    -38.22089966	     -0.06075337	    -67.61122197	    -85.20914155	     19.76352563	     20.61369031	     -0.04242480	     -0.03576076
      1.00000000	     11.81927311	     -4.30036337	     -2.50242063	     22.42579098	     78.27570092	     -2.39527972	      8.91048509	     -5.78548583	      0.85107599	     -0.01489259	    -10.21659261	      1.03504625	     24.32569930	     -0.18234151	     -4.24982262	    -28.23511678	     -0.05611695	    -34.83076716	     -0.05861566	    -63.00004503	    -79.77861897	     18.51387481	     19.20524509	     -0.04447208	     -0.03734738
      1.00500000	     10.76937611	     -4.04108442	     -2.80633766	     21.32086224	     84.19142903	     -3.09035127	      8.94116114	     -5.15288343	      0.81484745	      1.63677531	     -9.26920223	      0.87452369	     20.70390364	      0.06252141	     -4.42343815	    -25.03622372	     -0.05399063	    -32.00059277	     -0.05616422	    -58.01088105	    -74.26061782	     16.97321797	     17.93886431	     -0.04649084	     -0.03911556
      1.01000000	      9.65560970	     -3.43022941	     -2.93266344	     19.82341976	     88.25590574	     -3.28355874	      9.18545449	     -4.05705790	      0.69680854	      2.91194786	     -7.96192167	      0.67226845	     17.13075473	      0.38226474	     -4.51261350	    -22.33665856	     -0.05148028	    -29.10513078	     -0.05343353	    -53.03490354	    -68.62301421	     15.50917022	     16.64925079	     -0.04842851	     -0.04101604
      1.01500000	      8.11636678	     -2.46128550	     -3.01765277	     17.53470903	     90.15815803	     -3.21162929	      9.01230908	     -3.22345202	      0.63340479	      4.07862710	     -7.16659541	      0.60088412	     13.62528848	      0.76548373	     -4.51511580	    -19.67543113	     -0.04866113	    -26.59020382	     -0.05041722	    -48.18551793	    -62.77959628	     14.04930835	     15.06921017	     -0.05022668	     -0.04299287
      1.02000000	      6.74462078	     -2.84581744	     -3.12444027	     15.61942611	     89.96569559	     -2.23365816	      8.80440279	     -2.83055205	      0.65709485	      5.26149709	     -5.60770576	      0.39525574	     10.20701512	      1.19827769	     -4.43148805	    -17.17527173	     -0.04559225	    -24.33064157	     -0.04717924	    -43.37727918	    -57.27791162	     12.45337867	     13.90171417	     -0.05182762	     -0.04497987
      1.02500000	      4.82267423	     -1.64173989	     -3.07376498	     12.90208602	     87.62261400	     -2.12537739	      8.45867656	     -1.16688762	      0.44947420	      5.90064937	     -4.16267300	      0.23645002	      6.89617400	      1.66477440	     -4.26504356	    -14.92329130	     -0.04233557	    -22.06771515	     -0.04377450	    -38.64667477	    -51.82578309	     11.33991108	     12.65652270	     -0.05317354	     -0.04690800
      1.03000000	      2.04619333	     -1.27382280	     -3.16734086	      9.83808928	     86.28059096	     -1.56705397	      7.31407747	     -0.24224243	      0.37676258	      6.50089571	     -2.72452107	      0.09761121	      3.71365982	      2.14757849	     -4.02165102	    -12.30572176	     -0.03895386	    -19.98163147	     -0.04025733	    -34.01813355	    -46.49148831	      9.99998054	     11.41452987	     -0.05420823	     -0.04870613
      1.03500000	     -0.03083664	     -2.50815204	     -3.16496761	      7.89588818	     87.08796440	     -0.33506588	      6.96936437	     -0.00955599	      0.42439645	      6.96944322	     -0.69283761	     -0.13333504	      0.68061038	      2.62815988	     -3.70929410	    -10.23637869	     -0.03550889	    -17.98149948	     -0.03668119	    -28.99806733	    -41.36283427	      8.22998069	     10.31773778	     -0.05487892	     -0.05030350
      1.04000000	     -2.00445115	     -2.32329849	     -2.82834154	      6.48532406	     89.40092674	      0.00760770	      7.35238202	      0.42332538	      0.43103085	      6.75164632	      0.16898217	     -0.13689447	     -2.18225669	      3.08723610	     -3.33745856	     -8.71922522	     -0.03205977	    -15.78825890	     -0.03309757	    -23.99380767	    -36.29360146	      6.80139825	      8.83839072	     -0.05513828	     -0.05163232
      1.04500000	     -4.52517833	     -3.51808058	     -2.56347875	      5.01877760	     93.02180176	      0.83368365	      7.45130532	      0.58607994	      0.47295749	      6.23943422	      1.91020442	     -0.29193748	     -4.85537716	      3.50523729	     -2.91646717	     -7.11967757	     -0.02866147	    -13.57084938	     -0.02955507	    -19.10740184	    -31.46444836	      5.28121728	      7.74392686	     -0.05494663	     -0.05263028
      1.05000000	     -5.97832817	     -4.20279474	     -2.34436358	      5.08933765	     96.68603225	      1.17522559	      7.69450972	      1.06356931	      0.45858594	      6.39730889	      3.52794989	     -0.42775493	     -7.32095549	      3.86293582	     -2.45689273	     -5.80486008	     -0.02536355	    -11.78970334	     -0.02609856	    -14.55631996	    -26.75753995	      4.03545968	      6.74435642	     -0.05427425	     -0.05324278
      1.05500000	     -7.98488673	     -3.83601011	     -2.11247762	      5.41127958	    104.52065181	      0.91042455	      7.48838709	      1.62561385	      0.42381985	      6.52022630	      4.41170824	     -0.44304590	     -9.56333134	      4.14227455	     -1.96914620	     -4.30653766	     -0.02220914	     -9.92235123	     -0.02276846	    -10.47334608	    -21.83432828	      2.87437365	      5.33910019	     -0.05310379	     -0.05342492
      1.06000000	     -9.00931591	     -3.30468960	     -1.71426329	      6.86931187	    109.62763015	      0.67665657	      7.83309712	      2.49365369	      0.36263689	      6.65566619	      5.48420630	     -0.49846410	    -11.56905295	      4.32736567	     -1.46328342	     -3.42701107	     -0.01923411	     -8.16081862	     -0.01960014	     -6.94677799	    -17.24423297	      2.15076155	      4.26010457	     -0.05143274	     -0.05314330
      1.06500000	    -10.41074398	     -3.07138662	     -1.58155564	      8.15000053	    113.22269588	      0.02433040	      7.28451504	      3.11744468	      0.29451775	      7.04629224	      6.56059443	     -0.57310704	    -13.32673124	      4.40555747	     -0.94899667	     -2.21923079	     -0.01646669	     -6.75307042	     -0.01662347	     -3.99903917	    -12.95007505	      1.19265976	      3.28740636	     -0.04927590	     -0.05237756
      1.07000000	    -11.54994510	     -2.00494439	     -1.25221338	      9.59746580	    111.23433793	     -0.68438117	      6.76284886	      4.20081780	      0.23045619	      7.11284810	      7.42387291	     -0.61044294	    -14.82684406	      4.36840495	     -0.43568753	     -1.46223953	     -0.01392725	     -5.24702466	     -0.01386242	     -1.85656600	     -9.25310453	      0.80855169	      2.50512557	     -0.04666767	     -0.05112190
      1.07500000	    -12.97714704	     -0.12329374	     -0.99313483	     10.66655499	    106.01158778	     -2.02523609	      5.34398845	      6.19266913	      0.08842083	      7.39500794	      8.47908787	     -0.69501215	    -16.06165985	      4.21238171	      0.06748821	     -0.36668646	     -0.01162847	     -4.03074198	     -0.01133498	     -0.55596183	     -5.84247956	      0.74406212	      1.81546888	     -0.04366392	     -0.04938650
      1.08000000	    -21.22818516	      1.30506936	     -2.32170148	      4.69005486	     93.81836322	     -2.98580181	     -2.34887672	      7.39425408	     -0.28828820	      6.99108076	      9.50085404	     -0.76271405	    -17.02537186	      3.93922532	      0.55167070	      3.83266238	     -0.00957586	     -2.62184958	     -0.00905312	     -0.67053659	     -3.34559345	      0.42689996	      1.27656830	     -0.04034298	     -0.04719894
      1.08500000	    -23.61474844	      1.69188183	     -2.13504499	      4.22536872	     74.68454258	     -2.36674914	     -4.03410130	      9.04136303	     -0.51340979	      5.37231328	     11.49862826	     -0.85065749	    -17.71444441	      3.55587189	      1.00845927	      4.55391712	     -0.00777012	     -0.75861539	     -0.00702300	     -1.07121761	     -1.65039967	      0.81291455	      1.21191111	     -0.03680548	     -0.04460553
      1.09000000	    -23.61508979	     -0.56449370	     -2.76981764	      4.68529438	     56.33839215	     -1.73654879	     -5.00747690	      8.87079222	     -0.51060383	      5.18270657	     13.77390254	     -0.47213739	    -18.12809685	      3.07399343	      1.43015542	      4.86514936	     -0.00620709	     -0.39286033	     -0.00524543	     -0.99794646	      0.35813835	      0.43962637	      1.99537622	     -0.03317219	     -0.04167208
      1.09500000	    -27.40416881	     -1.82643159	     -1.58664815	      1.87946004	     34.53247250	     -0.76585411	     -6.11772381	      9.56066976	     -0.62803195	      1.06789303	     15.05598359	     -1.17051532	    -18.26880583	      2.50919166	      1.81001339	      5.28861825	     -0.00487031	      2.07681805	     -0.00371651	     -1.13138837	      0.49540932	      0.53956844	      1.29005224	     -0.02957941	     -0.03848395
      1.10000000	    -30.63930774	     -4.09040300	     -0.36855028	     -0.86651289	     12.25488753	     -0.33330351	     -6.69778618	     10.00814730	     -0.72527350	     -3.31911593	     16.60590716	     -1.97550740	    -18.14270565	      1.87991099	      2.14242802	      5.52267640	     -0.00374657	      4.45781878	     -0.00242847	     -1.21584141	      0.00835793	      0.66072844	      1.40398259	     -0.02617359	     -0.03514469
      1.10500000	    -29.56687105	     -5.66024135	     -0.48238430	      0.32595458	     -4.71535746	     -0.28013935	     -7.54395690	      9.49567334	     -0.71885195	     -3.33397399	     16.84366311	     -1.93501094	    -17.75980405	      1.20613304	      2.42302060	      5.88354483	     -0.00282167	      4.45944100	     -0.00137068	     -1.24555981	      0.09053947	      0.49624596	      1.30581171	     -0.02310284	     -0.03177296
      1.11000000	    -29.15375771	     -6.84681784	     -0.39536619	      0.54085509	    -17.84216616	     -0.58891772	     -8.37863207	      9.30081879	     -0.76279215	     -3.96531744	     16.94336856	     -1.98300969	    -17.13397551	      0.50793713	      2.64861361	      6.37866358	     -0.00208178	      4.79767098	     -0.00053086	     -1.35948522	      0.05371630	      0.46909181	      1.28289394	     -0.02050764	     -0.02849741
      1.11500000	    -29.06510128	     -7.61454383	     -0.01990422	     -0.23064524	    -29.28032415	     -1.06354308	     -8.89218199	      9.37076574	     -0.85180862	     -5.30714466	     16.83949441	     -2.11948914	    -16.28272637	     -0.19595074	      2.81710796	      6.68300636	     -0.00151464	      5.47111847	      0.00010374	     -1.49920983	     -0.17968368	      0.69540935	      1.42571898	     -0.01851112	     -0.02544979
      1.12000000	    -28.01508019	     -8.89037590	      0.00901727	     -0.60945811	    -35.87956319	     -0.66119587	     -9.36565909	      8.64267479	     -0.86002387	     -5.64909402	     16.56531524	     -2.09764422	    -15.22674853	     -0.88946834	      2.92729191	      6.89217919	     -0.00111051	      5.67845457	      0.00054511	     -1.49171723	     -0.18669746	      0.59949203	      1.43164302	     -0.01720998	     -0.02275669
      1.12500000	    -27.19102530	     -9.36339201	      0.33491559	     -1.59106939	    -38.50982820	     -0.46229726	     -9.42594925	      8.02173437	     -0.89335812	     -6.53328190	     15.64398312	     -2.06141139	    -13.98929388	     -1.56023138	      2.97861675	      6.95385560	     -0.00086299	      6.18608562	      0.00080317	     -1.51945901	     -0.19175703	      0.73625275	      1.30807963	     -0.01666682	     -0.02053101
      1.13000000	    -26.41141635	    -10.06244985	      0.55874595	     -3.03638271	    -37.48248445	     -0.29570547	     -9.51660415	      7.22577673	     -0.91039008	     -7.31425421	     14.72480764	     -2.02561673	    -12.59540573	     -2.20012409	      2.97097100	      7.10713137	     -0.00076949	      6.61785283	      0.00088547	     -1.47107992	     -0.24962371	      0.73216317	      1.30848520	     -0.01690478	     -0.01886398
      1.13500000	    -25.93424331	    -11.44793707	      0.66716697	     -5.30652340	    -33.21580831	      1.09387792	     -9.73888234	      5.76881682	     -0.87106804	     -8.10952682	     13.92361725	     -2.02732937	    -11.07104433	     -2.80539741	      2.90448677	      7.23083647	     -0.00083146	      7.12971957	      0.00079608	     -1.40931348	     -0.23153159	      0.60904467	      1.23885836	     -0.01790492	     -0.01781879
      1.14000000	    -24.78545816	    -12.54772956	      0.69774284	     -7.20503018	    -26.53298414	      1.47685780	     -9.61941281	      4.45721166	     -0.84271870	     -8.53199773	     12.87843388	     -1.94881564	     -9.44214220	     -3.37627820	      2.77941432	      7.28813435	     -0.00105441	      7.32728350	      0.00053482	     -1.27462679	     -0.35487377	      0.40639519	      1.43395281	     -0.01960696	     -0.01742646
      1.14500000	    -24.32829468	    -12.70104820	      0.92889936	     -9.85071196	    -15.93259345	      2.42493737	     -9.58665349	      3.39065872	     -0.85540051	     -9.32381587	     11.41115927	     -1.87205083	     -7.73361504	     -3.91615745	      2.59609163	      7.40746368	     -0.00144751	      7.86513575	      0.00009766	     -1.45995595	     -0.27444617	      0.66790350	      1.23705137	     -0.02191325	     -0.01768411
      1.15000000	    -23.65161284	    -13.70620173	      0.89247889	    -12.54628819	     -2.56161888	      3.32713354	     -9.55636906	      1.93450228	     -0.80789395	     -9.71390215	     10.32456412	     -1.82056577	     -5.96834424	     -4.43047322	      2.35501788	      7.50462555	     -0.00202313	      8.17182736	     -0.00052290	     -1.48153873	     -0.26372482	      0.44547639	      1.25641806	     -0.02469595	     -0.01855583
      1.15500000	    -23.82321260	     -9.41758039	      1.28313545	    -16.09214014	      0.31107306	      1.71689933	    -11.11275959	      4.13366739	     -1.06901992	    -10.03678748	      8.87884373	     -1.72121003	     -4.16614985	     -4.92543664	      2.05702619	      8.25661189	     -0.00279597	      8.48621327	     -0.00133724	     -3.90027750	     -0.18958648	      1.39081103	      1.14642559	     -0.02780676	     -0.01997602
      1.16000000	    -25.46195923	     -4.02328142	      1.35145792	    -21.39031701	      1.68323269	     -1.25197966	    -14.39453956	      8.39017680	     -1.51048460	    -10.04454317	      8.58703605	     -1.79816160	     -2.34278350	     -5.40676105	      1.70353914	      9.86626403	     -0.00378215	      8.60408972	     -0.00235774	     -6.73909446	     -0.31933238	      2.74625551	      1.50363648	     -0.03108815	     -0.02185489
      1.16500000	    -21.92767583	     -0.55780087	      1.03550068	    -21.54096181	    -20.10478716	     -3.45860658	    -14.23442029	     12.21673798	     -2.06914527	    -10.05521244	      8.24312933	     -1.24803393	     -0.50899718	     -5.87855357	      1.29688575	      9.26968698	     -0.00499808	      7.94797337	     -0.00359760	     -9.35641265	     -3.89281672	      4.22710811	      1.89497408	     -0.03438498	     -0.02408573
      1.17000000	     -9.65621133	     -9.74310327	     -0.98466660	    -13.91273036	    -63.84403927	      1.18054417	    -14.23809153	     12.55672859	     -2.17926780	     -2.80854069	     14.03300177	     -2.25118733	      1.33019134	     -6.34252334	      0.84065734	      8.82906005	     -0.00645934	      1.85796385	     -0.00506963	    -11.64134454	     -9.49915673	      4.65499339	      4.03433542	     -0.03755483	     -0.02655306
      1.17500000	      2.20834215	     -9.36015520	     -1.92154160	     -4.43873002	    -60.57334651	      1.14037525	    -12.72627531	     10.99846112	     -2.14611748	      5.28496721	     11.50233334	     -1.94898131	      3.17584647	     -6.79761037	      0.34005259	      7.63282926	     -0.00817957	     -2.75718529	     -0.00678513	    -13.43220111	    -10.73986883	      5.16307458	      4.32353338	     -0.04047620	     -0.02914085
      1.18000000	     11.98668518	     -9.31934310	     -2.82850737	      2.61550514	    -75.18029733	     -1.48511977	    -11.83351902	      9.25957088	     -2.05909935	     11.02661271	      7.80530466	     -1.57407221	      5.03489030	     -7.24003333	     -0.19788011	      6.72790331	     -0.01016942	     -7.28856401	     -0.00875344	    -15.37274879	    -14.46681677	      5.49642014	      4.84671853	     -0.04305360	     -0.03173972
      1.18500000	     11.01924045	     -7.76648569	     -2.73334250	     -1.14900145	    -84.37483507	     -4.02486063	    -11.91722608	      9.35193590	     -2.15995019	      8.11561455	      5.22552744	     -1.30791186	      6.91922742	     -7.66367157	     -0.76419377	      6.23728060	     -0.01243561	     -6.92463710	     -0.01097853	    -18.09778206	    -17.89665572	      6.37338808	      5.28333832	     -0.04521947	     -0.03425224
      1.19000000	      3.37641785	     -7.89935248	     -2.08913251	    -10.98333081	    -80.18060942	     -4.75394573	    -11.46712550	     11.08154627	     -2.39603535	     -0.67389850	      6.19432230	     -1.43870236	      8.84430049	     -8.06066190	     -1.34824280	      5.66941788	     -0.01498010	     -2.89789540	     -0.01345976	    -20.69139275	    -20.88539276	      7.36226150	      6.09629266	     -0.04693354	     -0.03659651
      1.19500000	     -6.72223328	     -8.14222649	     -1.28636561	    -22.50816221	    -69.56008518	     -5.46450141	    -10.83909784	     11.52420703	     -2.48177866	    -11.53711653	      6.04329099	     -1.37996834	     10.82731695	     -8.42206431	     -1.93814875	      5.01954966	     -0.01779937	      2.32364912	     -0.01619075	    -23.13799518	    -23.99310572	      8.09720921	      6.64166578	     -0.04818036	     -0.03870792
      1.20000000	    -18.83300275	     -7.28931282	     -0.19030818	    -35.54598606	    -50.00339465	     -7.65412662	    -10.00719534	     11.48587143	     -2.50244100	    -23.94559005	      4.49446322	     -1.11968700	     12.88549559	     -8.73846898	     -2.52146266	      4.38279333	     -0.02088381	      8.32009096	     -0.01915874	    -25.33843661	    -26.63215256	      8.77074873	      7.06715739	     -0.04896594	     -0.04053960
      1.20500000	    -26.20183053	     -5.63204157	      0.88714468	    -43.15737280	    -27.06905552	    -10.97345750	     -7.87897416	     11.43172444	     -2.51395655	    -33.07522433	      2.15329012	     -0.76800874	     15.03464887	     -9.00051889	     -3.08584874	      3.00836470	     -0.02422001	     12.45444273	     -0.02234404	    -27.30718572	    -29.05609310	      9.40977127	      7.47160032	     -0.04931426	     -0.04206207
      1.21000000	    -23.67101790	     -6.05382672	      0.86529458	    -39.42277550	     -3.12777201	    -12.78611235	     -5.25487872	     11.08284021	     -2.44549569	    -33.48376380	      1.29754425	     -0.63842354	     17.28822768	     -9.19940137	     -3.61961106	      1.44776509	     -0.02778496	     11.91221488	     -0.02571957	    -29.20739145	    -31.54646041	      9.83791974	      8.06351030	     -0.04926358	     -0.04326225
      1.21500000	     -8.78267579	     -5.88327950	     -0.06932836	    -22.17057480	      9.07940357	    -13.58085061	     -1.99909931	     11.92107097	     -2.52893908	    -23.84975535	      1.20547444	     -0.58145947	     19.65675263	     -9.32734100	     -4.11198084	     -0.81560017	     -0.03154121	      5.77637530	     -0.02925038	    -32.11592858	    -34.52821349	     11.00077183	      8.63228444	     -0.04886244	     -0.04414193
      1.22000000	      8.57393759	     -5.69948478	     -1.44411967	     -2.32421863	      7.11414992	    -15.87175222	      0.37396769	     13.00938575	     -2.62454743	    -11.95451338	      1.12887392	     -0.58764385	     22.14746832	     -9.37808178	     -4.55317111	     -2.93948487	     -0.03544757	     -2.39373246	     -0.03289342	    -35.71485932	    -38.77627269	     11.98758922	      9.90752245	     -0.04816691	     -0.04471559
      1.22500000	     22.25319568	     -3.12761155	     -2.56868046	     14.28444416	     -2.07696681	    -19.03964890	      1.41724438	     15.57467184	     -2.93583083	     -2.69263756	      0.63212914	     -0.46043319	     24.76407494	     -9.34733717	     -4.93427127	     -4.66482732	     -0.03945487	     -9.42929770	     -0.03659754	    -40.36157716	    -43.88750059	     13.68335348	     11.08757658	     -0.04723699	     -0.04500773
      1.23000000	     31.51144885	     -2.49422302	     -3.79181941	     26.46779510	    -16.52328040	    -19.93257343	      1.08313244	     17.84033905	     -3.23577835	      3.48745146	      1.75157274	     -0.58036796	     27.50646671	     -9.23316409	     -5.24711459	     -5.93681248	     -0.04350635	    -15.21095869	     -0.04030389	    -45.59840202	    -49.72380278	     15.55258570	     12.78488280	     -0.04613344	     -0.04505006
      1.23500000	     34.61643980	     -4.31490775	     -4.95486718	     32.05345013	    -31.00977833	    -17.75747982	     -0.46522442	     18.97835397	     -3.41720945	      5.16078188	      4.20232564	     -0.90839718	     30.37049383	     -9.03617948	     -5.48425391	     -6.95090468	     -0.04753830	    -18.85722146	     -0.04394689	    -50.83135056	    -55.85167968	     17.14589344	     14.56821059	     -0.04491491	     -0.04487865
      1.24000000	     29.36391812	     -5.46485785	     -5.54346264	     29.07550114	    -46.75854204	    -15.40670879	     -3.70269875	     19.31481499	     -3.48991489	      0.62515863	      5.53511642	     -1.05221671	     33.34780548	     -8.75955680	     -5.63911092	     -7.31528014	     -0.05148106	    -19.53795065	     -0.04745564	    -56.76213599	    -62.25356400	     18.83785184	     16.30463815	     -0.04363565	     -0.04453171
      1.24500000	     21.47968325	     -5.89749051	     -5.58000339	     22.86556427	    -61.07928675	    -13.37588538	     -6.78323234	     18.56497168	     -3.39058521	     -6.44507891	      5.26520749	     -0.92448900	     36.42581229	     -8.40881362	     -5.70629474	     -8.12758418	     -0.05526041	    -19.28069162	     -0.05075597	    -62.49038961	    -68.38620093	     20.23062037	     17.74364019	     -0.04234382	     -0.04404774
      1.25000000	     14.55597454	     -4.94270195	     -5.53464568	     17.51296664	    -76.04767480	    -11.79129753	    -10.09331992	     18.52764798	     -3.42099595	    -12.47517774	      4.52755196	     -0.70860811	     39.58778027	     -7.99144697	     -5.68205251	     -9.01033284	     -0.05879922	    -19.90001726	     -0.05377282	    -68.29917559	    -74.40858552	     22.07989075	     19.08308987	     -0.04108058	     -0.04346434
      1.25500000	     10.52613581	     -5.69076914	     -5.97705798	     15.26429362	    -84.71695356	    -10.33171310	    -13.55187966	     17.16575198	     -3.18055182	    -15.31465040	      3.79941425	     -0.51600970	     42.81307658	     -7.51647737	     -5.56478511	     -9.63068198	     -0.06201961	    -22.50430055	     -0.05643322	    -73.12650741	    -80.18954127	     23.05811668	     20.63010801	     -0.03987968	     -0.04281724
      1.26000000	      9.60853361	     -5.30544065	     -6.17476844	     15.84612416	    -92.33648796	     -8.66228731	    -15.80509468	     16.45712279	     -3.06337363	    -16.42370940	      2.82243949	     -0.25235201	     46.07762488	     -6.99398189	     -5.35553314	    -11.19991117	     -0.06484540	    -26.05467135	     -0.05866931	    -77.54584258	    -85.70482784	     24.38047893	     21.91082864	     -0.03876760	     -0.04213955
      1.26500000	      8.69463895	     -5.02870304	     -5.95137819	     16.16874420	    -92.40112517	     -7.22037378	    -17.09606773	     15.53728636	     -2.86793008	    -18.03563362	      1.69831549	      0.03512712	     49.35465298	     -6.43471483	     -5.05834084	    -13.07181571	     -0.06720484	    -29.35829885	     -0.06042078	    -81.26894806	    -90.53939487	     25.43280528	     23.09080253	     -0.03776398	     -0.04146106
      1.27000000	      7.38912483	     -4.41535039	     -5.29412597	     15.39654287	    -85.71741483	     -5.43227764	    -17.62594710	     14.56179326	     -2.63942361	    -20.32159932	      0.34388417	      0.39384022	     52.61577070	     -5.84987337	     -4.68042896	    -15.33161591	     -0.06903352	    -32.18562724	     -0.06161771	    -84.35987227	    -94.46417362	     26.28793293	     23.77166625	     -0.03688215	     -0.04081044
      1.27500000	      5.05458008	     -4.91394101	     -4.50394039	     12.65447824	    -74.87735756	     -2.91546575	    -18.03970508	     13.63013814	     -2.42121456	    -23.34564484	      0.03255225	      0.50010144	     55.83230155	     -5.25098453	     -4.23212575	    -17.59346987	     -0.07027738	    -34.55689694	     -0.06231903	    -86.74577097	    -97.91824420	     26.99197416	     24.73641043	     -0.03612967	     -0.04020539
      1.28000000	      3.81277393	     -4.53384508	     -3.52769277	     10.63052925	    -55.49101692	     -0.04553126	    -17.82968021	     12.73183466	     -2.19309121	    -25.40756532	     -0.69835998	      0.72949074	     58.97668304	     -4.64983320	     -3.72653426	    -20.16856902	     -0.07089342	    -36.76954113	     -0.06252088	    -88.50644772	   -100.29458743	     27.44722810	     24.94658690	     -0.03550884	     -0.03966143
      1.28500000	      4.17732873	     -4.23779036	     -2.55362517	      9.52492242	    -34.83869204	      2.52915300	    -17.22050160	     11.75847499	     -1.95486142	    -26.21073390	     -1.49342710	      0.94159934	     62.02370631	     -4.05833253	     -3.17895998	    -22.79343190	     -0.07083856	    -39.61663954	     -0.06223480	    -89.86888669	   -102.22849722	     27.86401403	     25.24559718	     -0.03502015	     -0.03918879
      1.29000000	      6.89451402	     -3.48311627	     -1.77847406	      9.87005777	    -16.66580243	      5.06868654	    -16.54027750	     10.86816752	     -1.76184060	    -24.93293391	     -2.51872258	      1.19512989	     64.95139288	     -3.48824624	     -2.60614410	    -25.65947113	     -0.07020972	    -43.45560394	     -0.06148798	    -91.03096053	   -103.85747279	     28.35104475	     25.43809401	     -0.03465279	     -0.03879246
      1.29500000	     11.03214287	     -3.33145757	     -1.31498619	     11.19667250	      0.46936322	      7.80035593	    -16.09396090	      9.57997687	     -1.48513022	    -22.06131656	     -3.43301849	      1.41032441	     67.74138318	     -2.95071317	     -2.02534312	    -28.32977982	     -0.06903103	    -47.96048031	     -0.06032266	    -91.95799339	   -105.41756405	     28.54877671	     25.58609064	     -0.03439494	     -0.03847274
      1.30000000	     17.63487004	     -2.76366724	     -0.76144821	     13.93496344	     11.63216666	     10.09154787	    -14.67443935	      9.16899605	     -1.41307713	    -18.08886475	     -3.95126796	      1.50282143	     70.37880448	     -2.45558808	     -1.45330553	    -31.69734802	     -0.06734209	    -53.18023413	     -0.05879478	    -92.83624189	   -106.89010405	     29.00155709	     25.85479400	     -0.03423118	     -0.03822584
      1.30500000	     22.74042273	     -1.59693620	     -0.28923878	     14.39680108	     18.72035448	     11.74165614	    -14.16802446	      8.19956262	     -1.25247175	    -14.69730928	     -5.71942924	      1.90442191	     72.85166915	     -2.01066786	     -0.90521902	    -34.54099824	     -0.06519681	    -58.26027468	     -0.05697184	    -93.78953653	   -108.41408425	     29.34546415	     25.62209767	     -0.03414331	     -0.03804472
      1.31000000	     26.76576111	     -1.95689701	      0.15453533	     12.48133221	     16.61411399	     13.20229296	    -13.59323221	      7.58913611	     -1.20336420	    -12.72664033	     -6.13681907	      1.92467502	     75.14991853	     -1.62089772	     -0.39371283	    -37.62069823	     -0.06266163	    -63.03300199	     -0.05493025	    -94.43750434	   -110.74005710	     29.58011705	     26.20224373	     -0.03411136	     -0.03791995
      1.31500000	     30.02744830	     -2.79999653	      0.85891532	      9.18035727	     13.11673037	     14.81792734	    -12.37950623	      6.69270233	     -1.09418715	    -12.02396685	     -6.60110498	      1.94230380	     77.26427582	     -1.28765540	      0.07199149	    -40.90904445	     -0.05981332	    -67.13166295	     -0.05275223	    -94.86017452	   -112.87437786	     29.70255004	     26.63069877	     -0.03411470	     -0.03784055
      1.32000000	     33.28868316	     -3.23220794	      1.83706254	      5.56649281	      8.06676924	     16.25573435	    -10.33478144	      5.76637195	     -0.98043902	    -12.10051938	     -7.44003258	      2.04563835	     79.18510648	     -1.00821391	      0.48667822	    -44.75966266	     -0.05673656	    -70.50146880	     -0.05052259	    -95.14209654	   -114.80067740	     29.72975377	     26.78045972	     -0.03413327	     -0.03779486
      1.32500000	     37.76521434	     -3.33799724	      2.92916858	      3.21240150	      2.71030485	     16.58035178	     -7.29711346	      5.10357466	     -0.92163090	    -11.92611322	     -8.47107888	      2.18614348	     80.90150019	     -0.77548640	      0.84939680	    -48.90774492	     -0.05352129	    -73.86349239	     -0.04832563	    -95.06998817	   -116.50391636	     29.66588748	     26.97720431	     -0.03414890	     -0.03777119
      1.33000000	     42.48833303	     -3.77220307	      3.91129182	      1.15753538	     -7.49343796	     16.72448144	     -4.19093230	      4.78141108	     -0.96441101	    -11.72398280	     -8.90147632	      2.15558137	     82.40076530	     -0.57814218	      1.16333631	    -53.13575630	     -0.05025998	    -77.20968235	     -0.04624210	    -95.09989248	   -118.31735085	     29.69683674	     27.56532984	     -0.03414644	     -0.03775836
      1.33500000	     46.46371657	     -2.70078285	      4.90381460	     -1.18462810	    -15.40602670	     16.42458108	     -1.46216332	      4.23839365	     -0.97514499	    -11.58054091	    -10.67298644	      2.49637260	     83.66845581	     -0.40115090	      1.43531551	    -57.07739761	     -0.04704502	    -79.95925051	     -0.04434667	    -95.09655897	   -119.46322238	     29.63508686	     27.28633581	     -0.03411479	     -0.03774603
      1.34000000	     49.81850561	     -2.06782424	      5.58513121	     -3.82703987	    -27.53123860	     15.51889236	      0.65505535	      4.53683891	     -1.23533935	    -11.48014871	    -11.27387008	      2.51871422	     84.68894649	     -0.22677421	      1.67493552	    -60.58429795	     -0.04396613	    -82.70308698	     -0.04270573	    -94.99342982	   -120.91150015	     29.74632650	     27.76195403	     -0.03404764	     -0.03772490
      1.34500000	     52.28677270	     -1.05522754	      6.07869792	     -5.99248605	    -35.39051589	     14.20596642	      2.25597481	      4.75258759	     -1.49648459	    -11.33064482	    -12.21237656	      2.64112776	     85.44646588	     -0.03596696	      1.89348388	    -63.28424637	     -0.04110793	    -84.81824552	     -0.04137557	    -94.60258595	   -122.16036318	     29.58856987	     27.87847353	     -0.03394365	     -0.03768671
      1.35000000	     55.22447803	     -0.79860449	      6.33088987	     -6.51875174	    -42.79357546	     13.90023300	      3.75693880	      5.00939105	     -1.76999847	    -10.47673650	    -12.22741237	      2.51911091	     85.92642172	      0.18992760	      2.10270670	    -65.70004466	     -0.03854777	    -86.77282628	     -0.04040111	    -94.25884932	   -123.13822580	     29.55403606	     28.31938260	     -0.03380627	     -0.03762423
      1.35500000	     57.59928104	     -0.80598336	      6.48270843	     -6.40984476	    -48.93509720	     14.08315549	      5.12175903	      4.90236655	     -1.95242663	     -9.79347956	    -12.28661532	      2.42249042	     86.11681880	      0.46736583	      2.31357297	    -67.68449388	     -0.03635370	    -88.20860431	     -0.03981491	    -93.70385678	   -123.99619899	     29.25683134	     28.48655359	     -0.03364299	     -0.03753132
      1.36000000	     59.45298546	     -1.07774129	      6.65846225	     -5.78210629	    -52.50362054	     14.97338879	      6.66955411	      4.81644424	     -2.12397601	     -9.46989040	    -11.85499574	      2.20584448	     86.00956485	      0.80887693	      2.53514619	    -69.48027765	     -0.03457877	    -88.83290791	     -0.03963653	    -92.94465040	   -124.41584620	     28.97865866	     28.73520699	     -0.03346428	     -0.03740300
      1.36500000	     58.17268288	     -1.37600521	      6.70825988	     -7.03353512	    -54.14181524	     16.48918038	      6.73461268	      4.55950570	     -2.27456556	    -10.32462033	    -11.31638931	      1.97490944	     85.60148577	      1.22162500	      2.77366006	    -69.96534906	     -0.03326934	    -88.33959464	     -0.03987233	    -92.46753374	   -124.56080280	     28.74679894	     28.77913254	     -0.03328223	     -0.03723569
      1.37000000	     55.73147490	     -1.91486657	      6.64270120	     -8.20269003	    -52.02790771	     18.19997062	      6.44805167	      3.88480459	     -2.30614463	    -11.55679012	    -10.84724667	      1.77914529	     84.89491962	      1.70644013	      3.03187114	    -69.74427468	     -0.03246135	    -87.02619294	     -0.04051540	    -91.57287169	   -124.54951536	     28.33079022	     28.80792875	     -0.03310948	     -0.03702752
      1.37500000	     54.13143684	     -1.08378356	      6.66250148	     -7.22957534	    -50.94459717	     19.08968969	      6.46372653	      4.35597864	     -2.60622958	    -12.30525388	    -10.26742956	      1.57119253	     83.89781037	      2.25743908	      3.30873032	    -69.44036553	     -0.03217300	    -85.51497351	     -0.04154589	    -90.89942809	   -124.38548715	     28.30728419	     28.83859786	     -0.03295804	     -0.03677863
      1.38000000	     52.45078889	     -1.62205004	      6.35125190	     -5.03806301	    -46.90645090	     21.28625805	      5.95859447	      4.06745630	     -2.67999967	    -12.32970991	     -9.15175722	      1.23435598	     82.62328065	      2.86227940	      3.59938852	    -68.16945270	     -0.03240384	    -83.91578775	     -0.04293157	    -90.14755419	   -123.91184438	     28.16491183	     28.92316502	     -0.03283864	     -0.03649157
      1.38500000	     49.31915185	     -1.50750682	      6.23052185	     -3.63238146	    -43.98683026	     22.18170683	      5.49245710	      3.84399945	     -2.74622186	    -13.72087634	     -8.62362672	      1.07178343	     81.08872789	      3.50302916	      3.89553531	    -66.54573004	     -0.03313472	    -81.42350336	     -0.04462868	    -89.18472503	   -123.68183132	     27.89481147	     28.99358173	     -0.03276054	     -0.03617164
      1.39000000	     44.51489711	     -1.52132530	      5.96691694	     -3.19182654	    -40.63852264	     23.03653696	      4.01474707	      3.61501380	     -2.80917531	    -15.55601302	     -7.84075471	      0.84995070	     79.31454513	      4.15758554	      4.18604734	    -63.94976813	     -0.03433200	    -78.30019581	     -0.04658314	    -88.45772995	   -123.24897827	     27.66493548	     29.13748624	     -0.03273172	     -0.03582717
      1.39500000	     39.21252203	     -1.29963600	      5.81751882	     -2.58217895	    -33.57990409	     23.69446997	      2.73508913	      3.20927810	     -2.77880194	    -17.78637326	     -7.49550597	      0.76098046	     77.32261003	      4.80152077	      4.45788737	    -60.92514073	     -0.03595558	    -74.41875841	     -0.04873203	    -87.37588619	   -122.54885934	     27.35722110	     28.89635748	     -0.03275946	     -0.03546971
      1.40000000	     35.00040099	     -1.55573979	      5.32703736	     -0.56566555	    -27.37275165	     24.52188482	      1.12810301	      2.60862139	     -2.67512690	    -18.67286143	     -6.80563638	      0.58676427	     75.13471284	      5.41018493	      4.69716165	    -57.57637356	     -0.03794758	    -70.85850173	     -0.05100547	    -86.33077529	   -121.60329700	     27.02789670	     28.83350417	     -0.03285100	     -0.03511412
      1.40500000	     31.48868024	     -1.16897085	      4.76038115	      2.35509148	    -22.78774870	     24.83643336	     -0.67675391	      2.51813212	     -2.66905744	    -18.78175713	     -6.12023249	      0.42240581	     72.77109754	      5.96087643	      4.89022872	    -53.96955511	     -0.04023767	    -67.39983983	     -0.05332875	    -85.57464780	   -120.38603668	     27.03040022	     28.72684478	     -0.03301441	     -0.03477844
      1.41000000	     28.09594034	     -1.67753720	      4.16069064	      5.52832461	    -15.38604342	     24.53972486	     -1.98917577	      1.96503721	     -2.49575300	    -19.04813685	     -5.38561506	      0.25006155	     70.24927571	      6.43489157	      5.02475051	    -50.04929449	     -0.04274530	    -63.56740803	     -0.05562473	    -84.20550764	   -119.16832226	     26.57418859	     28.66131764	     -0.03325912	     -0.03448362
      1.41500000	     24.04469179	     -1.94800888	      3.60449126	      7.67197728	     -9.49555291	     24.75265470	     -3.71931803	      1.12777663	     -2.23212772	    -19.53569909	     -4.98756277	      0.17987265	     67.58324635	      6.81925497	      5.09059078	    -45.97111900	     -0.04538212	    -59.29318911	     -0.05781633	    -83.24932543	   -117.46230747	     26.31261230	     28.22852399	     -0.03359624	     -0.03425293
      1.42000000	     19.71401393	     -2.78514628	      2.96528699	      9.28260255	     -0.43495315	     24.17500505	     -5.36523061	     -0.02434052	     -1.86308422	    -20.09891923	     -4.49589761	      0.08169821	     64.78320891	      7.10793208	      5.08050590	    -41.58975493	     -0.04805475	    -54.60055941	     -0.05982910	    -81.83384395	   -115.50213527	     25.63738832	     27.93667115	     -0.03403839	     -0.03411126
      1.42500000	     16.29124794	     -3.44052401	      2.34385737	     11.40385345	      6.95635283	     23.76509366	     -6.75549956	     -0.36477680	     -1.66496579	    -20.09652343	     -3.34026960	     -0.16980751	     61.85579170	      7.30236163	      4.99061496	    -37.36290851	     -0.05066794	    -49.96852483	     -0.06159358	    -80.63409543	   -113.23598431	     25.43244808	     27.69215312	     -0.03459906	     -0.03408398
      1.43000000	     14.42581112	     -3.60514386	      1.65810665	     14.19128521	     17.14464210	     22.32755655	     -7.55406118	     -1.67699688	     -1.20451316	    -18.94061060	     -3.62099132	     -0.05960145	     58.80475442	      7.41120578	      4.82065443	    -33.39040560	     -0.05312781	    -45.86127612	     -0.06304744	    -78.87400254	   -110.13917076	     24.66591688	     26.90332794	     -0.03529151	     -0.03419565
      1.43500000	     13.35738907	     -4.05256777	      0.97127226	     17.20701751	     24.08493437	     20.53288419	     -7.91594142	     -2.51008432	     -0.83361236	    -17.54588820	     -3.35383604	     -0.07951573	     55.63206966	      7.44929051	      4.57402391	    -29.62750899	     -0.05534519	    -42.00571267	     -0.06413722	    -77.09160226	   -107.14637262	     23.95163815	     26.28832390	     -0.03612735	     -0.03446849
      1.44000000	     11.29078272	     -3.60585015	      0.56296188	     18.51002438	     34.25037509	     17.74417570	     -7.95525285	     -3.10382745	     -0.50065268	    -17.05009728	     -3.73171442	      0.06877872	     52.33925316	      7.43582058	      4.25762895	    -25.89876461	     -0.05723880	    -37.57433456	     -0.06481965	    -74.89757006	   -103.67002598	     23.09051195	     25.23976186	     -0.03711473	     -0.03492065
      1.44500000	      9.79239834	     -2.75028496	      0.14995596	     19.11267157	     40.87784726	     14.41035297	     -7.87870867	     -3.40068867	     -0.23118971	    -16.14869283	     -4.21774882	      0.23679622	     48.92880353	      7.39208947	      3.88151634	    -22.48961604	     -0.05873813	    -33.72284148	     -0.06506250	    -72.58312842	    -99.85242239	     22.19890962	     24.12367839	     -0.03825665	     -0.03556455
      1.45000000	      8.41912869	     -1.55517799	     -0.24027042	     19.03842961	     45.13574218	     11.31088394	     -7.77921804	     -3.14238443	     -0.09732556	    -15.10893669	     -4.41813689	      0.34464042	     45.40559891	      7.33900378	      3.45828448	    -19.30923088	     -0.05978582	    -30.08167936	     -0.06484499	    -70.26632636	    -95.83650822	     21.60734345	     23.00405775	     -0.03954919	     -0.03640517
      1.45500000	      7.15317882	     -1.70143723	     -0.72618828	     18.05494208	     50.21571125	      8.48739145	     -7.37308911	     -3.59951583	      0.20396345	    -13.99143480	     -4.29081807	      0.36821590	     41.77807551	      7.29476980	      3.00226561	    -16.28773378	     -0.06033947	    -26.84836517	     -0.06415777	    -67.29972125	    -91.47698928	     20.42402520	     22.02456363	     -0.04098011	     -0.03743865
      1.46000000	      6.56491769	     -0.86053723	     -1.01643669	     17.32898421	     55.85425790	      5.32391898	     -6.35589307	     -3.40904161	      0.38372375	    -12.65261820	     -4.34545418	      0.45408081	     38.05903684	      7.27304040	      2.52851956	    -13.73778882	     -0.06037270	    -23.82302875	     -0.06300254	    -64.16890389	    -86.73869333	     19.25433111	     20.72356567	     -0.04252785	     -0.03865114
      1.46500000	      5.86355345	     -0.61177236	     -1.27794774	     15.52238947	     59.22210009	      2.92250767	     -5.16942322	     -3.36333732	      0.57944890	    -11.51282434	     -4.00547050	      0.45807959	     34.26600787	      7.28170804	      2.05172064	    -11.60037760	     -0.05979540	    -21.09271810	     -0.06137759	    -60.78118040	    -81.74741206	     17.94409323	     19.48204455	     -0.04416443	     -0.04001876
      1.47000000	      5.16425365	      0.70174916	     -1.34170285	     13.63278175	     61.61616141	      0.13081419	     -3.79098626	     -2.66486738	      0.64019505	    -10.49840733	     -3.89635435	      0.51679697	     30.42111378	      7.32238859	      1.58505301	     -9.75583385	     -0.05865457	    -18.44321341	     -0.05928710	    -57.45258538	    -76.66553940	     16.82861225	     18.17356112	     -0.04584481	     -0.04150620
      1.47500000	      4.66002600	      1.74383897	     -1.42922784	     11.37752686	     63.08352701	     -1.46584808	     -2.42055148	     -2.25303524	      0.72489986	     -9.20228119	     -3.72035458	      0.57450602	     26.55055109	      7.39052194	      1.13926029	     -8.25801558	     -0.05699440	    -16.24936920	     -0.05678067	    -53.97285121	    -71.18084012	     15.70277569	     16.67267270	     -0.04751823	     -0.04306693
      1.48000000	      4.12761096	      1.94828290	     -1.55763452	      9.38123062	     64.41883950	     -2.47028527	     -0.92899658	     -1.94342840	      0.82704206	     -7.98818576	     -2.98009767	      0.52800964	     22.68382768	      7.47597163	      0.72199343	     -6.91623487	     -0.05486670	    -14.19528652	     -0.05390273	    -50.28795571	    -65.91932335	     14.38099091	     15.39512490	     -0.04912621	     -0.04464614
      1.48500000	      4.18758496	      2.37011735	     -1.62265276	      7.36647649	     61.78810576	     -3.13500760	      0.65953458	     -1.38095020	      0.85624974	     -6.47093227	     -2.12199777	      0.44662480	     18.85298349	      7.56401526	      0.33753984	     -6.09240353	     -0.05233085	    -12.81558070	     -0.05070188	    -46.62968158	    -60.35626886	     13.17377930	     14.19090248	     -0.05060409	     -0.04618154
      1.49000000	      3.51452117	      1.61123639	     -1.81941559	      5.24961246	     60.07470588	     -2.20317915	      2.01634514	     -1.45126922	      0.96771729	     -5.35374143	     -0.86143452	      0.33516764	     15.09194640	      7.63661920	     -0.01306607	     -5.36637648	     -0.04945081	    -11.21850169	     -0.04722959	    -42.70963048	    -55.13695413	     11.73643758	     12.89423959	     -0.05188333	     -0.04760574
      1.49500000	      3.22014897	      1.74294775	     -1.78184844	      3.90360368	     56.58454369	     -2.00941933	      3.62546830	     -0.95520426	      0.98096987	     -4.29129937	      0.19071159	      0.24758158	     11.43610271	      7.67389105	     -0.33161741	     -4.99986546	     -0.04629235	     -9.87593343	     -0.04353898	    -39.06460089	    -49.80896082	     10.40320034	     11.74046403	     -0.05289420	     -0.04884900
      1.50000000	      1.70338914	      1.33759811	     -1.79733756	      1.79585934	     54.94164605	     -0.91546615	      4.61582972	     -0.23611474	      0.92824025	     -3.70230604	      1.82494958	      0.08062113	      7.92209174	      7.65560633	     -0.62210609	     -4.33608135	     -0.04292074	     -8.50977346	     -0.03968375	    -35.36651244	    -44.34576448	      9.25223296	     10.52335099	     -0.05356880	     -0.04984240
      1.50500000	     -0.89106582	      0.58613968	     -1.83109676	     -0.52231991	     61.57723834	      0.68885959	      5.43222148	     -0.18121897	      0.95701609	     -3.55885834	      3.19298866	     -0.01730739	      4.58775455	      7.56267641	     -0.89000972	     -3.70929056	     -0.03939883	     -6.62689441	     -0.03571725	    -31.12830121	    -38.57833519	      7.78209651	      9.14503398	     -0.05384435	     -0.05052115
      1.51000000	     -2.24659583	      0.06446361	     -1.74362998	     -0.80668989	     73.74600908	      2.15221141	      7.04164893	     -0.26695413	      0.98305570	     -2.88899702	      4.06580418	     -0.02986585	      1.47210167	      7.37841273	     -1.14157955	     -3.53335924	     -0.03578563	     -5.09911099	     -0.03169169	    -26.54864189	    -32.45437221	      6.25502398	      7.49113537	     -0.05366662	     -0.05082793
      1.51500000	     -2.75941492	     -1.09206095	     -1.86528611	      0.47409540	     87.58234676	      3.67208322	      8.56101277	      0.13418015	      0.91409056	     -1.45349837	      5.78346751	     -0.21274818	     -1.38485374	      7.08950774	     -1.38317661	     -3.32959849	     -0.03213524	     -4.11800672	     -0.02765743	    -21.88608911	    -26.44110562	      4.91623931	      6.24185931	     -0.05299336	     -0.05071601
      1.52000000	     -3.99759478	     -2.79308134	     -1.82482773	      1.96232306	    101.22795363	      5.51218023	     10.49605019	      0.19781335	      0.86504470	     -1.39771192	      7.48261622	     -0.35551125	     -3.94253108	      6.68672948	     -1.62067867	     -3.54966943	     -0.02849637	     -2.38715189	     -0.02366247	    -17.27968239	    -21.08918833	      3.54276210	      5.14333234	     -0.05179775	     -0.05015211
      1.52500000	     -6.53496343	     -3.08874879	     -1.91055487	      2.12416915	    112.24371025	      6.34959835	     10.60035427	      1.06780679	      0.70420822	     -1.18225430	      8.65822675	     -0.43078817	     -6.16058986	      6.16536205	     -1.85896837	     -3.05461131	     -0.02491207	     -1.12027956	     -0.01975198	    -13.08453435	    -15.75421202	      2.51163262	      3.81261758	     -0.05007174	     -0.04911886
      1.53000000	    -17.57833997	     -2.30773224	     -3.18348561	     -5.42496597	    120.44615421	      5.17149975	      3.31424965	      2.86603257	      0.46367849	     -2.07625107	      9.88420541	     -0.48472451	     -8.00016261	      5.52544738	     -2.10151928	      1.54731501	     -0.02141994	      0.60376043	     -0.01596810	     -9.99925297	    -11.44251893	      1.74983168	      2.89713548	     -0.04782891	     -0.04761680
      1.53500000	    -18.74235297	     -4.97862627	     -3.38782893	     -3.14246032	    121.11099437	      7.59627697	      4.23181572	      2.07050274	      0.48562804	     -2.79439675	     11.09901709	     -0.54483236	     -9.42547476	      4.77188061	     -2.35010252	      1.07083129	     -0.01805247	      1.87076139	     -0.01234979	     -6.52957906	     -7.69368822	      0.79902692	      2.20019953	     -0.04510673	     -0.04566595
      1.54000000	    -20.99692394	     -7.21502093	     -3.73351452	     -1.91662158	    116.17020446	      9.54216035	      3.61842333	      1.84996986	      0.47607595	     -3.80517568	     12.33577728	     -0.60338237	    -10.40571566	      3.91436494	     -2.60462810	      1.30781812	     -0.01483771	      2.96280381	     -0.00893289	     -3.83450575	     -4.55220961	      0.17239987	      1.53685275	     -0.04196765	     -0.04330677
      1.54500000	    -24.04615407	     -8.40248438	     -4.27796253	     -1.39641370	    101.84123212	      9.66225762	      1.55081554	      2.63084995	      0.40757359	     -5.21726615	     13.41916663	     -0.51073885	    -10.91696214	      2.96718946	     -2.86312876	      2.17591710	     -0.01179999	      3.93164382	     -0.00575031	     -1.99585578	     -2.67951792	     -0.14032717	      1.39075369	     -0.03849893	     -0.04060043
      1.55000000	    -26.03229869	    -10.09974112	     -4.84973692	     -1.58080299	     80.87433922	      8.32433026	     -0.90146019	      4.44874391	      0.14593139	     -6.07646043	     15.92137997	     -0.86550829	    -10.94392418	      1.94878454	     -3.12188830	      3.26076737	     -0.00896075	      3.71019665	     -0.00283224	     -1.11487909	     -0.06122435	     -0.14970486	      2.67445320	     -0.03481076	     -0.03762816
      1.55500000	    -34.71498891	     -4.91213128	     -4.10706462	     -6.55269129	     56.51928458	      2.26672612	     -6.67433404	     10.84317680	     -0.84248583	    -10.90399166	     16.31053676	     -1.34890976	    -10.48128534	      0.88102228	     -3.37570356	      6.38473512	     -0.00633934	      6.15001041	     -0.00020647	     -1.27335626	     -0.00841578	      0.64856064	      1.93021844	     -0.03103284	     -0.03448928
      1.56000000	    -36.53163327	     -5.82729313	     -3.83712834	     -5.60178501	     32.53075697	      2.82839016	     -8.21861433	     10.49349871	     -0.87432371	    -13.92395826	     15.62770097	     -1.41984160	     -9.53446316	     -0.21174203	     -3.61825880	      6.60311237	     -0.00395376	      7.62050066	      0.00210131	     -1.06805404	      0.16386043	      0.49235295	      1.16100650	     -0.02730934	     -0.03129790
      1.56500000	    -37.16145596	     -6.18658490	     -3.61846177	     -4.27647759	      7.47179497	      1.29404854	     -9.77793968	     11.18028101	     -1.06810864	    -16.40780657	     15.26571846	     -1.57337028	     -8.11970081	     -1.30385952	     -3.84258484	      7.00937634	     -0.00182122	      8.59579889	      0.00406732	     -1.14083377	     -0.09666446	      0.45989408	      1.17583190	     -0.02379244	     -0.02817804
      1.57000000	    -35.81899296	     -6.69664954	     -3.94333736	     -1.82345757	    -13.27126680	      0.36465396	    -11.70162944	     12.11524266	     -1.31766723	    -16.88180991	     15.50659391	     -1.65293606	     -6.26349835	     -2.36975417	     -4.04156401	      7.73882095	      0.00004147	      8.67941242	      0.00566955	     -1.44595186	     -0.17283588	      0.69703765	      1.28790392	     -0.02063469	     -0.02525723
      1.57500000	    -34.02575483	     -7.85906199	     -4.32322368	     -0.32080258	    -29.31408881	     -0.12177373	    -13.40615999	     12.08909413	     -1.45408606	    -17.23894584	     15.43107514	     -1.74774584	     -4.00149736	     -3.38538328	     -4.20843570	      8.27181883	      0.00161774	      8.80179493	      0.00688791	     -1.41667575	     -0.27457853	      0.65595577	      1.39938349	     -0.01798041	     -0.02265921
      1.58000000	    -30.51286347	     -8.00813016	     -4.21510017	      1.92331482	    -39.30851141	     -1.03725975	    -13.76880580	     12.03390979	     -1.59839928	    -17.36217977	     14.46499047	     -1.71672464	     -1.37699885	     -4.32967837	     -4.33726088	      8.18398206	      0.00289127	      8.99134807	      0.00770448	     -1.38049452	     -0.22067010	      0.66842735	      1.17078652	     -0.01595679	     -0.02049609
      1.58500000	    -26.61342618	     -8.70539957	     -4.42964139	      3.35555853	    -46.16533569	     -1.99536826	    -14.61369999	     11.93314728	     -1.75305696	    -16.73888520	     14.01450102	     -1.77932231	      1.56071194	     -5.18582721	     -4.42330513	      8.52785784	      0.00384618	      8.80158786	      0.00810399	     -1.42906266	     -0.30361502	      0.63954385	      1.32973874	     -0.01466520	     -0.01886101
      1.59000000	    -22.99170209	     -9.22096667	     -4.47573420	      3.30818244	    -47.05393021	     -2.57126894	    -15.44876918	     11.42284153	     -1.86265240	    -16.25646094	     13.16228084	     -1.86862421	      4.75810158	     -5.94224204	     -4.46330458	      8.92232991	      0.00446732	      8.89294289	      0.00807455	     -1.43330244	     -0.30941490	      0.60525706	      1.25441825	     -0.01417378	     -0.01782175
      1.59500000	    -17.17628338	     -8.74511089	     -4.23120281	      4.40603820	    -44.63038630	     -3.74100077	    -15.09386231	     11.49708028	     -2.07937529	    -14.93366707	     12.06622061	     -1.86314205	      8.15909964	     -6.59305729	     -4.45559426	      8.74914732	      0.00474060	      8.61130887	      0.00760834	     -1.54075036	     -0.28206959	      0.79144272	      1.22284951	     -0.01451182	     -0.01741604
      1.60000000	    -10.95917702	     -9.68022521	     -4.15071460	      4.67776719	    -37.20526125	     -3.73863928	    -14.36959872	     10.52123122	     -2.13945126	    -13.34428133	     11.25336554	     -1.95259004	     11.70676168	     -7.13802914	     -4.40008507	      8.40249750	      0.00465341	      8.27769673	      0.00670243	     -1.34874110	     -0.31869901	      0.72884330	      1.34236068	     -0.01566682	     -0.01764903
      1.60500000	     -4.86746620	     -9.62231616	     -3.87223591	      4.23490289	    -23.72978126	     -3.86624044	    -13.69377025	      9.44357476	     -2.18267786	    -11.53795076	      9.68605616	     -1.91453542	     15.34489249	     -7.58178843	     -4.29807949	      8.23693122	      0.00419502	      8.02538773	      0.00535947	     -1.45112565	     -0.18607857	      0.76817806	      1.09874065	     -0.01758434	     -0.01849293
      1.61000000	      1.39797774	     -9.64580658	     -3.64553798	      3.23611070	     -5.08211370	     -4.49871039	    -12.88664519	      8.55636114	     -2.24102726	     -9.34956738	      8.38123694	     -1.92727200	     19.01960994	     -7.93252088	     -4.15194657	      8.16412373	      0.00335702	      7.60930370	      0.00358826	     -1.40577084	     -0.13182611	      0.66203023	      1.05112755	     -0.02017095	     -0.01988912
      1.61500000	      8.58467782	    -10.45681518	     -3.43171483	      2.53763066	     17.36668330	     -4.01755882	    -11.31402753	      7.21836200	     -2.22722644	     -6.71882299	      7.39761687	     -1.97983113	     22.68080955	     -8.20027386	     -3.96471593	      7.65427805	      0.00213387	      7.02687397	      0.00140414	     -1.27070797	     -0.10388852	      0.65494780	      1.12761439	     -0.02329985	     -0.02175272
      1.62000000	     13.02317127	     -9.93114009	     -2.98081573	     -1.13418263	     29.14160343	     -4.25302076	    -12.01620382	      8.04304222	     -2.50903523	     -5.01788438	      7.85754528	     -2.50695636	     26.28350729	     -8.39517501	     -3.73966791	      8.04527350	      0.00052338	      6.76569566	     -0.00117073	     -2.90451799	     -0.62196241	      1.36352613	      2.06853445	     -0.02681905	     -0.02397923
      1.62500000	     10.17901218	     -9.20460759	     -2.86255957	    -10.50144513	      4.85166129	     -6.00268497	    -13.66671156	     11.97078658	     -2.99546500	    -11.48302683	      9.44067660	     -1.84017759	     29.78904738	     -8.52587933	     -3.48001054	      9.10740147	     -0.00147256	      9.27209973	     -0.00410727	     -5.65990055	     -7.21455068	      2.63155581	      2.52161319	     -0.03056146	     -0.02645291
      1.63000000	     11.57962716	     -9.61911863	     -2.81715421	    -16.84667773	    -17.88638984	     -6.68626526	    -16.71821636	     15.47775774	     -3.54618191	    -12.13389942	     12.31337050	     -2.59085378	     33.16616112	     -8.59852155	     -3.18874147	     10.39303022	     -0.00384727	      8.48787199	     -0.00736952	     -9.19231189	    -11.78601336	      4.18531132	      4.30772725	     -0.03435605	     -0.02905572
      1.63500000	     10.09962572	     -1.67408958	     -2.73921756	    -25.57320016	    -36.22956456	    -12.69898914	    -23.90846549	     16.42427276	     -3.87852091	    -11.10003616	      6.27551187	     -1.73417263	     36.39185459	     -8.61632452	     -2.86874321	     13.42146717	     -0.00658845	      6.75845745	     -0.01091487	    -13.86841292	    -15.48746673	      5.69296944	      4.27210129	     -0.03803917	     -0.03167573
      1.64000000	      1.63248021	      2.78526598	     -2.20141906	    -41.00567807	    -61.36669129	    -19.20280705	    -29.81847782	     15.17670798	     -3.78771477	    -17.89045213	     -0.01363270	     -0.82394712	     39.45206756	     -8.57985502	     -2.52307293	     16.03783588	     -0.00967736	      8.10557591	     -0.01469445	    -17.88177058	    -21.60994043	      6.62077695	      5.16685476	     -0.04146470	     -0.03421393
      1.64500000	     -2.00101542	     -0.85630544	     -2.28228868	    -51.03960623	    -78.52065711	    -16.86566814	    -31.39546925	     11.46744330	     -3.37848120	    -23.36001198	     -1.24590730	     -0.72352568	     42.34200850	     -8.48779430	     -2.15535284	     16.03999713	     -0.01308802	      9.20271713	     -0.01865367	    -21.20410962	    -27.30428850	      7.10996946	      6.75406899	     -0.04451199	     -0.03658866
      1.65000000	     -4.10832817	     -6.04159513	     -2.50761684	    -58.13732071	    -91.49636543	    -12.14223193	    -31.96497606	      8.38467455	     -3.00270775	    -27.81072460	     -0.45352125	     -0.84236806	     45.06606066	     -8.33800803	     -1.77014501	     15.56949646	     -0.01678667	      9.79857646	     -0.02273296	    -24.65524559	    -33.08421218	      7.84864944	      8.25851066	     -0.04709064	     -0.03873749
      1.65500000	     -0.95129134	     -3.05994872	     -0.54635924	    -58.78753872	   -112.38219534	    -13.90168578	    -29.33150696	      9.88918740	     -3.24399632	    -31.16007683	     -2.33948721	     -0.54258481	     47.63716920	     -8.12865650	     -1.37319087	     12.59372867	     -0.02073146	      9.46540826	     -0.02686859	    -29.22770746	    -38.71540458	      9.47059531	      9.52065614	     -0.04914206	     -0.04061706
      1.66000000	      6.38381270	     -1.23936768	      1.51290793	    -53.98326726	   -123.02254870	    -13.74621973	    -23.82937723	      9.65854614	     -3.23766775	    -32.51259548	     -4.86014087	     -0.11520253	     50.07566686	     -7.85910525	     -0.97143362	      7.91558859	     -0.02487251	      8.20848669	     -0.03099356	    -33.03737173	    -43.72895124	     10.90461569	     10.55611170	     -0.05063801	     -0.04220143
      1.66500000	     15.12477162	     -4.21736736	      2.09162224	    -45.53673072	   -120.59779598	     -9.47624855	    -19.51292720	      6.23348910	     -2.58586266	    -30.12866582	     -6.12551997	      0.13169659	     52.40756973	     -7.53047199	     -0.57281705	      4.48545975	     -0.02915239	      5.04287391	     -0.03503865	    -36.65329333	    -48.17337358	     11.63561640	     11.57271634	     -0.05157706	     -0.04347975
      1.67000000	     22.64571815	     -4.58052020	      2.48315230	    -36.78450215	   -107.72428024	     -8.34403159	    -16.67055098	      5.02478725	     -2.27985957	    -26.63764223	     -7.51744418	      0.43502771	     54.66243911	     -7.14574059	     -0.18591501	      2.11701657	     -0.03350698	      1.31847455	     -0.03893361	    -39.62799178	    -52.43127831	     12.52196872	     12.47734350	     -0.05197995	     -0.04445366
      1.67500000	     26.05373254	     -6.23183700	      1.99052959	    -31.00441489	    -89.18315933	     -7.11596282	    -16.57832137	      3.75700615	     -1.97912419	    -23.62539522	     -7.77936136	      0.54397592	     56.87095873	     -6.70947150	      0.18053910	      1.53316692	     -0.03786678	     -2.46598391	     -0.04260863	    -42.21671498	    -56.79587990	     13.28877798	     13.75097299	     -0.05188482	     -0.04513480
      1.68000000	     24.88455616	     -8.32683847	      1.24469792	    -28.58889340	    -68.47286973	     -5.71991828	    -18.05161804	      2.61457512	     -1.69195452	    -23.03881391	     -7.60692785	      0.67743900	     59.06243036	     -6.22722478	      0.51817139	      2.00078753	     -0.04215854	     -5.36263744	     -0.04599623	    -44.65368907	    -61.58027603	     13.96956748	     14.78291217	     -0.05134281	     -0.04554257
      1.68500000	     25.16596543	     -9.07396425	      1.15152356	    -23.81580633	    -57.08907182	     -5.89614716	    -18.00165202	      4.06433349	     -1.83806453	    -23.21337508	     -6.29550659	      0.56985771	     61.26242388	     -5.70486936	      0.81950061	      1.19112594	     -0.04630714	     -8.39251490	     -0.04903351	    -47.36394417	    -67.09117267	     15.13739452	     16.48494162	     -0.05041433	     -0.04570225
      1.69000000	     25.29149536	     -9.32208527	      1.14486512	    -18.56837889	    -52.51304473	     -4.80802764	    -18.18370581	      5.28900188	     -1.97591236	    -23.70672561	     -5.25642086	      0.54331493	     63.49079315	     -5.14796489	      1.07845327	     -0.14247105	     -0.05023768	    -11.59124209	     -0.05166482	    -50.84135220	    -72.47154189	     16.51152327	     17.93824721	     -0.04916598	     -0.04564341
      1.69500000	     27.03521842	     -9.98561624	      1.48628110	    -11.02664996	    -51.78374207	     -2.85404735	    -16.80952419	      6.40114207	     -2.07245395	    -24.48003950	     -3.95771511	      0.45219309	     65.76019869	     -4.56136892	      1.29083500	     -2.67729757	     -0.05387764	    -14.94430868	     -0.05384457	    -54.51297531	    -77.80775003	     17.88929874	     19.51445620	     -0.04766782	     -0.04539860
      1.70000000	     27.66007870	     -9.28717248	      2.07455667	     -4.59527073	    -52.05830636	     -2.00734388	    -15.56542908	      8.24650333	     -2.36115549	    -26.25462043	     -3.16476113	      0.44012322	     68.07519605	     -3.94915618	      1.45472887	     -5.30027831	     -0.05715889	    -18.18125040	     -0.05554005	    -58.07895739	    -82.84968267	     19.53865668	     21.04539147	     -0.04599106	     -0.04500223
      1.70500000	     27.15368391	     -9.68052555	      1.94454814	      0.78168086	    -54.19281398	      0.90931707	    -16.27889729	      8.79159907	     -2.45772136	    -27.19697229	     -2.27151776	      0.40160930	     70.43186600	     -3.31486467	      1.57075730	     -7.20392539	     -0.06001964	    -21.99859898	     -0.05673380	    -61.96357538	    -87.45510301	     21.02003667	     22.41269610	     -0.04420582	     -0.04448943
      1.71000000	     25.85871499	     -9.85229650	      1.48842947	      4.86222855	    -54.62436004	      3.97717348	    -17.93678433	      8.91694181	     -2.54993966	    -27.80130274	     -1.80824174	      0.42281982	     72.81789880	     -2.66201018	      1.64212758	     -8.85501507	     -0.06240598	    -26.05621054	     -0.05742532	    -65.34049625	    -91.52435435	     22.39099545	     23.67215244	     -0.04237917	     -0.04389484
      1.71500000	     23.29089587	     -9.32365069	      0.98030277	      7.37230508	    -54.39685390	      6.16722692	    -20.39744246	      9.20677855	     -2.68815533	    -28.76763971	     -1.70089883	      0.48898059	     75.21304529	     -1.99475263	      1.67442174	    -10.07538548	     -0.06426829	    -30.01709414	     -0.05761059	    -68.62434420	    -95.15266386	     23.62781675	     24.90500683	     -0.04057369	     -0.04325370
      1.72000000	     18.75429224	     -8.11870930	      0.22254248	      7.09353774	    -50.38901299	      8.33904240	    -24.10735650	      8.73438444	     -2.74577431	    -30.05211654	     -2.67034456	      0.79208778	     77.58990092	     -1.31857634	      1.67514817	    -10.79922623	     -0.06557018	    -33.60380081	     -0.05739744	    -71.33262444	    -98.11012492	     24.61555879	     25.68498460	     -0.03884691	     -0.04259337
      1.72500000	     17.16340029	     -6.70735508	     -0.78507456	      9.04944103	    -47.57193552	     10.56502538	    -27.54551340	      8.00417478	     -2.78173997	    -28.90157723	     -4.08424830	      1.17199720	     79.91503122	     -0.64085870	      1.65311156	    -11.80139778	     -0.06634324	    -38.57545804	     -0.05684926	    -73.75142810	   -100.43371954	     25.59999472	     26.39505979	     -0.03724505	     -0.04193896
      1.73000000	     18.27453883	     -5.36761323	     -1.41806265	     13.26162708	    -42.55719567	     12.86576292	    -28.90525675	      6.93839430	     -2.68383969	    -27.13492422	     -5.80277204	      1.61986662	     82.15045227	      0.02876643	      1.61769339	    -14.02042318	     -0.06658817	    -43.48494370	     -0.05603441	    -75.53369716	   -102.31360529	     26.23699316	     26.98674288	     -0.03580738	     -0.04131070
      1.73500000	     21.43765041	     -3.78891975	     -1.73529249	     19.09088470	    -32.20984445	     15.31753217	    -28.71182276	      5.31849221	     -2.39845857	    -24.61320631	     -8.32559124	      2.28694893	     84.25545206	      0.67830953	      1.57815311	    -16.87985446	     -0.06631727	    -48.35024112	     -0.05502553	    -76.70380236	   -103.39334962	     26.53451392	     26.95715232	     -0.03456373	     -0.04072329
      1.74000000	     25.71109265	     -2.39674842	     -1.74247988	     24.97093823	    -25.30364403	     17.65053029	    -27.31140914	      4.13194992	     -2.19996162	    -22.32872522	    -10.27704786	      2.79365262	     86.18868183	      1.29362882	      1.54303761	    -20.58171854	     -0.06555446	    -52.97390254	     -0.05389579	    -77.66663326	   -104.28555688	     26.96147179	     27.37912232	     -0.03353400	     -0.04018586
      1.74500000	     30.94980397	     -0.41571211	     -1.52685968	     31.16505024	    -12.09690050	     18.96178311	    -25.06406094	      3.24847516	     -2.02333096	    -19.45233264	    -12.47337088	      3.37368283	     87.91038322	      1.85896245	      1.51974278	    -24.31826703	     -0.06433520	    -57.41808815	     -0.05271552	    -78.03414955	   -104.29802005	     27.13649115	     27.50878856	     -0.03272803	     -0.03970222
      1.75000000	     35.65008835	      1.94867540	     -1.43899227	     35.97749355	      3.19534944	     19.38775417	    -23.30600689	      2.32819327	     -1.83441035	    -16.24836125	    -15.06217611	      4.07392396	     89.38458249	      2.35778928	      1.51423303	    -27.56284654	     -0.06270614	    -61.74197006	     -0.05154911	    -77.90940028	   -103.95898781	     27.01853556	     27.33404946	     -0.03214581	     -0.03927140
      1.75500000	     38.70249480	      4.32380061	     -1.29096839	     38.17577034	     17.50034980	     18.56776702	    -21.87185573	      1.49468416	     -1.66669375	    -14.05400265	    -17.83159395	      4.83685442	     90.58108862	      2.77397588	      1.53089909	    -30.27545237	     -0.06072440	    -65.62666513	     -0.05045256	    -77.41711406	   -103.64809483	     26.74991471	     27.15784213	     -0.03177815	     -0.03888843
      1.76000000	     41.79758087	      6.12611108	     -1.08198199	     39.21979659	     27.86912179	     17.71129968	    -20.09259310	      1.34557713	     -1.67810527	    -12.08972529	    -19.58971219	      5.34818761	     91.47716014	      3.09311448	      1.57252216	    -33.18935883	     -0.05845637	    -69.45395562	     -0.04947163	    -76.63736190	   -103.34613062	     26.54688043	     27.14924522	     -0.03160775	     -0.03854525
      1.76500000	     43.37066305	      7.37225418	     -0.53892139	     38.12008108	     36.27337555	     16.55262403	    -17.91797974	      0.87704358	     -1.57563461	    -11.75659692	    -21.39043909	      5.87535067	     92.05873859	      3.30389195	      1.64031264	    -36.09081053	     -0.05597604	    -72.40201581	     -0.04864070	    -75.79381234	   -103.16125841	     26.20310978	     27.11256529	     -0.03161072	     -0.03823165
      1.77000000	     43.89956404	      7.70848095	      0.24019002	     34.64328075	     38.33598479	     15.37610804	    -15.38482447	      0.26200424	     -1.41449875	    -12.76780933	    -22.69511452	      6.27113234	     92.32117282	      3.39928476	      1.73399549	    -39.41673342	     -0.05336292	    -74.93099968	     -0.04798246	    -74.88026961	   -103.07866408	     25.74712425	     27.32433105	     -0.03175831	     -0.03793632
      1.77500000	     43.29929910	      7.23280133	      1.13965958	     28.99699298	     31.10176021	     14.61121456	    -13.05278854	     -0.09589663	     -1.32876838	    -14.83918884	    -23.33222767	      6.48961037	     92.26937397	      3.37739709	      1.85191853	    -42.76932875	     -0.05069951	    -77.51599197	     -0.04750829	    -74.28378601	   -103.37402160	     25.54131930	     27.58099458	     -0.03201888	     -0.03764773
      1.78000000	     41.94253349	      6.08191365	      2.01378464	     22.40510793	     18.36179264	     13.45221693	    -11.05887975	     -0.23086001	     -1.29198774	    -17.31718320	    -23.40147246	      6.53387565	     91.91735085	      3.24183136	      1.99116770	    -45.80471532	     -0.04806863	    -80.13619731	     -0.04721934	    -73.92991572	   -104.16935312	     25.28630447	     27.96998434	     -0.03235974	     -0.03735503
      1.78500000	     40.31657395	      3.75412073	      2.71378216	     14.74886585	      2.96113247	     13.06508114	     -9.35861322	     -0.65232155	     -1.18207667	    -19.57664782	    -22.87751908	      6.40275669	     91.28710032	      3.00155761	      2.14767721	    -48.72859486	     -0.04555069	    -83.01431462	     -0.04710814	    -73.30737060	   -104.95396534	     24.95843735	     28.28866005	     -0.03274891	     -0.03704882
      1.79000000	     38.91336537	      0.44616710	      3.27317753	      7.19254071	    -15.57037628	     13.51721181	     -7.92245754	     -1.14244862	     -1.04912771	    -21.29954926	    -21.54289308	      6.00625046	     90.40687411	      2.67031720	      2.31632558	    -51.58005143	     -0.04322102	    -86.06934336	     -0.04716061	    -72.96676298	   -105.76989686	     24.82150312	     28.85708525	     -0.03315654	     -0.03672181
      1.79500000	     37.00245761	     -3.92521173	      3.64721343	     -0.69951277	    -31.21624506	     15.59098828	     -7.04533595	     -2.08320755	     -0.78039529	    -22.55487089	    -19.49473755	      5.37865500	     89.30891760	      2.26564892	      2.49102628	    -54.03670749	     -0.04114712	    -88.74259535	     -0.04735831	    -72.77656079	   -106.13551593	     24.55356115	     29.14052155	     -0.03355605	     -0.03636928
      1.80000000	     34.73904333	     -8.11182000	      4.00093304	     -8.52767174	    -48.99132590	     17.98135557	     -6.63535502	     -2.45847630	     -0.68140620	    -23.68678959	    -16.84740698	      4.52913865	     88.02688049	      1.80764335	      2.66485061	    -56.36536382	     -0.03938073	    -91.00450952	     -0.04768069	    -73.12081766	   -106.64085497	     24.69674583	     29.59634932	     -0.03392485	     -0.03598942
      1.80500000	     32.90543401	    -12.15511349	      4.37012339	    -15.33349002	    -60.87991915	     20.68983437	     -5.93478939	     -3.44411177	     -0.37653835	    -24.29292379	    -14.77355223	      3.84858994	     86.59319754	      1.31753079	      2.83023144	    -58.62489985	     -0.03797155	    -92.72408660	     -0.04810709	    -73.25057403	   -106.71490152	     24.56144676	     29.50625683	     -0.03424474	     -0.03558349
      1.81000000	     31.13024192	    -16.00565629	      4.58642965	    -20.80205773	    -68.22433242	     23.27954186	     -5.42625747	     -4.36849667	     -0.08476451	    -24.40643695	    -12.49877477	      3.06819829	     85.03676254	      0.81621475	      2.97928067	    -60.63743318	     -0.03696063	    -93.50813917	     -0.04861842	    -73.38965407	   -107.03295268	     24.45405121	     29.65048475	     -0.03450209	     -0.03515570
      1.81500000	     30.90932287	    -18.61356941	      4.51538203	    -23.20522254	    -72.26513983	     25.24140172	     -5.16644440	     -5.17407892	      0.17435619	    -22.73543081	    -10.83866625	      2.46534531	     83.38116384	      0.32286995	      3.10422933	    -62.37299779	     -0.03637516	    -94.17422222	     -0.04919840	    -73.88107600	   -107.37833536	     24.59661185	     29.80987583	     -0.03468758	     -0.03471293
      1.82000000	     31.76298099	    -19.18775400	      4.17383671	    -23.22772864	    -69.95347232	     25.87177241	     -5.20542720	     -5.41995912	      0.25931582	    -19.52126044	     -9.96776860	      2.11123200	     81.64364804	     -0.14628330	      3.19796264	    -63.74896476	     -0.03622783	    -94.40589402	     -0.04983413	    -74.38431578	   -107.47120514	     24.80550121	     29.69275344	     -0.03479587	     -0.03426432
      1.82500000	     33.93315142	    -19.40338341	      3.53315138	    -20.91165784	    -65.11212527	     26.34044075	     -5.30671379	     -6.18264551	      0.50674131	    -14.96708398	     -9.71882762	      1.95294474	     79.83483365	     -0.57893378	      3.25457498	    -64.89015405	     -0.03651665	    -94.66487686	     -0.05051615	    -74.95865557	   -107.49125184	     24.94736139	     29.50364494	     -0.03482525	     -0.03382074
      1.83000000	     34.09807228	    -18.44980800	      2.49855198	    -19.80514133	    -57.96648238	     25.29041838	     -6.98497994	     -6.94404755	      0.71332240	    -10.66054081	    -10.28695263	      2.04229331	     77.95904194	     -0.96728848	      3.26984815	    -64.77756596	     -0.03722528	    -94.27493886	     -0.05123801	    -75.69802625	   -107.66422524	     25.15221106	     29.39434992	     -0.03477731	     -0.03339429
      1.83500000	     33.51597633	    -15.71940270	      1.49856495	    -19.46539872	    -52.95918716	     22.89850783	     -9.12756140	     -7.08514060	      0.72146103	     -6.77157878	    -11.67916933	      2.38569576	     76.01504043	     -1.30828915	      3.24157522	    -64.30339769	     -0.03832376	    -93.67328061	     -0.05199539	    -76.84416462	   -107.52568521	     25.70475122	     29.09583496	     -0.03465681	     -0.03299786
      1.84000000	     32.72191605	    -13.49366201	      0.90971268	    -19.15339105	    -48.05862775	     20.50309862	    -10.02932887	     -7.69692765	      0.91310465	     -4.35557079	    -13.14195709	      2.74215356	     73.99702790	     -1.60342959	      3.16968222	    -64.34717418	     -0.03976976	    -92.06855712	     -0.05278494	    -77.79627362	   -107.35855810	     25.96865681	     28.91500489	     -0.03447170	     -0.03264482
      1.84500000	     33.50162805	    -11.11139545	      0.72339071	    -16.48754332	    -42.52718351	     18.29628966	     -9.35883386	     -8.62181992	      1.24180746	     -2.09418985	    -15.16235800	      3.25725890	     71.89574288	     -1.85819621	      3.05613603	    -64.82916121	     -0.04152055	    -90.14964332	     -0.05360309	    -78.84613259	   -106.95577491	     26.35103869	     28.53604417	     -0.03423337	     -0.03234875
      1.85000000	     34.94753625	     -9.08408356	      0.59403390	    -12.65576859	    -38.03280112	     16.79463629	     -8.28929825	     -9.71082182	      1.62527013	      0.28905965	    -16.98459112	      3.70556444	     69.69961587	     -2.08117158	      2.90467017	    -65.27246047	     -0.04352992	    -88.10504788	     -0.05444482	    -80.13467501	   -106.29095260	     26.72585834	     28.04503977	     -0.03395655	     -0.03212333
      1.85500000	     36.13475114	     -6.34251417	      0.61173700	     -9.02594497	    -30.62288039	     14.60649486	     -6.82965683	    -10.41178180	      1.89859590	      2.21390109	    -18.97937772	      4.19039288	     67.39592764	     -2.28287845	      2.72038591	    -65.65505677	     -0.04573962	    -85.40989518	     -0.05530268	    -80.94771173	   -105.16388299	     27.00184733	     27.37533759	     -0.03365961	     -0.03198212
      1.86000000	     34.76750155	     -3.80196234	      0.58735693	     -7.69348829	    -24.60350062	     12.42668847	     -6.42815101	    -10.51313223	      1.96629020	      2.76324195	    -20.23583258	      4.45683448	     64.97195555	     -2.47449456	      2.50928429	    -64.94042656	     -0.04808654	    -81.99846522	     -0.05616599	    -82.06075611	   -103.95440568	     27.53091812	     26.89786326	     -0.03336446	     -0.03193846
      1.86500000	     31.57424784	     -2.48087535	      0.66541461	     -7.81448472	    -17.70354767	     10.87441456	     -6.13270104	    -10.27862239	      1.93831506	      1.81357273	    -20.26987478	      4.38066632	     62.41607004	     -2.66659319	      2.27777701	    -63.61171371	     -0.05050419	    -77.62340577	     -0.05702041	    -82.82032706	   -102.82414728	     27.91720827	     26.54068036	     -0.03309625	     -0.03200521
      1.87000000	     28.91121506	     -1.46845951	      0.79740727	     -7.14498092	     -8.32199970	      9.58697147	     -5.40887364	    -10.64821239	      2.09405801	      1.12098641	    -20.70476769	      4.42332296	     59.71872408	     -2.86805286	      2.03221670	    -62.13506558	     -0.05292427	    -73.23974894	     -0.05784777	    -83.10369439	   -101.06754150	     27.95841400	     25.76362468	     -0.03288272	     -0.03219449
      1.87500000	     26.08915253	      0.10459123	      0.86740506	     -6.12758855	     -2.51179170	      7.66252888	     -5.01601489	    -10.22879691	      2.02604832	      0.43625754	    -20.83483024	      4.38771031	     56.87328290	     -3.08525394	      1.77847118	    -60.27556212	     -0.05527829	    -68.80443967	     -0.05862621	    -83.57427102	    -99.33242366	     28.15875905	     25.10184708	     -0.03275335	     -0.03251730
      1.88000000	     22.86905767	      0.48590752	      0.61311299	     -5.07746734	      2.60725890	      6.96252550	     -5.45674399	    -10.00596661	      2.00262326	      0.24343138	    -20.10369511	      4.14202349	     53.87665934	     -3.32163383	      1.52155497	    -57.66723292	     -0.05749908	    -64.50280866	     -0.05933062	    -83.94692080	    -97.35541642	     28.32890299	     24.49512955	     -0.03273810	     -0.03298305
      1.88500000	     20.33436590	      0.00370594	      0.45229620	     -2.87125760	      7.95432462	      6.48129729	     -5.19081797	     -9.51899854	      1.93052398	      0.05615675	    -18.53559960	      3.70868339	     50.72974517	     -3.57759375	      1.26533042	    -55.01959364	     -0.05952235	    -60.15910589	     -0.05993321	    -83.83837964	    -95.18903158	     28.26617825	     23.90367157	     -0.03286599	     -0.03359884
      1.89000000	     18.30483572	     -0.89664998	      0.38301736	      0.10172419	     16.19461262	      6.50090724	     -4.37010148	     -9.48941781	      1.98530592	      0.03202543	    -17.06669392	      3.32908269	     47.43764293	     -3.85067756	      1.01230050	    -52.45319673	     -0.06128816	    -55.67945503	     -0.06040440	    -83.08036028	    -92.40030029	     27.98370082	     23.04621334	     -0.03316345	     -0.03436872
      1.89500000	     16.47859442	     -1.59694503	      0.36870505	      3.68708319	     23.09184521	      5.93111701	     -3.36533668	     -8.98716868	      1.92386212	     -0.00527419	    -15.39097891	      2.92538169	     44.00970361	     -4.13593338	      0.76352194	    -49.66780850	     -0.06274232	    -51.27114846	     -0.06071369	    -82.21145050	    -89.36147686	     27.76484163	     22.28110776	     -0.03365259	     -0.03529279
      1.90000000	     14.21473511	     -2.45751333	      0.07423821	      7.18010454	     32.52876699	      5.29581678	     -3.09641405	     -9.00801658	      1.98126229	      0.50342652	    -14.05511870	      2.62654252	     40.45937995	     -4.42640968	      0.51866506	    -46.30283849	     -0.06383769	    -47.01224000	     -0.06083076	    -80.80532819	    -85.84572296	     27.14579962	     21.22154657	     -0.03434946	     -0.03636639
      1.90500000	     12.27361369	     -2.58373285	     -0.14769374	     11.22760091	     44.27150583	      3.59470911	     -2.48999642	     -8.78542434	      1.97904364	      1.17183433	    -13.19283339	      2.45160420	     36.80392237	     -4.71376611	      0.27623469	    -42.87677470	     -0.06453539	    -42.82990566	     -0.06072657	    -78.83004016	    -81.82964972	     26.39969950	     19.99037555	     -0.03526259	     -0.03757932
      1.91000000	     10.67473007	     -3.89846801	     -0.33338222	     15.35003376	     51.61064968	      2.61058532	     -1.49428668	     -8.65549189	      1.99907790	      1.58053107	    -11.41288059	      2.09100236	     33.06398138	     -4.98898369	      0.03394550	    -39.82323504	     -0.06480568	    -38.76096489	     -0.06037443	    -76.58208847	    -77.78278484	     25.41411598	     19.01769613	     -0.03639179	     -0.03891533
      1.91500000	      9.44387212	     -5.26855863	     -0.46383439	     20.03601374	     61.79613127	      1.99032340	     -0.16036257	     -8.60662867	      2.02298878	      2.18722060	     -9.70719989	      1.76961043	     29.26321403	     -5.24315911	     -0.21078659	    -36.75955549	     -0.06450344	    -34.78699316	     -0.05975109	    -73.87316946	    -73.20640505	     24.44447322	     17.79749735	     -0.03773214	     -0.04035188
      1.92000000	      8.26481876	     -6.42263058	     -0.64646056	     24.44295669	     71.40495541	      0.36482815	      1.24815118	     -8.56810718	      2.03940363	      2.77383631	     -8.23754723	      1.50750185	     25.42798380	     -5.46834249	     -0.46030495	    -33.89216909	     -0.06365774	    -30.95250620	     -0.05878393	    -70.49879429	    -68.54709853	     23.11203624	     16.72774525	     -0.03925994	     -0.04186223
      1.92500000	      7.43633086	     -7.58177893	     -0.87033295	     29.11616870	     80.02818685	     -0.98810434	      2.64367290	     -8.52248292	      2.03941852	      3.63555984	     -6.79305630	      1.26434515	     21.58720065	     -5.65830991	     -0.71621160	    -31.04132269	     -0.06229382	    -27.46851660	     -0.05744715	    -66.95986330	    -63.70358982	     21.78100885	     15.52553408	     -0.04094648	     -0.04341042
      1.93000000	      5.98824627	     -8.01114264	     -1.07513573	     32.75491462	     86.42843551	     -3.14915824	      3.79633204	     -7.81736311	      1.90155065	      4.02698951	     -5.36846061	      1.03691177	     17.77225674	     -5.80912145	     -0.97899584	    -28.18215755	     -0.06044695	    -23.98434055	     -0.05575607	    -63.26482338	    -58.86678288	     20.42405148	     14.38530488	     -0.04275448	     -0.04495586
      1.93500000	      4.06976163	     -8.43188456	     -1.38947166	     35.24425167	     92.70398542	     -5.34847407	      4.54435808	     -7.25333491	      1.78161496	      4.35680125	     -4.18116473	      0.86252367	     14.01687259	     -5.91936201	     -1.24784396	    -25.28297635	     -0.05816263	    -20.76702700	     -0.05372534	    -59.08901233	    -53.89838488	     18.92269290	     13.16051384	     -0.04463895	     -0.04645438
      1.94000000	      2.00800444	     -8.52098898	     -1.69221774	     37.12403912	     94.85777830	     -7.72181316	      5.13900598	     -6.39829214	      1.60574200	      4.38562394	     -3.01848845	      0.69729184	     10.35661393	     -5.99003978	     -1.52062525	    -22.55290437	     -0.05549435	    -17.65365197	     -0.05137808	    -54.99341518	    -49.24191668	     17.48483482	     12.12396866	     -0.04654824	     -0.04785888
      1.94500000	     -0.66918346	     -8.97032293	     -1.88363819	     37.54669249	     97.12587001	     -9.30491005	      5.80122986	     -5.64228864	      1.44773632	      3.69280787	     -1.65672710	      0.51260071	      6.82795883	     -6.02416634	     -1.79403109	    -20.12205676	     -0.05250137	    -14.38746451	     -0.04874519	    -50.58218475	    -44.45180276	     15.89377595	     10.93794386	     -0.04842541	     -0.04912078
      1.95000000	     -3.85930572	     -8.68118954	     -2.18714490	     36.83932159	     96.86245678	    -11.60605976	      5.74202417	     -4.60549074	      1.24265156	      2.96282639	     -0.72763269	      0.40064062	      3.46697601	     -6.02609966	     -2.06383870	    -17.47626658	     -0.04924651	    -11.43276513	     -0.04586424	    -46.28437843	    -39.88767860	     14.35145781	      9.89212358	     -0.05020970	     -0.05019170
      1.95500000	     -6.25424498	     -7.63441687	     -2.31268430	     36.19493272	     92.76878131	    -13.38747214	      5.99141485	     -2.85829231	      0.92841243	      2.27378058	      0.34764730	      0.27072300	      0.30781884	     -6.00079808	     -2.32523806	    -15.28954064	     -0.04579410	     -8.72419904	     -0.04277822	    -42.39237503	    -35.39473893	     13.14896503	      8.78208240	     -0.05183832	     -0.05102509
      1.96000000	     -9.13288801	     -6.62680596	     -2.35034338	     34.25347182	     88.57970023	    -15.09822505	      6.15680167	     -1.64020240	      0.70905081	      1.02542909	      0.86205207	      0.23474427	     -2.61866579	     -5.95312927	     -2.57316072	    -13.33679708	     -0.04220808	     -5.99955418	     -0.03953414	    -38.32303145	    -31.05215572	     11.73789062	      7.66885222	     -0.05324827	     -0.05157783
      1.96500000	    -10.83529223	     -6.29187161	     -2.54408499	     32.80179207	     84.05656091	    -15.97453183	      6.26568825	     -0.13802671	      0.45349983	      0.67952331	      2.19013803	      0.05774015	     -5.28594221	     -5.88732086	     -2.80259217	    -11.46436501	     -0.03855034	     -4.00256464	     -0.03618145	    -34.23790738	    -26.83206487	     10.44285523	      6.76068450	     -0.05437848	     -0.05181174
      1.97000000	    -12.87222176	     -5.39534954	     -2.67784033	     30.60734541	     79.69686262	    -17.02813418	      6.08828504	      1.22436555	      0.22677281	      0.07058020	      2.83032870	     -0.00746113	     -7.67231768	     -5.80660627	     -3.00885302	     -9.58802865	     -0.03488102	     -2.06119444	     -0.03277055	    -30.32066255	    -22.89251619	      9.22428758	      5.82513391	     -0.05517195	     -0.05169491
      1.97500000	    -14.58472773	     -5.13344589	     -2.74290878	     27.90670263	     76.10785215	    -17.53492861	      6.17289410	      2.35249689	      0.04217823	     -0.69670749	      3.65082961	     -0.09983789	     -9.76110119	     -5.71309140	     -3.18781281	     -8.07024090	     -0.03128685	     -0.32913079	     -0.02935121	    -26.14846747	    -19.14721337	      7.89909137	      4.93539699	     -0.05557911	     -0.05120283
      1.98000000	    -16.44826816	     -5.06319925	     -2.74127884	     24.98297318	     77.88938917	    -17.89337179	      6.35741294	      2.89655823	     -0.05780118	     -1.67122432	      3.92599183	     -0.09979145	    -11.54053547	     -5.60781219	     -3.33602704	     -6.63384480	     -0.02778298	      1.43442382	     -0.02597120	    -21.75529288	    -15.55856239	      6.46786849	      3.93229412	     -0.05555510	     -0.05031953
      1.98500000	    -18.14970240	     -6.24087005	     -2.90762921	     21.78828985	     80.29732480	    -17.01575154	      6.09769867	      2.66523231	     -0.05394234	     -2.29005351	      4.54826339	     -0.17208970	    -13.00360912	     -5.49092663	     -3.45081996	     -5.15068525	     -0.02440625	      2.82114602	     -0.02267497	    -17.55510052	    -12.16797012	      5.04074003	      3.21075458	     -0.05506733	     -0.04903860
      1.99000000	    -19.61524906	     -6.86586976	     -3.01315660	     18.66786297	     80.51353927	    -16.58660742	      5.77214890	      2.93160029	     -0.11757782	     -3.03101948	      5.07001643	     -0.22323648	    -14.14781939	     -5.36199439	     -3.53032700	     -3.71270593	     -0.02118833	      4.05764360	     -0.01950263	    -13.78013673	     -9.37430626	      3.80275996	      2.60587146	     -0.05409542	     -0.04736416
      1.99500000	    -20.54440091	     -7.18603425	     -2.96609471	     15.72747319	     80.56550631	    -16.00501175	      5.87205119	      3.64490699	     -0.23193002	     -3.96218812	      5.69713763	     -0.25053999	    -14.97491277	     -5.22029780	     -3.57350519	     -2.67250538	     -0.01815549	      5.23558729	     -0.01649662	    -10.10788799	     -6.93701375	      2.70346755	      1.86811073	     -0.05263302	     -0.04531225
      2.00000000	    -23.74410254	     -5.62368355	     -3.27410406	     10.36434729	     78.77735726	    -16.68816972	      3.67663845	      5.66234359	     -0.50566508	     -5.04484144	      6.08966833	     -0.23604220	    -15.49059157	     -5.06515804	     -3.58012641	     -0.41925076	     -0.01532840	      6.38377473	     -0.01367820	     -7.30068498	     -4.84549995	      2.09312592	      1.32108960	     -0.05068964	     -0.04291039
      2.00500000	    -24.73456672	     -6.35070531	     -3.46074707	      7.23604047	     75.84730976	    -15.68206334	      2.72768032	      5.44943433	     -0.51418611	     -5.67838891	      6.24878954	     -0.19703494	    -15.70418746	     -4.89621575	     -3.55075907	      0.92217265	     -0.01272210	      7.06940843	     -0.01106705	     -4.70860683	     -3.18318697	      1.07636519	      0.97219064	     -0.04829215	     -0.04019981
      2.01000000	    -23.07099874	     -7.28183258	     -3.24972009	      6.31755055	     66.85033982	    -13.38233947	      3.67578377	      4.70255436	     -0.46527452	     -6.33207185	      6.19767583	     -0.00795310	    -15.62833855	     -4.71365530	     -3.48673330	      0.77535619	     -0.01034615	      7.64064510	     -0.00867967	     -2.52352039	     -2.09709905	      0.33177638	      0.65440123	     -0.04548609	     -0.03723570
      2.01500000	    -20.77768354	     -8.18031786	     -2.51644727	      4.72785320	     53.46121587	    -12.16766688	      3.51366970	      5.56848274	     -0.56408148	     -5.70234321	      7.80563145	     -0.96292916	    -15.27870191	     -4.51835452	     -3.39008491	      1.17684287	     -0.00820496	      7.11073431	     -0.00652718	     -1.15195989	     -0.50905145	      0.31696822	      1.83488652	     -0.04233638	     -0.03408737
      2.02000000	    -20.31396573	     -6.28116131	     -2.53038575	      2.39939194	     39.81138055	    -11.20208756	      2.42919362	      5.90599801	     -0.70448695	     -6.08621668	      6.46272197	     -0.60156941	    -14.67370302	     -4.31194525	     -3.26347387	      1.99645694	     -0.00629832	      7.15895948	     -0.00461556	     -0.30657788	      0.11377988	     -0.02136739	      0.84078515	     -0.03892738	     -0.03083792
      2.02500000	    -23.82632437	     -2.26432463	     -3.12156598	     -4.59205982	     16.35256930	    -12.32789346	     -2.72506728	      9.13928835	     -1.07838945	     -6.79822915	      6.35183285	     -0.51915998	    -13.83431264	     -4.09677582	     -3.11007907	      4.97832024	     -0.00462222	      7.21997149	     -0.00294604	     -0.84713474	      0.14060681	      0.39745294	      0.79190477	     -0.03536195	     -0.02758317
      2.03000000	    -23.11807486	     -4.15212610	     -3.01143438	     -7.62476116	     -7.11182866	     -7.89121564	     -3.81086605	      7.95341053	     -1.00701827	     -7.87540371	      7.10729436	     -0.66171515	    -12.78384560	     -3.87577635	     -2.93348142	      5.26337019	     -0.00316982	      7.46562000	     -0.00151585	     -1.02960072	     -0.10654972	      0.43303323	      1.17133776	     -0.03175919	     -0.02442942
      2.03500000	    -21.71331988	     -4.55468821	     -2.58759111	     -9.85420830	    -23.24809661	     -4.83554970	     -3.97309972	      6.67097756	     -0.93375567	     -8.90207552	      6.44419960	     -0.60448996	    -11.54777354	     -3.65224554	     -2.73755080	      5.03637708	     -0.00193258	      7.72938475	     -0.00031910	     -0.87635311	     -0.12251295	      0.34010026	      1.05009439	     -0.02825056	     -0.02148983
      2.04000000	    -21.20369989	     -4.60711469	     -2.48997751	    -12.98321830	    -38.64042430	     -2.57643680	     -5.39022037	      6.04271654	     -0.91249465	     -9.55366861	      6.17157256	     -0.59019681	    -10.15354108	     -3.42959413	     -2.52634955	      5.60227105	     -0.00090149	      7.76542772	      0.00065204	     -1.15145065	     -0.27159181	      0.40067680	      1.22349027	     -0.02497427	     -0.01887926
      2.04500000	    -20.50346041	     -4.76021715	     -2.28780043	    -15.91541079	    -48.18763804	     -0.28741245	     -6.36616513	      4.82066166	     -0.83400382	    -10.18773666	      5.42878320	     -0.53434520	     -8.63037098	     -3.21109111	     -2.30406439	      5.88098744	     -0.00006837	      7.86867702	      0.00140604	     -1.19373750	     -0.28114271	      0.27306102	      1.12160489	     -0.02206803	     -0.01670774
      2.05000000	    -18.86057624	     -4.72613324	     -2.10907295	    -17.83634674	    -54.62835526	      1.45900189	     -6.89077449	      3.75031609	     -0.78236150	    -10.25760073	      4.58595565	     -0.41491667	     -7.00902412	     -2.99966319	     -2.07497135	      6.05124413	      0.00057307	      7.64123353	      0.00195073	     -1.28887615	     -0.32001374	      0.37320560	      1.13838782	     -0.01966052	     -0.01507291
      2.05500000	    -16.58471984	     -5.54935964	     -1.86726234	    -19.42243724	    -57.88596547	      4.42379469	     -6.82990565	      2.32785795	     -0.69631494	    -10.13529349	      4.28720486	     -0.38802396	     -5.32146258	     -2.79778863	     -1.84342611	      5.73515597	      0.00102614	      7.44145823	      0.00229206	     -1.22173195	     -0.25464180	      0.47510870	      1.07021221	     -0.01786257	     -0.01405232
      2.06000000	    -15.18696599	     -5.54956309	     -1.76716485	    -21.73534420	    -57.91458534	      5.45115304	     -7.44822809	      1.45012059	     -0.64892998	     -9.94128166	      3.69050214	     -0.33615492	     -3.60037142	     -2.60750326	     -1.61386358	      5.97851547	      0.00129056	      7.15853973	      0.00243311	     -1.27265007	     -0.27887343	      0.35386457	      1.10258977	     -0.01675872	     -0.01369641
      2.06500000	    -13.64777201	     -6.56381976	     -1.66171776	    -24.02923164	    -54.21746536	      7.20553489	     -7.67675528	     -0.01563732	     -0.54453822	     -9.73328558	      3.37479273	     -0.35907248	     -1.87851224	     -2.43051063	     -1.39078682	      5.95203342	      0.00136207	      6.92829150	      0.00237347	     -1.09065509	     -0.31068494	      0.15868877	      1.15954129	     -0.01640035	     -0.01402334
      2.07000000	    -11.84459753	     -6.76714402	     -1.48837666	    -25.94661350	    -47.87078009	      8.50184994	     -7.70438852	     -1.17181480	     -0.46482274	     -9.24428960	      2.67853685	     -0.31033667	     -0.18790421	     -2.26836404	     -1.17872703	      5.87199113	      0.00123235	      6.59217401	      0.00210901	     -1.08254815	     -0.25600478	      0.21204349	      1.07329591	     -0.01680099	     -0.01501628
      2.07500000	     -9.72994271	     -7.23118042	     -1.39590970	    -27.42656014	    -39.22007928	      9.88499025	     -7.60864925	     -1.96444546	     -0.41052825	     -8.34975012	      2.60791307	     -0.33234747	      1.44113788	     -2.12266653	     -0.98216424	      5.77257006	      0.00088943	      6.12042272	      0.00163205	     -1.17159458	     -0.19267017	      0.31635866	      1.09050546	     -0.01793442	     -0.01662390
      2.08000000	     -7.91851183	     -7.76659533	     -1.29456241	    -28.90831657	    -26.38946298	     10.63181851	     -7.37858391	     -2.67738349	     -0.34968248	     -7.49896688	      2.58220602	     -0.39721185	      2.98105016	     -1.99523025	     -0.80540708	      5.68491702	      0.00031824	      5.72523669	      0.00093197	     -1.13759251	     -0.15654793	      0.23325736	      1.12054436	     -0.01973593	     -0.01876397
      2.08500000	     -5.72770703	     -8.28621004	     -1.15009787	    -29.83179383	    -11.80432577	     11.33574468	     -6.71071948	     -3.43579966	     -0.28346299	     -6.47411498	      2.47204262	     -0.45043442	      4.40808537	     -1.88815312	     -0.65243664	      5.31970259	     -0.00049838	      5.26567514	     -0.00000392	     -1.09435238	     -0.15842577	      0.29382240	      1.20087006	     -0.02210679	     -0.02132980
      2.09000000	     -9.85352538	     -8.56724123	     -1.58890221	    -35.82078855	     -2.00524616	     11.54973795	     -6.16411317	     -3.67460303	     -0.24972121	    -11.37709868	      2.11148212	      0.80469559	      5.70332443	     -1.80379627	     -0.52672771	      5.20327803	     -0.00157865	      8.05347693	     -0.00118923	     -1.19841320	     -2.50349499	      0.32493244	      0.82700028	     -0.02492166	     -0.02419879
      2.09500000	    -23.53291411	      1.81307293	     -1.53887920	    -54.05439069	    -36.46918227	      8.02097549	    -15.99447181	      2.87052403	     -0.82699580	    -17.02885720	      1.35658879	      0.71883804	      6.85355295	     -1.74467164	     -0.43107028	      9.42407011	     -0.00294054	     10.74667433	     -0.00263726	     -7.54969835	     -3.86215664	      2.43657630	      0.89469430	     -0.02803854	     -0.02724213
      2.10000000	    -29.86712755	      3.99417261	     -0.93857730	    -63.40434728	    -38.73077956	      5.98258323	    -17.05828108	      6.16888676	     -1.36894725	    -22.60246205	      2.29686298	      0.41898695	      7.85193463	     -1.71327122	     -0.36741796	      9.70401636	     -0.00460045	     13.30224096	     -0.00435967	     -8.82514054	     -6.03469424	      3.67652397	      1.43581178	     -0.03130981	     -0.03033434
      2.10500000	    -23.39524389	      0.91519724	      0.70129542	    -57.63624499	    -21.57436289	      6.27722614	     -9.74210884	      4.59958773	     -1.10787261	    -23.46658052	      2.60220165	      0.25682604	      8.69843056	     -1.71187321	     -0.33678933	      5.87076871	     -0.00657185	     13.46009737	     -0.00636523	     -8.51848709	     -7.35451335	      3.32244506	      1.63574346	     -0.03459313	     -0.03336171
      2.11000000	    -13.17991421	     -3.17527792	      1.24982362	    -47.68891529	    -24.87414132	     10.43406573	     -5.05902276	      1.74833315	     -0.74469168	    -19.25461383	      3.49327790	     -0.11301687	      9.39992211	     -1.74234325	     -0.33924299	      2.75964341	     -0.00886403	     10.77357916	     -0.00866313	    -10.72264748	     -9.00039536	      3.57534272	      2.00615900	     -0.03776048	     -0.03622876
      2.11500000	     -2.83027040	     -5.45417212	      0.83089962	    -37.61858493	    -42.37231682	     11.51619641	     -3.23774499	      1.74395507	     -0.74134510	    -12.65964425	      5.03793436	     -0.67401781	      9.97003882	     -1.80592366	     -0.37393130	      1.04054734	     -0.01148088	      6.11870778	     -0.01125014	    -13.37160297	    -12.08050752	      4.60575653	      3.00433204	     -0.04070438	     -0.03886106
      2.12000000	      8.51285719	     -6.36934955	      0.29120349	    -25.13546182	    -52.99191946	      9.57626508	     -0.98884788	      2.67499875	     -0.80613988	     -5.01151490	      6.10235109	     -1.08422752	     10.42876430	     -1.90298420	     -0.43921548	     -0.64922081	     -0.01441991	      0.79846043	     -0.01411719	    -15.84043627	    -15.09739855	      5.20497382	      3.96827220	     -0.04334074	     -0.04120637
      2.12500000	     17.57952243	     -6.33122931	     -0.42755133	    -13.43925184	    -55.75269594	      7.46673198	      0.24363359	      3.42546343	     -0.86676235	      2.13492684	      6.30744246	     -1.29245761	     10.80191345	     -2.03271229	     -0.53280085	     -1.74402131	     -0.01767136	     -4.05465534	     -0.01724903	    -18.53724673	    -17.87651602	      6.07413900	      4.59273986	     -0.04560899	     -0.04323329
      2.13000000	     22.41679066	     -6.71327357	     -1.33252146	     -4.47831300	    -50.79123527	      4.87051024	      0.20981298	      4.87517444	     -1.02283912	      7.16085472	      7.42994240	     -1.60118260	     11.12054313	     -2.19275340	     -0.65183201	     -1.92761253	     -0.02121759	     -7.62063107	     -0.02062217	    -21.16507327	    -20.99527079	      7.00649019	      5.54764087	     -0.04747024	     -0.04492826
      2.13500000	     21.27964754	     -4.08085229	     -1.94241605	     -0.73734701	    -38.18379994	      0.13637332	     -1.23952997	      7.93338458	     -1.42220693	      8.63658982	      7.56870086	     -1.72071854	     11.42033839	     -2.37885217	     -0.79289428	     -1.36571998	     -0.02503260	     -9.19552894	     -0.02420419	    -23.89483321	    -23.83240962	      8.35102736	      6.14752583	     -0.04890481	     -0.04629213
      2.14000000	     16.32542596	     -5.63447535	     -2.81074247	      0.26081830	    -14.59711464	     -1.18882520	     -3.59095377	      7.76869196	     -1.43147404	      8.12552178	      8.37794015	     -1.93211762	     11.74098243	     -2.58457134	     -0.95191107	     -0.41279287	     -0.02908171	     -9.51196354	     -0.02795323	    -26.27907636	    -26.37691222	      8.88177607	      6.94221799	     -0.04990961	     -0.04733665
      2.14500000	     13.91106788	     -6.03221727	     -2.06306681	      4.77623385	     18.21676863	     -2.58815858	     -0.89546626	      7.35553125	     -1.37411333	      5.44351029	      7.87715421	     -1.90493229	     12.12545423	     -2.80117955	     -1.12397356	     -2.20888593	     -0.03332142	     -8.57301724	     -0.03181766	    -28.23773066	    -28.34891680	      9.57771985	      7.17719136	     -0.05049585	     -0.04808147
      2.15000000	     14.39153842	     -6.95304120	     -0.70245448	     12.26657512	     41.85294667	     -4.78040019	      4.40098318	      7.77904071	     -1.39450792	      2.24988943	      8.30616856	     -2.06100540	     12.61917271	     -3.01778857	     -1.30317248	     -5.64588718	     -0.03769938	     -7.94375887	     -0.03573611	    -30.36613577	    -31.43105096	     10.49950397	      8.36749729	     -0.05068698	     -0.04855151
      2.15500000	     15.49970132	     -7.11700868	      0.25094242	     19.82581683	     45.95533918	     -6.42212029	      7.92502537	      7.82279261	     -1.38211501	      0.21786149	      7.64018670	     -2.01249592	     13.26894534	     -3.22176340	     -1.48252993	     -8.75842875	     -0.04217422	     -9.00384108	     -0.03963794	    -34.04310935	    -35.58336743	     11.97575886	      9.33127931	     -0.05051803	     -0.04877484
      2.16000000	     17.14946022	     -6.35889743	      1.38586065	     27.12598029	     34.37468356	     -9.45031949	     11.60851770	      8.22011448	     -1.41792678	     -2.48410989	      6.27611539	     -1.84302822	     14.12170946	     -3.39937269	     -1.65411576	    -12.59955016	     -0.04665258	    -10.66340461	     -0.04344434	    -38.38699967	    -41.11242447	     13.72511239	     10.87941978	     -0.05003033	     -0.04878067
      2.16500000	     19.63430331	     -5.46125983	      2.25915193	     34.85524676	     13.67773237	    -11.62146811	     14.38671856	      8.28694687	     -1.41360143	     -4.19799452	      4.62984046	     -1.58954729	     15.22303745	     -3.53664033	     -1.80935573	    -16.49113576	     -0.05103848	    -13.47265354	     -0.04707018	    -43.63221894	    -47.13694660	     15.70958671	     12.44014506	     -0.04927050	     -0.04859786
      2.17000000	     19.03668728	     -3.15074841	      2.54009803	     38.59917628	    -12.42952343	    -14.05922303	     13.98890164	      8.35184275	     -1.46836732	     -6.06016436	      1.94293015	     -1.09266215	     16.61538186	     -3.62036466	     -1.93947312	    -19.20750016	     -0.05523733	    -16.79892153	     -0.05042674	    -49.58372582	    -53.35592095	     17.96047481	     13.84959654	     -0.04828832	     -0.04825354
      2.17500000	     13.79191955	     -1.41550985	      2.48744948	     36.55484630	    -39.07663243	    -15.93500461	     11.10104312	      8.26711093	     -1.55811895	     -9.98383391	     -0.38523351	     -0.63717813	     18.33609971	     -3.63924897	     -2.03599627	    -20.96908364	     -0.05914853	    -19.49602299	     -0.05342535	    -55.46379632	    -59.87764237	     20.13970096	     15.54347050	     -0.04713363	     -0.04777237
      2.18000000	      4.70714227	     -0.49095379	      1.68367825	     29.76866456	    -60.98084653	    -16.23374704	      4.96271315	      7.18148803	     -1.54227103	    -14.19715406	     -2.77996808	     -0.09987340	     20.41535536	     -3.58506052	     -2.09126484	    -21.28501534	     -0.06266808	    -22.22856777	     -0.05598180	    -61.11453151	    -66.10317823	     21.88939054	     16.83515155	     -0.04585372	     -0.04717624
      2.18500000	     -5.96145839	     -0.26305765	      0.47345508	     20.44785476	    -82.68739478	    -14.10325852	     -3.02282635	      6.00215622	     -1.56906084	    -18.33006962	     -4.36332525	      0.30960179	     22.87403062	     -3.45370605	     -2.09887405	    -20.99535442	     -0.06569213	    -25.09696519	     -0.05802130	    -66.93021205	    -72.23975709	     23.93399540	     18.08508115	     -0.04449127	     -0.04648455
      2.19000000	    -14.87154909	     -1.79914193	     -0.82840303	     12.11726385	    -94.19091411	    -10.12714880	    -10.30410867	      4.26803932	     -1.46476174	    -21.29586392	     -4.89311007	      0.53545076	     25.72182312	     -3.24606642	     -2.05403746	    -21.07800601	     -0.06812136	    -28.46782936	     -0.05945580	    -71.53826102	    -77.72761525	     25.27647799	     19.02239839	     -0.04308270	     -0.04571725
      2.19500000	    -19.94274972	     -4.84055516	     -2.16780156	      7.04982902	   -103.01063816	     -4.44046555	    -16.38008470	      2.23519418	     -1.27346509	    -22.15344522	     -4.30984310	      0.48746037	     28.95574823	     -2.96841383	     -1.95387797	    -21.83541885	     -0.06986612	    -32.93431646	     -0.06030821	    -75.67900457	    -83.04078426	     26.50519908	     20.24466604	     -0.04165734	     -0.04489049
      2.20000000	    -19.46806414	     -8.14896167	     -2.84783061	      7.50353781	   -103.75285208	      2.66818281	    -18.96170880	      0.05227579	     -0.96310974	    -21.32019041	     -3.46802412	      0.37830445	     32.55919805	     -2.63227999	     -1.79762894	    -24.30734908	     -0.07085218	    -37.79813117	     -0.06061104	    -79.20347768	    -87.62927057	     27.60541176	     21.12375239	     -0.04023720	     -0.04401942
      2.20500000	    -13.77289012	    -11.04454303	     -2.52447920	     12.37039006	    -99.52050000	      9.14801462	    -17.24386153	     -1.47154879	     -0.67154536	    -20.02134389	     -2.56104859	      0.23114929	     36.50161698	     -2.25373848	     -1.58669970	    -28.83612952	     -0.07102662	    -42.86555477	     -0.06038737	    -81.68762606	    -91.73532199	     28.48352135	     21.83926537	     -0.03883758	     -0.04312169
      2.21000000	     -5.85632825	    -13.06161888	     -1.54674217	     18.69935173	    -90.58364038	     14.86664697	    -13.36920017	     -2.70094645	     -0.36529605	    -18.87034581	     -2.12706945	      0.17141439	     40.73880441	     -1.85216996	     -1.32457231	    -34.29997210	     -0.07033978	    -47.59984761	     -0.05968121	    -83.66333025	    -95.17886427	     29.07935986	     22.28603315	     -0.03746963	     -0.04221641
      2.21500000	      3.11039944	    -14.44267861	     -0.26323871	     25.11996709	    -82.16537137	     19.70494174	     -8.67753854	     -3.28024392	     -0.19231690	    -17.86356165	     -1.73441731	      0.07166740	     45.21381323	     -1.44866042	     -1.01652274	    -39.93451591	     -0.06883264	    -52.30711284	     -0.05855543	    -85.51972020	    -98.37989824	     29.85789894	     22.95118019	     -0.03614173	     -0.04132409
      2.22000000	     11.61788984	    -13.40944997	      1.34602330	     29.98904743	    -66.98322586	     22.36864474	     -3.63811707	     -2.98337120	     -0.21154574	    -17.39409015	     -2.48791938	      0.24294257	     49.85836759	     -1.06422615	     -0.66918814	    -45.50653985	     -0.06667564	    -56.23627355	     -0.05708859	    -86.76564708	   -100.54026531	     30.44726847	     23.12343829	     -0.03485271	     -0.04046605
      2.22500000	     19.72674840	    -13.64502056	      2.61346335	     33.57673141	    -49.71309346	     24.60637244	      0.55930256	     -3.11983009	     -0.15055978	    -16.48331103	     -2.76560629	      0.24728335	     54.59471125	     -0.71806665	     -0.29004265	    -50.15116406	     -0.06395716	    -60.35378855	     -0.05537099	    -87.40986476	   -102.50784155	     30.55875060	     23.67579072	     -0.03360526	     -0.03966346
      2.23000000	     28.35318496	    -12.14994219	      4.10834149	     36.77272869	    -31.18738581	     25.98854390	      5.21504356	     -3.19569519	     -0.11045828	    -15.50255122	     -4.34697615	      0.58787898	     59.33780021	     -0.42602344	      0.11312514	    -55.11160067	     -0.06078936	    -64.02823964	     -0.05350005	    -87.76317969	   -103.80624271	     30.71264610	     23.72883122	     -0.03240339	     -0.03893585
      2.23500000	     35.70208667	     -9.64183175	      5.31284057	     37.65820544	    -15.70565815	     25.84698717	      8.46114044	     -2.91263277	     -0.20221194	    -14.40240330	     -6.48780847	      1.06372257	     63.99774027	     -0.19938240	      0.53264599	    -59.25458391	     -0.05730352	    -67.76812997	     -0.05157548	    -88.09842073	   -104.91964269	     30.95239262	     23.88980894	     -0.03125383	     -0.03829959
      2.24000000	     42.37174434	     -6.95842887	      6.22045401	     36.94399777	     -3.02679970	     25.15772530	     10.72081696	     -3.14196969	     -0.20054953	    -12.95392121	     -9.21166236	      1.70391492	     68.48235993	     -0.04411953	      0.96125376	    -63.02938810	     -0.05364418	    -71.56859485	     -0.04969451	    -88.25527527	   -105.79616664	     30.89475527	     23.95913521	     -0.03016675	     -0.03776633
      2.24500000	     47.79943127	     -3.54817190	      6.85885883	     34.60831149	      5.29492530	     23.44451946	     11.77783405	     -2.95112443	     -0.33781430	    -11.47996403	    -12.16925037	      2.42415367	     72.69981336	      0.03935092	      1.39217944	    -66.15906757	     -0.04996229	    -75.32182885	     -0.04794743	    -88.58576560	   -106.78133989	     30.96581830	     24.07755891	     -0.02915592	     -0.03734175
      2.25000000	     54.68323369	     -0.60989634	      7.35196888	     33.16522164	      9.70226574	     21.70719875	     13.16822925	     -3.53589913	     -0.26161225	     -8.89381093	    -15.53048135	      3.28402050	     76.56114297	      0.05591030	      1.81905064	    -69.58908450	     -0.04640812	    -79.80231173	     -0.04641361	    -88.64992891	   -107.53129516	     30.89688945	     24.21564900	     -0.02823808	     -0.03702473
      2.25500000	     60.63521963	      1.88986482	      7.94021308	     30.77720410	     10.01796607	     19.55496201	     14.79112963	     -4.66905607	     -0.02015904	     -7.26218458	    -19.28131511	      4.29418133	     79.98279784	      0.01497023	      2.23564987	    -73.10165369	     -0.04312416	    -83.88433181	     -0.04515841	    -88.50268672	   -108.67737806	     30.60062615	     24.36681337	     -0.02743174	     -0.03680708
      2.26000000	     65.80043901	      4.37115520	      8.68889676	     27.90555909	      1.27522945	     17.37016318	     16.44448499	     -5.46373388	      0.17254017	     -6.46538069	    -22.75690435	      5.26578778	     82.88914504	     -0.07073422	      2.63562356	    -76.73869843	     -0.04023851	    -87.80986714	     -0.04423047	    -89.14242068	   -110.23501227	     30.77248163	     24.83590906	     -0.02675538	     -0.03667406
      2.26500000	     70.40192530	      5.67046641	      9.75164199	     24.66303361	     -9.84533462	     15.99995185	     19.10500876	     -7.04088737	      0.63376429	     -6.81630955	    -26.15470192	      6.26054152	     85.21497941	     -0.18668147	      3.01222959	    -80.84462949	     -0.03785928	    -91.20646056	     -0.04365208	    -89.55778056	   -111.79582186	     30.73257761	     25.21928519	     -0.02622541	     -0.03660530
      2.27000000	     72.76543955	      7.44577526	     11.02504655	     19.69141552	    -23.13164514	     14.79384750	     21.68807498	     -8.31716257	      1.04008659	     -8.69871112	    -29.54945551	      7.28918214	     86.90797349	     -0.31828078	      3.35819438	    -85.05552743	     -0.03607012	    -93.41889069	     -0.04343965	    -90.17887619	   -113.33010482	     30.86111705	     25.43717419	     -0.02585401	     -0.03657656
      2.27500000	     73.39042067	      7.81440808	     11.92509614	     13.60549654	    -39.39922117	     14.43347900	     23.16857779	     -9.57003724	      1.45229706	    -10.66572258	    -31.73855206	      7.99166673	     87.93093159	     -0.45259928	      3.66571815	    -88.48287938	     -0.03492627	    -95.58009831	     -0.04359697	    -90.90362495	   -115.06037499	     31.12599882	     26.09751555	     -0.02564738	     -0.03656193
      2.28000000	     70.20586924	      8.28087317	     12.42815266	      4.67363042	    -51.70416567	     14.78706403	     22.67279793	    -10.77424359	      1.82622946	    -13.33099123	    -33.76713330	      8.67195587	     88.26361045	     -0.57989951	      3.92660394	    -90.56658609	     -0.03444791	    -96.62317107	     -0.04411064	    -91.61563308	   -116.39238535	     31.36528321	     26.26809744	     -0.02560428	     -0.03653606
      2.28500000	     65.56118438	      6.18980572	     12.35271347	     -4.40649949	    -64.30310443	     17.61227506	     20.78667027	    -12.45061195	      2.32705408	    -15.43321811	    -33.95814564	      8.81341282	     87.90381355	     -0.69477849	      4.13245120	    -91.56589553	     -0.03464003	    -97.53970018	     -0.04495209	    -92.44147526	   -117.83159696	     31.49964578	     26.65391434	     -0.02571561	     -0.03647642
      2.29000000	     60.77629532	      3.61085693	     11.78962203	    -12.36698006	    -76.26183490	     21.10940019	     18.11785409	    -13.37313174	      2.61334760	    -16.29009225	    -32.84671862	      8.57871704	     86.86754048	     -0.79675202	      4.27489115	    -91.82233593	     -0.03548029	    -98.55909877	     -0.04608013	    -93.17830080	   -119.16096662	     31.83887349	     27.08396516	     -0.02596481	     -0.03636536
      2.29500000	     53.63817688	      0.74860605	     10.89887679	    -21.34899488	    -86.57916009	     25.72902885	     14.10066422	    -14.16583370	      2.84024704	    -17.37366608	    -31.04645640	      8.14578100	     85.18812489	     -0.89021467	      4.34588607	    -91.12796426	     -0.03691716	    -98.61119048	     -0.04744386	    -94.27110753	   -120.10394074	     32.26671682	     27.30643375	     -0.02632912	     -0.03619172
      2.30000000	     46.26648210	     -3.26973809	      9.88045047	    -29.53018944	    -95.90575268	     30.95355143	     10.26655756	    -14.98988780	      3.09021123	    -18.35944998	    -28.29866633	      7.43436600	     82.91442542	     -0.98377995	      4.33812224	    -90.11984300	     -0.03887362	    -98.24732165	     -0.04898566	    -94.97748767	   -120.95624319	     32.57901812	     27.64827516	     -0.02678172	     -0.03595184
      2.30500000	     37.95979716	     -6.58001663	      8.57576404	    -37.07470959	   -100.46854487	     35.46141290	      5.81883734	    -15.32008887	      3.18023386	    -18.95612674	    -25.42787920	      6.69392221	     80.10822952	     -1.08907836	      4.24551987	    -88.24103944	     -0.04125212	    -97.06075302	     -0.05064413	    -95.62148279	   -121.31530623	     32.86433182	     27.82844963	     -0.02729457	     -0.03564993
      2.31000000	     30.12166704	    -10.12200713	      7.18397962	    -42.65284768	    -98.42093016	     40.06166644	      1.76455487	    -15.96350562	      3.37817551	    -18.87163681	    -22.57713310	      5.97815662	     76.84109553	     -1.21916573	      4.06385041	    -85.81301296	     -0.04394297	    -95.34214562	     -0.05235671	    -95.88494036	   -120.91680811	     32.96210720	     27.66408174	     -0.02784140	     -0.03529773
      2.31500000	     24.46353699	    -13.05124687	      6.04068596	    -44.48968968	    -94.45635741	     42.92840034	     -0.45950838	    -15.96767296	      3.42478352	    -18.31390204	    -19.68306698	      5.24546409	     73.19086266	     -1.38673233	      3.79138202	    -83.67678288	     -0.04684382	    -93.25144246	     -0.05406487	    -95.80978763	   -120.40732575	     33.04852571	     27.64131031	     -0.02840077	     -0.03491371
      2.32000000	     19.63370949	    -15.35445603	      4.83327395	    -44.22489474	    -89.38040139	     44.45180924	     -2.26872244	    -15.84948271	      3.43800791	    -17.23064040	    -17.21002400	      4.63505131	     69.23803230	     -1.60230351	      3.42942172	    -81.19963853	     -0.04984622	    -90.86175497	     -0.05572700	    -95.58811754	   -119.73551321	     33.10140750	     27.56844213	     -0.02895835	     -0.03452154
      2.32500000	     16.50555260	    -17.22870606	      3.66065593	    -40.84997977	    -79.40699642	     44.01255678	     -3.04053625	    -15.92417406	      3.51851171	    -15.32449694	    -15.43223520	      4.22258853	     65.06223066	     -1.87261668	      2.98263259	    -78.28631854	     -0.05284360	    -88.39448598	     -0.05729886	    -94.92247542	   -118.60048232	     32.79513946	     27.34660566	     -0.02950876	     -0.03414832
      2.33000000	     15.35499508	    -17.23565898	      2.53106809	    -34.59115044	    -65.12906757	     41.56106702	     -2.81397795	    -15.62387994	      3.49516852	    -12.33333201	    -14.75554075	      4.11296855	     60.73898622	     -2.19934779	      2.45904867	    -75.43794781	     -0.05573647	    -85.72530235	     -0.05874021	    -93.82020099	   -116.73183603	     32.44383758	     26.72125321	     -0.03005636	     -0.03382278
      2.33500000	     14.90777628	    -16.66970802	      1.48696767	    -26.68559462	    -49.34409105	     37.11699125	     -2.01274090	    -15.19741430	      3.42972250	     -9.28655429	    -14.61560931	      4.11441606	     56.33705603	     -2.57832876	      1.86977633	    -72.11671927	     -0.05843557	    -82.79192180	     -0.06001641	    -92.53711970	   -114.71232210	     31.98022501	     26.21777891	     -0.03061500	     -0.03357340
      2.34000000	     15.65225818	    -15.10170896	      0.78338897	    -16.93867403	    -29.18601263	     31.06695708	      0.13008164	    -14.90057608	      3.40410740	     -6.35449464	    -15.57197900	      4.37905673	     51.91651366	     -2.99935561	      1.22845143	    -68.89339003	     -0.06086396	    -79.34484564	     -0.06109836	    -90.70956278	   -112.14109439	     31.28485157	     25.34245475	     -0.03120683	     -0.03342668
      2.34500000	     15.48646460	    -13.92949914	      0.20157801	     -8.38763456	     -9.92589224	     24.12562005	      2.22961519	    -14.66365361	      3.37136736	     -4.42299604	    -16.43237918	      4.56018515	     47.52773466	     -3.44663374	      0.55056751	    -65.28469301	     -0.06295836	    -75.41647813	     -0.06196223	    -88.52229879	   -109.40147513	     30.30102616	     24.67893687	     -0.03186020	     -0.03340561
      2.35000000	     15.05056823	    -11.86665465	     -0.07470605	     -0.37189542	     10.46341833	     16.51834541	      4.81103849	    -14.12468307	      3.24235126	     -3.29747148	    -17.76716307	      4.81817386	     43.21126460	     -3.89983184	     -0.14721665	    -61.74534362	     -0.06466959	    -70.83800743	     -0.06258909	    -86.00673473	   -106.09870060	     29.29170035	     23.73706210	     -0.03260705	     -0.03352846
      2.35500000	     15.28383779	     -9.90530875	     -0.28095670	      7.74023681	     28.39977516	      8.45034551	      7.66913808	    -13.59501774	      3.09985125	     -2.14568034	    -18.99914258	      4.99527585	     38.99841783	     -4.33564152	     -0.84771434	    -58.34762183	     -0.06596224	    -66.36595213	     -0.06296438	    -83.20038314	   -102.52006902	     28.01211294	     22.94428524	     -0.03347976	     -0.03380785
      2.36000000	     14.66577595	     -6.82832719	     -0.46962457	     14.40883433	     43.73444617	      0.98418189	      9.79619503	    -11.97786333	      2.66646516	     -1.33929846	    -19.98437894	      5.07237459	     34.91239442	     -4.72967925	     -1.53376820	    -54.67248059	     -0.06681387	    -61.60557792	     -0.06307752	    -80.52040693	    -98.55947562	     27.17764267	     21.79150153	     -0.03450814	     -0.03425018
      2.36500000	     13.86348979	     -5.88916539	     -0.94812345	     20.22079108	     59.02671611	     -5.09064704	     11.06628540	    -11.56207695	      2.51395010	     -0.10389089	    -20.27789140	      4.94370326	     30.96968393	     -5.05852534	     -2.18875717	    -50.55770324	     -0.06721366	    -57.19093699	     -0.06292143	    -77.25855398	    -94.35788965	     25.70117825	     20.89234235	     -0.03571632	     -0.03485542
      2.37000000	     12.47504905	     -4.68816826	     -1.32379797	     24.63989606	     70.09758682	    -10.36120063	     11.96964559	    -10.79302279	      2.26914464	      0.55122104	    -20.33494600	      4.74033724	     27.18153937	     -5.30168599	     -2.79709874	    -46.55131971	     -0.06716090	    -52.57412598	     -0.06249215	    -73.98008332	    -90.11067289	     24.37416656	     19.95916672	     -0.03712028	     -0.03561717
      2.37500000	     10.02615931	     -3.51901737	     -1.60215713	     27.16450893	     80.07560277	    -14.07161863	     12.29884394	     -9.87114661	      1.98808844	      0.57600851	    -20.02194926	      4.44941262	     23.55537328	     -5.44328951	     -3.34477598	    -42.51359653	     -0.06666338	    -47.61717799	     -0.06178856	    -70.58290851	    -85.46896525	     23.17812359	     18.83986727	     -0.03872574	     -0.03652305
      2.38000000	      7.43557932	     -4.16967867	     -2.02553609	     28.78178804	     89.88340768	    -15.93780031	     12.06549151	     -9.77469386	      1.88742835	      0.79868556	    -18.89501873	      3.98723833	     20.09599824	     -5.47337921	     -3.81989476	    -38.33292336	     -0.06566683	    -42.98506269	     -0.06081208	    -66.65884380	    -80.64040221	     21.49811806	     17.76287551	     -0.04052970	     -0.03755519
      2.38500000	      4.62313877	     -3.58383640	     -2.37296294	     29.57887356	     97.66469771	    -17.95657691	     11.49753496	     -9.25932970	      1.69919264	      0.91442529	    -18.29851861	      3.65788112	     16.80664322	     -5.38873126	     -4.21322747	    -34.20280135	     -0.06415154	    -38.45770432	     -0.05956651	    -62.72755531	    -75.68405668	     20.03742676	     16.59281924	     -0.04251286	     -0.03869080
      2.39000000	      1.99583395	     -4.62504481	     -2.65449711	     30.09383415	    103.15767240	    -17.67416887	     10.88882066	     -9.60764477	      1.69237123	      0.88989667	    -17.00490897	      3.20503162	     13.68966918	     -5.19318206	     -4.51864550	    -30.37762322	     -0.06218818	    -34.02048467	     -0.05798809	    -58.69499226	    -70.82933464	     18.34080324	     15.47308354	     -0.04464318	     -0.03990564
      2.39500000	      0.43381840	     -5.19123448	     -2.87773090	     31.09815024	    108.15253090	    -17.22961020	     10.53527629	     -9.67078431	      1.63111981	      1.43975493	    -15.77940711	      2.79906769	     10.74693966	     -4.89747674	     -4.73334603	    -26.82324165	     -0.05982939	    -30.16791608	     -0.05605999	    -54.46522613	    -65.76743488	     16.77616487	     14.30420612	     -0.04687894	     -0.04116744
      2.40000000	     -0.79426497	     -5.34282772	     -2.93038600	     31.89049199	    110.45690725	    -16.12146213	     10.39233901	     -9.45517184	      1.52510581	      1.80776642	    -14.53679072	      2.42525504	      7.97986961	     -4.51866133	     -4.85783806	    -23.73087841	     -0.05713090	    -26.40396798	     -0.05382949	    -50.23857724	    -60.84647116	     15.42931162	     13.07400290	     -0.04916832	     -0.04244081
      2.40500000	     -2.27085619	     -6.81001783	     -3.24060108	     31.66034438	    111.10566890	    -14.59394613	      9.38170085	     -9.77844050	      1.53297768	      2.55384599	    -12.66687048	      1.96658297	      5.38924475	     -4.07906125	     -4.89570498	    -20.38568310	     -0.05414999	    -23.30166827	     -0.05133018	    -45.91240793	    -55.89942553	     13.61208050	     12.22000939	     -0.05145107	     -0.04368908
      2.41000000	     -3.65147817	     -7.45512626	     -3.27809919	     31.27062619	    111.76574313	    -12.82593631	      8.81211021	     -9.67688889	      1.47452620	      2.83892472	    -11.13808686	      1.62111273	      2.97494659	     -3.60491475	     -4.85318881	    -17.47083297	     -0.05094416	    -20.10490616	     -0.04859971	    -41.52881975	    -51.05931717	     12.11234667	     11.04772726	     -0.05366041	     -0.04487385
      2.41500000	     -4.90282870	     -8.04201659	     -3.32478467	     30.56869646	    108.23026324	    -11.16476514	      8.02517968	     -9.12996418	      1.35715261	      3.09414369	     -9.21015003	      1.24005822	      0.73572043	     -3.12475107	     -4.73867773	    -14.69861136	     -0.04757008	    -17.19550088	     -0.04567878	    -37.47943979	    -46.59280639	     10.79396225	     10.23856572	     -0.05572502	     -0.04595582
      2.42000000	     -6.32248102	     -7.26983307	     -3.21223794	     29.22374072	    105.22252121	    -10.71584805	      7.30771994	     -8.11984968	      1.18937390	      3.09538566	     -8.14955228	      1.05413722	     -1.33090444	     -2.66762819	     -4.56219442	    -12.09497700	     -0.04408279	    -14.53802399	     -0.04261020	    -33.42534945	    -41.96811120	      9.47507071	      9.02582396	     -0.05757118	     -0.04689585
      2.42500000	     -7.31164446	     -7.15593943	     -3.07675303	     28.00493294	     96.89503097	     -9.70150757	      6.62962846	     -6.88949218	      1.00736858	      3.00896590	     -6.29404617	      0.76345630	     -3.22850930	     -2.26137437	     -4.33493028	     -9.78362348	     -0.04053499	    -12.09853787	     -0.03943783	    -29.94436130	    -37.85650419	      8.46605704	      8.32849399	     -0.05912494	     -0.04765609
      2.43000000	     -8.39906697	     -7.19494083	     -2.87532781	     26.44236484	     90.68654023	     -8.69048279	      6.09151333	     -6.26205914	      0.95255586	      2.71487162	     -4.98050057	      0.59860587	     -4.96155817	     -1.93097045	     -4.06880655	     -7.88759820	     -0.03697653	     -9.69023177	     -0.03620569	    -26.21997103	    -33.78933336	      7.15220411	      7.31515394	     -0.06031435	     -0.04820128
      2.43500000	     -9.28176997	     -7.09079162	     -2.57652840	     24.54316954	     81.78567207	     -8.16780905	      5.83940602	     -4.64020571	      0.76612767	      2.10120338	     -3.06972173	      0.37209053	     -6.53513974	     -1.69716213	     -3.77604460	     -6.25947873	     -0.03345402	     -7.47149800	     -0.03295695	    -22.65791164	    -30.09892536	      6.34401192	      6.60714315	     -0.06107166	     -0.04849995
      2.44000000	    -10.61270448	     -7.71795274	     -2.55006446	     22.40708923	     76.11432248	     -8.71596427	      4.90221300	     -3.64132954	      0.70304564	      1.81479951	     -1.41916922	      0.20467918	     -7.95473359	     -1.57534618	     -3.46874756	     -4.22370068	     -0.03002440	     -5.70835360	     -0.02973318	    -19.10784891	    -26.53949621	      4.99496699	      5.97509864	     -0.06133639	     -0.04852580
      2.44500000	    -12.23862561	     -8.41648119	     -2.40034503	     19.87316828	     71.07781291	     -8.77634574	      4.17948739	     -2.52862358	      0.63827069	      1.00454742	      0.33389534	      0.05375058	     -9.22602256	     -1.57475415	     -3.15849010	     -2.56459486	     -0.02672923	     -3.71837070	     -0.02657351	    -15.74986953	    -23.18933382	      3.98765868	      5.28307219	     -0.06105575	     -0.04825876
      2.45000000	    -14.62396171	     -8.91554360	     -2.38563139	     16.48013797	     68.69794978	     -9.79762980	      2.86641312	     -1.48586137	      0.60341499	      0.18082837	      1.66910087	     -0.03178043	    -10.35474650	     -1.69794198	     -2.85592100	     -0.66587148	     -0.02358338	     -1.95085607	     -0.02352439	    -12.55001882	    -19.81037928	      3.00212759	      4.69915635	     -0.06018738	     -0.04768670
      2.45500000	    -16.20636623	     -8.25268838	     -2.16733807	     13.69170944	     67.91989438	    -11.12179583	      2.25900342	     -0.15660048	      0.54048922	     -0.51660277	      2.26089903	     -0.00409320	    -11.34656413	     -1.94058604	     -2.57040761	      0.58936794	     -0.02061315	     -0.39054629	     -0.02062733	     -9.52577204	    -16.29274047	      2.32471357	      3.68026906	     -0.05870348	     -0.04680520
      2.46000000	    -18.47354426	     -7.67185310	     -2.06369133	     10.49606450	     67.71611378	    -13.29342708	      1.22426072	      1.70114124	      0.41850049	     -1.46661067	      3.27483139	     -0.03271081	    -12.20689338	     -2.29159229	     -2.30974647	      2.13843528	     -0.01784145	      1.18671886	     -0.01788672	     -6.95172070	    -13.19223959	      1.70120810	      3.04802683	     -0.05659222	     -0.04561726
      2.46500000	    -21.14033342	     -6.85347400	     -2.00007263	      6.89508926	     66.87725990	    -16.11297545	     -0.00829402	      3.74279012	      0.29225877	     -2.67046911	      4.16378887	     -0.04650940	    -12.94073360	     -2.73353075	     -2.07994320	      3.62995427	     -0.01528739	      2.79340427	     -0.01532261	     -4.68147356	    -10.54975609	      1.12614751	      2.65975024	     -0.05386035	     -0.04413656
      2.47000000	    -22.09314525	     -7.22165239	     -1.86364688	      5.06198513	     66.31244843	    -17.03482792	     -0.29634702	      4.43045625	      0.32941456	     -3.29421009	      4.87590753	     -0.03095566	    -13.55249735	     -3.24340029	     -1.88505822	      4.28210624	     -0.01296583	      3.99548136	     -0.01295180	     -2.71578723	     -7.97989673	      0.48024601	      2.01933101	     -0.05053564	     -0.04238648
      2.47500000	    -22.32322657	     -7.29645787	     -1.74121324	      3.62716012	     61.18013663	    -17.66450368	     -0.47100783	      5.13363101	      0.36512128	     -3.64989290	      5.39560215	      0.00615283	    -14.04588255	     -3.79371100	     -1.72712141	      4.58088066	     -0.01088685	      4.86856414	     -0.01078761	     -1.27023568	     -5.87292109	      0.06287877	      1.47805956	     -0.04666917	     -0.04040026
      2.48000000	    -23.47826088	     -6.12548551	     -1.68468361	      1.24871375	     51.11856726	    -19.11013706	     -1.31799587	      7.04836658	      0.22374122	     -4.49910113	      6.04312240	      0.03451440	    -14.42380937	     -4.35385030	     -1.60612165	      5.23304490	     -0.00905540	      5.91425826	     -0.00883966	     -0.67272264	     -4.44244879	      0.12641392	      1.38766682	     -0.04233707	     -0.03822097
      2.48500000	    -23.91560522	     -1.76190780	     -1.66566762	     -0.67929043	     37.75674483	    -21.65237605	     -2.60315035	     10.55580612	     -0.10015254	     -4.37993352	      5.75575050	      0.20256132	    -14.68843961	     -4.89167909	     -1.52007594	      6.01255708	     -0.00747116	      6.28138085	     -0.00711373	     -0.91001334	     -2.91510296	      0.67494862	      0.81143256	     -0.03764124	     -0.03590118
      2.49000000	    -24.03626302	     -2.01804131	     -1.89686648	     -2.38945161	     24.63445740	    -20.87867649	     -3.62650127	     10.55100618	     -0.02451604	     -4.39587368	      5.98422838	      0.33277082	    -14.84129083	     -5.37528045	     -1.46518429	      6.30674230	     -0.00612856	      6.56695213	     -0.00561180	     -0.91126106	     -1.97488363	      0.45770436	      0.78317928	     -0.03270886	     -0.03350224
      2.49500000	    -23.48138159	     -3.34949318	     -1.72423246	     -4.32792474	     11.99348191	    -19.89331084	     -4.57283301	     10.76331399	      0.00188960	     -3.85361466	      7.45073246	     -0.23765706	    -14.88344887	     -5.77475800	     -1.43607894	      6.59694178	     -0.00501710	      6.20390901	     -0.00433220	     -1.11315209	     -0.56629607	      0.49471637	      1.87027752	     -0.02768998	     -0.03109315
      2.50000000	    -24.05933674	     -2.40704319	     -1.75927334	     -6.65057674	      0.31728034	    -19.11090233	     -5.74415899	     11.15417036	      0.00155435	     -4.12766606	      6.81483490	     -0.12125963	    -14.81586978	     -6.06396623	     -1.42616726	      7.04753135	     -0.00412205	      6.28175583	     -0.00327003	     -1.25407902	     -0.11052084	      0.43771191	      1.20061888	     -0.02275297	     -0.02874869
      2.50500000	    -23.60903553	     -2.29620970	     -1.79042550	     -8.28931298	    -11.89937896	    -17.16145652	     -6.29958200	     10.99804005	      0.00364966	     -4.16248776	      6.43089671	     -0.03681085	    -14.63974301	     -6.22205618	     -1.42804913	      7.06574952	     -0.00342521	      6.14006786	     -0.00241778	     -1.34465433	      0.02727726	      0.70194574	      1.00176235	     -0.01807787	     -0.02654698
      2.51000000	    -23.85631659	     -3.47591800	     -1.63798580	    -10.56760005	    -22.16797907	    -14.50223811	     -6.73330348	     10.22698397	      0.05792393	     -4.95694836	      6.61058528	     -0.16259966	    -14.35687225	     -6.23473303	     -1.43398117	      7.04030821	     -0.00290599	      6.39300879	     -0.00176616	     -1.39211209	     -0.14343969	      0.55537711	      1.15044639	     -0.01384768	     -0.02456623
      2.51500000	    -22.58212673	     -3.60139824	     -1.58275362	    -11.27718665	    -29.21301603	    -12.17449521	     -6.63152072	      9.57606462	      0.06334778	     -4.72492631	      6.17313979	     -0.09908241	    -13.97003011	     -6.09513975	     -1.43636274	      6.80406078	     -0.00254256	      6.06106535	     -0.00130510	     -1.42700697	     -0.19614421	      0.56366873	      1.22896517	     -0.01023840	     -0.02288082
      2.52000000	    -22.05950996	     -3.91822627	     -1.50606963	    -12.81989178	    -32.84903864	     -8.87604113	     -6.88043178	      8.35081721	      0.11069760	     -4.70106301	      5.60228716	     -0.07890176	    -13.48324291	     -5.80430770	     -1.42821667	      6.64121377	     -0.00231303	      5.89704459	     -0.00102484	     -1.40954032	     -0.15547158	      0.38202322	      1.13458139	     -0.00740860	     -0.02155682
      2.52500000	    -21.60475573	     -3.36524962	     -1.27167855	    -14.31348320	    -33.95835524	     -5.71187459	     -7.01865097	      7.52099666	      0.09202768	     -4.75214923	      4.80443376	     -0.06904532	    -12.90196260	     -5.37114168	     -1.40363930	      6.53600592	     -0.00219658	      5.78830910	     -0.00091704	     -1.55378999	     -0.09866572	      0.43295813	      0.97886601	     -0.00548937	     -0.02064732
      2.53000000	    -20.21037692	     -3.51406401	     -0.97993987	    -15.09476941	    -33.56843484	     -1.41117228	     -6.47248859	      6.54301573	      0.04544932	     -4.58892731	      4.61502782	     -0.12574469	    -12.23310971	     -4.81192335	     -1.35820940	      6.00324318	     -0.00217464	      5.58923011	     -0.00097578	     -1.53403232	     -0.12494410	      0.71869442	      1.03145501	     -0.00457553	     -0.02018807
      2.53500000	    -19.10569165	     -4.48757004	     -0.96210050	    -15.97185848	    -30.09761591	      3.00754182	     -6.44899986	      4.59986108	      0.10610817	     -4.07247387	      4.31277318	     -0.14000280	    -11.48500278	     -4.14933652	     -1.28934934	      5.79548963	     -0.00223189	      5.18774944	     -0.00119835	     -1.51524221	     -0.18308968	      0.48156095	      1.16519781	     -0.00471872	     -0.02019405
      2.54000000	    -17.83717325	     -4.13029902	     -0.68540447	    -16.61614303	    -22.94924676	      6.98185180	     -5.94405860	      3.34806803	      0.06569844	     -3.67684679	      3.68115095	     -0.15131340	    -10.66718125	     -3.41106374	     -1.19660313	      5.33371463	     -0.00235723	      4.93786138	     -0.00158569	     -1.45824850	     -0.05395174	      0.49246960	      0.99140263	     -0.00592279	     -0.02065764
      2.54500000	    -16.95889296	     -4.35110695	     -0.49253868	    -17.65747793	    -13.94436715	     11.03580467	     -5.65856086	      2.02724234	      0.02098862	     -3.35327452	      3.50861540	     -0.24743549	     -9.79009879	     -2.62805739	     -1.08176046	      4.98128384	     -0.00254466	      4.75286471	     -0.00214247	     -1.30927259	     -0.05205739	      0.45326360	      1.02153463	     -0.00814187	     -0.02154881
      2.55000000	    -15.82196074	     -4.52425412	     -0.40505959	    -18.01847329	     -1.69425354	     15.00164748	     -5.39200466	      0.40250061	      0.01265666	     -2.61474150	      3.10274669	     -0.27323594	     -8.86464874	     -1.83262580	     -0.94874663	      4.70421006	     -0.00279393	      4.40354738	     -0.00287679	     -1.33473199	      0.07726280	      0.36903577	      0.91241229	     -0.01128152	     -0.02281759
      2.55500000	    -19.22626929	     -2.77850751	     -0.32199295	    -22.86423407	      2.85900270	     16.22206487	     -5.15646906	     -0.74434513	     -0.05853698	     -6.50405065	      0.65378344	      0.63234230	     -7.90148609	     -1.05649840	     -0.80322141	      4.43069251	     -0.00311103	      6.29961356	     -0.00379942	     -1.24402029	     -1.76523851	      0.38262914	      0.37440847	     -0.01520304	     -0.02439862
      2.56000000	    -22.11650055	     -4.32889533	      0.60913357	    -28.45035363	      1.32168997	     17.50975179	     -4.65870630	     -2.26778346	     -0.08168792	    -10.50776493	      0.06302750	      0.21946658	     -6.91012640	     -0.32904297	     -0.65187881	      3.96772961	     -0.00350833	      7.53829588	     -0.00492277	     -0.94772761	     -3.78197894	      0.26732177	      0.84294797	     -0.01973128	     -0.02621705
      2.56500000	    -19.04271755	     -4.23867879	      0.16820231	    -26.70040237	      9.40456250	     17.95511551	     -5.08545059	     -2.78116991	     -0.21763088	     -7.49561443	     -0.12873339	     -0.02777192	     -5.89786141	      0.32422109	     -0.50151610	      4.08958573	     -0.00400435	      5.54740034	     -0.00625966	     -1.07461888	     -4.63612474	      0.26627046	      1.16066360	     -0.02466555	     -0.02819489
      2.57000000	    -19.13905079	     -2.40890676	     -1.08038712	    -27.44175949	      2.39128760	     17.00539602	    -10.05523172	     -0.44612745	     -0.51753439	     -3.79219734	      1.04125801	     -0.33037213	     -4.86863846	      0.88273480	     -0.35803193	      6.70583013	     -0.00462302	      3.09307535	     -0.00782189	     -3.48557068	     -6.64815461	      1.06303863	      1.72103424	     -0.02979297	     -0.03025690
      2.57500000	    -19.39374223	     -4.43086962	     -3.47329790	    -28.64629261	     -8.04741464	     17.65701547	    -17.32923086	      0.39034394	     -0.56163688	      1.86408543	      3.62968087	     -0.81291070	     -3.82212787	      1.33162413	     -0.22555891	     10.30465617	     -0.00539255	     -0.68182209	     -0.00961883	     -5.37705715	     -9.58730366	      1.38851490	      2.50700995	     -0.03490309	     -0.03233504
      2.58000000	    -15.25981594	     -1.59563679	     -5.73755536	    -26.11245219	    -27.05699935	     13.70168549	    -22.54529461	      3.97184011	     -1.29710185	      9.17941897	      4.69267904	     -1.14567219	     -2.75318191	      1.66206852	     -0.10589568	     12.17308163	     -0.00634383	     -5.62591485	     -0.01165611	     -7.40293600	    -12.82251379	      2.31902170	      3.38193617	     -0.03980208	     -0.03437117
      2.58500000	     -2.35606729	     -2.26927838	     -5.72165782	    -13.24397067	    -38.37677350	     12.96647850	    -16.71285233	      4.09577302	     -1.70356900	     13.94106284	      5.19575549	     -1.38151218	     -1.65180813	      1.87136774	      0.00168312	      7.98397252	     -0.00752185	     -8.97943925	     -0.01393436	     -8.58779456	    -16.14582783	      2.76732356	      4.05449191	     -0.04432569	     -0.03631796
      2.59000000	     10.84098461	     -8.26675143	     -4.75398313	      0.62753310	    -38.39579548	     15.61341111	     -6.79934268	      0.15821003	     -1.43061194	     15.48979569	      5.81505750	     -1.60992471	     -0.50368942	      1.96276621	      0.10024229	      1.72564058	     -0.00894426	    -10.66094317	     -0.01644815	     -8.58461466	    -19.52160644	      2.41773809	      4.78754996	     -0.04834478	     -0.03813835
      2.59500000	     16.96193954	    -10.85672403	     -3.60617315	      7.02711543	    -45.80881079	     17.02698801	     -0.48353791	     -1.92564760	     -1.28186790	     13.70658878	      5.86698091	     -1.73345613	      0.70882547	      1.94508018	      0.19470217	     -3.31356297	     -0.01063299	    -10.54255302	     -0.01918513	    -10.30193621	    -22.89487946	      2.79982512	      5.52524630	     -0.05177092	     -0.03980420
      2.60000000	     23.53353682	     -9.46077575	     -0.88240048	     14.01086754	    -53.65374146	     14.56133091	      9.64599983	     -1.67291773	     -1.42871262	      8.54089041	      4.60063854	     -1.65557927	      2.00543061	      1.83215447	      0.29117508	    -10.65877275	     -0.01260580	     -8.74448331	     -0.02212540	    -12.25397463	    -26.34712535	      3.24772961	      6.02123592	     -0.05455498	     -0.04129479
      2.60500000	     28.19830091	    -10.01028359	      1.92752350	     19.81773883	    -53.79238118	     12.89912187	     19.63940064	     -2.95988036	     -1.24697871	      2.09857498	      3.12688471	     -1.51275813	      3.40646392	      1.64216948	      0.39622993	    -17.59272404	     -0.01487215	     -6.40687716	     -0.02525269	    -14.04133449	    -29.86654917	      3.62183525	      6.61220845	     -0.05668216	     -0.04259623
      2.61000000	     28.83451014	    -10.70110738	      3.81263069	     22.22699910	    -44.59463299	     10.09017258	     25.51655140	     -3.61542664	     -1.05598327	     -3.50082810	      2.05064225	     -1.41296006	      4.93157207	      1.39681963	      0.51614998	    -21.76233556	     -0.01743151	     -4.60855456	     -0.02852586	    -15.72826306	    -33.38960969	      4.28241945	      7.44426009	     -0.05816505	     -0.04369928
      2.61500000	     24.05164325	     -7.74165130	      4.01143273	     19.61175413	    -29.03527946	      1.91647892	     24.49325614	     -1.82476135	     -1.35075702	     -6.89074332	     -0.06029760	     -1.14539283	      6.59858033	      1.12037194	      0.65622621	    -21.59699402	     -0.02027222	     -4.30856820	     -0.03188558	    -17.79602692	    -36.86406032	      4.84590379	      8.11865018	     -0.05903629	     -0.04459846
      2.62000000	     17.52099547	     -6.48319071	      2.67360631	     15.71219618	    -10.57204621	     -5.22620849	     18.78854828	     -2.17543223	     -1.23800888	     -7.19516021	     -3.02232448	     -0.70092586	      8.42265278	      0.83859343	      0.82013644	    -18.68181751	     -0.02337089	     -5.91836682	     -0.03527442	    -19.94514276	    -40.80751136	      5.26127364	      8.67601581	     -0.05934218	     -0.04529326
      2.62500000	     15.38006700	     -6.71413369	      1.34530753	     15.51413998	     -2.93954642	    -11.74177741	     14.65722961	     -3.37088233	     -0.92026167	     -5.74270454	     -6.07903724	     -0.18644861	     10.41577097	      0.57753553	      1.00946431	    -16.72334889	     -0.02669239	     -9.49847848	     -0.03862761	    -22.23373452	    -45.75115896	      5.87861832	      9.56831929	     -0.05913771	     -0.04578724
      2.63000000	     17.96153571	     -6.96189741	      0.83948525	     19.82946712	     -5.40762747	    -17.79940809	     14.35168414	     -3.50358572	     -0.77842863	     -4.45399866	     -8.09913088	      0.22907928	     12.58653707	      0.36218383	      1.22339436	    -17.28038635	     -0.03019051	    -13.44512682	     -0.04187471	    -24.90633801	    -51.69127195	      6.59397463	     10.82517433	     -0.05848336	     -0.04608784
      2.63500000	     19.12244744	     -6.79602763	      0.19653433	     22.22285852	    -19.68002270	    -21.20408247	     12.14644631	     -2.71287720	     -0.79462936	     -3.37655081	     -8.84936756	      0.50422844	     14.94028282	      0.21500971	      1.45860374	    -17.63762500	     -0.03380915	    -17.58043302	     -0.04494177	    -29.46012819	    -57.84093855	      7.96961538	     12.10393830	     -0.05744288	     -0.04620595
      2.64000000	     17.21657058	     -6.27761653	      0.24524131	     20.96128455	    -33.32350720	    -23.60579787	     10.37700135	     -0.87693308	     -1.00542419	     -5.62075211	     -8.80018482	      0.71027365	     17.47941268	      0.15450823	      1.70936007	    -18.45230740	     -0.03748410	    -20.26818321	     -0.04775403	    -34.20292836	    -63.91192235	      9.53588730	     13.26291286	     -0.05608164	     -0.04615551
      2.64500000	     13.29253103	     -4.91353806	      0.52334377	     17.23084997	    -50.95345401	    -25.10134054	      7.91689219	      1.90142223	     -1.41362082	     -9.37128064	     -8.30718953	      0.85931569	     20.20387144	      0.19386713	      1.96780746	    -19.29869592	     -0.04114517	    -22.46816332	     -0.05023902	    -39.67006483	    -70.12002466	     11.75562380	     14.67672611	     -0.05446502	     -0.04595314
      2.65000000	      6.67707686	     -4.56026338	      0.26413028	     10.64266424	    -63.97229433	    -24.75078704	      3.19063015	      3.63724501	     -1.67007146	    -13.21325657	     -7.75539269	      1.03489691	     23.11160492	      0.33992815	      2.22439818	    -18.98985569	     -0.04471859	    -24.79591912	     -0.05233001	    -45.08671065	    -76.00165931	     13.57528145	     15.79413701	     -0.05265666	     -0.04561782
      2.65500000	      1.16260056	     -5.11415001	     -0.00581113	      4.94942897	    -79.57622788	    -22.31589308	     -1.26796315	      4.84946532	     -1.85093519	    -16.60359097	     -6.71451685	      1.11117048	     26.19885884	      0.59256292	      2.46843503	    -19.11642487	     -0.04812957	    -27.68329371	     -0.05396956	    -50.80891298	    -81.89003364	     15.59472286	     17.14988211	     -0.05071658	     -0.04517066
      2.66000000	     -0.97786183	     -5.71348015	      0.22755526	      2.53674691	    -89.25537458	    -18.28524807	     -3.08629785	      5.44581534	     -1.90982661	    -19.29688823	     -6.00433471	      1.27091059	     29.46016919	      0.94454121	      2.68870503	    -20.79552366	     -0.05130083	    -30.95767728	     -0.05511289	    -55.97823654	    -86.89262731	     17.41230449	     18.01595698	     -0.04869981	     -0.04463452
      2.66500000	     -1.29795590	     -7.68809584	      0.78127904	      1.83641917	    -97.43347833	    -12.21870240	     -3.29334378	      4.56960583	     -1.65504384	    -22.00484075	     -5.40193859	      1.43087674	     32.88797541	      1.38192598	      2.87417135	    -23.52629375	     -0.05416127	    -34.33592664	     -0.05572448	    -60.87153915	    -91.60737488	     18.93511864	     18.96548022	     -0.04665642	     -0.04403401
      2.67000000	     -0.72263315	    -10.00173760	      1.33185642	      2.16133789	   -100.58196005	     -4.99814088	     -3.19452548	      3.43790673	     -1.34642222	    -24.06693591	     -4.58295240	      1.51767949	     36.47190384	      1.88496769	      3.01466617	    -26.31593770	     -0.05670301	    -37.94159649	     -0.05576461	    -65.49549850	    -95.73339232	     20.40972230	     19.85771336	     -0.04462533	     -0.04339872
      2.67500000	     -1.67370680	    -11.58032570	      1.54199982	      0.31658056	    -99.06590111	      2.82777755	     -4.55772888	      2.86520232	     -1.21297173	    -25.90205215	     -3.57756938	      1.53601737	     40.19785457	      2.42941693	      3.10152764	    -28.48962446	     -0.05887867	    -41.42693745	     -0.05538070	    -69.67038112	    -99.15664532	     22.00936459	     20.54601215	     -0.04264027	     -0.04274825
      2.68000000	     -3.02372648	    -13.13723512	      1.34888481	     -1.88690037	    -91.36363254	     10.67330200	     -7.07107843	      1.95745983	     -1.02108886	    -26.74632799	     -2.79699791	      1.56223076	     44.04705025	      2.98814535	      3.12814340	    -29.76673236	     -0.06065022	    -45.20928039	     -0.05461824	    -73.48950052	   -101.92735083	     23.21776531	     21.00959789	     -0.04072805	     -0.04210620
      2.68500000	     -2.36707666	    -13.19282097	      1.03833277	     -2.54099198	    -79.79739818	     16.88200117	     -9.18767695	      1.39988004	     -0.93347125	    -25.98730146	     -2.94500358	      1.74237114	     47.99520734	      3.53293558	      3.09037480	    -31.19791281	     -0.06199052	    -49.69313384	     -0.05353604	    -76.55892705	   -104.11210571	     24.31900134	     21.37433177	     -0.03890925	     -0.04149437
      2.69000000	     -0.35136194	    -14.45467377	      0.65486330	     -1.99686328	    -64.97398848	     22.90832023	    -10.67163316	      0.35525631	     -0.72391462	    -24.54882988	     -2.65257311	      1.74470800	     52.01198235	      4.03627824	      2.98684293	    -32.70436545	     -0.06288468	    -54.36893995	     -0.05220364	    -78.83498546	   -106.22609171	     24.91786718	     22.14866626	     -0.03719911	     -0.04093180
      2.69500000	      2.78304677	    -12.00097741	      0.60123355	     -0.75363053	    -44.66268599	     26.96925631	    -11.38674338	      0.28968203	     -0.77892481	    -22.53166920	     -4.34594323	      2.22215016	     56.06080664	      4.47302181	      2.81907138	    -34.65184947	     -0.06333124	    -58.77807858	     -0.05069833	    -80.95700314	   -107.03588227	     25.89518213	     22.03599143	     -0.03560834	     -0.04043398
      2.70000000	      7.71861558	     -9.20968194	      0.89247065	      2.19391075	    -21.83699993	     29.66951111	    -10.53048317	     -0.12926787	     -0.71535688	    -20.33382816	     -6.73317162	      2.84023164	     60.09917542	      4.82175358	      2.59148737	    -37.26862351	     -0.06334293	    -62.94113117	     -0.04910188	    -82.64953468	   -107.52768672	     26.49498595	     22.03091541	     -0.03414393	     -0.04001207
      2.70500000	     12.89043752	     -6.96468558	      1.26694619	      4.56711553	     -1.57161254	     31.05128922	     -9.12593864	     -0.96329804	     -0.54618835	    -18.59480014	     -9.52048021	      3.54605356	     64.07942076	      5.06583840	      2.31127621	    -39.98955172	     -0.06294713	    -67.18873836	     -0.04749720	    -83.68697840	   -108.38935150	     26.76582802	     22.26146469	     -0.03280977	     -0.03967224
      2.71000000	     19.63791058	     -4.84787398	      1.71156441	      7.89865886	     12.89289054	     32.09510279	     -7.05563875	     -1.57258969	     -0.43302769	    -16.33287343	    -12.14573734	      4.20095733	     67.94993447	      5.19409977	      1.98808473	    -43.19144673	     -0.06218558	    -71.89872018	     -0.04596508	    -84.79280515	   -109.43619695	     27.16063103	     22.60984426	     -0.03160721	     -0.03941516
      2.71500000	     27.83167565	     -1.71504816	      2.50457267	     12.20772660	     21.54568461	     31.11750336	     -3.59852442	     -1.10359825	     -0.58313204	    -14.33447684	    -14.97131545	      4.90993510	     71.65672251	      5.20116966	      1.63358495	    -47.14185729	     -0.06111350	    -76.72173534	     -0.04458114	    -85.72322660	   -111.01573193	     27.75245872	     23.06053650	     -0.03053548	     -0.03923564
      2.72000000	     35.67037271	      0.78476586	      3.22719201	     15.63451415	     25.13825431	     29.91684434	     -0.39974891	     -1.20493223	     -0.58402034	    -12.52237102	    -17.95410125	      5.66954987	     75.14512816	      5.08755255	      1.26092652	    -51.05499089	     -0.05979792	    -81.62768277	     -0.04341306	    -86.81722989	   -112.78415381	     28.14913805	     23.55129125	     -0.02959209	     -0.03912264
      2.72500000	     43.02109831	      3.82339258	      3.82291478	     17.64414607	     20.74824103	     27.29663251	      2.32751115	     -1.25112207	     -0.62351124	    -10.87807823	    -21.44186245	      6.58486878	     78.36157474	      4.85945430	      0.88411035	    -55.11829815	     -0.05831512	    -86.75926931	     -0.04251828	    -88.07289689	   -114.89058193	     28.68439588	     24.35764597	     -0.02877313	     -0.03905950
      2.73000000	     49.55384259	      6.72373154	      4.36870466	     18.76813335	     15.22196592	     24.34293023	      4.83144153	     -1.55899836	     -0.59322132	     -9.56126842	    -25.20344976	      7.59779958	     81.25522346	      4.52840704	      0.51731106	    -59.00504323	     -0.05674759	    -91.54900114	     -0.04194175	    -89.14356240	   -117.14513635	     28.98953406	     24.81412787	     -0.02807370	     -0.03902470
      2.73500000	     55.19555512	      9.02836404	      4.80589158	     19.02232036	      5.16388916	     21.82724612	      6.76848099	     -2.11948965	     -0.49542883	     -8.45074397	    -28.64035337	      8.53360989	     83.77949569	      4.11068327	      0.17417796	    -62.69127760	     -0.05518034	    -96.12658568	     -0.04170041	    -90.70383468	   -119.49970026	     29.41849800	     25.38832475	     -0.02748813	     -0.03899284
      2.74000000	     59.05476330	     10.63393132	      5.37478355	     17.52498836	     -5.65263101	     19.57442021	      8.67287054	     -3.03376132	     -0.28977393	     -8.63989730	    -31.83298338	      9.40622345	     85.89344979	      3.62647524	     -0.13285303	    -66.30546246	     -0.05369711	    -99.70361685	     -0.04181371	    -92.18847146	   -121.89851638	     29.73649479	     25.98350852	     -0.02701036	     -0.03893608
      2.74500000	     63.00125694	     11.45176254	      5.85507665	     16.35211126	    -16.06676312	     17.95610929	     10.65477781	     -3.84557426	     -0.10096736	     -8.41218494	    -34.12121533	     10.02262973	     87.56301326	      3.09882729	     -0.39320291	    -69.84927265	     -0.05237650	   -103.06273319	     -0.04229596	    -93.56651872	   -123.94947863	     29.89666168	     26.47475610	     -0.02663415	     -0.03882633
      2.75000000	     65.66929093	     10.50539431	      6.25325707	     14.55102076	    -28.34741901	     17.69535148	     12.30375860	     -5.05671898	      0.20782360	     -8.75601514	    -35.32228007	     10.30100524	     88.76204750	      2.55232959	     -0.59870584	    -72.97682076	     -0.05128754	   -105.79947572	     -0.04314607	    -94.93816180	   -126.37024222	     30.03415436	     27.18153524	     -0.02635341	     -0.03863705
      2.75500000	     67.30922131	      9.98487498	      6.80074617	     12.14066210	    -42.21597234	     17.95205114	     13.85314628	     -5.09994354	      0.19887066	     -9.62872904	    -35.58008316	     10.29103980	     89.47319666	      2.01162372	     -0.74403253	    -75.96744772	     -0.05048661	   -107.79255465	     -0.04434785	    -96.55609319	   -128.52932006	     30.55863782	     27.58842285	     -0.02616228	     -0.03834533
      2.76000000	     66.52123612	      8.30411490	      7.08467221	      7.94039170	    -55.92886073	     18.51470547	     14.23350515	     -5.31723454	      0.21258762	    -11.15961660	    -34.81912751	      9.95761766	     89.68847481	      1.49982844	     -0.82695294	    -78.00353595	     -0.05002092	   -108.93544059	     -0.04587099	    -98.12694265	   -130.68634719	     30.85514850	     28.36563277	     -0.02605541	     -0.03793391
      2.76500000	     64.46303189	      5.57860410	      7.05873618	      3.04232562	    -69.61136479	     20.72482705	     13.55257106	     -5.34579749	      0.15595742	    -12.39449634	    -32.84214795	      9.24585955	     89.40956693	      1.03703019	     -0.84843027	    -79.22474650	     -0.04992045	   -109.69880845	     -0.04767253	    -99.41757267	   -132.75430969	     31.31439081	     29.00480952	     -0.02602811	     -0.03739287
      2.77000000	     61.25340399	      1.63959394	      6.70003353	     -2.14359665	    -80.18866723	     23.31103494	     12.04321659	     -6.13646064	      0.29588755	    -13.31559678	    -30.42465738	      8.40276073	     88.64783127	      0.63898431	     -0.81254382	    -79.39010078	     -0.05019591	   -110.09444380	     -0.04969891	   -100.29568232	   -134.41074526	     31.22683645	     29.57980812	     -0.02607645	     -0.03672102
      2.77500000	     57.49715506	     -1.86330810	      6.54014467	     -6.81328946	    -90.78594783	     26.10915719	     10.74366691	     -5.96969127	      0.19045823	    -14.64570892	    -27.26153819	      7.32751998	     87.42398496	      0.31616200	     -0.72623990	    -79.29186577	     -0.05083826	   -109.60327108	     -0.05188824	   -101.22906585	   -135.80960233	     31.57352367	     30.14277925	     -0.02619751	     -0.03592674
      2.78000000	     51.29731163	     -6.25459285	      6.19374816	    -13.14466316	   -100.80697183	     29.62891323	      8.25475322	     -6.60477142	      0.28970364	    -16.71756996	    -23.93530336	      6.20042827	     85.76743732	      0.07325393	     -0.59890934	    -78.13972714	     -0.05182085	   -108.17521928	     -0.05417292	   -101.98092098	   -137.02303464	     31.72060415	     30.70680537	     -0.02638958	     -0.03502816
      2.78500000	     44.82029985	    -11.02119995	      5.67411960	    -18.77070340	   -107.26900194	     32.88413168	      5.49763884	     -7.38376171	      0.42935480	    -18.33942640	    -20.25883112	      4.97469899	     83.71522387	     -0.09080151	     -0.44179018	    -76.22469780	     -0.05310736	   -106.28761194	     -0.05648229	   -102.21472588	   -137.70546283	     31.58548397	     31.31924143	     -0.02665254	     -0.03405274
      2.79000000	     37.87179734	    -15.12711496	      5.18513520	    -23.43243295	   -109.34665829	     35.94910513	      2.62419617	     -8.52930477	      0.68209520	    -19.89365374	    -17.25150356	      3.95598565	     81.31051533	     -0.18225300	     -0.26720774	    -73.65500533	     -0.05464555	   -103.45650907	     -0.05874543	   -102.31317527	   -137.74462546	     31.52803367	     31.69509509	     -0.02698805	     -0.03303614
      2.79500000	     32.75257600	    -17.06861324	      4.58763061	    -24.35559792	   -104.21421665	     36.71168880	      0.31029370	     -9.31393803	      0.85488712	    -19.86577639	    -15.54592307	      3.34044038	     78.60074064	     -0.21148674	     -0.08769275	    -70.62837889	     -0.05637119	   -100.26766580	     -0.06091074	   -101.87653663	   -137.11191734	     31.28130035	     31.61526814	     -0.02739992	     -0.03202077
      2.80000000	     29.35263407	    -19.07509876	      3.80532172	    -21.87339170	    -93.77879731	     36.78092852	     -1.52042280	    -10.54036563	      1.16845143	    -18.41458788	    -14.07008173	      2.79481057	     75.63545016	     -0.19161413	      0.08494678	    -67.13116932	     -0.05821118	    -96.87010581	     -0.06293013	   -100.96524656	   -136.00643413	     30.70498858	     31.61244585	     -0.02789420	     -0.03105324
      2.80500000	     28.43987651	    -18.93440565	      3.12806187	    -15.62973813	    -80.19849091	     34.65603356	     -2.02719984	    -11.12607140	      1.34213861	    -15.83837113	    -13.68779305	      2.56610845	     72.46412353	     -0.13687005	      0.24049717	    -63.98703545	     -0.06008641	    -93.12471358	     -0.06475205	    -99.50412345	   -134.53734977	     30.20881889	     31.48604296	     -0.02847911	     -0.03018239
      2.81000000	     27.65276049	    -17.56438301	      2.31901334	     -8.24911270	    -59.22702021	     31.10922531	     -2.72590497	    -11.83200966	      1.54779933	    -12.57824137	    -14.32866966	      2.62966243	     69.13415550	     -0.06101044	      0.37105345	    -60.04738870	     -0.06191483	    -88.88931526	     -0.06633060	    -97.55815040	   -132.11408698	     29.35469184	     30.85396627	     -0.02916457	     -0.02945690
      2.81500000	     26.73739949	    -14.58155452	      1.60531868	     -0.69341192	    -38.54524280	     26.07356105	     -3.42312879	    -11.68192596	      1.53099887	     -9.50523268	    -15.43073566	      2.80047162	     65.68922069	      0.02411659	      0.47150320	    -55.87421985	     -0.06361451	    -84.15271162	     -0.06762612	    -95.54175590	   -129.28570566	     28.69643060	     30.13484212	     -0.02996143	     -0.02892298
      2.82000000	     25.41087428	    -11.46873204	      0.88340565	      6.26614165	    -14.50385726	     20.18828565	     -4.20805361	    -11.47633220	      1.51013124	     -6.55959107	    -16.77563197	      3.02252872	     62.16813598	      0.10968289	      0.53974046	    -51.10867387	     -0.06510659	    -79.25240043	     -0.06860547	    -92.78585285	   -125.81931265	     27.72846178	     29.13167740	     -0.03088037	     -0.02862233
      2.82500000	     23.72719415	     -8.38197363	      0.32846917	     12.43016109	      6.35069803	     14.22530712	     -4.82942574	    -11.09974760	      1.46238659	     -4.33314105	    -17.93148317	      3.16824217	     58.60423515	      0.19057300	      0.57660714	    -46.45749834	     -0.06631805	    -73.94536376	     -0.06924211	    -89.91849993	   -122.16984163	     26.73268375	     28.23570712	     -0.03193054	     -0.02859037
      2.83000000	     19.83392467	     -5.45957456	     -0.12708267	     15.26033547	     26.63897270	      8.69686689	     -6.31401627	    -10.52520240	      1.36720681	     -3.32637144	    -18.72586935	      3.21222326	     55.02519412	      0.26559703	      0.58559507	    -41.28825520	     -0.06718414	    -68.13818194	     -0.06951605	    -86.88733878	   -117.73879059	     25.64626404	     27.10325780	     -0.03311825	     -0.02885479
      2.83500000	     15.68442951	     -2.73481168	     -0.28178666	     16.94456156	     43.06084955	      3.46044691	     -7.25652471	     -9.67332286	      1.23032659	     -3.35376535	    -19.18114719	      3.16209202	     51.45322221	      0.33720392	      0.57236543	    -36.53003858	     -0.06765040	    -61.98212882	     -0.06941365	    -83.63917872	   -113.21677895	     24.64033628	     26.07786121	     -0.03444557	     -0.02943432
      2.84000000	     12.12172456	     -0.35615646	     -0.39529695	     18.20153792	     57.70411782	     -1.08399065	     -7.93521534	     -9.01425638	      1.16351005	     -3.22862982	    -19.58106823	      3.11545440	     47.90553210	      0.41073070	      0.54415503	    -32.05639703	     -0.06767426	    -56.11804120	     -0.06892746	    -80.00001925	   -108.27120418	     23.45151311	     24.78069158	     -0.03590933	     -0.03033792
      2.84500000	      9.33786528	      0.42722190	     -0.60056276	     19.42338398	     70.15344118	     -4.73547391	     -8.41436020	     -8.63304875	      1.18301228	     -2.74060469	    -19.01124129	      2.85275891	     44.39500894	      0.49329850	      0.50914305	    -27.66811359	     -0.06722616	    -50.78208568	     -0.06805599	    -75.99889985	   -103.23128136	     22.03721933	     23.84197540	     -0.03750022	     -0.03156413
      2.85000000	      7.26206469	      1.39924560	     -0.74329375	     20.51922519	     84.72146333	     -7.00695993	     -8.55522001	     -8.08227072	      1.17583485	     -1.83842604	    -18.35066202	      2.62606107	     40.93103684	      0.59253797	      0.47583222	    -23.63752322	     -0.06629023	    -45.62964318	     -0.06680355	    -71.59089756	    -97.44900039	     20.62322156	     22.18218837	     -0.03920229	     -0.03310075
      2.85500000	      5.29645547	      0.94264552	     -1.00294397	     20.56560972	     94.35825305	     -8.64821520	     -8.84801685	     -7.70942333	      1.21997238	     -0.96740650	    -16.76627875	      2.21744541	     37.52046703	      0.71535137	      0.45247177	    -19.75032943	     -0.06486449	    -41.00599598	     -0.06518006	    -66.91587492	    -91.91087406	     19.05597691	     21.06561212	     -0.04099272	     -0.03492476
      2.86000000	      4.18989111	      0.35389953	     -1.15856419	     20.82226759	    105.48182168	     -9.59131266	     -8.48054335	     -7.60333954	      1.32470849	      0.10741026	    -15.37344881	      1.90052849	     34.16867756	      0.86687576	      0.44654012	    -16.33905207	     -0.06288276	    -36.66095432	     -0.06320086	    -61.83041330	    -86.01340323	     17.41202143	     19.65188155	     -0.04284505	     -0.03700251
      2.86500000	      3.37106993	     -0.51686669	     -1.17309303	     20.47830875	    113.77131281	     -9.93995932	     -7.75142864	     -7.62050660	      1.46750589	      0.92566433	    -13.83485987	      1.59504700	     30.88062251	      1.04973415	      0.46430081	    -13.42105373	     -0.06038722	    -32.58895594	     -0.06084690	    -56.79051062	    -79.95868189	     15.66457258	     18.19871313	     -0.04472054	     -0.03929192
      2.87000000	      3.22312533	     -1.63972681	     -1.01664617	     19.73320797	    118.40803108	     -9.62303732	     -6.29812780	     -7.06267380	      1.48758657	      1.45222540	    -11.44439441	      1.15374741	     27.66175577	      1.26359074	      0.51044042	    -11.34309232	     -0.05743979	    -28.69711064	     -0.05810962	    -51.65780297	    -73.91969757	     14.15932104	     17.11344384	     -0.04657705	     -0.04173949
      2.87500000	      2.92607884	     -1.68581495	     -0.88092484	     18.50043847	    123.88306503	     -9.60831865	     -5.18738761	     -6.49616879	      1.50970451	      2.20923212	     -9.94116735	      0.93946639	     24.51873104	      1.50497432	      0.58780067	     -9.28404053	     -0.05410505	    -25.13777824	     -0.05505533	    -46.55456003	    -67.66731139	     12.61532276	     15.55168021	     -0.04836820	     -0.04428213
      2.88000000	      3.24256132	     -1.91568125	     -0.63235856	     17.08230508	    123.93723987	     -8.62912289	     -3.71425759	     -5.74553227	      1.48729278	      2.86306042	     -8.05105615	      0.68965966	     21.45980257	      1.76731979	      0.69722067	     -7.85430923	     -0.05045448	    -22.01147319	     -0.05173474	    -41.80353932	    -61.52975291	     11.32790130	     14.04549236	     -0.05004415	     -0.04685142
      2.88500000	      3.78033164	     -2.12440983	     -0.38206160	     15.52597982	    121.60425749	     -7.85961428	     -2.15354783	     -4.98862007	      1.46030062	      3.47207109	     -6.19165635	      0.46772898	     18.49489090	      2.04119908	      0.83749716	     -6.78082512	     -0.04656374	    -19.16664195	     -0.04820151	    -37.11434223	    -55.71128725	     10.09649543	     12.88127922	     -0.05155299	     -0.04937388
      2.89000000	      4.64846347	     -2.78539435	     -0.11690181	     13.74135850	    117.73284036	     -6.70970844	     -0.42782758	     -4.44074650	      1.48210863	      4.12060980	     -4.19479213	      0.25523646	     15.63535845	      2.31473667	      1.00545229	     -6.11451492	     -0.04251013	    -16.77463648	     -0.04451100	    -32.40184992	    -49.92657500	      8.64236603	     11.64077871	     -0.05284219	     -0.05177307
      2.89500000	      4.15548100	     -2.48556775	      0.12129369	     10.81796827	    112.28187764	     -5.64253589	      0.31354669	     -3.91653922	      1.48994942	      4.32294508	     -3.02049575	      0.21272489	     12.89361344	      2.57419718	      1.19608648	     -5.14132805	     -0.03837030	    -14.32988401	     -0.04071916	    -28.29818936	    -44.43425872	      7.46244261	     10.17655127	     -0.05386026	     -0.05397182
      2.90000000	      3.91747443	     -3.37397478	      0.30249767	      7.60185036	    103.27959569	     -4.16202730	      1.18611565	     -3.07716376	      1.44357500	      4.38780075	     -0.64284643	     -0.01860758	     10.28265085	      2.80469505	      1.40280652	     -4.52857610	     -0.03421808	    -12.27171856	     -0.03688137	    -24.20292993	    -39.36625383	      6.31863823	      9.30623078	     -0.05455831	     -0.05589455
      2.90500000	      2.73066135	     -3.49545711	      0.66248875	      3.74965973	     96.64120909	     -3.35976852	      2.04970758	     -2.31194801	      1.40359431	      3.63210814	      0.87267132	     -0.08568649	      7.81558221	      2.99095737	      1.61773852	     -4.02065891	     -0.03012272	     -9.92772030	     -0.03305146	    -20.20954945	    -34.44749608	      5.15373578	      8.19943183	     -0.05489174	     -0.05746945
      2.91000000	      1.55412615	     -3.53086031	      0.96632589	      0.15534968	     89.26881057	     -2.61026686	      2.69065245	     -1.15659252	      1.29232809	      2.96082419	      2.57896543	     -0.17219062	      5.50519004	      3.11809688	      1.83212423	     -3.49947129	     -0.02614733	     -7.86630029	     -0.02928078	    -16.56013682	    -29.84038706	      4.24040978	      7.19277595	     -0.05482192	     -0.05863055
      2.91500000	     -0.77193395	     -4.45098961	      1.14942365	     -4.36893225	     85.13548331	     -1.23419112	      2.65053728	     -1.00663258	      1.32620534	      1.98512757	      4.08751595	     -0.22819451	      3.36353633	      3.17238246	      2.03677458	     -2.79805104	     -0.02234757	     -5.78549926	     -0.02561731	    -13.07432982	    -25.12856511	      3.13479770	      6.25405439	     -0.05431799	     -0.05931942
      2.92000000	     -3.31485034	     -4.30069841	      1.30339067	     -8.65186179	     81.43200760	      0.06642261	      2.07763841	     -0.19370271	      1.25474027	      1.23425806	      5.35766562	     -0.24823185	      1.40161061	      3.14199764	      2.22254641	     -1.94087666	     -0.01877072	     -3.89199220	     -0.02210484	    -10.19606423	    -20.49096184	      2.58649737	      5.18453474	     -0.05335867	     -0.05948672
      2.92500000	     -6.44763127	     -3.55667320	      1.48467960	    -12.81780489	     83.42798334	      0.38401552	      1.36388502	      0.39887649	      1.20713480	      0.26614999	      5.88768962	     -0.17039011	     -0.37101283	      3.01777383	      2.38080527	     -1.03724736	     -0.01545496	     -1.87512234	     -0.01878217	     -7.45079158	    -15.74324807	      1.76689419	      4.02765181	     -0.05193427	     -0.05909351
      2.93000000	     -8.93882185	     -2.66510603	      1.56486631	    -16.12968549	     84.28012164	      0.44736450	      0.56669077	      1.10607849	      1.14793745	     -0.22634415	      6.24984169	     -0.08947025	     -1.94650579	      2.79387090	      2.50383817	     -0.29581486	     -0.01244462	     -0.32448929	     -0.01568246	     -4.90388433	    -11.40443503	      1.12227921	      2.96494356	     -0.05004966	     -0.05811255
      2.93500000	    -11.72548816	     -3.62555761	      1.35321053	    -18.78524669	     81.43581145	      1.85453206	     -0.91000474	      1.12191358	      1.15231792	     -0.74782298	      7.42976564	     -0.12939009	     -3.31908638	      2.46833584	      2.58519704	      0.83658117	     -0.00974222	      1.08887169	     -0.01283262	     -3.26788064	     -7.90990799	      0.57423823	      2.36218695	     -0.04772353	     -0.05652980
      2.94000000	    -13.37944371	     -3.78453658	      1.43341209	    -20.19465127	     75.21201144	      2.93944583	     -1.52235740	      1.95280044	      1.10385628	     -1.42079633	      8.44176379	     -0.15513405	     -4.48528843	      2.04344251	      2.61997229	      1.29992878	     -0.00735460	      2.36875154	     -0.01026091	     -1.82638236	     -5.03032800	      0.47520457	      1.61058303	     -0.04499370	     -0.05434650
      2.94500000	    -15.96587065	     -4.10690959	      1.26274592	    -21.85601284	     66.87931655	      2.93125360	     -2.73196223	      3.06948209	      0.92613771	     -2.67900353	      9.64323111	     -0.18298744	     -5.44420875	      1.52574304	      2.60500332	      2.16365574	     -0.00528198	      3.80062191	     -0.00797293	     -0.84160528	     -2.98075338	      0.14440453	      1.24894195	     -0.04191803	     -0.05157968
      2.95000000	    -17.79484867	     -2.04932926	      0.85340224	    -22.32057062	     56.25367364	      0.95517921	     -4.53785042	      5.51006305	      0.66060876	     -2.92950538	      9.97184855	      0.05175409	     -6.19772756	      0.92580747	      2.53903517	      3.27630694	     -0.00351753	      4.65432713	     -0.00597083	     -0.28434384	     -1.50311150	      0.35944573	      0.94632672	     -0.03857583	     -0.04826563
      2.95500000	    -21.39188823	     -0.50140450	     -0.52945467	    -25.48128596	     38.23836445	     -2.04771722	     -9.96713992	      8.03521514	      0.18502964	     -1.72856722	     10.84343804	     -0.02155551	     -6.75068352	      0.25765858	      2.42282512	      6.39599397	     -0.00204829	      3.85270527	     -0.00425353	     -0.92329856	      0.39243478	      0.49728035	      1.44244497	     -0.03506814	     -0.04446165
      2.96000000	    -24.19429053	     -2.71450417	     -0.32205689	    -26.83053943	     17.11545434	     -1.17280605	    -11.15588805	      8.35005979	      0.08247342	     -4.45808433	     11.99887325	     -0.50660934	     -7.11099268	     -0.46205886	      2.25918391	      6.97393984	     -0.00085631	      5.32325614	     -0.00281401	     -0.94436701	      0.21168259	      0.46446401	      1.36506366	     -0.03151640	     -0.04024739
      2.96500000	    -26.65409195	     -2.85823100	     -0.30754378	    -27.50958963	     -1.21664794	     -2.04986718	    -12.80435501	      8.91637849	     -0.06129323	     -6.37524785	     11.63963318	     -0.70690196	     -7.28972274	     -1.21509636	      2.05291093	      7.82888649	      0.00008012	      6.33297411	     -0.00163997	     -1.21774894	      0.13387568	      0.54001374	      1.08331342	     -0.02805882	     -0.03572519
      2.97000000	    -25.14609256	     -2.75082312	     -0.69939489	    -24.14817686	    -17.98146395	     -3.50273632	    -13.18905956	      9.94864587	     -0.27725674	     -5.89871818	     11.53861427	     -0.65827276	     -7.30113591	     -1.98270757	      1.81057453	      8.06459322	      0.00078512	      5.99798503	     -0.00071458	     -1.40972494	      0.07956216	      0.80135818	      1.16003619	     -0.02484416	     -0.03101887
      2.97500000	    -24.41607045	     -4.54349115	     -0.93570808	    -21.35782596	    -29.48271250	     -3.52844226	    -13.24783934	      9.08868330	     -0.29854449	     -6.28617989	     11.19408455	     -0.74714922	     -7.16268569	     -2.74674242	      1.54010947	      8.06926471	      0.00128388	      6.18300095	     -0.00001765	     -1.33865169	     -0.05993544	      0.58311065	      1.18478690	     -0.02202290	     -0.02627064
      2.98000000	    -22.82625909	     -4.93780611	     -1.24012249	    -17.78867001	    -38.16446480	     -4.42267301	    -13.21030085	      9.01964535	     -0.42445409	     -5.86946530	     10.47324643	     -0.70944373	     -6.89493515	     -3.49063179	      1.25023531	      8.06248365	      0.00160134	      5.95107826	      0.00047309	     -1.28459192	     -0.09722005	      0.69043040	      1.15413883	     -0.01973654	     -0.02163571
      2.98500000	    -21.92048651	     -5.89102584	     -1.56319108	    -14.67576935	    -43.07585001	     -5.47243335	    -13.41118698	      8.62872448	     -0.52082556	     -5.71123971	      9.89688131	     -0.76285872	     -6.52134847	     -4.20017494	      0.94974656	      8.37080464	      0.00176095	      5.86193708	      0.00078048	     -1.31234957	     -0.24037253	      0.49414436	      1.25090654	     -0.01810600	     -0.01727514
      2.99000000	    -20.69408388	     -6.37056030	     -1.85975050	    -11.66769137	    -47.16744000	     -6.09391100	    -13.52716570	      8.33030706	     -0.64987019	     -5.30478891	      9.15217325	     -0.78051408	     -6.06786475	     -4.86407742	      0.64679391	      8.51403707	      0.00178351	      5.64434779	      0.00092655	     -1.39559669	     -0.34932779	      0.65416220	      1.33263501	     -0.01722062	     -0.01334730
      2.99500000	    -19.05901279	     -7.39831366	     -1.93829481	     -8.34135585	    -47.40966270	     -6.14119668	    -12.82240528	      7.16580871	     -0.68765395	     -5.12930702	      8.11371859	     -0.80372807	     -5.56215082	     -5.47422546	      0.34830141	      8.21768551	      0.00168625	      5.58293348	      0.00093106	     -1.37832016	     -0.39822616	      0.52614965	      1.27299941	     -0.01712941	     -0.00999891
      3.00000000	    -17.13065425	     -8.05756484	     -1.97725489	     -5.19608746	    -46.53859725	     -6.03963007	    -11.96650568	      6.62537649	     -0.79962663	     -4.72791612	      7.44164764	     -0.85074604	     -5.03250802	     -6.02569974	      0.05960638	      7.83411793	      0.00148200	      5.39126635	      0.00081041	     -1.35974200	     -0.46712499	      0.79152431	      1.34098033	     -0.01783554	     -0.00735651
      3.00500000	    -16.47619035	     -8.77290471	     -2.17839408	     -3.42533499	    -40.69729277	     -6.21810341	    -11.84782413	      5.63541495	     -0.86523303	     -4.43146059	      6.48297489	     -0.86860177	     -4.50650499	     -6.51654660	     -0.21566607	      7.95130554	      0.00117869	      5.29338567	      0.00057664	     -1.32463721	     -0.41863985	      0.57646470	      1.21233938	     -0.01929517	     -0.00551916
      3.01000000	    -15.00521491	     -9.61913532	     -2.21045192	     -1.27853640	    -33.62407999	     -5.95371305	    -10.91717544	      4.60686018	     -0.92054675	     -4.03744104	      5.64477052	     -0.87847904	     -4.00946226	     -6.94734654	     -0.47552858	      7.61830487	      0.00077899	      5.11688275	      0.00023686	     -1.25480800	     -0.39153493	      0.57276307	      1.16564348	     -0.02142059	     -0.00455292
      3.01500000	    -14.07412139	    -10.52224257	     -2.13387705	     -0.25148803	    -24.80674280	     -5.24455654	     -9.91330070	      3.58901219	     -0.97536518	     -4.00371347	      4.98278914	     -0.94975549	     -3.56294972	     -7.32063594	     -0.71942467	      7.13863405	      0.00028036	      5.16176610	     -0.00020709	     -1.09084052	     -0.34916643	      0.59194988	      1.07755398	     -0.02408744	     -0.00448729
      3.02000000	    -13.05132845	    -11.98790186	     -2.16574307	      0.57147017	    -14.98415725	     -3.98747143	     -8.93185157	      2.06285908	     -0.95775537	     -3.70074909	      4.40137354	     -0.97454216	     -3.18346832	     -7.64025206	     -0.94796476	      6.70769945	     -0.00032484	      5.02662051	     -0.00075863	     -1.09846265	     -0.32388692	      0.59523790	      1.08604224	     -0.02714512	     -0.00531374
      3.02500000	    -18.92932033	     -9.32819792	     -3.18472223	     -5.94690000	    -19.23958935	     -4.28268492	    -14.99886054	      3.41563310	     -1.17226005	     -3.43491681	      3.99385592	     -1.00991247	     -2.88143901	     -7.91068293	     -1.16265173	      9.94974048	     -0.00104881	      4.88979287	     -0.00142625	     -3.98862783	     -0.35286681	      1.42998037	      1.19937271	     -0.03042930	     -0.00698624
      3.03000000	    -26.56312551	     -7.93430076	     -4.48217251	    -14.79375700	    -16.17646373	     -3.94772611	    -21.95886043	      3.58893172	     -1.15133815	     -3.31740731	      3.44426278	     -1.02901224	     -2.66054938	     -8.13649982	     -1.36560836	     13.57610719	     -0.00190774	      4.88816930	     -0.00222297	     -6.10332866	     -0.29141478	      1.83550910	      1.14856096	     -0.03377502	     -0.00942385
      3.03500000	    -22.49591148	     -6.41996358	     -3.72869228	    -12.64053946	    -12.15472838	     -3.09639237	    -18.20616429	      4.30953509	     -1.45797614	     -2.88055240	      3.22336409	     -1.03300661	     -2.51745893	     -8.32193573	     -1.55930440	     11.00551044	     -0.00292091	      4.75926701	     -0.00316559	     -6.93245720	     -0.17159655	      2.37046258	      1.10621962	     -0.03702886	     -0.01251533
      3.04000000	    -17.43128268	     -7.54184012	     -2.60846748	     -8.97955769	      0.75142148	     -0.60357950	    -12.56379752	      2.95611871	     -1.43251965	     -2.85056706	      3.00513503	     -1.08818188	     -2.44183825	     -8.47065373	     -1.74627939	      7.70440598	     -0.00410968	      4.91692706	     -0.00427363	     -7.25961393	     -0.03566147	      2.53844391	      0.96663808	     -0.04005878	     -0.01612558
      3.04500000	    -15.49785452	     -7.15004083	     -2.19040216	     -8.83232714	      5.41658570	      2.01322684	    -10.62756649	      2.36491757	     -1.44173782	     -2.39003886	      2.83049447	     -1.08182190	     -2.41670630	     -8.58570839	     -1.92886510	      6.12337798	     -0.00549634	      4.84053840	     -0.00556811	     -9.15808414	      0.05963882	      3.21245141	      0.94581469	     -0.04276061	     -0.02010394
      3.05000000	    -15.17467882	     -4.50383052	     -1.50026068	    -10.64904678	     -8.35540313	      1.81801182	     -7.57029774	      3.86085724	     -1.66400434	     -5.57884981	      1.87653710	     -0.52336000	     -2.41902893	     -8.66965765	     -2.10891886	      3.67496835	     -0.00710283	      6.29139588	     -0.00706996	    -11.34970181	     -2.50042149	      4.17974076	      0.92129777	     -0.04506066	     -0.02429346
      3.05500000	     -4.95369357	    -12.35937506	     -1.42953521	     -4.64006393	    -53.22396220	      5.32407262	     -3.29440692	      3.14587225	     -1.58206747	     -2.70123200	      5.91247345	     -1.37358647	     -2.42053708	     -8.72475586	     -2.28758299	      0.70980362	     -0.00894942	      2.15384303	     -0.00879847	    -13.24879511	     -7.44069390	      4.57495916	      2.70602635	     -0.04691493	     -0.02854041
      3.06000000	      7.34464589	    -11.29035281	     -1.07142633	      7.04691191	    -39.77876504	      6.51430267	      1.99273390	      1.61229110	     -1.38330200	      4.60127432	      4.47667126	     -1.16423366	     -2.38871026	     -8.75314236	     -2.46509528	     -2.74178601	     -0.01105337	     -1.44045781	     -0.01076954	    -15.00077711	     -7.06301316	      4.99519028	      2.72014541	     -0.04830564	     -0.03270294
      3.06500000	     18.27349875	     -9.85315956	     -0.77452370	     17.32502863	    -40.02628297	      4.90917220	      6.82086930	      3.06513158	     -1.50063885	     10.22714921	      4.41765101	     -1.12204455	     -2.28786861	     -8.75693605	     -2.64068641	     -5.72177599	     -0.01342763	     -4.92044446	     -0.01299414	    -16.77452113	     -8.99547536	      5.86983879	      3.23907317	     -0.04923648	     -0.03665775
      3.07000000	     23.68802443	    -10.57674119	     -1.15782919	     22.13109633	    -54.21270923	      2.14613825	      8.54645986	      4.15384117	     -1.55987398	     12.88767099	      4.58621030	     -1.12221440	     -2.08034937	     -8.73817891	     -2.81259144	     -6.74604231	     -0.01607956	     -7.83115909	     -0.01547690	    -18.87514459	    -13.40057689	      6.77998589	      4.52223727	     -0.04972761	     -0.04030434
      3.07500000	     22.71328493	    -13.15987475	     -1.23174604	     21.52307258	    -49.64666251	      3.04911247	      9.65831340	      3.90236163	     -1.47104319	     11.18153059	      5.69919506	     -1.29655030	     -1.72778539	     -8.69863845	     -2.97817029	     -7.44543087	     -0.01900981	     -7.69466244	     -0.01821490	    -20.76997424	    -16.80671353	      7.47516172	      5.25240074	     -0.04981116	     -0.04356656
      3.08000000	     17.75398044	    -15.22322784	     -1.01409123	     17.93911852	    -34.81065973	      1.87055652	     10.89430531	      4.53149376	     -1.47598197	      6.07900572	      6.91596935	     -1.46772368	     -1.19250132	     -8.63953033	     -3.13410710	     -7.86799415	     -0.02221130	     -5.63014183	     -0.02120293	    -22.18462681	    -20.53339823	      8.03334530	      6.43695950	     -0.04952769	     -0.04639230
      3.08500000	      5.28178443	    -14.92177208	     -0.42395761	      6.77730408	    -15.32068079	     -0.77847520	     10.15940671	      5.76598187	     -1.57669856	     -3.84653399	      6.60631193	     -1.50250315	     -0.43900859	     -8.56122930	     -3.27666079	     -7.25078246	     -0.02566850	     -1.16139189	     -0.02442197	    -24.01796408	    -23.94067474	      9.04023355	      7.34641102	     -0.04892333	     -0.04875118
      3.09000000	     -8.12059049	    -12.92540054	      0.64716467	     -4.78501675	     10.14191646	     -4.71315869	     10.25972515	      7.22253566	     -1.71616182	    -15.29308646	      5.10216863	     -1.35284709	      0.56444784	     -8.46302074	     -3.40194493	     -7.14858038	     -0.02935686	      4.15713382	     -0.02783079	    -25.82944187	    -27.10586324	      9.77098783	      7.79400591	     -0.04804765	     -0.05063091
      3.09500000	    -16.40611882	    -10.14920594	      1.59197748	    -11.15029143	     26.61384907	     -7.52146957	     10.80718794	      9.87604477	     -2.02217595	    -23.16151893	      4.61320869	     -1.32157899	      1.84439274	     -8.34291731	     -3.50621847	     -7.73603983	     -0.03325127	      7.31465940	     -0.03138500	    -28.85214246	    -30.23790881	     11.28232220	      8.45675066	     -0.04695234	     -0.05203562
      3.10000000	    -18.85219366	     -7.76495214	      1.38588601	    -11.16871013	     35.65074039	    -10.08436504	      9.68820678	     11.57463003	     -2.25944121	    -24.62923521	      3.83697047	     -1.22894952	      3.42084209	     -8.19753064	     -3.58618793	     -7.79807693	     -0.03730602	      6.71950889	     -0.03502965	    -32.58964128	    -33.79252788	     12.61403600	      9.42027775	     -0.04568883	     -0.05298256
      3.10500000	    -12.87732370	     -3.98637872	      0.19608014	     -2.56693513	     28.68783013	    -13.98221442	      7.78039552	     13.99756905	     -2.64781383	    -18.64512604	      2.48761400	     -0.97316768	      5.30638066	     -8.02198315	     -3.63932781	     -7.82916232	     -0.04145228	      1.29937238	     -0.03870004	    -37.17843267	    -38.44942618	     14.54925731	     10.70932432	     -0.04430583	     -0.05349929
      3.11000000	     -5.63895635	     -0.73355178	     -1.34070177	      7.10741093	      9.98515838	    -17.69109576	      5.24498712	     15.71804021	     -2.99685594	    -11.80746934	      0.60769970	     -0.56889646	      7.50561904	     -7.80988466	     -3.66418972	     -7.95718127	     -0.04562369	     -5.42823799	     -0.04232317	    -42.14828050	    -44.41428393	     16.45135974	     12.18489830	     -0.04284957	     -0.05362099
      3.11500000	      1.15369531	      0.49947108	     -2.93244080	     16.30999581	    -14.04951461	    -18.90997502	      2.55024345	     15.78666304	     -3.15824822	     -5.84915941	     -1.19442463	     -0.15057578	     10.01497515	     -7.55343334	     -3.66064587	     -8.45344596	     -0.04974621	    -12.18564749	     -0.04581985	    -47.29577221	    -51.22600879	     18.35743545	     13.88428005	     -0.04136204	     -0.05338783
      3.12000000	      7.77678064	     -0.66489471	     -3.82658096	     25.16855416	    -36.91954058	    -17.11923686	      1.82249623	     15.11288303	     -3.15916464	     -2.27147846	     -1.51650857	      0.02522698	     12.82270883	     -7.24371196	     -3.63002963	    -10.32782868	     -0.05373991	    -18.00343482	     -0.04910741	    -52.31057330	    -58.02525116	     19.94988707	     15.59923110	     -0.03988025	     -0.05284269
      3.12500000	     10.14091380	     -2.35037004	     -3.38326626	     28.99903253	    -57.50100012	    -14.13682594	      3.19515852	     13.84208620	     -3.02376821	     -4.83718974	     -2.04774789	      0.17689656	     15.90914886	     -6.87124573	     -3.57515704	    -13.68870701	     -0.05752118	    -20.91355349	     -0.05210298	    -57.09716950	    -64.65545279	     21.49946140	     17.39550549	     -0.03843589	     -0.05202943
      3.13000000	      8.91918085	     -3.98727199	     -2.12616738	     28.68280762	    -76.17140009	    -10.07676670	      5.23582740	     11.77042707	     -2.72612426	    -11.46986149	     -3.50606505	      0.48365317	     19.24709860	     -6.42684502	     -3.50022593	    -17.62503277	     -0.06100545	    -22.07013199	     -0.05472724	    -61.87826638	    -71.00664023	     23.11221841	     18.82984935	     -0.03705530	     -0.05099172
      3.13500000	      6.86595944	     -5.02788864	     -0.62486277	     26.91667041	    -92.03500018	     -6.69564725	      7.60784977	     10.78822518	     -2.59798311	    -19.16339453	     -4.45268290	      0.67867930	     22.80246806	     -5.90268948	     -3.41061015	    -21.87263593	     -0.06411008	    -22.96600986	     -0.05690832	    -66.07078496	    -77.16862120	     24.76567457	     20.46808766	     -0.03575992	     -0.04977240
      3.14000000	      3.91487623	     -5.18202493	      0.07376846	     23.79164071	   -103.05452368	     -4.49261713	      7.54615604	      9.60009654	     -2.48780546	    -25.03230024	     -6.36240394	      1.10636766	     26.53519992	     -5.29356362	     -3.31257180	    -24.80605653	     -0.06675760	    -25.11331978	     -0.05858571	    -69.60812016	    -82.89445590	     26.11327380	     21.85152102	     -0.03456678	     -0.04841325
      3.14500000	      1.73521027	     -5.61817027	      0.23381125	     21.23147547	   -107.63281909	     -2.46554694	      6.48072699	      8.30030875	     -2.36506734	    -28.90112801	     -7.97303719	      1.51154403	     30.40052233	     -4.59811970	     -3.21290094	    -27.06862274	     -0.06887883	    -28.35619886	     -0.05968665	    -72.40170051	    -88.04442496	     27.01579902	     23.17055979	     -0.03348912	     -0.04695677
      3.15000000	      0.70046654	     -5.44132072	      0.05832517	     19.76223319	   -106.21633213	     -0.20263247	      5.00467071	      7.87765416	     -2.42986102	    -30.98794035	     -8.96920522	      1.84148803	     34.35049633	     -3.82001413	     -3.11848949	    -29.01352222	     -0.07041594	    -32.25618512	     -0.06021955	    -74.59767724	    -92.64306794	     27.94699277	     24.16971164	     -0.03253691	     -0.04544415
      3.15500000	      0.28564557	     -6.33427649	     -0.22667916	     18.49150528	    -98.45297562	      2.55865719	      3.69282974	      7.20355422	     -2.43633091	    -32.34645563	     -9.17547979	      1.98352316	     38.33577436	     -2.96876665	     -3.03585688	    -30.75331852	     -0.07132510	    -36.46425826	     -0.06027302	    -76.00133280	    -96.54786729	     28.51264075	     25.25776649	     -0.03171723	     -0.04390991
      3.16000000	      1.14258789	     -8.61835744	     -0.64979923	     18.37971328	    -86.46157550	      7.78048792	      2.60042149	      5.96345365	     -2.31080005	    -32.54417884	     -8.33913327	      1.90502600	     42.30745523	     -2.06021566	     -2.97065444	    -32.58748990	     -0.07153126	    -40.78856310	     -0.05987578	    -77.03859770	    -99.86577537	     28.84283564	     26.03807800	     -0.03103946	     -0.04239051
      3.16500000	      4.37343851	    -10.93949264	     -0.98458188	     20.21472871	    -70.95822024	     13.18056149	      2.55271702	      4.97425005	     -2.19747865	    -31.32974978	     -6.91749770	      1.65940661	     46.21887749	     -1.11645002	     -2.92718793	    -34.90873431	     -0.07117455	    -45.44896814	     -0.05907168	    -77.55108863	   -102.46185164	     28.98791947	     26.79029873	     -0.03050117	     -0.04092062
      3.17000000	      9.29583502	    -12.74969767	     -1.17406791	     23.42128962	    -54.48482431	     18.47964609	      3.27260811	      4.05088139	     -2.07003985	    -29.16560915	     -5.70777532	      1.43063130	     50.02714817	     -0.16509556	     -2.90800271	    -37.52133031	     -0.07028867	    -50.28305558	     -0.05791783	    -77.91058109	   -104.53519361	     29.26189554	     27.44255118	     -0.03010133	     -0.03953264
      3.17500000	     16.34368801	    -13.57261469	     -1.24479105	     28.49209855	    -32.46644558	     22.71035102	      4.93309638	      2.76159947	     -1.79520035	    -25.51114314	     -5.52083558	      1.46649773	     53.69422406	      0.76211929	     -2.91356318	    -40.41171085	     -0.06891369	    -55.31580981	     -0.05648205	    -77.68380062	   -105.66730468	     29.01711995	     27.47141064	     -0.02983704	     -0.03825620
      3.18000000	     23.92694164	    -14.15895609	     -1.23652770	     33.30159335	    -11.67076004	     26.21530332	      6.93281473	      1.72274363	     -1.55839128	    -21.60326233	     -5.22255127	      1.41302060	     57.18744107	      1.63148658	     -2.94204221	    -43.49460170	     -0.06710161	    -60.20984004	     -0.05483966	    -77.25722789	   -106.42166894	     28.81183871	     27.79985981	     -0.02970337	     -0.03711730
      3.18500000	     31.76988971	    -13.58003159	     -0.97660869	     37.75171294	      5.87664374	     29.16986485	      9.28360114	      0.89835325	     -1.34641950	    -17.78816855	     -5.59538613	      1.50341987	     60.47948144	      2.40997213	     -2.98923194	    -46.94345301	     -0.06491431	    -64.71454760	     -0.05306985	    -77.17670757	   -106.75123510	     28.94851949	     28.03943584	     -0.02969351	     -0.03613748
      3.19000000	     39.88472545	    -12.59297965	     -0.63741840	     41.58211128	     19.26989687	     31.05659149	     11.78533428	     -0.20930893	     -1.03015730	    -13.89151662	     -6.71026719	      1.78526535	     63.54787835	      3.06811451	     -3.04858653	    -50.62497008	     -0.06242125	    -69.28596088	     -0.05125191	    -77.01804131	   -106.88100862	     28.74187592	     28.03397821	     -0.02979900	     -0.03533279
      3.19500000	     46.26321983	    -10.64171762	     -0.17180460	     42.92362050	     28.44342190	     31.33307437	     13.83388020	     -0.95711219	     -0.80215262	    -11.14589167	     -8.52144494	      2.23239433	     66.37426468	      3.58277183	     -3.11140012	    -54.10399428	     -0.05969682	    -73.29117194	     -0.04946139	    -76.99734924	   -106.99228917	     28.56863550	     27.96416977	     -0.03000987	     -0.03471273
      3.20000000	     51.51462697	     -9.49288363	      0.23991770	     42.33174273	     29.84660207	     30.96241108	     15.41415762	     -1.25067642	     -0.70044134	     -9.20074533	     -9.67564965	      2.46892627	     68.94360906	      3.93929976	     -3.16712011	    -57.32897365	     -0.05681773	    -77.41960879	     -0.04776671	    -76.89867319	   -107.70279067	     28.47009943	     28.30340393	     -0.03031483	     -0.03427948
      3.20500000	     55.00427672	     -7.77279173	      0.51970629	     39.32902979	     26.39755871	     29.20996853	     15.93311807	     -1.28771648	     -0.69751340	     -7.82483281	    -11.36847934	      2.85153539	     71.24363847	      4.13286335	     -3.20380112	    -60.04333961	     -0.05386028	    -81.52777033	     -0.04622166	    -76.79627662	   -108.58765613	     28.42800075	     28.61416753	     -0.03070144	     -0.03402766
      3.21000000	     56.10585094	     -5.07878362	      0.73400899	     33.79309209	     21.86901429	     25.73148856	     15.43676899	     -1.61585269	     -0.64566444	     -7.43374784	    -14.33403878	      3.60715723	     73.26456094	      4.16875788	     -3.20870913	    -62.25821336	     -0.05089661	    -84.95275157	     -0.04484186	    -76.56464570	   -109.55650023	     28.06760520	     28.63074673	     -0.03115654	     -0.03394347
      3.21500000	     55.21438282	     -1.68511501	      0.63002420	     25.67038312	      9.34537973	     20.88269444	     13.21291057	     -0.71178740	     -1.00443039	     -7.30459819	    -16.85770690	      4.24576178	     74.99909129	      4.06176233	     -3.16907264	    -63.71367314	     -0.04794915	    -88.81989682	     -0.04366361	    -76.81494223	   -110.73279977	     28.22983200	     29.06815017	     -0.03166621	     -0.03400587
      3.22000000	     52.33506948	      0.75769471	      0.64499771	     15.73607128	     -3.99624623	     15.37865954	     10.75554529	     -0.56976261	     -1.14550336	     -8.59328106	    -19.71236075	      4.98698821	     76.44267268	      3.83467166	     -3.07295109	    -64.70040291	     -0.04506491	    -92.21423692	     -0.04271621	    -76.69193415	   -112.23999912	     27.93986394	     29.54693717	     -0.03221499	     -0.03418803
      3.22500000	     48.97209287	      3.49294557	      0.92536460	      5.81951934	    -20.46088393	      9.49913622	      8.57659990	     -0.09938752	     -1.36413120	    -10.53964466	    -22.60707322	      5.76261664	     77.59371251	      3.51623386	     -2.91016942	    -65.79249878	     -0.04230864	    -95.37314887	     -0.04201543	    -76.83505767	   -113.85299154	     27.80553853	     29.96811476	     -0.03278791	     -0.03445869
      3.23000000	     44.94137070	      5.49348857	      1.33841701	     -4.33295027	    -36.88253340	      4.27898207	      6.51874895	      0.03746782	     -1.46959938	    -12.97792549	    -25.23969692	      6.48036358	     78.45362826	      3.13872993	     -2.67325400	    -66.87741194	     -0.03973769	    -98.17060970	     -0.04156444	    -76.80279104	   -115.41497473	     27.63548698	     30.42134976	     -0.03336995	     -0.03478429
      3.23500000	     40.81431380	      6.04940841	      2.00533668	    -13.51960061	    -50.02697614	      0.40662222	      5.19456751	      0.18706792	     -1.54361216	    -15.86328755	    -26.67079196	      6.83168896	     79.02655996	      2.73541321	     -2.35828469	    -67.92388324	     -0.03740104	   -100.35973869	     -0.04135551	    -76.47253835	   -116.92843747	     27.32358468	     30.90128590	     -0.03394628	     -0.03513118
      3.24000000	     37.03452435	      6.70199462	      2.81537410	    -21.08445421	    -59.23615184	     -1.81186584	      4.18460847	      0.37277443	     -1.60217623	    -18.32461448	    -27.84665427	      7.14217430	     79.31877350	      2.33800605	     -1.96555020	    -69.01612732	     -0.03533860	   -101.94966169	     -0.04137219	    -76.31677693	   -117.91708533	     27.23305304	     30.88908519	     -0.03450241	     -0.03546784
      3.24500000	     34.01792489	      4.81996611	      3.42155498	    -27.00361039	    -66.62197352	     -1.86876569	      3.22071952	      0.08705130	     -1.50740182	    -19.84149432	    -27.16632070	      6.88400377	     79.33795604	      1.97443001	     -1.49989549	    -69.84246474	     -0.03358111	   -103.74333346	     -0.04159196	    -75.93714841	   -118.73984169	     26.77208399	     31.23811098	     -0.03502452	     -0.03576684
      3.25000000	     31.54180004	      2.93150830	      3.95905390	    -30.86384120	    -70.80917750	     -0.99184956	      2.40113277	      0.22440879	     -1.53671902	    -20.67328212	    -25.91476259	      6.46094109	     79.09267090	      1.66692021	     -0.97068539	    -70.44093955	     -0.03215038	   -105.13216811	     -0.04198870	    -75.40833986	   -119.67923457	     26.51457017	     31.42826404	     -0.03549972	     -0.03600631
      3.25500000	     30.25709373	     -0.42349690	      4.58597014	    -32.43209962	    -75.41039538	      2.20131801	      2.25180485	      0.01457135	     -1.42077361	    -20.95375725	    -23.50162281	      5.67627916	     78.59218969	      1.43065296	     -0.39135032	    -71.36415178	     -0.03105987	   -106.34655840	     -0.04253516	    -75.14616532	   -120.50494323	     26.28567850	     31.74074551	     -0.03591641	     -0.03617089
      3.26000000	     29.54753671	     -3.97319964	      5.07563944	    -32.17876682	    -78.06551607	      6.43049950	      2.13042109	     -0.18625748	     -1.30354606	    -20.49483682	    -20.69561043	      4.78962386	     77.84677826	      1.27298982	      0.22146271	    -72.08166462	     -0.03031552	   -107.26854372	     -0.04320492	    -74.92779249	   -121.30947094	     26.11710419	     31.89320100	     -0.03626456	     -0.03625212
      3.26500000	     29.61503995	     -7.65994752	      5.14616135	    -30.31386971	    -79.34055991	     10.98048834	      1.51319547	     -0.69386948	     -1.10167259	    -18.61172766	    -17.77485526	      3.90246494	     76.86830228	      1.19340141	      0.84902150	    -72.38252974	     -0.02991666	   -108.38524940	     -0.04397388	    -74.76045368	   -121.88640459	     25.90409323	     32.15664759	     -0.03653604	     -0.03624814
      3.27000000	     29.88814054	    -11.10342336	      5.06249633	    -27.56439752	    -78.16695087	     15.99094386	      0.78736557	     -1.07935845	     -0.94206477	    -16.17695552	    -14.72095675	      2.99928974	     75.67084668	      1.18407725	      1.47174797	    -72.37159188	     -0.02985698	   -109.17349479	     -0.04482114	    -74.63746808	   -122.11927703	     25.82033195	     32.23778616	     -0.03672475	     -0.03616300
      3.27500000	     28.88129895	    -13.54879531	      5.19214751	    -25.69881353	    -74.17902547	     20.53332370	      0.32235578	     -1.94451907	     -0.61691245	    -14.92156616	    -12.71457124	      2.43713513	     74.27102534	      1.23115416	      2.07040750	    -72.40247725	     -0.03012533	   -108.58863342	     -0.04572933	    -74.68010435	   -121.88314272	     25.61177181	     32.01379340	     -0.03682684	     -0.03600551
      3.28000000	     27.56878830	    -15.50053837	      5.11244137	    -23.77532227	    -68.54398620	     23.55906771	     -0.32974226	     -2.99591829	     -0.23999131	    -13.59667735	    -11.30601413	      2.07619802	     72.68777915	      1.31641619	      2.62714061	    -71.91534180	     -0.03070636	   -107.67252214	     -0.04668443	    -74.51133798	   -121.68448739	     25.28738123	     32.00359166	     -0.03684082	     -0.03578804
      3.28500000	     27.20984060	    -15.84004902	      5.08800996	    -20.62326447	    -62.13338254	     25.42805501	     -0.31932781	     -4.35520231	      0.25730889	    -11.95719524	    -11.45113478	      2.23733019	     70.94163966	      1.41925729	      3.12627407	    -71.71120055	     -0.03158098	   -106.38805233	     -0.04767511	    -74.44017608	   -121.15667360	     25.00542097	     31.55127011	     -0.03676770	     -0.03552522
      3.29000000	     28.43231478	    -15.65319726	      4.98870726	    -15.82044671	    -56.98044795	     26.43881802	      0.30187831	     -5.30534427	      0.63035529	     -9.51096381	    -11.58202101	      2.39490965	     69.05359802	      1.51867472	      3.55490177	    -71.67819370	     -0.03272657	   -105.23038968	     -0.04869178	    -74.51112787	   -120.50149145	     24.94969828	     31.31041806	     -0.03661123	     -0.03523287
      3.29500000	     29.63586887	    -14.53729940	      4.63701915	    -11.02315793	    -48.90806788	     25.76632845	      0.63968838	     -6.51650341	      1.06945214	     -6.62796798	    -12.73225394	      2.87157727	     67.04380247	      1.59507983	      3.90326581	    -71.04995504	     -0.03411705	   -103.82717806	     -0.04972557	    -74.48497348	   -119.50557066	     24.72062994	     30.91916993	     -0.03637810	     -0.03492723
      3.30000000	     30.37544832	    -12.32189470	      4.33432014	     -7.26620500	    -43.92063026	     24.37537783	      0.97186632	     -6.86716583	      1.22575345	     -4.31570921	    -13.92158585	      3.32627730	     64.93030794	      1.63176088	      4.16496587	    -70.50454704	     -0.03572279	   -101.84192231	     -0.05076717	    -74.79232372	   -118.47105654	     25.03132318	     30.59963451	     -0.03607823	     -0.03462442
      3.30500000	     30.15736090	    -10.16527012	      4.01383721	     -4.77208837	    -33.68392095	     22.30270510	      1.19632798	     -7.94940502	      1.59808555	     -2.50551230	    -15.83462076	      3.97461533	     62.72805370	      1.61589693	      4.33700440	    -69.30171576	     -0.03751052	    -99.12085041	     -0.05180587	    -74.83387147	   -116.79312960	     24.72938110	     29.73198725	     -0.03572500	     -0.03434018
      3.31000000	     29.22548443	     -8.11698448	      3.86430070	     -3.93538513	    -26.94797479	     20.31281339	      1.66965857	     -8.38729431	      1.76970757	     -1.78960496	    -16.99806641	      4.33665651	     60.44817100	      1.53909702	      4.41966740	    -68.43427737	     -0.03944324	    -95.55601521	     -0.05282884	    -74.94462015	   -115.19946825	     24.83515318	     29.27957922	     -0.03533536	     -0.03408989
      3.31500000	     28.92798138	     -6.73785053	      3.79887739	     -2.58177664	    -18.48012127	     18.57893065	      2.66323592	     -8.92171540	      1.97810846	     -0.97054934	    -17.73801760	      4.54466653	     58.09764741	      1.39750627	      4.41624705	    -67.35466570	     -0.04148035	    -91.71907180	     -0.05382226	    -75.12220710	   -113.18542800	     24.91845127	     28.80548556	     -0.03492987	     -0.03388873
      3.32000000	     29.40404588	     -4.76077905	      3.78913021	     -0.94203620	    -12.46638869	     16.77881847	      4.07810609	     -9.15194818	      2.09559440	     -0.01162247	    -18.57139431	      4.75315539	     55.67933940	      1.19156083	      4.33262564	    -66.67807078	     -0.04357796	    -87.57611183	     -0.05480044	    -75.43660840	   -110.99285131	     25.14773109	     28.13778730	     -0.03453240	     -0.03375210
      3.32500000	     30.70227315	     -3.70790107	      3.54387609	      1.47395928	     -3.88294956	     15.61653977	      5.34129853	     -9.79406068	      2.32065398	      1.94626406	    -18.99014643	      4.83218953	     53.19231758	      0.92548850	      4.17675833	    -65.50207359	     -0.04571213	    -83.60686989	     -0.05575974	    -75.58859850	   -108.29170360	     25.04869915	     27.18532463	     -0.03417056	     -0.03369483
      3.33000000	     32.36630989	     -3.91946904	      3.42338104	      4.18865238	      1.91029675	     14.83254338	      7.17245547	    -10.32026829	      2.51322532	      3.46446432	    -18.44715336	      4.60932231	     50.63250912	      0.60665103	      3.95810442	    -64.32533454	     -0.04791928	    -79.41448326	     -0.05668338	    -75.55178739	   -106.00926163	     25.06150697	     26.63902951	     -0.03387317	     -0.03373216
      3.33500000	     33.03367468	     -3.58420370	      3.20817824	      5.30051940	      8.39629247	     13.44282336	      8.40954328	    -10.49145075	      2.58190548	      4.73333390	    -18.01468808	      4.41454401	     47.99358154	      0.24481545	      3.68705723	    -62.61632459	     -0.05017085	    -75.03390156	     -0.05755122	    -75.34688749	   -103.08540398	     25.04339433	     25.80862293	     -0.03366946	     -0.03387933
      3.34000000	     31.04789807	     -4.47130865	      2.96864923	      4.07515066	     16.60968352	     12.65236588	      8.64855622	    -10.71554448	      2.64326282	      4.60808292	    -16.80454105	      3.99297548	     45.26800803	     -0.14856851	      3.37441469	    -59.77199186	     -0.05242764	    -69.82068306	     -0.05834003	    -74.97281860	   -100.18160264	     24.92693833	     24.98106885	     -0.03358909	     -0.03415126
      3.34500000	     28.71876203	     -5.93401395	      2.62012720	      2.28554372	     26.25020346	     12.25956632	      8.60418206	    -11.29472602	      2.78245756	      4.56789866	    -15.37873413	      3.53248824	     42.44823782	     -0.56102415	      3.03091745	    -56.74190924	     -0.05464520	    -64.52581713	     -0.05902397	    -74.07634836	    -96.73104615	     24.51271525	     24.02053279	     -0.03366037	     -0.03456192
      3.35000000	     25.09481013	     -7.06987017	      2.09200818	     -0.21151186	     34.96825374	     10.80156185	      7.72200226	    -11.00732911	      2.67639204	      4.13298291	    -13.49299715	      2.96808720	     39.52787862	     -0.97960738	      2.66685854	    -52.88997376	     -0.05677398	    -59.04654652	     -0.05957527	    -73.09513681	    -93.40105850	     24.17034255	     23.28745237	     -0.03390904	     -0.03512350
      3.35500000	     21.62342369	     -6.57019104	      1.47888044	     -2.02458355	     45.27149361	      8.30166384	      6.57269820	    -10.22990725	      2.44731846	      4.27449435	    -12.40778955	      2.63573773	     36.50281644	     -1.39137125	      2.29175415	    -48.71240373	     -0.05875977	    -53.81516481	     -0.05996501	    -72.07725425	    -89.27358999	     23.83822127	     22.03689268	     -0.03435701	     -0.03584540
      3.36000000	     18.14913680	     -7.56092382	      0.87566961	     -3.34637572	     54.67049440	      6.60281558	      5.55444009	    -10.05379247	      2.36856823	      4.26171211	    -10.72949710	      2.17987241	     33.37222797	     -1.78376138	      1.91406949	    -44.51521199	     -0.06054459	    -48.69869642	     -0.06016408	    -70.55827456	    -85.13913795	     23.19530297	     20.98407657	     -0.03502114	     -0.03673306
      3.36500000	     14.48560410	     -8.07228350	      0.28154806	     -3.95881504	     65.93062670	      4.60927015	      4.44820087	     -9.88117668	      2.28675299	      4.32821411	     -9.45834802	      1.84795599	     30.13944803	     -2.14499534	      1.54100807	    -40.07471412	     -0.06206804	    -43.67047336	     -0.06014420	    -68.78285362	    -80.55573321	     22.40313042	     19.60956181	     -0.03591210	     -0.03778678
      3.37000000	     11.19985499	     -8.43562289	     -0.29549390	     -3.64797531	     71.97791178	      1.88466283	      3.56686303	     -9.00495337	      2.05134923	      4.30082806	     -7.65850666	      1.41365493	     26.81266201	     -2.46447495	      1.17838028	    -35.83303388	     -0.06320873	    -38.93871131	     -0.05987902	    -66.90192188	    -76.28101283	     21.66275507	     18.73567794	     -0.03703629	     -0.03900064
      3.37500000	      6.52020371	     -8.39938048	     -0.76063356	     -3.84607071	     79.68679177	     -0.47016510	      2.34060173	     -7.92475250	      1.78072406	      3.49149636	     -5.94953733	      1.03291247	     23.40541270	     -2.73321726	      0.83055898	    -31.32987200	     -0.06371249	    -33.82418349	     -0.05934517	    -64.88441636	    -71.62383677	     20.87750656	     17.51669526	     -0.03839302	     -0.04036152
      3.38000000	      2.65856864	     -7.87932598	     -1.34780067	     -2.51654684	     86.10751654	     -3.23744009	      1.04300341	     -6.90132397	      1.53272260	      3.50598195	     -4.71008856	      0.77567420	     19.93690455	     -2.94423534	      0.50050997	    -26.82811827	     -0.06364524	    -29.44920224	     -0.05847134	    -62.65510799	    -66.83089820	     20.08364534	     16.31935561	     -0.03996085	     -0.04185071
      3.38500000	     -0.66457886	     -8.65540493	     -1.74607761	     -0.00951248	     93.26182807	     -4.99500823	      0.51390804	     -6.41703064	      1.40878749	      3.30554453	     -2.93964952	      0.43586484	     16.43205942	     -3.09280679	      0.18987533	    -22.80551197	     -0.06301080	    -25.20592641	     -0.05720035	    -59.82985136	    -61.99763957	     18.90329903	     15.17337033	     -0.04171592	     -0.04343867
      3.39000000	     -3.07292896	     -8.20062928	     -2.13585048	      3.84333079	     98.73976895	     -7.44427534	      0.14324978	     -5.59913338	      1.22991443	      3.76154415	     -1.83205551	      0.24521775	     12.92127516	     -3.17658716	     -0.10091543	    -19.00150256	     -0.06182806	    -21.65815960	     -0.05557170	    -57.01323349	    -56.91129159	     17.80621209	     13.93447526	     -0.04362462	     -0.04508604
      3.39500000	     -5.19104759	     -8.18854952	     -2.37837545	      8.39388042	    102.47128543	     -9.70935042	      0.28224133	     -4.86288636	      1.08460398	      3.86236692	     -0.50919130	      0.02733795	      9.43986396	     -3.19554153	     -0.37252852	    -15.64997497	     -0.06012948	    -18.21377079	     -0.05360565	    -53.84331220	    -52.18192946	     16.51492839	     12.91992242	     -0.04564371	     -0.04674790
      3.40000000	     -7.36371646	     -7.69244943	     -2.43912558	     12.93853560	    105.08629546	    -10.71717953	      0.57517986	     -4.36652120	      0.98130224	      3.69384443	      0.34611218	     -0.07649563	      6.02716275	     -3.15171802	     -0.62660210	    -12.75759078	     -0.05795910	    -14.81343373	     -0.05132974	    -50.76829104	    -47.20929169	     15.36946047	     11.51997284	     -0.04772091	     -0.04837278
      3.40500000	     -9.94443795	     -7.22794021	     -2.73121862	     16.81343442	    104.04162605	    -12.03787893	      0.02345095	     -3.47703828	      0.83825342	      3.73299320	      1.57251191	     -0.24547523	      2.72532412	     -3.04893544	     -0.86558668	     -9.64737493	     -0.05537020	    -11.95294654	     -0.04877774	    -47.66236389	    -42.57027441	     14.10558075	     10.50994060	     -0.04979602	     -0.04990409
      3.41000000	    -11.91972854	     -6.41044802	     -2.90138950	     21.11806048	    101.63702223	    -13.36825954	     -0.11360443	     -2.24998877	      0.65940365	      3.74853995	      2.76036270	     -0.39865314	     -0.42214693	     -2.89244761	     -1.09252796	     -6.91797734	     -0.05242287	     -9.39251066	     -0.04598848	    -44.48543216	    -38.13485869	     12.97871887	      9.63780317	     -0.05180235	     -0.05128181
      3.41500000	    -13.33183528	     -5.39860019	     -2.93654498	     25.56117295	     99.10661112	    -14.34347728	      0.12203745	     -1.41154005	      0.55511121	      3.77875007	      3.35569243	     -0.44182375	     -3.37198659	     -2.68862253	     -1.31079444	     -4.66028111	     -0.04921703	     -7.15681760	     -0.04300451	    -41.16576624	    -33.74099950	     11.79044861	      8.60889599	     -0.05367039	     -0.05244458
      3.42000000	    -15.18587050	     -4.74735852	     -2.94867029	     28.77142310	     95.50185917	    -14.68959311	      0.18758858	     -0.68197592	      0.48929441	      3.33972161	      4.07959970	     -0.49192123	     -6.08276870	     -2.44467569	     -1.52376018	     -2.66585151	     -0.04585773	     -4.95411719	     -0.03987081	    -37.62365643	    -29.66164409	     10.48746509	      7.61833070	     -0.05532671	     -0.05333190
      3.42500000	    -16.23648549	     -3.76799152	     -2.89874581	     31.94401112	     89.35553673	    -15.00482038	      0.49194729	      0.25673927	      0.40079844	      3.06251802	      4.66351247	     -0.52961003	     -8.51640396	     -2.16848653	     -1.73445548	     -1.02059255	     -0.04234088	     -3.19048211	     -0.03663348	    -34.25613283	    -25.84613835	      9.43078386	      6.86529119	     -0.05669390	     -0.05388645
      3.43000000	    -17.26068021	     -2.55688323	     -2.73984066	     34.12976713	     84.13254080	    -14.81306092	      0.88062597	      1.05332342	      0.35192084	      2.55680794	      4.93174773	     -0.51080765	    -10.63945538	     -1.86848909	     -1.94521110	      0.25767000	     -0.03871620	     -1.52346688	     -0.03333847	    -30.84464440	    -21.97916588	      8.32445396	      5.90979433	     -0.05770042	     -0.05405631
      3.43500000	    -17.95374499	     -1.17150692	     -2.41485607	     35.72646407	     78.54011262	    -14.00435722	      1.68680973	      2.05533289	      0.28751494	      1.65066997	      5.33186018	     -0.50137953	    -12.42420104	     -1.55359735	     -2.15733408	      1.01784586	     -0.03503361	      0.28502286	     -0.03003049	    -27.58465430	    -18.35777273	      7.40669837	      5.07762615	     -0.05827949	     -0.05379716
      3.44000000	    -19.33473098	      0.66839872	     -2.26883960	     35.47749680	     76.50069383	    -13.48209132	      1.63141415	      3.12303810	      0.22670141	      0.91004028	      5.27035236	     -0.43501418	    -13.84941379	     -1.23311880	     -2.37085432	      2.06473323	     -0.03134260	      1.76075661	     -0.02675192	    -24.13090220	    -14.63564215	      6.54868012	      4.13081162	     -0.05837161	     -0.05307427
      3.44500000	    -21.53859928	      1.43338829	     -2.26998047	     33.63290292	     76.44796202	    -12.14861431	      0.95622717	      3.47269525	      0.25399391	     -0.20987892	      5.26729012	     -0.36062963	    -14.90085523	     -0.91661116	     -2.58437697	      3.24609329	     -0.02769151	      3.31769263	     -0.02354347	    -20.61100388	    -11.36334631	      5.56305245	      3.26372905	     -0.05792694	     -0.05186440
      3.45000000	    -23.36835662	      1.11972849	     -2.39184848	     30.99186017	     78.93961832	    -10.85020551	      0.23440919	      3.32177359	      0.33055140	     -1.11857309	      5.35360343	     -0.32683971	    -15.57149188	     -0.61365146	     -2.79507363	      4.29760716	     -0.02412652	      4.44420891	     -0.02044961	    -16.66416750	     -8.40151793	      4.47319993	      2.64578678	     -0.05690782	     -0.05015766
      3.45500000	    -26.78843989	     -0.17435375	     -2.74590870	     26.47952326	     82.72170724	     -8.73203461	     -1.51452638	      2.60717271	      0.46282936	     -2.78936947	      5.56752516	     -0.23952547	    -15.86147595	     -0.33352958	     -2.99882338	      5.84531579	     -0.02069066	      6.00597839	     -0.01748631	    -13.05889806	     -6.16844332	      3.36436693	      2.07157673	     -0.05529120	     -0.04795745
      3.46000000	    -28.63615590	     -0.86112894	     -2.92185767	     22.18842557	     85.72191296	     -7.49086417	     -2.28051622	      2.52885396	      0.53917292	     -4.30414481	      5.71508897	     -0.13200793	    -15.77798696	     -0.08492342	     -3.19046874	      6.66102628	     -0.01742271	      7.23751787	     -0.01467744	     -9.36302283	     -4.17931982	      2.33628126	      1.54215637	     -0.05307115	     -0.04528402
      3.46500000	    -29.88961167	     -1.01453988	     -3.11790373	     17.75190963	     85.06109954	     -6.84440623	     -3.04940178	      2.81363021	      0.57594421	     -5.78827135	      5.68407726	      0.05048423	    -15.33504335	      0.12438378	     -3.36412766	      7.45963219	     -0.01435612	      8.27239129	     -0.01204245	     -6.39252000	     -2.67823555	      1.54849277	      1.22445429	     -0.05026120	     -0.04217466
      3.47000000	    -29.99674892	     -1.02700002	     -3.42441806	     13.36596469	     80.13700064	     -6.25936383	     -3.46279654	      2.94979818	      0.60546644	     -7.08336643	      5.35664157	      0.43049524	    -14.55335462	      0.28771122	     -3.51351914	      7.81579029	     -0.01151816	      9.03720542	     -0.00959602	     -3.77043774	     -1.67901223	      0.95988361	      1.09402031	     -0.04689664	     -0.03868461
      3.47500000	    -27.52711038	     -1.84382739	     -2.56213485	      9.80999656	     69.57672714	     -5.22794368	     -2.90118135	      3.09287240	      0.61546297	     -7.51440863	      5.75954682	     -0.33780764	    -13.46022513	      0.39960354	     -3.63228348	      7.48010879	     -0.00892923	      8.84275800	     -0.00734794	     -1.93893186	     -0.11034253	      0.61325364	      1.44877364	     -0.04303636	     -0.03488753
      3.48000000	    -26.08355475	     -3.58070315	     -2.68761853	      4.72516176	     50.23709555	     -1.82060488	     -3.50408012	      0.73473470	      0.84314554	     -8.50813784	      4.65753666	     -0.05556638	    -12.08945543	      0.45587510	     -3.71429385	      7.14534402	     -0.00660258	      8.97769198	     -0.00530323	     -0.65170256	      0.14106938	     -0.14904757	      0.98238183	     -0.03876404	     -0.03087525
      3.48500000	    -26.43646555	     -1.91483972	     -2.58790493	     -2.58859498	     22.45235868	     -0.89443435	     -5.49538617	      1.90240961	      0.73951559	    -10.42564027	      4.06566030	     -0.02142188	    -10.48112990	      0.45359494	     -3.75397099	      7.94829176	     -0.00454438	      9.51573613	     -0.00346247	     -1.02405322	     -0.09038394	      0.37546156	      1.04775908	     -0.03418829	     -0.02675667
      3.49000000	    -26.02209850	     -2.04877102	     -2.70916317	     -9.65774500	     -3.37426992	      1.42714704	     -7.54347362	      1.75044081	      0.75342834	    -11.61741669	      3.91705234	      0.00499482	     -8.68116446	      0.39103271	     -3.74661252	      8.48070824	     -0.00275421	      9.72687848	     -0.00182243	     -1.28554278	     -0.25891884	      0.46939036	      1.16687128	     -0.02944123	     -0.02265529
      3.49500000	    -25.22244984	     -2.42037804	     -2.75703691	    -16.24259760	    -22.85762687	      3.39238045	     -9.13992305	      0.90792985	      0.78901747	    -12.63510150	      3.18267063	      0.09250122	     -6.74051959	      0.26757718	     -3.68872645	      8.77108932	     -0.00122595	      9.88612177	     -0.00037698	     -1.26285613	     -0.30477350	      0.34042095	      1.05615181	     -0.02467515	     -0.01870526
      3.50000000	    -23.60781526	     -2.93084994	     -2.97184264	    -22.00028433	    -41.25386744	      4.82187514	    -10.75365018	      0.33860880	      0.78926297	    -12.85398716	      2.76089383	      0.19874005	     -4.71403880	      0.08364420	     -3.57833696	      9.16654078	      0.00005092	      9.57308454	      0.00088180	     -1.39978232	     -0.45365754	      0.34335447	      1.22334323	     -0.02005719	     -0.01504594
      3.50500000	    -21.77026699	     -3.21084513	     -2.90544798	    -27.22400210	    -55.21865487	      6.31980015	    -11.76948722	     -0.01676543	      0.74603810	    -13.18436257	      2.33893498	      0.24218584	     -2.65893347	     -0.15939426	     -3.41522691	      9.31304990	      0.00108997	      9.42297219	      0.00196236	     -1.58557118	     -0.46265271	      0.53824298	      1.15956913	     -0.01576194	     -0.01181501
      3.51000000	    -19.32605914	     -4.04141422	     -2.77861121	    -31.72824229	    -66.36042620	      7.50431915	    -12.20762052	     -0.80494317	      0.71596106	    -13.27486278	      1.90801130	      0.27674504	     -0.63298889	     -0.45922582	     -3.20108793	      9.06993334	      0.00190615	      9.13124083	      0.00287233	     -1.51678640	     -0.50920478	      0.38618914	      1.16336892	     -0.01196258	     -0.00914089
      3.51500000	    -16.98941300	     -4.29097791	     -2.54951675	    -35.78186457	    -74.74440444	      8.34386673	    -12.61040833	     -1.03661243	      0.62810281	    -13.19684588	      1.49993320	      0.29184720	      1.30739759	     -0.81254346	     -2.93956031	      8.96969178	      0.00251426	      8.79032533	      0.00361724	     -1.72509878	     -0.48716821	      0.53447273	      1.08534432	     -0.00882122	     -0.00713505
      3.52000000	    -14.19206991	     -4.59602484	     -2.33855382	    -39.00702354	    -80.62406949	      8.75597487	    -12.68898156	     -1.00976263	      0.50044468	    -12.65841339	      1.32050687	      0.30267270	      3.10921882	     -1.21494003	     -2.63615992	      8.72504262	      0.00292754	      8.18810629	      0.00419936	     -1.80745491	     -0.49297595	      0.68737598	      1.12989307	     -0.00647930	     -0.00588511
      3.52500000	    -11.85335699	     -6.16470155	     -2.02569262	    -42.02142849	    -80.91670367	      9.67311219	    -12.34779664	     -2.31265117	      0.45904751	    -12.40192483	      0.85048542	      0.28651170	      4.72476996	     -1.66080265	     -2.29810374	      8.20529773	      0.00315645	      7.76530267	      0.00461684	     -1.50733741	     -0.46459151	      0.32104933	      1.03423143	     -0.00504884	     -0.00544942
      3.53000000	     -9.24228237	     -7.03478712	     -1.80281798	    -44.11061896	    -81.38314141	      9.80127140	    -12.09609017	     -2.36503415	      0.30983193	    -11.51228327	      0.98233688	      0.24302385	      6.11335201	     -2.14327497	     -1.93405529	      7.90562822	      0.00320780	      6.96747242	      0.00486312	     -1.55305603	     -0.54086432	      0.32951324	      1.23739683	     -0.00460530	     -0.00585352
      3.53500000	     -6.47048857	     -7.13904410	     -1.27481912	    -45.37945781	    -79.89275604	     10.05600014	    -11.13065653	     -1.88993982	      0.10426400	    -10.73268879	      1.08797894	      0.16473607	      7.24267477	     -2.65435352	     -1.55381358	      7.16600041	      0.00308416	      6.32014830	      0.00492678	     -1.71944165	     -0.49083351	      0.59260842	      1.23666325	     -0.00518262	     -0.00708869
      3.54000000	     -4.28437046	     -8.19507329	     -0.95510424	    -46.06831406	    -70.90925384	     10.25283948	    -10.26713338	     -2.43192939	     -0.01724244	     -9.62775456	      0.95405613	      0.14890284	      8.08990279	     -3.18515922	     -1.16796729	      6.56511845	      0.00278369	      5.55415656	      0.00479173	     -1.47534262	     -0.31365750	      0.22249627	      1.07671142	     -0.00677047	     -0.00911252
      3.54500000	     -2.74791789	     -8.86807827	     -0.46418781	    -46.33480641	    -60.41317220	     10.20871641	     -9.24901487	     -2.09592082	     -0.21524360	     -8.84346988	      1.33616704	     -0.00945512	      8.64232558	     -3.72637788	     -0.78753180	      6.02251246	      0.00230027	      5.00876046	      0.00443774	     -1.49318244	     -0.25240945	      0.16937455	      1.06679553	     -0.00931413	     -0.01185130
      3.55000000	     -0.69200051	     -8.99189197	      0.16093313	    -45.39029192	    -48.53396709	     10.37260760	     -7.49422527	     -1.22277771	     -0.47854792	     -7.84912412	      1.83962101	     -0.17445618	      8.89766889	     -4.26881000	     -0.42358107	      4.95479332	      0.00162391	      4.40869228	      0.00384146	     -1.41963417	     -0.18323388	      0.54853468	      1.07711400	     -0.01271682	     -0.01520392
      3.55500000	     -0.25648018	    -10.63025167	      0.50621690	    -44.57140073	    -31.24718269	     10.80021887	     -6.46663146	     -1.31078151	     -0.64654521	     -7.01024110	      2.68340842	     -0.43208650	      8.86408180	     -4.80393838	     -0.08687428	      4.43101508	      0.00074148	      3.95242860	      0.00297314	     -1.28224513	     -0.21458172	      0.31508037	      1.21574609	     -0.01684430	     -0.01904755
      3.56000000	      0.75734575	    -10.88011344	      0.91814184	    -41.86021600	     -9.84396403	     10.81195977	     -4.88549071	     -0.44180379	     -0.89446312	     -5.61700476	      3.42023186	     -0.61129481	      8.55983109	     -5.32442188	      0.21253993	      3.67443201	     -0.00036232	      3.36714778	      0.00180842	     -1.32158319	     -0.00363245	      0.47843400	      1.09381051	     -0.02153165	     -0.02324358
      3.56500000	      0.94774109	    -12.22993882	      1.21329899	    -38.83960017	     16.07755548	     11.06545556	     -3.31730330	     -0.12011184	     -1.08708475	     -4.42934267	      4.53383015	     -0.89672921	      8.01272310	     -5.82444248	      0.46575787	      2.89558959	     -0.00170393	      2.96102878	      0.00032614	     -1.01154681	      0.05387514	      0.32485914	      1.16163745	     -0.02659209	     -0.02764553
      3.57000000	     -8.47969181	    -11.73692966	      2.21682670	    -45.14073252	     24.55366162	      8.21440566	     -1.75061251	      0.77133409	     -1.32164948	    -12.89237309	      3.04807612	     -0.26893374	      7.25926548	     -6.29985625	      0.66549009	      2.23262162	     -0.00329958	      6.53475886	     -0.00149286	     -1.05880357	     -3.09036297	      0.49067309	      0.74278982	     -0.03182735	     -0.03210759
      3.57500000	    -25.72336030	    -12.19345141	      0.34339897	    -61.13151718	      4.97278075	      6.05985408	    -12.99363047	      4.05871041	     -1.84467046	    -17.01394354	      5.13193848	     -0.92276806	      6.34357266	     -6.74812461	      0.80653903	      7.94335973	     -0.00516401	      6.54552911	     -0.00366177	     -4.22531574	     -6.73015633	      1.47093198	      1.75854877	     -0.03703935	     -0.03649266
      3.58000000	    -33.81874047	      0.34420572	     -3.37025682	    -67.15643616	    -19.56751897	      0.36271838	    -27.64450563	     13.11410534	     -3.23525388	     -9.08157177	      5.06609106	     -1.15621098	      5.31602304	     -7.16801481	      0.88623199	     13.85848304	     -0.00730910	      1.88869931	     -0.00618577	    -11.08414919	     -7.42983784	      4.20494797	      1.98800885	     -0.04204199	     -0.04067944
      3.58500000	    -24.19467948	     -5.42750431	     -5.21085694	    -49.83025159	      5.53121326	     -0.62918979	    -27.35308850	     10.71398606	     -2.93015234	      2.70723092	      5.83650819	     -1.49394129	      4.23170928	     -7.55905702	      0.90472782	     14.43069384	     -0.00974252	     -5.67525544	     -0.00906025	    -10.69008940	     -9.58216146	      3.72454351	      2.44709029	     -0.04667199	     -0.04456748
      3.59000000	      2.88548812	     -9.81680129	     -5.01292174	    -18.22011256	    -26.81701885	     -0.60393934	    -16.23641162	     10.17827349	     -3.01114130	     16.72203640	      7.59264786	     -1.94232447	      3.14875802	     -7.92076640	      0.86512166	      6.96083315	     -0.01247228	    -16.01938060	     -0.01226939	    -12.55246153	    -14.82732341	      4.32682195	      4.27352296	     -0.05079758	     -0.04807951
      3.59500000	     33.98351958	    -11.83372607	     -3.71896969	     17.68023349	    -59.25927596	      1.46220210	     -1.50707491	      8.15436894	     -2.75508863	     30.89628122	      7.39710026	     -2.01596388	      2.12659492	     -8.25169416	      0.77331558	     -3.73255701	     -0.01550234	    -25.72935685	     -0.01578532	    -15.68496366	    -18.97201460	      4.96203436	      5.40080296	     -0.05432346	     -0.05116096
      3.60000000	     54.51114451	    -17.75054961	     -1.96686802	     44.67843065	    -78.80763172	      7.99656862	     11.09735496	      3.75572927	     -2.05819843	     37.93075080	      8.26321471	     -2.27388554	      1.22421509	     -8.54843214	      0.63766890	    -12.96400048	     -0.01879842	    -31.22458764	     -0.01956787	    -19.41881572	    -23.38101781	      5.75178472	      6.44794851	     -0.05718899	     -0.05377723
      3.60500000	     62.17717767	    -17.53790284	      1.32707066	     59.57110295	    -78.49600303	      6.60570928	     24.29297325	      3.67678372	     -1.96194483	     33.58855132	      7.31779737	     -2.13251201	      0.49850792	     -8.80475485	      0.46848303	    -21.77095450	     -0.02233601	    -30.42421115	     -0.02356496	    -22.21890942	    -27.99811540	      6.77795816	      7.54247206	     -0.05936825	     -0.05590983
      3.61000000	     55.68837021	    -13.12395798	      3.89765317	     60.52129339	    -64.54007766	      0.95863978	     30.77944513	      6.88212588	     -2.37999075	     23.59747898	      5.69867210	     -1.87189853	      0.00267538	     -9.01112396	      0.27739725	    -26.36546379	     -0.02608140	    -26.56676626	     -0.02771358	    -25.50149714	    -32.26413390	      8.30561423	      8.20276042	     -0.06086356	     -0.05755254
      3.61500000	     38.75556679	    -12.86745815	      4.56208721	     51.27439880	    -37.24698868	     -3.42893777	     29.47518000	      6.46266188	     -2.28367372	     12.21580336	      3.74837581	     -1.50530054	     -0.21522307	     -9.15474360	      0.07675084	    -26.39916028	     -0.02999157	    -22.11088496	     -0.03194143	    -28.27447563	    -36.82929151	      8.70070144	      9.18924938	     -0.06169901	     -0.05870833
      3.62000000	     18.28475620	    -10.80370325	      4.65525783	     37.88606975	    -10.51089187	     -9.95177903	     25.01599697	      6.93626756	     -2.26933657	      0.50941539	      0.57722617	     -0.87852448	     -0.11355174	     -9.22025305	     -0.12106925	    -24.44987665	     -0.03401447	    -18.18388640	     -0.03616887	    -31.45522197	    -41.92196502	      9.68022791	     10.00043568	     -0.06191448	     -0.05938750
      3.62500000	      3.70230781	     -9.86070442	      4.10682866	     28.86474819	      6.31413272	    -17.05534338	     20.86017362	      8.37224328	     -2.40857443	     -6.85922359	     -1.17416064	     -0.49716078	      0.34187470	     -9.19103736	     -0.30429333	    -22.76048254	     -0.03808977	    -17.71389388	     -0.04031145	    -34.32830123	    -48.16951652	     10.81591033	     11.45028705	     -0.06156072	     -0.05960693
      3.63000000	     -2.80817438	     -8.78919959	      3.03410597	     26.39028068	     -0.11524449	    -21.66399536	     16.97986073	      8.94161064	     -2.39429293	     -8.62700886	     -3.14924289	     -0.01931511	      1.17712555	     -9.05102722	     -0.46245016	    -22.36270809	     -0.04215002	    -21.02528654	     -0.04428272	    -39.41172990	    -55.25726885	     12.32711934	     12.81154377	     -0.06069592	     -0.05938989
      3.63500000	     -0.58970898	     -5.35556714	      1.91369760	     31.39680863	    -18.84460133	    -27.42377184	     15.50214358	     10.83864326	     -2.61559873	     -5.66022646	     -5.39107086	      0.53146578	      2.40991724	     -8.78674845	     -0.58704838	    -24.08956013	     -0.04612247	    -27.27556120	     -0.04799740	    -45.07258411	    -63.05192621	     14.28636206	     14.48323090	     -0.05938332	     -0.05876610
      3.64000000	      1.34673317	     -3.71443066	      0.36477019	     35.18291955	    -38.06372993	    -30.47624978	     12.42017445	     11.94247036	     -2.70146936	     -1.75182595	     -6.55179049	      0.90975997	      4.04977340	     -8.38932774	     -0.67218968	    -25.16088437	     -0.04993116	    -34.35605495	     -0.05137487	    -51.23300853	    -70.73741650	     16.16170587	     16.12049185	     -0.05768944	     -0.05777158
      3.64500000	     -1.30985916	     -2.94122381	     -0.96885178	     33.07840400	    -54.58768882	    -29.95652623	      7.88068882	     12.86810123	     -2.77717787	     -0.82154948	     -6.69619234	      1.10500891	      6.09845812	     -7.85617453	     -0.71501008	    -25.88576216	     -0.05349954	    -39.72080382	     -0.05434018	    -57.79659570	    -78.03889155	     18.49920816	     17.58557157	     -0.05568229	     -0.05644850
      3.65000000	     -8.51770172	     -3.63905253	     -1.79298253	     25.53835034	    -64.22346046	    -27.37773334	      2.98666930	     13.10217816	     -2.73783114	     -3.75621584	     -6.11309213	      1.14909676	      8.55051171	     -7.19209803	     -0.71585815	    -26.45433349	     -0.05675317	    -42.91969615	     -0.05682488	    -64.09327942	    -85.05764057	     20.55896196	     19.15898841	     -0.05342964	     -0.05484620
      3.65500000	    -14.01622342	     -4.74351305	     -1.89524740	     18.50879840	    -69.90524973	    -22.70496551	      0.31103639	     12.87349311	     -2.62532781	     -7.45632907	     -5.25458555	      1.13615249	     11.39371401	     -6.40968665	     -0.67815220	    -28.55382587	     -0.05962269	    -45.60912961	     -0.05884516	    -69.98640882	    -91.29787355	     22.62959685	     20.55472112	     -0.05099714	     -0.05301442
      3.66000000	    -13.69219235	     -5.96111425	     -1.79095396	     17.28093199	    -72.02340358	    -17.56779412	     -0.12025624	     12.02011726	     -2.37043342	     -8.23789378	     -4.69194216	      1.17776518	     14.60935851	     -5.52888839	     -0.60791178	    -31.73969105	     -0.06204670	    -49.78865620	     -0.06038659	    -75.50740546	    -97.06227524	     24.49521737	     21.85035796	     -0.04844661	     -0.05100853
      3.66500000	     -8.65155826	     -7.59862977	     -1.74266640	     20.30062147	    -71.55635582	    -11.46669814	      0.86254118	     10.60070922	     -2.00910155	     -6.31720690	     -4.09511471	      1.19995689	     18.17232049	     -4.57584927	     -0.51302209	    -35.88281352	     -0.06396160	    -55.18549007	     -0.06145224	    -80.18581598	   -102.56918221	     26.00447911	     22.96799711	     -0.04583684	     -0.04888614
      3.67000000	     -2.73938023	    -10.20225972	     -1.70447122	     23.45896952	    -69.60964976	     -4.70798874	      1.79264481	      8.72879146	     -1.54642031	     -3.83706145	     -3.26572740	      1.13954235	     22.05098070	     -3.58114900	     -0.40232938	    -39.67758762	     -0.06540749	    -61.19240862	     -0.06206239	    -84.50497768	   -107.68610177	     27.39497485	     24.15336169	     -0.04321676	     -0.04670558
      3.67500000	      2.34644449	    -12.29105124	     -1.10816276	     24.74475221	    -67.78302028	      1.95937081	      3.71266668	      7.18524289	     -1.15808816	     -3.42197904	     -2.61907537	      1.08827363	     26.20710244	     -2.57762879	     -0.28467595	    -44.08052575	     -0.06638150	    -66.08573903	     -0.06225312	    -88.39303675	   -112.62375254	     28.74922418	     25.29273877	     -0.04063050	     -0.04452389
      3.68000000	      6.34285547	    -14.17224407	     -0.27030051	     24.50174190	    -59.96980121	      7.48050797	      5.92577263	      5.87808283	     -0.82672623	     -4.28353160	     -2.07183902	      1.01545795	     30.59576487	     -1.59803660	     -0.16798756	    -48.21536652	     -0.06688609	    -70.08770278	     -0.06207432	    -91.43193316	   -117.04542312	     29.70599265	     26.53117107	     -0.03811682	     -0.04239479
      3.68500000	      9.62774857	    -15.42716576	      0.55865907	     22.93809710	    -49.52886310	     13.13154565	      7.63069680	      4.46454060	     -0.49887321	     -5.39548915	     -2.14495158	      1.05586508	     35.16544356	     -0.67271125	     -0.05851764	    -51.98393593	     -0.06693842	    -73.65650314	     -0.06158700	    -94.07719998	   -120.79478402	     30.72741525	     27.44654226	     -0.03570921	     -0.04036651
      3.69000000	     13.54327127	    -17.20017954	      0.77246941	     21.92131785	    -35.77796491	     17.98221015	      7.94368689	      1.94049322	      0.05250295	     -4.61141192	     -2.91761244	      1.23194607	     39.85832059	      0.17249120	      0.03967111	    -54.65270839	     -0.06657019	    -78.00489765	     -0.06086024	    -96.05522344	   -124.06009615	     30.97439833	     28.28923597	     -0.03343644	     -0.03847995
      3.69500000	     20.93302445	    -15.35265651	      0.93921994	     23.73953729	    -30.03808789	     20.22758180	      8.86860846	      1.76447409	      0.04000776	     -1.76332087	     -4.50709596	      1.58751903	     44.61090997	      0.91783933	      0.12493279	    -57.76610914	     -0.06582696	    -83.51850582	     -0.05996803	    -98.34808477	   -127.14657051	     32.14489529	     28.95253261	     -0.03132307	     -0.03676729
      3.70000000	     27.68832762	    -13.50035144	      1.22242455	     24.77849722	    -24.54026533	     21.20914587	      9.95861717	      0.30528475	      0.30264305	      0.16937610	     -7.52833971	      2.28803356	     49.35507434	      1.55078363	      0.19794755	    -60.83968273	     -0.06476681	    -88.31675022	     -0.05898605	   -100.06098352	   -130.19106820	     32.51345940	     29.44674967	     -0.02938961	     -0.03525105
      3.70500000	     35.65580553	    -11.21228931	      1.79737374	     26.59933697	    -24.69478548	     21.02356558	     12.04824778	     -0.34682635	      0.37131382	      1.84601848	    -10.28799722	      2.90116590	     54.01945234	      2.06635022	      0.26133837	    -64.28497529	     -0.06345841	    -93.08565758	     -0.05798860	   -101.81643161	   -133.14530313	     33.13595054	     30.35377922	     -0.02765270	     -0.03394382
      3.71000000	     44.06076924	     -7.91359478	      2.67320126	     29.21136097	    -21.82090754	     19.98885719	     15.05189611	     -1.19217571	      0.48276437	      3.17062695	    -14.13225663	      3.78891505	     58.53123496	      2.46687070	      0.31906912	    -67.92276008	     -0.06197862	    -97.04119025	     -0.05704581	   -103.08451829	   -135.45165070	     33.51827479	     30.66105370	     -0.02612509	     -0.03284853
      3.71500000	     52.10061735	     -5.57159688	      3.29273880	     31.28530996	    -22.23746209	     19.23613723	     17.36792133	     -2.23013668	      0.61205273	      4.71022146	    -17.39812373	      4.51762833	     62.81817440	      2.76111022	      0.37572531	    -71.10662054	     -0.06040961	   -100.85406989	     -0.05622110	   -104.04808038	   -137.79294584	     33.84319996	     31.32747377	     -0.02481578	     -0.03195920
      3.72000000	     59.06100697	     -3.27548908	      3.68382574	     32.37842939	    -22.76104442	     17.44555474	     18.82620227	     -3.40329859	      0.74434516	      6.23184292	    -20.83146539	      5.29206014	     66.81068439	      2.96290947	      0.43578046	    -73.37333516	     -0.05883564	   -104.42638417	     -0.05556913	   -104.79255913	   -139.68414844	     33.77664948	     31.91704184	     -0.02373018	     -0.03126218
      3.72500000	     64.16708517	     -0.33041916	      4.21175495	     31.65124733	    -24.01123697	     15.66468440	     19.97943595	     -4.17230337	      0.76498105	      6.51501518	    -24.33160959	      6.07366199	     70.44387855	      3.08949706	      0.50293552	    -75.37869925	     -0.05733961	   -106.72439902	     -0.05513406	   -105.44461340	   -141.17251774	     33.87929407	     32.23088966	     -0.02287056	     -0.03073761
      3.73000000	     68.33871649	      1.31424627	      4.94476511	     30.16156033	    -26.76706855	     14.16461085	     21.59589978	     -5.51420912	      0.93808436	      5.61332023	    -27.46215978	      6.74841164	     73.65941445	      3.15964622	      0.57959212	    -77.19568871	     -0.05599957	   -108.18940668	     -0.05494838	   -105.67946735	   -142.62507854	     33.63408448	     32.64253897	     -0.02223656	     -0.03036128
      3.73500000	     71.86536135	      3.91378028	      6.02325891	     28.28684717	    -34.08457147	     12.59099188	     23.73369812	     -5.71178185	      0.85039826	      3.64633081	    -30.17637228	      7.29823321	     76.40706725	      3.19185126	      0.66648944	    -79.19586816	     -0.05488531	   -108.62618698	     -0.05503213	   -106.29787915	   -143.87169656	     33.82117150	     32.86315158	     -0.02182586	     -0.03010655
      3.74000000	     74.64259043	      4.72933406	      7.09081155	     26.21410122	    -39.72453703	     12.38048801	     25.97052403	     -6.32343881	      0.88048352	      1.29021415	    -31.68170455	      7.51430522	     78.64599199	      3.20269712	      0.76251144	    -80.82648856	     -0.05405513	   -108.15802007	     -0.05539261	   -106.43389873	   -144.80006753	     33.73702155	     33.24636283	     -0.02163487	     -0.02994644
      3.74500000	     75.75302773	      5.53647334	      7.60789941	     23.28624950	    -42.92429618	     11.94683063	     26.48586434	     -6.45717487	      0.76030920	     -0.39099923	    -32.54676619	      7.56524094	     80.34563778	      3.20557662	      0.86466075	    -80.95966435	     -0.05355306	   -107.28044396	     -0.05602445	   -106.38995837	   -145.27248176	     33.51167174	     33.46662543	     -0.02165943	     -0.02985577
      3.75000000	     75.38898112	      5.84782234	      7.79344858	     19.29445345	    -46.80070986	     12.99764065	     25.71732448	     -6.31897526	      0.57278729	     -1.79192404	    -32.42743074	      7.35893922	     81.48629169	      3.20986320	      0.96819304	    -80.25719619	     -0.05340653	   -105.78022659	     -0.05691016	   -106.39107548	   -145.29172573	     33.48420527	     33.50309853	     -0.02189550	     -0.02981318
      3.75500000	     72.94522039	      4.35119124	      7.62878261	     14.28050591	    -48.42092353	     15.27716630	     23.76697681	     -6.34138524	      0.41905463	     -3.45281510	    -30.86018080	      6.76535375	     82.05924602	      3.22058449	      1.06690068	    -78.27014349	     -0.05362481	   -103.38225148	     -0.05802090	   -106.03610803	   -145.27973692	     33.15302082	     33.62673396	     -0.02233967	     -0.02980302
      3.76000000	     68.38638644	      2.74669833	      7.31270243	      7.23280789	    -49.35218605	     18.42336102	     20.82189207	     -6.18551766	      0.23568815	     -5.58963215	    -28.79155610	      6.06472792	     82.06657359	      3.23858512	      1.15352765	    -75.56238893	     -0.05419814	   -100.09941474	     -0.05931760	   -105.50542554	   -144.52295028	     32.94269011	     33.45657983	     -0.02298958	     -0.02981674
      3.76500000	     63.06025153	      0.62394238	      6.78742461	      0.61041365	    -50.36436359	     21.71999970	     17.40494307	     -5.44608835	     -0.06634842	     -7.61637714	    -25.56915750	      5.08262844	     81.52048807	      3.26112747	      1.22029780	    -72.14993787	     -0.05509775	    -96.11260668	     -0.06075232	   -104.89368431	   -143.78961384	     32.76675048	     33.51327757	     -0.02384412	     -0.02985388
      3.77000000	     57.40562300	     -1.37692146	      6.04103079	     -5.21093249	    -45.29070995	     25.22284159	     13.69093935	     -5.27482461	     -0.19674392	     -8.94049053	    -22.83798676	      4.28766064	     80.44228467	      3.28285807	      1.25953552	    -68.06793459	     -0.05627683	    -91.56873097	     -0.06226978	   -103.68961904	   -142.20065071	     32.27454243	     32.90160965	     -0.02490346	     -0.02992241
      3.77500000	     52.41814345	     -4.29013327	      5.09631200	     -9.44248366	    -42.44523528	     27.93233381	     10.11646556	     -5.03663638	     -0.29583963	     -9.58186636	    -19.33947214	      3.33782432	     78.86089001	      3.29704818	      1.26434156	    -63.50588243	     -0.05767232	    -87.21871601	     -0.06380907	   -102.32862679	   -140.62854423	     31.68472067	     32.89258709	     -0.02616880	     -0.03003837
      3.78000000	     46.50590367	     -5.83905552	      4.43002839	    -13.59961464	    -35.62199294	     29.64138893	      7.14493305	     -4.70007102	     -0.36382123	    -11.11973313	    -16.89205909	      2.70218477	     76.81110128	      3.29698612	      1.22926860	    -58.85702298	     -0.05920762	    -81.71349799	     -0.06530549	   -100.54283441	   -138.39404248	     31.09926821	     32.25872374	     -0.02764182	     -0.03022491
      3.78500000	     39.88682554	     -8.13017336	      3.56586395	    -17.60923855	    -27.63161933	     30.46506123	      3.85804661	     -4.67615956	     -0.33063723	    -12.63378703	    -14.19092893	      2.03807903	     74.33165879	      3.27736579	      1.15092892	    -53.54564339	     -0.06079598	    -75.97386971	     -0.06669254	    -98.29033973	   -135.93584663	     30.11842200	     31.88660222	     -0.02932382	     -0.03051069
      3.79000000	     33.32101203	     -8.31416839	      2.76229509	    -21.08921016	    -18.76464032	     29.73262351	      0.77011766	     -4.20805709	     -0.37133781	    -13.92423730	    -12.86252511	      1.75952547	     71.46333773	      3.23550038	      1.02845609	    -48.20134965	     -0.06234442	    -70.07944636	     -0.06790394	    -95.71327326	   -132.74292552	     29.44917006	     30.97056334	     -0.03121449	     -0.03092791
      3.79500000	     27.59919242	     -8.80751082	      1.65632470	    -22.47756533	     -7.72609977	     27.48416308	     -2.34234190	     -4.33645774	     -0.24887279	    -14.06093668	    -11.96305682	      1.60695532	     68.24724775	      3.17219977	      0.86374949	    -42.37991057	     -0.06375802	    -64.58731653	     -0.06887578	    -92.56111792	   -129.35946607	     28.16995923	     30.15573830	     -0.03331045	     -0.03150979
      3.80000000	     22.91603589	     -8.41599041	      0.85523246	    -22.27205057	      4.21574787	     24.33068669	     -4.16542319	     -4.15831787	     -0.15805556	    -14.20973371	    -11.53012297	      1.58224892	     64.72350481	      3.09218567	      0.66146493	    -37.14010774	     -0.06494442	    -58.97481261	     -0.06954858	    -89.03918746	   -125.29132041	     26.88350961	     29.06654694	     -0.03560358	     -0.03228797
      3.80500000	     19.08092798	     -7.21847196	      0.14322259	    -20.59022735	     17.46707169	     20.21808370	     -5.31609533	     -3.82152533	     -0.08867575	    -13.93140126	    -11.59690295	      1.67437726	     60.93038529	      3.00398152	      0.42876024	    -32.20898235	     -0.06581808	    -53.45695885	     -0.06986936	    -85.12303691	   -120.64712727	     25.59953826	     27.89507140	     -0.03807939	     -0.03328971
      3.81000000	     15.58695269	     -6.47679998	     -0.48570120	    -18.15867492	     30.29608112	     16.14804861	     -5.95047305	     -3.53663372	     -0.00130508	    -13.65416748	    -11.43322361	      1.71692458	     56.90399497	      2.91929576	      0.17483940	    -27.48947072	     -0.06630427	    -48.10890014	     -0.06979344	    -80.77812570	   -115.74182314	     24.17037790	     26.69345127	     -0.04071555	     -0.03453521
      3.81500000	     12.01495885	     -5.59892860	     -1.09373816	    -15.51400195	     44.94822816	     11.78959924	     -6.48091154	     -3.61930266	      0.15696246	    -13.22247168	    -11.74632878	      1.86606395	     52.67842855	      2.85197651	     -0.08964481	    -22.84406730	     -0.06634239	    -42.97509501	     -0.06928609	    -75.97840990	   -110.21076420	     22.47995346	     25.25291426	     -0.04348074	     -0.03603510
      3.82000000	      8.65966293	     -5.75039516	     -1.56840930	    -12.16064137	     61.34444788	      7.89715425	     -6.28387228	     -4.06881837	      0.38721387	    -13.02976627	    -11.64075038	      1.92114045	     48.28636186	      2.81664222	     -0.35326656	    -18.58022976	     -0.06586164	    -37.84288818	     -0.06832380	    -70.51658080	   -104.54843957	     20.44178587	     23.86311864	     -0.04633515	     -0.03778833
      3.82500000	      6.31440223	     -5.59119629	     -2.01716957	     -8.02969056	     73.92087100	      4.31002713	     -5.77670944	     -3.99455345	      0.49379505	    -12.21314730	    -11.18328804	      1.90691533	     43.75996980	      2.82711058	     -0.60452496	    -14.85599137	     -0.06478473	    -33.41716614	     -0.06689515	    -65.05520588	    -98.57547355	     18.56617294	     22.46194515	     -0.04922819	     -0.03978069
      3.83000000	      4.48152645	     -5.32135837	     -2.16432267	     -3.26562427	     87.35677062	      1.22870957	     -4.25088662	     -3.63028624	      0.53470868	    -11.70600450	    -10.45497082	      1.84635852	     39.13201274	      2.89477513	     -0.83251791	    -11.92199569	     -0.06314536	    -28.95388255	     -0.06497784	    -59.27092850	    -92.26517051	     16.70582653	     20.96009706	     -0.05209695	     -0.04198500
      3.83500000	      3.85162464	     -4.98693755	     -2.42194732	      2.71971464	     99.47577086	     -1.39722670	     -2.73489049	     -3.21383882	      0.55774619	     -9.99472618	     -9.63733855	      1.78144989	     34.43691991	      3.02710666	     -1.02755775	     -9.19115650	     -0.06097802	    -25.51485029	     -0.06256798	    -53.57048299	    -85.59766378	     14.83461999	     19.31402966	     -0.05487130	     -0.04435871
      3.84000000	      4.40407622	     -4.78441824	     -2.36645969	      9.78187063	    110.54342808	     -3.22291866	      0.09941185	     -2.67681162	      0.54831537	     -8.42958850	     -8.52831896	      1.67081092	     29.71170851	      3.22646420	     -1.18170085	     -7.54795019	     -0.05833310	    -22.21764538	     -0.05971515	    -47.63628210	    -78.94447449	     12.98511630	     17.65083295	     -0.05747335	     -0.04684551
      3.84500000	      4.11277009	     -4.78103003	     -2.28908576	     15.48937898	    117.40024655	     -4.60110617	      2.40141138	     -1.93534840	      0.49273300	     -7.24554715	     -6.98158856	      1.47115345	     24.99659569	      3.48937378	     -1.28916754	     -5.99558099	     -0.05527331	    -19.18102763	     -0.05646736	    -41.99003023	    -72.46390113	     11.23743468	     16.28462370	     -0.05981923	     -0.04937834
      3.85000000	      4.56625825	     -4.07292975	     -2.27617995	     21.31213036	    121.15702171	     -5.39986490	      4.39161622	     -0.65887178	      0.33317001	     -5.15668204	     -5.33030439	      1.26778084	     20.33519758	      3.80638113	     -1.34663604	     -4.70160657	     -0.05187008	    -17.02182866	     -0.05288021	    -36.74221693	    -65.73222748	      9.81555329	     14.77115350	     -0.06182137	     -0.05188084
      3.85500000	      4.85349743	     -3.08900340	     -2.14644098	     26.45772202	    123.06228561	     -5.95674788	      6.38373620	      0.41889874	      0.20075683	     -3.30813828	     -4.10434292	      1.14702446	     15.77426923	      4.16250106	     -1.35340554	     -3.78229217	     -0.04819996	    -15.08667156	     -0.04901495	    -31.61603652	    -59.17057347	      8.45017334	     13.22237209	     -0.06339117	     -0.05427017
      3.86000000	      4.62808661	     -3.70781421	     -2.07301866	     30.54782810	    124.00401897	     -5.08836450	      8.12673492	      0.77456011	      0.18172429	     -1.78201266	     -2.22574793	      0.91050124	     11.36300183	      4.53817602	     -1.31142967	     -3.07029944	     -0.04434138	    -13.26581430	     -0.04493671	    -26.43880721	    -53.00411466	      6.89978118	     11.95398185	     -0.06444206	     -0.05646016
      3.86500000	      5.29824034	     -3.74514617	     -1.87905856	     34.88350863	    122.87679608	     -5.22700209	     10.28170147	      1.74065993	      0.06573803	     -0.03934845	     -0.46447444	      0.67777776	      7.15193620	      4.91058258	     -1.22522039	     -2.72553945	     -0.04037162	    -12.04105221	     -0.04071265	    -21.41214968	    -47.16994864	      5.57442020	     10.99784292	     -0.06489288	     -0.05836475
      3.87000000	      5.06318360	     -3.81373251	     -1.58679605	     37.53695866	    122.78691284	     -3.97633120	     12.07996616	      2.39000996	     -0.01597526	      1.15065779	      1.09197277	      0.51815394	      3.19156882	      5.25512080	     -1.10161991	     -2.54673904	     -0.03636434	    -10.71775455	     -0.03641026	    -16.66764890	    -41.19274141	      4.40850679	      9.52398125	     -0.06467170	     -0.05990125
      3.87500000	      4.15502263	     -4.76046582	     -1.23950339	     39.01642289	    125.25200997	     -2.48827560	     13.83127919	      2.03240532	      0.04761251	      1.70635722	      2.37513387	      0.38913765	     -0.46926303	      5.54694168	     -0.94943623	     -2.55068434	     -0.03238742	     -9.20492337	     -0.03209577	    -11.97541531	    -35.40432120	      2.96218499	      8.29988771	     -0.06371988	     -0.06099341
      3.88000000	      4.18945319	     -5.26309633	     -0.92558504	     41.00493179	    130.58001352	      0.15196323	     15.46538835	      1.65883301	      0.08851390	      3.15578150	      3.64773076	      0.25682519	     -3.78511709	      5.76240625	     -0.77894304	     -2.81246918	     -0.02850123	     -8.02186060	     -0.02783259	     -7.98303268	    -29.15483795	      1.86691566	      6.84429109	     -0.06199642	     -0.06157397
      3.88500000	      3.83868024	     -4.60336830	     -0.48084029	     41.67833403	    131.05742908	      2.97505014	     16.51020518	      1.93991686	      0.05228163	      4.24533201	      4.78957668	      0.13703971	     -6.71568573	      5.88043460	     -0.60127057	     -3.23746327	     -0.02475743	     -6.73024733	     -0.02367998	     -5.03250694	    -23.23297117	      1.42864888	      5.54335923	     -0.05948238	     -0.06158684
      3.89000000	      2.25874737	     -3.31438571	     -0.19766513	     40.32294018	    133.96461997	      4.73146928	     16.30840087	      2.10823619	      0.05175397	      5.23887478	      5.25579967	      0.10782194	     -9.22742032	      5.88372755	     -0.42774169	     -3.18022697	     -0.02119811	     -5.51519441	     -0.01969173	     -2.31949514	    -17.39079533	      0.80789380	      4.24435168	     -0.05618522	     -0.06098883
      3.89500000	     -0.79215784	     -2.20902890	     -0.31884707	     36.75563584	    131.79353980	      6.99911232	     14.00936160	      1.70797510	      0.11879479	      6.25498586	      5.41520873	      0.11401076	    -11.29494016	      5.75981778	     -0.26921023	     -2.31415697	     -0.01785550	     -4.52266804	     -0.01591517	     -0.64337087	    -12.15984756	      0.27367614	      2.99463927	     -0.05214240	     -0.05975129
      3.90000000	     -4.85407514	      0.75669963	     -0.36639634	     31.30147925	    119.31058504	      7.98275086	     10.39852784	      2.98357154	     -0.00132446	      6.58928639	      5.59168213	      0.11891819	    -12.90213627	      5.50189644	     -0.13545769	     -0.96464162	     -0.01475211	     -3.50058897	     -0.01239032	     -0.46104815	     -7.80255614	      0.52890286	      2.12801522	     -0.04742411	     -0.05786169
      3.90500000	     -9.14077483	      2.13344838	     -0.50659715	     25.20111532	    104.04363828	      9.83831321	      6.88357828	      3.55043022	     -0.08618321	      5.99787664	      6.27891229	      0.08873190	    -14.04289101	      5.10936055	     -0.03470031	      0.27272979	     -0.01190295	     -2.18958907	     -0.00914928	     -0.79108661	     -4.21774220	      0.48077295	      1.39823445	     -0.04213447	     -0.05532554
      3.91000000	    -11.25276490	      2.11482814	     -0.75040565	     20.27882762	     83.76283421	     11.25500742	      4.83716612	      3.42844287	     -0.05779305	      5.24361539	      6.84274981	      0.26021836	    -14.72138876	      4.58800229	      0.02678016	      0.59296384	     -0.00931295	     -1.33200923	     -0.00621599	     -0.77304655	     -1.82269719	      0.33204671	      1.19147512	     -0.03641036	     -0.05216839
      3.91500000	    -14.37809391	     -0.11481440	     -1.21992769	     12.28991166	     58.78123139	     12.72608094	      2.39257721	      4.00699315	     -0.11115817	      3.34899716	      9.57467655	      0.22943298	    -14.95204794	      3.94976362	      0.04491008	      1.28289472	     -0.00697813	     -0.83046621	     -0.00360625	     -1.00823669	      0.62552514	      0.41654351	      2.01593328	     -0.03041829	     -0.04843788
      3.92000000	    -21.72750905	     -0.72927423	      0.33098491	      1.29257318	     29.89614103	     12.80824502	      0.33074249	      4.18418758	     -0.12944056	     -3.63060674	      9.26123079	     -0.51773755	    -14.75909447	      3.21203838	      0.01801993	      1.78480750	     -0.00489143	      2.54612554	     -0.00132810	     -1.23422695	      0.34562926	      0.55658779	      1.46492149	     -0.02434879	     -0.04420535
      3.92500000	    -23.63239814	     -1.13401763	      0.47237808	     -4.56093878	      4.84939718	     11.72280927	     -1.48698753	      3.94463063	     -0.09427089	     -5.95228450	      8.41095736	     -0.55023977	    -14.17577036	      2.39656191	     -0.05304811	      2.18785134	     -0.00304225	      3.33134872	      0.00061751	     -1.18800274	      0.33970082	      0.41840997	      1.13538856	     -0.01840820	     -0.03956638
      3.93000000	    -26.22746070	     -1.58836936	      0.65869518	    -11.01855645	    -17.10562335	     10.74133452	     -3.75827104	      4.33397309	     -0.14445121	     -8.63749205	      8.20916342	     -0.78589483	    -13.24317594	      1.52796562	     -0.16493905	      2.98567515	     -0.00141798	      4.46169098	      0.00223579	     -1.44140765	      0.20623969	      0.56386282	      0.95511127	     -0.01280879	     -0.03463984
      3.93500000	    -25.95757694	     -3.24718862	      0.06169577	    -14.75387803	    -35.48665792	     10.59377547	     -5.81732281	      4.65687699	     -0.19671950	     -8.93123284	      9.09814420	     -0.90516560	    -12.00874272	      0.63212242	     -0.31191465	      3.70015295	     -0.00000541	      4.39963275	      0.00353694	     -1.52070262	      0.19210427	      0.65938229	      1.08251061	     -0.00775782	     -0.02956505
      3.94000000	    -26.61445538	     -4.49376446	     -0.13978180	    -19.28421147	    -50.90430908	      9.64922166	     -7.62554202	      4.31557664	     -0.17338773	    -10.41221485	      8.83795156	     -1.03798287	    -10.52432798	     -0.26554772	     -0.48613866	      4.32461084	      0.00120803	      4.98981407	      0.00453493	     -1.58068017	     -0.03980529	      0.62395880	      1.15764262	     -0.00344647	     -0.02449698
      3.94500000	    -26.71852298	     -5.01054358	     -0.45460551	    -22.93175185	    -62.28124635	      8.56701834	     -9.61040919	      4.57635888	     -0.23118543	    -11.17069723	      8.70484456	     -1.12340058	     -8.84396253	     -1.14164076	     -0.67811616	      5.17364260	      0.00223323	      5.37393225	      0.00524618	     -1.87355905	     -0.07933890	      0.78938326	      1.08290208	     -0.00003950	     -0.01959970
      3.95000000	    -26.57888694	     -7.34095110	     -1.00923499	    -26.25674445	    -70.45233290	      8.45866104	    -11.42482465	      4.04565595	     -0.21047496	    -11.76779488	      9.33680526	     -1.34471292	     -7.02135274	     -1.97605615	     -0.87724978	      5.98014733	      0.00307863	      5.71191859	      0.00568789	     -1.83469242	     -0.30931303	      0.75054211	      1.37264227	      0.00233359	     -0.01503876
      3.95500000	    -26.87754432	     -7.98362236	     -1.19101648	    -29.58682395	    -72.43753164	      7.52208121	    -12.99554412	      3.55360360	     -0.19423682	    -12.75657797	      8.69943445	     -1.43454179	     -5.10729351	     -2.75290248	     -1.07245980	      6.70029651	      0.00374958	      6.48730353	      0.00587784	     -1.78556907	     -0.24572914	      0.63461835	      1.02611571	      0.00358526	     -0.01097277
      3.96000000	    -25.98829581	     -9.61615062	     -1.74944014	    -31.56254426	    -74.31159521	      6.61977387	    -14.45210651	      2.99724635	     -0.17812857	    -12.75380544	      8.84906846	     -1.53927307	     -3.14719825	     -3.46096415	     -1.25281610	      7.44582380	      0.00424796	      6.65460182	      0.00583348	     -1.67956241	     -0.40816580	      0.48135143	      1.24925310	      0.00367411	     -0.00754525
      3.96500000	    -25.50409104	    -10.35808399	     -1.92751532	    -33.64460883	    -73.76762908	      6.02122188	    -15.63302014	      2.82161360	     -0.23478812	    -13.27150335	      8.79104237	     -1.70388779	     -1.17898534	     -4.09372866	     -1.40814205	      8.00501561	      0.00457192	      7.28236259	      0.00556951	     -1.73139408	     -0.47275154	      0.72201914	      1.21665973	      0.00260638	     -0.00487715
      3.97000000	    -24.77957731	    -11.82251940	     -2.39566985	    -34.96293574	    -70.96962079	      5.19750310	    -17.01733088	      2.12341819	     -0.22459427	    -13.18227591	      8.86371412	     -1.82343567	      0.76846674	     -4.64902286	     -1.52955957	      8.89193842	      0.00471584	      7.54963316	      0.00509795	     -1.87305195	     -0.64104172	      0.72829982	      1.45281147	      0.00043464	     -0.00306046
      3.97500000	    -23.93733588	    -12.63165967	     -2.67770790	    -35.95505312	    -62.46507417	      4.04883983	    -17.92243529	      1.35077095	     -0.20930361	    -13.06322073	      8.40245193	     -1.86735517	      2.67615879	     -5.12833777	     -1.60994900	      9.51374022	      0.00467046	      7.97360575	      0.00442768	     -1.69808915	     -0.59579134	      0.58727629	      1.31861007	     -0.00274592	     -0.00215342
      3.98000000	    -23.00947841	    -14.37150183	     -3.02060324	    -36.46615410	    -51.38808829	      3.78587211	    -18.67558640	      0.02829641	     -0.13285450	    -12.77570137	      8.31693797	     -1.96942058	      4.53505094	     -5.53594147	     -1.64430036	     10.16475613	      0.00442333	      8.38073434	      0.00356413	     -1.63566977	     -0.55918007	      0.45301526	      1.26628074	     -0.00680343	     -0.00217752
      3.98500000	    -20.87394553	    -14.53148056	     -3.04831662	    -35.75642066	    -39.15574966	      2.01284586	    -18.53661891	     -0.23561449	     -0.19413293	    -12.16090044	      7.83367230	     -1.97753111	      6.34542766	     -5.87790282	     -1.62992814	     10.32099029	      0.00395934	      8.60287633	      0.00250925	     -1.47227813	     -0.54698861	      0.59471119	      1.25541540	     -0.01157682	     -0.00311660
      3.99000000	    -19.16712817	    -15.52785275	     -3.33581434	    -35.14994997	    -23.88646419	      0.97572125	    -18.90830440	     -1.33901308	     -0.15249636	    -11.17248475	      7.44563609	     -1.96971550	      8.11569571	     -6.16115759	     -1.56651891	     10.84789034	      0.00326172	      8.70255798	      0.00126172	     -1.50788420	     -0.46868436	      0.53412302	      1.21451451	     -0.01688456	     -0.00491788
      3.99500000	    -16.86598284	    -16.69204898	     -3.45139390	    -33.91464757	     -4.95342987	     -0.27421035	    -18.46240064	     -2.47494540	     -0.10396969	    -10.16825280	      7.07929576	     -1.98680649	      9.86081071	     -6.39272254	     -1.45600364	     10.99302405	      0.00231312	      8.82639830	     -0.00018248	     -1.27787454	     -0.42888389	      0.43769976	      1.22325926	     -0.02253410	     -0.00749497
      4.00000000	    -13.81594362	    -11.23548634	     -2.52505413	    -31.26340564	     -3.66572120	     -4.70085776	    -19.00751370	      1.11754885	     -0.51887908	     -8.87869155	      6.48334758	     -1.94918707	     11.60051693	     -6.57912437	     -1.30227716	     11.27903357	      0.00109702	      8.81836989	     -0.00182925	     -4.19635801	     -0.37969825	      1.61115725	      1.22515107	     -0.02833167	     -0.01073253
      4.00500000	    -10.43187816	     -7.42962443	     -1.95016250	    -28.79198606	     -0.95577229	     -6.89804345	    -19.47799785	      3.22071935	     -0.85187290	     -7.17559789	      6.18445050	     -1.92915290	     13.35756815	     -6.72606744	     -1.11080445	     11.10500631	     -0.00040072	      8.68702083	     -0.00368523	     -6.86825521	     -0.24155596	      2.50301736	      1.17794487	     -0.03409187	     -0.01449259
      4.01000000	     -3.06297817	      1.76369523	      0.27475696	    -21.98200593	     -5.69838175	    -13.03697503	    -16.98140659	     10.07624615	     -1.68936140	     -5.50469595	      5.81040580	     -1.92784775	     15.15608355	     -6.83828970	     -0.88817292	      9.12161670	     -0.00219028	      8.55357434	     -0.00575641	    -10.77911303	     -0.19901545	      4.38923513	      1.23602808	     -0.03964635	     -0.01862212
      4.01500000	      2.87698348	      1.02456208	      0.91305566	    -16.51729660	     -4.00345853	    -12.94007029	    -11.43328295	      9.62561256	     -1.81281654	     -7.42675663	      5.69269410	     -1.11246163	     17.02015516	     -6.91949723	     -0.64166076	      5.64518884	     -0.00427628	     10.18143615	     -0.00804662	    -11.81143732	     -2.84808809	      4.77737333	      1.57313858	     -0.04485065	     -0.02296168
      4.02000000	      9.75413203	     -8.25899693	      0.32892560	    -11.26244302	    -43.53397885	    -13.25771223	     -9.58707713	      8.39157558	     -1.73791872	     -6.93810291	      9.15175057	     -1.97954578	     18.97276438	     -6.97228846	     -0.37885958	      4.73414846	     -0.00665648	      7.41887650	     -0.01055595	    -13.08294997	     -9.71851736	      4.72620693	      3.63882285	     -0.04958853	     -0.02735453
      4.02500000	     17.36809939	     -8.70357782	     -1.68017881	     -3.85409606	    -41.48891744	    -12.79232841	    -13.63241725	      6.76444142	     -1.64568119	      2.26035740	      8.52094070	     -1.87336991	     21.03501949	     -6.99804088	     -0.10734063	      6.40511642	     -0.00932081	      2.71946649	     -0.01327928	    -16.22155061	    -11.08424451	      5.41853772	      4.19170597	     -0.05377312	     -0.03165535
      4.03000000	     20.41032142	    -10.10855234	     -3.59652646	     -1.82776945	    -62.90883338	    -14.56513995	    -18.79037695	      5.91428014	     -1.66704243	      6.90317928	      8.14970798	     -1.84304415	     23.22568667	     -6.99676829	      0.16566798	      8.49467715	     -0.01225086	     -1.06695266	     -0.01620516	    -19.44136002	    -15.53270721	      6.18061070	      5.42145676	     -0.05734541	     -0.03573764
      4.03500000	     14.61558063	    -10.06261628	     -4.59358981	     -8.32625520	    -77.58464024	    -19.37379976	    -24.58268502	      6.94518292	     -1.89747151	      4.25711442	      8.01084814	     -1.82134126	     25.56092249	     -6.96697538	      0.43362401	     11.40414700	     -0.01542271	     -1.18077628	     -0.01932179	    -22.33830096	    -21.07063906	      7.06336289	      6.88607452	     -0.06027087	     -0.03949947
      4.04000000	     -0.65224707	     -7.99077837	     -4.72484895	    -24.79408603	    -77.88300552	    -24.03506221	    -31.85105906	      7.72318946	     -2.10233376	     -4.92207590	      6.93868905	     -1.66138006	     28.05406243	     -6.90556822	      0.69104288	     14.91181132	     -0.01880762	      2.50049327	     -0.02259738	    -25.41193974	    -25.49328405	      7.87568277	      7.73785891	     -0.06253557	     -0.04286483
      4.04500000	    -19.59143746	     -6.27008722	     -4.06012521	    -45.11918343	    -71.88283852	    -27.76319643	    -37.96382019	      9.05421739	     -2.44572574	    -18.29394914	      6.94015387	     -1.68377875	     30.71533914	     -6.80789301	      0.93386532	     17.79352949	     -0.02235402	      8.29129753	     -0.02599483	    -28.49557218	    -29.71275234	      9.02912445	      8.92013376	     -0.06414090	     -0.04578438
      4.05000000	    -33.85702749	     -5.63869433	     -2.50915049	    -60.79467379	    -63.25395237	    -29.58820515	    -39.43082224	     10.09560432	     -2.74488825	    -31.80423051	      7.31658943	     -1.72517447	     33.55145028	     -6.66794673	      1.15975074	     17.82034641	     -0.02601030	     13.94656752	     -0.02946757	    -31.01049868	    -33.95951073	      9.95485498	      9.93148062	     -0.06510239	     -0.04823311
      4.05500000	    -34.79632230	     -6.65479965	     -1.56696543	    -62.36909459	    -56.13003107	    -29.77121547	    -37.43524689	     10.49000098	     -2.89892900	    -36.48705759	      7.82622502	     -1.80215361	     36.56493422	     -6.47878209	      1.36821846	     15.78919617	     -0.02971937	     14.42382799	     -0.03296008	    -33.22567762	    -38.21402080	     10.68160491	     11.07580495	     -0.06544757	     -0.05020693
      4.06000000	    -20.23913667	     -7.17606478	     -1.23867499	    -47.44539320	    -56.86281828	    -30.28969840	    -32.21285022	     11.52968421	     -3.09488559	    -30.59548355	      7.85275992	     -1.85907428	     39.75338048	     -6.23313857	      1.56058311	     11.60126741	     -0.03342049	      8.66092729	     -0.03640901	    -35.58472005	    -42.75763454	     11.48950767	     12.55239628	     -0.06521487	     -0.05171867
      4.06500000	     -1.78178930	     -5.41574409	     -1.25445984	    -28.07225017	    -63.12486294	    -30.35393052	    -27.25097584	     13.09522289	     -3.44531164	    -21.30831995	      6.60122008	     -1.61356391	     43.10857040	     -5.92429349	      1.73967710	      6.96753144	     -0.03705119	      0.72526117	     -0.03974493	    -38.66033559	    -47.51759201	     12.93586974	     13.58628424	     -0.06445240	     -0.05279395
      4.07000000	     13.41788651	     -5.55355639	     -1.48888921	    -12.21586829	    -75.91917774	    -28.73708038	    -23.69595064	     13.43374263	     -3.56123355	    -13.92211473	      6.01471794	     -1.54837658	     46.61564894	     -5.54703033	      1.90939995	      2.57541745	     -0.04054946	     -6.90325319	     -0.04289472	    -42.04872012	    -53.02608515	     14.20298814	     15.33274718	     -0.06321628	     -0.05346718
      4.07500000	     23.49071459	     -6.52535891	     -1.59794930	     -1.29481805	    -88.72034210	    -25.44807388	    -21.43831919	     13.46508335	     -3.60188694	     -9.94373636	      6.18867409	     -1.59453253	     50.25241924	     -5.09856622	      2.07415715	     -1.29263950	     -0.04385580	    -13.11381305	     -0.04578470	    -45.82617608	    -58.92334024	     15.54020196	     17.19351300	     -0.06156838	     -0.05377796
      4.08000000	     25.28009988	     -7.35007810	     -1.80361840	      0.70627823	   -101.23634927	    -20.73835239	    -22.40163332	     12.74249350	     -3.57729327	    -10.31820711	      6.17469892	     -1.60886361	     53.98887656	     -4.57929153	      2.23824955	     -3.90671962	     -0.04691536	    -17.38793172	     -0.04834419	    -49.90527619	    -64.85891477	     17.07715297	     18.99898572	     -0.05957404	     -0.05376797
      4.08500000	     20.33240314	     -9.78834221	     -1.91704375	     -4.83325616	   -109.98792580	    -14.07274338	    -25.21321640	     10.86350081	     -3.30563929	    -14.65616594	      6.87775356	     -1.78527483	     57.78711906	     -3.99321212	      2.40526425	     -5.74523979	     -0.04967986	    -20.00886177	     -0.05050953	    -53.89085790	    -70.37196960	     18.21156651	     20.78809206	     -0.05729976	     -0.05347850
      4.09000000	     13.97129169	     -9.90234007	     -1.32876629	    -11.77358843	   -115.62966360	     -9.34038564	    -27.37823094	      9.11455525	     -3.00549454	    -20.75410979	      5.68105069	     -1.59061309	     61.60176464	     -3.34805194	      2.57750884	     -8.04639438	     -0.05210936	    -22.05631884	     -0.05222809	    -57.75209103	    -75.61487962	     19.29103286	     22.24933743	     -0.05481153	     -0.05294892
      4.09500000	     11.18723687	     -9.52960408	     -0.83129432	    -14.86792234	   -122.10760536	     -4.84854476	    -28.62080507	      7.13903455	     -2.65008212	    -24.39759013	      3.72784953	     -1.23758554	     65.38097654	     -2.65505611	      2.75552802	    -11.05878311	     -0.05417377	    -25.77661797	     -0.05346210	    -61.50065230	    -80.73883300	     20.56198272	     23.89447915	     -0.05217349	     -0.05221586
      4.10000000	     13.27129485	     -7.86332419	     -0.25370239	    -12.64178256	   -125.63636090	     -1.05168659	    -28.07609826	      5.91448965	     -2.39074247	    -25.03562550	      1.27836403	     -0.70611544	     69.06813905	     -1.92857491	      2.93775235	    -15.09804676	     -0.05585396	    -31.16381646	     -0.05414282	    -64.92796004	    -85.33953479	     21.86350717	     25.17053419	     -0.04944703	     -0.05131699
      4.10500000	     17.59933872	     -7.20839058	      0.47043103	     -7.74918106	   -123.86153448	      3.55599239	    -25.92496755	      4.18599858	     -1.93327027	    -24.65202181	     -0.81488772	     -0.20197373	     72.60412141	     -1.18548798	      3.12034526	    -19.90562842	     -0.05714250	    -36.96912552	     -0.05437421	    -67.88722041	    -89.42121865	     22.75780469	     26.30436843	     -0.04669007	     -0.05028168
      4.11000000	     21.00144409	     -6.53031648	      1.44673464	     -3.70230737	   -113.73974763	      8.83843970	    -23.18400269	      2.66871726	     -1.50654314	    -24.97284755	     -2.52719369	      0.26112019	     75.92996236	     -0.44448107	      3.29731418	    -24.89499305	     -0.05801904	    -41.90816863	     -0.05424901	    -70.32309409	    -92.69442654	     23.60886553	     27.03299121	     -0.04395965	     -0.04913612
      4.11500000	     24.09285859	     -4.55815665	      2.38250694	      0.39737702	    -97.45202441	     12.27640861	    -20.60487697	      2.22353499	     -1.32248830	    -24.84307532	     -4.30412755	      0.76731889	     78.98973852	      0.27483984	      3.46092560	    -29.36760281	     -0.05859547	    -46.77146482	     -0.05382711	    -72.43714119	    -95.38005801	     24.44204177	     27.57514997	     -0.04130082	     -0.04790725
      4.12000000	     28.17735215	     -3.34885382	      3.03666490	      5.91870531	    -73.39452954	     16.13922592	    -17.74915460	      2.16214307	     -1.23070378	    -23.30395426	     -5.02778157	      1.04599150	     81.73336104	      0.95299885	      3.60241839	    -33.56493227	     -0.05890700	    -51.74192044	     -0.05317724	    -73.90885070	    -97.42187916	     25.08608108	     27.92162921	     -0.03875652	     -0.04662091
      4.12500000	     34.33320907	     -3.11965434	      3.16989108	     13.71186214	    -44.59269758	     20.05627679	    -14.76232391	      1.63708651	     -1.03713733	    -19.35644622	     -5.43839390	      1.25256072	     84.11906284	      1.57181992	      3.71295447	    -37.52224055	     -0.05899279	    -57.55852104	     -0.05237354	    -74.69755217	    -98.89583537	     25.43849341	     28.24432660	     -0.03636356	     -0.04530202
      4.13000000	     42.75009604	     -2.41318951	      3.21476840	     24.36016733	    -11.70431692	     23.76683062	    -10.94626477	      1.36472790	     -0.89681309	    -13.64456324	     -5.93257053	      1.49162721	     86.11537356	      2.11561198	      3.78469327	    -41.73638946	     -0.05889471	    -63.49315979	     -0.05149210	    -75.29891874	    -99.71015971	     25.73721284	     28.16924463	     -0.03415217	     -0.04397457
      4.13500000	     51.88688833	     -1.97118008	      2.98364855	     35.59835174	     19.31939931	     26.73291372	     -7.17755732	      0.84495464	     -0.71116156	     -6.99481831	     -6.52210530	      1.73962050	     87.70241613	      2.57222064	      3.81184350	    -45.93470884	     -0.05865523	    -69.67033535	     -0.05060736	    -75.60734803	   -100.39873955	     25.86244320	     28.20405558	     -0.03214591	     -0.04266127
      4.14000000	     60.04044385	     -2.29152181	      2.25342843	     45.40582588	     41.54427695	     29.81291611	     -4.90741154	      0.14800621	     -0.54128406	      0.08608511	     -6.69634403	      1.85884669	     88.87240888	      2.93379739	      3.79153865	    -49.44820117	     -0.05831531	    -76.36749891	     -0.04978849	    -76.38953664	   -101.23309094	     26.20801983	     28.49219935	     -0.03036165	     -0.04138290
      4.14500000	     66.01266095	     -0.82442051	      1.73427321	     52.07770209	     57.61369610	     30.89785764	     -3.06190303	      0.59065590	     -0.72321118	      5.50823271	     -7.36700356	      2.08368844	     89.62932873	      3.19718771	      3.72440286	    -53.13530941	     -0.05791244	    -82.11860429	     -0.04909602	    -76.96549693	   -102.26255318	     26.73809454	     28.56435251	     -0.02880983	     -0.04015742
      4.15000000	     67.33818245	     -1.46965300	      1.00225109	     52.90701077	     66.99763733	     32.43028850	     -3.08037549	     -0.11402277	     -0.66158711	      8.53545038	     -7.44438887	      2.10203380	     89.98776969	      3.36390908	      3.61471615	    -55.95896008	     -0.05747911	    -86.96243211	     -0.04857887	    -77.43824798	   -103.58753835	     26.86941753	     29.00778437	     -0.02749480	     -0.03899911
      4.15500000	     65.38347449	      0.18160572	      0.15441969	     48.96989107	     65.86563993	     32.20564782	     -5.18861015	      0.24117722	     -0.99180228	     10.27490711	     -8.21006237	      2.28645192	     89.97111200	      3.43974791	      3.47014677	    -58.40603501	     -0.05704165	    -91.34727017	     -0.04827196	    -78.47217713	   -104.79528877	     27.38562955	     29.24459698	     -0.02641517	     -0.03791787
      4.16000000	     61.61534315	      1.46683520	     -0.40255436	     41.82795542	     50.67263901	     30.15684008	     -7.11912444	      0.20486901	     -1.23607895	      9.67310819	     -9.52832124	      2.60572909	     89.60921119	      3.43404576	      3.30108027	    -61.45031861	     -0.05661973	    -95.50506806	     -0.04819199	    -79.24185250	   -107.04540649	     27.68378685	     29.98619727	     -0.02556421	     -0.03691896
      4.16500000	     54.81953444	      4.26821445	     -0.33684962	     30.11720360	     22.57038075	     26.71091650	     -9.20878286	      0.87463380	     -1.72542476	      5.92459460	    -11.51882362	      3.09287106	     88.93589596	      3.35877264	      3.11962933	    -65.11302331	     -0.05622639	    -98.63842509	     -0.04832129	    -80.49815934	   -109.58260800	     28.33612123	     30.68295999	     -0.02493014	     -0.03600277
      4.17000000	     45.30568763	      6.99401442	     -0.06250322	     13.52482108	    -20.21747901	     22.89257700	    -12.11290958	      1.65033845	     -2.30701791	     -0.05904324	    -13.45154604	      3.54519151	     87.98657399	      3.22749796	      2.93844954	    -69.08538286	     -0.05586881	   -101.68644320	     -0.04865335	    -82.03896089	   -112.32857539	     29.17544391	     31.61730103	     -0.02449637	     -0.03516572
      4.17500000	     33.88634449	      8.72598196	      0.04429065	     -5.40866651	    -63.66489307	     19.16384089	    -16.06112975	      1.76645574	     -2.71450384	     -6.60023205	    -15.22317137	      3.93692451	     86.79617570	      3.05437580	      2.76951170	    -72.20478321	     -0.05554960	   -104.46903550	     -0.04917375	    -83.41517200	   -114.85382163	     29.60562697	     32.48285082	     -0.02424176	     -0.03440154
      4.18000000	     22.71318474	      9.76033556	      0.29933315	    -23.22477047	   -105.16056403	     15.40187816	    -19.69267810	      1.43437294	     -2.95065477	    -13.05864626	    -17.29093157	      4.43033551	     85.39756698	      2.85325704	      2.62298084	    -74.28044721	     -0.05526853	   -107.46128406	     -0.04985599	    -85.02237678	   -117.13747443	     30.12268365	     33.08993852	     -0.02414097	     -0.03370249
      4.18500000	     15.81274696	      7.80503069	      1.28483564	    -35.14049908	   -136.11725360	     13.29541814	    -19.48694402	      0.43371803	     -2.82319804	    -18.74122166	    -18.18007704	      4.55446040	     83.82045435	      2.63700872	      2.50632638	    -76.67274340	     -0.05502447	   -110.35935199	     -0.05066471	    -85.83755613	   -118.89248930	     30.34865551	     33.70332321	     -0.02416505	     -0.03306088
      4.19000000	     12.98430695	      2.45873491	      3.02883083	    -40.16436778	   -154.49769772	     14.24766758	    -15.73351359	     -1.53198675	     -2.22177494	    -23.53915302	    -17.60022806	      4.19596619	     82.09069566	      2.41706917	      2.42374945	    -79.00061545	     -0.05481722	   -112.60405091	     -0.05155951	    -86.57222872	   -120.12574154	     30.48060159	     34.32630371	     -0.02428260	     -0.03247042
      4.19500000	     15.12825774	     -3.03332951	      5.08362731	    -37.06614343	   -156.36912785	     16.83735447	     -9.14006854	     -3.55641379	     -1.47302247	    -25.85629111	    -16.79083233	      3.78288011	     80.22987450	      2.20321843	      2.37596767	    -81.59079303	     -0.05464898	   -113.73301158	     -0.05249884	    -86.94009646	   -120.64566810	     30.54931923	     34.45144269	     -0.02446199	     -0.03192741
      4.20000000	     20.32454717	     -8.12814374	      6.82608652	    -28.07940658	   -146.44493378	     20.85593014	     -1.99039527	     -5.14770860	     -0.81351266	    -25.48069163	    -15.33502177	      3.17617227	     78.25503887	      2.00350246	      2.36034755	    -83.81176109	     -0.05452517	   -113.70979616	     -0.05344353	    -87.26413491	   -120.94110584	     30.75044717	     34.47856038	     -0.02467460	     -0.03143128
      4.20500000	     28.15507661	    -12.23775331	      7.59211254	    -14.24219319	   -121.79326914	     24.94569677	      4.26122528	     -6.65343355	     -0.18518393	    -21.16479638	    -13.96205821	      2.64988035	     76.17857566	      1.82423095	      2.37133249	    -84.90480869	     -0.05445448	   -113.19520447	     -0.05435960	    -86.90808385	   -120.67073855	     30.60702737	     34.23440938	     -0.02489867	     -0.03098489
      4.21000000	     37.59951403	    -14.90379653	      7.24692253	      2.70633838	    -89.65402575	     28.33157656	      8.70363385	     -7.88323314	      0.31622746	    -13.33220504	    -12.93825542	      2.29534870	     74.00822762	      1.66999315	      2.40109331	    -84.64748943	     -0.05444816	   -112.74196619	     -0.05521996	    -86.31134144	   -120.11488559	     30.31093915	     33.87241813	     -0.02512228	     -0.03059421
      4.21500000	     46.67602284	    -16.00838566	      6.45119258	     18.73316695	    -60.52999653	     30.38874971	     11.90226221	     -8.64167577	      0.64716166	     -4.84140714	    -12.55863161	      2.18851826	     71.74728326	      1.54368245	      2.44032076	    -83.83353358	     -0.05451852	   -112.28880983	     -0.05600504	    -85.48960209	   -119.54757989	     30.05994584	     33.42903143	     -0.02534482	     -0.03026778
      4.22000000	     51.25405102	    -16.06103656	      5.63624674	     28.83553190	    -34.08773965	     30.77216619	     13.26703978	     -8.82735487	      0.76150317	      1.18556437	    -12.32172518	      2.13474148	     69.39498379	      1.44654479	      2.47907950	    -81.91916500	     -0.05467698	   -110.58885786	     -0.05670233	    -84.55390183	   -118.74969750	     29.76878136	     33.13002849	     -0.02557648	     -0.03001591
      4.22500000	     52.75464327	    -15.43526611	      5.24632390	     34.26982834	    -11.72165520	     31.11294815	     14.17306828	     -9.28788903	      0.97425955	      4.63742397	    -12.85793885	      2.33374713	     66.94716500	      1.37826916	      2.50764734	    -79.83748617	     -0.05493194	   -107.76678024	     -0.05730510	    -83.65717995	   -117.41909236	     29.51889911	     32.40021880	     -0.02583610	     -0.02984986
      4.23000000	     50.14884613	    -13.74873167	      4.85925268	     33.95089382	      6.10376682	     30.04963143	     13.46823583	     -9.33894647	      1.03110090	      5.70058527	    -13.74586477	      2.64115503	     64.39711375	      1.33713507	      2.51727149	    -77.03481070	     -0.05528667	   -103.88168299	     -0.05781059	    -82.61086231	   -115.93032983	     29.25725150	     31.71512172	     -0.02614826	     -0.02978101
      4.23500000	     46.11704771	    -12.01219379	      4.23670001	     31.62955186	     18.03242680	     28.35729264	     11.59028805	     -9.36208696	      1.06766731	      6.30799039	    -14.57674920	      2.93853280	     61.73661013	      1.32020955	      2.50078267	    -73.52883594	     -0.05573760	   -100.00436075	     -0.05821803	    -81.89477243	   -114.45442617	     28.87373052	     31.16833467	     -0.02654017	     -0.02982012
      4.24000000	     42.01182508	     -9.46176496	      3.58830105	     28.53336548	     28.90986154	     25.42112258	      9.70366263	     -9.15535823	      1.06458950	      6.83557172	    -15.95718835	      3.40750049	     58.95712409	      1.32356088	      2.45301879	    -69.84048936	     -0.05627315	    -96.15316131	     -0.05852729	    -80.76738664	   -112.60840725	     28.50598596	     30.56291448	     -0.02703936	     -0.02997675
      4.24500000	     37.56844823	     -6.80337101	      3.15484743	     25.10561333	     39.76881494	     22.79790143	      8.24185168	     -9.03724800	      1.12331463	      6.65158821	    -17.47438462	      3.90474773	     56.05111021	      1.34246098	      2.37102837	    -66.27965448	     -0.05687328	    -91.59750823	     -0.05875522	    -79.47541341	   -110.51009116	     27.95882498	     29.55942677	     -0.02767173	     -0.03025890
      4.25000000	     32.36233271	     -4.79404821	      2.61256223	     20.85849411	     47.54558284	     20.14804163	      6.29578846	     -9.04341272	      1.22654351	      6.14126723	    -18.61036765	      4.27818532	     53.01331566	      1.37157125	      2.25405198	    -62.24921247	     -0.05750982	    -87.00384279	     -0.05891014	    -78.24270404	   -108.42897468	     27.41617753	     28.84107313	     -0.02846009	     -0.03067223
      4.25500000	     26.81507708	     -2.07495392	      2.07417652	     16.18204370	     56.35730883	     17.68967869	      4.17652143	     -8.68715242	      1.23756518	      5.60613919	    -19.80909381	      4.65825532	     49.84199624	      1.40512684	      2.10330807	    -58.13089997	     -0.05814747	    -82.05605051	     -0.05898921	    -76.93554143	   -105.65269080	     26.91380329	     27.66913242	     -0.02942277	     -0.03122014
      4.26000000	     20.39905129	     -0.91220736	      1.22777220	     10.25715648	     60.49825585	     15.92577488	      1.20448592	     -8.41798178	      1.25818897	      4.99260638	    -19.82831844	      4.69474276	     46.53991609	      1.43715791	      1.92163187	    -53.61442105	     -0.05874544	    -77.34640184	     -0.05898546	    -75.37363757	   -103.09009238	     26.32314189	     26.92831201	     -0.03057249	     -0.03190352
      4.26500000	     12.78497142	      0.09954815	      0.54189842	      3.51483495	     65.08715442	     13.88493740	     -1.80065094	     -7.91361563	      1.23009971	      3.38606158	    -19.60061620	      4.65503494	     43.11501316	      1.46179600	      1.71302781	    -48.72039177	     -0.05925955	    -72.14654753	     -0.05888806	    -73.73204481	   -100.30186508	     25.58152214	     25.97578692	     -0.03191541	     -0.03272053
      4.27000000	      6.61115548	      0.53263372	      0.22807622	     -1.36430667	     69.59928585	     12.72015242	     -3.25107719	     -7.09071153	      1.15696097	      1.60923387	    -18.61484397	      4.40963376	     39.58065666	      1.47369101	      1.48219533	    -44.65825616	     -0.05964449	    -66.65476786	     -0.05868300	    -71.76832838	    -97.30562515	     24.87967876	     24.92725777	     -0.03345052	     -0.03366647
      4.27500000	      1.48227567	     -0.50930392	     -0.00667939	     -4.65547720	     75.25725984	     11.74816721	     -3.80698257	     -7.08118727	      1.31457180	      0.02299642	    -17.35860627	      4.09750610	     35.95547189	      1.46852596	      1.23408004	    -40.85943853	     -0.05985623	    -61.32149810	     -0.05835407	    -69.19196790	    -94.25697154	     23.67522316	     23.97116074	     -0.03516935	     -0.03473362
      4.28000000	     -2.17254076	     -0.64109384	     -0.14994314	     -5.92901823	     81.78254567	     10.74047443	     -3.70863022	     -6.53833703	      1.33243555	     -0.80363184	    -16.27443224	      3.84420991	     32.26275387	      1.44356417	      0.97349593	    -37.36869009	     -0.05985422	    -56.26132856	     -0.05788395	    -66.67793692	    -90.56778979	     22.71990589	     22.62291000	     -0.03705596	     -0.03591110
      4.28500000	     -4.66330157	     -2.09807681	     -0.39808395	     -5.84630208	     86.41225792	      9.90039041	     -3.17433052	     -6.04980802	      1.35300278	     -1.06261700	    -14.24895839	      3.35793074	     28.52954589	      1.39809971	      0.70485813	    -34.10040245	     -0.05960343	    -51.73854830	     -0.05725539	    -63.70653877	    -86.99335408	     21.58877730	     21.68346236	     -0.03908726	     -0.03718478
      4.29000000	     -7.29138588	     -3.20049815	     -0.81535024	     -5.51950121	     91.82102914	      8.64087230	     -3.03474893	     -5.07390834	      1.23335669	     -1.03057864	    -12.01054133	      2.83459595	     24.78548999	      1.33367099	      0.43206554	    -30.62860272	     -0.05907583	    -47.31182248	     -0.05645234	    -60.47383647	    -83.25248745	     20.37840274	     20.59775747	     -0.04123362	     -0.03853724
      4.29500000	     -8.33336429	     -4.63999176	     -1.24803804	     -3.60246891	     95.77390580	      7.95772367	     -2.37282039	     -4.55153972	      1.20231110	     -0.15073801	     -9.89255544	      2.35567899	     21.06156124	      1.25395519	      0.15856619	    -27.65149219	     -0.05825163	    -43.53623794	     -0.05546095	    -57.08360045	    -79.15446655	     19.19238366	     19.45185605	     -0.04345945	     -0.03994785
      4.30000000	     -9.35713149	     -6.00408361	     -1.58868711	     -0.99266390	    103.34862444	      6.39217108	     -1.32734074	     -3.91210999	      1.13939547	      0.48257250	     -7.81548728	      1.89522933	     17.38883097	      1.16433450	     -0.11239824	    -24.67610425	     -0.05711982	    -39.58618305	     -0.05427039	    -53.22601895	    -74.95907216	     17.65052430	     18.23760083	     -0.04572398	     -0.04139290
      4.30500000	     -9.23558712	     -7.20077379	     -1.78620406	      2.32940307	    106.78041122	      4.86152097	      0.44033134	     -2.60651188	      0.90348011	      1.17713216	     -5.25914266	      1.33741446	     13.79743547	      1.07120014	     -0.37742144	    -22.38821690	     -0.05565324	    -36.04174710	     -0.05287350	    -49.25682070	    -70.74074304	     16.46427362	     17.28245507	     -0.04798304	     -0.04284591
      4.31000000	     -8.31319510	     -7.90438285	     -1.99196110	      6.78514299	    111.29839546	      3.31875929	      2.35085496	     -1.51569192	      0.70377120	      2.41961274	     -3.24864205	      0.91541428	     10.31588172	      0.98113483	     -0.63252146	    -20.28091457	     -0.05382356	    -32.84188253	     -0.05126722	    -45.26360951	    -66.22360997	     15.20510819	     16.04113936	     -0.05018744	     -0.04427805
      4.31500000	     -7.11190034	     -7.96134982	     -1.98968444	     11.43901984	    113.04119412	      1.04232631	      4.68861998	     -0.08127687	      0.42895545	      3.22638633	     -1.40560440	      0.53416350	      6.97073026	      0.90013719	     -0.87280563	    -18.61504510	     -0.05167638	    -29.68396290	     -0.04945283	    -41.43843317	    -61.73125647	     13.96654542	     15.00440896	     -0.05228306	     -0.04565867
      4.32000000	     -6.34949791	     -8.63557820	     -2.17002133	     15.44308413	    114.55164888	     -0.76682615	      6.38682835	      0.83844060	      0.24343612	      4.13647549	      0.50211354	      0.14846156	      3.78658615	      0.83300506	     -1.09233674	    -16.84343364	     -0.04924903	    -26.79546239	     -0.04737859	    -37.39055026	    -57.26057754	     12.47465487	     14.02245056	     -0.05421438	     -0.04695818
      4.32500000	     -5.41382209	     -9.66328212	     -2.11132406	     19.42130589	    113.50814050	     -2.11659454	      8.59289851	      1.61246964	      0.07817725	      4.40868766	      2.52014128	     -0.24397335	      0.78619299	      0.78293491	     -1.28426891	    -15.56190620	     -0.04658458	    -23.88951780	     -0.04508389	    -33.38030177	    -53.01409895	     10.97000656	     13.12802332	     -0.05592386	     -0.04814183
      4.33000000	     -4.40536853	     -8.87460587	     -1.97874279	     23.29093941	    109.67203158	     -3.85213148	     10.46058843	      3.09709270	     -0.23616705	      4.77227225	      3.79694724	     -0.47824927	     -2.00962683	      0.75135334	     -1.44123427	    -14.33528611	     -0.04372994	    -21.25829074	     -0.04259642	    -29.94112967	    -48.68302385	     10.01746405	     12.04486116	     -0.05735292	     -0.04917734
      4.33500000	     -3.78356798	     -8.40275866	     -1.82653577	     26.40167650	    106.72679857	     -5.40812443	     12.18969557	      4.35357348	     -0.51059433	      4.80721272	      5.10744405	     -0.70856972	     -4.58232233	      0.73796746	     -1.55592626	    -13.26698065	     -0.04073412	    -18.61635928	     -0.03994581	    -26.18511372	    -44.48119193	      8.86645126	     11.05298020	     -0.05844324	     -0.05003351
      4.34000000	     -3.01842908	     -8.27500275	     -1.67281839	     29.27346648	    100.58145501	     -6.27998450	     13.67613180	      5.61312852	     -0.78357198	      4.84924789	      6.70988624	     -0.98240137	     -6.91621321	      0.74099315	     -1.62181160	    -12.29072118	     -0.03764652	    -16.29865027	     -0.03716416	    -22.71824618	    -40.56568941	      7.91212552	     10.24942663	     -0.05913835	     -0.05068091
      4.34500000	     -2.88900441	     -8.95602843	     -1.51703465	     31.29198103	     99.14358781	     -7.04735484	     14.86463203	      5.59318748	     -0.83396187	      4.67036217	      7.68589573	     -1.13438906	     -8.99915777	      0.75748991	     -1.63386269	    -11.17944999	     -0.03451547	    -14.09130808	     -0.03428535	    -18.96383146	    -36.43095013	      6.37360319	      9.35934786	     -0.05938573	     -0.05109266
      4.35000000	     -3.34915935	     -8.74353242	     -1.24104675	     32.25304915	     94.67562144	     -7.78909619	     15.70058333	      6.24113285	     -0.99656197	      3.93441744	      8.42567527	     -1.22654667	    -10.82302034	      0.78371717	     -1.58919789	    -10.10982153	     -0.03138689	    -11.83056504	     -0.03134452	    -15.46535129	    -32.81736771	      5.46185869	      8.49353297	     -0.05913915	     -0.05124525
      4.35500000	     -4.64662004	     -9.29588575	     -1.13877978	     32.22333329	     92.86995407	     -7.98669483	     15.58348626	      6.38200860	     -1.07102135	      3.30630928	      9.33837394	     -1.34385079	    -12.38370967	      0.81543805	     -1.48757059	     -8.52186726	     -0.02830325	     -9.78311583	     -0.02837742	    -12.17093902	    -29.15214102	      4.37110188	      7.69667098	     -0.05836142	     -0.05111930
      4.36000000	     -4.79961110	     -8.42749202	     -0.73513049	     32.79419995	     92.87757254	     -8.70548953	     16.27492998	      6.78110339	     -1.17511979	      2.86473511	      9.32275158	     -1.29660692	    -13.68075506	      0.84811414	     -1.33167305	     -7.66398327	     -0.02530270	     -7.90716616	     -0.02541998	     -8.81571161	    -25.36979460	      3.48358001	      6.64646522	     -0.05702733	     -0.05070022
      4.36500000	     -6.90385109	     -8.32315315	     -0.81163582	     31.22452765	     91.16060958	     -9.63666161	     14.93206352	      7.54700611	     -1.35514497	      2.32010242	     10.36015063	     -1.41953619	    -14.71657525	      0.87696715	     -1.12721293	     -5.69883854	     -0.02241838	     -6.13991696	     -0.02250774	     -6.09809239	    -22.09910457	      2.52468630	      6.31962551	     -0.05512666	     -0.04997882
      4.37000000	     -8.74231558	     -7.33271174	     -0.65163472	     29.07795931	     87.72307658	     -9.24124130	     13.49351379	      7.47137212	     -1.36128105	      1.86294650	      9.99116459	     -1.31093245	    -15.49565719	      0.89694377	     -0.88275266	     -4.19853174	     -0.01967803	     -4.60716798	     -0.01967529	     -3.90026688	    -18.59365736	      1.95221559	      5.30507331	     -0.05266713	     -0.04895194
      4.37500000	     -8.97517044	     -7.67751763	     -0.21876603	     28.49824473	     84.73150497	     -8.21887218	     13.31375107	      6.53934437	     -1.20427509	      1.42115553	      9.87745994	     -1.24487389	    -16.02383906	      0.90266276	     -0.60935045	     -3.38743001	     -0.01710366	     -3.21106173	     -0.01695571	     -1.96686538	    -15.39657895	      1.22647604	      4.69974289	     -0.04967712	     -0.04762293
      4.38000000	     -9.35603816	     -5.99267138	      0.17208111	     27.00477790	     76.60698470	     -7.98723096	     12.24142344	      7.03151860	     -1.24046021	      1.29136957	      9.54995140	     -1.15289496	    -16.30783809	      0.88840834	     -0.32004861	     -2.38641512	     -0.01471151	     -2.17538760	     -0.01438002	     -0.89408082	    -12.38095107	      1.01040290	      3.95643461	     -0.04620791	     -0.04600235
      4.38500000	    -10.24982526	     -4.41088944	      0.38958888	     24.59389752	     68.01404143	     -6.98757279	     10.46232567	      7.01736647	     -1.23040134	      1.17731746	      8.98009664	     -1.01143303	    -16.35509127	      0.84819568	     -0.02924848	     -1.31376816	     -0.01251225	     -1.10968052	     -0.01197655	     -0.18870211	     -9.59763241	      0.71019205	      3.06120688	     -0.04233521	     -0.04410869
      4.39000000	    -15.18763955	     -2.60802425	     -0.46993238	     17.56926937	     54.09573734	     -6.16953688	      4.40877585	      7.15471147	     -1.39107841	      1.10408516	      8.53791697	     -0.89153572	    -16.17390881	      0.77590481	      0.24797999	      1.92041360	     -0.01051141	     -0.27303366	     -0.00977053	     -0.64079110	     -7.27298207	      0.53316155	      2.49657408	     -0.03815964	     -0.04196910
      4.39500000	    -16.99026357	     -1.70197500	     -0.40867471	     12.97562583	     39.99186751	     -4.33457724	      1.82327454	      6.94160820	     -1.36168625	      0.28363476	      8.47614921	     -0.80519379	    -15.77389797	      0.66546046	      0.49660356	      2.97562664	     -0.00871082	      0.94752861	     -0.00778361	     -0.84543572	     -5.14722306	      0.42223188	      2.14875321	     -0.03380574	     -0.03962020
      4.40000000	    -18.63042857	     -0.19948884	     -0.20829416	      8.59614190	     28.76304237	     -3.40716723	     -0.13704777	      6.99524977	     -1.34458908	     -1.03240814	      7.81278973	     -0.56707686	    -15.16658919	      0.51103447	      0.70230635	      3.84944689	     -0.00710807	      2.41529873	     -0.00603361	     -0.93413049	     -3.51958128	      0.42003652	      1.60250184	     -0.02941885	     -0.03710860
      4.40500000	    -16.41913298	      0.35174061	     -0.21332228	      7.44251508	     15.48629827	     -2.44549378	     -0.64133813	      6.74671624	     -1.29190435	     -0.51371940	      7.55169133	     -0.30758487	    -14.36615730	      0.30726473	      0.85211853	      3.81754027	     -0.00569718	      2.68805021	     -0.00453444	     -0.92916183	     -2.19357303	      0.42970501	      1.56865343	     -0.02515984	     -0.03449115
      4.41000000	    -16.67391784	      0.49025922	     -0.37876981	      3.49219855	      3.59105116	     -1.33220138	     -2.14779731	      6.04381642	     -1.16109618	     -1.34756384	      6.89238168	      0.08608494	    -13.39006424	      0.04950111	      0.93497646	      4.41453689	     -0.00447316	      3.51966201	     -0.00329609	     -1.05775693	     -1.21294596	      0.44734436	      1.31015576	     -0.02119767	     -0.03183465
      4.41500000	    -14.88023821	     -0.77432522	     -0.68204217	      0.21711572	     -7.66696388	     -0.93278681	     -3.83345380	      5.87510062	     -1.09117289	     -0.13697030	      7.77081239	     -0.15354800	    -12.25941408	     -0.26591420	      0.94220727	      5.19450097	     -0.00343165	      2.74019989	     -0.00232596	     -1.06808233	      0.39001999	      0.34093280	      1.88503918	     -0.01769966	     -0.02921491
      4.42000000	    -19.02666669	      0.73242307	      0.66359525	     -8.19124820	    -20.82415080	     -2.13965624	     -4.90986815	      5.81125142	     -1.03731908	     -5.31368114	      5.52043576	     -0.47510938	    -10.99886616	     -0.64135120	      0.86793777	      5.53592742	     -0.00257009	      5.64107852	     -0.00162526	     -1.21108415	      0.08403107	      0.44709553	      1.19162645	     -0.01482070	     -0.02671465
      4.42500000	    -19.32760348	     -0.04088166	      0.54179014	    -12.93111304	    -30.93454011	     -1.76475788	     -6.48266078	      4.76644911	     -0.83652210	     -6.33336147	      4.50973583	     -0.47576951	     -9.63605804	     -1.07763372	      0.70942195	      6.14379855	     -0.00188848	      6.32998784	     -0.00119425	     -1.26273908	      0.01735603	      0.32519167	      0.91096548	     -0.01269227	     -0.02442087
      4.43000000	    -15.97023466	     -1.78232876	     -0.15660847	    -14.07174252	    -38.49241179	     -0.50008782	     -7.11922983	      4.57197130	     -0.76184544	     -4.78902884	      5.27644141	     -0.46500252	     -8.20058649	     -1.57388975	      0.46726408	      6.32511059	     -0.00138995	      5.73524355	     -0.00103132	     -1.27431847	      0.07800134	      0.51865805	      1.01964032	     -0.01141239	     -0.02242065
      4.43500000	    -15.54300847	     -3.73630388	     -0.51663149	    -17.89244048	    -41.45360160	      0.22278418	     -8.27279045	      3.92789758	     -0.61358173	     -5.20217549	      5.52539264	     -0.68759207	     -6.72267111	     -2.12756985	      0.14550074	      6.88775771	     -0.00108086	      6.24574598	     -0.00113328	     -1.29542039	     -0.07874396	      0.41822849	      1.04152216	     -0.01103774	     -0.02079602
      4.44000000	    -13.21650359	     -5.11045474	     -1.39310257	    -19.70818026	    -41.69790322	      0.78368403	     -9.39129131	      3.49505407	     -0.49776225	     -3.67387803	      5.63009190	     -0.65129205	     -5.23167279	     -2.73465247	     -0.24849789	      7.39194094	     -0.00097048	      5.77092766	     -0.00149574	     -1.44905290	     -0.01231616	      0.50681208	      1.01705992	     -0.01157848	     -0.01961802
      4.44500000	    -10.56346787	     -6.96845061	     -1.76565299	    -21.03829785	    -37.90245651	      1.47706191	     -9.01221171	      2.91398127	     -0.36352187	     -3.05301045	      5.78834850	     -0.79179382	     -3.75463354	     -3.39000110	     -0.70433667	      7.07943489	     -0.00107050	      5.81742726	     -0.00211347	     -1.26163485	     -0.09353108	      0.64435950	      1.05153497	     -0.01299665	     -0.01894072
      4.45000000	     -8.65971270	     -8.86049371	     -2.42610741	    -22.67824716	    -30.48280581	      2.04196835	     -9.35924370	      2.40245584	     -0.24732092	     -2.09925095	      6.12464809	     -0.94836105	     -2.31495338	     -4.08779836	     -1.20911415	      7.19947471	     -0.00139415	      5.75692164	     -0.00298048	     -1.27866358	     -0.11344637	      0.65485313	      1.06331914	     -0.01520820	     -0.01879582
      4.45500000	     -6.08506116	    -11.33624123	     -3.30501600	    -23.10352538	    -17.17812138	      2.65685966	     -9.38634512	      1.11275104	     -0.01840944	     -0.39325842	      6.16294630	     -0.97308698	     -0.93126567	     -4.82196031	     -1.74811400	      7.22626868	     -0.00195527	      5.31622487	     -0.00408994	     -1.07482471	     -0.03513027	      0.42991671	      1.02059065	     -0.01808871	     -0.01918893
      4.46000000	     -4.11976091	    -14.05139198	     -4.06067998	    -23.35316148	      0.10074875	      3.05028738	     -9.24593564	      0.07408492	      0.16804961	      0.91718587	      6.53596097	     -1.13346814	      0.38345855	     -5.58642615	     -2.30561342	      7.37546804	     -0.00276725	      5.08771417	     -0.00543378	     -1.02218082	     -0.06375302	      0.33151314	      1.11387705	     -0.02148264	     -0.02009832
      4.46500000	    -19.51232258	    -12.89334380	     -6.15429166	    -41.78434595	    -21.98467136	      3.66467837	    -23.26741865	      2.03642754	      0.12194360	     -1.74932916	      7.97113225	     -2.07694821	      1.62256546	     -6.37524146	     -2.86574877	     13.69780959	     -0.00384280	      6.64753849	     -0.00700225	     -6.74844952	     -1.13504966	      1.70344936	      2.22798935	     -0.02521537	     -0.02147634
      4.47000000	    -26.83608103	     -5.16698679	     -6.73979715	    -52.51227851	    -41.92087784	     -0.90662574	    -24.31238941	      9.41352636	     -1.19495939	     -9.42265121	      7.67698308	     -0.74730002	      2.78612725	     -7.18240895	     -3.41336862	     12.94050010	     -0.00519347	     10.47140466	     -0.00878328	     -9.33239727	     -3.93270355	      3.70312739	      1.30514248	     -0.02910675	     -0.02325360
      4.47500000	    -32.29892592	     -8.01397718	     -5.55138946	    -58.07880666	    -21.16426108	     -3.51306577	    -21.96188539	      8.12793103	     -0.80811017	    -16.65166308	      6.67462323	     -0.98453218	      3.88107904	     -8.00153699	     -3.93479920	     12.35662354	     -0.00682366	     14.09716247	     -0.01076497	     -9.72483160	     -5.50687796	      3.58474918	      1.84647360	     -0.03298427	     -0.02534527
      4.48000000	    -38.99229586	     -5.74902244	     -5.44266766	    -65.35544860	    -13.74637061	     -7.36641903	    -22.56861565	      7.17455862	     -0.81735300	    -22.48048119	      2.37470392	     -0.30817596	      4.92104176	     -8.82535638	     -4.41846541	     12.12837707	     -0.00873422	     16.81607615	     -0.01292898	    -11.45264844	     -7.23235705	      4.30076256	      1.67899244	     -0.03669497	     -0.02765778
      4.48500000	    -41.47726108	      1.06101461	     -4.32458136	    -68.62706004	    -34.93723543	    -15.33658649	    -21.07907955	     10.35898516	     -1.41003116	    -27.94961007	     -1.86197769	      0.24328356	      5.92581622	     -9.64520586	     -4.85533868	      9.79467613	     -0.01092040	     18.54128191	     -0.01525290	    -14.90713008	    -10.74700986	      5.78592264	      1.99671857	     -0.04011376	     -0.03009579
      4.49000000	    -34.92672952	     -2.68648239	     -4.65507081	    -61.14912264	    -50.92313911	    -14.62915356	    -19.33890523	      8.72226046	     -1.18742719	    -25.19009522	     -1.49368410	      0.01376172	      6.92058020	    -10.45059901	     -5.23919850	      7.69738302	     -0.01337122	     15.53464687	     -0.01771051	    -18.28784643	    -14.07702599	      6.52112254	      2.87420806	     -0.04314772	     -0.03256804
      4.49500000	    -20.49100093	     -6.92664456	     -5.04259889	    -45.01686700	    -70.30289485	    -13.25348983	    -14.60782299	      8.22610075	     -1.27360495	    -18.26015399	      0.43889289	     -0.38917433	      7.93486574	    -11.22896153	     -5.56671056	      3.62886789	     -0.01606918	     10.10975519	     -0.02027144	    -21.14152954	    -18.25952649	      7.73416261	      4.02919949	     -0.04573650	     -0.03499158
      4.50000000	     -3.67854242	     -6.21760921	     -4.61001170	    -25.45748848	    -87.37358460	    -17.62653127	     -8.08678451	     10.75472772	     -1.75427655	    -10.63411043	      0.99048695	     -0.59311515	      9.00144307	    -11.96557772	     -5.83735112	     -1.21868667	     -0.01899006	      4.01656135	     -0.02290147	    -24.35943344	    -22.38784288	      9.12257646	      5.19795523	     -0.04784952	     -0.03729445
      4.50500000	      8.03699845	     -5.85885975	     -4.11905633	    -10.14371955	    -97.64478138	    -20.91657631	     -2.96970937	     10.36408968	     -1.78400784	     -5.92970061	     -0.88417297	     -0.34247864	     10.15523894	    -12.64374375	     -6.05321159	     -5.44918068	     -0.02210295	     -0.56513724	     -0.02556300	    -27.95848652	    -26.35704774	     10.23700143	      5.90729616	     -0.04948157	     -0.03941700
      4.51000000	     19.57805223	     -7.05001482	     -3.11442091	      5.59980352	   -100.53588460	    -22.35953424	      3.94762461	      9.85602728	     -1.80265187	     -2.83457775	     -1.49199310	     -0.26907729	     11.43233324	    -13.24512129	     -6.21868561	    -10.63371001	     -0.02537038	     -4.30671305	     -0.02821581	    -31.12987598	    -30.34410516	     11.50746462	      6.79492315	     -0.05064763	     -0.04131241
      4.51500000	     28.27207864	     -8.08558008	     -1.67403374	     18.70689065	    -94.55866725	    -23.95271749	     11.45275044	     10.53611266	     -2.02589605	     -2.48512424	     -1.03428335	     -0.33919312	     12.86898140	    -13.75030337	     -6.34002052	    -16.06005469	     -0.02874861	     -6.59389314	     -0.03081784	    -33.84752374	    -34.17147458	     12.58096995	      7.64522452	     -0.05137788	     -0.04294662
      4.52000000	     29.19849177	    -10.23337404	     -0.63718949	     23.93760802	    -86.61031399	    -22.80130325	     15.22143310	      9.74693961	     -2.02020087	     -5.57469542	     -0.64289583	     -0.39743029	     14.50057445	    -14.13960671	     -6.42473156	    -19.80270958	     -0.03218809	     -7.13734800	     -0.03332620	    -37.59455371	    -37.71174925	     13.85571473	      8.55890475	     -0.05171325	     -0.04429808
      4.52500000	     27.81882761	    -11.12965411	      0.22813042	     26.77236682	    -78.19808423	    -21.09059801	     17.30600822	      9.63567634	     -2.15312406	     -9.14659779	     -0.16412333	     -0.44755646	     16.36045676	    -14.39407987	     -6.48090186	    -23.01976597	     -0.03563411	     -7.48123927	     -0.03569824	    -42.15664090	    -40.91915925	     15.34010096	      9.23094209	     -0.05170152	     -0.04535734
      4.53000000	     25.37411308	     -9.08940099	      0.73180788	     28.45279434	    -66.02271625	    -21.62349116	     17.57626451	     11.11045237	     -2.60496293	    -11.69190569	     -0.50707249	     -0.34915618	     18.47855950	    -14.49668196	     -6.51641263	    -25.33027321	     -0.03902760	     -8.44151983	     -0.03789279	    -46.77501845	    -44.01218549	     17.25723496	      9.90888764	     -0.05139384	     -0.04612644
      4.53500000	     20.22031719	    -10.24428904	     -0.23847606	     26.89107009	    -58.13452914	    -18.96946469	     13.47083759	     10.22972517	     -2.69674475	    -12.88452778	     -0.25071765	     -0.34505540	     20.87988760	    -14.43353899	     -6.53817547	    -25.62749417	     -0.04230628	    -10.69057159	     -0.03987142	    -51.80592773	    -47.67465610	     18.63203207	     10.71364431	     -0.05084169	     -0.04661798
      4.54000000	     16.37787319	    -11.66518254	     -1.56705086	     25.88053975	    -58.13795939	    -16.02025617	      8.66232849	      9.25082382	     -2.77705244	    -12.82906834	      0.18537447	     -0.38712609	     23.58297462	    -14.19513252	     -6.55145799	    -25.99075095	     -0.04540606	    -14.33322936	     -0.04159989	    -57.09552526	    -52.03685584	     20.02025490	     11.86605004	     -0.05009434	     -0.04685380
      4.54500000	     13.41442025	    -12.49093659	     -2.61707550	     25.47607952	    -63.27644898	    -12.55423510	      4.66072172	      8.59703968	     -2.90214429	    -13.31170436	      0.41768057	     -0.36269726	     26.59842956	    -13.77726615	     -6.55938002	    -27.12903164	     -0.04826263	    -18.08727874	     -0.04304963	    -62.58807182	    -57.22861127	     21.77385009	     13.02001032	     -0.04919682	     -0.04686328
      4.55000000	     10.80292109	    -14.68534151	     -3.63620702	     24.64945671	    -71.56067877	     -7.50606588	      0.80636796	      6.38001121	     -2.67363740	    -14.10866863	      0.37303522	     -0.28445485	     29.92766905	    -13.18170659	     -6.56262107	    -28.59605418	     -0.05080015	    -22.29984108	     -0.04416541	    -68.26967635	    -62.56752268	     23.17645876	     14.20981249	     -0.04818958	     -0.04668402
      4.55500000	      9.71570940	    -14.98229980	     -3.88131025	     24.47982949	    -83.66666651	     -3.20142260	     -0.88098215	      5.28811153	     -2.62875202	    -16.07022398	     -0.06186035	     -0.11844101	     33.56192094	    -12.41645986	     -6.55935316	    -31.74014945	     -0.05297251	    -26.17785841	     -0.04500394	    -73.88447411	    -68.20999142	     24.90554966	     15.43694508	     -0.04710751	     -0.04635305
      4.56000000	     10.06820359	    -15.24948853	     -3.92040683	     25.32637936	    -93.25145683	      0.90849657	     -1.55845556	      4.11505273	     -2.49718435	    -17.84186765	     -0.51865996	      0.06292246	     37.48158890	    -11.49569027	     -6.54540206	    -35.37105744	     -0.05479620	    -30.34553256	     -0.04561979	    -79.13009972	    -73.81940165	     26.18617651	     16.57466285	     -0.04597448	     -0.04590682
      4.56500000	     11.69405955	    -16.18479924	     -3.92416787	     26.73559655	   -102.64109970	      6.59412237	     -1.76631373	      2.89330255	     -2.32709420	    -19.16703792	     -0.27355750	      0.07719593	     41.65605635	    -10.43931878	     -6.51462523	    -39.40624343	     -0.05624400	    -34.89835273	     -0.04603564	    -84.12196578	    -79.37391803	     27.73010566	     17.85683557	     -0.04481072	     -0.04538250
      4.57000000	     15.03580308	    -16.76013220	     -3.83073481	     29.49763593	   -106.51616116	     10.96514066	     -1.07202047	      1.86166444	     -2.12534878	    -19.71952695	     -0.15606797	      0.11281851	     46.04399348	     -9.27234279	     -6.45947330	    -43.58114145	     -0.05729783	    -39.86434917	     -0.04627856	    -88.31774589	    -84.74160183	     28.66797267	     19.08609078	     -0.04363110	     -0.04481418
      4.57500000	     18.68550715	    -14.93934975	     -3.47745656	     31.73213305	   -105.97631039	     14.07250165	     -0.07742172	      1.71326178	     -2.10017475	    -20.09679038	     -1.04569476	      0.39458782	     50.59421185	     -8.02390680	     -6.37168534	    -47.91244942	     -0.05795005	    -44.69829055	     -0.04637919	    -92.11298347	    -89.36966791	     29.81054579	     19.78546570	     -0.04244625	     -0.04423140
      4.58000000	     20.98623936	    -12.50485953	     -3.30336818	     31.94287528	   -102.90271846	     16.46394219	     -0.16644867	      1.72207239	     -2.11008400	    -20.60667674	     -2.27819656	      0.74946836	     55.24705760	     -6.72614540	     -6.24305358	    -51.53721868	     -0.05820432	    -49.28814567	     -0.04637089	    -95.51694806	    -93.83341848	     30.91711215	     20.51727480	     -0.04126393	     -0.04365809
      4.58500000	     23.71947524	    -10.17886532	     -3.00271143	     31.74926057	    -93.96830290	     18.00200475	      0.24574530	      1.71114061	     -2.07339051	    -20.96904673	     -3.41391514	      1.06144031	     59.93627367	     -5.41282628	     -6.06617580	    -55.06267644	     -0.05807623	    -53.74565349	     -0.04628888	    -98.09998186	    -97.59789604	     31.54897492	     21.30491188	     -0.04009036	     -0.04311186
      4.59000000	     24.92688385	     -7.15388702	     -2.72951075	     29.90832040	    -77.92966012	     18.93598866	     -0.11213680	      1.86137805	     -2.06901855	    -21.59807502	     -5.03655167	      1.49984994	     64.59121930	     -4.11784024	     -5.83511011	    -57.62987804	     -0.05759331	    -57.43538484	     -0.04616938	   -100.16361195	   -100.91420772	     32.11138336	     21.72319826	     -0.03893158	     -0.04260377
      4.59500000	     26.85976533	     -3.97852513	     -2.23697460	     27.73845526	    -62.73785382	     19.73780283	      0.11050263	      2.12160909	     -2.07227624	    -22.12925935	     -6.56796799	      1.89507456	     69.13930845	     -2.87360763	     -5.54586832	    -60.66992860	     -0.05679461	    -60.94559292	     -0.04604873	   -101.78248463	   -103.75569403	     32.67120714	     22.22035975	     -0.03779449	     -0.04213818
      4.60000000	     29.35629763	     -2.36434031	     -1.55688107	     25.92336670	    -43.95523530	     20.52266230	      1.20601756	      1.42425832	     -1.77827638	    -22.82026694	     -7.94752325	      2.22872370	     73.50851970	     -1.70949269	     -5.19671725	    -63.55650220	     -0.05572965	    -64.13132455	     -0.04596250	   -102.62758580	   -106.37661300	     32.59013297	     22.80706405	     -0.03668757	     -0.04171311
      4.60500000	     31.65984017	      0.21720501	     -0.74457139	     23.28971049	    -26.92021026	     21.23810009	      2.10023218	      1.39580057	     -1.66027518	    -23.38300066	     -9.41274092	      2.57535838	     77.62984300	     -0.65033679	     -4.78828808	    -66.49100258	     -0.05445692	    -66.93921065	     -0.04594456	   -103.36258828	   -108.58511261	     32.90873420	     23.15544527	     -0.03562123	     -0.04132071
      4.61000000	     33.80140210	      2.48538703	     -0.11552538	     20.49276848	    -11.38064542	     21.43774007	      2.27968855	      0.76503748	     -1.37688537	    -23.30003429	    -11.27360332	      3.02583007	     81.43953995	      0.28476991	     -4.32352196	    -68.80210927	     -0.05304174	    -69.81424621	     -0.04602615	   -104.01847405	   -110.68105905	     32.72981517	     23.27513162	     -0.03460770	     -0.04094808
      4.61500000	     37.97986456	      4.23835513	      0.46254031	     19.48672229	     -0.61976702	     21.38149885	      2.96002272	      0.34358479	     -1.13947274	    -21.87574614	    -12.52022578	      3.28549009	     84.88110148	      1.08337165	     -3.80749839	    -71.41983962	     -0.05155385	    -73.28861253	     -0.04623484	   -104.42727281	   -112.77582873	     32.69044173	     23.85655737	     -0.03366051	     -0.04057835
      4.62000000	     42.15118661	      5.72080915	      0.97757741	     18.57400822	      3.01751033	     21.50567202	      3.17952660	      0.35365300	     -1.03085167	    -20.13274388	    -13.30380638	      3.40555860	     87.90680631	      1.74010206	     -3.24719482	    -73.75926228	     -0.05005654	    -76.95501361	     -0.04659354	   -105.09292218	   -115.18267229	     32.95339915	     24.45406575	     -0.03279377	     -0.04019204
      4.62500000	     45.64807556	      6.84610840	      1.51352966	     16.97200947	      1.39071377	     20.87053967	      3.15367055	     -0.10458299	     -0.80013474	    -18.74837171	    -14.52554832	      3.63172178	     90.47881549	      2.25666055	     -2.65121080	    -75.80567367	     -0.04860328	    -80.50872681	     -0.04711942	   -105.73058133	   -117.77981786	     33.02008465	     25.14067195	     -0.03202033	     -0.03976870
      4.63000000	     49.46662240	      8.16506890	      2.18172720	     15.75629867	     -3.97653673	     19.47473791	      3.57612538	     -0.31601651	     -0.64337387	    -17.35188008	    -15.86859031	      3.88417224	     92.56977001	      2.64130536	     -2.02947248	    -77.97515969	     -0.04726871	    -83.94072006	     -0.04782106	   -106.12750849	   -120.38778428	     33.10415606	     25.82259203	     -0.03135127	     -0.03928870
      4.63500000	     50.01365062	      8.45064875	      2.73420558	     11.36279436	    -10.51447947	     18.58690243	      2.64574731	     -1.21152431	     -0.33344927	    -17.33886439	    -17.17451719	      4.10264002	     94.16289786	      2.90790947	     -1.39292135	    -79.12000605	     -0.04612195	    -86.34902423	     -0.04870306	   -106.52878105	   -122.83734923	     32.93196262	     26.47548581	     -0.03079454	     -0.03873509
      4.64000000	     48.60301795	      9.29740758	      3.30966631	      5.12953446	    -22.04091400	     17.66327257	      0.82512379	     -1.64063126	     -0.19501148	    -18.10541866	    -18.55929877	      4.33108875	     95.25168422	      3.07465840	     -0.75318485	    -79.82147166	     -0.04522201	    -88.14236138	     -0.04976386	   -107.27300028	   -125.14321134	     33.18551409	     27.03319743	     -0.03035392	     -0.03809554
      4.64500000	     46.27596799	      9.13692292	      4.00595040	     -1.51757167	    -34.09437129	     17.37965852	     -0.68484854	     -2.26521039	     -0.01710747	    -19.71906082	    -19.30393748	      4.35652325	     95.83919343	      3.16248060	     -0.12222683	    -80.41233998	     -0.04461500	    -89.02845105	     -0.05099201	   -107.86720073	   -127.20137936	     33.20086039	     27.65438454	     -0.03002842	     -0.03736389
      4.65000000	     42.38004010	      8.19570527	      4.40726361	     -8.85181220	    -44.09877139	     17.71026159	     -3.17112253	     -3.12950808	      0.18731486	    -21.36811411	    -19.67064927	      4.26893695	     95.93714469	      3.19331249	      0.48801661	    -79.90998034	     -0.04433202	    -89.28936541	     -0.05236667	   -108.24167174	   -129.03453607	     33.12490675	     28.20278115	     -0.02981206	     -0.03654156
      4.65500000	     37.96765190	      6.39401012	      4.86314091	    -15.70898658	    -52.25609056	     18.99304591	     -5.28385107	     -4.34445961	      0.48064517	    -23.47164664	    -19.66450524	      4.07477296	     95.56485058	      3.18831710	      1.06600090	    -79.10057819	     -0.04438798	    -88.68383186	     -0.05385933	   -108.38816535	   -130.54361470	     32.84619592	     28.52195639	     -0.02969428	     -0.03563830
      4.66000000	     34.73927016	      3.71338509	      5.45581556	    -20.42832870	    -63.55167526	     21.77861363	     -6.32614541	     -5.08114801	      0.63374568	    -25.46847769	    -18.24819969	      3.47224965	     94.74812165	      3.16619419	      1.60091081	    -78.78822995	     -0.04478128	    -87.62535762	     -0.05544101	   -108.71465905	   -131.83922266	     33.07662425	     29.24774481	     -0.02966065	     -0.03467253
      4.66500000	     32.08287911	      0.83000900	      5.92797086	    -23.16198356	    -68.31108139	     24.86079448	     -6.89317372	     -6.34435592	      0.93116838	    -26.80547936	    -17.05200200	      2.97483076	     93.51820665	      3.14173592	      2.08293857	    -77.96065440	     -0.04549444	    -85.97415326	     -0.05707810	   -108.60597484	   -132.39136767	     32.80598660	     29.37969456	     -0.02969415	     -0.03367081
      4.67000000	     30.32780471	     -2.14565887	      5.95982814	    -23.74567491	    -72.71437383	     28.62950052	     -7.87029478	     -7.38760316	      1.13406126	    -26.67756387	    -15.18832268	      2.32648482	     91.91079759	      3.12477936	      2.50347695	    -76.73995681	     -0.04649536	    -84.23722228	     -0.05873409	   -108.53083314	   -132.58111798	     32.69523460	     29.56659877	     -0.02977676	     -0.03266682
      4.67500000	     28.59790668	     -5.16876437	      5.66437789	    -23.26701725	    -75.02612741	     32.19726783	     -9.26970085	     -8.16888062	      1.23705761	    -25.81291765	    -12.88482638	      1.59258274	     89.96508642	      3.11967803	      2.85522722	    -74.69076910	     -0.04773941	    -82.32705948	     -0.06037160	   -108.38049333	   -132.23169168	     32.57786276	     29.75291167	     -0.02989141	     -0.03169985
      4.68000000	     26.12074446	     -7.13427421	      5.32655340	    -22.49028654	    -71.47136017	     34.78861228	    -10.62936986	     -8.90360762	      1.31769142	    -25.17809989	    -11.34652593	      1.10042351	     87.72279991	      3.12535548	      3.13225075	    -72.06665671	     -0.04917177	    -79.36769121	     -0.06195360	   -107.74153732	   -131.30012739	     32.42945110	     29.64063666	     -0.03002388	     -0.03081274
      4.68500000	     24.39064895	     -8.36341929	      4.97996361	    -19.82708257	    -65.57603289	     36.26026422	    -11.38675033	     -9.03984334	      1.23921764	    -24.22693314	     -9.68481179	      0.59815040	     85.22710495	      3.13591483	      3.33001631	    -69.25230998	     -0.05073169	    -75.88978470	     -0.06344431	   -107.00662521	   -129.91196830	     32.35998825	     29.64109681	     -0.03016482	     -0.03004977
      4.69000000	     24.67155029	     -8.44059155	      4.59324713	    -14.13354932	    -54.65480726	     36.53498545	    -11.11327176	     -9.86483281	      1.38504122	    -22.08055632	     -9.51956091	      0.55311752	     82.52131151	      3.14170081	      3.44550169	    -66.51047231	     -0.05238493	    -72.30006982	     -0.06480986	   -105.82703095	   -127.71257488	     31.87867188	     28.98589091	     -0.03031148	     -0.02945435
      4.69500000	     25.65723150	     -8.38205826	      4.09731779	     -6.97176636	    -40.77088141	     35.84476627	    -10.39348487	    -10.44304555	      1.47889476	    -19.54318856	     -9.18035581	      0.47007133	     79.64737333	      3.13068344	      3.47738293	    -63.49658127	     -0.05408549	    -68.37014634	     -0.06601858	   -104.23238326	   -125.18562477	     31.33086445	     28.50365538	     -0.03046795	     -0.02906681
      4.70000000	     26.14283599	     -7.32692332	      3.61401709	     -0.38773654	    -29.37465137	     34.00908740	     -9.84309575	    -10.17165871	      1.35300514	    -17.38463871	     -8.84348772	      0.39423409	     76.64426620	      3.09002619	      3.42629913	    -60.27226437	     -0.05577583	    -64.13226583	     -0.06704113	   -102.68069908	   -122.31694528	     31.05656546	     28.00175281	     -0.03064634	     -0.02892241
      4.70500000	     26.40799554	     -5.76321898	      3.26081427	      5.90152438	    -10.76799642	     31.35051763	     -8.72959496	    -10.70961586	      1.47886365	    -15.54639789	     -9.80390330	      0.66114519	     73.54641010	      3.00769849	      3.29513544	    -56.84335493	     -0.05739783	    -59.29339890	     -0.06785041	   -100.34254086	   -118.40505684	     30.25729618	     26.76193032	     -0.03086642	     -0.02904952
      4.71000000	     25.71177683	     -4.95657776	      2.64846085	     11.04101166	      6.37111751	     28.06790132	     -8.40258822	    -11.15153880	      1.58612067	    -13.94158826	    -10.15184432	      0.75402577	     70.38234830	      2.87400031	      3.08923993	    -52.69043931	     -0.05889394	    -54.39653422	     -0.06842148	    -97.84534184	   -114.43889039	     29.40432592	     25.97314991	     -0.03115469	     -0.02946826
      4.71500000	     25.98432053	     -4.04205941	      2.19572642	     16.57305427	     22.41336651	     24.43566383	     -7.19351924	    -11.18697708	      1.62598406	    -12.38244283	    -10.26838249	      0.80010641	     67.17386559	      2.68286254	      2.81649722	    -48.95485624	     -0.06020836	    -49.53808114	     -0.06873153	    -94.99842992	   -110.04726101	     28.59143554	     25.04940698	     -0.03154293	     -0.03018945
      4.72000000	     24.53487588	     -2.61892365	      1.68129369	     19.87142490	     39.25718553	     20.83527909	     -6.99367518	    -11.18252362	      1.66439018	    -11.34936532	    -10.71175151	      0.93242708	     63.93565400	      2.43277376	      2.48721731	    -44.70020991	     -0.06128815	    -44.22045863	     -0.06875990	    -92.17235524	   -105.06005287	     27.81883461	     23.72943473	     -0.03206589	     -0.03121404
      4.72500000	     23.53895365	     -2.41024694	      1.00380272	     22.46188057	     54.77721938	     17.50845398	     -6.83135873	    -11.89133277	      1.89789308	     -9.93864718	    -10.86902927	      0.99855098	     60.67557011	      2.12720895	      2.11382490	    -40.49242029	     -0.06208452	    -39.45791164	     -0.06848827	    -88.90705986	    -99.54284863	     26.64747867	     22.48543682	     -0.03275853	     -0.03253291
      4.73000000	     21.05159566	     -1.32293921	      0.36196638	     23.09965634	     70.27797820	     13.45978203	     -7.38784881	    -11.77710444	      1.95244579	     -9.15396344	    -11.06476320	      1.08901399	     57.39546537	      1.77450184	      1.71034944	    -35.85451411	     -0.06255411	    -34.36391085	     -0.06790104	    -85.57908096	    -93.85103194	     25.54163456	     20.96523209	     -0.03365282	     -0.03412698
      4.73500000	     18.76687319	     -0.79217478	     -0.22410218	     23.04236858	     84.89562089	      9.48143865	     -7.66664345	    -11.46433665	      1.98784119	     -8.47527131	    -10.68322505	      1.06040739	     54.09250219	      1.38717453	      1.29174107	    -31.39052657	     -0.06266031	    -29.52046769	     -0.06698583	    -81.94006901	    -87.86299809	     24.37148618	     19.59100490	     -0.03477432	     -0.03596771
      4.74000000	     16.50022283	     -2.07256118	     -0.85058234	     21.94100811	     96.17814299	      6.29288738	     -7.72537960	    -11.70736893	      2.16187316	     -8.17803516	     -9.52417706	      0.87709600	     50.76082518	      0.98080735	      0.87305984	    -27.18700516	     -0.06237448	    -25.01223315	     -0.06567036	    -77.82753122	    -82.04937427	     22.90333047	     18.55596956	     -0.03613901	     -0.03802015
      4.74500000	     14.68523464	     -1.12763020	     -1.31439826	     20.80627824	    106.79380003	      2.18049851	     -7.79745134	    -10.93398657	      2.12293242	     -7.32696169	     -9.16811868	      0.89156371	     47.39344163	      0.57259066	      0.46859516	    -23.20034835	     -0.06164896	    -20.88463191	     -0.06393737	    -73.85912104	    -75.80523140	     21.80092041	     17.04480650	     -0.03775213	     -0.04023721
      4.75000000	     12.64511722	     -1.72680187	     -1.77052805	     18.71323355	    118.56102743	     -0.75885402	     -7.65673850	    -10.92302630	      2.26149807	     -6.76511950	     -8.28818721	      0.82518099	     43.98413693	      0.17973019	      0.09099231	    -19.47157244	     -0.06035696	    -16.91385662	     -0.06181921	    -69.39846587	    -69.36380960	     20.16780820	     15.52278977	     -0.03960651	     -0.04256508
      4.75500000	     11.02316469	     -1.62363316	     -2.14354915	     16.26661254	    125.24381376	     -3.97104053	     -7.48605458	    -10.24656277	      2.26225538	     -5.98522756	     -7.37254385	      0.76194927	     40.52923129	     -0.18211969	     -0.24951066	    -16.13284739	     -0.05857331	    -13.53985379	     -0.05934175	    -65.02132877	    -63.06005394	     18.78513116	     14.12396210	     -0.04167151	     -0.04494463
      4.76000000	      9.35105969	     -1.97974226	     -2.50484211	     13.31280693	    130.78962639	     -6.77999204	     -7.24486839	     -9.44121342	      2.24125117	     -5.27314478	     -6.05808185	      0.64434727	     37.02902358	     -0.50022914	     -0.54564437	    -13.01673378	     -0.05634004	    -10.49909388	     -0.05653761	    -60.32778730	    -56.99254260	     17.30641365	     12.84978021	     -0.04390646	     -0.04731158
      4.76500000	      7.36068539	     -2.24560364	     -2.84929271	      9.73735955	    134.15542152	     -8.70941086	     -7.34596404	     -9.19287032	      2.31874660	     -4.50806754	     -5.23136656	      0.63979769	     33.48883967	     -0.76582507	     -0.79342576	    -10.16707722	     -0.05370967	     -7.76140173	     -0.05344545	    -55.78953969	    -50.93759597	     15.68695886	     11.34182862	     -0.04625686	     -0.04959785
      4.77000000	      5.13259583	     -2.31107230	     -3.14690822	      5.64463840	    135.13062257	    -10.93215271	     -7.59838396	     -8.43490256	      2.29683930	     -3.81973591	     -4.22101832	      0.59536622	     29.91965416	     -0.97467897	     -0.99223077	     -7.39710885	     -0.05074276	     -5.45421957	     -0.05010901	    -51.22406346	    -45.19074307	     14.17073903	     10.11484426	     -0.04865636	     -0.05173291
      4.77500000	      3.38433684	     -2.71557750	     -3.37431639	      1.66846460	    132.12931778	    -12.25679125	     -7.58771651	     -7.49295946	      2.23015176	     -3.07470293	     -2.73272590	      0.47860597	     26.33827889	     -1.12722143	     -1.14463659	     -5.14447146	     -0.04750541	     -3.63118523	     -0.04657615	    -46.73967277	    -39.70270542	     12.79123062	      9.05195631	     -0.05102917	     -0.05364545
      4.78000000	      1.54445972	     -2.21951419	     -3.44947922	     -2.14430542	    127.03046017	    -13.36194193	     -7.51506787	     -6.34726126	      2.12145645	     -2.50069278	     -1.85365073	      0.49960392	     22.76712017	     -1.22822707	     -1.25606008	     -3.23611820	     -0.04406662	     -1.95069186	     -0.04289769	    -42.42447365	    -34.62659038	     11.52442526	      7.66157037	     -0.05329290	     -0.05526510
      4.78500000	     -0.16852284	     -2.77222922	     -3.46909159	     -5.82314772	    117.10161096	    -14.03138393	     -7.23576045	     -5.19810664	      2.02059131	     -2.28890141	     -0.14237373	      0.35751582	     19.23351583	     -1.28615379	     -1.33423475	     -1.68354823	     -0.04049598	     -0.54628484	     -0.03912624	    -38.37478193	    -30.10948904	     10.18397390	      6.93684958	     -0.05536144	     -0.05652431
      4.79000000	     -2.81204959	     -2.62495116	     -3.37303864	     -9.82514113	    109.32421003	    -14.64306255	     -7.14727708	     -3.90093121	      1.88705471	     -2.59777072	      1.01959182	      0.33240722	     15.76868448	     -1.31224325	     -1.38857086	     -0.14639354	     -0.03686132	      1.05089115	     -0.03531505	    -34.37140870	    -25.88008536	      8.92411852	      5.97004991	     -0.05714800	     -0.05736026
      4.79500000	     -4.73339535	     -3.00533152	     -3.31410140	    -13.24633140	    100.61634605	    -14.05925174	     -6.91652361	     -2.98135816	      1.79896485	     -2.43938354	      2.36279982	      0.28085316	     12.40635126	     -1.31949926	     -1.42943895	      0.93616142	     -0.03322689	      2.04344405	     -0.03151674	    -30.45319723	    -21.53866467	      7.63927861	      4.92792339	     -0.05856796	     -0.05771678
      4.80000000	     -7.39700190	     -3.36639928	     -3.34179971	    -16.77325366	     92.90909535	    -13.95223656	     -7.11555262	     -1.57242566	      1.62646117	     -2.55590674	      3.90380395	      0.18699637	      9.18115723	     -1.32164563	     -1.46742691	      2.26189385	     -0.02965165	      3.00673717	     -0.02778215	    -26.52081699	    -17.81511992	      6.55568019	      4.26320674	     -0.05954174	     -0.05754627
      4.80500000	    -11.07180523	     -3.61614758	     -3.31114374	    -20.76145204	     89.26018453	    -13.75844949	     -7.48700369	     -0.69434603	      1.50939590	     -3.28921571	      4.65777723	      0.21209716	      6.12699950	     -1.33214049	     -1.51262600	      3.60538521	     -0.02622372	      4.12802933	     -0.02415914	    -22.55069015	    -14.16818675	      5.44619167	      3.38095802	     -0.05999944	     -0.05681158
      4.81000000	    -13.97279218	     -5.01097780	     -3.32909944	    -23.53418236	     90.98812608	    -12.93255554	     -7.12945809	     -0.52015104	      1.46694155	     -3.86584062	      5.57089639	      0.20067540	      3.27545546	     -1.36331274	     -1.57398495	      4.42470256	     -0.02294871	      5.07451518	     -0.02070160	    -18.10606600	    -10.64459177	      4.15617335	      2.64064458	     -0.05987725	     -0.05548842
      4.81500000	    -17.45135798	     -6.35429495	     -3.44481988	    -25.89496132	     96.09854468	    -12.39020896	     -7.13687010	     -0.19409959	      1.38222389	     -4.60252768	      6.44562958	      0.19300794	      0.65440755	     -1.42567408	     -1.65875210	      5.53423857	     -0.01985884	      6.06528438	     -0.01743933	    -13.94680640	     -7.45170312	      3.02546041	      2.04628181	     -0.05912755	     -0.05356562
      4.82000000	    -19.08417276	     -8.20108067	     -3.57253669	    -25.90290599	    104.13732868	    -11.89492510	     -6.07479912	     -0.66926477	      1.39940111	     -4.72149126	      6.82894683	      0.26110936	     -1.71306668	     -1.52743156	     -1.77201732	      5.86072535	     -0.01698011	      6.61775657	     -0.01439950	     -9.49290410	     -4.55860950	      1.60320993	      1.41318907	     -0.05771899	     -0.05104895
      4.82500000	    -20.62668128	     -8.86899424	     -3.71306830	    -25.26052598	    106.94785555	    -12.07422321	     -5.19967737	      0.20158204	      1.22235978	     -5.08938247	      7.42689644	      0.39803546	     -3.80951350	     -1.67419383	     -1.91636155	      6.21182239	     -0.01433207	      7.12927423	     -0.01160691	     -5.86277014	     -2.35325578	      0.79541361	      0.94607026	     -0.05563954	     -0.04796311
      4.83000000	    -21.09620544	    -12.95293553	     -3.12612558	    -24.08233113	    100.40277022	    -11.02083881	     -4.37056665	      0.29731816	      1.11951558	     -5.26948888	     10.01653286	     -0.93083139	     -5.62362281	     -1.86884227	     -2.09162268	      6.30804293	     -0.01192773	      6.96168399	     -0.00907995	     -3.01111683	     -0.43298224	      0.04217495	      1.98349509	     -0.05289940	     -0.04435371
      4.83500000	    -20.24298208	    -11.03617135	     -3.31610714	    -20.52769970	     83.89295011	    -12.06270591	     -3.87764952	      1.97875762	      0.88947460	     -4.64608770	      9.13112906	     -0.44811115	     -7.15045088	     -2.11152420	     -2.29478719	      6.20422419	     -0.00977358	      6.39436818	     -0.00683004	     -1.25253570	      0.23013008	     -0.13356085	      1.07379624	     -0.04953374	     -0.04028914
      4.84000000	    -21.95759427	     -7.67958547	     -3.24598872	    -19.46008803	     59.63053231	    -15.41229616	     -4.87976358	      5.69517633	      0.37020165	     -5.62572898	      8.81966433	     -0.35099002	     -8.39135938	     -2.39971511	     -2.52001327	      6.94872987	     -0.00786981	      6.46850426	     -0.00486139	     -0.57126931	      0.12789022	      0.16433758	      1.07769537	     -0.04560499	     -0.03586175
      4.84500000	    -22.81053939	     -6.93116829	     -3.34144823	    -17.55652047	     33.17333293	    -14.74528103	     -5.73373619	      7.08035132	      0.09966574	     -6.38729725	      9.03218703	     -0.36401463	     -9.35368530	     -2.72830308	     -2.75878947	      7.10102198	     -0.00621075	      6.56815829	     -0.00317117	     -0.52004384	      0.07661103	      0.35214919	      1.07229773	     -0.04120406	     -0.03118756
      4.85000000	    -23.62664675	     -6.73921585	     -3.52047179	    -15.22736757	     10.04350979	    -13.99773072	     -6.68504387	      7.76772007	     -0.11420079	     -7.08707157	      8.97189918	     -0.38216404	    -10.05015138	     -3.08967740	     -3.00022977	      7.47366462	     -0.00478562	      6.62663240	     -0.00175001	     -0.77317156	     -0.08318160	      0.50381940	      1.19104380	     -0.03645018	     -0.02640435
      4.85500000	    -23.84005123	     -7.13381705	     -3.85892296	    -12.52850570	     -9.10177748	    -12.77033499	     -7.54588312	      7.65125269	     -0.23669701	     -7.28979955	      8.67652696	     -0.34573767	    -10.49803882	     -3.47384276	     -3.23149824	      7.70668744	     -0.00357947	      6.46063647	     -0.00058298	     -0.86465346	     -0.20396685	      0.51064379	      1.29304735	     -0.03148868	     -0.02166739
      4.86000000	    -24.56384286	     -7.82914206	     -4.03234128	    -10.48227778	    -23.99282254	    -10.97312190	     -8.36092636	      7.07696461	     -0.31692929	     -7.96120557	      8.25370415	     -0.40529881	    -10.71816855	     -3.86861597	     -3.43835519	      7.89834589	     -0.00257440	      6.66182553	      0.00034911	     -1.00364925	     -0.29306880	      0.43392525	      1.22703484	     -0.02648670	     -0.01714315
      4.86500000	    -23.21977726	     -7.15430091	     -4.12612493	     -6.84913797	    -36.54828063	     -9.91691964	     -8.33282621	      7.19240471	     -0.50085785	     -7.55297941	      7.42789786	     -0.28697959	    -10.73374539	     -4.25998294	     -3.60581767	      7.60292823	     -0.00175093	      6.30972412	      0.00106809	     -1.14793194	     -0.23424884	      0.65249456	      1.07217619	     -0.02162653	     -0.01300113
      4.87000000	    -22.31355230	     -7.42201075	     -4.25125850	     -4.16798044	    -45.65597514	     -9.13054864	     -8.35029713	      6.86156735	     -0.63860062	     -7.45863827	      6.82598428	     -0.28096241	    -10.56912404	     -4.63268296	     -3.71891970	      7.43040835	     -0.00108940	      6.07358777	      0.00159676	     -1.05053586	     -0.38682630	      0.54757871	      1.21467467	     -0.01709717	     -0.00940447
      4.87500000	    -22.11773272	     -8.13516361	     -4.40152377	     -2.61120708	    -51.47138688	     -6.72403506	     -8.92107102	      6.00562606	     -0.72584331	     -7.40595228	      6.37279687	     -0.32629281	    -10.24857292	     -4.97103710	     -3.76355029	      7.53622071	     -0.00057138	      6.00854696	      0.00195710	     -1.23883725	     -0.37158401	      0.61410677	      1.10275067	     -0.01308458	     -0.00650038
      4.88000000	    -20.57150037	     -8.61361216	     -4.39002668	     -0.43074000	    -55.49271444	     -5.03098773	     -8.59277766	      5.35659065	     -0.83202633	     -6.98191707	      5.95003351	     -0.33468751	     -9.79512490	     -5.25997028	     -3.72734111	      7.16828430	     -0.00018092	      5.69907038	      0.00216875	     -1.29031165	     -0.39600724	      0.44846367	      1.14159089	     -0.00976128	     -0.00441113
      4.88500000	    -19.60605663	     -8.35217396	     -4.17732988	      0.40296720	    -57.27900345	     -3.53052549	     -8.39306054	      4.87955610	     -0.97286758	     -6.89721200	      5.09772065	     -0.32473164	     -9.22959094	     -5.48612053	     -3.60056019	      6.86018088	      0.00009445	      5.56342310	      0.00224767	     -1.31821738	     -0.43191128	      0.53272292	      1.10553303	     -0.00727623	     -0.00322652
      4.89000000	    -18.15635328	     -9.28591300	     -3.95902478	      0.83037857	    -57.79820956	     -0.78190285	     -7.83544415	      4.00762631	     -1.06577075	     -6.70620990	      5.06454834	     -0.42446061	     -8.56978733	     -5.63890247	     -3.37694793	      6.26431573	      0.00026289	      5.38259722	      0.00220520	     -1.21491616	     -0.51061670	      0.51649312	      1.27833926	     -0.00574558	     -0.00299814
      4.89500000	    -17.39995635	     -9.20537585	     -3.64319794	      0.33843945	    -53.90367773	      1.44080370	     -7.71692063	      3.29780404	     -1.16878029	     -6.50749869	      4.48054642	     -0.42055495	     -7.82999694	     -5.71139111	     -3.05442089	      6.09533537	      0.00032777	      5.26111036	      0.00204745	     -1.40040316	     -0.41599571	      0.45622217	      1.14029775	     -0.00524488	     -0.00373598
      4.90000000	    -16.33447230	     -8.83903007	     -3.08998073	     -0.69527661	    -48.98125506	      3.68104462	     -7.11288170	      2.97274878	     -1.32082997	     -6.46405392	      4.08615587	     -0.45126208	     -7.02064741	     -5.70091525	     -2.63556962	      5.58292011	      0.00028740	      5.18785669	      0.00177508	     -1.42549949	     -0.39259236	      0.62823013	      1.14128622	     -0.00580349	     -0.00540728
      4.90500000	    -15.32123561	     -9.33486059	     -2.63495825	     -2.35628545	    -40.14296534	      6.48851182	     -6.49874594	      1.89301224	     -1.36201456	     -6.26701831	      3.84575988	     -0.46379437	     -6.14816284	     -5.60929318	     -2.12788922	      5.03532641	      0.00013507	      5.05364328	      0.00138344	     -1.20576568	     -0.31501184	      0.40005230	      1.13289475	     -0.00740130	     -0.00793773
      4.91000000	    -14.74449035	     -9.08570974	     -1.95156907	     -4.52205924	    -27.87388024	      8.99969604	     -5.87410218	      1.24211278	     -1.44237992	     -6.31569238	      3.49883924	     -0.47297841	     -5.21495310	     -5.44269040	     -1.54370904	      4.61877729	     -0.00014068	      5.11290641	      0.00086302	     -1.23172681	     -0.16486351	      0.33232074	      0.97549831	     -0.00996836	     -0.01121508
      4.91500000	    -14.27034241	     -8.66156271	     -1.22715088	     -7.28185531	    -14.30861933	     11.10998189	     -5.21794385	      0.72760959	     -1.53130721	     -6.42244631	      3.12404124	     -0.46602754	     -4.21953197	     -5.21111759	     -0.89982417	      4.13155676	     -0.00055548	      5.12215024	      0.00020023	     -1.10917509	     -0.13946477	      0.41042186	      1.02929782	     -0.01338745	     -0.01509484
      4.92000000	    -14.34276919	     -8.91861067	     -0.58345406	    -10.44627389	      4.50553256	     13.58958129	     -4.75888928	     -0.28581645	     -1.53020604	     -6.56665942	      2.99431106	     -0.48966096	     -3.15677611	     -4.92762224	     -0.21686125	      3.83944394	     -0.00112828	      5.25326386	     -0.00062153	     -1.00054807	     -0.01908092	      0.12524025	      0.96521699	     -0.01749959	     -0.01940820
      4.92500000	    -14.52601271	     -7.76936161	      0.28365294	    -13.79649029	     25.05715603	     14.94466178	     -4.17139578	     -0.18569158	     -1.65514155	     -6.85496576	      2.72390968	     -0.49983030	     -2.01835582	     -4.60725991	      0.48156935	      3.43516473	     -0.00188025	      5.45502442	     -0.00162058	     -0.92740086	      0.04848984	      0.29868215	      0.95046791	     -0.02211247	     -0.02397164
      4.93000000	    -20.22316953	     -4.99554820	      0.72693729	    -21.91226522	     34.94290518	     13.87195783	     -4.72650873	      0.03169385	     -1.76139247	    -11.86813124	      0.48168996	      0.65324164	     -0.79337567	     -4.26594753	      1.16986997	      3.68364948	     -0.00283350	      7.86252799	     -0.00281552	     -1.35678420	     -2.31304699	      0.46940496	      0.64696137	     -0.02701124	     -0.02859767
      4.93500000	    -23.25579849	     -7.10656898	     -0.01215516	    -29.15339426	    -14.74061545	     13.31031890	    -10.94037668	      3.53803485	     -2.17488296	    -12.45422036	      4.23712749	     -0.24660521	      0.53076617	     -3.91929986	      1.82153553	      6.48685272	     -0.00400960	      5.21869101	     -0.00422357	     -4.61042879	     -8.41141348	      1.64620048	      2.53498582	     -0.03197144	     -0.03310580
      4.94000000	    -16.40286811	      8.13244797	     -0.86233490	    -24.97782970	    -34.05144574	      7.39868104	    -18.51263111	     14.89530465	     -3.82223042	     -0.50186735	      5.06743411	     -0.42803451	      1.96734762	     -3.58154811	      2.41027082	      8.80078204	     -0.00542804	     -1.29955244	     -0.00585905	    -10.49687139	     -8.48484653	      4.92226132	      2.83379250	     -0.03677283	     -0.03733237
      4.94500000	      1.18810318	      9.93845502	      0.02445949	     -9.15712439	    -32.79263258	      9.24842312	    -11.91012182	     16.05711085	     -4.09569544	      8.25640677	      5.88026420	     -0.54023202	      3.52921759	     -3.26463660	      2.91112715	      3.77317509	     -0.00710477	     -6.30356983	     -0.00773189	    -12.23998323	     -9.57005844	      5.65142442	      3.29444908	     -0.04121289	     -0.04113832
      4.95000000	     24.00752078	     -1.40222670	      0.50216664	     13.21583131	    -35.97320893	     17.53693803	     -0.54674289	     10.13916545	     -3.20287149	     16.55548471	      8.91308834	     -0.99911811	      5.22773464	     -2.97757212	      3.30165118	     -2.95944022	     -0.00905076	    -12.38989943	     -0.00985309	    -12.34449777	    -13.50477565	      5.13604381	      4.55565260	     -0.04511834	     -0.04441416
      4.95500000	     34.99650357	     -8.74033526	      1.64611444	     23.04401610	    -59.08467347	     26.24439718	      6.42974521	      4.18851827	     -2.33590547	     17.03137153	      9.61887447	     -1.16188623	      7.07185909	     -2.72606590	      3.56302905	     -8.72560113	     -0.01127077	    -14.43511464	     -0.01221401	    -15.73145321	    -17.64220570	      5.24355005	      5.51785526	     -0.04835332	     -0.04708001
      4.96000000	     32.77522945	     -9.88491688	      3.71075751	     20.26945477	    -64.49270501	     29.49285735	     10.61404047	      1.69385248	     -1.90769046	      9.08795395	      8.49904220	     -0.97543378	      9.06747085	     -2.51247736	      3.68118550	    -12.92397489	     -0.01376607	    -11.25975249	     -0.01480381	    -19.16131954	    -21.32520701	      5.97336700	      6.40684421	     -0.05082350	     -0.04908523
      4.96500000	     22.10064269	     -5.46589575	      5.15756175	     10.09521308	    -51.14918120	     24.51322372	      9.64468664	      4.83467280	     -2.27435463	     -0.44394748	      7.25488196	     -0.82251463	     11.21691814	     -2.33603813	      3.64776422	    -13.15050829	     -0.01652722	     -7.38031020	     -0.01760485	    -22.17802497	    -24.68930960	      7.20814974	      7.06072757	     -0.05247553	     -0.05040514
      4.97000000	      2.17748001	     -3.30982403	      5.28933410	     -8.90655167	    -29.89121827	     20.97985982	      3.14078940	      6.23677883	     -2.43235899	    -12.61923528	      6.15053474	     -0.68204359	     13.51871834	     -2.19330314	      3.46088477	    -10.19316996	     -0.01952786	     -2.15295732	     -0.02059291	    -25.25059126	    -28.30163656	      8.28068360	      7.69350033	     -0.05329323	     -0.05103782
      4.97500000	    -22.57883417	     -2.32547371	      4.62274527	    -32.40263751	     -2.75698866	     17.27483872	     -6.37969274	      5.66532908	     -2.31708144	    -25.97495751	      3.89175531	     -0.37767580	     15.96730744	     -2.07875960	      3.12557054	     -5.46268022	     -0.02274044	      3.46419692	     -0.02373813	    -28.23350791	    -32.05572887	      8.97865777	      8.35493694	     -0.05329408	     -0.05100158
      4.98000000	    -43.15026296	      1.15254517	      3.96058002	    -51.22398829	     27.08762396	     10.53846529	    -14.77594395	      6.60510687	     -2.38685851	    -36.45923814	      0.73300809	      0.07128226	     18.55280673	     -1.98551958	      2.65377625	     -1.28066912	     -0.02613070	      7.33721135	     -0.02700614	    -31.08145178	    -35.67949836	      9.81059496	      8.84499174	     -0.05252483	     -0.05033340
      4.98500000	    -53.09745356	      0.59738860	      2.48916271	    -58.95831699	     47.26443631	      5.66427208	    -20.41217184	      6.47900388	     -2.26729308	    -40.54246330	     -0.60916440	      0.19720661	     21.26085970	     -1.90601777	      2.06399567	      1.35208870	     -0.02965889	      6.96986943	     -0.03035950	    -33.48037437	    -40.57986660	     10.51614554	     10.01388590	     -0.05105861	     -0.04908825
      4.99000000	    -48.51265304	      0.15542864	      0.56095108	    -51.64866598	     52.52438029	      0.77754695	    -22.24160773	      6.26646806	     -2.10013174	    -35.92964330	     -2.26178216	      0.42034570	     24.07263686	     -1.83263679	      1.38047658	      1.30490717	     -0.03328117	      1.38597431	     -0.03375903	    -36.08472910	    -46.51315815	     11.36968137	     11.24008900	     -0.04899328	     -0.04733863
      4.99500000	    -25.02021453	      1.01393050	     -0.21171125	     -3.81510745	    785.75171800	     -4.43981477	      2.82827328	     -3.95345481	      0.01292867	      3.09034848	     -6.04511789	      1.08885853	     26.96513169	     -1.75819775	      0.63210042	      5.02554218	     -0.03695109	      5.48298430	     -0.03716524	      1.10316743	      1.08497538	     -0.21411748	     -0.28602457	     -0.04645010	     -0.04517385
      5.00000000	    -25.48154690	      0.30382472	     -0.98129419	      0.94020777	    861.14469031	     -5.93903102	      3.59535198	     -4.41155774	      0.34618558	      4.47331753	     -6.07768443	      1.07811865	     29.91187363	     -1.67627217	     -0.14900446	      5.24166115	     -0.04062103	      5.35043088	     -0.04053955	      1.07045966	      1.07082458	     -0.20893522	     -0.27752216	     -0.04357161	     -0.04269880
