Coordinates
version=1
nRows=1000
nColumns=26
inDegrees=yes

Units are S.I. units (second, meters, Newtons, ...)
If the header above contains a line with 'inDegrees', this indicates whether rotational values are in degrees (yes) or radians (no).

endheader
time	pelvis_tilt	pelvis_list	pelvis_rotation	pelvis_tx	pelvis_ty	pelvis_tz	hip_flexion_r	hip_adduction_r	hip_rotation_r	knee_angle_r	knee_angle_r_beta	ankle_angle_r	subtalar_angle_r	mtp_angle_r	hip_flexion_l	hip_adduction_l	hip_rotation_l	knee_angle_l	knee_angle_l_beta	ankle_angle_l	subtalar_angle_l	mtp_angle_l	lumbar_extension	lumbar_bending	lumbar_rotation
      0.00500000	     -1.13162939	     -1.21743948	     -0.78335353	     -0.17224934	      0.93592115	     -0.54868577	     12.74965429	     -7.48580142	     -3.09844509	     40.24847901	      0.70246848	     23.22293484	      0.00000000	      0.00000000	     14.83585434	     -6.43503228	     -2.86880606	     42.96366312	      0.74985738	     23.50847821	      0.00000000	      0.00000000	    -13.69088235	      1.16217856	      1.70794598
      0.01000000	     -1.28356295	     -1.26106388	     -0.75720379	     -0.17139487	      0.93945778	     -0.54877258	     12.41004970	     -7.39330752	     -3.18982887	     39.23903462	      0.68485035	     22.21916664	      0.00000000	      0.00000000	     14.47427790	     -6.40479339	     -2.91744651	     41.93100012	      0.73183401	     22.74135716	      0.00000000	      0.00000000	    -13.33995795	      1.23209714	      1.70431708
      0.01500000	     -1.44032942	     -1.31170739	     -0.72427459	     -0.17059146	      0.94309833	     -0.54885982	     12.09687603	     -7.29020879	     -3.27604092	     38.25493182	      0.66767452	     21.13090098	      0.00000000	      0.00000000	     14.13468593	     -6.37780169	     -2.94862142	     40.91182441	      0.71404604	     21.89733364	      0.00000000	      0.00000000	    -12.99202841	      1.30551671	      1.70736050
      0.02000000	     -1.59750449	     -1.36280001	     -0.69242700	     -0.16980443	      0.94675049	     -0.54894614	     11.78845888	     -7.18383793	     -3.34870164	     37.27293951	      0.65053552	     20.02529082	      0.00000000	      0.00000000	     13.79900400	     -6.35022343	     -2.97334581	     39.89294469	      0.69626323	     21.02527316	      0.00000000	      0.00000000	    -12.64642171	      1.37967847	      1.71213729
      0.02500000	     -1.75685350	     -1.41475595	     -0.65562419	     -0.16906514	      0.95048293	     -0.54903860	     11.50210617	     -7.07553209	     -3.41222664	     36.31514088	      0.63381878	     18.86496073	      0.00000000	      0.00000000	     13.48151827	     -6.31963279	     -2.97964497	     38.88725289	      0.67871060	     20.08586014	      0.00000000	      0.00000000	    -12.30639726	      1.45403747	      1.71842308
      0.03000000	     -1.91783444	     -1.46852155	     -0.61739409	     -0.16837369	      0.95428047	     -0.54913623	     11.23617473	     -6.96345549	     -3.45749899	     35.38037455	      0.61750403	     17.66802855	      0.00000000	      0.00000000	     13.18557794	     -6.29048794	     -2.97236347	     37.90353613	      0.66154150	     19.08932190	      0.00000000	      0.00000000	    -11.97449661	      1.53036171	      1.73406135
      0.03500000	     -2.07742700	     -1.52172069	     -0.57527259	     -0.16774142	      0.95815101	     -0.54924483	     10.99225604	     -6.85411167	     -3.49146052	     34.47762813	      0.60174813	     16.42866874	      0.00000000	      0.00000000	     12.91229515	     -6.25908410	     -2.94387832	     36.94711070	      0.64484873	     18.02537234	      0.00000000	      0.00000000	    -11.65378031	      1.60832554	      1.74603874
      0.04000000	     -2.23362933	     -1.57309869	     -0.52893344	     -0.16716761	      0.96208288	     -0.54936479	     10.76812181	     -6.74997940	     -3.51465491	     33.60735940	      0.58655907	     15.16133509	      0.00000000	      0.00000000	     12.66214314	     -6.22549838	     -2.89268729	     36.02278115	      0.62871614	     16.90329843	      0.00000000	      0.00000000	    -11.34777073	      1.68613159	      1.75706752
      0.04500000	     -2.38499103	     -1.62000600	     -0.48015798	     -0.16664402	      0.96606111	     -0.54949574	     10.56512343	     -6.65540084	     -3.53154410	     32.77582596	      0.57204608	     13.87118865	      0.00000000	      0.00000000	     12.43536227	     -6.18880362	     -2.82334562	     35.13637792	      0.61324548	     15.73013937	      0.00000000	      0.00000000	    -11.05780439	      1.76061410	      1.76768190
      0.05000000	     -2.52976576	     -1.66152893	     -0.43234225	     -0.16617470	      0.97006837	     -0.54963195	     10.37971436	     -6.57040102	     -3.53487705	     31.97976834	      0.55815225	     12.56550575	      0.00000000	      0.00000000	     12.23139591	     -6.14990233	     -2.73815463	     34.29192303	      0.59850696	     14.51296787	      0.00000000	      0.00000000	    -10.78692777	      1.82989899	      1.78106592
      0.05500000	     -2.66637395	     -1.69486044	     -0.38565630	     -0.16574915	      0.97408506	     -0.54977229	     10.20995294	     -6.49818159	     -3.52964803	     31.21828685	      0.54486189	     11.24696859	      0.00000000	      0.00000000	     12.04594720	     -6.10590918	     -2.63690594	     33.48708659	      0.58445992	     13.26356407	      0.00000000	      0.00000000	    -10.53585929	      1.89121172	      1.79289048
      0.06000000	     -2.79760039	     -1.71730591	     -0.34603825	     -0.16536070	      0.97808779	     -0.54990695	     10.05950192	     -6.43919746	     -3.50574475	     30.49082827	      0.53216534	      9.92905171	      0.00000000	      0.00000000	     11.88242520	     -6.05663239	     -2.52979502	     32.72688340	      0.57119187	     11.99519460	      0.00000000	      0.00000000	    -10.30373482	      1.93895621	      1.81745789
      0.06500000	     -2.92172414	     -1.72766908	     -0.31586724	     -0.16500298	      0.98205834	     -0.55003762	      9.92578225	     -6.39401881	     -3.46427209	     29.79695069	      0.52005490	      8.61433815	      0.00000000	      0.00000000	     11.73785179	     -6.00155936	     -2.42262238	     32.01211013	      0.55871672	     10.71666342	      0.00000000	      0.00000000	    -10.09212788	      1.97252327	      1.85407597
      0.07000000	     -3.03871252	     -1.72397492	     -0.29599690	     -0.16467426	      0.98597355	     -0.55016403	      9.80729763	     -6.36480599	     -3.40405509	     29.13494780	      0.50850077	      7.32026288	      0.00000000	      0.00000000	     11.61034858	     -5.93864701	     -2.31645882	     31.34133956	      0.54700957	      9.44330389	      0.00000000	      0.00000000	     -9.90040889	      1.98973888	      1.90199602
      0.07500000	     -3.15018444	     -1.70281406	     -0.28801855	     -0.16436962	      0.98981206	     -0.55028137	      9.70802875	     -6.35499373	     -3.32691979	     28.50972053	      0.49758849	      6.06170821	      0.00000000	      0.00000000	     11.50078720	     -5.86530228	     -2.21695748	     30.71546217	      0.53608595	      8.18451094	      0.00000000	      0.00000000	     -9.72637387	      1.98625401	      1.96135801
      0.08000000	     -3.25844341	     -1.66121274	     -0.29099665	     -0.16409064	      0.99355242	     -0.55039296	      9.62994331	     -6.36857912	     -3.23363787	     27.92379826	      0.48736222	      4.86221136	      0.00000000	      0.00000000	     11.41136623	     -5.77755706	     -2.12572530	     30.13458730	      0.52594777	      6.94946199	      0.00000000	      0.00000000	     -9.56766902	      1.95818423	      2.03367852
      0.08500000	     -3.36120288	     -1.59724909	     -0.30336370	     -0.16383873	      0.99717530	     -0.55050220	      9.57031352	     -6.40843738	     -3.12959326	     27.37873406	      0.47784905	      3.73836287	      0.00000000	      0.00000000	     11.33797651	     -5.67279198	     -2.04401274	     29.59609046	      0.51654922	      5.75096978	      0.00000000	      0.00000000	     -9.42458981	      1.90482286	      2.10961317
      0.09000000	     -3.46222108	     -1.50805049	     -0.32608053	     -0.16362201	      1.00065579	     -0.55059925	      9.53670108	     -6.47694092	     -3.01001752	     26.88071794	      0.46915703	      2.71260299	      0.00000000	      0.00000000	     11.28357194	     -5.54847913	     -1.97393245	     29.09838349	      0.50786260	      4.59672177	      0.00000000	      0.00000000	     -9.29370244	      1.82176796	      2.18968638
      0.09500000	     -3.56246656	     -1.39279785	     -0.35640134	     -0.16344153	      1.00397331	     -0.55068131	      9.52950767	     -6.57452931	     -2.87781233	     26.43248306	      0.46133386	      1.79807254	      0.00000000	      0.00000000	     11.24937053	     -5.40384638	     -1.91748092	     28.64199411	      0.49989710	      3.49525178	      0.00000000	      0.00000000	     -9.17334184	      1.70720737	      2.27121930
      0.10000000	     -3.65931946	     -1.25263630	     -0.39193410	     -0.16329718	      1.00711286	     -0.55074966	      9.54441501	     -6.69989564	     -2.73693330	     26.03579315	      0.45441031	      1.01345082	      0.00000000	      0.00000000	     11.22954178	     -5.23935752	     -1.87268717	     28.22082363	      0.49254629	      2.45398717	      0.00000000	      0.00000000	     -9.06607543	      1.56257012	      2.35168916
      0.10500000	     -3.75364997	     -1.09153231	     -0.43106475	     -0.16319127	      1.01005769	     -0.55079944	      9.58170756	     -6.84737614	     -2.58642261	     25.69362487	      0.44843835	      0.37747515	      0.00000000	      0.00000000	     11.22554553	     -5.06027898	     -1.83911854	     27.83651542	      0.48583885	      1.48045081	      0.00000000	      0.00000000	     -8.97013605	      1.39282876	      2.42724737
      0.11000000	     -3.84430413	     -0.91491183	     -0.47038260	     -0.16312181	      1.01279730	     -0.55083057	      9.63692666	     -7.00976145	     -2.42772945	     25.40642028	      0.44342569	     -0.09864161	      0.00000000	      0.00000000	     11.23493292	     -4.87233970	     -1.81394411	     27.48660993	      0.47973184	      0.58180107	      0.00000000	      0.00000000	     -8.88661410	      1.20353588	      2.49670692
      0.11500000	     -3.93025855	     -0.72978740	     -0.50522126	     -0.16308677	      1.01532381	     -0.55084996	      9.70295440	     -7.17866814	     -2.26206762	     25.17078210	      0.43931302	     -0.40362556	      0.00000000	      0.00000000	     11.25624098	     -4.68146159	     -1.78969506	     27.17117097	      0.47422640	     -0.23301715	      0.00000000	      0.00000000	     -8.81511730	      1.00345091	      2.55666388
      0.12000000	     -4.01109004	     -0.54588210	     -0.53324429	     -0.16308689	      1.01763509	     -0.55086288	      9.77496276	     -7.34210292	     -2.08649662	     24.98234441	      0.43602416	     -0.54033279	      0.00000000	      0.00000000	     11.28793906	     -4.49711288	     -1.76072136	     26.88913238	      0.46930389	     -0.95636265	      0.00000000	      0.00000000	     -8.75618632	      0.80499997	      2.60465840
      0.12500000	     -4.08798871	     -0.37113248	     -0.55079456	     -0.16312595	      1.01972665	     -0.55087762	      9.85040630	     -7.49090638	     -1.89845373	     24.83559264	      0.43346286	     -0.53476477	      0.00000000	      0.00000000	     11.33261632	     -4.32612218	     -1.71977485	     26.64490146	      0.46504126	     -1.57565227	      0.00000000	      0.00000000	     -8.70772555	      0.61774215	      2.63879471
      0.13000000	     -4.15988680	     -0.21067921	     -0.55468795	     -0.16320424	      1.02159813	     -0.55090260	      9.92568347	     -7.61994274	     -1.69953439	     24.72685085	      0.43156496	     -0.42987203	      0.00000000	      0.00000000	     11.38669533	     -4.17078371	     -1.65729505	     26.43549055	      0.46138635	     -2.08211868	      0.00000000	      0.00000000	     -8.67070173	      0.44866284	      2.65602810
      0.13500000	     -4.22964793	     -0.06862406	     -0.54163339	     -0.16332719	      1.02324487	     -0.55094500	     10.00386468	     -7.72613345	     -1.49290795	     24.65540277	      0.43031796	     -0.27147019	      0.00000000	      0.00000000	     11.45356146	     -4.03264994	     -1.56185496	     26.26478692	      0.45840701	     -2.46951245	      0.00000000	      0.00000000	     -8.64177188	      0.30279775	      2.65519050
      0.14000000	     -4.29677097	      0.05320301	     -0.51076928	     -0.16349545	      1.02466772	     -0.55100762	     10.08638550	     -7.80869142	     -1.28411789	     24.62252165	      0.42974407	     -0.12249423	      0.00000000	      0.00000000	     11.53211535	     -3.91244234	     -1.42876905	     26.13450890	      0.45613323	     -2.72842569	      0.00000000	      0.00000000	     -8.62145668	      0.18250030	      2.63646906
      0.14500000	     -4.36125869	      0.15693896	     -0.45961466	     -0.16370646	      1.02586051	     -0.55109069	     10.17555411	     -7.87189291	     -1.08241752	     24.63114220	      0.42989453	     -0.02528794	      0.00000000	      0.00000000	     11.62245299	     -3.80630318	     -1.25190727	     26.04859392	      0.45463373	     -2.84858086	      0.00000000	      0.00000000	     -8.60839113	      0.08508066	      2.59737087
      0.15000000	     -4.42298644	      0.24530997	     -0.38917669	     -0.16395829	      1.02681922	     -0.55118663	     10.27528925	     -7.91960662	     -0.89278701	     24.68836470	      0.43089325	     -0.00688937	      0.00000000	      0.00000000	     11.72400754	     -3.71124201	     -1.03173417	     26.00921962	      0.45394652	     -2.83098085	      0.00000000	      0.00000000	     -8.60233821	      0.00691723	      2.53751184
      0.15500000	     -4.48291037	      0.31840297	     -0.30132412	     -0.16424566	      1.02753910	     -0.55128831	     10.38653826	     -7.95140817	     -0.71595083	     24.79186428	      0.43269966	     -0.08919633	      0.00000000	      0.00000000	     11.84128343	     -3.62945859	     -0.77633388	     26.02553875	      0.45423134	     -2.68244297	      0.00000000	      0.00000000	     -8.60099509	     -0.05351420	      2.46077088
      0.16000000	     -4.53969546	      0.37947398	     -0.20161174	     -0.16455795	      1.02801826	     -0.55138631	     10.50857045	     -7.96917167	     -0.54749941	     24.94052033	      0.43529420	     -0.28389001	      0.00000000	      0.00000000	     11.97280649	     -3.55975816	     -0.50034545	     26.09842804	      0.45550350	     -2.42087805	      0.00000000	      0.00000000	     -8.60508915	     -0.10013204	      2.37053335
      0.16500000	     -4.59226153	      0.42973652	     -0.09360193	     -0.16488911	      1.02825224	     -0.55147406	     10.63899421	     -7.97315049	     -0.38290200	     25.12976832	      0.43859720	     -0.58779506	      0.00000000	      0.00000000	     12.12025096	     -3.50254162	     -0.21666128	     26.23341685	      0.45785950	     -2.07552018	      0.00000000	      0.00000000	     -8.61491654	     -0.13540738	      2.27168956
      0.17000000	     -4.63964299	      0.46932501	      0.01783479	     -0.16522869	      1.02823990	     -0.55155091	     10.77454806	     -7.96300289	     -0.21789335	     25.35145165	      0.44246630	     -1.01105497	      0.00000000	      0.00000000	     12.28383769	     -3.45915084	      0.06002675	     26.43101035	      0.46130816	     -1.69448666	      0.00000000	      0.00000000	     -8.63066268	     -0.15930964	      2.16966988
      0.17500000	     -4.68039919	      0.49876050	      0.12670900	     -0.16556792	      1.02798420	     -0.55162116	     10.91088275	     -7.93807906	     -0.04456762	     25.59628564	      0.44673946	     -1.55084554	      0.00000000	      0.00000000	     12.46220721	     -3.42987254	      0.31645586	     26.68880201	      0.46580747	     -1.32019318	      0.00000000	      0.00000000	     -8.65306749	     -0.17200046	      2.07256268
      0.18000000	     -4.71254532	      0.51955084	      0.22966314	     -0.16590101	      1.02748609	     -0.55168872	     11.04374405	     -7.89968641	      0.13995929	     25.85836492	      0.45131361	     -2.19124082	      0.00000000	      0.00000000	     12.65175716	     -3.41307684	      0.54551874	     27.00165300	      0.47126775	     -0.99273645	      0.00000000	      0.00000000	     -8.68403381	     -0.17425419	      1.98189591
      0.18500000	     -4.73474121	      0.53072085	      0.32337562	     -0.16622585	      1.02675052	     -0.55175845	     11.16980925	     -7.84700173	      0.33897933	     26.13098008	      0.45607164	     -2.90030731	      0.00000000	      0.00000000	     12.84967859	     -3.41050158	      0.74156917	     27.36467547	      0.47760369	     -0.73879896	      0.00000000	      0.00000000	     -8.72506474	     -0.16516601	      1.90448640
      0.19000000	     -4.74589467	      0.53408338	      0.40441979	     -0.16653391	      1.02578196	     -0.55183722	     11.28786589	     -7.78362725	      0.54967963	     26.41226154	      0.46098093	     -3.61226630	      0.00000000	      0.00000000	     13.04776694	     -3.42066303	      0.90016254	     27.76220540	      0.48454189	     -0.57407641	      0.00000000	      0.00000000	     -8.77663589	     -0.14557653	      1.84144899
      0.19500000	     -4.74348147	      0.53351855	      0.47133124	     -0.16681985	      1.02458656	     -0.55192650	     11.39513926	     -7.71584166	      0.76561370	     26.70341080	      0.46606244	     -4.21742115	      0.00000000	      0.00000000	     13.23730393	     -3.44045544	      1.01898896	     28.18076562	      0.49184715	     -0.49937375	      0.00000000	      0.00000000	     -8.84134980	     -0.11998872	      1.79458327
      0.20000000	     -4.72862184	      0.53152899	      0.52442707	     -0.16708039	      1.02316685	     -0.55202742	     11.49289285	     -7.64903908	      0.97731497	     27.00361049	      0.47130191	     -4.62208949	      0.00000000	      0.00000000	     13.41377229	     -3.46786575	      1.09844374	     28.60647239	      0.49927713	     -0.51597718	      0.00000000	      0.00000000	     -8.91822470	     -0.09130960	      1.76157754
      0.20500000	     -4.70152048	      0.53119928	      0.56448403	     -0.16731403	      1.02152841	     -0.55214037	     11.58276602	     -7.58953996	      1.17400877	     27.31516643	      0.47673959	     -4.74574897	      0.00000000	      0.00000000	     13.57190902	     -3.49951538	      1.14047760	     29.02482298	      0.50657873	     -0.61055096	      0.00000000	      0.00000000	     -9.00729606	     -0.06355642	      1.74247889
      0.21000000	     -4.66575507	      0.53758831	      0.59579200	     -0.16752615	      1.01967039	     -0.55227131	     11.66922926	     -7.54677550	      1.34387246	     27.64002313	      0.48240941	     -4.53502566	      0.00000000	      0.00000000	     13.71094354	     -3.52662705	      1.15857091	     29.42346988	      0.51353643	     -0.73611183	      0.00000000	      0.00000000	     -9.10523226	     -0.04210557	      1.73035165
      0.21500000	     -4.62624417	      0.55480055	      0.62287852	     -0.16773383	      1.01759711	     -0.55241876	     11.75749199	     -7.52565306	      1.48660867	     27.97964287	      0.48833689	     -4.00611323	      0.00000000	      0.00000000	     13.83559771	     -3.54068959	      1.17309250	     29.79770321	      0.52006803	     -0.83389245	      0.00000000	      0.00000000	     -9.20904840	     -0.03217044	      1.71989393
      0.22000000	     -4.59236242	      0.58198957	      0.64677178	     -0.16796102	      1.01530651	     -0.55257859	     11.85568094	     -7.52119448	      1.62201380	     28.33330472	      0.49450946	     -3.24089300	      0.00000000	      0.00000000	     13.95639618	     -3.53866455	      1.20175907	     30.14851847	      0.52619091	     -0.84237933	      0.00000000	      0.00000000	     -9.31107891	     -0.03349899	      1.70832972
      0.22500000	     -4.56780808	      0.61744684	      0.67052424	     -0.16822363	      1.01280183	     -0.55274753	     11.96842178	     -7.53049312	      1.75609126	     28.70841194	      0.50105631	     -2.32586093	      0.00000000	      0.00000000	     14.07957967	     -3.51911016	      1.26000513	     30.48540569	      0.53207070	     -0.68745741	      0.00000000	      0.00000000	     -9.40927938	     -0.04530380	      1.69424217
      0.23000000	     -4.55391054	      0.65948043	      0.69810762	     -0.16852683	      1.01009292	     -0.55292508	     12.09363156	     -7.55002025	      1.89328355	     29.10587251	      0.50799331	     -1.33202502	      0.00000000	      0.00000000	     14.20992857	     -3.48094128	      1.35955834	     30.82317109	      0.53796582	     -0.31647485	      0.00000000	      0.00000000	     -9.50321673	     -0.06595023	      1.67207492
      0.23500000	     -4.54725233	      0.70272071	      0.73072079	     -0.16887223	      1.00719329	     -0.55310287	     12.22493658	     -7.57127043	      2.03851772	     29.52774463	      0.51535636	     -0.31035845	      0.00000000	      0.00000000	     14.35102721	     -3.43173004	      1.49537319	     31.18417979	      0.54426661	      0.25484230	      0.00000000	      0.00000000	     -9.59681946	     -0.08956124	      1.63908309
      0.24000000	     -4.54327389	      0.74153611	      0.76818253	     -0.16924728	      1.00411888	     -0.55327270	     12.35312602	     -7.58665428	      2.19154763	     29.97232824	      0.52311581	      0.71639278	      0.00000000	      0.00000000	     14.50312741	     -3.38036683	      1.65207339	     31.58807958	      0.55131599	      0.97691860	      0.00000000	      0.00000000	     -9.69431394	     -0.11118611	      1.59908130
      0.24500000	     -4.53121824	      0.77495522	      0.81899524	     -0.16962729	      1.00089356	     -0.55343688	     12.46562259	     -7.60030265	      2.31708599	     30.44075207	      0.53129135	      1.76839980	      0.00000000	      0.00000000	     14.66054667	     -3.32959768	      1.82026943	     32.05185371	      0.55941038	      1.81382959	      0.00000000	      0.00000000	     -9.80589584	     -0.12978911	      1.54511145
      0.25000000	     -4.50476007	      0.80568917	      0.88624151	     -0.17000357	      0.99753800	     -0.55359153	     12.55452805	     -7.61563137	      2.40269672	     30.92928830	      0.53981792	      2.87875715	      0.00000000	      0.00000000	     14.81947010	     -3.27823301	      1.99221836	     32.57888154	      0.56860875	      2.71709175	      0.00000000	      0.00000000	     -9.93776344	     -0.14786292	      1.47195141
      0.25500000	     -4.46168934	      0.83702996	      0.96913120	     -0.17037809	      0.99406536	     -0.55373211	     12.62178268	     -7.63706751	      2.44532477	     31.43960101	      0.54872455	      4.06083863	      0.00000000	      0.00000000	     14.97725516	     -3.22418867	      2.16108387	     33.16213234	      0.57878840	      3.65501664	      0.00000000	      0.00000000	    -10.09233818	     -0.16919599	      1.38165123
      0.26000000	     -4.40420060	      0.87447943	      1.06348346	     -0.17075374	      0.99048672	     -0.55385583	     12.67653195	     -7.67001922	      2.44802656	     31.97623243	      0.55809054	      5.31118863	      0.00000000	      0.00000000	     15.13276892	     -3.16229703	      2.32151632	     33.78638844	      0.58968372	      4.63332824	      0.00000000	      0.00000000	    -10.26890504	     -0.20155897	      1.28340618
      0.26500000	     -4.33294078	      0.91975081	      1.16704468	     -0.17113828	      0.98681178	     -0.55396623	     12.72622041	     -7.71705165	      2.40876059	     32.54088917	      0.56794566	      6.62800926	      0.00000000	      0.00000000	     15.28448671	     -3.09120661	      2.47277957	     34.43524725	      0.60100844	      5.66975860	      0.00000000	      0.00000000	    -10.46690450	     -0.24528832	      1.17658326
      0.27000000	     -4.25305185	      0.97194502	      1.26907451	     -0.17155135	      0.98305009	     -0.55406075	     12.78174592	     -7.77328014	      2.35338739	     33.13090922	      0.57824345	      7.98208236	      0.00000000	      0.00000000	     15.43637525	     -3.01362730	      2.60579830	     35.09406459	      0.61250698	      6.75898172	      0.00000000	      0.00000000	    -10.68309927	     -0.29886126	      1.07204533
      0.27500000	     -4.16890395	      1.02682962	      1.36249228	     -0.17200573	      0.97921345	     -0.55414919	     12.85260681	     -7.83362281	      2.29467836	     33.74458187	      0.58895406	      9.33746624	      0.00000000	      0.00000000	     15.59431942	     -2.93391186	      2.71294814	     35.75748942	      0.62408592	      7.89213309	      0.00000000	      0.00000000	    -10.91312236	     -0.35554506	      0.97483333
      0.28000000	     -4.08189226	      1.07710356	      1.44491632	     -0.17250952	      0.97532185	     -0.55424056	     12.94221896	     -7.89055911	      2.23399619	     34.37978513	      0.60004045	     10.67121163	      0.00000000	      0.00000000	     15.76360148	     -2.85952143	      2.78991520	     36.42897136	      0.63580549	      9.05187813	      0.00000000	      0.00000000	    -11.15675696	     -0.40573483	      0.88897429
      0.28500000	     -3.99398895	      1.11584909	      1.51855486	     -0.17306571	      0.97139751	     -0.55434523	     13.05248756	     -7.93860070	      2.16557228	     35.03043866	      0.61139649	     11.97144772	      0.00000000	      0.00000000	     15.95139473	     -2.79624122	      2.83899417	     37.11661281	      0.64780710	     10.21398286	      0.00000000	      0.00000000	    -11.41191711	     -0.43922400	      0.81236606
      0.29000000	     -3.90561568	      1.14051501	      1.58479089	     -0.17368076	      0.96746861	     -0.55447069	     13.18685177	     -7.97686325	      2.08581571	     35.69952286	      0.62307422	     13.22299271	      0.00000000	      0.00000000	     16.16207988	     -2.74498624	      2.86234485	     37.82943282	      0.66024816	     11.35946930	      0.00000000	      0.00000000	    -11.67899483	     -0.45258146	      0.74556648
      0.29500000	     -3.81589399	      1.14889186	      1.64499719	     -0.17435240	      0.96356015	     -0.55462017	     13.34826078	     -8.00471839	      1.98783828	     36.39517748	      0.63521568	     14.42554748	      0.00000000	      0.00000000	     16.39676610	     -2.70775023	      2.86234921	     38.57501026	      0.67326094	     12.47932412	      0.00000000	      0.00000000	    -11.95732872	     -0.44287235	      0.68639866
      0.30000000	     -3.72529927	      1.14167610	      1.69773843	     -0.17507467	      0.95969811	     -0.55478427	     13.54014318	     -8.02238115	      1.87459744	     37.12310806	      0.64792046	     15.58091111	      0.00000000	      0.00000000	     16.65480761	     -2.68543495	      2.84039335	     39.35395532	      0.68685609	     13.56880642	      0.00000000	      0.00000000	    -12.24696492	     -0.41345382	      0.64406222
      0.30500000	     -3.63397159	      1.12219756	      1.74088671	     -0.17584205	      0.95590716	     -0.55495549	     13.76453572	     -8.03117736	      1.75448471	     37.88592714	      0.66123417	     16.68334483	      0.00000000	      0.00000000	     16.93421185	     -2.67630982	      2.79743127	     40.16302440	      0.70097701	     14.62261322	      0.00000000	      0.00000000	    -12.54637881	     -0.36938872	      0.61867320
      0.31000000	     -3.54018500	      1.09208146	      1.77168066	     -0.17664672	      0.95220999	     -0.55512628	     14.02067729	     -8.03071092	      1.63628196	     38.68788387	      0.67523095	     17.73225172	      0.00000000	      0.00000000	     17.22996306	     -2.68136897	      2.73400955	     40.99739479	      0.71553952	     15.63437349	      0.00000000	      0.00000000	    -12.85537051	     -0.31318953	      0.60944301
      0.31500000	     -3.44314949	      1.05323471	      1.78620023	     -0.17747726	      0.94862537	     -0.55528536	     14.30563542	     -8.01947146	      1.53311245	     39.52661926	      0.68986965	     18.72869814	      0.00000000	      0.00000000	     17.53667820	     -2.70119293	      2.65151242	     41.84933824	      0.73040874	     16.59972149	      0.00000000	      0.00000000	    -13.17271535	     -0.24837902	      0.61825694
      0.32000000	     -3.34341102	      1.00714955	      1.78533030	     -0.17832195	      0.94516867	     -0.55542867	     14.61462520	     -7.99622299	      1.45534917	     40.39556189	      0.70503556	     19.67604406	      0.00000000	      0.00000000	     17.85157947	     -2.73456516	      2.55754024	     42.71230313	      0.74547032	     17.51080621	      0.00000000	      0.00000000	    -13.49599539	     -0.17769058	      0.64488631
      0.32500000	     -3.24110071	      0.95389059	      1.76947425	     -0.17916842	      0.94185084	     -0.55555152	     14.94410071	     -7.95937680	      1.40443481	     41.28987587	      0.72064428	     20.57287587	      0.00000000	      0.00000000	     18.17155654	     -2.78188002	      2.45849139	     43.58085592	      0.76062943	     18.36207433	      0.00000000	      0.00000000	    -13.82155406	     -0.10155437	      0.68408122
      0.33000000	     -3.13654712	      0.89255395	      1.74299347	     -0.17999870	      0.93867690	     -0.55565338	     15.28786540	     -7.90830694	      1.37706351	     42.20178583	      0.73656011	     21.42124781	      0.00000000	      0.00000000	     18.49278082	     -2.84216487	      2.36701980	     44.44821396	      0.77576768	     19.14932606	      0.00000000	      0.00000000	    -14.14611953	     -0.01947032	      0.73139770
      0.33500000	     -3.03031502	      0.82486449	      1.70558986	     -0.18080288	      0.93564945	     -0.55573053	     15.64106681	     -7.84363983	      1.37557084	     43.12195692	      0.75262013	     22.21665404	      0.00000000	      0.00000000	     18.81056063	     -2.91306650	      2.28899368	     45.30567622	      0.79073322	     19.87588176	      0.00000000	      0.00000000	    -14.46648982	      0.06524695	      0.78885176
      0.34000000	     -2.92591013	      0.75317157	      1.65968429	     -0.18156902	      0.93276724	     -0.55578288	     16.00173676	     -7.76819665	      1.39739742	     44.04152571	      0.76866963	     22.95456042	      0.00000000	      0.00000000	     19.12248159	     -2.99000818	      2.23374069	     46.14210875	      0.80533172	     20.54212103	      0.00000000	      0.00000000	    -14.77685789	      0.14963201	      0.85283086
      0.34500000	     -2.82561230	      0.67876702	      1.60474210	     -0.18228815	      0.93002644	     -0.55580897	     16.36681791	     -7.68399035	      1.43861325	     44.94983897	      0.78452269	     23.63091940	      0.00000000	      0.00000000	     19.42479372	     -3.07140122	      2.20277103	     46.94780891	      0.81939384	     21.15622735	      0.00000000	      0.00000000	    -15.07233503	      0.23127958	      0.92271920
      0.35000000	     -2.73007408	      0.60502710	      1.54120732	     -0.18295418	      0.92742721	     -0.55581475	     16.73009621	     -7.59586200	      1.49831296	     45.83555005	      0.79998126	     24.24117707	      0.00000000	      0.00000000	     19.71022352	     -3.15171328	      2.20052951	     47.70989040	      0.83269467	     21.71952524	      0.00000000	      0.00000000	    -15.35160301	      0.30728301	      0.99950424
      0.35500000	     -2.64140565	      0.53472291	      1.46713111	     -0.18356751	      0.92496760	     -0.55580234	     17.08851700	     -7.50631715	      1.57705933	     46.68805599	      0.81486030	     24.78153323	      0.00000000	      0.00000000	     19.97544293	     -3.22852904	      2.22306393	     48.41986273	      0.84508603	     22.24050081	      0.00000000	      0.00000000	    -15.61168262	      0.37495354	      1.08394162
      0.36000000	     -2.56316654	      0.46904012	      1.38589340	     -0.18412625	      0.92264407	     -0.55578148	     17.44036968	     -7.41859500	      1.66897647	     47.49815729	      0.82899923	     25.25808583	      0.00000000	      0.00000000	     20.22050734	     -3.29842798	      2.27220289	     49.07165479	      0.85646195	     22.72320808	      0.00000000	      0.00000000	    -15.84838693	      0.43496761	      1.17081440
      0.36500000	     -2.49517467	      0.40789514	      1.29780313	     -0.18462994	      0.92045725	     -0.55575735	     17.78003646	     -7.33402142	      1.77186158	     48.25934214	      0.84228442	     25.67216899	      0.00000000	      0.00000000	     20.44181902	     -3.36172795	      2.34220652	     49.66107319	      0.86674924	     23.17185124	      0.00000000	      0.00000000	    -16.06077189	      0.48800272	      1.26086742
      0.37000000	     -2.43668586	      0.35258186	      1.20580859	     -0.18507736	      0.91841672	     -0.55573789	     18.10143519	     -7.25556277	      1.88067444	     48.96285644	      0.85456306	     26.02904980	      0.00000000	      0.00000000	     20.63503107	     -3.41516118	      2.43235326	     50.18199077	      0.87584096	     23.58735864	      0.00000000	      0.00000000	    -16.25011014	      0.53442267	      1.35150109
      0.37500000	     -2.38557974	      0.30223550	      1.11213673	     -0.18546652	      0.91653229	     -0.55572518	     18.39729523	     -7.18270189	      1.99123103	     49.60160834	      0.86571138	     26.33778972	      0.00000000	      0.00000000	     20.79752591	     -3.46094952	      2.53359236	     50.63302630	      0.88371302	     23.97444842	      0.00000000	      0.00000000	    -16.41806210	      0.57594521	      1.43974768
      0.38000000	     -2.34179701	      0.25585948	      1.01972799	     -0.18579484	      0.91481478	     -0.55572114	     18.66396106	     -7.11625421	      2.09838828	     50.17070663	      0.87564402	     26.60370543	      0.00000000	      0.00000000	     20.92807797	     -3.49940401	      2.64270259	     51.01204570	      0.89032816	     24.33771142	      0.00000000	      0.00000000	    -16.56359886	      0.61370029	      1.52171421
      0.38500000	     -2.30243304	      0.21286078	      0.92785600	     -0.18605916	      0.91328180	     -0.55571677	     18.89331202	     -7.05375109	      2.20357194	     50.66338584	      0.88424289	     26.82849091	      0.00000000	      0.00000000	     21.02233955	     -3.53367882	      2.74882979	     51.31755511	      0.89566030	     24.67536178	      0.00000000	      0.00000000	    -16.68938442	      0.64656403	      1.60083429
      0.39000000	     -2.26332736	      0.17072013	      0.84197759	     -0.18625209	      0.91195839	     -0.55571623	     19.07535549	     -6.99483781	      2.29436409	     51.06858561	      0.89131496	     27.02525423	      0.00000000	      0.00000000	     21.07514554	     -3.56560294	      2.84951869	     51.54740734	      0.89967198	     24.99420539	      0.00000000	      0.00000000	    -16.79959086	      0.67889435	      1.67202068
      0.39500000	     -2.22212596	      0.12816457	      0.76342379	     -0.18637617	      0.91085915	     -0.55571269	     19.20514869	     -6.93754303	      2.36990839	     51.38499316	      0.89683732	     27.19436249	      0.00000000	      0.00000000	     21.08611759	     -3.59899302	      2.93514867	     51.70507058	      0.90242372	     25.29381991	      0.00000000	      0.00000000	    -16.89805831	      0.71099986	      1.73449051
      0.40000000	     -2.18059430	      0.08574802	      0.69321353	     -0.18642956	      0.90999555	     -0.55569895	     19.28279662	     -6.88182650	      2.42952762	     51.61021825	      0.90076824	     27.34118821	      0.00000000	      0.00000000	     21.05734135	     -3.63393921	      3.00072451	     51.79158215	      0.90393363	     25.57115772	      0.00000000	      0.00000000	    -16.98253363	      0.74148207	      1.78774711
      0.40500000	     -2.13601698	      0.04306762	      0.63524067	     -0.18641012	      0.90938573	     -0.55567635	     19.30155219	     -6.82854443	      2.46708273	     51.73942067	      0.90302324	     27.47038418	      0.00000000	      0.00000000	     20.98670440	     -3.67119319	      3.04143714	     51.80696283	      0.90420208	     25.82503889	      0.00000000	      0.00000000	    -17.05700307	      0.77195026	      1.82900778
      0.41000000	     -2.09011035	     -0.00010702	      0.59167754	     -0.18631906	      0.90903882	     -0.55564803	     19.26358299	     -6.77941005	      2.47851844	     51.77278598	      0.90360558	     27.58180387	      0.00000000	      0.00000000	     20.87748688	     -3.71017710	      3.05676805	     51.75218065	      0.90324595	     26.05514303	      0.00000000	      0.00000000	    -17.12027064	      0.80364614	      1.85628672
      0.41500000	     -2.04760923	     -0.04210520	      0.55984544	     -0.18616345	      0.90895063	     -0.55560478	     19.17657310	     -6.73258682	      2.47159831	     51.71294528	      0.90256116	     27.66122575	      0.00000000	      0.00000000	     20.73775389	     -3.75127015	      3.04134966	     51.63117894	      0.90113407	     26.25241160	      0.00000000	      0.00000000	    -17.16812422	      0.83322863	      1.87280285
      0.42000000	     -2.01708573	     -0.08300232	      0.54020460	     -0.18593799	      0.90911830	     -0.55554876	     19.05041077	     -6.68811162	      2.44455680	     51.55968591	      0.89988628	     27.70639448	      0.00000000	      0.00000000	     20.57701164	     -3.79318468	      2.99952607	     51.44342670	      0.89785717	     26.41249288	      0.00000000	      0.00000000	    -17.18882560	      0.86212810	      1.87694880
      0.42500000	     -2.00118340	     -0.12468042	      0.53269732	     -0.18565014	      0.90953908	     -0.55548402	     18.89176324	     -6.64459227	      2.39554817	     51.31644111	      0.89564086	     27.70407989	      0.00000000	      0.00000000	     20.40060602	     -3.83675452	      2.93769665	     51.19118321	      0.89345469	     26.53105518	      0.00000000	      0.00000000	    -17.18003536	      0.89302883	      1.86973529
      0.43000000	     -2.00418294	     -0.16884268	      0.53554648	     -0.18531134	      0.91020507	     -0.55541288	     18.71103698	     -6.59937234	      2.32705505	     50.99036595	      0.88994977	     27.64510923	      0.00000000	      0.00000000	     20.21658062	     -3.88264516	      2.86420074	     50.87907844	      0.88800744	     26.59760711	      0.00000000	      0.00000000	    -17.13802405	      0.92779296	      1.85405466
      0.43500000	     -2.02954956	     -0.21759569	      0.54735505	     -0.18493136	      0.91110992	     -0.55533691	     18.51676060	     -6.54919185	      2.24096648	     50.58876089	      0.88294044	     27.52408062	      0.00000000	      0.00000000	     20.03173764	     -3.93235684	      2.78763595	     50.51020823	      0.88156944	     26.60601709	      0.00000000	      0.00000000	    -17.06017393	      0.96851465	      1.83116671
      0.44000000	     -2.07781360	     -0.27260306	      0.56681642	     -0.18452226	      0.91225140	     -0.55526201	     18.31565146	     -6.49364960	      2.13805622	     50.12083542	      0.87477360	     27.33991992	      0.00000000	      0.00000000	     19.84952197	     -3.98600481	      2.71830845	     50.08884048	      0.87421518	     26.54679249	      0.00000000	      0.00000000	    -16.94769548	      1.01773709	      1.80320584
      0.44500000	     -2.14671599	     -0.33416054	      0.59195927	     -0.18409777	      0.91362579	     -0.55518871	     18.11131869	     -6.43198543	      2.02361451	     49.59393936	      0.86557753	     27.08563119	      0.00000000	      0.00000000	     19.67076337	     -4.04416796	      2.66273570	     49.61935553	      0.86602113	     26.41435579	      0.00000000	      0.00000000	    -16.80571586	      1.07478210	      1.77238778
      0.45000000	     -2.23387863	     -0.40191497	      0.62145311	     -0.18366304	      0.91523463	     -0.55511788	     17.90516637	     -6.36405215	      1.90111470	     49.01525803	      0.85547764	     26.75909520	      0.00000000	      0.00000000	     19.49407260	     -4.10604104	      2.62627945	     49.10282084	      0.85700590	     26.20449083	      0.00000000	      0.00000000	    -16.63832825	      1.13933116	      1.74041035
      0.45500000	     -2.34217162	     -0.47675537	      0.65262574	     -0.18321875	      0.91707404	     -0.55504526	     17.70409874	     -6.28757340	      1.77672775	     48.39064933	      0.84457616	     26.35257598	      0.00000000	      0.00000000	     19.32436330	     -4.17385274	      2.61059499	     48.54211928	      0.84721981	     25.91238065	      0.00000000	      0.00000000	    -16.44240410	      1.21228131	      1.70830348
      0.46000000	     -2.46628370	     -0.55618400	      0.68338664	     -0.18276628	      0.91914366	     -0.55496944	     17.50678947	     -6.20531071	      1.65330104	     47.72579746	      0.83297230	     25.86270311	      0.00000000	      0.00000000	     19.15662632	     -4.24592839	      2.61403240	     47.93988919	      0.83670891	     25.53631426	      0.00000000	      0.00000000	    -16.22524925	      1.29142826	      1.67744798
      0.46500000	     -2.60330606	     -0.63899120	      0.71317358	     -0.18230518	      0.92144214	     -0.55488620	     17.31285198	     -6.11801668	      1.53279509	     47.02669151	      0.82077060	     25.28769519	      0.00000000	      0.00000000	     18.98834652	     -4.32143945	      2.63703595	     47.29734815	      0.82549445	     25.07683184	      0.00000000	      0.00000000	    -15.99124700	      1.37518672	      1.64792511
      0.47000000	     -2.74796028	     -0.72348469	      0.74019433	     -0.18183414	      0.92396931	     -0.55479661	     17.12057965	     -6.02852417	      1.41489270	     46.30086106	      0.80810247	     24.62504672	      0.00000000	      0.00000000	     18.81503688	     -4.39944926	      2.67337019	     46.61805028	      0.81363847	     24.53362810	      0.00000000	      0.00000000	    -15.74766154	      1.46209553	      1.62164156
      0.47500000	     -2.89940556	     -0.80612847	      0.75991565	     -0.18135808	      0.92671637	     -0.55469505	     16.93376268	     -5.93930431	      1.30709917	     45.55509493	      0.79508640	     23.87490122	      0.00000000	      0.00000000	     18.63738355	     -4.47772635	      2.71653784	     45.90720559	      0.80123189	     23.90598026	      0.00000000	      0.00000000	    -15.49717179	      1.54731361	      1.60073461
      0.48000000	     -3.04569250	     -0.88365387	      0.77029657	     -0.18088372	      0.92967989	     -0.55457900	     16.74405246	     -5.85448091	      1.20862573	     44.79670608	      0.78185002	     23.04742166	      0.00000000	      0.00000000	     18.44500452	     -4.55407629	      2.75821765	     45.17117734	      0.78838577	     23.20113638	      0.00000000	      0.00000000	    -15.25551115	      1.62540130	      1.58759643
      0.48500000	     -3.18603674	     -0.95392930	      0.76988603	     -0.18041617	      0.93284779	     -0.55444690	     16.55400377	     -5.77645484	      1.12246444	     44.03145158	      0.76849380	     22.14045514	      0.00000000	      0.00000000	     18.24060824	     -4.62684803	      2.79312572	     44.41671178	      0.77521786	     22.41533890	      0.00000000	      0.00000000	    -15.02385887	      1.69359100	      1.58112606
      0.49000000	     -3.32042911	     -1.01435279	      0.75510211	     -0.17995252	      0.93620708	     -0.55429756	     16.36590512	     -5.70840677	      1.05140028	     43.26264994	      0.75507568	     21.15949554	      0.00000000	      0.00000000	     18.02582049	     -4.69443874	      2.81092574	     43.64830270	      0.76180660	     21.55386620	      0.00000000	      0.00000000	    -14.80142269	      1.74687798	      1.58730521
      0.49500000	     -3.44682901	     -1.06420888	      0.72601721	     -0.17949770	      0.93974019	     -0.55413075	     16.18052088	     -5.65213989	      0.99185487	     42.49515448	      0.74168036	     20.11088353	      0.00000000	      0.00000000	     17.80188778	     -4.75570045	      2.80978138	     42.87210273	      0.74825935	     20.62320545	      0.00000000	      0.00000000	    -14.59101251	      1.78489939	      1.60469857
      0.50000000	     -3.56332394	     -1.10372183	      0.68264590	     -0.17905177	      0.94343131	     -0.55394666	     15.99683472	     -5.60820165	      0.94205578	     41.73118263	      0.72834654	     18.99847213	      0.00000000	      0.00000000	     17.57054367	     -4.81196372	      2.78363748	     42.09476106	      0.73469218	     19.62896543	      0.00000000	      0.00000000	    -14.39414464	      1.80779936	      1.63442060
      0.50500000	     -3.67389637	     -1.13269824	      0.62452471	     -0.17861284	      0.94725784	     -0.55374515	     15.81912294	     -5.57718939	      0.90251784	     40.97243218	      0.71510384	     17.82404697	      0.00000000	      0.00000000	     17.33824796	     -4.86310079	      2.72995893	     41.31993621	      0.72116893	     18.57194624	      0.00000000	      0.00000000	    -14.20686552	      1.81629664	      1.67799391
      0.51000000	     -3.77877280	     -1.15183629	      0.55452945	     -0.17817833	      0.95120051	     -0.55353003	     15.64645600	     -5.55912325	      0.86892227	     40.21900950	      0.70195414	     16.60174147	      0.00000000	      0.00000000	     17.10657981	     -4.90913726	      2.64960130	     40.54935363	      0.70771973	     17.46382277	      0.00000000	      0.00000000	    -14.02859846	      1.81084660	      1.73594178
      0.51500000	     -3.87380692	     -1.16296367	      0.47357978	     -0.17775683	      0.95523551	     -0.55330532	     15.47604951	     -5.55246772	      0.83676704	     39.47273181	      0.68892913	     15.33903390	      0.00000000	      0.00000000	     16.87532270	     -4.95281577	      2.54105283	     39.79149539	      0.69449261	     16.31372903	      0.00000000	      0.00000000	    -13.86384985	      1.79684567	      1.80046416
      0.52000000	     -3.96218485	     -1.16730340	      0.38316804	     -0.17734734	      0.95933969	     -0.55306962	     15.30870866	     -5.55535020	      0.80774082	     38.73092239	      0.67598212	     14.04190228	      0.00000000	      0.00000000	     16.64965417	     -4.99612528	      2.40446748	     39.04922764	      0.68153759	     15.12577050	      0.00000000	      0.00000000	    -13.70817871	      1.77443365	      1.87082309
      0.52500000	     -4.04498465	     -1.16598131	      0.28557149	     -0.17695362	      0.96348623	     -0.55282645	     15.14549875	     -5.56689217	      0.77965885	     37.99530835	      0.66314323	     12.72839873	      0.00000000	      0.00000000	     16.43166023	     -5.03986776	      2.24164852	     38.32394533	      0.66887903	     13.90589519	      0.00000000	      0.00000000	    -13.56071752	      1.74590996	      1.94424566
      0.53000000	     -4.12309775	     -1.15768355	      0.18211334	     -0.17657912	      0.96764962	     -0.55257818	     14.98798658	     -5.58755314	      0.75154213	     37.26576356	      0.65041027	     11.40716559	      0.00000000	      0.00000000	     16.22248462	     -5.08198016	      2.05386461	     37.61625783	      0.65652755	     12.66639001	      0.00000000	      0.00000000	    -13.41944036	      1.71038714	      2.01604185
      0.53500000	     -4.19861603	     -1.14264886	      0.07412463	     -0.17623269	      0.97180240	     -0.55232486	     14.83977185	     -5.61725297	      0.72181231	     36.54554885	      0.63784015	     10.08729123	      0.00000000	      0.00000000	     16.02658428	     -5.12251985	      1.84359970	     36.93016856	      0.64455303	     11.41247679	      0.00000000	      0.00000000	    -13.28255135	      1.66916266	      2.08194579
      0.54000000	     -4.27902438	     -1.11873744	     -0.03936724	     -0.17591690	      0.97591716	     -0.55206089	     14.70850492	     -5.65561137	      0.70131011	     35.83690053	      0.62547191	      8.77963272	      0.00000000	      0.00000000	     15.85044114	     -5.15835561	      1.61328046	     36.26288374	      0.63290672	     10.15384893	      0.00000000	      0.00000000	    -13.14480808	      1.61708386	      2.15276998
      0.54500000	     -4.36568296	     -1.08372741	     -0.15539951	     -0.17563905	      0.97996588	     -0.55179361	     14.59766719	     -5.70586517	      0.68656686	     35.14482603	      0.61339293	      7.50379732	      0.00000000	      0.00000000	     15.69687340	     -5.18479763	      1.36754000	     35.61647495	      0.62162476	      8.90419269	      0.00000000	      0.00000000	    -13.00572019	      1.55366135	      2.22352783
      0.55000000	     -4.46100817	     -1.03639443	     -0.27124963	     -0.17540343	      0.98392455	     -0.55152656	     14.50907570	     -5.76913174	      0.67726243	     34.46785201	      0.60157750	      6.26800159	      0.00000000	      0.00000000	     15.56972514	     -5.19841011	      1.11482167	     34.99324780	      0.61074739	      7.67890685	      0.00000000	      0.00000000	    -12.86345154	      1.47810825	      2.29188223
      0.55500000	     -4.56851579	     -0.97729777	     -0.38642707	     -0.17521260	      0.98776636	     -0.55125779	     14.44625674	     -5.84462308	      0.67771882	     33.80862241	      0.59007178	      5.08770549	      0.00000000	      0.00000000	     15.47392289	     -5.19929664	      0.85917325	     34.39635294	      0.60032961	      6.49245078	      0.00000000	      0.00000000	    -12.71517596	      1.39034247	      2.36204201
      0.56000000	     -4.68946589	     -0.90361464	     -0.49843729	     -0.17506877	      0.99146576	     -0.55099334	     14.41177437	     -5.93556787	      0.68923929	     33.17119514	      0.57894657	      3.98206867	      0.00000000	      0.00000000	     15.41063732	     -5.18176377	      0.60819578	     33.82555155	      0.59036725	      5.35167133	      0.00000000	      0.00000000	    -12.56059771	      1.28803978	      2.43317790
      0.56500000	     -4.82138906	     -0.81829125	     -0.60520110	     -0.17497204	      0.99500085	     -0.55073797	     14.40065157	     -6.03885567	      0.70898319	     32.55539170	      0.56819877	      2.97488458	      0.00000000	      0.00000000	     15.37872986	     -5.14800537	      0.36732460	     33.28524658	      0.58093715	      4.26965800	      0.00000000	      0.00000000	    -12.39982739	      1.17732574	      2.49418819
      0.57000000	     -4.96147843	     -0.72150374	     -0.70523783	     -0.17491684	      0.99835454	     -0.55049667	     14.40689127	     -6.15416121	      0.73956006	     31.95931491	      0.55779527	      2.08555124	      0.00000000	      0.00000000	     15.37291085	     -5.09703985	      0.14294653	     32.77384784	      0.57201155	      3.25055393	      0.00000000	      0.00000000	    -12.23584787	      1.05831630	      2.54561496
      0.57500000	     -5.10913563	     -0.61469527	     -0.79924510	     -0.17489828	      1.00150655	     -0.55027087	     14.43001398	     -6.27894790	      0.78345007	     31.38957379	      0.54785141	      1.34244426	      0.00000000	      0.00000000	     15.39048139	     -5.02966592	     -0.06263602	     32.29149517	      0.56359291	      2.30466995	      0.00000000	      0.00000000	    -12.06910379	      0.93274023	      2.59001577
      0.58000000	     -5.26045883	     -0.50010215	     -0.88545957	     -0.17490847	      1.00444511	     -0.55007243	     14.46343496	     -6.41225313	      0.83591929	     30.84675597	      0.53837746	      0.77707835	      0.00000000	      0.00000000	     15.42452541	     -4.94645101	     -0.24387027	     31.83729771	      0.55566567	      1.44138281	      0.00000000	      0.00000000	    -11.90289393	      0.80454831	      2.62429868
      0.58500000	     -5.40946390	     -0.38128525	     -0.96089777	     -0.17493233	      1.00716530	     -0.54990979	     14.49530145	     -6.55157914	      0.88816311	     30.32650089	      0.52929729	      0.40020859	      0.00000000	      0.00000000	     15.46561100	     -4.85018458	     -0.39574239	     31.41066055	      0.54821945	      0.68069508	      0.00000000	      0.00000000	    -11.74203931	      0.67841932	      2.64600866
      0.59000000	     -5.55357439	     -0.25742823	     -1.02546775	     -0.17496195	      1.00965690	     -0.54978821	     14.52628181	     -6.69920788	      0.93519662	     29.83474636	      0.52071456	      0.20907049	      0.00000000	      0.00000000	     15.50842713	     -4.73946330	     -0.51722694	     31.01280424	      0.54127554	      0.04419476	      0.00000000	      0.00000000	    -11.58956264	      0.55263029	      2.65950194
      0.59500000	     -5.69200920	     -0.13182868	     -1.07769300	     -0.17499389	      1.01191343	     -0.54971032	     14.55582499	     -6.85196655	      0.97253089	     29.37362190	      0.51266642	      0.17957433	      0.00000000	      0.00000000	     15.55093563	     -4.61666540	     -0.60214587	     30.64616385	      0.53487646	     -0.44673431	      0.00000000	      0.00000000	    -11.44603858	      0.43150576	      2.66392972
      0.60000000	     -5.82177500	     -0.00533417	     -1.11690957	     -0.17502638	      1.01393556	     -0.54967805	     14.58133627	     -7.00994042	      0.99830292	     28.94467533	      0.50517989	      0.26909050	      0.00000000	      0.00000000	     15.58756965	     -4.48177132	     -0.64607974	     30.31029664	      0.52901447	     -0.78063907	      0.00000000	      0.00000000	    -11.31431946	      0.31553008	      2.65776830
      0.60500000	     -5.94214025	      0.12160102	     -1.14529292	     -0.17506082	      1.01572203	     -0.54968127	     14.60398047	     -7.16988030	      1.02043563	     28.54968849	      0.49828606	      0.40698427	      0.00000000	      0.00000000	     15.61729439	     -4.33652510	     -0.65010211	     30.00890926	      0.52375427	     -0.94429786	      0.00000000	      0.00000000	    -11.19546751	      0.20417823	      2.64183059
      0.61000000	     -6.05391530	      0.24672342	     -1.16701140	     -0.17510281	      1.01727182	     -0.54971143	     14.62746216	     -7.32747487	      1.05048446	     28.19370110	      0.49207291	      0.53968936	      0.00000000	      0.00000000	     15.64107905	     -4.18430224	     -0.61797729	     29.74524420	      0.51915245	     -0.94459556	      0.00000000	      0.00000000	    -11.08915262	      0.09860164	      2.61960920
      0.61500000	     -6.15886385	      0.36576585	     -1.18316955	     -0.17515403	      1.01858953	     -0.54976121	     14.64894590	     -7.47604955	      1.09807230	     27.87189450	      0.48645633	      0.61539057	      0.00000000	      0.00000000	     15.66165402	     -4.03029735	     -0.54990863	     29.52076793	      0.51523460	     -0.81622388	      0.00000000	      0.00000000	    -10.99385253	      0.00271909	      2.59179839
      0.62000000	     -6.25402406	      0.47666623	     -1.19716965	     -0.17521259	      1.01968124	     -0.54982012	     14.66436251	     -7.61161234	      1.16891511	     27.58525834	      0.48145358	      0.60375630	      0.00000000	      0.00000000	     15.67748550	     -3.87879310	     -0.45586774	     29.33813512	      0.51204705	     -0.60025395	      0.00000000	      0.00000000	    -10.91229808	     -0.08330297	      2.56062295
      0.62500000	     -6.33816644	      0.57566626	     -1.20958215	     -0.17527448	      1.02054899	     -0.54987848	     14.66969960	     -7.72819482	      1.26345547	     27.33052185	      0.47700759	      0.49088931	      0.00000000	      0.00000000	     15.69236917	     -3.73652549	     -0.34579621	     29.20475246	      0.50971909	     -0.35026532	      0.00000000	      0.00000000	    -10.84527046	     -0.15639271	      2.52502510
      0.63000000	     -6.41086253	      0.65980111	     -1.22210270	     -0.17533844	      1.02119479	     -0.54992917	     14.66281544	     -7.82114481	      1.38097734	     27.10735867	      0.47311266	      0.28978620	      0.00000000	      0.00000000	     15.70899615	     -3.60882434	     -0.22948122	     29.12306093	      0.50829330	     -0.12686948	      0.00000000	      0.00000000	    -10.79236868	     -0.21503431	      2.48812998
      0.63500000	     -6.47082429	      0.72810555	     -1.23529451	     -0.17539981	      1.02162026	     -0.54996380	     14.64129449	     -7.88770511	      1.51894709	     26.91453092	      0.46974718	      0.00884055	      0.00000000	      0.00000000	     15.72832503	     -3.49921648	     -0.11563002	     29.09432801	      0.50779182	      0.02391129	      0.00000000	      0.00000000	    -10.75410417	     -0.25933493	      2.44897645
      0.64000000	     -6.51649804	      0.78245176	     -1.25077542	     -0.17545766	      1.02182112	     -0.54997402	     14.60891983	     -7.92916707	      1.67313981	     26.75929402	      0.46703779	     -0.33952754	      0.00000000	      0.00000000	     15.74975401	     -3.40794678	     -0.01357906	     29.11772403	      0.50820016	      0.07821880	      0.00000000	      0.00000000	    -10.73098947	     -0.29324536	      2.40901939
      0.64500000	     -6.54847396	      0.82430328	     -1.26949508	     -0.17551217	      1.02179448	     -0.54995569	     14.57041765	     -7.94663187	      1.84093792	     26.64703091	      0.46507843	     -0.75083545	      0.00000000	      0.00000000	     15.77305266	     -3.33505466	      0.07160161	     29.18943927	      0.50945182	      0.02333842	      0.00000000	      0.00000000	    -10.72205731	     -0.31908612	      2.36832041
      0.65000000	     -6.56702408	      0.85633818	     -1.29258626	     -0.17556037	      1.02153819	     -0.54990630	     14.52846597	     -7.94295131	      2.02201878	     26.58041897	      0.46391583	     -1.22025102	      0.00000000	      0.00000000	     15.79573669	     -3.27838400	      0.13649666	     29.30281891	      0.51143067	     -0.13666634	      0.00000000	      0.00000000	    -10.72601274	     -0.34053318	      2.32703747
      0.65500000	     -6.57143995	      0.88184819	     -1.32247313	     -0.17559857	      1.02105019	     -0.54981959	     14.48576198	     -7.92155266	      2.21747009	     26.56191622	      0.46359289	     -1.74025572	      0.00000000	      0.00000000	     15.81358344	     -3.23546975	      0.17672969	     29.45029857	      0.51400468	     -0.38834188	      0.00000000	      0.00000000	    -10.74296017	     -0.36167544	      2.28572261
      0.66000000	     -6.56188785	      0.90364569	     -1.35997879	     -0.17562518	      1.02032987	     -0.54969801	     14.44414863	     -7.88672437	      2.42612158	     26.59228554	      0.46412294	     -2.27693609	      0.00000000	      0.00000000	     15.82378314	     -3.20325863	      0.19115008	     29.62456439	      0.51704619	     -0.71696309	      0.00000000	      0.00000000	    -10.77217776	     -0.38545124	      2.24495482
      0.66500000	     -6.53746026	      0.92430794	     -1.40356738	     -0.17563154	      1.01938144	     -0.54955015	     14.39921205	     -7.84366070	      2.64344602	     26.66741588	      0.46543421	     -2.75801832	      0.00000000	      0.00000000	     15.82130928	     -3.17784600	      0.18135912	     29.81725868	      0.52040934	     -1.08836542	      0.00000000	      0.00000000	    -10.81394284	     -0.41329909	      2.20293032
      0.67000000	     -6.49683526	      0.94630812	     -1.45123037	     -0.17561253	      1.01821176	     -0.54938595	     14.34373203	     -7.79810777	      2.86559777	     26.77399307	      0.46729433	     -3.10014742	      0.00000000	      0.00000000	     15.80043510	     -3.15492048	      0.15239446	     30.01962112	      0.52394123	     -1.43195535	      0.00000000	      0.00000000	    -10.86937562	     -0.44679117	      2.15797895
      0.67500000	     -6.43805329	      0.97272579	     -1.50125695	     -0.17556290	      1.01682972	     -0.54921451	     14.27205080	     -7.75641096	      3.08326431	     26.90416329	      0.46956623	     -3.22491867	      0.00000000	      0.00000000	     15.75303483	     -3.12945685	      0.11045523	     30.21946219	      0.52742911	     -1.67553025	      0.00000000	      0.00000000	    -10.94019678	     -0.48816554	      2.10941608
      0.68000000	     -6.36098739	      1.00545912	     -1.54879752	     -0.17548174	      1.01524148	     -0.54905145	     14.18164033	     -7.72633856	      3.27879868	     27.05227461	      0.47215126	     -3.07790733	      0.00000000	      0.00000000	     15.67612855	     -3.09729100	      0.06289978	     30.40939915	      0.53074414	     -1.75270222	      0.00000000	      0.00000000	    -11.02708733	     -0.53755258	      2.05504393
      0.68500000	     -6.26684359	      1.04438577	     -1.59069552	     -0.17537414	      1.01345309	     -0.54890611	     14.07169977	     -7.71155012	      3.44211725	     27.21079445	      0.47491796	     -2.64107253	      0.00000000	      0.00000000	     15.57148600	     -3.05702313	      0.01578110	     30.58811199	      0.53386327	     -1.60344561	      0.00000000	      0.00000000	    -11.12940705	     -0.59356564	      1.99345317
      0.69000000	     -6.16021955	      1.08583700	     -1.62266565	     -0.17525296	      1.01146779	     -0.54878287	     13.94639503	     -7.71029561	      3.56269428	     27.37314009	      0.47775142	     -1.97459399	      0.00000000	      0.00000000	     15.44842336	     -3.01166819	     -0.02297587	     30.76035466	      0.53686947	     -1.20496970	      0.00000000	      0.00000000	    -11.24378546	     -0.65178686	      1.92505660
      0.69500000	     -6.04903589	      1.12564040	     -1.64363068	     -0.17513796	      1.00928323	     -0.54868016	     13.82063645	     -7.71885453	      3.63410402	     27.55157695	      0.48086573	     -1.14980025	      0.00000000	      0.00000000	     15.32391008	     -2.96654069	     -0.05220990	     30.93818857	      0.53997326	     -0.60387359	      0.00000000	      0.00000000	    -11.36363225	     -0.70741641	      1.85221885
      0.70000000	     -5.93923097	      1.15885106	     -1.65175976	     -0.17505494	      1.00690223	     -0.54859949	     13.70685251	     -7.73266958	      3.65541195	     27.75748738	      0.48445955	     -0.22806826	      0.00000000	      0.00000000	     15.21430349	     -2.92632970	     -0.06800645	     31.13909093	      0.54347966	      0.14524140	      0.00000000	      0.00000000	    -11.48560523	     -0.75274025	      1.77135636
      0.70500000	     -5.83611918	      1.17990041	     -1.64627480	     -0.17501956	      1.00433382	     -0.54853753	     13.61388263	     -7.74437644	      3.62769900	     27.99946892	      0.48868292	      0.74378093	      0.00000000	      0.00000000	     15.13357431	     -2.89780689	     -0.06985982	     31.37991690	      0.54768287	      0.99711909	      0.00000000	      0.00000000	    -11.60613145	     -0.78220813	      1.68543075
      0.71000000	     -5.74286782	      1.18753387	     -1.62609143	     -0.17504136	      1.00159161	     -0.54849053	     13.54957621	     -7.75152836	      3.54902782	     28.28838417	      0.49372544	      1.72859125	      0.00000000	      0.00000000	     15.08881240	     -2.88283370	     -0.05512962	     31.67012270	      0.55274792	      1.90755650	      0.00000000	      0.00000000	    -11.72415014	     -0.79449667	      1.59529028
      0.71500000	     -5.65795351	      1.18300984	     -1.59483219	     -0.17512451	      0.99869386	     -0.54845138	     13.51815721	     -7.75304809	      3.42381162	     28.63554127	      0.49978448	      2.73104600	      0.00000000	      0.00000000	     15.07811663	     -2.88196142	     -0.02957608	     32.01324240	      0.55873648	      2.85198024	      0.00000000	      0.00000000	    -11.84267281	     -0.79121773	      1.50240536
      0.72000000	     -5.57618118	      1.16650059	     -1.55824914	     -0.17526481	      0.99566551	     -0.54841585	     13.51809552	     -7.74687604	      3.25961010	     29.04236300	      0.50688486	      3.75873709	      0.00000000	      0.00000000	     15.09126051	     -2.89674540	     -0.00072109	     32.40474963	      0.56556957	      3.83935317	      0.00000000	      0.00000000	    -11.96804286	     -0.77214842	      1.41091674
      0.72500000	     -5.49703634	      1.13965811	     -1.52127908	     -0.17545056	      0.99252505	     -0.54837716	     13.55240136	     -7.73244764	      3.06524190	     29.50911934	      0.51503129	      4.81389980	      0.00000000	      0.00000000	     15.12228961	     -2.92796348	      0.02379380	     32.83471913	      0.57307396	      4.87382879	      0.00000000	      0.00000000	    -12.10102053	     -0.74282925	      1.33319176
      0.73000000	     -5.41911710	      1.10405549	     -1.48935458	     -0.17568557	      0.98928486	     -0.54833399	     13.62521759	     -7.70855247	      2.85902880	     30.03830398	      0.52426731	      5.89542891	      0.00000000	      0.00000000	     15.16616145	     -2.97499970	      0.04154276	     33.29368052	      0.58108435	      5.95016517	      0.00000000	      0.00000000	    -12.24311050	     -0.70470838	      1.27010546
      0.73500000	     -5.33998904	      1.05790217	     -1.46908432	     -0.17596948	      0.98595947	     -0.54828625	     13.73697755	     -7.67037682	      2.65723065	     30.62756220	      0.53455180	      7.00094187	      0.00000000	      0.00000000	     15.21705978	     -3.04087848	      0.04606091	     33.77138098	      0.58942179	      7.06186839	      0.00000000	      0.00000000	    -12.39650236	     -0.65606122	      1.22581239
      0.74000000	     -5.26226996	      1.00025626	     -1.46176820	     -0.17630780	      0.98255986	     -0.54824007	     13.89215724	     -7.61640121	      2.47207271	     31.27457274	      0.54584427	      8.12178670	      0.00000000	      0.00000000	     15.27720337	     -3.12475026	      0.04232641	     34.25989303	      0.59794793	      8.19447923	      0.00000000	      0.00000000	    -12.55892683	     -0.59581400	      1.20119383
      0.74500000	     -5.18905473	      0.93071924	     -1.46323102	     -0.17670513	      0.97909379	     -0.54820350	     14.08933898	     -7.54609641	      2.30827120	     31.97094178	      0.55799820	      9.25120363	      0.00000000	      0.00000000	     15.35346131	     -3.22483146	      0.03725037	     34.75887616	      0.60665683	      9.33118899	      0.00000000	      0.00000000	    -12.72675597	     -0.52242089	      1.18826850
      0.75000000	     -5.11853736	      0.85057951	     -1.46997743	     -0.17716985	      0.97557591	     -0.54818275	     14.32171508	     -7.46133670	      2.16687409	     32.70898264	      0.57087944	     10.37869754	      0.00000000	      0.00000000	     15.44745091	     -3.33730546	      0.03621591	     35.27014657	      0.61558019	     10.46027372	      0.00000000	      0.00000000	    -12.90280083	     -0.43539877	      1.17817265
      0.75500000	     -5.05074698	      0.76112045	     -1.47728243	     -0.17769327	      0.97202808	     -0.54818099	     14.58150986	     -7.36579889	      2.03809315	     33.47643090	      0.58427394	     11.49431293	      0.00000000	      0.00000000	     15.56156772	     -3.45945490	      0.04036488	     35.79619858	      0.62476153	     11.57437527	      0.00000000	      0.00000000	    -13.08691774	     -0.33627140	      1.16845167
      0.76000000	     -4.98848207	      0.66565047	     -1.48018222	     -0.17827275	      0.96846800	     -0.54819837	     14.86550628	     -7.26465524	      1.91849609	     34.26680025	      0.59806849	     12.59421045	      0.00000000	      0.00000000	     15.70215205	     -3.58626954	      0.05332266	     36.34201950	      0.63428790	     12.66741527	      0.00000000	      0.00000000	    -13.27540969	     -0.22878943	      1.15340391
      0.76500000	     -4.92832639	      0.57006583	     -1.47567718	     -0.17889865	      0.96491782	     -0.54823067	     15.16375372	     -7.16575759	      1.80346259	     35.07287177	      0.61213709	     13.67386803	      0.00000000	      0.00000000	     15.86754023	     -3.71186493	      0.07170144	     36.91263091	      0.64424694	     13.73412215	      0.00000000	      0.00000000	    -13.47087380	     -0.11924474	      1.12624626
      0.77000000	     -4.86934561	      0.47775783	     -1.46618392	     -0.17955777	      0.96140257	     -0.54826928	     15.47196965	     -7.07234015	      1.69626787	     35.89119280	      0.62641949	     14.73082138	      0.00000000	      0.00000000	     16.05480162	     -3.83350910	      0.09017560	     37.50794140	      0.65463707	     14.77311207	      0.00000000	      0.00000000	    -13.67427716	     -0.01475668	      1.09657565
      0.77500000	     -4.80991462	      0.39350500	     -1.45024327	     -0.18022921	      0.95794932	     -0.54831232	     15.78298244	     -6.99075465	      1.59506188	     36.71452656	      0.64078937	     15.75768239	      0.00000000	      0.00000000	     16.26066581	     -3.94596754	      0.10708849	     38.12698727	      0.66544146	     15.77920297	      0.00000000	      0.00000000	    -13.88421047	      0.07929916	      1.05868339
      0.78000000	     -4.74772697	      0.32064283	     -1.42943317	     -0.18090438	      0.95457744	     -0.54835946	     16.09210171	     -6.92441895	      1.50541995	     37.54021687	      0.65520039	     16.75457477	      0.00000000	      0.00000000	     16.48155662	     -4.04484012	      0.12101601	     38.76905349	      0.67664763	     16.74261514	      0.00000000	      0.00000000	    -14.10130167	      0.15961988	      1.00981589
      0.78500000	     -4.67949358	      0.26224404	     -1.40595094	     -0.18156883	      0.95130509	     -0.54840714	     16.39368619	     -6.87620709	      1.42973221	     38.36339533	      0.66956756	     17.71580577	      0.00000000	      0.00000000	     16.71159811	     -4.12714825	      0.12779829	     39.43134527	      0.68820680	     17.66116927	      0.00000000	      0.00000000	    -14.32841875	      0.22301440	      0.95102671
      0.79000000	     -4.60487223	      0.21966831	     -1.38086765	     -0.18221016	      0.94814383	     -0.54845793	     16.68551830	     -6.84801080	      1.36985743	     39.18000066	      0.68382001	     18.64049707	      0.00000000	      0.00000000	     16.94974118	     -4.19134589	      0.12457371	     40.11357875	      0.70011402	     18.52805523	      0.00000000	      0.00000000	    -14.56355474	      0.26738791	      0.88576088
      0.79500000	     -4.52317194	      0.19738790	     -1.35354735	     -0.18281795	      0.94509887	     -0.54851098	     16.96625101	     -6.84579381	      1.32385873	     39.98834244	      0.69792824	     19.52446403	      0.00000000	      0.00000000	     17.19397002	     -4.23212429	      0.11149404	     40.81373220	      0.71233401	     19.34231262	      0.00000000	      0.00000000	    -14.80406206	      0.28920666	      0.80782271
      0.80000000	     -4.43446227	      0.19649065	     -1.32632668	     -0.18338920	      0.94216850	     -0.54856416	     17.23814376	     -6.87063962	      1.29541987	     40.78986516	      0.71191745	     20.37047575	      0.00000000	      0.00000000	     17.44243449	     -4.24881217	      0.08671095	     41.52976753	      0.72483118	     20.10201208	      0.00000000	      0.00000000	    -15.04903063	      0.28668046	      0.72338242
      0.80500000	     -4.33900486	      0.21732724	     -1.30002548	     -0.18391424	      0.93935043	     -0.54861073	     17.50000089	     -6.92175305	      1.28545884	     41.58128669	      0.72573036	     21.17339964	      0.00000000	      0.00000000	     17.69281085	     -4.24259552	      0.04932952	     42.25858647	      0.73755147	     20.81349343	      0.00000000	      0.00000000	    -15.29599980	      0.25847303	      0.63596946
      0.81000000	     -4.23615783	      0.25932706	     -1.27265235	     -0.18438762	      0.93664295	     -0.54865298	     17.74911775	     -6.99937617	      1.29172169	     42.35959658	      0.73931443	     21.93372820	      0.00000000	      0.00000000	     17.94227769	     -4.21363240	      0.00454854	     42.99721090	      0.75044290	     21.47196365	      0.00000000	      0.00000000	    -15.54328708	      0.20544337	      0.54585060
      0.81500000	     -4.12581792	      0.31905371	     -1.24478279	     -0.18480788	      0.93404191	     -0.54868582	     17.98319874	     -7.09796460	      1.31555409	     43.12088153	      0.75260136	     22.64713581	      0.00000000	      0.00000000	     18.18669841	     -4.16575182	     -0.04309467	     43.73912071	      0.76339167	     22.08749483	      0.00000000	      0.00000000	    -15.79066350	      0.13157985	      0.45587862
      0.82000000	     -4.00737126	      0.39011669	     -1.21648168	     -0.18517653	      0.93154529	     -0.54871185	     18.19857709	     -7.20877842	      1.35861611	     43.85986039	      0.76549897	     23.31426038	      0.00000000	      0.00000000	     18.42270560	     -4.10597965	     -0.08766994	     44.47945985	      0.77631302	     22.65632411	      0.00000000	      0.00000000	    -16.03846752	      0.04427371	      0.37066771
      0.82500000	     -3.88243067	      0.46581046	     -1.18701128	     -0.18549656	      0.92914685	     -0.54873044	     18.39409659	     -7.32254118	      1.42005789	     44.57267854	      0.77794000	     23.93242874	      0.00000000	      0.00000000	     18.64977275	     -4.04170181	     -0.12334691	     45.21337068	      0.78912218	     23.18439518	      0.00000000	      0.00000000	    -16.28441692	     -0.04851815	      0.29250892
      0.83000000	     -3.75124868	      0.54035088	     -1.15883377	     -0.18577556	      0.92684464	     -0.54874140	     18.57025508	     -7.43069489	      1.50267089	     45.25800099	      0.78990113	     24.49670365	      0.00000000	      0.00000000	     18.86448663	     -3.98006518	     -0.14882169	     45.93354616	      0.80169162	     23.67042431	      0.00000000	      0.00000000	    -16.52852055	     -0.14073799	      0.22661351
      0.83500000	     -3.61552057	      0.60686467	     -1.13650525	     -0.18602565	      0.92463617	     -0.54873921	     18.72985863	     -7.52169137	      1.61096308	     45.91615951	      0.80138816	     25.00761927	      0.00000000	      0.00000000	     19.06517229	     -3.93042764	     -0.16532759	     46.63369338	      0.81391149	     24.11598042	      0.00000000	      0.00000000	    -16.77017362	     -0.22569389	      0.18143185
      0.84000000	     -3.47918797	      0.66188390	     -1.11964461	     -0.18625721	      0.92251808	     -0.54872859	     18.87905295	     -7.59070336	      1.74377304	     46.55004760	      0.81245160	     25.46238801	      0.00000000	      0.00000000	     19.25367709	     -3.89653504	     -0.17081897	     47.30781189	      0.82567708	     24.51721279	      0.00000000	      0.00000000	    -17.00498419	     -0.29883442	      0.15719514
      0.84500000	     -3.34516328	      0.70049946	     -1.10863259	     -0.18647464	      0.92049270	     -0.54871111	     19.02126695	     -7.63160309	      1.89711392	     47.15721676	      0.82304870	     25.85963143	      0.00000000	      0.00000000	     19.42940208	     -3.88427866	     -0.16626863	     47.94920906	      0.83687157	     24.87919605	      0.00000000	      0.00000000	    -17.22971335	     -0.35483784	      0.15427660
      0.85000000	     -3.21438451	      0.71936171	     -1.10118543	     -0.18667961	      0.91857192	     -0.54869577	     19.15598542	     -7.64233741	      2.06291466	     47.73458325	      0.83312564	     26.20576490	      0.00000000	      0.00000000	     19.58935895	     -3.89614402	     -0.15061154	     48.54998203	      0.84735704	     25.20185789	      0.00000000	      0.00000000	    -17.44342222	     -0.38905087	      0.17047994
      0.85500000	     -3.08657362	      0.71279471	     -1.09269725	     -0.18687951	      0.91676555	     -0.54869401	     19.28142479	     -7.61946946	      2.22849187	     48.28413559	      0.84271714	     26.51099640	      0.00000000	      0.00000000	     19.73195907	     -3.93595729	     -0.11903092	     49.10694030	      0.85707779	     25.48713613	      0.00000000	      0.00000000	    -17.64923048	     -0.39391053	      0.20304172
      0.86000000	     -2.96677413	      0.67988612	     -1.07600059	     -0.18706368	      0.91508410	     -0.54871886	     19.39904989	     -7.56523455	      2.38126341	     48.80131274	      0.85174359	     26.77930854	      0.00000000	      0.00000000	     19.85932803	     -4.00155698	     -0.06748285	     49.61334442	      0.86591621	     25.74422290	      0.00000000	      0.00000000	    -17.84038606	     -0.36652099	      0.24224994
      0.86500000	     -2.85374217	      0.61941027	     -1.04974920	     -0.18722442	      0.91354762	     -0.54877381	     19.50380045	     -7.48065182	      2.51159108	     49.27909971	      0.86008254	     27.02046041	      0.00000000	      0.00000000	     19.96656416	     -4.09314050	      0.00223390	     50.06344566	      0.87377196	     25.97793452	      0.00000000	      0.00000000	    -18.01882574	     -0.30550089	      0.28513238
      0.87000000	     -2.74898741	      0.53326647	     -1.01372699	     -0.18736147	      0.91216911	     -0.54885806	     19.59577862	     -7.36899684	      2.61537830	     49.71907803	      0.86776161	     27.23941374	      0.00000000	      0.00000000	     20.05269123	     -4.20721974	      0.08850594	     50.45264171	      0.88056471	     26.19299980	      0.00000000	      0.00000000	    -18.18376337	     -0.21245985	      0.32904564
      0.87500000	     -2.65270250	      0.42516992	     -0.96909857	     -0.18747070	      0.91096114	     -0.54896706	     19.67292797	     -7.23359856	      2.69228053	     50.11785176	      0.87472153	     27.43196118	      0.00000000	      0.00000000	     20.11495804	     -4.33907783	      0.18698188	     50.77723040	      0.88622986	     26.39096897	      0.00000000	      0.00000000	    -18.33521938	     -0.09213634	      0.37322189
      0.88000000	     -2.57181116	      0.30346993	     -0.92054774	     -0.18753481	      0.90993376	     -0.54908843	     19.73937490	     -7.08267203	      2.74703322	     50.46541805	      0.88078770	     27.60075880	      0.00000000	      0.00000000	     20.15654848	     -4.48110145	      0.28584290	     51.03206311	      0.89067753	     26.58006587	      0.00000000	      0.00000000	    -18.46111679	      0.04573044	      0.41621023
      0.88500000	     -2.50447864	      0.17588884	     -0.87060117	     -0.18755294	      0.90909951	     -0.54921453	     19.79052308	     -6.92595164	      2.77959539	     50.75662003	      0.88587014	     27.74816486	      0.00000000	      0.00000000	     20.17312448	     -4.62386018	      0.38084812	     51.21402637	      0.89385338	     26.75805352	      0.00000000	      0.00000000	    -18.56294686	      0.19158611	      0.45798719
      0.89000000	     -2.45203212	      0.04784294	     -0.82017028	     -0.18752141	      0.90846442	     -0.54933755	     19.82436497	     -6.76928786	      2.79055723	     50.98561519	      0.88986686	     27.87543703	      0.00000000	      0.00000000	     20.16529324	     -4.76103727	      0.46654573	     51.32298916	      0.89575514	     26.92238440	      0.00000000	      0.00000000	    -18.63786806	      0.33870988	      0.49715710
      0.89500000	     -2.41560163	     -0.07475778	     -0.76643251	     -0.18742618	      0.90803442	     -0.54945622	     19.83620146	     -6.62124582	      2.77707855	     51.14390485	      0.89262953	     27.98304108	      0.00000000	      0.00000000	     20.13386812	     -4.88482991	      0.54016924	     51.35829568	      0.89637136	     27.07558645	      0.00000000	      0.00000000	    -18.68201611	      0.48052018	      0.53105486
      0.90000000	     -2.39872524	     -0.18728731	     -0.70887737	     -0.18726303	      0.90780933	     -0.54956595	     19.82749948	     -6.48859861	      2.73812524	     51.22655501	      0.89407205	     28.07444977	      0.00000000	      0.00000000	     20.08403250	     -4.98983547	      0.59892166	     51.32196791	      0.89573732	     27.21729133	      0.00000000	      0.00000000	    -18.68973673	      0.61169221	      0.55521832
      0.90500000	     -2.40123338	     -0.28665149	     -0.64604580	     -0.18703698	      0.90778701	     -0.54965902	     19.79650792	     -6.37330470	      2.67548367	     51.22951779	      0.89412376	     28.14048750	      0.00000000	      0.00000000	     20.01846568	     -5.07267950	      0.64391230	     51.21784018	      0.89391995	     27.33563973	      0.00000000	      0.00000000	    -18.66132543	      0.72768241	      0.56715717
      0.91000000	     -2.42502243	     -0.37218919	     -0.57863821	     -0.18674759	      0.90796467	     -0.54973073	     19.74554191	     -6.27494404	      2.59329241	     51.15179880	      0.89276731	     28.17421950	      0.00000000	      0.00000000	     19.94196475	     -5.13398136	      0.67244961	     51.05006728	      0.89099176	     27.42840567	      0.00000000	      0.00000000	    -18.59432414	      0.82738787	      0.56787185
      0.91500000	     -2.47226867	     -0.44211678	     -0.50751513	     -0.18640147	      0.90833962	     -0.54977637	     19.67891718	     -6.19449564	      2.49767541	     50.99509542	      0.89003232	     28.16275410	      0.00000000	      0.00000000	     19.86007755	     -5.17247889	      0.68583873	     50.82296745	      0.88702812	     27.49451075	      0.00000000	      0.00000000	    -18.48676699	      0.90816875	      0.55942878
      0.92000000	     -2.54127893	     -0.49619744	     -0.44066669	     -0.18601322	      0.90891332	     -0.54978472	     19.59977002	     -6.12751466	      2.40184588	     50.75930165	      0.88591694	     28.10013160	      0.00000000	      0.00000000	     19.77339513	     -5.19144680	      0.68103451	     50.54153421	      0.88211618	     27.52168131	      0.00000000	      0.00000000	    -18.34239597	      0.96780967	      0.54984222
      0.92500000	     -2.62931699	     -0.53614357	     -0.37919091	     -0.18559026	      0.90969326	     -0.54975799	     19.50742439	     -6.07079771	      2.31079894	     50.44758279	      0.88047642	     27.97853086	      0.00000000	      0.00000000	     19.68123759	     -5.19290821	      0.66385434	     50.20814438	      0.87629743	     27.50151820	      0.00000000	      0.00000000	    -18.16607119	      1.00859409	      0.54428507
      0.93000000	     -2.73251211	     -0.56664400	     -0.32197075	     -0.18513470	      0.91069049	     -0.54970831	     19.39888718	     -6.02071930	      2.22415761	     50.06355348	      0.87377384	     27.79742902	      0.00000000	      0.00000000	     19.58158034	     -5.18016663	      0.64411194	     49.82546784	      0.86961847	     27.43008757	      0.00000000	      0.00000000	    -17.96380136	      1.03741071	      0.54557182
      0.93500000	     -2.84655060	     -0.59218470	     -0.26923102	     -0.18464787	      0.91191476	     -0.54963952	     19.27088026	     -5.97217968	      2.14392684	     49.60892105	      0.86583901	     27.55027334	      0.00000000	      0.00000000	     19.47212435	     -5.15813771	      0.63051369	     49.39687201	      0.86213806	     27.29927747	      0.00000000	      0.00000000	    -17.74117222	      1.05890869	      0.55657077
      0.94000000	     -2.96734782	     -0.61484797	     -0.22068470	     -0.18412481	      0.91337609	     -0.54956260	     19.12028745	     -5.92407889	      2.07002472	     49.08648658	      0.85672081	     27.23906015	      0.00000000	      0.00000000	     19.34910795	     -5.12841797	      0.63104826	     48.92327853	      0.85387229	     27.09512512	      0.00000000	      0.00000000	    -17.50346600	      1.07679298	      0.57603498
      0.94500000	     -3.09076351	     -0.63531313	     -0.17389217	     -0.18356060	      0.91508177	     -0.54948812	     18.94550045	     -5.87859206	      1.99879821	     48.50505252	      0.84657287	     26.85831487	      0.00000000	      0.00000000	     19.20911467	     -5.09076255	      0.65241206	     48.40555642	      0.84483634	     26.81546583	      0.00000000	      0.00000000	    -17.25559080	      1.09288152	      0.60121281
      0.95000000	     -3.21227109	     -0.65471615	     -0.12985049	     -0.18295365	      0.91703356	     -0.54941750	     18.74489820	     -5.83515118	      1.93212190	     47.87059706	      0.83549953	     26.39903349	      0.00000000	      0.00000000	     19.04951750	     -5.04772902	      0.69620577	     47.84915288	      0.83512526	     26.45619840	      0.00000000	      0.00000000	    -17.00349351	      1.10791101	      0.63300784
      0.95500000	     -3.32660499	     -0.66989140	     -0.09364144	     -0.18230660	      0.91923038	     -0.54934889	     18.52032337	     -5.79798888	      1.87399770	     47.19474375	      0.82370367	     25.85523004	      0.00000000	      0.00000000	     18.86581323	     -4.99942030	      0.75453518	     47.25702375	      0.82479066	     26.01509486	      0.00000000	      0.00000000	    -16.75400683	      1.11672581	      0.67453897
      0.96000000	     -3.43060034	     -0.67804573	     -0.06798028	     -0.18161931	      0.92167042	     -0.54928704	     18.27340821	     -5.77142980	      1.82501189	     46.48669404	      0.81134587	     25.22877280	      0.00000000	      0.00000000	     18.65574101	     -4.94449678	      0.82182128	     46.63276641	      0.81389531	     25.48775303	      0.00000000	      0.00000000	    -16.51176292	      1.11724077	      0.72628045
      0.96500000	     -3.52320740	     -0.67988532	     -0.05483701	     -0.18089377	      0.92434463	     -0.54922953	     18.00736923	     -5.75467913	      1.78637479	     45.75414483	      0.79856047	     24.51762610	      0.00000000	      0.00000000	     18.42086834	     -4.88627885	      0.89086271	     45.98183433	      0.80253441	     24.88061194	      0.00000000	      0.00000000	    -16.27855718	      1.11082359	      0.79067923
      0.97000000	     -3.60275287	     -0.67884284	     -0.05517947	     -0.18013500	      0.92724340	     -0.54917513	     17.72261148	     -5.74394727	      1.75811114	     45.00065244	      0.78540955	     23.72374639	      0.00000000	      0.00000000	     18.16416472	     -4.83174893	      0.95497753	     45.31248755	      0.79085210	     24.18979160	      0.00000000	      0.00000000	    -16.05796650	      1.10067835	      0.86930256
      0.97500000	     -3.66796243	     -0.67450056	     -0.06846513	     -0.17934311	      0.93035509	     -0.54912772	     17.42117729	     -5.74165881	      1.73517786	     44.23134049	      0.77198252	     22.86073611	      0.00000000	      0.00000000	     17.88639723	     -4.78197787	      1.00643139	     44.62779065	      0.77890188	     23.41611379	      0.00000000	      0.00000000	    -15.85178623	      1.08732542	      0.95854815
      0.98000000	     -3.72093790	     -0.66815547	     -0.09280375	     -0.17852344	      0.93365945	     -0.54908564	     17.10686888	     -5.74571350	      1.71641740	     43.44901960	      0.75832845	     21.93680430	      0.00000000	      0.00000000	     17.59408873	     -4.74024984	      1.04011283	     43.93473350	      0.76680576	     22.56324470	      0.00000000	      0.00000000	    -15.65852396	      1.07346925	      1.05271610
      0.98500000	     -3.76667576	     -0.65970109	     -0.12691282	     -0.17768697	      0.93713187	     -0.54904289	     16.78879618	     -5.75585659	      1.70116523	     42.66049237	      0.74456605	     20.95837814	      0.00000000	      0.00000000	     17.29754627	     -4.70832435	      1.05051753	     43.23965499	      0.75467435	     21.63515357	      0.00000000	      0.00000000	    -15.47488537	      1.05741470	      1.15298142
      0.99000000	     -3.80235668	     -0.64849807	     -0.16838130	     -0.17684884	      0.94075194	     -0.54899947	     16.46903204	     -5.77447057	      1.68381398	     41.87336342	      0.73082806	     19.92906780	      0.00000000	      0.00000000	     16.99841383	     -4.68676170	      1.03318860	     42.54882761	      0.74261713	     20.63369272	      0.00000000	      0.00000000	    -15.30648803	      1.03751648	      1.25580234
      0.99500000	     -3.83238576	     -0.63280703	     -0.21498775	     -0.17601820	      0.94449229	     -0.54895497	     16.15551547	     -5.80360421	      1.66265463	     41.09362784	      0.71721911	     18.85230064	      0.00000000	      0.00000000	     16.70378329	     -4.67318755	      0.98626943	     41.86498412	      0.73068181	     19.56944157	      0.00000000	      0.00000000	    -15.14811646	      1.01252982	      1.35635951
      1.00000000	     -3.86224332	     -0.61330501	     -0.26535442	     -0.17520693	      0.94832650	     -0.54890556	     15.85551725	     -5.84124584	      1.63740249	     40.32487555	      0.70380185	     17.73161168	      0.00000000	      0.00000000	     16.42320422	     -4.66903031	      0.90806827	     41.19307776	      0.71895484	     18.44819522	      0.00000000	      0.00000000	    -14.99468567	      0.98256855	      1.45505174
      1.00500000	     -3.89506405	     -0.59031229	     -0.31585762	     -0.17442167	      0.95223495	     -0.54885303	     15.57196472	     -5.88775725	      1.60431965	     39.56793655	      0.69059077	     16.57243515	      0.00000000	      0.00000000	     16.16122739	     -4.67311964	      0.80209155	     40.53334944	      0.70744040	     17.27122427	      0.00000000	      0.00000000	    -14.84422511	      0.94760513	      1.55102170
      1.01000000	     -3.92923013	     -0.56622458	     -0.36435997	     -0.17366975	      0.95619565	     -0.54879982	     15.30308418	     -5.94027008	      1.56101309	     38.82403842	      0.67760730	     15.37579738	      0.00000000	      0.00000000	     15.91692979	     -4.68732737	      0.66893083	     39.88734655	      0.69616553	     16.05247199	      0.00000000	      0.00000000	    -14.69663808	      0.91271513	      1.63379479
      1.01500000	     -3.97210378	     -0.54107482	     -0.40883651	     -0.17295345	      0.96018474	     -0.54874689	     15.05398252	     -5.99693844	      1.50817921	     38.09004982	      0.66479678	     14.15172451	      0.00000000	      0.00000000	     15.69788808	     -4.70982582	      0.51291281	     39.25403123	      0.68511209	     14.79643280	      0.00000000	      0.00000000	    -14.54380278	      0.87855567	      1.70069232
      1.02000000	     -4.02376948	     -0.51452957	     -0.44875935	     -0.17227752	      0.96418303	     -0.54869618	     14.82575322	     -6.05817629	      1.44494115	     37.36835507	      0.65220083	     12.91468090	      0.00000000	      0.00000000	     15.50375082	     -4.73896430	      0.33581954	     38.63316015	      0.67427585	     13.51523019	      0.00000000	      0.00000000	    -14.38669842	      0.84499702	      1.74979627
      1.02500000	     -4.08503997	     -0.48512382	     -0.48143680	     -0.17164834	      0.96816784	     -0.54864913	     14.62084172	     -6.12592284	      1.36987412	     36.66195390	      0.63987181	     11.67074313	      0.00000000	      0.00000000	     15.33504086	     -4.77059192	      0.14452420	     38.02414722	      0.66364656	     12.21823546	      0.00000000	      0.00000000	    -14.22496244	      0.81109354	      1.77600857
      1.03000000	     -4.15750924	     -0.45161091	     -0.50833348	     -0.17107206	      0.97211356	     -0.54860465	     14.44311235	     -6.20001617	      1.28655798	     35.97481186	      0.62787891	     10.43454504	      0.00000000	      0.00000000	     15.19423753	     -4.80248745	     -0.06018915	     37.43011293	      0.65327871	     10.91981304	      0.00000000	      0.00000000	    -14.05713849	      0.77594146	      1.77922811
      1.03500000	     -4.24476440	     -0.41162799	     -0.52784736	     -0.17054768	      0.97599980	     -0.54856645	     14.29633500	     -6.28291589	      1.19570288	     35.30711421	      0.61622539	      9.21941996	      0.00000000	      0.00000000	     15.08448616	     -4.82867264	     -0.26983456	     36.85044445	      0.64316159	      9.62984163	      0.00000000	      0.00000000	    -13.88263902	      0.73559884	      1.76725699
      1.04000000	     -4.34818201	     -0.36235276	     -0.54195367	     -0.17007970	      0.97980213	     -0.54853243	     14.18316303	     -6.37590461	      1.10720450	     34.66271583	      0.60497852	      8.04120461	      0.00000000	      0.00000000	     15.00747340	     -4.84475372	     -0.48158358	     36.28742241	      0.63333500	      8.36367662	      0.00000000	      0.00000000	    -13.70077136	      0.68591577	      1.74519794
      1.04500000	     -4.46952420	     -0.30338651	     -0.54983518	     -0.16967064	      0.98349581	     -0.54850189	     14.10462595	     -6.47751722	      1.02481883	     34.04209506	      0.59414664	      6.90700597	      0.00000000	      0.00000000	     14.96610983	     -4.84850575	     -0.68964197	     35.74427587	      0.62385530	      7.12964269	      0.00000000	      0.00000000	    -13.51105289	      0.62615509	      1.71453306
      1.05000000	     -4.60802244	     -0.23215742	     -0.55237041	     -0.16931935	      0.98705867	     -0.54847479	     14.05894074	     -6.58851314	      0.95482436	     33.44374738	      0.58370351	      5.83370242	      0.00000000	      0.00000000	     14.95897205	     -4.83501748	     -0.88931206	     35.22222006	      0.61474371	      5.94237981	      0.00000000	      0.00000000	    -13.31479478	      0.55311229	      1.67882327
      1.05500000	     -4.76346243	     -0.14737270	     -0.54980149	     -0.16902590	      0.99046837	     -0.54844844	     14.04611991	     -6.70913925	      0.89982130	     32.86831158	      0.57366026	      4.83156948	      0.00000000	      0.00000000	     14.98492266	     -4.80146347	     -1.07552746	     34.72043958	      0.60598599	      4.81175786	      0.00000000	      0.00000000	    -13.11278398	      0.46433062	      1.64078554
      1.06000000	     -4.93359108	     -0.04973616	     -0.54524481	     -0.16879605	      0.99370217	     -0.54841562	     14.06425987	     -6.83567296	      0.86792483	     32.31785583	      0.56405299	      3.91204513	      0.00000000	      0.00000000	     15.04180778	     -4.74920211	     -1.24773094	     34.24217668	      0.59763873	      3.74497950	      0.00000000	      0.00000000	    -12.90595449	      0.36178963	      1.59495332
      1.06500000	     -5.11502447	      0.05826599	     -0.53863513	     -0.16862994	      0.99674328	     -0.54837718	     14.11028810	     -6.96579850	      0.85676414	     31.79515489	      0.55493014	      3.09289301	      0.00000000	      0.00000000	     15.12536205	     -4.67986228	     -1.40190940	     33.78857360	      0.58972186	      2.75768497	      0.00000000	      0.00000000	    -12.69779333	      0.24918162	      1.54017987
      1.07000000	     -5.30486611	      0.17663828	     -0.53185163	     -0.16852324	      0.99957767	     -0.54833299	     14.18054160	     -7.09952225	      0.86873036	     31.30107771	      0.54630687	      2.39709835	      0.00000000	      0.00000000	     15.22956070	     -4.59239545	     -1.53501693	     33.35678222	      0.58218568	      1.85872475	      0.00000000	      0.00000000	    -12.49080934	      0.12636301	      1.47813418
      1.07500000	     -5.50100584	      0.30019601	     -0.52309100	     -0.16847040	      1.00219653	     -0.54829160	     14.26943496	     -7.23270924	      0.90021590	     30.83700743	      0.53820731	      1.84353836	      0.00000000	      0.00000000	     15.35100585	     -4.49105445	     -1.64197511	     32.94663578	      0.57502727	      1.06184010	      0.00000000	      0.00000000	    -12.28704984	      0.00025040	      1.40896638
      1.08000000	     -5.69893690	      0.42566495	     -0.51339186	     -0.16846564	      1.00459518	     -0.54825968	     14.36972490	     -7.36323386	      0.95116865	     30.40276316	      0.53062832	      1.45269614	      0.00000000	      0.00000000	     15.48288528	     -4.37777451	     -1.71987457	     32.55848709	      0.56825280	      0.38698395	      0.00000000	      0.00000000	    -12.09169805	     -0.12461726	      1.33452727
      1.08500000	     -5.89527292	      0.55084671	     -0.49878284	     -0.16849478	      1.00677022	     -0.54825080	     14.47566559	     -7.49293724	      1.00955758	     29.99908772	      0.52358285	      1.24277357	      0.00000000	      0.00000000	     15.61978472	     -4.25257338	     -1.76313349	     32.19175537	      0.56185212	     -0.14209473	      0.00000000	      0.00000000	    -11.90792036	     -0.24560422	      1.25856501
      1.09000000	     -6.08467721	      0.67258279	     -0.47846649	     -0.16854596	      1.00872479	     -0.54827259	     14.57764613	     -7.61933346	      1.07186841	     29.61934274	      0.51695505	      1.20320093	      0.00000000	      0.00000000	     15.75314332	     -4.11750410	     -1.76831896	     31.84380195	      0.55577919	     -0.50941392	      0.00000000	      0.00000000	    -11.74144488	     -0.35855316	      1.18323124
      1.09500000	     -6.26569463	      0.78662904	     -0.45300556	     -0.16861273	      1.01045828	     -0.54832835	     14.67341342	     -7.73835036	      1.13552911	     29.26295699	      0.51073495	      1.30548873	      0.00000000	      0.00000000	     15.88139507	     -3.97756702	     -1.73620825	     31.51717475	      0.55007847	     -0.69007279	      0.00000000	      0.00000000	    -11.59358177	     -0.45803283	      1.11128153
      1.10000000	     -6.43445501	      0.89318005	     -0.42528879	     -0.16868983	      1.01197297	     -0.54841551	     14.76197712	     -7.85017036	      1.20102265	     28.93227946	      0.50496354	      1.50974399	      0.00000000	      0.00000000	     15.99944796	     -3.83371447	     -1.67145386	     31.21177906	      0.54474831	     -0.68228007	      0.00000000	      0.00000000	    -11.46804997	     -0.54463022	      1.04524729
      1.10500000	     -6.58871060	      0.99059212	     -0.39878635	     -0.16877414	      1.01327220	     -0.54852749	     14.84236274	     -7.95154255	      1.27195240	     28.62837108	      0.49965933	      1.76896075	      0.00000000	      0.00000000	     16.10476752	     -3.68993301	     -1.58045724	     30.92775874	      0.53979122	     -0.50949973	      0.00000000	      0.00000000	    -11.36687286	     -0.61736013	      0.98976784
      1.11000000	     -6.73027346	      1.07724094	     -0.37814524	     -0.16886813	      1.01435332	     -0.54865702	     14.91890574	     -8.03809319	      1.35741830	     28.35187543	      0.49483358	      2.02058372	      0.00000000	      0.00000000	     16.20090698	     -3.55031314	     -1.47146173	     30.66586688	      0.53522035	     -0.21214227	      0.00000000	      0.00000000	    -11.28799522	     -0.67522379	      0.94773202
      1.11500000	     -6.85779587	      1.15368796	     -0.36910112	     -0.16897541	      1.01521518	     -0.54879026	     14.99477663	     -8.10773877	      1.46578552	     28.10993306	      0.49061088	      2.22440063	      0.00000000	      0.00000000	     16.28983992	     -3.41865966	     -1.35898743	     30.42985931	      0.53110124	      0.14698418	      0.00000000	      0.00000000	    -11.23258446	     -0.72097851	      0.92453000
      1.12000000	     -6.97418688	      1.22180773	     -0.37434311	     -0.16910293	      1.01585301	     -0.54891816	     15.07647260	     -8.16071072	      1.60320915	     27.90629315	      0.48705670	      2.34637226	      0.00000000	      0.00000000	     16.37832263	     -3.29479010	     -1.25012658	     30.22291503	      0.52748938	      0.49788969	      0.00000000	      0.00000000	    -11.19750083	     -0.75789708	      0.92135232
      1.12500000	     -7.07895505	      1.28052333	     -0.39552258	     -0.16925404	      1.01626844	     -0.54903475	     15.16207962	     -8.19397603	      1.77397164	     27.73738653	      0.48410872	      2.35764364	      0.00000000	      0.00000000	     16.46860020	     -3.18221624	     -1.15220319	     30.04661554	      0.52441237	      0.78549782	      0.00000000	      0.00000000	    -11.18352836	     -0.78601061	      0.94068147
      1.13000000	     -7.17382921	      1.33272667	     -0.43248028	     -0.16943074	      1.01645603	     -0.54913515	     15.25482359	     -8.20962021	      1.97826666	     27.60391837	      0.48177926	      2.23604976	      0.00000000	      0.00000000	     16.56410407	     -3.07937196	     -1.06892571	     29.90147771	      0.52187924	      0.98229053	      0.00000000	      0.00000000	    -11.18801323	     -0.80906371	      0.97964071
      1.13500000	     -7.25779311	      1.38075652	     -0.48447975	     -0.16963328	      1.01641962	     -0.54921636	     15.35384026	     -8.21001414	      2.21312614	     27.50718177	      0.48009089	      1.98009337	      0.00000000	      0.00000000	     16.66345636	     -2.98512611	     -1.00388967	     29.78674497	      0.51987677	      1.07454355	      0.00000000	      0.00000000	    -11.21175702	     -0.83010946	      1.03572803
      1.14000000	     -7.33136058	      1.42691962	     -0.54806383	     -0.16985952	      1.01616134	     -0.54928109	     15.45719180	     -8.19847021	      2.47409814	     27.44417703	      0.47899125	      1.59340780	      0.00000000	      0.00000000	     16.76549432	     -2.89604440	     -0.95313638	     29.69905158	      0.51834623	      1.06411732	      0.00000000	      0.00000000	    -11.25389814	     -0.85199965	      1.10556895
      1.14500000	     -7.39252127	      1.47251369	     -0.61995357	     -0.17010584	      1.01568568	     -0.54932985	     15.56114811	     -8.17695519	      2.75487687	     27.41534540	      0.47848804	      1.10204310	      0.00000000	      0.00000000	     16.86584554	     -2.81061726	     -0.91493927	     29.63364828	      0.51720473	      0.95986459	      0.00000000	      0.00000000	    -11.31576764	     -0.87653890	      1.18537776
      1.15000000	     -7.44426688	      1.52128120	     -0.69544780	     -0.17036849	      1.01498543	     -0.54936510	     15.67020643	     -8.15130054	      3.04624818	     27.42787882	      0.47870679	      0.55776959	      0.00000000	      0.00000000	     16.96692147	     -2.72313065	     -0.88353447	     29.58933246	      0.51643127	      0.76891728	      0.00000000	      0.00000000	    -11.39255516	     -0.90786000	      1.26840648
      1.15500000	     -7.48621642	      1.57336722	     -0.76695980	     -0.17064580	      1.01406187	     -0.54939408	     15.78286189	     -8.12572502	      3.33352793	     27.48899281	      0.47977343	      0.04243252	      0.00000000	      0.00000000	     17.06883178	     -2.63013998	     -0.84856741	     29.56739130	      0.51604833	      0.50765108	      0.00000000	      0.00000000	    -11.48431903	     -0.94622724	      1.34833465
      1.16000000	     -7.51749045	      1.62927801	     -0.82847456	     -0.17092992	      1.01291131	     -0.54942775	     15.89609611	     -8.10520095	      3.60321744	     27.60229090	      0.48175086	     -0.36223327	      0.00000000	      0.00000000	     17.17018779	     -2.52863335	     -0.80133272	     29.57150916	      0.51612020	      0.23086837	      0.00000000	      0.00000000	    -11.59007575	     -0.99144529	      1.42000869
      1.16500000	     -7.53419470	      1.68585430	     -0.87576036	     -0.17121188	      1.01153646	     -0.54947360	     16.00368524	     -8.09050010	      3.84033579	     27.77082544	      0.48469234	     -0.57241056	      0.00000000	      0.00000000	     17.26559943	     -2.42184651	     -0.73863112	     29.60715817	      0.51674239	      0.00752172	      0.00000000	      0.00000000	    -11.71197978	     -1.03733051	      1.47285925
      1.17000000	     -7.53293269	      1.74049727	     -0.90417394	     -0.17147971	      1.00994298	     -0.54953943	     16.09944762	     -8.08430686	      4.02468110	     27.99365041	      0.48858137	     -0.53653320	      0.00000000	      0.00000000	     17.35018063	     -2.31239026	     -0.65857113	     29.68436660	      0.51808993	     -0.09934715	      0.00000000	      0.00000000	    -11.85020651	     -1.08168323	      1.51238393
      1.17500000	     -7.50590551	      1.78850290	     -0.91196083	     -0.17173179	      1.00814512	     -0.54963027	     16.17025071	     -8.08444075	      4.14878471	     28.26254979	      0.49327455	     -0.23896722	      0.00000000	      0.00000000	     17.41601465	     -2.20678487	     -0.56565810	     29.81792358	      0.52042094	     -0.01976449	      0.00000000	      0.00000000	    -12.01386275	     -1.11981126	      1.53897350
      1.18000000	     -7.45270396	      1.82631897	     -0.90142859	     -0.17196759	      1.00615940	     -0.54974192	     16.21117090	     -8.08703540	      4.21842521	     28.56429193	      0.49854094	      0.28763251	      0.00000000	      0.00000000	     17.46157858	     -2.11203761	     -0.46584010	     30.01813596	      0.52391531	      0.27494098	      0.00000000	      0.00000000	    -12.20387714	     -1.14747402	      1.55562317
      1.18500000	     -7.37705551	      1.85049110	     -0.87638987	     -0.17219601	      1.00399942	     -0.54985944	     16.22342158	     -8.08501414	      4.24539001	     28.88959791	      0.50421860	      0.99300120	      0.00000000	      0.00000000	     17.49296763	     -2.03595667	     -0.36899406	     30.29562960	      0.52875849	      0.75297655	      0.00000000	      0.00000000	    -12.41869813	     -1.16170780	      1.56408539
      1.19000000	     -7.28493464	      1.86376554	     -0.83804866	     -0.17242746	      1.00167824	     -0.54997484	     16.21473524	     -8.08075253	      4.23514301	     29.23455679	      0.51023927	      1.81864642	      0.00000000	      0.00000000	     17.51876261	     -1.97640726	     -0.27798767	     30.65355014	      0.53500538	      1.36972729	      0.00000000	      0.00000000	    -12.65442398	     -1.16922334	      1.57627293
      1.19500000	     -7.18106010	      1.86843745	     -0.79021876	     -0.17267662	      0.99920639	     -0.55007907	     16.19044496	     -8.07367991	      4.20499241	     29.59519023	      0.51653351	      2.72625222	      0.00000000	      0.00000000	     17.54611068	     -1.93195325	     -0.19688498	     31.08678611	      0.54256677	      2.09499017	      0.00000000	      0.00000000	    -12.91138702	     -1.17031756	      1.57534409
      1.20000000	     -7.07602619	      1.86649743	     -0.73643101	     -0.17293936	      0.99659004	     -0.55016719	     16.16358003	     -8.06460797	      4.16133333	     29.97089879	      0.52309086	      3.69732355	      0.00000000	      0.00000000	     17.58366841	     -1.90120957	     -0.12596648	     31.57603786	      0.55110583	      2.89357531	      0.00000000	      0.00000000	    -13.17642392	     -1.16510606	      1.55970618
      1.20500000	     -6.96870699	      1.85751879	     -0.67682087	     -0.17322159	      0.99382869	     -0.55024088	     16.13686988	     -8.05385393	      4.09519224	     30.36638259	      0.52999336	      4.72842657	      0.00000000	      0.00000000	     17.63170589	     -1.88466754	     -0.06730601	     32.10565795	      0.56034944	      3.75160554	      0.00000000	      0.00000000	    -13.44964408	     -1.15187824	      1.52759900
      1.21000000	     -6.85770700	      1.84374831	     -0.61193104	     -0.17351710	      0.99092450	     -0.55031053	     16.11438394	     -8.04716351	      3.99310807	     30.78608773	      0.53731859	      5.81804907	      0.00000000	      0.00000000	     17.68654854	     -1.87806121	     -0.02105602	     32.65405095	      0.56992070	      4.68000619	      0.00000000	      0.00000000	    -13.72992948	     -1.13303829	      1.48392460
      1.21500000	     -6.74557698	      1.82238707	     -0.54121278	     -0.17383068	      0.98787055	     -0.55038787	     16.10179595	     -8.04237566	      3.85207085	     31.23254035	      0.54511066	      6.96183389	      0.00000000	      0.00000000	     17.75162064	     -1.88239365	      0.01544266	     33.20814961	      0.57959155	      5.67597850	      0.00000000	      0.00000000	    -14.01313601	     -1.10245504	      1.42418065
      1.22000000	     -6.63513092	      1.79196330	     -0.46522692	     -0.17416757	      0.98466691	     -0.55048052	     16.10653875	     -8.03903808	      3.66885965	     31.70786378	      0.55340662	      8.14727298	      0.00000000	      0.00000000	     17.83108769	     -1.89827971	      0.04421994	     33.76181725	      0.58925487	      6.71729099	      0.00000000	      0.00000000	    -14.29443488	     -1.05849128	      1.35875280
      1.22500000	     -6.52998074	      1.75462314	     -0.38795854	     -0.17454891	      0.98131057	     -0.55058526	     16.14030951	     -8.03710864	      3.45293898	     32.21924942	      0.56233198	      9.34818093	      0.00000000	      0.00000000	     17.93408447	     -1.92428668	      0.06073191	     34.32389894	      0.59906505	      7.78727250	      0.00000000	      0.00000000	    -14.57146736	     -1.00571374	      1.29793715
      1.23000000	     -6.43573621	      1.71008941	     -0.30996693	     -0.17497701	      0.97781713	     -0.55070140	     16.20951548	     -8.03401709	      3.21498646	     32.76371444	      0.57183469	     10.54283150	      0.00000000	      0.00000000	     18.06906339	     -1.96065185	      0.06366642	     34.90356878	      0.60918220	      8.86873066	      0.00000000	      0.00000000	    -14.83836749	     -0.94604086	      1.24302570
      1.23500000	     -6.35787259	      1.65820237	     -0.23744528	     -0.17546296	      0.97420632	     -0.55081217	     16.32135060	     -8.02341118	      2.97738019	     33.33951807	      0.58188436	     11.71568269	      0.00000000	      0.00000000	     18.24411832	     -2.01107700	      0.04926038	     35.51263278	      0.61981237	      9.94144899	      0.00000000	      0.00000000	    -15.08937812	     -0.88116325	      1.19663877
      1.24000000	     -6.29422369	      1.60052305	     -0.17208927	     -0.17600728	      0.97051294	     -0.55090551	     16.47154953	     -8.00370240	      2.75224064	     33.94147541	      0.59239050	     12.85519728	      0.00000000	      0.00000000	     18.45643241	     -2.07581381	      0.01882215	     36.15766267	      0.63107026	     11.00353455	      0.00000000	      0.00000000	    -15.32733830	     -0.81440645	      1.15835077
      1.24500000	     -6.24135760	      1.53591430	     -0.11565546	     -0.17660333	      0.96677588	     -0.55097343	     16.65458567	     -7.97095390	      2.54652878	     34.56561829	      0.60328385	     13.95116433	      0.00000000	      0.00000000	     18.70140104	     -2.15725906	     -0.02527997	     36.84211550	      0.64301622	     12.05433107	      0.00000000	      0.00000000	    -15.55559763	     -0.74607123	      1.12907598
      1.25000000	     -6.19485374	      1.46399182	     -0.07008864	     -0.17723504	      0.96303688	     -0.55101381	     16.86405517	     -7.92417245	      2.36270598	     35.20996742	      0.61452986	     15.00527040	      0.00000000	      0.00000000	     18.96915221	     -2.25563878	     -0.07838907	     37.55828807	      0.65551579	     13.09541797	      0.00000000	      0.00000000	    -15.77836375	     -0.67572914	      1.10467723
      1.25500000	     -6.14915174	      1.38373232	     -0.03558333	     -0.17789294	      0.95933497	     -0.55103311	     17.09356269	     -7.86313854	      2.20126127	     35.87493078	      0.62613566	     16.02180124	      0.00000000	      0.00000000	     19.25080390	     -2.37004524	     -0.13161744	     38.29844789	      0.66843401	     14.11626139	      0.00000000	      0.00000000	    -16.00212504	     -0.59939981	      1.08137638
      1.26000000	     -6.10268670	      1.29774498	     -0.01331959	     -0.17856889	      0.95570028	     -0.55103984	     17.34436137	     -7.79141519	      2.06441568	     36.56633062	      0.63820286	     17.00074299	      0.00000000	      0.00000000	     19.54297491	     -2.49489986	     -0.17896494	     39.05594583	      0.68165485	     15.11279610	      0.00000000	      0.00000000	    -16.22985573	     -0.51824947	      1.05947327
      1.26500000	     -6.05465881	      1.20373933	      0.00069914	     -0.17925221	      0.95216139	     -0.55104905	     17.61661941	     -7.70838742	      1.94608259	     37.28758628	      0.65079115	     17.94175457	      0.00000000	      0.00000000	     19.84524445	     -2.62745919	     -0.20867242	     39.82620218	      0.69509836	     16.06830016	      0.00000000	      0.00000000	    -16.46055310	     -0.42743003	      1.03606994
      1.27000000	     -6.00658830	      1.10570529	      0.00469740	     -0.17993575	      0.94874125	     -0.55106517	     17.91503029	     -7.61714954	      1.85314033	     38.04424322	      0.66399731	     18.84410085	      0.00000000	      0.00000000	     20.15844180	     -2.76124885	     -0.21910637	     40.60497809	      0.70869056	     16.97262460	      0.00000000	      0.00000000	    -16.69187714	     -0.33080082	      1.00786486
      1.27500000	     -5.95872566	      1.00422246	     -0.00186817	     -0.18061003	      0.94546119	     -0.55108691	     18.23906609	     -7.51524173	      1.79382047	     38.83396697	      0.67778059	     19.69404897	      0.00000000	      0.00000000	     20.48382873	     -2.89516006	     -0.21026482	     41.39250083	      0.72243543	     17.81370972	      0.00000000	      0.00000000	    -16.92080578	     -0.22943306	      0.98159093
      1.28000000	     -5.91094691	      0.90435049	     -0.01885185	     -0.18126446	      0.94233988	     -0.55110797	     18.58811647	     -7.40570076	      1.77480846	     39.65703884	      0.69214590	     20.48423625	      0.00000000	      0.00000000	     20.81989241	     -3.02316997	     -0.18172225	     42.18627329	      0.73628937	     18.58419821	      0.00000000	      0.00000000	    -17.14688582	     -0.13053121	      0.95758567
      1.28500000	     -5.86133244	      0.80821999	     -0.04784081	     -0.18188328	      0.93939679	     -0.55112056	     18.95554620	     -7.28775986	      1.80278847	     40.50567426	      0.70695738	     21.20264776	      0.00000000	      0.00000000	     21.16066372	     -3.14472356	     -0.13839752	     42.98143364	      0.75016753	     19.27791182	      0.00000000	      0.00000000	    -17.36913114	     -0.03787718	      0.93942657
      1.29000000	     -5.80540428	      0.72124450	     -0.09328519	     -0.18245011	      0.93664871	     -0.55111286	     19.33257317	     -7.16454462	      1.88346064	     41.37174539	      0.72207317	     21.84693315	      0.00000000	      0.00000000	     21.49541056	     -3.25828665	     -0.09175923	     43.77161641	      0.76395883	     19.89820562	      0.00000000	      0.00000000	    -17.59248857	      0.04061281	      0.92758200
      1.29500000	     -5.73835082	      0.64373786	     -0.15311882	     -0.18295251	      0.93410946	     -0.55108049	     19.70580188	     -7.03612820	      2.01344779	     42.24165015	      0.73725588	     22.41086222	      0.00000000	      0.00000000	     21.81293125	     -3.36434661	     -0.04286124	     44.54732331	      0.77749746	     20.44542205	      0.00000000	      0.00000000	    -17.81993789	      0.10382758	      0.92708200
      1.30000000	     -5.65633221	      0.58040022	     -0.22654320	     -0.18338508	      0.93178501	     -0.55102137	     20.06683079	     -6.90917816	      2.18739439	     43.10913676	      0.75239637	     22.89843638	      0.00000000	      0.00000000	     22.10233044	     -3.45796841	      0.00562184	     45.29892511	      0.79061539	     20.92078297	      0.00000000	      0.00000000	    -18.05616688	      0.14587217	      0.93508028
      1.30500000	     -5.55804671	      0.53059422	     -0.31150316	     -0.18374893	      0.92967350	     -0.55093950	     20.40868324	     -6.78625839	      2.39518411	     43.96362519	      0.76731001	     23.30968914	      0.00000000	      0.00000000	     22.35675525	     -3.53903836	      0.05410495	     46.01696219	      0.80314750	     21.32852281	      0.00000000	      0.00000000	    -18.30148801	      0.16785652	      0.95130088
      1.31000000	     -5.44140997	      0.49435634	     -0.40402317	     -0.18404606	      0.92777204	     -0.55084090	     20.72417388	     -6.67162624	      2.62437793	     44.79590164	      0.78183597	     23.65207059	      0.00000000	      0.00000000	     22.56878425	     -3.60531878	      0.10484609	     46.69204148	      0.81492986	     21.67591455	      0.00000000	      0.00000000	    -18.55820858	      0.16944273	      0.97580067
      1.31500000	     -5.31100657	      0.47080432	     -0.50134369	     -0.18429040	      0.92606729	     -0.55072618	     21.01592226	     -6.56596489	      2.87103648	     45.60245694	      0.79591302	     23.91773207	      0.00000000	      0.00000000	     22.74021045	     -3.65582504	      0.16061135	     47.31751934	      0.82584651	     21.96866115	      0.00000000	      0.00000000	    -18.82153450	      0.15183670	      1.00815417
      1.32000000	     -5.17207389	      0.45900521	     -0.60269549	     -0.18449158	      0.92454738	     -0.55059813	     21.28770719	     -6.47080302	      3.12948733	     46.37909684	      0.80946794	     24.11536377	      0.00000000	      0.00000000	     22.87444032	     -3.69171102	      0.21837141	     47.88995521	      0.83583740	     22.21591986	      0.00000000	      0.00000000	    -19.08615163	      0.11642794	      1.04761827
      1.32500000	     -5.03136078	      0.45547802	     -0.70506640	     -0.18466242	      0.92320234	     -0.55046133	     21.54375481	     -6.38380850	      3.39467911	     47.12073498	      0.82241197	     24.24652401	      0.00000000	      0.00000000	     22.97722169	     -3.71576811	      0.27916627	     48.40447045	      0.84481738	     22.42547963	      0.00000000	      0.00000000	    -19.34479926	      0.06777956	      1.09186024
      1.33000000	     -4.89391710	      0.45541067	     -0.80797402	     -0.18481212	      0.92203040	     -0.55032014	     21.78472804	     -6.29831117	      3.66714747	     47.81870530	      0.83459385	     24.31594277	      0.00000000	      0.00000000	     23.05247631	     -3.73377692	      0.33909645	     48.85853822	      0.85274236	     22.60483658	      0.00000000	      0.00000000	    -19.59234985	      0.01235306	      1.14191163
      1.33500000	     -4.76728538	      0.45364328	     -0.91012670	     -0.18494994	      0.92102369	     -0.55017524	     22.01566228	     -6.20885176	      3.94386351	     48.46862265	      0.84593705	     24.32892835	      0.00000000	      0.00000000	     23.10841135	     -3.75292773	      0.39397683	     49.25154147	      0.85960156	     22.75753665	      0.00000000	      0.00000000	    -19.82031394	     -0.04296873	      1.19506397
      1.34000000	     -4.65474194	      0.44371454	     -1.00776122	     -0.18507734	      0.92018577	     -0.55003665	     22.23183012	     -6.11053845	      4.21586888	     49.05762233	      0.85621703	     24.30536740	      0.00000000	      0.00000000	     23.14757390	     -3.77945202	      0.44312660	     49.58081240	      0.86534842	     22.88646587	      0.00000000	      0.00000000	    -20.02438412	     -0.08881461	      1.24955665
      1.34500000	     -4.55899547	      0.42197891	     -1.09817060	     -0.18519741	      0.91951757	     -0.54991017	     22.43121802	     -6.00099095	      4.47787887	     49.57908346	      0.86531825	     24.24710990	      0.00000000	      0.00000000	     23.17186655	     -3.81667132	      0.48505051	     49.84369851	      0.86993665	     22.99305989	      0.00000000	      0.00000000	    -20.20209934	     -0.12016042	      1.30232442
      1.35000000	     -4.48312905	      0.38585850	     -1.18031582	     -0.18530782	      0.91901937	     -0.54979673	     22.61102396	     -5.87863303	      4.72427420	     50.02203325	      0.87304918	     24.16159829	      0.00000000	      0.00000000	     23.18338370	     -3.86849816	      0.51434338	     50.03854013	      0.87333728	     23.08277164	      0.00000000	      0.00000000	    -20.34950335	     -0.13297453	      1.35327615
      1.35500000	     -4.42978598	      0.33661899	     -1.25029711	     -0.18540648	      0.91868472	     -0.54969370	     22.77060869	     -5.74806166	      4.94609364	     50.38173182	      0.87932710	     24.06139332	      0.00000000	      0.00000000	     23.18492794	     -3.93350582	      0.53016034	     50.16508877	      0.87554597	     23.15915229	      0.00000000	      0.00000000	    -20.46307094	     -0.12817360	      1.39828679
      1.36000000	     -4.39981218	      0.27593767	     -1.30579561	     -0.18548847	      0.91852424	     -0.54960568	     22.90446434	     -5.61357943	      5.13746883	     50.64829615	      0.88397953	     23.94726006	      0.00000000	      0.00000000	     23.17456583	     -4.00793543	      0.53397719	     50.21809865	      0.87647117	     23.22510541	      0.00000000	      0.00000000	    -20.54231063	     -0.10606333	      1.43446130
      1.36500000	     -4.39524836	      0.20851105	     -1.34741717	     -0.18555103	      0.91853821	     -0.54952915	     23.01384717	     -5.48146657	      5.29655979	     50.82034521	      0.88698235	     23.81666131	      0.00000000	      0.00000000	     23.15315208	     -4.08728185	      0.52319558	     50.19610117	      0.87608724	     23.28157326	      0.00000000	      0.00000000	    -20.58500391	     -0.07190233	      1.46119912
      1.37000000	     -4.41763118	      0.13797972	     -1.37425630	     -0.18559008	      0.91872778	     -0.54945701	     23.09713693	     -5.35574215	      5.42049107	     50.89175153	      0.88822863	     23.67405532	      0.00000000	      0.00000000	     23.12177501	     -4.16799849	      0.49740133	     50.09761039	      0.87436825	     23.33081814	      0.00000000	      0.00000000	    -20.58875573	     -0.02926849	      1.47654642
      1.37500000	     -4.46563867	      0.06695078	     -1.38561149	     -0.18560257	      0.91909739	     -0.54939216	     23.15185187	     -5.24080479	      5.50582602	     50.86189358	      0.88770751	     23.52412713	      0.00000000	      0.00000000	     23.07833810	     -4.24526318	      0.46174335	     49.92119621	      0.87128924	     23.36554546	      0.00000000	      0.00000000	    -20.55593831	      0.02016554	      1.47961845
      1.38000000	     -4.53947225	     -0.00375779	     -1.38154222	     -0.18558401	      0.91965309	     -0.54933922	     23.17734805	     -5.13952755	      5.54958592	     50.73049999	      0.88541426	     23.35749600	      0.00000000	      0.00000000	     23.02293702	     -4.31644332	      0.42073600	     49.66548187	      0.86682618	     23.38180923	      0.00000000	      0.00000000	    -20.48607751	      0.07638600	      1.46760646
      1.38500000	     -4.64031627	     -0.07272750	     -1.36319030	     -0.18553579	      0.92038425	     -0.54929420	     23.17766720	     -5.05219969	      5.55299394	     50.50094203	      0.88140771	     23.17618066	      0.00000000	      0.00000000	     22.95996222	     -4.38023040	      0.37684460	     49.33533395	      0.86106401	     23.37353720	      0.00000000	      0.00000000	    -20.37832309	      0.13719574	      1.44237913
      1.39000000	     -4.76398835	     -0.14057660	     -1.33066235	     -0.18545548	      0.92128987	     -0.54925491	     23.15017455	     -4.97814159	      5.51600328	     50.17670903	      0.87574878	     22.98160215	      0.00000000	      0.00000000	     22.88783020	     -4.43742855	      0.33296726	     48.93495764	      0.85407613	     23.33536863	      0.00000000	      0.00000000	    -20.23718602	      0.20265167	      1.40523808
      1.39500000	     -4.90740089	     -0.21025873	     -1.28232279	     -0.18534442	      0.92237071	     -0.54922809	     23.09336076	     -4.91535529	      5.43671435	     49.76130588	      0.86849863	     22.76798658	      0.00000000	      0.00000000	     22.80728118	     -4.48895077	      0.29856388	     48.47000708	      0.84596121	     23.25324761	      0.00000000	      0.00000000	    -20.06729123	      0.27677921	      1.35652196
      1.40000000	     -5.06915987	     -0.28292477	     -1.22079084	     -0.18520097	      0.92362439	     -0.54921115	     23.00961790	     -4.86189021	      5.31911364	     49.26209518	      0.85978576	     22.52961032	      0.00000000	      0.00000000	     22.72101318	     -4.53759785	      0.27356654	     47.94820730	      0.83685409	     23.12388998	      0.00000000	      0.00000000	    -19.86961216	      0.35877268	      1.29981331
      1.40500000	     -5.24594753	     -0.35983675	     -1.14758511	     -0.18503025	      0.92504688	     -0.54920134	     22.89984707	     -4.81344465	      5.16985766	     48.68506841	      0.84971474	     22.26335768	      0.00000000	      0.00000000	     22.63224249	     -4.58624438	      0.25850564	     47.38155219	      0.82696409	     22.93724269	      0.00000000	      0.00000000	    -19.64890462	      0.44832431	      1.23917793
      1.41000000	     -5.42870433	     -0.43901490	     -1.06480418	     -0.18483106	      0.92664749	     -0.54919464	     22.75874291	     -4.77086143	      4.99410550	     48.03766979	      0.83841550	     21.95831291	      0.00000000	      0.00000000	     22.53479532	     -4.63403072	      0.25288112	     46.77662551	      0.81640613	     22.68703460	      0.00000000	      0.00000000	    -19.41602853	      0.54223365	      1.17634757
      1.41500000	     -5.61623668	     -0.51890685	     -0.97495921	     -0.18460692	      0.92842670	     -0.54919271	     22.59035200	     -4.73386586	      4.79846519	     47.32807569	      0.82603075	     21.60725826	      0.00000000	      0.00000000	     22.43232487	     -4.67991805	      0.25761427	     46.14264105	      0.80534101	     22.36689211	      0.00000000	      0.00000000	    -19.17283118	      0.63861890	      1.11075821
      1.42000000	     -5.80329846	     -0.59429605	     -0.88496152	     -0.18435749	      0.93038676	     -0.54918800	     22.39638534	     -4.70487720	      4.59443095	     46.56645395	      0.81273794	     21.20125550	      0.00000000	      0.00000000	     22.32266456	     -4.72244184	      0.26277504	     45.48824873	      0.79391971	     21.97779525	      0.00000000	      0.00000000	    -18.92559397	      0.72956781	      1.04726651
      1.42500000	     -5.98377401	     -0.66056582	     -0.79793360	     -0.18408788	      0.93252849	     -0.54917713	     22.17720695	     -4.68686917	      4.38927718	     45.76251688	      0.79870659	     20.73662330	      0.00000000	      0.00000000	     22.20265038	     -4.75793682	      0.26645477	     44.82011927	      0.78225865	     21.51500269	      0.00000000	      0.00000000	    -18.68283200	      0.80974506	      0.98892137
      1.43000000	     -6.15073714	     -0.71509734	     -0.71808720	     -0.18379632	      0.93485447	     -0.54915681	     21.93121667	     -4.68120272	      4.18742753	     44.92473107	      0.78408447	     20.20909424	      0.00000000	      0.00000000	     22.06589616	     -4.78599131	      0.26312510	     44.14223367	      0.77042732	     20.98293406	      0.00000000	      0.00000000	    -18.45274098	      0.87632158	      0.94030364
      1.43500000	     -6.30546760	     -0.75579060	     -0.65027298	     -0.18348607	      0.93735489	     -0.54912792	     21.66746907	     -4.68951508	      3.99488755	     44.06502619	      0.76907979	     19.61583101	      0.00000000	      0.00000000	     21.91627297	     -4.80580302	      0.24989714	     43.46088440	      0.75853553	     20.37983387	      0.00000000	      0.00000000	    -18.23489931	      0.92602912	      0.90646193
      1.44000000	     -6.44153367	     -0.78266385	     -0.59797124	     -0.18315652	      0.94002361	     -0.54908813	     21.38399428	     -4.71097634	      3.81624658	     43.19105062	      0.75382604	     18.95495912	      0.00000000	      0.00000000	     21.74900839	     -4.82006833	      0.21874350	     42.78130306	      0.74667460	     19.70867693	      0.00000000	      0.00000000	    -18.03843268	      0.95797581	      0.89686383
      1.44500000	     -6.55745014	     -0.79576711	     -0.56150242	     -0.18281135	      0.94285145	     -0.54904228	     21.08538358	     -4.74718193	      3.64772500	     42.31126544	      0.73847089	     18.23096980	      0.00000000	      0.00000000	     21.56333126	     -4.82759445	      0.17238723	     42.10517790	      0.73487399	     18.97424166	      0.00000000	      0.00000000	    -17.86513780	      0.97205795	      0.91375116
      1.45000000	     -6.65383576	     -0.79580241	     -0.54210081	     -0.18245443	      0.94581848	     -0.54899043	     20.77883623	     -4.79693181	      3.49013583	     41.43526492	      0.72318180	     17.44638289	      0.00000000	      0.00000000	     21.36326753	     -4.83076853	      0.10619949	     41.43912483	      0.72324917	     18.18043446	      0.00000000	      0.00000000	    -17.71390998	      0.96833571	      0.96068079
      1.45500000	     -6.73437112	     -0.78279800	     -0.53851610	     -0.18209408	      0.94890930	     -0.54893600	     20.47362691	     -4.86231989	      3.34194856	     40.57435530	      0.70815609	     16.60191180	      0.00000000	      0.00000000	     21.15593005	     -4.82890554	      0.02179109	     40.78711828	      0.71186951	     17.32341583	      0.00000000	      0.00000000	    -17.58248903	      0.94794866	      1.03067248
      1.46000000	     -6.79740066	     -0.75889060	     -0.54827731	     -0.18173837	      0.95211002	     -0.54888179	     20.17093161	     -4.94232470	      3.19911789	     39.73354099	      0.69348111	     15.70915005	      0.00000000	      0.00000000	     20.94189724	     -4.82390024	     -0.08108302	     40.15167538	      0.70077894	     16.40943652	      0.00000000	      0.00000000	    -17.47338267	      0.91391244	      1.12191423
      1.46500000	     -6.84815083	     -0.72799804	     -0.56900959	     -0.18139971	      0.95539903	     -0.54882955	     19.88029957	     -5.03293447	      3.05840845	     38.91875812	      0.67926047	     14.76916182	      0.00000000	      0.00000000	     20.73071671	     -4.81958326	     -0.20010398	     39.53848002	      0.69007666	     15.44681763	      0.00000000	      0.00000000	    -17.38112233	      0.87218035	      1.22538779
      1.47000000	     -6.88904897	     -0.69097172	     -0.59903823	     -0.18108878	      0.95875868	     -0.54877942	     19.60464472	     -5.13168675	      2.92457281	     38.13569187	      0.66559339	     13.78480522	      0.00000000	      0.00000000	     20.52770073	     -4.81749813	     -0.33742009	     38.94988372	      0.67980371	     14.43762123	      0.00000000	      0.00000000	    -17.30550761	      0.82582806	      1.33161030
      1.47500000	     -6.92310701	     -0.65036362	     -0.63354807	     -0.18081027	      0.96217646	     -0.54873512	     19.34578760	     -5.23801703	      2.79219224	     37.38502894	      0.65249185	     12.76170665	      0.00000000	      0.00000000	     20.33672406	     -4.81845567	     -0.48873123	     38.38455991	      0.66993695	     13.38366154	      0.00000000	      0.00000000	    -17.24593960	      0.77771445	      1.43028898
      1.48000000	     -6.95269688	     -0.60772533	     -0.67202122	     -0.18057508	      0.96562845	     -0.54869572	     19.10734063	     -5.34895620	      2.66417755	     36.66653878	      0.63995183	     11.70933833	      0.00000000	      0.00000000	     20.16191776	     -4.82383538	     -0.65503614	     37.84454547	      0.66051192	     12.30032728	      0.00000000	      0.00000000	    -17.20023944	      0.72895263	      1.52442705
      1.48500000	     -6.98190562	     -0.56485939	     -0.71161262	     -0.18039012	      0.96909435	     -0.54866386	     18.89274171	     -5.46096000	      2.54108132	     35.97849993	      0.62794328	     10.63143642	      0.00000000	      0.00000000	     20.00955151	     -4.83493379	     -0.83564196	     37.33176596	      0.65156223	     11.19437556	      0.00000000	      0.00000000	    -17.16550483	      0.68316646	      1.60845805
      1.49000000	     -7.01306652	     -0.51917712	     -0.75130379	     -0.18026398	      0.97255729	     -0.54864152	     18.70440928	     -5.57761546	      2.42504282	     35.32360482	      0.61651321	      9.54339525	      0.00000000	      0.00000000	     19.88153859	     -4.84680193	     -1.02661933	     36.84371089	      0.64304406	     10.07057584	      0.00000000	      0.00000000	    -17.14037735	      0.63662171	      1.68370861
      1.49500000	     -7.05164182	     -0.47216492	     -0.78921822	     -0.18020603	      0.97598907	     -0.54863074	     18.55034852	     -5.69788496	      2.31394593	     34.70427627	      0.60570389	      8.45657703	      0.00000000	      0.00000000	     19.78637334	     -4.85950082	     -1.22544401	     36.38563450	      0.63504912	      8.94576124	      0.00000000	      0.00000000	    -17.11965728	      0.59040033	      1.75606490
      1.50000000	     -7.09881678	     -0.42603535	     -0.82608577	     -0.18023376	      0.97936809	     -0.54863655	     18.43156741	     -5.81634517	      2.21632682	     34.12019680	      0.59550978	      7.38543438	      0.00000000	      0.00000000	     19.72740755	     -4.87376444	     -1.42840564	     35.96014972	      0.62762301	      7.83423301	      0.00000000	      0.00000000	    -17.10339148	      0.55100857	      1.82385987
      1.50500000	     -7.15795882	     -0.38063054	     -0.86075234	     -0.18035355	      0.98266946	     -0.54866153	     18.35220497	     -5.93241770	      2.13107475	     33.57371503	      0.58597187	      6.33890194	      0.00000000	      0.00000000	     19.70915406	     -4.88802898	     -1.63185036	     35.56891034	      0.62079460	      6.74523972	      0.00000000	      0.00000000	    -17.08818254	      0.51796882	      1.88789913
      1.51000000	     -7.23397231	     -0.33396844	     -0.89548338	     -0.18057566	      0.98586439	     -0.54870175	     18.32068614	     -6.04756624	      2.06616784	     33.07265090	      0.57722665	      5.33528458	      0.00000000	      0.00000000	     19.73607438	     -4.89858561	     -1.83135361	     35.21113602	      0.61455026	      5.69122944	      0.00000000	      0.00000000	    -17.06895195	      0.48806016	      1.95122945
      1.51500000	     -7.32791617	     -0.28709455	     -0.93079325	     -0.18089984	      0.98892585	     -0.54875858	     18.33870165	     -6.15963595	      2.02026145	     32.61729227	      0.56927914	      4.38359735	      0.00000000	      0.00000000	     19.80878954	     -4.90611680	     -2.02657397	     34.88770879	      0.60890539	      4.68760735	      0.00000000	      0.00000000	    -17.04469248	      0.46358718	      2.01252465
      1.52000000	     -7.44058152	     -0.23879648	     -0.96710297	     -0.18132478	      0.99183107	     -0.54883128	     18.40703816	     -6.26915335	      1.99364123	     32.20853953	      0.56214506	      3.50875095	      0.00000000	      0.00000000	     19.92574051	     -4.90824682	     -2.21269743	     34.59572044	      0.60380923	      3.74139808	      0.00000000	      0.00000000	    -17.01320898	      0.44295929	      2.07198419
      1.52500000	     -7.57584200	     -0.18574668	     -1.00685662	     -0.18184529	      0.99454895	     -0.54891383	     18.53346867	     -6.37999365	      1.98630583	     31.85218819	      0.55592556	      2.73444549	      0.00000000	      0.00000000	     20.08772312	     -4.90151662	     -2.38821347	     34.33343208	      0.59923143	      2.86158238	      0.00000000	      0.00000000	    -16.96938112	      0.42000463	      2.13489591
      1.53000000	     -7.73386928	     -0.12669938	     -1.05084443	     -0.18245417	      0.99706092	     -0.54900887	     18.71537508	     -6.49328471	      2.00225479	     31.54594104	      0.55058054	      2.08463531	      0.00000000	      0.00000000	     20.29068163	     -4.88257291	     -2.54760674	     34.09757348	      0.59511492	      2.06217610	      0.00000000	      0.00000000	    -16.91286364	      0.39446204	      2.19984753
      1.53500000	     -7.91373485	     -0.06274473	     -1.09759319	     -0.18314079	      0.99935064	     -0.54911832	     18.94900804	     -6.60717863	      2.03620771	     31.28718336	      0.54606436	      1.57725795	      0.00000000	      0.00000000	     20.53153148	     -4.85223971	     -2.68643830	     33.88907907	      0.59147601	      1.36128104	      0.00000000	      0.00000000	    -16.84425733	      0.36826654	      2.26559140
      1.54000000	     -8.11482124	      0.00921012	     -1.14768298	     -0.18389926	      1.00140332	     -0.54923676	     19.23225851	     -6.72298699	      2.09305012	     31.07514390	      0.54236358	      1.22068539	      0.00000000	      0.00000000	     20.80595548	     -4.80643601	     -2.79909843	     33.70580540	      0.58827728	      0.77665944	      0.00000000	      0.00000000	    -16.76350729	      0.33638293	      2.33465552
      1.54500000	     -8.33468166	      0.09015305	     -1.19930263	     -0.18471627	      1.00320888	     -0.54936356	     19.55975057	     -6.84140085	      2.17123492	     30.90668786	      0.53942346	      1.00838058	      0.00000000	      0.00000000	     21.10721730	     -4.74259451	     -2.88023706	     33.54517613	      0.58547377	      0.32946765	      0.00000000	      0.00000000	    -16.67344664	      0.29840800	      2.40247758
      1.55000000	     -8.56725392	      0.17885850	     -1.24882282	     -0.18557422	      1.00477242	     -0.54950215	     19.91850364	     -6.96190607	      2.26314092	     30.77664723	      0.53715383	      0.92512646	      0.00000000	      0.00000000	     21.42465281	     -4.66007382	     -2.92455525	     33.40303594	      0.58299296	      0.03562179	      0.00000000	      0.00000000	    -16.57917370	      0.25538023	      2.46650927
      1.55500000	     -8.80472769	      0.27802153	     -1.29422867	     -0.18645632	      1.00609641	     -0.54964569	     20.29960362	     -7.08808567	      2.36117633	     30.68747510	      0.53559748	      0.96033749	      0.00000000	      0.00000000	     21.74711381	     -4.55628916	     -2.93220982	     33.27755402	      0.58080288	     -0.09588784	      0.00000000	      0.00000000	    -16.48801924	      0.20282562	      2.52362767
      1.56000000	     -9.03922206	      0.38750328	     -1.33174697	     -0.18734470	      1.00718825	     -0.54979507	     20.68984269	     -7.22129680	      2.45962386	     30.63473583	      0.53467701	      1.09679930	      0.00000000	      0.00000000	     22.06309743	     -4.42919932	     -2.90045153	     33.16474138	      0.57883393	     -0.07518202	      0.00000000	      0.00000000	    -16.40658466	      0.14042903	      2.56974932
      1.56500000	     -9.26274563	      0.50517242	     -1.35848707	     -0.18821797	      1.00806027	     -0.54995414	     21.07584911	     -7.36277090	      2.54947157	     30.61552732	      0.53434175	      1.31978543	      0.00000000	      0.00000000	     22.36168293	     -4.27992206	     -2.82939072	     33.06168741	      0.57703530	      0.06932848	      0.00000000	      0.00000000	    -16.34185481	      0.07099179	      2.59936945
      1.57000000	     -9.46804705	      0.62823779	     -1.37787741	     -0.18906639	      1.00872577	     -0.55011908	     21.44512535	     -7.50758316	      2.63875477	     30.62520871	      0.53451073	      1.60068712	      0.00000000	      0.00000000	     22.63519172	     -4.11359073	     -2.72749358	     32.96913125	      0.57541989	      0.29418286	      0.00000000	      0.00000000	    -16.29895120	     -0.00398081	      2.61698290
      1.57500000	     -9.64941986	      0.75434917	     -1.39275552	     -0.18988042	      1.00919174	     -0.55028212	     21.78816040	     -7.65059426	      2.73804457	     30.65935627	      0.53510671	      1.90692279	      0.00000000	      0.00000000	     22.87750846	     -3.93471356	     -2.60139313	     32.88758773	      0.57399669	      0.55223275	      0.00000000	      0.00000000	    -16.28305567	     -0.08318884	      2.62412514
      1.58000000	     -9.80263019	      0.87631267	     -1.40827810	     -0.19065130	      1.00946989	     -0.55044186	     22.09404010	     -7.78135921	      2.85786674	     30.70798941	      0.53595552	      2.19166798	      0.00000000	      0.00000000	     23.08293976	     -3.75343756	     -2.45761979	     32.81621049	      0.57275092	      0.79877266	      0.00000000	      0.00000000	    -16.29779242	     -0.15941236	      2.62516964
      1.58500000	     -9.92498412	      0.99036324	     -1.43231192	     -0.19137098	      1.00956728	     -0.55059105	     22.35793305	     -7.89268520	      3.01133254	     30.76862118	      0.53701375	      2.41574386	      0.00000000	      0.00000000	     23.24703683	     -3.57854948	     -2.30828721	     32.75457544	      0.57167519	      1.00135147	      0.00000000	      0.00000000	    -16.34483881	     -0.23011401	      2.62750187
      1.59000000	    -10.01512643	      1.09214127	     -1.47272027	     -0.19203704	      1.00948819	     -0.55071742	     22.57477004	     -7.97325764	      3.21397006	     30.83315007	      0.53813999	      2.54366656	      0.00000000	      0.00000000	     23.36602030	     -3.41951603	     -2.16491159	     32.70035702	      0.57072890	      1.14409081	      0.00000000	      0.00000000	    -16.42401783	     -0.29359600	      2.64168353
      1.59500000	    -10.07205026	      1.17984329	     -1.53057742	     -0.19263735	      1.00923192	     -0.55081653	     22.74393776	     -8.02185329	      3.45789686	     30.90453507	      0.53938589	      2.56334016	      0.00000000	      0.00000000	     23.43554663	     -3.28001440	     -2.03170338	     32.64976519	      0.56984590	      1.22153147	      0.00000000	      0.00000000	    -16.53666466	     -0.34905819	      2.66505628
      1.60000000	    -10.09680468	      1.25182977	     -1.60558602	     -0.19316484	      1.00879426	     -0.55088655	     22.86564464	     -8.03716724	      3.73601224	     30.98292579	      0.54075407	      2.47597616	      0.00000000	      0.00000000	     23.45622421	     -3.16313412	     -1.91313679	     32.60243546	      0.56901984	      1.23122138	      0.00000000	      0.00000000	    -16.67817560	     -0.39522269	      2.69646622
      1.60500000	    -10.09081702	      1.31077335	     -1.69731175	     -0.19362234	      1.00816450	     -0.55092419	     22.94493694	     -8.02196354	      4.04245092	     31.07269808	      0.54232089	      2.29113461	      0.00000000	      0.00000000	     23.42922273	     -3.06659989	     -1.81300906	     32.55662936	      0.56822038	      1.17026277	      0.00000000	      0.00000000	    -16.84525330	     -0.43583210	      2.73893679
      1.61000000	    -10.05881526	      1.35768941	     -1.80097899	     -0.19401445	      1.00732676	     -0.55092876	     22.98991259	     -7.97812367	      4.36538109	     31.17956627	      0.54418609	      2.02039664	      0.00000000	      0.00000000	     23.36136047	     -2.98759552	     -1.72749112	     32.51393365	      0.56747519	      1.03981944	      0.00000000	      0.00000000	    -17.03142941	     -0.47139941	      2.78859944
      1.61500000	    -10.00553331	      1.39496855	     -1.90953825	     -0.19434346	      1.00626475	     -0.55090410	     23.01058432	     -7.91243500	      4.68735692	     31.31567886	      0.54656170	      1.69031234	      0.00000000	      0.00000000	     23.26074930	     -2.92134710	     -1.65074918	     32.48003141	      0.56688349	      0.87208332	      0.00000000	      0.00000000	    -17.23007292	     -0.50309963	      2.83667354
      1.62000000	     -9.93441560	      1.42753053	     -2.02042309	     -0.19461644	      1.00496613	     -0.55085160	     23.01446562	     -7.83213690	      5.00203243	     31.48608415	      0.54953584	      1.33880838	      0.00000000	      0.00000000	     23.13082442	     -2.86179508	     -1.58095870	     32.45633031	      0.56646983	      0.72775755	      0.00000000	      0.00000000	    -17.43484281	     -0.53556739	      2.88645450
      1.62500000	     -9.84564879	      1.45835024	     -2.12807065	     -0.19483185	      1.00342536	     -0.55077819	     23.00422952	     -7.74602847	      5.29073632	     31.69719642	      0.55322044	      1.02437796	      0.00000000	      0.00000000	     22.97133353	     -2.80540718	     -1.51742453	     32.44504308	      0.56627283	      0.67335678	      0.00000000	      0.00000000	    -17.64542243	     -0.57030127	      2.93512966
      1.63000000	     -9.74181958	      1.48956338	     -2.22660492	     -0.19497857	      1.00164141	     -0.55068868	     22.98188477	     -7.66300269	      5.53321792	     31.95321124	      0.55768874	      0.81856003	      0.00000000	      0.00000000	     22.78531895	     -2.75035249	     -1.46241415	     32.45058791	      0.56636960	      0.78008478	      0.00000000	      0.00000000	    -17.85545666	     -0.60929708	      2.97300342
      1.63500000	     -9.62139946	      1.52142560	     -2.30872295	     -0.19505151	      0.99962714	     -0.55059441	     22.94006362	     -7.59188066	      5.71150713	     32.24611751	      0.56280092	      0.80259468	      0.00000000	      0.00000000	     22.57331350	     -2.69577044	     -1.41510263	     32.47687488	      0.56682840	      1.10002406	      0.00000000	      0.00000000	    -18.06526844	     -0.65051241	      2.98960206
      1.64000000	     -9.48470286	      1.55150773	     -2.37129295	     -0.19505680	      0.99739411	     -0.55050629	     22.87402318	     -7.53644224	      5.81600448	     32.56445654	      0.56835699	      1.03026950	      0.00000000	      0.00000000	     22.34109989	     -2.64541439	     -1.37931858	     32.53057142	      0.56776558	      1.63937053	      0.00000000	      0.00000000	    -18.27487154	     -0.68960243	      2.98523875
      1.64500000	     -9.33520806	      1.57421171	     -2.41126049	     -0.19500508	      0.99495802	     -0.55043144	     22.77999187	     -7.49368512	      5.84609948	     32.89329217	      0.57409625	      1.52464077	      0.00000000	      0.00000000	     22.10456482	     -2.60701221	     -1.36072834	     32.62685392	      0.56944603	      2.35051243	      0.00000000	      0.00000000	    -18.48154364	     -0.71920365	      2.95264308
      1.65000000	     -9.18099827	      1.58546820	     -2.42664571	     -0.19492113	      0.99232738	     -0.55037575	     22.66558823	     -7.46138376	      5.80664428	     33.22487662	      0.57988349	      2.26640032	      0.00000000	      0.00000000	     21.88551124	     -2.58372731	     -1.35612593	     32.77891645	      0.57210002	      3.19935301	      0.00000000	      0.00000000	    -18.67808016	     -0.73389472	      2.89195225
      1.65500000	     -9.02716230	      1.58061295	     -2.41810038	     -0.19483411	      0.98951609	     -0.55034279	     22.53700245	     -7.43433171	      5.70745058	     33.55184455	      0.58559016	      3.20860356	      0.00000000	      0.00000000	     21.70288281	     -2.58063241	     -1.36218096	     33.00024524	      0.57596293	      4.13442339	      0.00000000	      0.00000000	    -18.86361235	     -0.72726474	      2.80685227
      1.66000000	     -8.88124201	      1.55997027	     -2.38919295	     -0.19477090	      0.98652383	     -0.55033454	     22.41145743	     -7.41088703	      5.55650155	     33.88273731	      0.59136533	      4.28300422	      0.00000000	      0.00000000	     21.57581370	     -2.59775767	     -1.38033089	     33.30243787	      0.58123719	      5.12871037	      0.00000000	      0.00000000	    -19.03197784	     -0.70006611	      2.70707876
      1.66500000	     -8.74471110	      1.52477874	     -2.34153133	     -0.19474251	      0.98336131	     -0.55034809	     22.29904729	     -7.39102143	      5.35566714	     34.22901182	      0.59740896	      5.43911096	      0.00000000	      0.00000000	     21.51334345	     -2.63364709	     -1.41113240	     33.69295987	      0.58805308	      6.16439416	      0.00000000	      0.00000000	    -19.18369610	     -0.65346222	      2.59495605
      1.67000000	     -8.61877746	      1.47989800	     -2.28120414	     -0.19476810	      0.98003679	     -0.55037545	     22.21514961	     -7.37699426	      5.10953285	     34.60785919	      0.60402109	      6.63743886	      0.00000000	      0.00000000	     21.51817917	     -2.68276632	     -1.45130458	     34.16986047	      0.59637657	      7.23639450	      0.00000000	      0.00000000	    -19.31931229	     -0.59415837	      2.47957707
      1.67500000	     -8.50366298	      1.43047763	     -2.21275374	     -0.19485458	      0.97656505	     -0.55040930	     22.16876112	     -7.36982616	      4.82623469	     35.02935490	      0.61137758	      7.85463922	      0.00000000	      0.00000000	     21.58890061	     -2.73988623	     -1.49769423	     34.72916710	      0.60613831	      8.32451489	      0.00000000	      0.00000000	    -19.44139573	     -0.52819275	      2.35850767
      1.68000000	     -8.39725287	      1.38194484	     -2.14158613	     -0.19500442	      0.97296941	     -0.55044238	     22.16535561	     -7.37042562	      4.51700400	     35.50140833	      0.61961646	      9.07798951	      0.00000000	      0.00000000	     21.71813647	     -2.79971339	     -1.55151245	     35.36270763	      0.61719568	      9.42440625	      0.00000000	      0.00000000	    -19.55330460	     -0.46285212	      2.23882212
      1.68500000	     -8.29931706	      1.33847918	     -2.07991063	     -0.19522484	      0.96928049	     -0.55045263	     22.21084263	     -7.37324230	      4.21209482	     36.02764036	      0.62880095	     10.30043460	      0.00000000	      0.00000000	     21.89930565	     -2.86272947	     -1.61920716	     36.06122027	      0.62938703	     10.51782161	      0.00000000	      0.00000000	    -19.65806319	     -0.40619225	      2.12987265
      1.69000000	     -8.21028784	      1.30234597	     -2.03215503	     -0.19551993	      0.96553461	     -0.55043401	     22.30812261	     -7.37547558	      3.93164754	     36.60628382	      0.63890018	     11.51329191	      0.00000000	      0.00000000	     22.12505610	     -2.92699638	     -1.69690148	     36.81145396	      0.64248107	     11.59308589	      0.00000000	      0.00000000	    -19.75606309	     -0.36278153	      2.03346432
      1.69500000	     -8.12839052	      1.27283864	     -1.99174210	     -0.19587158	      0.96177633	     -0.55039883	     22.44746446	     -7.37723562	      3.68162475	     37.22570757	      0.64971116	     12.70047656	      0.00000000	      0.00000000	     22.38565847	     -2.98989970	     -1.77305092	     37.59971526	      0.65623883	     12.64444672	      0.00000000	      0.00000000	    -19.85024077	     -0.32912823	      1.94319758
      1.70000000	     -8.04903447	      1.24926913	     -1.95779483	     -0.19627038	      0.95805282	     -0.55035084	     22.61898237	     -7.37825145	      3.46844438	     37.87935094	      0.66111939	     13.85097536	      0.00000000	      0.00000000	     22.66900060	     -3.05211159	     -1.84536474	     38.41251021	      0.67042478	     13.66695079	      0.00000000	      0.00000000	    -19.94451841	     -0.30536692	      1.86820049
      1.70500000	     -7.97081157	      1.23186650	     -1.92610605	     -0.19670406	      0.95439917	     -0.55029429	     22.81361967	     -7.38113041	      3.29313917	     38.55973564	      0.67299435	     14.95858028	      0.00000000	      0.00000000	     22.96723367	     -3.11175047	     -1.90609438	     39.23609218	      0.68479899	     14.64749456	      0.00000000	      0.00000000	    -20.03986994	     -0.29128729	      1.80251725
      1.71000000	     -7.88705275	      1.21520304	     -1.87776420	     -0.19714467	      0.95085356	     -0.55026001	     23.01056052	     -7.39281473	      3.12563282	     39.25312206	      0.68509622	     16.01969593	      0.00000000	      0.00000000	     23.26868298	     -3.16534894	     -1.93298015	     40.05938839	      0.69916822	     15.57258204	      0.00000000	      0.00000000	    -20.14211088	     -0.27493919	      1.72961358
      1.71500000	     -7.79585645	      1.19832838	     -1.81149578	     -0.19757708	      0.94743364	     -0.55025465	     23.20167023	     -7.41573757	      2.96090211	     39.95429575	      0.69733401	     17.02553006	      0.00000000	      0.00000000	     23.56662829	     -3.21256381	     -1.92303863	     40.87351194	      0.71337736	     16.43940405	      0.00000000	      0.00000000	    -20.25220809	     -0.25393550	      1.64897208
      1.72000000	     -7.69725493	      1.17996825	     -1.73279711	     -0.19799541	      0.94414831	     -0.55026952	     23.38637080	     -7.44699803	      2.80372637	     40.66495878	      0.70973742	     17.97799257	      0.00000000	      0.00000000	     23.85770703	     -3.25717999	     -1.88212247	     41.67429700	      0.72735370	     17.24382756	      0.00000000	      0.00000000	    -20.36898201	     -0.22864232	      1.56487415
      1.72500000	     -7.59299067	      1.15757605	     -1.64359217	     -0.19838582	      0.94099815	     -0.55030289	     23.56458148	     -7.48398755	      2.65299657	     41.38252389	      0.72226129	     18.87847556	      0.00000000	      0.00000000	     24.14065143	     -3.30166218	     -1.80984297	     42.45905782	      0.74105036	     17.98511913	      0.00000000	      0.00000000	    -20.48878450	     -0.19535938	      1.47340596
      1.73000000	     -7.48352994	      1.13165231	     -1.55291476	     -0.19873529	      0.93798471	     -0.55034482	     23.74025302	     -7.52304658	      2.51689599	     42.10838304	      0.73492993	     19.72374151	      0.00000000	      0.00000000	     24.41066946	     -3.34833627	     -1.71565474	     43.22359490	      0.75439405	     18.66941628	      0.00000000	      0.00000000	    -20.60851936	     -0.15660344	      1.38215275
      1.73500000	     -7.37039351	      1.10162360	     -1.47279461	     -0.19903639	      0.93510840	     -0.55037620	     23.91878000	     -7.55599929	      2.40996429	     42.84390127	      0.74776714	     20.50578387	      0.00000000	      0.00000000	     24.66339445	     -3.40220072	     -1.61142365	     43.96262320	      0.76729252	     19.30840934	      0.00000000	      0.00000000	    -20.72411505	     -0.11564977	      1.30115173
      1.74000000	     -7.25533159	      1.06836200	     -1.41009119	     -0.19927894	      0.93237217	     -0.55038374	     24.10402532	     -7.57828930	      2.33998816	     43.58650337	      0.76072799	     21.22117432	      0.00000000	      0.00000000	     24.89598015	     -3.46498722	     -1.50525328	     44.67307676	      0.77969228	     19.90357228	      0.00000000	      0.00000000	    -20.83096154	     -0.07628104	      1.23655711
      1.74500000	     -7.13629558	      1.03398203	     -1.36794418	     -0.19944847	      0.92978877	     -0.55036208	     24.29328009	     -7.58982541	      2.30605317	     44.32799059	      0.77366939	     21.86788459	      0.00000000	      0.00000000	     25.09772499	     -3.53409162	     -1.39992804	     45.34360051	      0.79139512	     20.46119328	      0.00000000	      0.00000000	    -20.92861038	     -0.04171303	      1.19072131
      1.75000000	     -7.01214931	      1.00161895	     -1.35173259	     -0.19953604	      0.92736495	     -0.55030179	     24.48635001	     -7.59021594	      2.31134196	     45.06590433	      0.78654841	     22.43598603	      0.00000000	      0.00000000	     25.26025039	     -3.60884068	     -1.30960302	     45.96495780	      0.80223985	     20.99719547	      0.00000000	      0.00000000	    -21.01639729	     -0.01736930	      1.16842547
      1.75500000	     -6.88148799	      0.97082417	     -1.35855480	     -0.19953910	      0.92511111	     -0.55020372	     24.67719552	     -7.58058457	      2.34683035	     45.79130411	      0.79920903	     22.92563599	      0.00000000	      0.00000000	     25.37767112	     -3.68800198	     -1.23437219	     46.53044906	      0.81210954	     21.51101795	      0.00000000	      0.00000000	    -21.09490647	     -0.00237532	      1.16721888
      1.76000000	     -6.74212856	      0.94441980	     -1.38748288	     -0.19945448	      0.92303577	     -0.55006805	     24.85850607	     -7.56453738	      2.40895474	     46.49435993	      0.81147966	     23.34624452	      0.00000000	      0.00000000	     25.44399937	     -3.76864875	     -1.18127195	     47.03422774	      0.82090214	     22.00874734	      0.00000000	      0.00000000	    -21.16555299	      0.00201156	      1.18433124
      1.76500000	     -6.59226381	      0.92153908	     -1.43116995	     -0.19928154	      0.92114571	     -0.54990379	     25.02225191	     -7.54697713	      2.48328567	     47.16871651	      0.82324941	     23.70342249	      0.00000000	      0.00000000	     25.45382942	     -3.84696328	     -1.14731921	     47.46825811	      0.82847739	     22.49746284	      0.00000000	      0.00000000	    -21.22990159	     -0.00059747	      1.21364513
      1.77000000	     -6.43013622	      0.90106142	     -1.48535675	     -0.19902242	      0.91944023	     -0.54971699	     25.16119732	     -7.53186940	      2.55888475	     47.80966945	      0.83443615	     23.99861045	      0.00000000	      0.00000000	     25.40728608	     -3.92375321	     -1.13924562	     47.83428081	      0.83486570	     22.98417845	      0.00000000	      0.00000000	    -21.28920318	     -0.00755592	      1.25179578
      1.77500000	     -6.25410563	      0.87941250	     -1.54076582	     -0.19868270	      0.91792190	     -0.54952000	     25.26521653	     -7.52214238	      2.62078373	     48.40878566	      0.84489270	     24.24613187	      0.00000000	      0.00000000	     25.30583119	     -3.99785113	     -1.14686861	     48.13538856	      0.84012102	     23.45651686	      0.00000000	      0.00000000	    -21.34549357	     -0.01239516	      1.29113850
      1.78000000	     -6.06744600	      0.85527723	     -1.59238170	     -0.19826906	      0.91658310	     -0.54931675	     25.33131557	     -7.51789902	      2.66671842	     48.96120619	      0.85453425	     24.45275577	      0.00000000	      0.00000000	     25.15760883	     -4.06880574	     -1.16952931	     48.37653467	      0.84432981	     23.91931259	      0.00000000	      0.00000000	    -21.39568582	     -0.01197104	      1.32863708
      1.78500000	     -5.87354828	      0.82500380	     -1.63433006	     -0.19779206	      0.91541695	     -0.54911820	     25.35875008	     -7.51901809	      2.68645604	     49.46364699	      0.86330350	     24.61458689	      0.00000000	      0.00000000	     24.97227144	     -4.13749322	     -1.20058977	     48.56605966	      0.84763765	     24.36427754	      0.00000000	      0.00000000	    -21.43736063	     -0.00175956	      1.36255596
      1.79000000	     -5.67479389	      0.78786049	     -1.66323475	     -0.19726153	      0.91442157	     -0.54892886	     25.34445542	     -7.52450947	      2.67853644	     49.90950542	      0.87108520	     24.74181108	      0.00000000	      0.00000000	     24.75960340	     -4.20464168	     -1.23795518	     48.71404919	      0.85022055	     24.78478902	      0.00000000	      0.00000000	    -21.47006971	      0.02096179	      1.38882583
      1.79500000	     -5.47737135	      0.74249179	     -1.67575816	     -0.19669298	      0.91359599	     -0.54875028	     25.28911310	     -7.53036746	      2.64577412	     50.29025145	      0.87773047	     24.85001323	      0.00000000	      0.00000000	     24.53157416	     -4.26947899	     -1.27073767	     48.82718853	      0.85219520	     25.16606712	      0.00000000	      0.00000000	    -21.49133874	      0.05803775	      1.40272553
      1.80000000	     -5.28714561	      0.69067997	     -1.66882460	     -0.19609644	      0.91293613	     -0.54858090	     25.19614986	     -7.53612787	      2.58983136	     50.59821801	      0.88310550	     24.93494239	      0.00000000	      0.00000000	     24.30112984	     -4.33093198	     -1.29741730	     48.91414604	      0.85371290	     25.50642621	      0.00000000	      0.00000000	    -21.49841108	      0.10876337	      1.40161474
      1.80500000	     -5.10813914	      0.63546841	     -1.64295977	     -0.19548130	      0.91244440	     -0.54842081	     25.06942988	     -7.54371768	      2.51077058	     50.83120850	      0.88717195	     25.00390570	      0.00000000	      0.00000000	     24.07548463	     -4.38683529	     -1.31458938	     48.97772879	      0.85482263	     25.79702839	      0.00000000	      0.00000000	    -21.48938420	      0.16899414	      1.38574075
      1.81000000	     -4.94524110	      0.57911473	     -1.59684602	     -0.19485427	      0.91212406	     -0.54826606	     24.91157511	     -7.55270579	      2.41124596	     50.98336910	      0.88982765	     25.06775078	      0.00000000	      0.00000000	     23.86218376	     -4.43535173	     -1.31611404	     49.01883157	      0.85554001	     26.02827479	      0.00000000	      0.00000000	    -21.46102208	      0.23678943	      1.35221435
      1.81500000	     -4.80071417	      0.52500585	     -1.53295415	     -0.19422121	      0.91197764	     -0.54811124	     24.72589716	     -7.56448908	      2.29489459	     51.05235595	      0.89103170	     25.12390931	      0.00000000	      0.00000000	     23.66365925	     -4.47509837	     -1.30186470	     49.03520222	      0.85582573	     26.19608923	      0.00000000	      0.00000000	    -21.41233639	      0.30648013	      1.30502192
      1.82000000	     -4.67741334	      0.47528708	     -1.45120822	     -0.19357730	      0.91200295	     -0.54795128	     24.51666698	     -7.58036632	      2.15775775	     51.03786837	      0.89077885	     25.16200020	      0.00000000	      0.00000000	     23.48245286	     -4.50677205	     -1.27374959	     49.02494954	      0.85564679	     26.30149998	      0.00000000	      0.00000000	    -21.33815199	      0.37499325	      1.24984730
      1.82500000	     -4.57470463	      0.43313885	     -1.35815648	     -0.19291879	      0.91220700	     -0.54778431	     24.28535060	     -7.60284585	      2.00152025	     50.94370727	      0.88913543	     25.18865946	      0.00000000	      0.00000000	     23.31200799	     -4.52924492	     -1.23452960	     48.97832114	      0.85483297	     26.34234577	      0.00000000	      0.00000000	    -21.23667490	      0.43625579	      1.19112890
      1.83000000	     -4.49245690	      0.39923460	     -1.25780742	     -0.19224476	      0.91259000	     -0.54760338	     24.03331992	     -7.62949294	      1.83179762	     50.76834221	      0.88607473	     25.19845688	      0.00000000	      0.00000000	     23.14894923	     -4.54466903	     -1.18856637	     48.89093615	      0.85330781	     26.31898501	      0.00000000	      0.00000000	    -21.10770229	      0.48772281	      1.13361245
      1.83500000	     -4.42842927	      0.37656260	     -1.15717098	     -0.19154704	      0.91315575	     -0.54740544	     23.76154723	     -7.66198675	      1.65259274	     50.51490019	      0.88165133	     25.18523006	      0.00000000	      0.00000000	     22.98445689	     -4.55268102	     -1.14558048	     48.75507106	      0.85093652	     26.24114233	      0.00000000	      0.00000000	    -20.95305529	      0.52411502	      1.08437051
      1.84000000	     -4.38364390	      0.36469805	     -1.05897694	     -0.19082292	      0.91389817	     -0.54719025	     23.47399767	     -7.69936411	      1.46446776	     50.18717746	      0.87593149	     25.14700983	      0.00000000	      0.00000000	     22.81616238	     -4.55443282	     -1.10819401	     48.56741997	      0.84766139	     26.11527996	      0.00000000	      0.00000000	    -20.77040367	      0.54473122	      1.04411968
      1.84500000	     -4.35580424	      0.36236434	     -0.96382002	     -0.19006590	      0.91482457	     -0.54696994	     23.16823060	     -7.74244896	      1.26656647	     49.78624678	      0.86893393	     25.08628790	      0.00000000	      0.00000000	     22.63747578	     -4.54914581	     -1.07536828	     48.32281030	      0.84339214	     25.93938444	      0.00000000	      0.00000000	    -20.56234449	      0.55205899	      1.00980328
      1.85000000	     -4.34403952	      0.36648701	     -0.87108222	     -0.18927321	      0.91593475	     -0.54674754	     22.84467745	     -7.78786758	      1.05863268	     49.31409043	      0.86069325	     24.99437199	      0.00000000	      0.00000000	     22.44749260	     -4.54019707	     -1.05001510	     48.02317968	      0.83816260	     25.71714640	      0.00000000	      0.00000000	    -20.33108680	      0.55034559	      0.98240187
      1.85500000	     -4.34767717	      0.37529275	     -0.77557182	     -0.18843775	      0.91723154	     -0.54653728	     22.50299804	     -7.83788147	      0.83075627	     48.77402661	      0.85126735	     24.86587350	      0.00000000	      0.00000000	     22.24474119	     -4.52591934	     -1.02841120	     47.66681315	      0.83194283	     25.45258377	      0.00000000	      0.00000000	    -20.07615200	      0.54469765	      0.95491297
      1.86000000	     -4.36500424	      0.38628237	     -0.67436173	     -0.18756289	      0.91871393	     -0.54634457	     22.14299843	     -7.89124925	      0.58001710	     48.16930362	      0.84071295	     24.69587259	      0.00000000	      0.00000000	     22.02935965	     -4.50759755	     -1.00907195	     47.25662944	      0.82478378	     25.13736686	      0.00000000	      0.00000000	    -19.79994666	      0.53890640	      0.92354491
      1.86500000	     -4.39341388	      0.39699266	     -0.56647887	     -0.18664752	      0.92039045	     -0.54617231	     21.76240814	     -7.94476498	      0.30774223	     47.50127736	      0.82905369	     24.47599810	      0.00000000	      0.00000000	     21.80032586	     -4.48780931	     -0.99431856	     46.79468493	      0.81672132	     24.76933011	      0.00000000	      0.00000000	    -19.50593257	      0.53608142	      0.88756493
      1.87000000	     -4.43128069	      0.41135329	     -0.46069061	     -0.18570861	      0.92225451	     -0.54600627	     21.36891594	     -7.99769910	      0.02884388	     46.78122847	      0.81648646	     24.19683587	      0.00000000	      0.00000000	     21.55715424	     -4.46597796	     -0.99629898	     46.28345803	      0.80779873	     24.35487788	      0.00000000	      0.00000000	    -19.19744385	      0.52923317	      0.85308236
      1.87500000	     -4.47673025	      0.42812537	     -0.35513068	     -0.18475481	      0.92430834	     -0.54584985	     20.96327853	     -8.04982339	     -0.25687587	     46.01312415	      0.80308052	     23.85652150	      0.00000000	      0.00000000	     21.30065994	     -4.44158678	     -1.01141249	     45.72562971	      0.79806279	     23.88968130	      0.00000000	      0.00000000	    -18.87817320	      0.52027556	      0.81869048
      1.88000000	     -4.52565711	      0.44639654	     -0.25735849	     -0.18379972	      0.92654882	     -0.54569058	     20.54750801	     -8.09672674	     -0.53731249	     45.20469076	      0.78897069	     23.44939546	      0.00000000	      0.00000000	     21.02939611	     -4.41907967	     -1.04776587	     45.12694662	      0.78761380	     23.36684871	      0.00000000	      0.00000000	    -18.55557558	      0.50708222	      0.79162031
      1.88500000	     -4.57636066	      0.46499408	     -0.16644433	     -0.18284972	      0.92897982	     -0.54552901	     20.12169876	     -8.13687075	     -0.80789847	     44.35925132	      0.77421499	     22.97084884	      0.00000000	      0.00000000	     20.74443327	     -4.39870345	     -1.10305050	     44.49049041	      0.77650554	     22.79100930	      0.00000000	      0.00000000	    -18.23195183	      0.49057096	      0.77055402
      1.89000000	     -4.62779992	      0.48206272	     -0.07980461	     -0.18191232	      0.93159468	     -0.54537073	     19.68914549	     -8.17113168	     -1.07106947	     43.48635770	      0.75898012	     22.41637049	      0.00000000	      0.00000000	     20.44871187	     -4.38084219	     -1.17226062	     43.82271734	      0.76485070	     22.15676572	      0.00000000	      0.00000000	    -17.91059756	      0.47519152	      0.75177564
      1.89500000	     -4.68174353	      0.49364183	      0.00920151	     -0.18098447	      0.93439317	     -0.54522250	     19.25102737	     -8.19736530	     -1.33173502	     42.58753195	      0.74329265	     21.78268064	      0.00000000	      0.00000000	     20.14869139	     -4.36740302	     -1.24498028	     43.12937741	      0.75274964	     21.45210084	      0.00000000	      0.00000000	    -17.58898418	      0.46688569	      0.73084917
      1.90000000	     -4.73715893	      0.50174964	      0.09704397	     -0.18007342	      0.93736569	     -0.54507782	     18.81274580	     -8.21584663	     -1.58021517	     41.67172572	      0.72730882	     21.05875484	      0.00000000	      0.00000000	     19.84527097	     -4.35767810	     -1.32359284	     42.41467680	      0.74027576	     20.68013674	      0.00000000	      0.00000000	    -17.26959577	      0.46293952	      0.70742043
      1.90500000	     -4.79780755	      0.50874401	      0.18733706	     -0.17918257	      0.94050161	     -0.54493939	     18.38163043	     -8.23111620	     -1.81502192	     40.74530215	      0.71113968	     20.25003674	      0.00000000	      0.00000000	     19.54594217	     -4.34790819	     -1.40197661	     41.68265740	      0.72749961	     19.84028458	      0.00000000	      0.00000000	    -16.94954536	      0.46045092	      0.67936736
      1.91000000	     -4.86375103	      0.51559665	      0.27840540	     -0.17831855	      0.94378700	     -0.54480848	     17.96509036	     -8.24583049	     -2.03584858	     39.82162628	      0.69501849	     19.35778903	      0.00000000	      0.00000000	     19.25388152	     -4.33757559	     -1.47937075	     40.93903159	      0.71452089	     18.93310576	      0.00000000	      0.00000000	    -16.63132244	      0.45932675	      0.64957103
      1.91500000	     -4.93473382	      0.52399847	      0.36650479	     -0.17748393	      0.94720931	     -0.54467841	     17.56575196	     -8.25968093	     -2.23483506	     38.90360544	      0.67899601	     18.39312375	      0.00000000	      0.00000000	     18.96972222	     -4.32597604	     -1.55681214	     40.18627247	      0.70138277	     17.96354514	      0.00000000	      0.00000000	    -16.31414617	      0.45479224	      0.62351429
      1.92000000	     -5.00535704	      0.53706031	      0.44894408	     -0.17668931	      0.95075534	     -0.54455109	     17.18287759	     -8.27729872	     -2.40809064	     37.99930381	      0.66321296	     17.36520668	      0.00000000	      0.00000000	     18.68930221	     -4.31036045	     -1.63594348	     39.42685192	      0.68812838	     16.93917045	      0.00000000	      0.00000000	    -16.00880214	      0.44239297	      0.60510432
      1.92500000	     -5.07653387	      0.55446792	      0.52682507	     -0.17592967	      0.95440927	     -0.54443245	     16.81676175	     -8.30115317	     -2.55944084	     37.11118992	      0.64771245	     16.28773047	      0.00000000	      0.00000000	     18.41557036	     -4.29037222	     -1.71421167	     38.66544936	      0.67483940	     15.86588539	      0.00000000	      0.00000000	    -15.71123747	      0.42099243	      0.60189176
      1.93000000	     -5.14419939	      0.57417195	      0.59804839	     -0.17520461	      0.95815861	     -0.54432801	     16.46320125	     -8.32855762	     -2.68927115	     36.24140302	      0.63253181	     15.16999958	      0.00000000	      0.00000000	     18.14511280	     -4.26838620	     -1.79139255	     37.90542227	      0.66157442	     14.74710192	      0.00000000	      0.00000000	    -15.42427314	      0.39588813	      0.60892300
      1.93500000	     -5.20702336	      0.59805162	      0.66232976	     -0.17450893	      0.96198468	     -0.54423764	     16.12007277	     -8.36011710	     -2.79724981	     35.38601914	      0.61760254	     14.01504847	      0.00000000	      0.00000000	     17.87711686	     -4.24262353	     -1.86776617	     37.14988593	      0.64838783	     13.59304286	      0.00000000	      0.00000000	    -15.14747955	      0.36425652	      0.62495861
      1.94000000	     -5.26655096	      0.62897927	      0.71887398	     -0.17383734	      0.96586909	     -0.54416368	     15.78994724	     -8.40119122	     -2.88466507	     34.55047083	      0.60301947	     12.82864248	      0.00000000	      0.00000000	     17.61291989	     -4.20974649	     -1.94328308	     36.39992851	      0.63529860	     12.41055987	      0.00000000	      0.00000000	    -14.88187575	      0.32291247	      0.65349606
      1.94500000	     -5.32450093	      0.66610220	      0.76769263	     -0.17318223	      0.96978814	     -0.54410756	     15.47360068	     -8.45112830	     -2.95456860	     33.73412058	      0.58877147	     11.61857733	      0.00000000	      0.00000000	     17.35515597	     -4.17052228	     -2.01859224	     35.66036292	      0.62239075	     11.21393916	      0.00000000	      0.00000000	    -14.62318695	      0.27446140	      0.69207661
      1.95000000	     -5.38165273	      0.70936264	      0.80709726	     -0.17254774	      0.97371997	     -0.54406630	     15.17337467	     -8.50790692	     -3.00550462	     32.93852994	      0.57488580	     10.39082137	      0.00000000	      0.00000000	     17.10628059	     -4.12568485	     -2.09409608	     34.93548529	      0.60973924	     10.01102632	      0.00000000	      0.00000000	    -14.37525807	      0.22153747	      0.73077285
      1.95500000	     -5.43957980	      0.75971311	      0.83620822	     -0.17192987	      0.97763883	     -0.54403774	     14.89166180	     -8.57266940	     -3.03926484	     32.16503773	      0.56138581	      9.15162900	      0.00000000	      0.00000000	     16.86868378	     -4.07446199	     -2.17338011	     34.22887097	      0.59740650	      8.81829778	      0.00000000	      0.00000000	    -14.13740431	      0.16103666	      0.77717915
      1.96000000	     -5.50271532	      0.81538589	      0.85488480	     -0.17133386	      0.98152166	     -0.54402282	     14.63187195	     -8.64430345	     -3.05333303	     31.41617048	      0.54831561	      7.91970648	      0.00000000	      0.00000000	     16.64792911	     -4.01709824	     -2.25135474	     33.54132702	      0.58540659	      7.63937643	      0.00000000	      0.00000000	    -13.90726040	      0.09530814	      0.83441229
      1.96500000	     -5.56804500	      0.87377464	      0.86269499	     -0.17076567	      0.98534361	     -0.54402210	     14.39229292	     -8.71780608	     -3.05193803	     30.69015857	      0.53564431	      6.70484465	      0.00000000	      0.00000000	     16.44376987	     -3.95707826	     -2.33144846	     32.87894081	      0.57384577	      6.48975590	      0.00000000	      0.00000000	    -13.68502909	      0.02974394	      0.89297410
      1.97000000	     -5.63931039	      0.93413478	      0.86160054	     -0.17023017	      0.98907878	     -0.54403510	     14.17919305	     -8.79213248	     -3.03939269	     29.99280140	      0.52347314	      5.51720753	      0.00000000	      0.00000000	     16.26182345	     -3.89365690	     -2.40818597	     32.24301061	      0.56274670	      5.36716340	      0.00000000	      0.00000000	    -13.46712237	     -0.03620703	      0.95374947
      1.97500000	     -5.71694158	      0.99532990	      0.85321419	     -0.16973070	      0.99270416	     -0.54406409	     13.99345772	     -8.86627188	     -3.01656896	     29.32409642	      0.51180203	      4.36815312	      0.00000000	      0.00000000	     16.10324560	     -3.82669824	     -2.47878301	     31.63516903	      0.55213786	      4.28407346	      0.00000000	      0.00000000	    -13.25245548	     -0.10197159	      1.02071768
      1.98000000	     -5.80331329	      1.05711545	      0.84203412	     -0.16927631	      0.99619551	     -0.54411103	     13.83746170	     -8.93988134	     -2.98621757	     28.68561889	      0.50065850	      3.27411327	      0.00000000	      0.00000000	     15.97256247	     -3.75458260	     -2.53483113	     31.05716054	      0.54204971	      3.24056682	      0.00000000	      0.00000000	    -13.03907306	     -0.16617364	      1.08623073
      1.98500000	     -5.89841227	      1.11799053	      0.82853065	     -0.16887582	      0.99952659	     -0.54417401	     13.71559233	     -9.01000149	     -2.94963410	     28.08424419	      0.49016253	      2.23737893	      0.00000000	      0.00000000	     15.87275062	     -3.67953795	     -2.57849564	     30.51602972	      0.53260519	      2.25385967	      0.00000000	      0.00000000	    -12.82663029	     -0.22770037	      1.14861541
      1.99000000	     -6.00524068	      1.17894968	      0.81494927	     -0.16853572	      1.00267635	     -0.54424929	     13.63090526	     -9.07705835	     -2.90043935	     27.52329386	      0.48037210	      1.27643875	      0.00000000	      0.00000000	     15.80693198	     -3.59926492	     -2.60353247	     30.01193713	      0.52380712	      1.32318265	      0.00000000	      0.00000000	    -12.61365769	     -0.28937091	      1.21091017
      1.99500000	     -6.12164919	      1.23729499	      0.80378861	     -0.16825646	      1.00562916	     -0.54433863	     13.57660414	     -9.13727868	     -2.83676727	     26.99721637	      0.47119031	      0.40448270	      0.00000000	      0.00000000	     15.77437058	     -3.51692719	     -2.61006060	     29.55000079	      0.51574481	      0.46403090	      0.00000000	      0.00000000	    -12.40246722	     -0.34714777	      1.26807527
      2.00000000	     -6.24412808	      1.29218926	      0.79536276	     -0.16803769	      1.00837074	     -0.54443786	     13.54799874	     -9.18844237	     -2.75883195	     26.50874239	      0.46266484	     -0.36457594	      0.00000000	      0.00000000	     15.77107675	     -3.43435640	     -2.60141258	     29.13172987	      0.50844460	     -0.31449574	      0.00000000	      0.00000000	    -12.19615380	     -0.40076406	      1.31963028
      2.00500000	     -6.36966251	      1.34460225	      0.78850063	     -0.16787662	      1.01088681	     -0.54453942	     13.54454049	     -9.23060309	     -2.66501697	     26.06492976	      0.45491884	     -1.01868338	      0.00000000	      0.00000000	     15.79275114	     -3.35200293	     -2.58288436	     28.75923847	      0.50194340	     -0.99617558	      0.00000000	      0.00000000	    -11.99744796	     -0.45255893	      1.36723068
      2.01000000	     -6.49273087	      1.39401931	      0.78270367	     -0.16776588	      1.01317418	     -0.54463697	     13.55621514	     -9.26190891	     -2.55207289	     25.66123112	      0.44787297	     -1.54381552	      0.00000000	      0.00000000	     15.83086956	     -3.27168549	     -2.55704592	     28.43167318	      0.49622631	     -1.57435119	      0.00000000	      0.00000000	    -11.81213575	     -0.50231084	      1.41038712
      2.01500000	     -6.60889889	      1.43820679	      0.77667443	     -0.16769877	      1.01522840	     -0.54472627	     13.57642623	     -9.28007702	     -2.42066439	     25.29889533	      0.44154902	     -1.93177251	      0.00000000	      0.00000000	     15.87888052	     -3.19733997	     -2.52830797	     28.15117846	      0.49133075	     -2.02834671	      0.00000000	      0.00000000	    -11.64469800	     -0.54792551	      1.44916883
      2.02000000	     -6.71432373	      1.48037468	      0.76618459	     -0.16767648	      1.01704690	     -0.54479715	     13.60470515	     -9.28737702	     -2.26570160	     24.98472006	      0.43606563	     -2.16616977	      0.00000000	      0.00000000	     15.92899467	     -3.12676028	     -2.49952618	     27.91550801	      0.48721753	     -2.34250182	      0.00000000	      0.00000000	    -11.49930750	     -0.59444402	      1.48878019
      2.02500000	     -6.80673470	      1.52016408	      0.74979489	     -0.16769560	      1.01863151	     -0.54484412	     13.63734573	     -9.28291961	     -2.08345999	     24.71905574	      0.43142891	     -2.23860722	      0.00000000	      0.00000000	     15.97582498	     -3.06123437	     -2.46966636	     27.72430548	      0.48388041	     -2.50464228	      0.00000000	      0.00000000	    -11.37827316	     -0.64183789	      1.53025775
      2.03000000	     -6.88323566	      1.55601909	      0.72743890	     -0.16775102	      1.01998995	     -0.54486626	     13.66738874	     -9.26590868	     -1.87619833	     24.49616919	      0.42753881	     -2.15028845	      0.00000000	      0.00000000	     16.01387280	     -3.00277227	     -2.43636383	     27.57602028	      0.48129235	     -2.51248641	      0.00000000	      0.00000000	    -11.28466893	     -0.68819391	      1.57333263
      2.03500000	     -6.94104910	      1.58906594	      0.70015604	     -0.16783676	      1.02112894	     -0.54486496	     13.69130909	     -9.23895689	     -1.64980211	     24.31623075	      0.42439829	     -1.91600083	      0.00000000	      0.00000000	     16.03880772	     -2.95024922	     -2.39813251	     27.46951837	      0.47943354	     -2.37519665	      0.00000000	      0.00000000	    -11.22058233	     -0.73459982	      1.61751304
      2.04000000	     -6.97837638	      1.62111794	      0.67044015	     -0.16794774	      1.02205420	     -0.54484363	     13.70642666	     -9.20512496	     -1.41105057	     24.17812197	      0.42198784	     -1.56266925	      0.00000000	      0.00000000	     16.04867910	     -2.90142997	     -2.35336773	     27.40361971	      0.47828339	     -2.12099649	      0.00000000	      0.00000000	    -11.18763536	     -0.78272948	      1.66021958
      2.04500000	     -6.99421934	      1.64783262	      0.64143539	     -0.16807596	      1.02277108	     -0.54480855	     13.70865707	     -9.16151656	     -1.16931313	     24.07760915	      0.42023356	     -1.14387615	      0.00000000	      0.00000000	     16.04616911	     -2.86189828	     -2.30399630	     27.38248863	      0.47791458	     -1.79969762	      0.00000000	      0.00000000	    -11.18654631	     -0.82657210	      1.69826863
      2.05000000	     -6.99041723	      1.66753429	      0.61814256	     -0.16821783	      1.02328117	     -0.54477049	     13.69964588	     -9.10948847	     -0.93779880	     24.01392999	      0.41912214	     -0.71803702	      0.00000000	      0.00000000	     16.03792292	     -2.83264751	     -2.24741848	     27.40922361	      0.47838120	     -1.47296694	      0.00000000	      0.00000000	    -11.21454589	     -0.86305833	      1.72754742
      2.05500000	     -6.96791459	      1.67893703	      0.60339922	     -0.16837127	      1.02357902	     -0.54473794	     13.67976445	     -9.04957919	     -0.72280361	     23.98737178	      0.41865862	     -0.33489685	      0.00000000	      0.00000000	     16.03054848	     -2.81494282	     -2.18496260	     27.48961452	      0.47978428	     -1.19828917	      0.00000000	      0.00000000	    -11.26980341	     -0.88992410	      1.74531871
      2.06000000	     -6.93220522	      1.67906027	      0.59862628	     -0.16853903	      1.02365342	     -0.54471805	     13.65597961	     -8.98032758	     -0.52818974	     23.99965297	      0.41887296	     -0.02592263	      0.00000000	      0.00000000	     16.03391232	     -2.81138005	     -2.11492287	     27.62608805	      0.48216620	     -1.02249997	      0.00000000	      0.00000000	    -11.34562667	     -0.90270201	      1.75155887
      2.06500000	     -6.88685389	      1.66572794	      0.60394355	     -0.16872119	      1.02349670	     -0.54471321	     13.63312391	     -8.90122895	     -0.36026476	     24.05041845	      0.41975899	      0.17760715	      0.00000000	      0.00000000	     16.05386177	     -2.82462660	     -2.03615370	     27.82012827	      0.48555284	     -0.97760224	      0.00000000	      0.00000000	    -11.43722213	     -0.89872703	      1.74667184
      2.07000000	     -6.83272784	      1.64281718	      0.61806945	     -0.16891348	      1.02310477	     -0.54472515	     13.61284345	     -8.81810054	     -0.22203503	     24.13981900	      0.42131932	      0.26705539	      0.00000000	      0.00000000	     16.08735560	     -2.84935779	     -1.94725551	     28.06428590	      0.48981419	     -1.06890505	      0.00000000	      0.00000000	    -11.54115173	     -0.88269782	      1.73389467
      2.07500000	     -6.77054339	      1.61403226	      0.63635326	     -0.16911020	      1.02247287	     -0.54474698	     13.59539068	     -8.73433091	     -0.10953014	     24.26440391	      0.42349374	      0.24381863	      0.00000000	      0.00000000	     16.12909633	     -2.88221747	     -1.85229856	     28.35026738	      0.49480551	     -1.27827130	      0.00000000	      0.00000000	    -11.65534161	     -0.85931368	      1.71653390
      2.08000000	     -6.70156829	      1.58226149	      0.65573636	     -0.16930510	      1.02160251	     -0.54477478	     13.58103568	     -8.65257881	     -0.02027979	     24.41937733	      0.42619854	      0.10578188	      0.00000000	      0.00000000	     16.17277208	     -2.91981608	     -1.75220087	     28.66770005	      0.50034575	     -1.57062620	      0.00000000	      0.00000000	    -11.77630381	     -0.83236208	      1.69866243
      2.08500000	     -6.62424447	      1.55168290	      0.67149578	     -0.16948988	      1.02050265	     -0.54479936	     13.56634485	     -8.57583776	      0.05078438	     24.60011196	      0.42935295	     -0.12961139	      0.00000000	      0.00000000	     16.20926421	     -2.95912404	     -1.65446781	     29.00696200	      0.50626699	     -1.89338651	      0.00000000	      0.00000000	    -11.90417124	     -0.80775756	      1.68446171
      2.09000000	     -6.53921271	      1.52611886	      0.68131611	     -0.16965911	      1.01917625	     -0.54481694	     13.55045844	     -8.50743126	      0.10911813	     24.80657888	      0.43295648	     -0.38816274	      0.00000000	      0.00000000	     16.23218602	     -2.99588151	     -1.56194949	     29.35726602	      0.51238095	     -2.17935497	      0.00000000	      0.00000000	    -12.03589192	     -0.79000659	      1.67680626
      2.09500000	     -6.44614197	      1.50758044	      0.68462182	     -0.16981089	      1.01762406	     -0.54482294	     13.53188043	     -8.45039435	      0.15587615	     25.03722652	      0.43698204	     -0.58034229	      0.00000000	      0.00000000	     16.23766527	     -3.02874619	     -1.47705531	     29.71138637	      0.51856152	     -2.35776750	      0.00000000	      0.00000000	    -12.17234684	     -0.78188354	      1.67475485
      2.10000000	     -6.34574074	      1.49890758	      0.68487447	     -0.16994147	      1.01584853	     -0.54482184	     13.51184838	     -8.41066500	      0.18271347	     25.29725609	      0.44152041	     -0.62249241	      0.00000000	      0.00000000	     16.22395903	     -3.05330489	     -1.39667636	     30.06071090	      0.52465838	     -2.37047607	      0.00000000	      0.00000000	    -12.31094703	     -0.78605083	      1.67580088
      2.10500000	     -6.23965853	      1.50080312	      0.68393022	     -0.17005710	      1.01384784	     -0.54481632	     13.49366534	     -8.39053579	      0.18616567	     25.59278901	      0.44667843	     -0.42575320	      0.00000000	      0.00000000	     16.19402745	     -3.06823181	     -1.31904970	     30.40018434	      0.53058331	     -2.17723248	      0.00000000	      0.00000000	    -12.45012437	     -0.80326288	      1.67751867
      2.11000000	     -6.13315446	      1.51251530	      0.68531021	     -0.17016825	      1.01161632	     -0.54481391	     13.48289373	     -8.39075344	      0.16648696	     25.92463708	      0.45247027	      0.05036777	      0.00000000	      0.00000000	     16.15660216	     -3.07209354	     -1.23596925	     30.72818308	      0.53630797	     -1.76889973	      0.00000000	      0.00000000	    -12.58557002	     -0.83173067	      1.67605934
      2.11500000	     -6.03054996	      1.53254001	      0.69252435	     -0.17028937	      1.00915324	     -0.54481783	     13.48468777	     -8.41000824	      0.12490274	     26.29153372	      0.45887383	      0.76698731	      0.00000000	      0.00000000	     16.12217218	     -3.06510377	     -1.14147044	     31.04803548	      0.54189045	     -1.17166720	      0.00000000	      0.00000000	    -12.71619727	     -0.86979248	      1.66691593
      2.12000000	     -5.94188056	      1.55680720	      0.70751013	     -0.17044110	      1.00645702	     -0.54483077	     13.51157735	     -8.44103889	      0.07059464	     26.69623024	      0.46593712	      1.65029989	      0.00000000	      0.00000000	     16.10983782	     -3.05018074	     -1.02986945	     31.37124227	      0.54753147	     -0.43233521	      0.00000000	      0.00000000	    -12.83159113	     -0.91238602	      1.64916210
      2.12500000	     -5.87180648	      1.57720687	      0.72610487	     -0.17065046	      1.00353324	     -0.54484782	     13.57015801	     -8.46987921	      0.02438851	     27.13594394	      0.47361157	      2.64804162	      0.00000000	      0.00000000	     16.13351753	     -3.03772886	     -0.90484903	     31.71542463	      0.55353858	      0.41096994	      0.00000000	      0.00000000	    -12.93078980	     -0.95002797	      1.62362653
      2.13000000	     -5.82472744	      1.59235596	      0.74692451	     -0.17093201	      1.00039127	     -0.54486200	     13.66799620	     -8.49263839	     -0.00433220	     27.61060312	      0.48189593	      3.70691918	      0.00000000	      0.00000000	     16.20320605	     -3.03073858	     -0.76947797	     32.09421302	      0.56014969	      1.32235512	      0.00000000	      0.00000000	    -13.01149424	     -0.98185425	      1.59311183
      2.13500000	     -5.79748645	      1.60105647	      0.76901571	     -0.17128455	      0.99704813	     -0.54486739	     13.80402471	     -8.50655165	     -0.01719446	     28.12110103	      0.49080580	      4.80154491	      0.00000000	      0.00000000	     16.31862810	     -3.03305819	     -0.63206238	     32.51940358	      0.56757066	      2.28111153	      0.00000000	      0.00000000	    -13.07667162	     -1.00724441	      1.56143854
      2.14000000	     -5.78530622	      1.60360674	      0.78740259	     -0.17169912	      0.99352347	     -0.54485788	     13.97558344	     -8.51010568	     -0.01247707	     28.66725787	      0.50033804	      5.93443068	      0.00000000	      0.00000000	     16.47456206	     -3.04799502	     -0.50716831	     32.99840061	      0.57593074	      3.28637839	      0.00000000	      0.00000000	    -13.13006890	     -1.02671546	      1.53408245
      2.14500000	     -5.77991260	      1.60052984	      0.80003486	     -0.17216080	      0.98983785	     -0.54483306	     14.17603329	     -8.50496469	      0.00359402	     29.24915111	      0.51049399	      7.12098773	      0.00000000	      0.00000000	     16.66040060	     -3.07707197	     -0.40415253	     33.53200621	      0.58524391	      4.34252457	      0.00000000	      0.00000000	    -13.17964885	     -1.04012453	      1.51285551
      2.15000000	     -5.77647588	      1.59420926	      0.80770263	     -0.17264636	      0.98601100	     -0.54479211	     14.39953684	     -8.49409597	      0.02502585	     29.86470490	      0.52123743	      8.36171163	      0.00000000	      0.00000000	     16.86687364	     -3.11778635	     -0.32561577	     34.11180251	      0.59536327	      5.44498097	      0.00000000	      0.00000000	    -13.22912537	     -1.05292808	      1.50634195
      2.15500000	     -5.76650767	      1.58429934	      0.81272327	     -0.17313747	      0.98206480	     -0.54474361	     14.63596604	     -8.47815282	      0.04374216	     30.51183993	      0.53253207	      9.65213163	      0.00000000	      0.00000000	     17.08153625	     -3.16810245	     -0.26831498	     34.72890565	      0.60613375	      6.58632658	      0.00000000	      0.00000000	    -13.28608727	     -1.06293669	      1.50885867
      2.16000000	     -5.74727423	      1.56862095	      0.81621061	     -0.17363422	      0.97802056	     -0.54469702	     14.88237737	     -8.45395261	      0.06222580	     31.19007253	      0.54436946	     10.97275210	      0.00000000	      0.00000000	     17.30111059	     -3.22706112	     -0.22616222	     35.37649372	      0.61743629	      7.75306535	      0.00000000	      0.00000000	    -13.35307840	     -1.06560872	      1.51255950
      2.16500000	     -5.71790740	      1.54271278	      0.82220248	     -0.17414209	      0.97389762	     -0.54466209	     15.13638767	     -8.41700226	      0.07850275	     31.89837454	      0.55673166	     12.30910023	      0.00000000	      0.00000000	     17.52786199	     -3.29529067	     -0.18988944	     36.05354786	      0.62925312	      8.92775019	      0.00000000	      0.00000000	    -13.43202828	     -1.05493110	      1.51457335
      2.17000000	     -5.67888418	      1.50378882	      0.83530656	     -0.17466759	      0.96972383	     -0.54464717	     15.39485485	     -8.36363665	      0.09050246	     32.63180252	      0.56953239	     13.64273319	      0.00000000	      0.00000000	     17.76576619	     -3.37202959	     -0.15194974	     36.76023926	      0.64158721	     10.09722841	      0.00000000	      0.00000000	    -13.52530264	     -1.02737224	      1.51092180
      2.17500000	     -5.63093491	      1.45109479	      0.85819719	     -0.17522229	      0.96552889	     -0.54466360	     15.65790153	     -8.29433027	      0.09291916	     33.38805120	      0.58273142	     14.95617820	      0.00000000	      0.00000000	     18.02120184	     -3.45551222	     -0.10974932	     37.50283853	      0.65454801	     11.24655262	      0.00000000	      0.00000000	    -13.63355194	     -0.97925813	      1.49262063
      2.18000000	     -5.57846057	      1.38268133	      0.88985188	     -0.17582378	      0.96133715	     -0.54471752	     15.93209092	     -8.20741697	      0.08784674	     34.16911955	      0.59636364	     16.22983577	      0.00000000	      0.00000000	     18.30714736	     -3.54770306	     -0.06709234	     38.29278757	      0.66833522	     12.36706501	      0.00000000	      0.00000000	    -13.75416305	     -0.90864537	      1.46135396
      2.18500000	     -5.52221300	      1.30077150	      0.92668318	     -0.17647566	      0.95718048	     -0.54480321	     16.22115545	     -8.10576336	      0.07876645	     34.97960983	      0.61050936	     17.45641632	      0.00000000	      0.00000000	     18.62791832	     -3.64794329	     -0.03096196	     39.13578701	      0.68304834	     13.44996548	      0.00000000	      0.00000000	    -13.88992959	     -0.82040456	      1.42867816
      2.19000000	     -5.46359006	      1.21047803	      0.96602048	     -0.17717645	      0.95309268	     -0.54491819	     16.53089298	     -7.99516723	      0.06843418	     35.82405500	      0.62524771	     18.62577914	      0.00000000	      0.00000000	     18.98419271	     -3.75131804	     -0.00299057	     40.02870743	      0.69863274	     14.48923144	      0.00000000	      0.00000000	    -14.04048753	     -0.72068122	      1.39343051
      2.19500000	     -5.39954939	      1.11817702	      1.00206136	     -0.17792313	      0.94911017	     -0.54505894	     16.86431833	     -7.88252096	      0.06489179	     36.71023806	      0.64071452	     19.73410569	      0.00000000	      0.00000000	     19.36835869	     -3.85151846	      0.01505072	     40.96424662	      0.71496098	     15.47562483	      0.00000000	      0.00000000	    -14.20823747	     -0.61740079	      1.35892900
      2.20000000	     -5.32574756	      1.03087044	      1.03075448	     -0.17870476	      0.94527140	     -0.54521632	     17.22222475	     -7.77413924	      0.07692361	     37.64601188	      0.65704686	     20.77559352	      0.00000000	      0.00000000	     19.76689948	     -3.94124255	      0.02656829	     41.92757778	      0.73177428	     16.40195448	      0.00000000	      0.00000000	    -14.39869562	     -0.51882281	      1.32745220
      2.20500000	     -5.23586339	      0.95526937	      1.05100588	     -0.17949909	      0.94162109	     -0.54537885	     17.59723155	     -7.67486001	      0.11037397	     38.62946798	      0.67421140	     21.74523027	      0.00000000	      0.00000000	     20.16097690	     -4.01357447	      0.03772467	     42.89960677	      0.74873939	     17.26131644	      0.00000000	      0.00000000	    -14.61725022	     -0.43346158	      1.30040641
      2.21000000	     -5.12576776	      0.89533084	      1.06480451	     -0.18028474	      0.93819663	     -0.54554503	     17.98167978	     -7.58748667	      0.16597984	     39.65260969	      0.69206860	     22.64094067	      0.00000000	      0.00000000	     20.53377090	     -4.06374755	      0.05607505	     43.85995508	      0.76550063	     18.04973426	      0.00000000	      0.00000000	    -14.86541228	     -0.36479648	      1.27205293
      2.21500000	     -4.99228958	      0.85250111	      1.07344123	     -0.18104448	      0.93502749	     -0.54570977	     18.36782814	     -7.51303969	      0.24418719	     40.70871332	      0.71050108	     23.45917795	      0.00000000	      0.00000000	     20.87042031	     -4.09025287	      0.08906427	     44.79058456	      0.78174317	     18.76280341	      0.00000000	      0.00000000	    -15.14426557	     -0.31474033	      1.24323096
      2.22000000	     -4.83720421	      0.82518844	      1.07856803	     -0.18175916	      0.93212498	     -0.54586515	     18.74813124	     -7.44751425	      0.34755330	     41.78134704	      0.72922207	     24.19339756	      0.00000000	      0.00000000	     21.16391703	     -4.09704572	      0.14005086	     45.67788609	      0.79722951	     19.40267575	      0.00000000	      0.00000000	    -15.44903197	     -0.28194195	      1.21490707
      2.22500000	     -4.66402095	      0.80952637	      1.08141548	     -0.18241800	      0.92948669	     -0.54600839	     19.11678814	     -7.38743120	      0.47268478	     42.85504294	      0.74796160	     24.84389387	      0.00000000	      0.00000000	     21.41172036	     -4.09080877	      0.20941279	     46.51140318	      0.81177713	     19.97261325	      0.00000000	      0.00000000	    -15.77165672	     -0.26305104	      1.18926442
      2.23000000	     -4.48258771	      0.80265084	      1.08155691	     -0.18301800	      0.92709067	     -0.54614386	     19.47757031	     -7.33232728	      0.61703363	     43.91938445	      0.76653786	     25.41281410	      0.00000000	      0.00000000	     21.61952590	     -4.07578011	      0.29734315	     47.28284542	      0.82524133	     20.47864900	      0.00000000	      0.00000000	    -16.09817949	     -0.25439124	      1.16634263
      2.23500000	     -4.30055356	      0.79913827	      1.07775104	     -0.18355597	      0.92490620	     -0.54627181	     19.83062486	     -7.28009779	      0.77371432	     44.96207058	      0.78473617	     25.90200617	      0.00000000	      0.00000000	     21.79276300	     -4.05974145	      0.40212821	     47.98894079	      0.83756502	     20.93050299	      0.00000000	      0.00000000	    -16.41634563	     -0.25000949	      1.14906426
      2.24000000	     -4.12687800	      0.79738199	      1.06929720	     -0.18403144	      0.92290081	     -0.54639728	     20.17612856	     -7.23226270	      0.93930124	     45.96846409	      0.80230105	     26.31683762	      0.00000000	      0.00000000	     21.93887020	     -4.04555762	      0.51984033	     48.62629739	      0.84868899	     21.33907645	      0.00000000	      0.00000000	    -16.71256706	     -0.24837698	      1.13962988
      2.24500000	     -3.96743624	      0.79641739	      1.05620866	     -0.18444527	      0.92104461	     -0.54652501	     20.51467053	     -7.19385998	      1.10295294	     46.93001887	      0.81908335	     26.66255962	      0.00000000	      0.00000000	     22.06243860	     -4.03456096	      0.64670158	     49.19329171	      0.85858491	     21.71030843	      0.00000000	      0.00000000	    -16.97770516	     -0.24805055	      1.13810117
      2.25000000	     -3.82757290	      0.79635837	      1.04034365	     -0.18479131	      0.91931171	     -0.54666217	     20.84351642	     -7.16991877	      1.25320798	     47.83369556	      0.83485548	     26.94552831	      0.00000000	      0.00000000	     22.16686074	     -4.02561991	      0.77994871	     49.68846805	      0.86722737	     22.05559479	      0.00000000	      0.00000000	    -17.20442541	     -0.24689621	      1.13381327
      2.25500000	     -3.70637492	      0.79441567	      1.02269292	     -0.18506317	      0.91769730	     -0.54681171	     21.15187703	     -7.16132582	      1.38107786	     48.66203356	      0.84931271	     27.18022672	      0.00000000	      0.00000000	     22.24843570	     -4.02197859	      0.91181988	     50.10945766	      0.87457502	     22.38304097	      0.00000000	      0.00000000	    -17.39131723	     -0.24163900	      1.13003965
      2.26000000	     -3.60279652	      0.79566035	      1.00502293	     -0.18525738	      0.91620328	     -0.54697250	     21.43047152	     -7.17434235	      1.48373896	     49.40104402	      0.86221087	     27.37041852	      0.00000000	      0.00000000	     22.30321194	     -4.01790954	      1.03470523	     50.45226392	      0.88055812	     22.69674579	      0.00000000	      0.00000000	    -17.53807059	     -0.23802317	      1.12185155
      2.26500000	     -3.51429132	      0.79871603	      0.99041166	     -0.18536742	      0.91483603	     -0.54714382	     21.66914787	     -7.20930740	      1.55134616	     50.03883151	      0.87334236	     27.52635190	      0.00000000	      0.00000000	     22.32756136	     -4.01505455	      1.14045093	     50.71761302	      0.88518934	     23.00154899	      0.00000000	      0.00000000	    -17.64607534	     -0.23358020	      1.10632123
      2.27000000	     -3.43795761	      0.80268282	      0.98161264	     -0.18538441	      0.91361490	     -0.54732485	     21.85503112	     -7.26431049	      1.57982418	     50.55931596	      0.88242653	     27.66315355	      0.00000000	      0.00000000	     22.31707236	     -4.01419525	      1.22098922	     50.90421825	      0.88844621	     23.30367629	      0.00000000	      0.00000000	    -17.71724851	     -0.22657746	      1.08125363
      2.27500000	     -3.36801698	      0.80410815	      0.98206246	     -0.18530907	      0.91256671	     -0.54751304	     21.97418284	     -7.33408030	      1.56713308	     50.95044072	      0.88925295	     27.78567074	      0.00000000	      0.00000000	     22.26775600	     -4.01960441	      1.26938835	     51.01414970	      0.89036488	     23.60017029	      0.00000000	      0.00000000	    -17.75542070	     -0.21526927	      1.05867740
      2.28000000	     -3.30462988	      0.80359543	      0.99567676	     -0.18513731	      0.91170458	     -0.54770094	     22.02198898	     -7.41657220	      1.50920150	     51.20591843	      0.89371187	     27.89102121	      0.00000000	      0.00000000	     22.18268915	     -4.03079107	      1.28161401	     51.05138328	      0.89101473	     23.89183811	      0.00000000	      0.00000000	    -17.75958725	     -0.20060730	      1.03252483
      2.28500000	     -3.24597075	      0.79613913	      1.02727126	     -0.18486613	      0.91105182	     -0.54789416	     21.99220224	     -7.50669809	      1.39811148	     51.32222526	      0.89574181	     27.98950021	      0.00000000	      0.00000000	     22.06311210	     -4.05115448	      1.25849566	     51.02020945	      0.89047064	     24.17336805	      0.00000000	      0.00000000	    -17.73246010	     -0.17542421	      0.99974877
      2.29000000	     -3.19124562	      0.77881194	      1.07931590	     -0.18449722	      0.91062767	     -0.54808927	     21.88092902	     -7.59804659	      1.23426613	     51.29567493	      0.89527842	     28.08024162	      0.00000000	      0.00000000	     21.91242108	     -4.08342673	      1.20137527	     50.92477870	      0.88880506	     24.43867986	      0.00000000	      0.00000000	    -17.67659621	     -0.13659670	      0.95942919
      2.29500000	     -3.14279044	      0.75162253	      1.15081413	     -0.18404003	      0.91044048	     -0.54828232	     21.69697487	     -7.68833557	      1.01865260	     51.13639804	      0.89249851	     28.15099680	      0.00000000	      0.00000000	     21.73782159	     -4.12739028	      1.11184501	     50.77161702	      0.88613188	     24.67673669	      0.00000000	      0.00000000	    -17.59166074	     -0.08554598	      0.91375881
      2.30000000	     -3.10353550	      0.71566247	      1.23980863	     -0.18350200	      0.91050011	     -0.54847107	     21.45002347	     -7.77562298	      0.75516487	     50.85535480	      0.88759338	     28.20049348	      0.00000000	      0.00000000	     21.54491140	     -4.18023856	      0.99547423	     50.56289252	      0.88248895	     24.88199991	      0.00000000	      0.00000000	    -17.47720963	     -0.02349370	      0.85789328
      2.30500000	     -3.07567838	      0.67079730	      1.34380326	     -0.18289740	      0.91081317	     -0.54865706	     21.15126908	     -7.85692344	      0.44990052	     50.46527741	      0.88078525	     28.22077622	      0.00000000	      0.00000000	     21.33967058	     -4.24035613	      0.85957042	     50.30312724	      0.87795519	     25.03954859	      0.00000000	      0.00000000	    -17.33518280	      0.04967204	      0.79688739
      2.31000000	     -3.06146877	      0.61564628	      1.45845664	     -0.18224465	      0.91138314	     -0.54883519	     20.81369432	     -7.92597269	      0.11387509	     49.97946775	      0.87230627	     28.19890941	      0.00000000	      0.00000000	     21.12879164	     -4.30843148	      0.71460900	     49.99652015	      0.87260389	     25.14116842	      0.00000000	      0.00000000	    -17.16478545	      0.13256748	      0.74129550
      2.31500000	     -3.06337505	      0.55354213	      1.57845122	     -0.18156038	      0.91220864	     -0.54900752	     20.45415962	     -7.98428399	     -0.24404273	     49.41663658	      0.86248301	     28.12145046	      0.00000000	      0.00000000	     20.91679323	     -4.37911596	      0.56957523	     49.64456691	      0.86646115	     25.17531764	      0.00000000	      0.00000000	    -16.96698581	      0.22099948	      0.69448120
      2.32000000	     -3.08095366	      0.48542539	      1.70173842	     -0.18085425	      0.91329708	     -0.54917791	     20.08012290	     -8.03077951	     -0.61505007	     48.78870663	      0.85152357	     27.98289529	      0.00000000	      0.00000000	     20.70343183	     -4.44867808	      0.43821960	     49.24461470	      0.85948067	     25.13608741	      0.00000000	      0.00000000	    -16.74518704	      0.31375211	      0.65869024
      2.32500000	     -3.11444504	      0.41142005	      1.82413942	     -0.18013797	      0.91464329	     -0.54934290	     19.70219890	     -8.06294823	     -0.98956582	     48.10849902	      0.83965171	     27.77149454	      0.00000000	      0.00000000	     20.49150088	     -4.51774769	      0.32744109	     48.80023547	      0.85172478	     25.01290215	      0.00000000	      0.00000000	    -16.50221598	      0.40987736	      0.63760510
      2.33000000	     -3.16150284	      0.32975174	      1.94239135	     -0.17941679	      0.91625108	     -0.54950780	     19.32541255	     -8.07810789	     -1.36061446	     47.38825253	      0.82708103	     27.47869240	      0.00000000	      0.00000000	     20.27812679	     -4.58743135	      0.24573441	     48.30931234	      0.84315656	     24.80841181	      0.00000000	      0.00000000	    -16.24201481	      0.51137961	      0.63191262
      2.33500000	     -3.22016838	      0.24651992	      2.05171963	     -0.17868993	      0.91811472	     -0.54966832	     18.95563790	     -8.08189053	     -1.71941062	     46.63927739	      0.81400895	     27.10032181	      0.00000000	      0.00000000	     20.05906283	     -4.65286055	      0.19130458	     47.77014076	      0.83374624	     24.51868305	      0.00000000	      0.00000000	    -15.97074546	      0.61278449	      0.63283583
      2.34000000	     -3.28867680	      0.16080934	      2.14874765	     -0.17795620	      0.92023038	     -0.54982002	     18.59516837	     -8.07139667	     -2.05779636	     45.86907136	      0.80056632	     26.63054364	      0.00000000	      0.00000000	     19.83199027	     -4.71702826	      0.16308294	     47.18370629	      0.82351103	     24.14689238	      0.00000000	      0.00000000	    -15.68967193	      0.71353115	      0.64538605
      2.34500000	     -3.36500454	      0.07395854	      2.22973869	     -0.17721858	      0.92258638	     -0.54996025	     18.24626801	     -8.04726308	     -2.36803313	     45.08293448	      0.78684564	     26.06771785	      0.00000000	      0.00000000	     19.59577492	     -4.78127574	      0.15523086	     46.55416263	      0.81252342	     23.69228468	      0.00000000	      0.00000000	    -15.40177118	      0.81284308	      0.66761836
      2.35000000	     -3.44665699	     -0.01073769	      2.29381737	     -0.17647371	      0.92517178	     -0.55009190	     17.90904806	     -8.01525257	     -2.64871236	     44.28662140	      0.77294736	     25.41464661	      0.00000000	      0.00000000	     19.34638147	     -4.84199716	      0.16565320	     45.88150609	      0.80078335	     23.15619948	      0.00000000	      0.00000000	    -15.10919044	      0.90740830	      0.69733835
      2.35500000	     -3.53298715	     -0.09029437	      2.33668016	     -0.17571950	      0.92797228	     -0.55020533	     17.58334348	     -7.97682157	     -2.89093609	     43.47895327	      0.75885089	     24.67411565	      0.00000000	      0.00000000	     19.08303687	     -4.89962979	      0.18209689	     45.16902856	      0.78834827	     22.53769922	      0.00000000	      0.00000000	    -14.81357846	      0.99241731	      0.74219774
      2.36000000	     -3.62319690	     -0.16436326	      2.35928080	     -0.17495650	      0.93097163	     -0.55030435	     17.26787858	     -7.93403102	     -3.09487973	     42.66181825	      0.74458919	     23.84810265	      0.00000000	      0.00000000	     18.80700473	     -4.95447953	      0.19912160	     44.42155694	      0.77530243	     21.84423831	      0.00000000	      0.00000000	    -14.51448351	      1.06729485	      0.80554269
      2.36500000	     -3.71540110	     -0.22943723	      2.36256971	     -0.17418763	      0.93415480	     -0.55039171	     16.96072749	     -7.89270141	     -3.26206113	     41.83586480	      0.73017359	     22.94039999	      0.00000000	      0.00000000	     18.51833914	     -5.00289487	      0.21192844	     43.64404748	      0.76173233	     21.07612663	      0.00000000	      0.00000000	    -14.21526168	      1.12940405	      0.88340955
      2.37000000	     -3.80961022	     -0.28392960	      2.34779659	     -0.17341095	      0.93750597	     -0.55046824	     16.66106005	     -7.85664174	     -3.39727553	     41.00244967	      0.71562775	     21.95595581	      0.00000000	      0.00000000	     18.21845937	     -5.04345480	      0.21407162	     42.83941979	      0.74768892	     20.23934938	      0.00000000	      0.00000000	    -13.91624517	      1.17649320	      0.97716658
      2.37500000	     -3.90270213	     -0.32911993	      2.31452827	     -0.17262749	      0.94101472	     -0.55053574	     16.36303569	     -7.82358309	     -3.49925384	     40.15876961	      0.70090275	     20.89807178	      0.00000000	      0.00000000	     17.90643271	     -5.07902813	      0.19619807	     42.01260473	      0.73325828	     19.34592943	      0.00000000	      0.00000000	    -13.62225738	      1.21082595	      1.08993215
      2.38000000	     -3.99419064	     -0.36115980	      2.26878467	     -0.17184630	      0.94466224	     -0.55060229	     16.06854812	     -7.80270969	     -3.57973554	     39.31174268	      0.68611934	     19.76901372	      0.00000000	      0.00000000	     17.58541885	     -5.10268825	      0.16357587	     41.16868697	      0.71852914	     18.39830884	      0.00000000	      0.00000000	    -13.33265512	      1.23060807	      1.20601406
      2.38500000	     -4.08302953	     -0.38326943	      2.21294893	     -0.17106791	      0.94843221	     -0.55067138	     15.77567293	     -7.79148686	     -3.64350954	     38.46128277	      0.67127602	     18.57849980	      0.00000000	      0.00000000	     17.25807385	     -5.11836667	      0.11295580	     40.31356030	      0.70360436	     17.39963541	      0.00000000	      0.00000000	    -13.04965447	      1.24023626	      1.32169616
      2.39000000	     -4.16887820	     -0.39715372	      2.14902094	     -0.17029911	      0.95230722	     -0.55074820	     15.48501632	     -7.78980273	     -3.69499912	     37.60875899	      0.65639667	     17.33754735	      0.00000000	      0.00000000	     16.92683233	     -5.12737882	      0.04347249	     39.45100213	      0.68854988	     16.35713689	      0.00000000	      0.00000000	    -12.77291429	      1.24255555	      1.43222245
      2.39500000	     -4.25259831	     -0.40288483	      2.08111640	     -0.16954184	      0.95626850	     -0.55083588	     15.19891295	     -7.79916115	     -3.73931669	     36.75829333	      0.64155325	     16.05743741	      0.00000000	      0.00000000	     16.59433500	     -5.12844428	     -0.04120764	     38.58274726	      0.67339597	     15.27223430	      0.00000000	      0.00000000	    -12.50286796	      1.23736785	      1.53881621
      2.40000000	     -4.33667775	     -0.40274119	      2.01222127	     -0.16880553	      0.96029155	     -0.55093440	     14.92327101	     -7.81891132	     -3.78128820	     35.91596537	      0.62685185	     14.74588392	      0.00000000	      0.00000000	     16.26754104	     -5.12394330	     -0.13850608	     37.71439447	      0.65824036	     14.14906748	      0.00000000	      0.00000000	    -12.23769945	      1.22748890	      1.63468781
      2.40500000	     -4.42082547	     -0.40137552	      1.94330834	     -0.16809172	      0.96435667	     -0.55104409	     14.65788286	     -7.84256903	     -3.82071285	     35.08394787	      0.61233040	     13.41469705	      0.00000000	      0.00000000	     15.94864144	     -5.12009073	     -0.25254029	     36.84980895	      0.64315049	     12.99633432	      0.00000000	      0.00000000	    -11.97957528	      1.21825949	      1.72319752
      2.41000000	     -4.50582923	     -0.39828392	      1.87826244	     -0.16740686	      0.96844598	     -0.55116686	     14.40568864	     -7.87155732	     -3.86345719	     34.26760018	      0.59808245	     12.06801897	      0.00000000	      0.00000000	     15.63889349	     -5.11408348	     -0.37490384	     35.98864497	      0.62812035	     11.81533950	      0.00000000	      0.00000000	    -11.72750010	      1.20886995	      1.80305021
      2.41500000	     -4.59283357	     -0.39485377	      1.81784856	     -0.16675230	      0.97253805	     -0.55129736	     14.16926870	     -7.90261974	     -3.90915619	     33.47234126	      0.58420256	     10.71367749	      0.00000000	      0.00000000	     15.34064684	     -5.10784613	     -0.50569077	     35.13300426	      0.61318660	     10.61915690	      0.00000000	      0.00000000	    -11.48372232	      1.20007908	      1.88141343
      2.42000000	     -4.67916253	     -0.39579541	      1.76368340	     -0.16613740	      0.97661415	     -0.55143755	     13.94545077	     -7.92960068	     -3.95854842	     32.69863609	      0.57069886	      9.35984792	      0.00000000	      0.00000000	     15.05532946	     -5.10704455	     -0.64404325	     34.29083632	      0.59848800	      9.41790034	      0.00000000	      0.00000000	    -11.24953399	      1.20001158	      1.94412520
      2.42500000	     -4.76384215	     -0.40266952	      1.71998468	     -0.16555762	      0.98065880	     -0.55159010	     13.73111933	     -7.94951246	     -4.01942640	     31.94638969	      0.55756968	      8.01702683	      0.00000000	      0.00000000	     14.78288121	     -5.11211490	     -0.78353997	     33.46390550	      0.58405533	      8.21529223	      0.00000000	      0.00000000	    -11.02592461	      1.21013002	      1.99133088
      2.43000000	     -4.84679586	     -0.41658083	      1.68806348	     -0.16501657	      0.98465320	     -0.55175167	     13.52637275	     -7.96051624	     -4.09337593	     31.21339400	      0.54477650	      6.69093227	      0.00000000	      0.00000000	     14.52476912	     -5.12321249	     -0.91873730	     32.65579757	      0.56995119	      7.02238866	      0.00000000	      0.00000000	    -10.81336899	      1.23069386	      2.02353311
      2.43500000	     -4.92938783	     -0.43669375	      1.66688989	     -0.16451736	      0.98857482	     -0.55192249	     13.33559317	     -7.96281284	     -4.17815158	     30.50523743	      0.53241683	      5.39912467	      0.00000000	      0.00000000	     14.28504931	     -5.13984005	     -1.05163924	     31.87223300	      0.55627541	      5.85553293	      0.00000000	      0.00000000	    -10.61122993	      1.26120056	      2.03979410
      2.44000000	     -5.01084764	     -0.46227751	      1.65833027	     -0.16405874	      0.99240635	     -0.55210419	     13.15655992	     -7.95770140	     -4.27602499	     29.82075080	      0.52047029	      4.14819972	      0.00000000	      0.00000000	     14.06455436	     -5.16018093	     -1.17564504	     31.11748150	      0.54310251	      4.71562255	      0.00000000	      0.00000000	    -10.41894987	      1.30075550	      2.03471502
      2.44500000	     -5.09389888	     -0.48931489	      1.66035113	     -0.16364104	      0.99612459	     -0.55229131	     12.99606846	     -7.94889991	     -4.38424697	     29.16751975	      0.50906925	      2.94935691	      0.00000000	      0.00000000	     13.86638588	     -5.17946632	     -1.28865302	     30.39339181	      0.53046476	      3.60979551	      0.00000000	      0.00000000	    -10.23487290	      1.34302036	      2.01645089
      2.45000000	     -5.18008962	     -0.51320264	      1.67007682	     -0.16326998	      0.99970573	     -0.55248409	     12.85952999	     -7.94269231	     -4.49664867	     28.54901216	      0.49827426	      1.81218758	      0.00000000	      0.00000000	     13.69218268	     -5.19159754	     -1.38817085	     29.70304996	      0.51841602	      2.55146650	      0.00000000	      0.00000000	    -10.05749523	      1.38266938	      1.98602643
      2.45500000	     -5.27066356	     -0.52815499	      1.68679993	     -0.16294636	      1.00312632	     -0.55268877	     12.75198980	     -7.94701491	     -4.61124638	     27.97781769	      0.48830504	      0.75919858	      0.00000000	      0.00000000	     13.54415676	     -5.18968317	     -1.47119540	     29.05071339	      0.50703060	      1.54588794	      0.00000000	      0.00000000	     -9.88525870	      1.41365755	      1.94363703
      2.46000000	     -5.36203931	     -0.53351286	      1.71056998	     -0.16266431	      1.00636879	     -0.55290503	     12.66661686	     -7.96298642	     -4.72820795	     27.45051716	      0.47910191	     -0.19824549	      0.00000000	      0.00000000	     13.41782842	     -5.17214431	     -1.53131865	     28.43840165	      0.49634374	      0.59451123	      0.00000000	      0.00000000	     -9.72124027	      1.43482858	      1.88992007
      2.46500000	     -5.45582411	     -0.52648844	      1.73859625	     -0.16242828	      1.00940734	     -0.55313106	     12.60956571	     -7.99354620	     -4.84203331	     26.97644117	      0.47082772	     -1.03615650	      0.00000000	      0.00000000	     13.31622808	     -5.13625013	     -1.56874167	     27.87237783	      0.48646476	     -0.28745186	      0.00000000	      0.00000000	     -9.56376798	      1.44263539	      1.82783278
      2.47000000	     -5.54922205	     -0.50639596	      1.77106167	     -0.16223437	      1.01222687	     -0.55337519	     12.57627353	     -8.04044495	     -4.95218947	     26.55491720	      0.46347074	     -1.73632709	      0.00000000	      0.00000000	     13.23642775	     -5.08066905	     -1.58073941	     27.35691712	      0.47746828	     -1.08559198	      0.00000000	      0.00000000	     -9.41570562	      1.43657960	      1.75928375
      2.47500000	     -5.63989350	     -0.47409378	      1.80554511	     -0.16207826	      1.01481320	     -0.55363323	     12.56382491	     -8.10109199	     -5.05286618	     26.19262989	      0.45714763	     -2.27536489	      0.00000000	      0.00000000	     13.17505113	     -5.00747351	     -1.56802126	     26.89391230	      0.46938732	     -1.79433725	      0.00000000	      0.00000000	     -9.27944939	      1.41722790	      1.68706771
      2.48000000	     -5.72616728	     -0.43406957	      1.83955618	     -0.16195721	      1.01715768	     -0.55389959	     12.56823956	     -8.16832002	     -5.13709045	     25.88483484	      0.45177559	     -2.63933595	      0.00000000	      0.00000000	     13.12924886	     -4.92249725	     -1.53146388	     26.48483605	      0.46224759	     -2.39940228	      0.00000000	      0.00000000	     -9.15652910	      1.38886736	      1.61552790
      2.48500000	     -5.80878346	     -0.38751750	      1.86796403	     -0.16187484	      1.01925353	     -0.55416799	     12.59286873	     -8.23873786	     -5.19176730	     25.63929184	      0.44749006	     -2.81128936	      0.00000000	      0.00000000	     13.09804737	     -4.82857928	     -1.47618569	     26.13031289	      0.45605999	     -2.88763697	      0.00000000	      0.00000000	     -9.04709808	      1.35219446	      1.55048361
      2.49000000	     -5.88516459	     -0.33789556	      1.88748276	     -0.16182942	      1.02110416	     -0.55443388	     12.63329134	     -8.30660415	     -5.20760333	     25.45474871	      0.44426918	     -2.78984255	      0.00000000	      0.00000000	     13.07495199	     -4.73002974	     -1.40352470	     25.82573819	      0.45074416	     -3.25588684	      0.00000000	      0.00000000	     -8.95397410	      1.31049476	      1.49818382
      2.49500000	     -5.95439154	     -0.28864511	      1.89505438	     -0.16182121	      1.02271383	     -0.55468890	     12.68909420	     -8.36630815	     -5.17604354	     25.33278682	      0.44214054	     -2.58931506	      0.00000000	      0.00000000	     13.05664234	     -4.63162051	     -1.31627361	     25.56940262	      0.44627026	     -3.50568457	      0.00000000	      0.00000000	     -8.87851634	      1.26720225	      1.46005003
      2.50000000	     -6.01539487	     -0.24311626	      1.88817702	     -0.16185297	      1.02408941	     -0.55492892	     12.75840583	     -8.41294578	     -5.08686323	     25.26914785	      0.44102983	     -2.24038221	      0.00000000	      0.00000000	     13.04024259	     -4.53758935	     -1.21772504	     25.35980957	      0.44261217	     -3.63291173	      0.00000000	      0.00000000	     -8.82253099	      1.22583478	      1.43871031
      2.50500000	     -6.06644403	     -0.20269329	      1.86709587	     -0.16192028	      1.02523943	     -0.55515159	     12.83892441	     -8.44448626	     -4.93999426	     25.26551500	      0.44096642	     -1.79159919	      0.00000000	      0.00000000	     13.02297535	     -4.45018200	     -1.10977556	     25.19653061	      0.43976242	     -3.64689649	      0.00000000	      0.00000000	     -8.78797795	      1.18808947	      1.43257060
      2.51000000	     -6.10457940	     -0.16920261	      1.83213828	     -0.16202099	      1.02617456	     -0.55535494	     12.92542813	     -8.45767835	     -4.73572074	     25.31398183	      0.44181233	     -1.30747489	      0.00000000	      0.00000000	     13.00164416	     -4.37230297	     -0.99631415	     25.07894136	      0.43771010	     -3.56231783	      0.00000000	      0.00000000	     -8.77716887	      1.15529700	      1.44335506
      2.51500000	     -6.13044534	     -0.14362507	      1.78465292	     -0.16214955	      1.02689751	     -0.55553808	     13.01704068	     -8.45092876	     -4.47677748	     25.40906781	      0.44347189	     -0.84428326	      0.00000000	      0.00000000	     12.97995328	     -4.30660621	     -0.88309040	     25.01200851	      0.43654190	     -3.40024146	      0.00000000	      0.00000000	     -8.78949902	      1.12895394	      1.46457250
      2.52000000	     -6.14410887	     -0.12579930	      1.72417798	     -0.16230542	      1.02740902	     -0.55569440	     13.11349880	     -8.42331838	     -4.16363143	     25.54902219	      0.44591456	     -0.43867514	      0.00000000	      0.00000000	     12.96119147	     -4.25541767	     -0.77967689	     24.99823829	      0.43630157	     -3.19155771	      0.00000000	      0.00000000	     -8.82467186	      1.10753863	      1.49854724
      2.52500000	     -6.14597763	     -0.11453884	      1.65341574	     -0.16248599	      1.02770798	     -0.55582294	     13.21281737	     -8.37514611	     -3.80356720	     25.72880612	      0.44905238	     -0.12009309	      0.00000000	      0.00000000	     12.94994690	     -4.21904361	     -0.69245133	     25.04063884	      0.43704159	     -2.97783721	      0.00000000	      0.00000000	     -8.88088442	      1.08855511	      1.54255941
      2.53000000	     -6.13784009	     -0.10882708	      1.57103883	     -0.16269383	      1.02778963	     -0.55591930	     13.31630484	     -8.30690081	     -3.39628684	     25.94395492	      0.45280743	      0.09729385	      0.00000000	      0.00000000	     12.95200717	     -4.19865171	     -0.63237922	     25.14123795	      0.43879738	     -2.79973308	      0.00000000	      0.00000000	     -8.95619474	      1.06969573	      1.59733307
      2.53500000	     -6.12319062	     -0.10648012	      1.47937140	     -0.16293344	      1.02764342	     -0.55598525	     13.42888187	     -8.22297419	     -2.94943830	     26.19612157	      0.45720857	      0.20957999	      0.00000000	      0.00000000	     12.97448228	     -4.19210261	     -0.60155594	     25.30012025	      0.44157040	     -2.69124010	      0.00000000	      0.00000000	     -9.04694908	      1.04923393	      1.65614596
      2.54000000	     -6.10265643	     -0.10642390	      1.37933625	     -0.16320831	      1.02726509	     -0.55601935	     13.55191641	     -8.12516042	     -2.46892321	     26.48515950	      0.46225324	      0.20434275	      0.00000000	      0.00000000	     13.01755943	     -4.19828376	     -0.59926877	     25.51075788	      0.44524672	     -2.67269985	      0.00000000	      0.00000000	     -9.15310345	      1.02577785	      1.71450857
      2.54500000	     -6.07912031	     -0.10685164	      1.27384619	     -0.16352238	      1.02664866	     -0.55602757	     13.68900744	     -8.01697479	     -1.96534088	     26.80957805	      0.46791541	      0.06118267	      0.00000000	      0.00000000	     13.08144033	     -4.21307336	     -0.61607227	     25.76341690	      0.44965645	     -2.73939770	      0.00000000	      0.00000000	     -9.27124940	      0.99834743	      1.76771952
      2.55000000	     -6.05427627	     -0.10446275	      1.16576031	     -0.16387660	      1.02579339	     -0.55601598	     13.84439053	     -7.90583798	     -1.45159470	     27.17262300	      0.47425174	     -0.22964880	      0.00000000	      0.00000000	     13.16220439	     -4.23004066	     -0.63845798	     26.04539062	      0.45457782	     -2.85435912	      0.00000000	      0.00000000	     -9.40011658	      0.96486424	      1.80995107
      2.55500000	     -6.03079784	     -0.09907411	      1.05852570	     -0.16427425	      1.02469670	     -0.55598727	     14.02124839	     -7.79337485	     -0.93715140	     27.57275763	      0.48123540	     -0.67235203	      0.00000000	      0.00000000	     13.25583112	     -4.24551852	     -0.64815024	     26.34197775	      0.45975424	     -2.96586467	      0.00000000	      0.00000000	     -9.53631855	      0.92594293	      1.84040852
      2.56000000	     -6.00803875	     -0.08990553	      0.95618134	     -0.16471450	      1.02336864	     -0.55594318	     14.21673984	     -7.68071207	     -0.43229714	     28.00714778	      0.48881694	     -1.24389834	      0.00000000	      0.00000000	     13.35472297	     -4.25600135	     -0.62927008	     26.63967387	      0.46495002	     -3.01920834	      0.00000000	      0.00000000	     -9.68084113	      0.88138906	      1.85608886
      2.56500000	     -5.98693633	     -0.07559836	      0.86308662	     -0.16519408	      1.02181040	     -0.55589427	     14.43016776	     -7.57317494	      0.04910186	     28.47534688	      0.49698856	     -1.88444526	      0.00000000	      0.00000000	     13.45639957	     -4.25697339	     -0.57236487	     26.93278717	      0.47006581	     -2.95723224	      0.00000000	      0.00000000	     -9.82864560	      0.82947300	      1.86720293
      2.57000000	     -5.96507938	     -0.05943613	      0.78319265	     -0.16570858	      1.02002484	     -0.55584474	     14.65608291	     -7.47123904	      0.49352527	     28.97490532	      0.50570750	     -2.50317484	      0.00000000	      0.00000000	     13.55993234	     -4.25214337	     -0.47595047	     27.22608639	      0.47518485	     -2.74014507	      0.00000000	      0.00000000	     -9.98152544	      0.77491543	      1.87219412
      2.57500000	     -5.94126586	     -0.04600957	      0.72063054	     -0.16625145	      1.01801347	     -0.55580155	     14.88797642	     -7.37264288	      0.89073160	     29.49915515	      0.51485738	     -2.98709675	      0.00000000	      0.00000000	     13.66812069	     -4.24674597	     -0.34297168	     27.52899811	      0.48047166	     -2.36418757	      0.00000000	      0.00000000	    -10.13921040	      0.72324831	      1.87133878
      2.58000000	     -5.91445369	     -0.03659469	      0.67799641	     -0.16681761	      1.01577545	     -0.55577560	     15.12265142	     -7.28093624	      1.22663339	     30.04641414	      0.52440886	     -3.22502392	      0.00000000	      0.00000000	     13.78593742	     -4.24260005	     -0.18200408	     27.85743579	      0.48620398	     -1.84241209	      0.00000000	      0.00000000	    -10.30195474	      0.67782397	      1.86116469
      2.58500000	     -5.88276267	     -0.03409605	      0.65774620	     -0.16740022	      1.01330852	     -0.55577545	     15.35402225	     -7.19772803	      1.48991855	     30.61023162	      0.53424933	     -3.14449468	      0.00000000	      0.00000000	     13.91812888	     -4.24366731	     -0.00333234	     28.22867197	      0.49268327	     -1.19558387	      0.00000000	      0.00000000	    -10.47039733	      0.64267468	      1.84110388
      2.59000000	     -5.84755422	     -0.04005417	      0.66097638	     -0.16800123	      1.01061730	     -0.55580006	     15.58096995	     -7.12218066	      1.67985999	     31.18631895	      0.54430395	     -2.72427754	      0.00000000	      0.00000000	     14.06977900	     -4.25302248	      0.18880330	     28.65408098	      0.50010806	     -0.45680551	      0.00000000	      0.00000000	    -10.64508068	      0.62091692	      1.80154694
      2.59500000	     -5.81187296	     -0.05198235	      0.68375132	     -0.16862289	      1.00771465	     -0.55584468	     15.80352265	     -7.05408662	      1.81047598	     31.76760200	      0.55444925	     -1.99355345	      0.00000000	      0.00000000	     14.24246445	     -4.26851804	      0.38576383	     29.13488127	      0.50849961	      0.34695677	      0.00000000	      0.00000000	    -10.82343987	      0.60942236	      1.74461100
      2.60000000	     -5.77696762	     -0.06585620	      0.72022360	     -0.16927549	      1.00461583	     -0.55590175	     16.02174927	     -6.99406750	      1.89989248	     32.35172173	      0.56464406	     -1.03566776	      0.00000000	      0.00000000	     14.43538908	     -4.28694325	      0.58046164	     29.66989999	      0.51783744	      1.20058494	      0.00000000	      0.00000000	    -11.00530149	      0.60281312	      1.67387741
      2.60500000	     -5.74363569	     -0.08103312	      0.76519775	     -0.16995719	      1.00134051	     -0.55596117	     16.23476472	     -6.93943369	      1.96416668	     32.93911221	      0.57489596	      0.05279195	      0.00000000	      0.00000000	     14.64623798	     -4.31029269	      0.76273198	     30.25259321	      0.52800736	      2.09733678	      0.00000000	      0.00000000	    -11.19032013	      0.59890960	      1.59508560
      2.61000000	     -5.71207979	     -0.09247918	      0.81434227	     -0.17066459	      0.99790967	     -0.55602082	     16.44390740	     -6.89410727	      2.01171567	     33.53688196	      0.58532901	      1.20462767	      0.00000000	      0.00000000	     14.87052934	     -4.33375871	      0.92689786	     30.87170610	      0.53881292	      3.03512057	      0.00000000	      0.00000000	    -11.37865694	      0.59163203	      1.51121022
      2.61500000	     -5.67549383	     -0.09845130	      0.86348411	     -0.17139170	      0.99434726	     -0.55608791	     16.63977280	     -6.86001308	      2.04804792	     34.14353290	      0.59591707	      2.38501160	      0.00000000	      0.00000000	     15.09950558	     -4.35507521	      1.06362439	     31.51954463	      0.55011983	      4.02125712	      0.00000000	      0.00000000	    -11.57628405	      0.58076407	      1.42166205
      2.62000000	     -5.62850347	     -0.09704437	      0.91628426	     -0.17212295	      0.99067011	     -0.55617807	     16.81541621	     -6.84358667	      2.05624725	     34.76218533	      0.60671459	      3.58022981	      0.00000000	      0.00000000	     15.32897560	     -4.36993463	      1.17336923	     32.19280981	      0.56187053	      5.05038107	      0.00000000	      0.00000000	    -11.78782375	      0.56531670	      1.32454249
      2.62500000	     -5.56747359	     -0.08689193	      0.97438679	     -0.17284073	      0.98689397	     -0.55629764	     16.96823725	     -6.84977613	      2.02159421	     35.39552219	      0.61776840	      4.80382940	      0.00000000	      0.00000000	     15.55659297	     -4.37497078	      1.25380374	     32.88895315	      0.57402052	      6.11569383	      0.00000000	      0.00000000	    -12.01605622	      0.54495747	      1.21798592
      2.63000000	     -5.49008438	     -0.06307873	      1.03967659	     -0.17354218	      0.98303022	     -0.55645475	     17.09797909	     -6.88585356	      1.93657923	     36.04382263	      0.62908338	      6.08009687	      0.00000000	      0.00000000	     15.78372709	     -4.36139680	      1.30626168	     33.61216984	      0.58664303	      7.20549865	      0.00000000	      0.00000000	    -12.26287034	      0.51564926	      1.09870238
      2.63500000	     -5.39747032	     -0.02396215	      1.11047997	     -0.17423195	      0.97908904	     -0.55664473	     17.20779400	     -6.95170982	      1.80835345	     36.70145305	      0.64056120	      7.40958461	      0.00000000	      0.00000000	     16.01674337	     -4.32657790	      1.32715958	     34.37060712	      0.59988026	      8.31290228	      0.00000000	      0.00000000	    -12.52704169	      0.47501341	      0.96633221
      2.64000000	     -5.29814873	      0.03251551	      1.18612622	     -0.17491897	      0.97507850	     -0.55685430	     17.31117252	     -7.04573048	      1.64690805	     37.36768076	      0.65218906	      8.77815992	      0.00000000	      0.00000000	     16.26831450	     -4.26780228	      1.31945040	     35.17083522	      0.61384688	      9.42055374	      0.00000000	      0.00000000	    -12.80111645	      0.41743418	      0.82705174
      2.64500000	     -5.19628195	      0.10834845	      1.25434019	     -0.17562071	      0.97101437	     -0.55705365	     17.42008748	     -7.16180729	      1.48160129	     38.04174576	      0.66395372	     10.16500782	      0.00000000	      0.00000000	     16.54354694	     -4.18798246	      1.27111130	     36.01754417	      0.62862473	     10.52264066	      0.00000000	      0.00000000	    -13.08181079	      0.33756856	      0.69127960
      2.65000000	     -5.09657545	      0.20372823	      1.31002720	     -0.17635286	      0.96691674	     -0.55723196	     17.54155759	     -7.29454417	      1.33349340	     38.71691967	      0.67573772	     11.54056040	      0.00000000	      0.00000000	     16.84688521	     -4.08850751	      1.18387020	     36.91133022	      0.64422424	     11.61782766	      0.00000000	      0.00000000	    -13.36553233	      0.23371778	      0.56232226
      2.65500000	     -5.00008107	      0.31430009	      1.35021816	     -0.17712288	      0.96282255	     -0.55738172	     17.67641260	     -7.43615713	      1.21227349	     39.38449846	      0.68738917	     12.88402142	      0.00000000	      0.00000000	     17.17529777	     -3.97519369	      1.06535161	     37.84360831	      0.66049557	     12.69711075	      0.00000000	      0.00000000	    -13.65204882	      0.10908854	      0.44403903
      2.66000000	     -4.90727591	      0.43457471	      1.37007474	     -0.17793620	      0.95876742	     -0.55749705	     17.82522243	     -7.57686285	      1.13100791	     40.04097887	      0.69884692	     14.18341166	      0.00000000	      0.00000000	     17.52465194	     -3.85566754	      0.92277452	     38.80450084	      0.67726630	     13.74637917	      0.00000000	      0.00000000	    -13.94152625	     -0.03092850	      0.34429387
      2.66500000	     -4.81635230	      0.56018079	      1.37026311	     -0.17878715	      0.95478860	     -0.55758915	     17.98548568	     -7.71454356	      1.08470919	     40.68452479	      0.71007891	     15.42709223	      0.00000000	      0.00000000	     17.88795046	     -3.73304080	      0.76823704	     39.78265322	      0.69433828	     14.75893561	      0.00000000	      0.00000000	    -14.23637780	     -0.17968228	      0.26619085
      2.67000000	     -4.72920032	      0.68210179	      1.35665168	     -0.17967125	      0.95091358	     -0.55767342	     18.15728574	     -7.84237556	      1.06448286	     41.31494017	      0.72108174	     16.62008312	      0.00000000	      0.00000000	     18.26540898	     -3.61344775	      0.62210920	     40.76911329	      0.71155526	     15.72116544	      0.00000000	      0.00000000	    -14.53314727	     -0.32527827	      0.20523465
      2.67500000	     -4.64561679	      0.79331498	      1.33189485	     -0.18057701	      0.94716912	     -0.55776152	     18.34053448	     -7.95571997	      1.06178661	     41.93695105	      0.73193787	     17.76531349	      0.00000000	      0.00000000	     18.65319089	     -3.50174140	      0.49836892	     41.75357453	      0.72873735	     16.62277853	      0.00000000	      0.00000000	    -14.82915405	     -0.45798704	      0.16194090
      2.68000000	     -4.56994612	      0.88632619	      1.29587031	     -0.18150045	      0.94356241	     -0.55785771	     18.54248179	     -8.04514418	      1.08079857	     42.55876175	      0.74279052	     18.85664245	      0.00000000	      0.00000000	     19.05446558	     -3.40496550	      0.40626649	     42.73051971	      0.74578826	     17.45873690	      0.00000000	      0.00000000	    -15.11855426	     -0.56853185	      0.14051534
      2.68500000	     -4.50521825	      0.95740774	      1.25152970	     -0.18242338	      0.94009975	     -0.55796779	     18.76744343	     -8.10817743	      1.11315931	     43.18422121	      0.75370685	     19.89354847	      0.00000000	      0.00000000	     19.46934670	     -3.32578592	      0.35335526	     43.69458356	      0.76261435	     18.23006608	      0.00000000	      0.00000000	    -15.39411877	     -0.65187271	      0.14009305
      2.69000000	     -4.45357967	      1.00285684	      1.19579938	     -0.18334019	      0.93678432	     -0.55808340	     19.02012962	     -8.13701662	      1.16673090	     43.81847270	      0.76477662	     20.87359542	      0.00000000	      0.00000000	     19.89614022	     -3.27003721	      0.34159391	     44.63880016	      0.77909404	     18.93460501	      0.00000000	      0.00000000	    -15.65089184	     -0.70517582	      0.16363452
      2.69500000	     -4.41391016	      1.02216931	      1.12387366	     -0.18423378	      0.93362137	     -0.55819912	     19.29996913	     -8.12799757	      1.24830423	     44.46331948	      0.77603132	     21.78994742	      0.00000000	      0.00000000	     20.32645092	     -3.24147724	      0.36315348	     45.55485180	      0.79508215	     19.57832002	      0.00000000	      0.00000000	    -15.88760205	     -0.72885529	      0.21906186
      2.70000000	     -4.38704168	      1.01702468	      1.03391199	     -0.18509409	      0.93060803	     -0.55830486	     19.60899372	     -8.08041300	      1.36314478	     45.11983374	      0.78748966	     22.63793175	      0.00000000	      0.00000000	     20.75563768	     -3.24196426	      0.41237794	     46.43649886	      0.81046980	     20.16362832	      0.00000000	      0.00000000	    -16.10200807	     -0.72720547	      0.30816265
      2.70500000	     -4.36844740	      0.99191857	      0.92575779	     -0.18590313	      0.92774972	     -0.55839314	     19.93970180	     -7.99960049	      1.50796241	     45.78236615	      0.79905303	     23.41924219	      0.00000000	      0.00000000	     21.17172911	     -3.27007521	      0.47962958	     47.27584646	      0.82511918	     20.69608185	      0.00000000	      0.00000000	    -16.29542688	     -0.70704750	      0.42988163
      2.71000000	     -4.35496025	      0.95042456	      0.79978266	     -0.18665310	      0.92504746	     -0.55845964	     20.28595935	     -7.89018299	      1.68142275	     46.44784537	      0.81066783	     24.13160715	      0.00000000	      0.00000000	     21.56458634	     -3.32415097	      0.55769425	     48.06308580	      0.83885910	     21.18350914	      0.00000000	      0.00000000	    -16.47017769	     -0.67299506	      0.58196573
      2.71500000	     -4.34120117	      0.89636458	      0.66094568	     -0.18732729	      0.92250820	     -0.55850898	     20.63410995	     -7.76017991	      1.87231258	     47.10528140	      0.82214226	     24.77720517	      0.00000000	      0.00000000	     21.92213483	     -3.39968422	      0.64109515	     48.78915213	      0.85153134	     21.63141708	      0.00000000	      0.00000000	    -16.62979055	     -0.62858147	      0.75500717
      2.72000000	     -4.32142354	      0.83414640	      0.51529559	     -0.18792873	      0.92013763	     -0.55854175	     20.97178747	     -7.61854420	      2.07125823	     47.74561741	      0.83331823	     25.35569668	      0.00000000	      0.00000000	     22.23436617	     -3.48978772	      0.72924887	     49.44666344	      0.86300708	     22.04605696	      0.00000000	      0.00000000	    -16.78129863	     -0.57872921	      0.94219680
      2.72500000	     -4.29251504	      0.76631464	      0.36660566	     -0.18844806	      0.91794861	     -0.55856644	     21.28612691	     -7.47276448	      2.26736619	     48.35606521	      0.84397255	     25.87206391	      0.00000000	      0.00000000	     22.49260147	     -3.58862003	      0.81791802	     50.02756071	      0.87314565	     22.43742376	      0.00000000	      0.00000000	    -16.92737023	     -0.52405543	      1.13693891
      2.73000000	     -4.25351425	      0.69547989	      0.21955625	     -0.18888345	      0.91595134	     -0.55858788	     21.56767583	     -7.32876231	      2.45284836	     48.92526990	      0.85390705	     26.32481305	      0.00000000	      0.00000000	     22.69184870	     -3.68966623	      0.90592734	     50.52483849	      0.88182479	     22.81280199	      0.00000000	      0.00000000	    -17.06925484	     -0.46578255	      1.33040446
      2.73500000	     -4.20233859	      0.62486701	      0.07820189	     -0.18923175	      0.91416509	     -0.55861270	     21.80499930	     -7.19399303	      2.61936671	     49.44038776	      0.86289755	     26.71794498	      0.00000000	      0.00000000	     22.82622318	     -3.78555826	      0.99061825	     50.93247391	      0.88893937	     23.17777148	      0.00000000	      0.00000000	    -17.20941318	     -0.40604242	      1.51690260
      2.74000000	     -4.13916778	      0.55764680	     -0.05750112	     -0.18949717	      0.91260262	     -0.55863506	     21.99409080	     -7.07226500	      2.76703795	     49.89308733	      0.87079865	     27.05010987	      0.00000000	      0.00000000	     22.89386856	     -3.87240435	      1.06369157	     51.24790431	      0.89444467	     23.53964052	      0.00000000	      0.00000000	    -17.34797160	     -0.34920431	      1.69500810
      2.74500000	     -4.07262369	      0.49404978	     -0.18594152	     -0.18966507	      0.91127427	     -0.55865611	     22.13628327	     -6.96510292	      2.88925984	     50.27084780	      0.87739181	     27.33005252	      0.00000000	      0.00000000	     22.90171226	     -3.94910328	      1.11828544	     51.46827718	      0.89829090	     23.90514410	      0.00000000	      0.00000000	    -17.47228447	     -0.29360002	      1.85720482
      2.75000000	     -4.00313377	      0.43623730	     -0.30461216	     -0.18974211	      0.91019050	     -0.55867099	     22.22802969	     -6.87493074	      2.98343451	     50.56502780	      0.88252622	     27.56266832	      0.00000000	      0.00000000	     22.85105367	     -4.01301752	      1.15039036	     51.59380194	      0.90048172	     24.26953036	      0.00000000	      0.00000000	    -17.58182673	     -0.24291920	      2.00215135
      2.75500000	     -3.93190782	      0.38179556	     -0.41218541	     -0.18973271	      0.90936052	     -0.55867934	     22.26668302	     -6.79934884	      3.04667152	     50.76890437	      0.88608454	     27.75256190	      0.00000000	      0.00000000	     22.74561223	     -4.06749752	      1.15565004	     51.62694920	      0.90106025	     24.63335030	      0.00000000	      0.00000000	    -17.67566801	     -0.19419838	      2.12999007
      2.76000000	     -3.86423865	      0.32856816	     -0.50629958	     -0.18964462	      0.90878240	     -0.55867791	     22.25653471	     -6.73536369	      3.07653832	     50.87782638	      0.88798559	     27.89918662	      0.00000000	      0.00000000	     22.59583732	     -4.11542137	      1.13400297	     51.57468252	      0.90014802	     24.98958906	      0.00000000	      0.00000000	    -17.74804431	     -0.14516032	      2.23922948
      2.76500000	     -3.80369199	      0.27169889	     -0.58260325	     -0.18948345	      0.90846198	     -0.55867368	     22.19695610	     -6.67959840	      3.06574101	     50.88818259	      0.88816634	     28.01535724	      0.00000000	      0.00000000	     22.41001096	     -4.16037765	      1.09187209	     51.44154948	      0.89782441	     25.33119529	      0.00000000	      0.00000000	    -17.79569680	     -0.08865972	      2.32831514
      2.77000000	     -3.75001727	      0.20887561	     -0.64063116	     -0.18926299	      0.90840037	     -0.55866345	     22.08779367	     -6.62704465	      3.01790836	     50.79937867	      0.88661642	     28.09045225	      0.00000000	      0.00000000	     22.19411444	     -4.20635990	      1.03160907	     51.23585719	      0.89423440	     25.64858128	      0.00000000	      0.00000000	    -17.82058323	     -0.02310950	      2.39978279
      2.77500000	     -3.70925682	      0.13700049	     -0.67863841	     -0.18898970	      0.90859423	     -0.55864993	     21.93623930	     -6.57336691	      2.93315028	     50.61318329	      0.88336669	     28.11602814	      0.00000000	      0.00000000	     21.96023625	     -4.25599350	      0.96278402	     50.96434906	      0.88949569	     25.93133624	      0.00000000	      0.00000000	    -17.81616496	      0.05609011	      2.45159650
      2.78000000	     -3.68583561	      0.05562763	     -0.69422181	     -0.18867133	      0.90904252	     -0.55863857	     21.74953256	     -6.51959286	      2.80946518	     50.33397556	      0.87849360	     28.09164446	      0.00000000	      0.00000000	     21.71915401	     -4.30805593	      0.89816272	     50.63437433	      0.88373655	     26.16189327	      0.00000000	      0.00000000	    -17.77804013	      0.14981281	      2.48244286
      2.78500000	     -3.68305436	     -0.03670042	     -0.68931688	     -0.18831425	      0.90974609	     -0.55863016	     21.53357133	     -6.46164700	      2.65305147	     49.96538226	      0.87206043	     28.01303700	      0.00000000	      0.00000000	     21.47910164	     -4.36472004	      0.84515540	     50.25105497	      0.87704636	     26.33187395	      0.00000000	      0.00000000	    -17.70361469	      0.25970448	      2.49538694
      2.79000000	     -3.70176886	     -0.13954645	     -0.66571357	     -0.18792372	      0.91070339	     -0.55862552	     21.29459909	     -6.39789381	      2.46781842	     49.51064674	      0.86412380	     27.86506187	      0.00000000	      0.00000000	     21.24606757	     -4.42658678	      0.81082367	     49.82128580	      0.86954547	     26.42686062	      0.00000000	      0.00000000	    -17.59307534	      0.38453307	      2.49204744
      2.79500000	     -3.74214820	     -0.24918719	     -0.62371055	     -0.18751225	      0.91191578	     -0.55862994	     21.03939923	     -6.33266744	      2.25676666	     48.97989378	      0.85486041	     27.64789994	      0.00000000	      0.00000000	     21.02407743	     -4.48806485	      0.80833128	     49.34904819	      0.86130337	     26.42826259	      0.00000000	      0.00000000	    -17.44912682	      0.52081906	      2.47418380
      2.80000000	     -3.80333499	     -0.36329153	     -0.56780846	     -0.18708594	      0.91338511	     -0.55864029	     20.77350132	     -6.26604221	      2.02753287	     48.38156299	      0.84441757	     27.35842527	      0.00000000	      0.00000000	     20.81529165	     -4.54939265	      0.83853531	     48.83891159	      0.85239981	     26.32991896	      0.00000000	      0.00000000	    -17.27535674	      0.66418089	      2.44800074
      2.80500000	     -3.88239004	     -0.47978935	     -0.50332589	     -0.18664612	      0.91511265	     -0.55865483	     20.49939949	     -6.19648233	      1.78883449	     47.72277681	      0.83291958	     26.98868810	      0.00000000	      0.00000000	     20.61695674	     -4.61075235	      0.89891792	     48.29238747	      0.84286116	     26.13223695	      0.00000000	      0.00000000	    -17.07648348	      0.81130770	      2.41739458
      2.81000000	     -3.97401537	     -0.59173682	     -0.43607057	     -0.18619557	      0.91709957	     -0.55866753	     20.21996517	     -6.12957543	      1.54736868	     47.01487141	      0.82056430	     26.53206110	      0.00000000	      0.00000000	     20.42291341	     -4.66784829	      0.98386960	     47.71054730	      0.83270614	     25.82567940	      0.00000000	      0.00000000	    -16.86032104	      0.95252678	      2.38638735
      2.81500000	     -4.07445388	     -0.69069324	     -0.37215126	     -0.18573676	      0.91934183	     -0.55867248	     19.93961636	     -6.07261279	      1.31354403	     46.26990575	      0.80756220	     25.98519403	      0.00000000	      0.00000000	     20.22736883	     -4.71414715	      1.08545278	     47.09245296	      0.82191836	     25.41125019	      0.00000000	      0.00000000	    -16.63216105	      1.07703212	      2.35903762
      2.82000000	     -4.18370734	     -0.77607430	     -0.31718896	     -0.18525708	      0.92183241	     -0.55866213	     19.66311672	     -6.02423579	      1.09256388	     45.49516275	      0.79404038	     25.34514431	      0.00000000	      0.00000000	     20.02869229	     -4.75319881	      1.19005993	     46.43937869	      0.81052006	     24.89951799	      0.00000000	      0.00000000	    -16.39018114	      1.18285851	      2.33912833
      2.82500000	     -4.29531239	     -0.84397924	     -0.27484902	     -0.18475260	      0.92456681	     -0.55863813	     19.38788847	     -5.98898957	      0.88800291	     44.69794682	      0.78012634	     24.61243272	      0.00000000	      0.00000000	     19.81731021	     -4.78183436	      1.28808183	     45.74999697	      0.79848808	     24.29206430	      0.00000000	      0.00000000	    -16.14217634	      1.26645622	      2.32787583
      2.83000000	     -4.40566834	     -0.89371058	     -0.24728649	     -0.18422228	      0.92753680	     -0.55859790	     19.11445537	     -5.96860842	      0.69991727	     43.88614447	      0.76595772	     23.78618321	      0.00000000	      0.00000000	     19.59005897	     -4.80119966	      1.37184158	     45.02795193	      0.78588602	     23.58797499	      0.00000000	      0.00000000	    -15.89319768	      1.32732860	      2.32826947
      2.83500000	     -4.51139437	     -0.92863561	     -0.23259119	     -0.18366379	      0.93073029	     -0.55854616	     18.83984565	     -5.96030703	      0.52807501	     43.06438921	      0.75161538	     22.87152201	      0.00000000	      0.00000000	     19.34534414	     -4.81444146	      1.43744381	     44.27794778	      0.77279597	     22.79629902	      0.00000000	      0.00000000	    -15.64687570	      1.37055025	      2.33770535
      2.84000000	     -4.61193390	     -0.95508721	     -0.22649221	     -0.18307272	      0.93413445	     -0.55849046	     18.56279717	     -5.95913108	      0.36526894	     42.23812063	      0.73719427	     21.87438327	      0.00000000	      0.00000000	     19.08600421	     -4.82739646	      1.48399623	     43.50623975	      0.75932713	     21.92188032	      0.00000000	      0.00000000	    -15.40347491	      1.40498751	      2.35185152
      2.84500000	     -4.69800142	     -0.97560233	     -0.22794889	     -0.18245911	      0.93774113	     -0.55843707	     18.27520658	     -5.96385227	      0.20865766	     41.41070797	      0.72275320	     20.80145760	      0.00000000	      0.00000000	     18.80499962	     -4.84210865	      1.50847214	     42.71638282	      0.74554152	     20.96794813	      0.00000000	      0.00000000	    -15.17697876	      1.43271416	      2.37544792
      2.85000000	     -4.77108326	     -0.99507782	     -0.23244519	     -0.18182896	      0.94152853	     -0.55839129	     17.98098161	     -5.97003591	      0.05344506	     40.58837224	      0.70840073	     19.65533804	      0.00000000	      0.00000000	     18.51019563	     -4.86284671	      1.51226860	     41.91743834	      0.73159731	     19.93852615	      0.00000000	      0.00000000	    -14.96591812	      1.46017450	      2.40365315
      2.85500000	     -4.83162037	     -1.01605626	     -0.23593657	     -0.18118668	      0.94547495	     -0.55835683	     17.68184609	     -5.97480147	     -0.10209428	     39.77460675	      0.69419785	     18.44678530	      0.00000000	      0.00000000	     18.20634324	     -4.89120424	      1.49570642	     41.11526692	      0.71759678	     18.84345650	      0.00000000	      0.00000000	    -14.76946375	      1.49117929	      2.43230247
      2.86000000	     -4.88110464	     -1.03969580	     -0.23532337	     -0.18053834	      0.94955960	     -0.55833873	     17.38140926	     -5.97875327	     -0.26366399	     38.97223104	      0.68019375	     17.18096677	      0.00000000	      0.00000000	     17.89860595	     -4.92751467	      1.45942501	     40.31414573	      0.70361458	     17.68516595	      0.00000000	      0.00000000	    -14.58595104	      1.52724553	      2.45983171
      2.86500000	     -4.91818018	     -1.06631127	     -0.23061958	     -0.17989507	      0.95376039	     -0.55833537	     17.08191474	     -5.98182827	     -0.43092931	     38.18519058	      0.66645730	     15.86495061	      0.00000000	      0.00000000	     17.58860296	     -4.97267714	      1.40113247	     39.51858069	      0.68972935	     16.47127181	      0.00000000	      0.00000000	    -14.41764639	      1.56893242	      2.48503428
      2.87000000	     -4.94931166	     -1.09300128	     -0.21687440	     -0.17926036	      0.95804923	     -0.55834737	     16.79112618	     -5.98808898	     -0.60502884	     37.41782622	      0.65306427	     14.50628368	      0.00000000	      0.00000000	     17.28594091	     -5.02222530	      1.32584818	     38.73243126	      0.67600845	     15.20330753	      0.00000000	      0.00000000	    -14.25679031	      1.61383129	      2.49947646
      2.87500000	     -4.97445945	     -1.11978562	     -0.19388801	     -0.17863791	      0.96240332	     -0.55837237	     16.50761123	     -5.99628276	     -0.78308520	     36.66687897	      0.63995776	     13.11737097	      0.00000000	      0.00000000	     16.99126467	     -5.07659222	      1.23136674	     37.95729200	      0.66247972	     13.89341313	      0.00000000	      0.00000000	    -14.10308227	      1.66104739	      2.50345944
      2.88000000	     -4.99546315	     -1.14339566	     -0.16254650	     -0.17803512	      0.96679769	     -0.55840825	     16.23557195	     -6.01130161	     -0.96527637	     35.93662783	      0.62721248	     11.70793304	      0.00000000	      0.00000000	     16.70661860	     -5.13196487	      1.11796881	     37.19353509	      0.64914965	     12.54908721	      0.00000000	      0.00000000	    -13.95519431	      1.70641939	      2.49622146
      2.88500000	     -5.01484858	     -1.16192857	     -0.12378795	     -0.17745737	      0.97120450	     -0.55845226	     15.97773013	     -6.03378807	     -1.14664756	     35.22908683	      0.61486356	     10.28891843	      0.00000000	      0.00000000	     16.43511422	     -5.18613021	      0.98612372	     36.44293225	      0.63604916	     11.17978491	      0.00000000	      0.00000000	    -13.81147091	      1.74699822	      2.47798859
      2.89000000	     -5.03591066	     -1.17197495	     -0.07868332	     -0.17690460	      0.97559807	     -0.55850324	     15.73599598	     -6.06612862	     -1.32338050	     34.54141769	      0.60286147	      8.87222795	      0.00000000	      0.00000000	     16.17970265	     -5.23428134	      0.83790724	     35.70633889	      0.62319318	      9.79939913	      0.00000000	      0.00000000	    -13.67053399	      1.77845480	      2.45409847
      2.89500000	     -5.05946123	     -1.17292543	     -0.03093703	     -0.17638361	      0.97995320	     -0.55855904	     15.51192777	     -6.10691284	     -1.49181377	     33.87305740	      0.59119638	      7.46793349	      0.00000000	      0.00000000	     15.94162234	     -5.27535085	      0.67217329	     34.98638924	      0.61062769	      8.42803098	      0.00000000	      0.00000000	    -13.53008741	      1.80153601	      2.42046103
      2.90000000	     -5.08897859	     -1.16204165	      0.01904871	     -0.17590099	      0.98424510	     -0.55861898	     15.30979157	     -6.15933968	     -1.65043946	     33.22684184	      0.57991779	      6.08850302	      0.00000000	      0.00000000	     15.72570686	     -5.30473742	      0.49420245	     34.28607181	      0.59840484	      7.06774409	      0.00000000	      0.00000000	    -13.38814480	      1.81322472	      2.37888017
      2.90500000	     -5.12672367	     -1.13763766	      0.06963984	     -0.17545589	      0.98844990	     -0.55868429	     15.12961358	     -6.22292700	     -1.79385884	     32.59767685	      0.56893679	      4.73917152	      0.00000000	      0.00000000	     15.53411974	     -5.31908410	      0.30689105	     33.60789228	      0.58656837	      5.73742533	      0.00000000	      0.00000000	    -13.24269628	      1.81094761	      2.33264431
      2.91000000	     -5.17255194	     -1.09723229	      0.12077729	     -0.17504570	      0.99254759	     -0.55875497	     14.96932598	     -6.30080431	     -1.92328183	     31.98272562	      0.55820387	      3.43415254	      0.00000000	      0.00000000	     15.36624625	     -5.31372238	      0.11464159	     32.95316822	      0.57514128	      4.44726944	      0.00000000	      0.00000000	    -13.09379846	      1.79228241	      2.28183440
      2.91500000	     -5.22962940	     -1.03965811	      0.17290624	     -0.17467558	      0.99651210	     -0.55883212	     14.83165530	     -6.39257425	     -2.03650747	     31.38173034	      0.54771452	      2.18031350	      0.00000000	      0.00000000	     15.22633756	     -5.28554735	     -0.07629295	     32.32433568	      0.56416609	      3.19872997	      0.00000000	      0.00000000	    -12.93693529	      1.75612435	      2.22488734
      2.92000000	     -5.29899894	     -0.96500266	      0.22722526	     -0.17434409	      1.00032099	     -0.55891860	     14.71429227	     -6.49879722	     -2.13037168	     30.79091819	      0.53740290	      0.98903236	      0.00000000	      0.00000000	     15.11534759	     -5.23227991	     -0.25735961	     31.72340558	      0.55367788	      2.00400696	      0.00000000	      0.00000000	    -12.77249309	      1.70168912	      2.16647229
      2.92500000	     -5.38077953	     -0.87430480	      0.28302665	     -0.17405042	      1.00394981	     -0.55901620	     14.61756138	     -6.61867226	     -2.20416823	     30.21295325	      0.52731551	     -0.12790790	      0.00000000	      0.00000000	     15.03287972	     -5.15396023	     -0.42410454	     31.15156826	      0.54369743	      0.87126679	      0.00000000	      0.00000000	    -12.60031342	      1.63035192	      2.10616831
      2.93000000	     -5.47632572	     -0.76874553	      0.33971402	     -0.17379794	      1.00737506	     -0.55912346	     14.54318058	     -6.75037530	     -2.25406495	     29.65088742	      0.51750561	     -1.16058048	      0.00000000	      0.00000000	     14.98061583	     -5.05089761	     -0.57047246	     30.61177014	      0.53427618	     -0.19094449	      0.00000000	      0.00000000	    -12.41957533	      1.54426686	      2.04533134
      2.93500000	     -5.58565870	     -0.65131734	      0.39522256	     -0.17359188	      1.01057791	     -0.55924019	     14.49231090	     -6.88843559	     -2.27252147	     29.10808478	      0.50803192	     -2.09971627	      0.00000000	      0.00000000	     14.95876069	     -4.92656143	     -0.69382421	     30.10731401	      0.52547176	     -1.16703610	      0.00000000	      0.00000000	    -12.23092410	      1.44630603	      1.98838373
      2.94000000	     -5.70516302	     -0.52625655	      0.44593816	     -0.17342957	      1.01354595	     -0.55936349	     14.46101609	     -7.02884934	     -2.25231189	     28.58760677	      0.49894786	     -2.92079799	      0.00000000	      0.00000000	     14.96100944	     -4.78619613	     -0.79457644	     29.63800098	      0.51728070	     -2.02811592	      0.00000000	      0.00000000	    -12.03862744	      1.34072918	      1.93980959
      2.94500000	     -5.83030558	     -0.39341818	      0.49185510	     -0.17330494	      1.01627138	     -0.55949396	     14.44706978	     -7.17253864	     -2.20068204	     28.10058656	      0.49044776	     -3.60080747	      0.00000000	      0.00000000	     14.97970035	     -4.62987219	     -0.87141876	     29.20233997	      0.50967698	     -2.76260988	      0.00000000	      0.00000000	    -11.84744110	      1.22726865	      1.90043843
      2.95000000	     -5.95625537	     -0.25436048	      0.53086550	     -0.17321324	      1.01875189	     -0.55963055	     14.44477381	     -7.31684632	     -2.11507809	     27.64786144	      0.48254621	     -4.11412357	      0.00000000	      0.00000000	     15.00591142	     -4.45966682	     -0.92307320	     28.79879094	      0.50263372	     -3.33909132	      0.00000000	      0.00000000	    -11.66267531	      1.10780580	      1.87424269
      2.95500000	     -6.07768804	     -0.11163424	      0.56583915	     -0.17314850	      1.02099160	     -0.55977458	     14.44775796	     -7.46098524	     -2.00458432	     27.23344893	      0.47531335	     -4.42762438	      0.00000000	      0.00000000	     15.03130610	     -4.27742132	     -0.94220088	     28.42577148	      0.49612330	     -3.72914942	      0.00000000	      0.00000000	    -11.48986924	      0.98488028	      1.85884710
      2.96000000	     -6.18930408	      0.03364984	      0.59675751	     -0.17310350	      1.02299383	     -0.55992457	     14.45013156	     -7.60593318	     -1.87484843	     26.86006361	      0.46879655	     -4.52796925	      0.00000000	      0.00000000	     15.04563555	     -4.08452701	     -0.92528952	     28.07825586	      0.49005801	     -3.91457599	      0.00000000	      0.00000000	    -11.33316148	      0.85878174	      1.86067737
      2.96500000	     -6.28890193	      0.18159082	      0.62673471	     -0.17307882	      1.02476369	     -0.56008158	     14.45114105	     -7.75274079	     -1.73450046	     26.53220344	      0.46307431	     -4.42817182	      0.00000000	      0.00000000	     15.04600701	     -3.88042291	     -0.86402779	     27.75702879	      0.48445154	     -3.89823488	      0.00000000	      0.00000000	    -11.19587870	      0.72948723	      1.87425797
      2.97000000	     -6.37600426	      0.32989315	      0.65526032	     -0.17307371	      1.02630576	     -0.56023883	     14.44807322	     -7.89742834	     -1.57747091	     26.24304990	      0.45802763	     -4.16313232	      0.00000000	      0.00000000	     15.03187424	     -3.66858236	     -0.75709695	     27.46265324	      0.47931372	     -3.68265186	      0.00000000	      0.00000000	    -11.07848010	      0.59870235	      1.90032484
      2.97500000	     -6.44968389	      0.47392835	      0.68266537	     -0.17309009	      1.02762395	     -0.56039283	     14.43892283	     -8.03440009	     -1.40196854	     25.99052001	      0.45362015	     -3.80075648	      0.00000000	      0.00000000	     15.00607324	     -3.45579266	     -0.60801927	     27.19976937	      0.47472553	     -3.30475737	      0.00000000	      0.00000000	    -10.98231107	      0.47084160	      1.93799817
      2.98000000	     -6.51186208	      0.61049984	      0.70611300	     -0.17313217	      1.02871582	     -0.56054020	     14.42623488	     -8.15775186	     -1.19683313	     25.77340853	      0.44983084	     -3.42735444	      0.00000000	      0.00000000	     14.97567538	     -3.24819081	     -0.42789942	     26.97407527	      0.47078643	     -2.82284865	      0.00000000	      0.00000000	    -10.90469456	      0.34874839	      1.98978551
      2.98500000	     -6.56469772	      0.73531631	      0.72642324	     -0.17320012	      1.02958055	     -0.56068097	     14.41132974	     -8.26095954	     -0.95991160	     25.58695511	      0.44657661	     -3.12763602	      0.00000000	      0.00000000	     14.95091087	     -3.05203627	     -0.22712164	     26.79507780	      0.46766233	     -2.29971160	      0.00000000	      0.00000000	    -10.84595809	      0.23955114	      2.03885333
      2.99000000	     -6.60942009	      0.84377360	      0.74258194	     -0.17329443	      1.03021520	     -0.56081091	     14.39519808	     -8.33759984	     -0.68801180	     25.43028883	      0.44384227	     -2.96589101	      0.00000000	      0.00000000	     14.93966759	     -2.87420406	     -0.01896351	     26.66986840	      0.46547701	     -1.78961847	      0.00000000	      0.00000000	    -10.80354119	      0.14701562	      2.09019795
      2.99500000	     -6.64735956	      0.93384148	      0.75406821	     -0.17341688	      1.03061453	     -0.56093064	     14.38251848	     -8.38575693	     -0.38271514	     25.30966488	      0.44173698	     -2.98123221	      0.00000000	      0.00000000	     14.94861088	     -2.71893556	      0.18356641	     26.60332831	      0.46431567	     -1.33911899	      0.00000000	      0.00000000	    -10.77513569	      0.07358526	      2.14302514
      3.00000000	     -6.67859878	      1.00810743	      0.76329156	     -0.17356314	      1.03077790	     -0.56103780	     14.37369783	     -8.40789039	     -0.05090538	     25.22585509	      0.44027423	     -3.18238238	      0.00000000	      0.00000000	     14.97797595	     -2.58390265	      0.37658144	     26.59237239	      0.46412445	     -0.97141680	      0.00000000	      0.00000000	    -10.75955854	      0.01579219	      2.19480787
      3.00500000	     -6.70077440	      1.06928502	      0.77159908	     -0.17372459	      1.03070854	     -0.56113098	     14.36722185	     -8.40883042	      0.29296017	     25.17984995	      0.43947129	     -3.54363934	      0.00000000	      0.00000000	     15.02321101	     -2.46736660	      0.55485987	     26.63264734	      0.46482738	     -0.68473922	      0.00000000	      0.00000000	    -10.75817861	     -0.02984856	      2.24335723
      3.01000000	     -6.71328762	      1.12343331	      0.77766385	     -0.17389621	      1.03040277	     -0.56120513	     14.36533653	     -8.39627603	      0.64450112	     25.17941308	      0.43946366	     -4.02286411	      0.00000000	      0.00000000	     15.07831670	     -2.36468073	      0.71333881	     26.71486984	      0.46626244	     -0.47191161	      0.00000000	      0.00000000	    -10.76892749	     -0.07214822	      2.29649908
      3.01500000	     -6.71265999	      1.17590075	      0.78136587	     -0.17406446	      1.02986672	     -0.56125840	     14.36375988	     -8.37657365	      0.99414625	     25.22302127	      0.44022477	     -4.56400899	      0.00000000	      0.00000000	     15.13352909	     -2.27225590	      0.84625607	     26.82800249	      0.46823698	     -0.32940143	      0.00000000	      0.00000000	    -10.79385239	     -0.11689894	      2.35025673
      3.02000000	     -6.69569508	      1.22965871	      0.78341975	     -0.17421798	      1.02910961	     -0.56129223	     14.35549963	     -8.35383331	      1.33240147	     25.30532715	      0.44166128	     -5.09844510	      0.00000000	      0.00000000	     15.18061930	     -2.18766284	      0.95116204	     26.96329688	      0.47059831	     -0.25723579	      0.00000000	      0.00000000	    -10.83553683	     -0.16746025	      2.40415579
      3.02500000	     -6.66152251	      1.28601254	      0.78468012	     -0.17434695	      1.02813148	     -0.56131374	     14.34090695	     -8.33391116	      1.64494094	     25.43096696	      0.44385411	     -5.53387872	      0.00000000	      0.00000000	     15.21681573	     -2.10957621	      1.02428899	     27.11677037	      0.47327693	     -0.25678759	      0.00000000	      0.00000000	    -10.89335452	     -0.22493150	      2.45716475
      3.03000000	     -6.61087314	      1.34637537	      0.78653554	     -0.17444770	      1.02693328	     -0.56132636	     14.31913477	     -8.31959268	      1.92847560	     25.59869347	      0.44678149	     -5.79614837	      0.00000000	      0.00000000	     15.24160400	     -2.03559022	      1.06643432	     27.28304545	      0.47617897	     -0.33811472	      0.00000000	      0.00000000	    -10.96629047	     -0.28979341	      2.50578710
      3.03500000	     -6.54146898	      1.40671703	      0.79535736	     -0.17451321	      1.02552847	     -0.56134143	     14.28023079	     -8.30880980	      2.16885379	     25.79804743	      0.45026087	     -5.81633626	      0.00000000	      0.00000000	     15.25234761	     -1.96712492	      1.08730988	     27.45874244	      0.47924546	     -0.50443905	      0.00000000	      0.00000000	    -11.05644542	     -0.35616737	      2.54514467
      3.04000000	     -6.45484221	      1.46576194	      0.81618003	     -0.17454729	      1.02391617	     -0.56137225	     14.22269068	     -8.30446076	      2.35698866	     26.02396275	      0.45420383	     -5.55973416	      0.00000000	      0.00000000	     15.24952651	     -1.90101721	      1.09986725	     27.64129516	      0.48243161	     -0.73070507	      0.00000000	      0.00000000	    -11.16276116	     -0.42121264	      2.57119126
      3.04500000	     -6.35656656	      1.52248746	      0.85189205	     -0.17455714	      1.02209157	     -0.56142042	     14.15373648	     -8.30738795	      2.48844465	     26.27858846	      0.45864789	     -5.02618570	      0.00000000	      0.00000000	     15.23760852	     -1.83594833	      1.11810735	     27.82922764	      0.48571165	     -0.96222370	      0.00000000	      0.00000000	    -11.27943175	     -0.48364233	      2.58181464
      3.05000000	     -6.25086083	      1.57682476	      0.90362858	     -0.17455834	      1.02005912	     -0.56148630	     14.07462776	     -8.31624419	      2.57269260	     26.55268498	      0.46343178	     -4.27280120	      0.00000000	      0.00000000	     15.21982544	     -1.77071345	      1.15312764	     28.02326821	      0.48909830	     -1.12526132	      0.00000000	      0.00000000	    -11.40443136	     -0.54278265	      2.57557000
      3.05500000	     -6.14522087	      1.62638930	      0.97000504	     -0.17456737	      1.01781515	     -0.56156450	     13.99456582	     -8.32756779	      2.61730897	     26.84549798	      0.46854233	     -3.35638966	      0.00000000	      0.00000000	     15.20373955	     -1.70776184	      1.21198092	     28.22884516	      0.49268629	     -1.15674471	      0.00000000	      0.00000000	    -11.53106030	     -0.59718769	      2.55736618
      3.06000000	     -6.04575805	      1.67106072	      1.04759595	     -0.17460492	      1.01535372	     -0.56165251	     13.92640714	     -8.34180647	      2.62973460	     27.16403595	      0.47410187	     -2.33772707	      0.00000000	      0.00000000	     15.19802789	     -1.64711599	      1.29492062	     28.45802407	      0.49668622	     -0.98986753	      0.00000000	      0.00000000	    -11.65589299	     -0.64702855	      2.53182091
      3.06500000	     -5.95940263	      1.70908505	      1.13489615	     -0.17468507	      1.01267540	     -0.56173901	     13.87995992	     -8.35554502	      2.61644898	     27.51203203	      0.48017554	     -1.25309121	      0.00000000	      0.00000000	     15.21618052	     -1.59280090	      1.39880012	     28.72933287	      0.50142145	     -0.59122474	      0.00000000	      0.00000000	    -11.77176933	     -0.69182829	      2.50192798
      3.07000000	     -5.88520561	      1.73896423	      1.23027081	     -0.17482154	      1.00978780	     -0.56182452	     13.85365924	     -8.36698120	      2.58401151	     27.88564273	      0.48669628	     -0.12213143	      0.00000000	      0.00000000	     15.26326212	     -1.54693327	      1.51627411	     29.05982417	      0.50718961	      0.01297345	      0.00000000	      0.00000000	    -11.88137517	     -0.72827638	      2.46497758
      3.07500000	     -5.82167104	      1.75839590	      1.33422731	     -0.17501313	      1.00669660	     -0.56190702	     13.84757917	     -8.37487734	      2.52347427	     28.28868160	      0.49373063	      1.06257810	      0.00000000	      0.00000000	     15.34325796	     -1.51208096	      1.63912569	     29.46462977	      0.51425480	      0.77254810	      0.00000000	      0.00000000	    -11.98719331	     -0.75409868	      2.42091425
      3.08000000	     -5.76367004	      1.77001411	      1.44782127	     -0.17525491	      1.00341708	     -0.56198868	     13.85639784	     -8.38302618	      2.42907899	     28.72261064	      0.50130413	      2.30559971	      0.00000000	      0.00000000	     15.45406898	     -1.48555412	      1.76197359	     29.95058279	      0.52273628	      1.65429574	      0.00000000	      0.00000000	    -12.09528801	     -0.77209567	      2.36804146
      3.08500000	     -5.70766675	      1.77494086	      1.56903829	     -0.17554103	      0.99996143	     -0.56206656	     13.87619409	     -8.39202281	      2.30279781	     29.18469958	      0.50936910	      3.60788048	      0.00000000	      0.00000000	     15.59317486	     -1.46853309	      1.87632464	     30.51579857	      0.53260116	      2.62705909	      0.00000000	      0.00000000	    -12.20839966	     -0.78363047	      2.30666405
      3.09000000	     -5.64927511	      1.77702006	      1.69468246	     -0.17586945	      0.99634210	     -0.56214354	     13.90711474	     -8.40661718	      2.14982419	     29.67960461	      0.51800682	      4.96743780	      0.00000000	      0.00000000	     15.75247186	     -1.45725630	      1.97966588	     31.14475734	      0.54357856	      3.66049413	      0.00000000	      0.00000000	    -12.33378879	     -0.79248465	      2.23440931
      3.09500000	     -5.59064847	      1.77952645	      1.81862955	     -0.17623118	      0.99256706	     -0.56221455	     13.95735282	     -8.42908464	      1.97767050	     30.21385058	      0.52733117	      6.36501564	      0.00000000	      0.00000000	     15.93065620	     -1.45005497	      2.06549541	     31.81996390	      0.55536314	      4.75328725	      0.00000000	      0.00000000	    -12.46996294	     -0.80539171	      2.16554845
      3.10000000	     -5.53352383	      1.78238273	      1.93586611	     -0.17664056	      0.98864092	     -0.56228380	     14.03548833	     -8.45829421	      1.80143629	     30.79285955	      0.53743679	      7.78352502	      0.00000000	      0.00000000	     16.13010418	     -1.44699166	      2.13539562	     32.52767046	      0.56771495	      5.90377950	      0.00000000	      0.00000000	    -12.61479697	     -0.82070796	      2.09940813
      3.10500000	     -5.48016449	      1.78548256	      2.04236784	     -0.17710360	      0.98457068	     -0.56235570	     14.14945166	     -8.49457787	      1.63002775	     31.41782205	      0.54834444	      9.21277835	      0.00000000	      0.00000000	     16.35313456	     -1.44695065	      2.19044532	     33.25617062	      0.58042967	      7.09959929	      0.00000000	      0.00000000	    -12.76585964	     -0.83729256	      2.03596949
      3.11000000	     -5.43609863	      1.78823509	      2.13535671	     -0.17763605	      0.98036426	     -0.56243154	     14.30983183	     -8.53590100	      1.47531196	     32.09161583	      0.56010436	     10.63100229	      0.00000000	      0.00000000	     16.60925059	     -1.44845856	      2.23316821	     34.00370385	      0.59347659	      8.31507572	      0.00000000	      0.00000000	    -12.91798136	     -0.85462176	      1.97834033
      3.11500000	     -5.40402763	      1.78718314	      2.21563914	     -0.17824418	      0.97603903	     -0.56251429	     14.52003856	     -8.57793870	      1.33833689	     32.81047427	      0.57265081	     12.02214766	      0.00000000	      0.00000000	     16.90544171	     -1.45266877	      2.26620843	     34.77560730	      0.60694885	      9.53614797	      0.00000000	      0.00000000	    -13.06744392	     -0.86819312	      1.92770625
      3.12000000	     -5.38110945	      1.78032170	      2.28440133	     -0.17893771	      0.97162560	     -0.56260458	     14.77669056	     -8.61765071	      1.22213461	     33.56987657	      0.58590488	     13.38487143	      0.00000000	      0.00000000	     17.24160926	     -1.45976146	      2.29308955	     35.57922561	      0.62097463	     10.74805565	      0.00000000	      0.00000000	    -13.21762762	     -0.87336181	      1.87872108
      3.12500000	     -5.36622013	      1.76922067	      2.34329575	     -0.17970772	      0.96716409	     -0.56269380	     15.07642373	     -8.65572062	      1.12432623	     34.36398395	      0.59976466	     14.71307259	      0.00000000	      0.00000000	     17.61465403	     -1.46740446	      2.31625204	     36.41734284	      0.63560254	     11.93957282	      0.00000000	      0.00000000	    -13.37015877	     -0.87448890	      1.83212820
      3.13000000	     -5.35584533	      1.75122448	      2.38898944	     -0.18054892	      0.96269458	     -0.56276881	     15.41535280	     -8.68492166	      1.05238253	     35.19214458	      0.61421879	     15.99555684	      0.00000000	      0.00000000	     18.01960707	     -1.48115923	      2.32969741	     37.29473363	      0.65091590	     13.10779516	      0.00000000	      0.00000000	    -13.52821479	     -0.86885903	      1.79451548
      3.13500000	     -5.34029649	      1.72355736	      2.42696063	     -0.18143971	      0.95827021	     -0.56283248	     15.77796256	     -8.70229997	      0.99471523	     36.04749416	      0.62914746	     17.23922279	      0.00000000	      0.00000000	     18.44184034	     -1.50349651	      2.33824141	     38.20753710	      0.66684732	     14.25338978	      0.00000000	      0.00000000	    -13.70131074	     -0.85195009	      1.75868177
      3.14000000	     -5.31279378	      1.68838506	      2.45485084	     -0.18236525	      0.95393236	     -0.56287717	     16.15641104	     -8.70682339	      0.95636145	     36.93149252	      0.64457614	     18.44050574	      0.00000000	      0.00000000	     18.86946923	     -1.53373385	      2.34122919	     39.15077120	      0.68330986	     15.36646111	      0.00000000	      0.00000000	    -13.89561625	     -0.82654673	      1.72805567
      3.14500000	     -5.27018692	      1.64548527	      2.47163555	     -0.18330766	      0.94971346	     -0.56290030	     16.54486074	     -8.69537226	      0.94143827	     37.84303099	      0.66048549	     19.58978078	      0.00000000	      0.00000000	     19.29675640	     -1.57365255	      2.33728092	     40.12019233	      0.70022945	     16.43894463	      0.00000000	      0.00000000	    -14.11171207	     -0.79310773	      1.70622167
      3.15000000	     -5.20910598	      1.59343060	      2.47789724	     -0.18425048	      0.94563932	     -0.56290667	     16.93772457	     -8.66554293	      0.94874568	     38.78331702	      0.67689658	     20.68061916	      0.00000000	      0.00000000	     19.71816359	     -1.62462152	      2.32697542	     41.11003509	      0.71750547	     17.46585856	      0.00000000	      0.00000000	    -14.35129961	     -0.74822310	      1.69408336
      3.15500000	     -5.12810783	      1.53439566	      2.47331348	     -0.18517569	      0.94173503	     -0.56289917	     17.32944677	     -8.61854831	      0.97946709	     39.74820161	      0.69373699	     21.70685978	      0.00000000	      0.00000000	     20.12820900	     -1.68312311	      2.31489633	     42.11127591	      0.73498042	     18.43534871	      0.00000000	      0.00000000	    -14.61403078	     -0.69476147	      1.69354243
      3.16000000	     -5.02796644	      1.47461073	      2.45419996	     -0.18607353	      0.93801561	     -0.56287371	     17.72000636	     -8.56041078	      1.03808327	     40.73719166	      0.71099812	     22.65547042	      0.00000000	      0.00000000	     20.52454595	     -1.74325930	      2.29911342	     43.11797596	      0.75255065	     19.33521207	      0.00000000	      0.00000000	    -14.89651742	     -0.64116331	      1.71084291
      3.16500000	     -4.90687827	      1.41348959	      2.41924359	     -0.18693541	      0.93449592	     -0.56283070	     18.10328378	     -8.49066492	      1.12452160	     41.74280536	      0.72854939	     23.52624763	      0.00000000	      0.00000000	     20.90136115	     -1.80688821	      2.28079725	     44.12174985	      0.77006981	     20.16882447	      0.00000000	      0.00000000	    -15.19816627	     -0.58924024	      1.74883708
      3.17000000	     -4.76550901	      1.35592787	      2.36704058	     -0.18774521	      0.93118783	     -0.56276682	     18.47625620	     -8.41553239	      1.23464735	     42.75918775	      0.74628861	     24.31836935	      0.00000000	      0.00000000	     21.25053576	     -1.86898772	      2.26241631	     45.10917235	      0.78730358	     20.93753251	      0.00000000	      0.00000000	    -15.51685711	     -0.54557087	      1.80699657
      3.17500000	     -4.60391603	      1.30600171	      2.29687759	     -0.18849263	      0.92809993	     -0.56268047	     18.83330059	     -8.34050950	      1.36678214	     43.77566327	      0.76402946	     25.03170237	      0.00000000	      0.00000000	     21.56463642	     -1.92694050	      2.24526378	     46.06986670	      0.80407086	     21.63978180	      0.00000000	      0.00000000	    -15.85030333	     -0.51585079	      1.88417497
      3.18000000	     -4.42347131	      1.26668484	      2.20744490	     -0.18917010	      0.92523229	     -0.56256686	     19.17206831	     -8.26978026	      1.51886532	     44.78462836	      0.78163922	     25.67178522	      0.00000000	      0.00000000	     21.83738088	     -1.98006166	      2.22856657	     46.99275603	      0.82017832	     22.28004784	      0.00000000	      0.00000000	    -16.19544021	     -0.50486364	      1.97968709
      3.18500000	     -4.22797165	      1.23465538	      2.10056706	     -0.18977225	      0.92257204	     -0.56242757	     19.49241639	     -8.20194023	      1.68406092	     45.77894541	      0.79899333	     26.24202878	      0.00000000	      0.00000000	     22.06612047	     -2.03294864	      2.21569300	     47.86756864	      0.83544668	     22.87003044	      0.00000000	      0.00000000	    -16.54693387	     -0.50869366	      2.09079172
      3.19000000	     -4.02766214	      1.21053940	      1.97987105	     -0.19028781	      0.92010646	     -0.56226834	     19.79980783	     -8.14111195	      1.85406704	     46.75089738	      0.81595709	     26.74191669	      0.00000000	      0.00000000	     22.25452646	     -2.08304014	      2.21201602	     48.68264061	      0.84967237	     23.40790865	      0.00000000	      0.00000000	    -16.89219067	     -0.52429557	      2.20889847
      3.19500000	     -3.82761150	      1.18897087	      1.84883711	     -0.19072300	      0.91781557	     -0.56209767	     20.09584969	     -8.08485496	      2.02202759	     47.69454977	      0.83242693	     27.16736897	      0.00000000	      0.00000000	     22.40633521	     -2.13557434	      2.22013231	     49.43347898	      0.86277697	     23.89855925	      0.00000000	      0.00000000	    -17.22407399	     -0.54478626	      2.33257123
      3.20000000	     -3.63442893	      1.16539077	      1.71152523	     -0.19108857	      0.91567445	     -0.56192490	     20.38526773	     -8.03149483	      2.17967446	     48.60401829	      0.84830015	     27.52844207	      0.00000000	      0.00000000	     22.52696986	     -2.19272944	      2.24433025	     50.11481984	      0.87466861	     24.35331957	      0.00000000	      0.00000000	    -17.53576102	     -0.56311926	      2.45741190
      3.20500000	     -3.45235927	      1.13557192	      1.57107388	     -0.19139491	      0.91366282	     -0.56176010	     20.66904778	     -7.97885716	      2.32200899	     49.47517945	      0.86350478	     27.82474817	      0.00000000	      0.00000000	     22.62038858	     -2.25741410	      2.28430914	     50.72394232	      0.88529980	     24.77666184	      0.00000000	      0.00000000	    -17.82171411	     -0.57344925	      2.58423043
      3.21000000	     -3.28591601	      1.10067989	      1.43043751	     -0.19165024	      0.91176836	     -0.56160951	     20.94838820	     -7.92943503	      2.44747642	     50.30221809	      0.87793933	     28.05624739	      0.00000000	      0.00000000	     22.69088849	     -2.32617005	      2.33907300	     51.25940515	      0.89464539	     25.17325462	      0.00000000	      0.00000000	    -18.07636021	     -0.57531233	      2.70787622
      3.21500000	     -3.13284735	      1.05758594	      1.28931550	     -0.19186701	      0.90998425	     -0.56147456	     21.21885488	     -7.88008456	      2.55451212	     51.08002810	      0.89151467	     28.23292255	      0.00000000	      0.00000000	     22.73767802	     -2.40422269	      2.39922968	     51.72429908	      0.90275932	     25.54813408	      0.00000000	      0.00000000	    -18.30154419	     -0.56635625	      2.82973892
      3.22000000	     -2.99145766	      1.00924916	      1.14562810	     -0.19205221	      0.90831475	     -0.56134886	     21.47584719	     -7.83196996	      2.64743050	     51.80182020	      0.90411232	     28.37069700	      0.00000000	      0.00000000	     22.75858552	     -2.49042101	      2.45320360	     52.11978948	      0.90966193	     25.91160588	      0.00000000	      0.00000000	    -18.49995766	     -0.55044859	      2.95012478
      3.22500000	     -2.86232392	      0.95535020	      1.00203236	     -0.19220732	      0.90676723	     -0.56122884	     21.71609459	     -7.78377654	      2.72641755	     52.46610353	      0.91570625	     28.45998044	      0.00000000	      0.00000000	     22.75674677	     -2.58632541	      2.49340787	     52.45097321	      0.91544218	     26.26047976	      0.00000000	      0.00000000	    -18.66892066	     -0.52739413	      3.06631197
      3.23000000	     -2.74466877	      0.89903423	      0.85851765	     -0.19233164	      0.90535356	     -0.56110747	     21.93654162	     -7.73803733	      2.79324607	     53.06598126	      0.92617609	     28.50798018	      0.00000000	      0.00000000	     22.73341737	     -2.69049851	      2.50887814	     52.72291577	      0.92018847	     26.59621245	      0.00000000	      0.00000000	    -18.81027049	     -0.50118562	      3.17500315
      3.23500000	     -2.63637961	      0.84102651	      0.71863137	     -0.19242252	      0.90409128	     -0.56098361	     22.13042175	     -7.69675425	      2.84347209	     53.59652435	      0.93543582	     28.52810492	      0.00000000	      0.00000000	     22.68925290	     -2.80245798	      2.49269902	     52.93964589	      0.92397113	     26.92022554	      0.00000000	      0.00000000	    -18.92928437	     -0.47182169	      3.26675423
      3.24000000	     -2.53998116	      0.78484568	      0.59022879	     -0.19247717	      0.90299184	     -0.56085765	     22.29535517	     -7.66406346	      2.87658389	     54.05414516	      0.94342281	     28.52002256	      0.00000000	      0.00000000	     22.63092060	     -2.91556952	      2.44670673	     53.10585697	      0.92687206	     27.22986051	      0.00000000	      0.00000000	    -19.02550446	     -0.44182932	      3.33450749
      3.24500000	     -2.45734215	      0.72956615	      0.48352100	     -0.19248654	      0.90207142	     -0.56074335	     22.42880024	     -7.64375218	      2.87950507	     54.43559268	      0.95008032	     28.48390772	      0.00000000	      0.00000000	     22.56484180	     -3.02571870	      2.37943332	     53.22633329	      0.92897476	     27.51200109	      0.00000000	      0.00000000	    -19.09743521	     -0.40666554	      3.36838461
      3.25000000	     -2.38807298	      0.68025485	      0.39905312	     -0.19244626	      0.90134344	     -0.56063975	     22.52919609	     -7.64169206	      2.85388558	     54.73615974	      0.95532621	     28.43440040	      0.00000000	      0.00000000	     22.49192733	     -3.12618994	      2.29126221	     53.30243628	      0.93030301	     27.76667437	      0.00000000	      0.00000000	    -19.14708823	     -0.37219638	      3.36737276
      3.25500000	     -2.33153959	      0.63411799	      0.34166626	     -0.19235353	      0.90082428	     -0.56054940	     22.59168575	     -7.65484283	      2.79589523	     54.95303142	      0.95911133	     28.37649529	      0.00000000	      0.00000000	     22.41369177	     -3.21755071	      2.19110737	     53.33452337	      0.93086304	     27.98969149	      0.00000000	      0.00000000	    -19.17498485	     -0.33393867	      3.32797820
      3.26000000	     -2.28747413	      0.58917679	      0.31151685	     -0.19220943	      0.90052283	     -0.56047080	     22.61605568	     -7.67929468	      2.70746153	     55.08470613	      0.96140949	     28.30529413	      0.00000000	      0.00000000	     22.33155747	     -3.30114081	      2.08657756	     53.32438278	      0.93068605	     28.17161861	      0.00000000	      0.00000000	    -19.17780537	     -0.29189326	      3.26765141
      3.26500000	     -2.25317548	      0.54573892	      0.30276734	     -0.19201671	      0.90044645	     -0.56039585	     22.60155047	     -7.71133378	      2.59332375	     55.12938093	      0.96218921	     28.22355870	      0.00000000	      0.00000000	     22.24169027	     -3.37872655	      1.97952770	     53.27007651	      0.92973823	     28.30581446	      0.00000000	      0.00000000	    -19.15769841	     -0.24792874	      3.19174854
      3.27000000	     -2.22890239	      0.50254312	      0.31050586	     -0.19177950	      0.90059412	     -0.56031512	     22.54848484	     -7.74458843	      2.46427239	     55.08684269	      0.96144678	     28.12871996	      0.00000000	      0.00000000	     22.14346612	     -3.45367989	      1.87358631	     53.16967654	      0.92798592	     28.39270007	      0.00000000	      0.00000000	    -19.11277547	     -0.20313116	      3.10948069
      3.27500000	     -2.21485499	      0.45509777	      0.33563238	     -0.19150041	      0.90096161	     -0.56022930	     22.45758354	     -7.77317464	      2.31799499	     54.96101465	      0.95925067	     28.01652020	      0.00000000	      0.00000000	     22.03768761	     -3.53025251	      1.77922765	     53.02289390	      0.92542408	     28.42633460	      0.00000000	      0.00000000	    -19.04317856	     -0.15169838	      3.02384012
      3.28000000	     -2.21204876	      0.40336564	      0.37523492	     -0.19118177	      0.90153837	     -0.56013731	     22.33319719	     -7.79516141	      2.15711475	     54.75727600	      0.95569476	     27.87982482	      0.00000000	      0.00000000	     21.92507123	     -3.60889958	      1.70132017	     52.82996093	      0.92205676	     28.40286054	      0.00000000	      0.00000000	    -18.94836834	     -0.09405646	      2.93925501
      3.28500000	     -2.22122620	      0.34918691	      0.42793056	     -0.19081914	      0.90231618	     -0.56004043	     22.17783036	     -7.81320201	      1.97941020	     54.47963528	      0.95084901	     27.71873638	      0.00000000	      0.00000000	     21.80426412	     -3.68722462	      1.64428957	     52.58787134	      0.91783150	     28.32406859	      0.00000000	      0.00000000	    -18.82916139	     -0.03107182	      2.84985635
      3.29000000	     -2.24254558	      0.28887891	      0.49466383	     -0.19040800	      0.90328986	     -0.55994616	     21.99142741	     -7.82477824	      1.78088669	     54.13020087	      0.94475023	     27.53350982	      0.00000000	      0.00000000	     21.67492597	     -3.76799293	      1.61329309	     52.29648494	      0.91274585	     28.19493927	      0.00000000	      0.00000000	    -18.68506542	      0.04209190	      2.75700074
      3.29500000	     -2.27507031	      0.22394749	      0.57156476	     -0.18994335	      0.90445261	     -0.55985062	     21.77641490	     -7.83015027	      1.56189161	     53.71049918	      0.93742505	     27.31982966	      0.00000000	      0.00000000	     21.53401638	     -3.85137209	      1.60373983	     51.95431287	      0.90677382	     28.01787913	      0.00000000	      0.00000000	    -18.51785080	      0.12288626	      2.66292950
      3.30000000	     -2.31613627	      0.15560761	      0.65482193	     -0.18941667	      0.90580927	     -0.55975748	     21.52913457	     -7.83075285	      1.32309981	     53.21601389	      0.92879466	     27.08570042	      0.00000000	      0.00000000	     21.37588505	     -3.93714809	      1.60939346	     51.55936959	      0.89988076	     27.79559964	      0.00000000	      0.00000000	    -18.33041993	      0.20955987	      2.57100568
      3.30500000	     -2.36390817	      0.08686379	      0.74031427	     -0.18882281	      0.90736198	     -0.55966479	     21.24835617	     -7.82892160	      1.06664609	     52.64473057	      0.91882388	     26.83725568	      0.00000000	      0.00000000	     21.19600798	     -4.02382645	      1.62172050	     51.10945833	      0.89202833	     27.53037869	      0.00000000	      0.00000000	    -18.12432081	      0.29707124	      2.48391244
      3.31000000	     -2.41515075	      0.01914002	      0.82528242	     -0.18816124	      0.90911158	     -0.55956783	     20.93121069	     -7.82381237	      0.79669807	     51.99612622	      0.90750360	     26.57098457	      0.00000000	      0.00000000	     20.99077123	     -4.11176353	      1.63235074	     50.60602625	      0.88324178	     27.22172498	      0.00000000	      0.00000000	    -17.90320846	      0.38240408	      2.40400027
      3.31500000	     -2.46902275	     -0.04292848	      0.90593874	     -0.18743418	      0.91105856	     -0.55946319	     20.57913222	     -7.81970870	      0.51740955	     51.27287710	      0.89488052	     26.28287086	      0.00000000	      0.00000000	     20.75815630	     -4.19721447	      1.63271919	     50.04880309	      0.87351640	     26.86947498	      0.00000000	      0.00000000	    -17.66947021	      0.45915118	      2.33209189
      3.32000000	     -2.52154111	     -0.09560697	      0.98164455	     -0.18664158	      0.91321045	     -0.55935258	     20.18825380	     -7.82184028	      0.22815839	     50.47734349	      0.88099584	     25.97387679	      0.00000000	      0.00000000	     20.49422078	     -4.27634516	      1.61665165	     49.43860216	      0.86286639	     26.47050787	      0.00000000	      0.00000000	    -17.42875004	      0.52307919	      2.26677080
      3.32500000	     -2.57346460	     -0.13735709	      1.05172297	     -0.18579033	      0.91555935	     -0.55923219	     19.76296335	     -7.83094767	     -0.06959094	     49.61557227	      0.86595510	     25.62856974	      0.00000000	      0.00000000	     20.20119188	     -4.34715348	      1.58117595	     48.77817643	      0.85133978	     26.02396279	      0.00000000	      0.00000000	    -17.18063158	      0.57199433	      2.20646435
      3.33000000	     -2.62223743	     -0.16705910	      1.11711212	     -0.18488881	      0.91810429	     -0.55910445	     19.30240056	     -7.84872469	     -0.37535048	     48.69118214	      0.84982145	     25.24045056	      0.00000000	      0.00000000	     19.87805480	     -4.40692220	      1.52677759	     48.06914925	      0.83896492	     25.52873837	      0.00000000	      0.00000000	    -16.93029284	      0.60508669	      2.15079019
      3.33500000	     -2.66966236	     -0.18522200	      1.17554572	     -0.18394760	      0.92084161	     -0.55896922	     18.81141257	     -7.87366584	     -0.68424080	     47.70680394	      0.83264080	     24.80235407	      0.00000000	      0.00000000	     19.52797543	     -4.45546518	      1.45255937	     47.31258652	      0.82576041	     24.98486706	      0.00000000	      0.00000000	    -16.67764307	      0.62276904	      2.10005614
      3.34000000	     -2.71599337	     -0.19368514	      1.22911625	     -0.18297699	      0.92375786	     -0.55882905	     18.29319186	     -7.90427888	     -0.99640005	     46.66783070	      0.81450730	     24.30752704	      0.00000000	      0.00000000	     19.15601703	     -4.49341163	      1.36095393	     46.51575229	      0.81185303	     24.38810298	      0.00000000	      0.00000000	    -16.42288324	      0.62752516	      2.05443804
      3.34500000	     -2.76695167	     -0.19266069	      1.27695348	     -0.18198825	      0.92683930	     -0.55868156	     17.75849520	     -7.93858804	     -1.30668865	     45.58078122	      0.79553471	     23.74566490	      0.00000000	      0.00000000	     18.77125897	     -4.52021156	      1.25437000	     45.68258678	      0.79731155	     23.73293372	      0.00000000	      0.00000000	    -16.16060297	      0.61988651	      2.01538036
      3.35000000	     -2.82459911	     -0.18608809	      1.32104265	     -0.18099683	      0.93007302	     -0.55853045	     17.21238450	     -7.97228421	     -1.61258353	     44.44932577	      0.77578708	     23.11782870	      0.00000000	      0.00000000	     18.38205629	     -4.53890616	      1.13792531	     44.82114118	      0.78227649	     23.02007776	      0.00000000	      0.00000000	    -15.89110931	      0.60458333	      1.98308811
      3.35500000	     -2.89322971	     -0.17510317	      1.36038785	     -0.18001477	      0.93344297	     -0.55837511	     16.66463687	     -8.00304626	     -1.90863882	     43.28133946	      0.75540188	     22.41894322	      0.00000000	      0.00000000	     17.99770477	     -4.55080013	      1.01249166	     43.93856776	      0.76687268	     22.24562054	      0.00000000	      0.00000000	    -15.61022565	      0.58304476	      1.95699370
      3.36000000	     -2.97336292	     -0.16199466	      1.39825877	     -0.17904946	      0.93693728	     -0.55822284	     16.11935091	     -8.03039310	     -2.19846954	     42.08417939	      0.73450749	     21.64721891	      0.00000000	      0.00000000	     17.62431419	     -4.55698575	      0.88341357	     43.04305938	      0.75124311	     21.40747297	      0.00000000	      0.00000000	    -15.31808972	      0.55994163	      1.93504270
      3.36500000	     -3.06744190	     -0.14880974	      1.43474089	     -0.17811210	      0.94054366	     -0.55807539	     15.58376845	     -8.05100417	     -2.47848557	     40.86442301	      0.71321873	     20.80442906	      0.00000000	      0.00000000	     17.26875529	     -4.55948929	      0.75417484	     42.13990667	      0.73548012	     20.50729447	      0.00000000	      0.00000000	    -15.01320034	      0.53802166	      1.91365629
      3.37000000	     -3.17155139	     -0.13647093	      1.46973723	     -0.17721284	      0.94425135	     -0.55793440	     15.05934750	     -8.06484695	     -2.74581940	     39.63082793	      0.69168843	     19.89344648	      0.00000000	      0.00000000	     16.93074273	     -4.55910497	      0.62659911	     41.23525381	      0.71969095	     19.54613661	      0.00000000	      0.00000000	    -14.70201911	      0.51619273	      1.89668340
      3.37500000	     -3.28678320	     -0.12378572	      1.50070904	     -0.17635942	      0.94804509	     -0.55779990	     14.55542464	     -8.07276764	     -2.99438588	     38.39729660	      0.67015925	     18.91288185	      0.00000000	      0.00000000	     16.61423169	     -4.55532744	      0.49976075	     40.33341710	      0.70395093	     18.52676507	      0.00000000	      0.00000000	    -14.38349370	      0.49329796	      1.88574138
      3.38000000	     -3.41092368	     -0.11212150	      1.52963813	     -0.17555252	      0.95191571	     -0.55767533	     14.07337863	     -8.07523597	     -3.22769227	     37.17054385	      0.64874837	     17.86344442	      0.00000000	      0.00000000	     16.31979957	     -4.54914415	      0.37674536	     39.43935079	      0.68834653	     17.45346634	      0.00000000	      0.00000000	    -14.06003225	      0.47140978	      1.87896611
      3.38500000	     -3.54398121	     -0.09873063	      1.55447744	     -0.17480004	      0.95584471	     -0.55756015	     13.62207824	     -8.07602683	     -3.43957005	     35.96478378	      0.62770389	     16.75100406	      0.00000000	      0.00000000	     16.05056122	     -4.53878368	      0.25633376	     38.55866760	      0.67297570	     16.32987280	      0.00000000	      0.00000000	    -13.73284116	      0.44643637	      1.87762074
      3.39000000	     -3.68294639	     -0.08204210	      1.57441027	     -0.17409863	      0.95982416	     -0.55745463	     13.20258866	     -8.07855111	     -3.62961863	     34.78876694	      0.60717853	     15.57908647	      0.00000000	      0.00000000	     15.80380347	     -4.52263162	      0.13773936	     37.69336635	      0.65787335	     15.16138185	      0.00000000	      0.00000000	    -13.40605961	      0.41579191	      1.88645969
      3.39500000	     -3.82469493	     -0.06465878	      1.59103755	     -0.17344921	      0.96384523	     -0.55736797	     12.81297672	     -8.08080322	     -3.80037487	     33.64715685	      0.58725367	     14.35461945	      0.00000000	      0.00000000	     15.57911443	     -4.50341669	      0.02375803	     36.84874228	      0.64313188	     13.95729162	      0.00000000	      0.00000000	    -13.08273295	      0.38660882	      1.89594849
      3.40000000	     -3.96385038	     -0.04790668	      1.60607591	     -0.17284286	      0.96790098	     -0.55730366	     12.44626665	     -8.08289924	     -3.95679862	     32.54015977	      0.56793293	     13.08529489	      0.00000000	      0.00000000	     15.37135764	     -4.48249534	     -0.08494645	     36.02748306	      0.62879820	     12.72344762	      0.00000000	      0.00000000	    -12.76906738	      0.36052306	      1.90630827
      3.40500000	     -4.09921844	     -0.02947817	      1.61519245	     -0.17228518	      0.97197455	     -0.55726134	     12.10833616	     -8.08700571	     -4.09060266	     31.48181729	      0.54946137	     11.78085394	      0.00000000	      0.00000000	     15.17942428	     -4.45853885	     -0.19166072	     35.23178708	      0.61491069	     11.46660387	      0.00000000	      0.00000000	    -12.46869397	      0.33480799	      1.92074120
      3.41000000	     -4.22763984	     -0.01371227	      1.62070414	     -0.17176764	      0.97605609	     -0.55724376	     11.79210122	     -8.08748920	     -4.20621455	     30.46813162	      0.53176921	     10.45232785	      0.00000000	      0.00000000	     14.99996294	     -4.43578972	     -0.29427112	     34.46282336	      0.60148974	     10.20122941	      0.00000000	      0.00000000	    -12.18594248	      0.31557864	      1.93855456
      3.41500000	     -4.34677456	      0.00058100	      1.62207575	     -0.17129222	      0.98012962	     -0.55725240	     11.49872722	     -8.08629602	     -4.30407621	     29.50518842	      0.51496268	      9.11166663	      0.00000000	      0.00000000	     14.83103983	     -4.41269868	     -0.39061412	     33.72330259	      0.58858266	      8.93480526	      0.00000000	      0.00000000	    -11.92387780	      0.30249244	      1.95734196
      3.42000000	     -4.45598554	      0.01434469	      1.61752168	     -0.17085461	      0.98417441	     -0.55728410	     11.22961198	     -8.08449690	     -4.38401549	     28.59598513	      0.49909409	      7.77007690	      0.00000000	      0.00000000	     14.67086417	     -4.38859923	     -0.48435357	     33.01393388	      0.57620185	      7.68148677	      0.00000000	      0.00000000	    -11.68417900	      0.29375064	      1.98079093
      3.42500000	     -4.55807989	      0.02866277	      1.60724864	     -0.17045723	      0.98816899	     -0.55733716	     10.99120424	     -8.08403857	     -4.44730730	     27.74856185	      0.48430377	      6.43855046	      0.00000000	      0.00000000	     14.52266375	     -4.36160141	     -0.57180409	     32.33584572	      0.56436697	      6.44660665	      0.00000000	      0.00000000	    -11.46479507	      0.28750802	      2.00795628
      3.43000000	     -4.65213149	      0.04245044	      1.59445219	     -0.17009275	      0.99209667	     -0.55741061	     10.77672203	     -8.08229024	     -4.49887084	     26.95304335	      0.47041935	      5.13021692	      0.00000000	      0.00000000	     14.38550365	     -4.33181858	     -0.65030358	     31.69012187	      0.55309697	      5.24601806	      0.00000000	      0.00000000	    -11.26656476	      0.28460362	      2.03883369
      3.43500000	     -4.74024195	      0.05682776	      1.57805086	     -0.16976676	      0.99593350	     -0.55750405	     10.59127227	     -8.08185947	     -4.53818987	     26.21637696	      0.45756210	      3.85294534	      0.00000000	      0.00000000	     14.26277275	     -4.29787889	     -0.71971549	     31.08038612	      0.54245507	      4.08273671	      0.00000000	      0.00000000	    -11.08739842	      0.28343059	      2.07312939
      3.44000000	     -4.82344906	      0.07150303	      1.55649558	     -0.16947925	      0.99965831	     -0.55761390	     10.43437191	     -8.08156432	     -4.56238598	     25.53805630	      0.44572317	      2.61782391	      0.00000000	      0.00000000	     14.15422625	     -4.26091270	     -0.78419144	     30.50537285	      0.53241920	      2.96731698	      0.00000000	      0.00000000	    -10.92686728	      0.28366621	      2.11361913
      3.44500000	     -4.90682660	      0.08509923	      1.53160968	     -0.16923105	      1.00324396	     -0.55773805	     10.31064793	     -8.07975103	     -4.57228357	     24.91935092	      0.43492472	      1.43655725	      0.00000000	      0.00000000	     14.06740825	     -4.22294024	     -0.84262527	     29.97077445	      0.52308869	      1.90474462	      0.00000000	      0.00000000	    -10.77930118	      0.28593232	      2.16181051
      3.45000000	     -4.98876909	      0.09889813	      1.50132489	     -0.16902513	      1.00666825	     -0.55787604	     10.21827002	     -8.07687884	     -4.56380422	     24.35850020	      0.42513603	      0.32265403	      0.00000000	      0.00000000	     13.99976411	     -4.18355887	     -0.90086930	     29.47837663	      0.51449473	      0.91206503	      0.00000000	      0.00000000	    -10.64601338	      0.29031804	      2.21682423
      3.45500000	     -5.06995826	      0.11395283	      1.46543991	     -0.16886488	      1.00990754	     -0.55802552	     10.16031675	     -8.07655374	     -4.53767187	     23.86260622	      0.41648105	     -0.70580876	      0.00000000	      0.00000000	     13.95215669	     -4.14321950	     -0.96196651	     29.03184569	      0.50670130	     -0.00215768	      0.00000000	      0.00000000	    -10.52549270	      0.29633334	      2.27328408
      3.46000000	     -5.14958417	      0.13373549	      1.42227723	     -0.16874189	      1.01294302	     -0.55818087	     10.13447812	     -8.08166481	     -4.49167537	     23.43100371	      0.40894816	     -1.63029471	      0.00000000	      0.00000000	     13.92089163	     -4.09993847	     -1.03249999	     28.63140111	      0.49971222	     -0.82196430	      0.00000000	      0.00000000	    -10.41744192	      0.29940804	      2.33324755
      3.46500000	     -5.22889301	      0.15969371	      1.37185579	     -0.16865749	      1.01575196	     -0.55833856	     10.14283165	     -8.09333503	     -4.42386844	     23.06619397	      0.40258103	     -2.43392860	      0.00000000	      0.00000000	     13.90736778	     -4.05267148	     -1.11347900	     28.28180307	      0.49361058	     -1.53074625	      0.00000000	      0.00000000	    -10.31988814	      0.29755161	      2.39607854
      3.47000000	     -5.30466520	      0.19659498	      1.31312315	     -0.16860884	      1.01832454	     -0.55848766	     10.18045237	     -8.11567038	     -4.33077126	     22.76989659	      0.39740967	     -3.08752932	      0.00000000	      0.00000000	     13.90484260	     -3.99752792	     -1.20705523	     27.98125810	      0.48836508	     -2.11391027	      0.00000000	      0.00000000	    -10.23582483	      0.28444407	      2.46040243
      3.47500000	     -5.37706130	      0.24566373	      1.24944037	     -0.16859480	      1.02065196	     -0.55862550	     10.24402385	     -8.15040652	     -4.21476884	     22.54355026	      0.39345918	     -3.56466830	      0.00000000	      0.00000000	     13.91168924	     -3.93211389	     -1.30552281	     27.72954341	      0.48397183	     -2.55754183	      0.00000000	      0.00000000	    -10.16527089	      0.25766663	      2.52368043
      3.48000000	     -5.44893308	      0.30815786	      1.18040894	     -0.16861912	      1.02272442	     -0.55874363	     10.33547476	     -8.19719893	     -4.06990662	     22.38884021	      0.39075898	     -3.84843334	      0.00000000	      0.00000000	     13.92988546	     -3.85484259	     -1.40296836	     27.52794665	      0.48045331	     -2.84530566	      0.00000000	      0.00000000	    -10.10520789	      0.21408452	      2.58807301
      3.48500000	     -5.51907975	      0.38303960	      1.10999226	     -0.16868943	      1.02454336	     -0.55884069	     10.44927133	     -8.25349272	     -3.89258063	     22.30224129	      0.38924754	     -3.92646618	      0.00000000	      0.00000000	     13.95698264	     -3.76452936	     -1.48496295	     27.37523003	      0.47778790	     -2.97124725	      0.00000000	      0.00000000	    -10.05765967	      0.15468957	      2.64801300
      3.49000000	     -5.58556382	      0.46973013	      1.04195950	     -0.16880326	      1.02611593	     -0.55891540	     10.57759217	     -8.31842676	     -3.68382657	     22.28091321	      0.38887530	     -3.79378886	      0.00000000	      0.00000000	     13.98963572	     -3.66058825	     -1.54178930	     27.27022312	      0.47595518	     -2.94363132	      0.00000000	      0.00000000	    -10.02391314	      0.07963502	      2.69808167
      3.49500000	     -5.64763073	      0.56450686	      0.98010845	     -0.16895896	      1.02744987	     -0.55897886	     10.71419208	     -8.38860876	     -3.44314598	     22.31792361	      0.38952125	     -3.48094319	      0.00000000	      0.00000000	     14.02662974	     -3.54419802	     -1.56193791	     27.21197687	      0.47493859	     -2.78085966	      0.00000000	      0.00000000	    -10.00409112	     -0.00612193	      2.73368553
      3.50000000	     -5.70108079	      0.66531892	      0.92470916	     -0.16915340	      1.02855414	     -0.55903385	     10.85207751	     -8.46159773	     -3.16743707	     22.40832177	      0.39109899	     -3.03232808	      0.00000000	      0.00000000	     14.06560520	     -3.41829237	     -1.54763791	     27.20345962	      0.47478994	     -2.52477331	      0.00000000	      0.00000000	    -10.00150871	     -0.10041354	      2.75378978
      3.50500000	     -5.74069899	      0.76757682	      0.87782802	     -0.16937543	      1.02943928	     -0.55909313	     10.98134522	     -8.53302955	     -2.86246515	     22.54506929	      0.39348569	     -2.50192959	      0.00000000	      0.00000000	     14.10232807	     -3.28716928	     -1.50089283	     27.24552788	      0.47552417	     -2.22828684	      0.00000000	      0.00000000	    -10.02015232	     -0.19662800	      2.75588609
      3.51000000	     -5.76363234	      0.86631261	      0.83863373	     -0.16961381	      1.03010792	     -0.55916273	     11.09921873	     -8.59993037	     -2.53475208	     22.72872648	      0.39669111	     -1.94678159	      0.00000000	      0.00000000	     14.13794079	     -3.15825379	     -1.43189814	     27.34399227	      0.47724270	     -1.93759104	      0.00000000	      0.00000000	    -10.06098822	     -0.28852304	      2.74116598
      3.51500000	     -5.76838056	      0.95761827	      0.80802404	     -0.16986515	      1.03055507	     -0.55924709	     11.20531937	     -8.65987573	     -2.19292717	     22.95853677	      0.40070206	     -1.42034806	      0.00000000	      0.00000000	     14.17671744	     -3.03743938	     -1.34766821	     27.50661526	      0.48008100	     -1.69540986	      0.00000000	      0.00000000	    -10.12442195	     -0.37066915	      2.70976281
      3.52000000	     -5.75247844	      1.03835432	      0.78511481	     -0.17011856	      1.03077498	     -0.55934772	     11.29981392	     -8.71155597	     -1.85055754	     23.23850604	      0.40558844	     -0.95308104	      0.00000000	      0.00000000	     14.21966450	     -2.93100747	     -1.25947205	     27.73936712	      0.48414329	     -1.52355345	      0.00000000	      0.00000000	    -10.21107704	     -0.43893478	      2.66347239
      3.52500000	     -5.71498334	      1.10331972	      0.77065072	     -0.17036409	      1.03076221	     -0.55946230	     11.38245183	     -8.75042687	     -1.52435919	     23.56975771	      0.41136988	     -0.56694105	      0.00000000	      0.00000000	     14.26560980	     -2.84592358	     -1.17105921	     28.04045576	      0.48939828	     -1.42760653	      0.00000000	      0.00000000	    -10.32001565	     -0.48721870	      2.60391628
      3.53000000	     -5.65650300	      1.15314978	      0.76632871	     -0.17059537	      1.03050991	     -0.55958995	     11.45311374	     -8.77905334	     -1.22477099	     23.95122510	      0.41802774	     -0.26935834	      0.00000000	      0.00000000	     14.31400694	     -2.78220093	     -1.08344115	     28.40640507	      0.49578530	     -1.40044816	      0.00000000	      0.00000000	    -10.44918627	     -0.51584426	      2.53018642
      3.53500000	     -5.57927699	      1.18929789	      0.77217840	     -0.17081298	      1.03001261	     -0.55973013	     11.51363665	     -8.79916376	     -0.95714067	     24.37905627	      0.42549480	     -0.06448070	      0.00000000	      0.00000000	     14.36370488	     -2.73779810	     -0.99456264	     28.82971305	      0.50317342	     -1.44047516	      0.00000000	      0.00000000	    -10.59549197	     -0.52641987	      2.44430184
      3.54000000	     -5.48554272	      1.21459784	      0.78746502	     -0.17101065	      1.02927238	     -0.55988280	     11.56362552	     -8.81320716	     -0.72397680	     24.84562474	      0.43363796	      0.04779129	      0.00000000	      0.00000000	     14.40955220	     -2.70844767	     -0.90338544	     29.29439435	      0.51128363	     -1.53472954	      0.00000000	      0.00000000	    -10.75532891	     -0.52238259	      2.34746505
      3.54500000	     -5.37851653	      1.22935810	      0.81144365	     -0.17119100	      1.02829171	     -0.56004768	     11.60326423	     -8.82057650	     -0.52376525	     25.34238469	      0.44230805	      0.07115963	      0.00000000	      0.00000000	     14.44909388	     -2.69259126	     -0.80792487	     29.78576966	      0.51985975	     -1.68237093	      0.00000000	      0.00000000	    -10.92522348	     -0.50458323	      2.24396878
      3.55000000	     -5.26557588	      1.23761082	      0.84206498	     -0.17136336	      1.02706986	     -0.56022159	     11.63719607	     -8.82372316	     -0.34258210	     25.85894056	      0.45132365	      0.01312522	      0.00000000	      0.00000000	     14.48637293	     -2.68487516	     -0.70585708	     30.29270867	      0.52870751	     -1.88741943	      0.00000000	      0.00000000	    -11.09760381	     -0.47856541	      2.13541983
      3.55500000	     -5.14972704	      1.23768562	      0.87739473	     -0.17153569	      1.02561027	     -0.56040181	     11.66770436	     -8.81877222	     -0.17680936	     26.38967690	      0.46058675	     -0.12763903	      0.00000000	      0.00000000	     14.52130688	     -2.68721437	     -0.59831237	     30.80353258	      0.53762306	     -2.14930706	      0.00000000	      0.00000000	    -11.26946478	     -0.44257767	      2.02339155
      3.56000000	     -5.03400318	      1.22986227	      0.91559040	     -0.17170660	      1.02391832	     -0.56058314	     11.69539051	     -8.80474551	     -0.02530471	     26.92751695	      0.46997383	     -0.34343768	      0.00000000	      0.00000000	     14.55135071	     -2.69915169	     -0.48637533	     31.30253546	      0.54633231	     -2.44532317	      0.00000000	      0.00000000	    -11.43726952	     -0.39816769	      1.91216415
      3.56500000	     -4.92315545	      1.21245051	      0.95706753	     -0.17188537	      1.02199402	     -0.56076019	     11.72651035	     -8.78009333	      0.10967566	     27.47322399	      0.47949821	     -0.61870165	      0.00000000	      0.00000000	     14.57933631	     -2.72249016	     -0.36588666	     31.78079449	      0.55467950	     -2.71905530	      0.00000000	      0.00000000	    -11.59646994	     -0.34467340	      1.80395494
      3.57000000	     -4.82529292	      1.18698905	      1.00148018	     -0.17208510	      1.01982997	     -0.56092341	     11.77189946	     -8.74529130	      0.23468536	     28.02797556	      0.48918046	     -0.90075624	      0.00000000	      0.00000000	     14.61165679	     -2.75614931	     -0.23262982	     32.22877048	      0.56249816	     -2.90190633	      0.00000000	      0.00000000	    -11.73914823	     -0.28501836	      1.69795113
      3.57500000	     -4.73564290	      1.15782972	      1.04683055	     -0.17231001	      1.01742854	     -0.56106884	     11.82990271	     -8.70681616	      0.34276484	     28.59252460	      0.49903370	     -1.10060561	      0.00000000	      0.00000000	     14.63837273	     -2.79587257	     -0.08902076	     32.63500537	      0.56958830	     -2.91733582	      0.00000000	      0.00000000	    -11.87128825	     -0.22553473	      1.59892179
      3.58000000	     -4.65830645	      1.12926541	      1.09728400	     -0.17255695	      1.01478488	     -0.56119385	     11.90557283	     -8.67211848	      0.42217910	     29.16345712	      0.50899835	     -1.12821658	      0.00000000	      0.00000000	     14.66233334	     -2.83545350	      0.06967779	     32.99653950	      0.57589826	     -2.69444887	      0.00000000	      0.00000000	    -11.98956570	     -0.17336696	      1.50731353
      3.58500000	     -4.59613947	      1.10159389	      1.15334817	     -0.17283640	      1.01189096	     -0.56129755	     12.00601065	     -8.64212807	      0.46945706	     29.74182236	      0.51909273	     -0.90773342	      0.00000000	      0.00000000	     14.69050140	     -2.87456489	      0.24481821	     33.32408684	      0.58161504	     -2.18843377	      0.00000000	      0.00000000	    -12.09207365	     -0.12843446	      1.41891104
      3.59000000	     -4.54848468	      1.07727075	      1.21369106	     -0.17315148	      1.00874246	     -0.56138015	     12.13306163	     -8.61965543	      0.48583527	     30.32700911	      0.52930616	     -0.36273531	      0.00000000	      0.00000000	     14.72717146	     -2.91081427	      0.42869918	     33.63258331	      0.58699931	     -1.43529185	      0.00000000	      0.00000000	    -12.18073287	     -0.09325767	      1.33359864
      3.59500000	     -4.51155458	      1.05691180	      1.27746265	     -0.17349992	      1.00534763	     -0.56144673	     12.28339011	     -8.60590368	      0.46724061	     30.91555488	      0.53957822	      0.49323536	      0.00000000	      0.00000000	     14.77543854	     -2.94275168	      0.61264403	     33.94564500	      0.59246327	     -0.49455900	      0.00000000	      0.00000000	    -12.26040848	     -0.06842392	      1.25212374
      3.60000000	     -4.49502176	      1.03536951	      1.34453283	     -0.17388444	      1.00170881	     -0.56149598	     12.46747421	     -8.59224649	      0.42225429	     31.51070147	      0.54996549	      1.57787289	      0.00000000	      0.00000000	     14.85827652	     -2.97639979	      0.79126817	     34.29708231	      0.59859701	      0.57449046	      0.00000000	      0.00000000	    -12.32109768	     -0.04591592	      1.16687993
      3.60500000	     -4.49491087	      1.00982838	      1.40921352	     -0.17431266	      0.99784840	     -0.56152695	     12.68263876	     -8.57149740	      0.36644490	     32.12014421	      0.56060227	      2.81384166	      0.00000000	      0.00000000	     14.97873021	     -3.01642455	      0.95427079	     34.70810763	      0.60577076	      1.71007430	      0.00000000	      0.00000000	    -12.36847655	     -0.02158238	      1.08265158
      3.61000000	     -4.50724681	      0.98063399	      1.46991425	     -0.17478001	      0.99380024	     -0.56154334	     12.92064767	     -8.54233912	      0.30999107	     32.74605095	      0.57152641	      4.13698145	      0.00000000	      0.00000000	     15.13520744	     -3.06160216	      1.09621909	     35.18669255	      0.61412364	      2.86648303	      0.00000000	      0.00000000	    -12.40836047	      0.00409095	      1.00177004
      3.61500000	     -4.52448505	      0.94670056	      1.52752451	     -0.17527516	      0.98960619	     -0.56154685	     13.16700645	     -8.50172442	      0.25383558	     33.38514474	      0.58268070	      5.48121044	      0.00000000	      0.00000000	     15.32047132	     -3.11289317	      1.21511882	     35.73324925	      0.62366285	      4.03727423	      0.00000000	      0.00000000	    -12.44903876	      0.03224804	      0.92420925
      3.62000000	     -4.53670982	      0.90961160	      1.58741176	     -0.17578229	      0.98530971	     -0.56155029	     13.40595585	     -8.45359157	      0.18593142	     34.03770407	      0.59407001	      6.82305467	      0.00000000	      0.00000000	     15.52030209	     -3.16559596	      1.31739486	     36.33297085	      0.63412997	      5.23390055	      0.00000000	      0.00000000	    -12.50190105	      0.06375967	      0.84117027
      3.62500000	     -4.53200197	      0.87081092	      1.65132055	     -0.17629146	      0.98095546	     -0.56156394	     13.62245732	     -8.40124125	      0.09868495	     34.70115551	      0.60564942	      8.17725669	      0.00000000	      0.00000000	     15.71630316	     -3.21502578	      1.40644756	     36.96418469	      0.64514673	      6.46332991	      0.00000000	      0.00000000	    -12.58219823	      0.09632196	      0.75974162
      3.63000000	     -4.50801862	      0.83243778	      1.72069527	     -0.17679607	      0.97657592	     -0.56159215	     13.81339882	     -8.34840966	     -0.01059407	     35.37129913	      0.61734563	      9.55764147	      0.00000000	      0.00000000	     15.90375815	     -3.25613612	      1.48498315	     37.61210459	      0.65645506	      7.72056809	      0.00000000	      0.00000000	    -12.69159239	      0.12795080	      0.67285296
      3.63500000	     -4.46108055	      0.79735379	      1.79430081	     -0.17729873	      0.97220020	     -0.56163829	     13.98020739	     -8.30012111	     -0.14365192	     36.04767254	      0.62915057	     10.96479451	      0.00000000	      0.00000000	     16.08003350	     -3.28520908	      1.54931389	     38.27154989	      0.66796456	      8.99499408	      0.00000000	      0.00000000	    -12.83467371	      0.15629635	      0.57838307
      3.64000000	     -4.39615019	      0.76708013	      1.86573195	     -0.17781387	      0.96784973	     -0.56169267	     14.13578741	     -8.25675758	     -0.28706668	     36.73340010	      0.64111878	     12.38519662	      0.00000000	      0.00000000	     16.25328722	     -3.30183500	      1.59360666	     38.94352668	      0.67969276	     10.27362100	      0.00000000	      0.00000000	    -13.00754088	      0.17876867	      0.48165447
      3.64500000	     -4.31841621	      0.74352958	      1.92883720	     -0.17835692	      0.96354848	     -0.56174265	     14.29117002	     -8.21861589	     -0.42389875	     37.42895406	      0.65325848	     13.80369948	      0.00000000	      0.00000000	     16.43217643	     -3.30595096	      1.61187815	     39.63381732	      0.69174061	     11.54191915	      0.00000000	      0.00000000	    -13.20539282	      0.19110418	      0.38788222
      3.65000000	     -4.22925493	      0.73111887	      1.97692099	     -0.17893264	      0.95933114	     -0.56177523	     14.44895436	     -8.18900984	     -0.54135273	     38.12902802	      0.66547708	     15.19545704	      0.00000000	      0.00000000	     16.61769600	     -3.29605134	      1.59754743	     40.34537309	      0.70415960	     12.78240347	      0.00000000	      0.00000000	    -13.42675878	      0.18760552	      0.29846514
      3.65500000	     -4.12749373	      0.73154364	      2.00626926	     -0.17954245	      0.95523131	     -0.56178441	     14.60780186	     -8.16971496	     -0.63364079	     38.83026889	      0.67771604	     16.53681020	      0.00000000	      0.00000000	     16.80753834	     -3.27320227	      1.54879741	     41.07949368	      0.71697242	     13.99235745	      0.00000000	      0.00000000	    -13.67441375	      0.16642864	      0.22059998
      3.66000000	     -4.01395945	      0.74551340	      2.01622532	     -0.18018037	      0.95128438	     -0.56176421	     14.76606591	     -8.16114946	     -0.69888962	     39.52809469	      0.68989540	     17.80577183	      0.00000000	      0.00000000	     16.99714515	     -3.23711702	      1.47443589	     41.82759232	      0.73002920	     15.16521995	      0.00000000	      0.00000000	    -13.94688564	      0.12649871	      0.15656162
      3.66500000	     -3.88885597	      0.77210146	      2.00689933	     -0.18083256	      0.94752148	     -0.56172201	     14.92187065	     -8.16411835	     -0.73848577	     40.22030124	      0.70197668	     18.99939803	      0.00000000	      0.00000000	     17.17956758	     -3.18804454	      1.38268772	     42.57748654	      0.74311733	     16.29842937	      0.00000000	      0.00000000	    -14.24243458	      0.06981320	      0.10603772
      3.67000000	     -3.75741381	      0.80994942	      1.98132669	     -0.18149420	      0.94396067	     -0.56166532	     15.08101558	     -8.17765611	     -0.75265454	     40.90764794	      0.71397315	     20.11507773	      0.00000000	      0.00000000	     17.35533948	     -3.12531973	      1.28980367	     43.31743761	      0.75603191	     17.37394996	      0.00000000	      0.00000000	    -14.55407785	     -0.00075493	      0.06851947
      3.67500000	     -3.62728586	      0.85201241	      1.94289152	     -0.18216029	      0.94060454	     -0.56160461	     15.25375366	     -8.19463948	     -0.74100977	     41.59644269	      0.72599488	     21.15661539	      0.00000000	      0.00000000	     17.52984837	     -3.05456920	      1.21040170	     44.03924365	      0.76862980	     18.38395172	      0.00000000	      0.00000000	    -14.87094800	     -0.07651733	      0.04504520
      3.68000000	     -3.50880608	      0.89062491	      1.89414774	     -0.18282854	      0.93745422	     -0.56154849	     15.45254642	     -8.20569833	     -0.69895227	     42.28914679	      0.73808485	     22.12223112	      0.00000000	      0.00000000	     17.71127296	     -2.98191958	      1.15774675	     44.73478109	      0.78076922	     19.31698489	      0.00000000	      0.00000000	    -15.17935148	     -0.14869190	      0.03588323
      3.68500000	     -3.41196711	      0.91915364	      1.83527431	     -0.18349873	      0.93449997	     -0.56150179	     15.68836389	     -8.20193567	     -0.61982125	     42.98724431	      0.75026895	     23.01483940	      0.00000000	      0.00000000	     17.90951774	     -2.91508388	      1.13609280	     45.40125940	      0.79240146	     20.16931911	      0.00000000	      0.00000000	    -15.46623716	     -0.20962123	      0.04373863
      3.69000000	     -3.34392474	      0.93181339	      1.76878638	     -0.18417434	      0.93173260	     -0.56146711	     15.96755407	     -8.17473465	     -0.50056249	     43.68803177	      0.76250000	     23.82621614	      0.00000000	      0.00000000	     18.13178918	     -2.86085095	      1.15202581	     46.03607230	      0.80348104	     20.93306879	      0.00000000	      0.00000000	    -15.72314261	     -0.25236331	      0.07039782
      3.69500000	     -3.30659381	      0.92505480	      1.69307504	     -0.18484969	      0.92915014	     -0.56144309	     16.28824861	     -8.11886159	     -0.33877733	     44.38511580	      0.77466641	     24.55422843	      0.00000000	      0.00000000	     18.37713534	     -2.82562211	      1.20122365	     46.63495288	      0.81393347	     21.61484939	      0.00000000	      0.00000000	    -15.94634372	     -0.27336665	      0.11874260
      3.70000000	     -3.29951635	      0.89903610	      1.60815015	     -0.18552389	      0.92675780	     -0.56142577	     16.64403864	     -8.03394558	     -0.13643897	     45.06636281	      0.78655641	     25.18784329	      0.00000000	      0.00000000	     18.64169756	     -2.81162773	      1.28024707	     47.19260454	      0.82366633	     22.21619574	      0.00000000	      0.00000000	    -16.13532531	     -0.27345235	      0.18676241
      3.70500000	     -3.31815415	      0.85930768	      1.51248846	     -0.18618658	      0.92456105	     -0.56140659	     17.02428768	     -7.92639531	      0.10075754	     45.72119613	      0.79798541	     25.72578048	      0.00000000	      0.00000000	     18.91445434	     -2.81666358	      1.37753153	     47.70094695	      0.83253858	     22.74544883	      0.00000000	      0.00000000	    -16.29244694	     -0.25958045	      0.27192750
      3.71000000	     -3.35676743	      0.80837782	      1.40761063	     -0.18682984	      0.92258016	     -0.56138612	     17.41395078	     -7.80047229	      0.36431204	     46.33510044	      0.80870006	     26.16718548	      0.00000000	      0.00000000	     19.18242634	     -2.83796562	      1.49065502	     48.14958183	      0.84036874	     23.20503707	      0.00000000	      0.00000000	    -16.42328282	     -0.23407845	      0.36969159
      3.71500000	     -3.40757368	      0.75092541	      1.29311147	     -0.18744078	      0.92083404	     -0.56135758	     17.79660134	     -7.66357771	      0.64438837	     46.89475135	      0.81846781	     26.51753248	      0.00000000	      0.00000000	     19.43049790	     -2.87349133	      1.60702751	     48.52958434	      0.84700103	     23.60431660	      0.00000000	      0.00000000	    -16.53415128	     -0.20291004	      0.47674768
      3.72000000	     -3.46622578	      0.69176062	      1.17223323	     -0.18800855	      0.91933880	     -0.56132169	     18.15941325	     -7.52329337	      0.93052928	     47.38803132	      0.82707717	     26.77982150	      0.00000000	      0.00000000	     19.64813862	     -2.91783836	      1.72024323	     48.83165861	      0.85227322	     23.94832263	      0.00000000	      0.00000000	    -16.62728481	     -0.17115725	      0.58715909
      3.72500000	     -3.52764365	      0.63487366	      1.04528302	     -0.18852060	      0.91811258	     -0.56127393	     18.49016789	     -7.38518330	      1.21581371	     47.80557707	      0.83436472	     26.96216542	      0.00000000	      0.00000000	     19.82447299	     -2.96788996	      1.81844158	     49.04855328	      0.85605875	     24.24397086	      0.00000000	      0.00000000	    -16.70700101	     -0.14347184	      0.69859695
      3.73000000	     -3.58696329	      0.57770349	      0.91865216	     -0.18896970	      0.91717597	     -0.56122551	     18.77430150	     -7.25127641	      1.48435956	     48.13503908	      0.84011492	     27.07961472	      0.00000000	      0.00000000	     19.95248812	     -3.02313038	      1.90246251	     49.17713501	      0.85830292	     24.48853831	      0.00000000	      0.00000000	    -16.77834591	     -0.11500417	      0.80688466
      3.73500000	     -3.64469127	      0.52345264	      0.79469732	     -0.18934844	      0.91652725	     -0.56117131	     19.00943215	     -7.12612495	      1.72931292	     48.36949802	      0.84420700	     27.13502847	      0.00000000	      0.00000000	     20.03268407	     -3.08124382	      1.96189313	     49.21844615	      0.85902394	     24.68635914	      0.00000000	      0.00000000	    -16.83868623	     -0.09029716	      0.90890094
      3.74000000	     -3.70039433	      0.46991588	      0.67838322	     -0.18965090	      0.91617654	     -0.56111608	     19.18822515	     -7.00982352	      1.94071100	     48.50049330	      0.84649330	     27.13728792	      0.00000000	      0.00000000	     20.06471699	     -3.14164815	      1.99776828	     49.17225722	      0.85821779	     24.83711579	      0.00000000	      0.00000000	    -16.88733926	     -0.06540295	      1.00186214
      3.74500000	     -3.75113294	      0.41421570	      0.57349437	     -0.18987069	      0.91613273	     -0.56106439	     19.30282967	     -6.90268471	      2.10702053	     48.52317349	      0.84688914	     27.09420785	      0.00000000	      0.00000000	     20.04724900	     -3.20608878	      2.00682384	     49.04250726	      0.85595323	     24.94445002	      0.00000000	      0.00000000	    -16.92774577	     -0.03579807	      1.08224014
      3.75000000	     -3.79743680	      0.35337174	      0.48550429	     -0.19000546	      0.91639708	     -0.56102118	     19.34994104	     -6.80455524	      2.21729768	     48.43303902	      0.84531600	     27.01347091	      0.00000000	      0.00000000	     19.98379894	     -3.27555355	      1.99264033	     48.83328119	      0.85230154	     25.00560060	      0.00000000	      0.00000000	    -16.95830649	      0.00355463	      1.14815713
      3.75500000	     -3.84219759	      0.29006682	      0.41513332	     -0.19005190	      0.91696214	     -0.56097846	     19.33257311	     -6.71659583	      2.27293979	     48.23151992	      0.84179883	     26.88199805	      0.00000000	      0.00000000	     19.88000005	     -3.34814079	      1.95170698	     48.54893672	      0.84733879	     25.02151624	      0.00000000	      0.00000000	    -16.97473848	      0.04927624	      1.19815961
      3.76000000	     -3.88694497	      0.22181059	      0.36593923	     -0.19000960	      0.91783190	     -0.56094449	     19.25050243	     -6.63845825	      2.26846477	     47.92165906	      0.83639073	     26.70000970	      0.00000000	      0.00000000	     19.74058135	     -3.42417845	      1.89070054	     48.19350227	      0.84113529	     24.98650623	      0.00000000	      0.00000000	    -16.97510245	      0.10610756	      1.22921000
      3.76500000	     -3.93164175	      0.14993115	      0.33854936	     -0.18988224	      0.91899832	     -0.56091941	     19.10767149	     -6.57125330	      2.20396021	     47.50875642	      0.82918422	     26.46180523	      0.00000000	      0.00000000	     19.56836831	     -3.50187998	      1.81177910	     47.77080983	      0.83375792	     24.89727416	      0.00000000	      0.00000000	    -16.95973598	      0.17260167	      1.24105949
      3.77000000	     -3.98172429	      0.07778097	      0.33211872	     -0.18967949	      0.92044569	     -0.56089980	     18.91547773	     -6.51651928	      2.08627818	     46.99928205	      0.82029222	     26.16054933	      0.00000000	      0.00000000	     19.37380749	     -3.57775914	      1.72246052	     47.28758142	      0.82532399	     24.74089558	      0.00000000	      0.00000000	    -16.92262810	      0.24426223	      1.23577783
      3.77500000	     -4.03990757	      0.00616921	      0.34443538	     -0.18941071	      0.92216171	     -0.56088596	     18.68336914	     -6.47344414	      1.92366708	     46.40366814	      0.80989679	     25.78774365	      0.00000000	      0.00000000	     19.16329565	     -3.65052290	      1.62892200	     46.74888661	      0.81592199	     24.51175542	      0.00000000	      0.00000000	    -16.86242805	      0.32021667	      1.21511194
      3.78000000	     -4.10777097	     -0.06494478	      0.37437830	     -0.18909033	      0.92413598	     -0.56088329	     18.42116155	     -6.44220207	      1.72031591	     45.73345101	      0.79819930	     25.34334998	      0.00000000	      0.00000000	     18.94349725	     -3.71888925	      1.54233842	     46.16144676	      0.80566923	     24.19765763	      0.00000000	      0.00000000	    -16.77967404	      0.40080196	      1.18149476
      3.78500000	     -4.18368063	     -0.13386374	      0.41729066	     -0.18872752	      0.92635160	     -0.56088729	     18.13569481	     -6.42175740	      1.48698695	     44.99903913	      0.78538139	     24.82057882	      0.00000000	      0.00000000	     18.71599035	     -3.78240601	      1.46545933	     45.53117500	      0.79466892	     23.79800349	      0.00000000	      0.00000000	    -16.67783430	      0.48283242	      1.14244831
      3.79000000	     -4.27035088	     -0.20103636	      0.46759308	     -0.18833877	      0.92879423	     -0.56089195	     17.83952585	     -6.40781110	      1.23750589	     44.21394815	      0.77167897	     24.21357977	      0.00000000	      0.00000000	     18.49020489	     -3.84348546	      1.40178342	     44.86887483	      0.78310960	     23.30492391	      0.00000000	      0.00000000	    -16.55622529	      0.56493975	      1.10223588
      3.79500000	     -4.36876519	     -0.26786034	      0.52158346	     -0.18793685	      0.93144947	     -0.56089987	     17.54402686	     -6.39813982	      0.97918325	     43.39627350	      0.75740786	     23.51645973	      0.00000000	      0.00000000	     18.27201360	     -3.90393360	      1.35386609	     44.18227513	      0.77112617	     22.71890498	      0.00000000	      0.00000000	    -16.41659978	      0.64890104	      1.06439308
      3.80000000	     -4.47794240	     -0.33431152	      0.57442542	     -0.18753587	      0.93430491	     -0.56090567	     17.25724634	     -6.38875674	      0.72445616	     42.55687181	      0.74275753	     22.72613122	      0.00000000	      0.00000000	     18.06583949	     -3.96560627	      1.32136348	     43.48087857	      0.75888449	     22.03668113	      0.00000000	      0.00000000	    -16.26179111	      0.73270116	      1.03086833
      3.80500000	     -4.59600240	     -0.40144990	      0.61938787	     -0.18714510	      0.93734741	     -0.56090431	     16.98552168	     -6.37628749	      0.48399787	     41.70803264	      0.72794249	     21.84630440	      0.00000000	      0.00000000	     17.87355646	     -4.03263153	      1.29468695	     42.77313467	      0.74653203	     21.26761232	      0.00000000	      0.00000000	    -16.09512822	      0.81580571	      1.00689752
      3.81000000	     -4.72312242	     -0.46857434	      0.65430507	     -0.18677797	      0.94056918	     -0.56089558	     16.73703621	     -6.36101035	      0.26429834	     40.86319684	      0.71319733	     20.87712249	      0.00000000	      0.00000000	     17.70113992	     -4.10458987	      1.27303199	     42.06839918	      0.73423208	     20.40303183	      0.00000000	      0.00000000	    -15.91931865	      0.89730182	      0.99188036
      3.81500000	     -4.85489057	     -0.53571060	      0.67787182	     -0.18643693	      0.94396525	     -0.56088141	     16.51131314	     -6.34353681	      0.06709131	     40.03184107	      0.69868743	     19.82872888	      0.00000000	      0.00000000	     17.54596782	     -4.18209483	      1.25219612	     41.37053283	      0.72205201	     19.45033057	      0.00000000	      0.00000000	    -15.74072617	      0.97787747	      0.98635911
      3.82000000	     -4.98688438	     -0.60310936	      0.68674005	     -0.18612634	      0.94752572	     -0.56085545	     16.30674502	     -6.31995315	     -0.09909305	     39.21648143	      0.68445672	     18.70579960	      0.00000000	      0.00000000	     17.40618968	     -4.26720479	      1.22332339	     40.68622177	      0.71010853	     18.41234563	      0.00000000	      0.00000000	    -15.56464964	      1.05665226	      0.99199661
      3.82500000	     -5.11365039	     -0.66916561	      0.68044962	     -0.18584436	      0.95124341	     -0.56081916	     16.11942832	     -6.29309832	     -0.23575592	     38.42232497	      0.67059608	     17.51454501	      0.00000000	      0.00000000	     17.27705728	     -4.35887815	      1.17924104	     40.01793025	      0.69844464	     17.29333898	      0.00000000	      0.00000000	    -15.39808355	      1.13282324	      1.00918933
      3.83000000	     -5.23267317	     -0.73096026	      0.65995214	     -0.18558558	      0.95510421	     -0.56077040	     15.94798867	     -6.26563041	     -0.34374798	     37.65268553	      0.65716333	     16.25995556	      0.00000000	      0.00000000	     17.15607916	     -4.45381767	      1.11679109	     39.36630111	      0.68707157	     16.10126204	      0.00000000	      0.00000000	    -15.24382651	      1.20187055	      1.03620305
      3.83500000	     -5.34091382	     -0.78773053	      0.62410566	     -0.18534802	      0.95908977	     -0.56070939	     15.79014515	     -6.23733049	     -0.42343438	     36.90930014	      0.64418881	     14.95102906	      0.00000000	      0.00000000	     17.03956004	     -4.55120781	      1.03058170	     38.73229326	      0.67600604	     14.85371280	      0.00000000	      0.00000000	    -15.10524770	      1.26323354	      1.07391068
      3.84000000	     -5.43919179	     -0.83667523	      0.57019788	     -0.18513565	      0.96317174	     -0.56062870	     15.64878685	     -6.20880039	     -0.46890601	     36.19394058	      0.63170343	     13.59309445	      0.00000000	      0.00000000	     16.92922473	     -4.64931246	      0.91339353	     38.11856924	      0.66529454	     13.55074548	      0.00000000	      0.00000000	    -14.98216202	      1.31253219	      1.12366067
      3.84500000	     -5.52454837	     -0.87484449	      0.50216453	     -0.18494322	      0.96732965	     -0.56053526	     15.52243615	     -6.18869941	     -0.49619465	     35.51262958	      0.61981231	     12.19938141	      0.00000000	      0.00000000	     16.82129157	     -4.74290215	      0.76787739	     37.52412829	      0.65491959	     12.20744293	      0.00000000	      0.00000000	    -14.87768479	      1.34722012	      1.18134458
      3.85000000	     -5.60306080	     -0.90287952	      0.42001590	     -0.18476330	      0.97153644	     -0.56042689	     15.41498592	     -6.17471382	     -0.50497505	     34.86432712	      0.60849730	     10.78042901	      0.00000000	      0.00000000	     16.72089013	     -4.83166951	      0.59522840	     36.94802962	      0.64486477	     10.83654209	      0.00000000	      0.00000000	    -14.78416393	      1.36767961	      1.24744429
      3.85500000	     -5.67375048	     -0.92005800	      0.32604982	     -0.18460509	      0.97576402	     -0.56030697	     15.32717446	     -6.16892038	     -0.50046415	     34.25204351	      0.59781093	      9.35073635	      0.00000000	      0.00000000	     16.62893451	     -4.91336871	      0.40039723	     36.39395852	      0.63519440	      9.44259915	      0.00000000	      0.00000000	    -14.70469205	      1.37620510	      1.31829500
      3.86000000	     -5.74067781	     -0.92512818	      0.22324777	     -0.18446919	      0.97998028	     -0.56017315	     15.26192360	     -6.17273028	     -0.48516449	     33.67412565	      0.58772437	      7.92227092	      0.00000000	      0.00000000	     16.55077902	     -4.98516419	      0.18804177	     35.86379133	      0.62594124	      8.03958936	      0.00000000	      0.00000000	    -14.63419641	      1.37066758	      1.38948520
      3.86500000	     -5.80548658	     -0.91872675	      0.11706889	     -0.18435388	      0.98416065	     -0.56003363	     15.21899273	     -6.18706384	     -0.46716803	     33.12940869	      0.57821726	      6.50995143	      0.00000000	      0.00000000	     16.48856397	     -5.04431399	     -0.03100290	     35.35817306	      0.61711654	      6.64846483	      0.00000000	      0.00000000	    -14.57092282	      1.35340299	      1.45630787
      3.87000000	     -5.87357169	     -0.89972224	      0.01018832	     -0.18426277	      0.98827002	     -0.55988538	     15.20035276	     -6.21108311	     -0.43994454	     32.61451034	      0.56923059	      5.13743027	      0.00000000	      0.00000000	     16.44856365	     -5.08779574	     -0.24954127	     34.87845122	      0.60874381	      5.28063128	      0.00000000	      0.00000000	    -14.50900748	      1.32411615	      1.51391209
      3.87500000	     -5.94299278	     -0.86606575	     -0.09439576	     -0.18421445	      0.99227479	     -0.55973198	     15.20721245	     -6.24803791	     -0.40474113	     32.13303942	      0.56082734	      3.83316630	      0.00000000	      0.00000000	     16.43260685	     -5.11198174	     -0.46105360	     34.43057949	      0.60092698	      3.94896694	      0.00000000	      0.00000000	    -14.45281581	      1.28059993	      1.55720347
      3.88000000	     -6.02067503	     -0.81835283	     -0.19498035	     -0.18420665	      0.99614263	     -0.55957170	     15.24364717	     -6.29609710	     -0.35665885	     31.68445974	      0.55299814	      2.62665319	      0.00000000	      0.00000000	     16.44746813	     -5.11614852	     -0.65940396	     34.01394553	      0.59365534	      2.66959609	      0.00000000	      0.00000000	    -14.39510317	      1.22137840	      1.59099857
      3.88500000	     -6.10610915	     -0.75692517	     -0.28893177	     -0.18424068	      0.99984897	     -0.55941046	     15.30682219	     -6.35659150	     -0.29898660	     31.27102083	      0.54578227	      1.55906352	      0.00000000	      0.00000000	     16.49139437	     -5.09903259	     -0.83760684	     33.62708767	      0.58690340	      1.44937995	      0.00000000	      0.00000000	    -14.33697481	      1.14911161	      1.61270590
      3.89000000	     -6.20247544	     -0.68320062	     -0.37698117	     -0.18431890	      1.00336161	     -0.55924759	     15.39892216	     -6.42616162	     -0.22796896	     30.89342276	      0.53919194	      0.66219102	      0.00000000	      0.00000000	     16.56699161	     -5.06227088	     -0.99205324	     33.27112580	      0.58069069	      0.29761585	      0.00000000	      0.00000000	    -14.27500958	      1.06539282	      1.62344606
      3.89500000	     -6.30927652	     -0.59849358	     -0.45760546	     -0.18444385	      1.00666183	     -0.55909203	     15.51776103	     -6.50478697	     -0.14642203	     30.55185262	      0.53323042	     -0.03637732	      0.00000000	      0.00000000	     16.67129073	     -5.00532583	     -1.11553538	     32.94343427	      0.57497139	     -0.76570514	      0.00000000	      0.00000000	    -14.21144297	      0.97203644	      1.62605061
      3.90000000	     -6.42997960	     -0.50501978	     -0.52958321	     -0.18461004	      1.00973093	     -0.55895093	     15.66483814	     -6.59203892	     -0.05846174	     30.24776880	      0.52792316	     -0.51073182	      0.00000000	      0.00000000	     16.80452027	     -4.92878362	     -1.20053185	     32.64148557	      0.56970140	     -1.72206092	      0.00000000	      0.00000000	    -14.14304184	      0.87270603	      1.62496859
      3.90500000	     -6.55594789	     -0.40702747	     -0.59012239	     -0.18481852	      1.01256630	     -0.55883875	     15.82825958	     -6.68663629	      0.02442515	     29.97629857	      0.52318511	     -0.75796133	      0.00000000	      0.00000000	     16.95428341	     -4.83511946	     -1.24010768	     32.36349457	      0.56484954	     -2.54069560	      0.00000000	      0.00000000	    -14.07838190	      0.77625276	      1.60913245
      3.91000000	     -6.68647167	     -0.30716941	     -0.64006455	     -0.18506703	      1.01516070	     -0.55875764	     16.00636523	     -6.78492238	      0.10213662	     29.73244505	      0.51892906	     -0.79585005	      0.00000000	      0.00000000	     17.11607036	     -4.72706145	     -1.23195613	     32.10695299	      0.56037204	     -3.18583113	      0.00000000	      0.00000000	    -14.01911289	      0.68507987	      1.58318032
      3.91500000	     -6.81437888	     -0.20817353	     -0.67780012	     -0.18534482	      1.01752534	     -0.55871503	     16.18834520	     -6.88892071	      0.16480309	     29.51101777	      0.51506443	     -0.65396684	      0.00000000	      0.00000000	     17.27608622	     -4.60651768	     -1.17510430	     31.86422071	      0.55613556	     -3.62019643	      0.00000000	      0.00000000	    -13.97336127	      0.60253109	      1.54848199
      3.92000000	     -6.93353646	     -0.11341617	     -0.70549579	     -0.18564406	      1.01966993	     -0.55870842	     16.36638549	     -6.99457789	      0.21091604	     29.30500415	      0.51146881	     -0.38116238	      0.00000000	      0.00000000	     17.42418541	     -4.47946790	     -1.07567104	     31.63199539	      0.55208247	     -3.82758047	      0.00000000	      0.00000000	    -13.94754648	      0.53237670	      1.50737386
      3.92500000	     -7.03722475	     -0.02587909	     -0.72865182	     -0.18595363	      1.02160665	     -0.55872841	     16.52934503	     -7.09578946	      0.24832851	     29.10393250	      0.50795945	     -0.04830729	      0.00000000	      0.00000000	     17.54812629	     -4.35273105	     -0.94592704	     31.40346140	      0.54809380	     -3.80285695	      0.00000000	      0.00000000	    -13.94767307	      0.47628797	      1.46499354
      3.93000000	     -7.12550941	      0.05552915	     -0.75377389	     -0.18626768	      1.02333661	     -0.55875698	     16.67804827	     -7.19045501	      0.29068242	     28.90607182	      0.50450613	      0.29015903	      0.00000000	      0.00000000	     17.64558621	     -4.22972856	     -0.79938463	     31.17423343	      0.54409302	     -3.57116961	      0.00000000	      0.00000000	    -13.97405977	      0.42891134	      1.43237947
      3.93500000	     -7.19765373	      0.12866547	     -0.78493321	     -0.18658681	      1.02486240	     -0.55878401	     16.81246921	     -7.27525268	      0.34561500	     28.71231576	      0.50112445	      0.58483475	      0.00000000	      0.00000000	     17.71661929	     -4.11588840	     -0.64430905	     30.94334527	      0.54006326	     -3.17673834	      0.00000000	      0.00000000	    -14.02692088	      0.39071099	      1.41306545
      3.94000000	     -7.25458830	      0.19267642	     -0.82701034	     -0.18691446	      1.02617984	     -0.55879823	     16.93393459	     -7.34504546	      0.42499903	     28.52103515	      0.49778597	      0.80113384	      0.00000000	      0.00000000	     17.76487544	     -4.01565186	     -0.48962852	     30.71180760	      0.53602216	     -2.67900695	      0.00000000	      0.00000000	    -14.10446675	      0.36077288	      1.40927623
      3.94500000	     -7.29860755	      0.24850146	     -0.88235278	     -0.18725452	      1.02727756	     -0.55878776	     17.04535798	     -7.39818101	      0.53512285	     28.33439518	      0.49452849	      0.90602757	      0.00000000	      0.00000000	     17.79503335	     -3.92999824	     -0.33988456	     30.48057370	      0.53198637	     -2.13300406	      0.00000000	      0.00000000	    -14.20271892	      0.33523483	      1.42356295
      3.95000000	     -7.33256240	      0.29866993	     -0.95182235	     -0.18761557	      1.02814738	     -0.55874668	     17.15272057	     -7.43619997	      0.67993370	     28.15747681	      0.49144068	      0.89729271	      0.00000000	      0.00000000	     17.81277415	     -3.85692522	     -0.19606682	     30.25081926	      0.52797640	     -1.58806907	      0.00000000	      0.00000000	    -14.31845281	      0.31009321	      1.45229141
      3.95500000	     -7.35962784	      0.34424645	     -1.03351207	     -0.18799415	      1.02877984	     -0.55867715	     17.26029720	     -7.46057189	      0.85086716	     27.99342363	      0.48857741	      0.76532790	      0.00000000	      0.00000000	     17.82395323	     -3.79539402	     -0.05826193	     30.02618588	      0.52405581	     -1.08136569	      0.00000000	      0.00000000	    -14.44468266	      0.28378202	      1.49310370
      3.96000000	     -7.37701959	      0.38831161	     -1.12793049	     -0.18838437	      1.02917189	     -0.55857601	     17.36508805	     -7.47326920	      1.04478700	     27.84271653	      0.48594708	      0.50859859	      0.00000000	      0.00000000	     17.82508358	     -3.74379801	      0.06439100	     29.80716766	      0.52023322	     -0.63457401	      0.00000000	      0.00000000	    -14.58209657	      0.25187574	      1.54502589
      3.96500000	     -7.38830938	      0.43506630	     -1.23538989	     -0.18878317	      1.02931496	     -0.55844020	     17.47384919	     -7.47881494	      1.25877899	     27.71186922	      0.48366336	      0.13197414	      0.00000000	      0.00000000	     17.82007820	     -3.69842250	      0.16753957	     29.59679825	      0.51656158	     -0.26484106	      0.00000000	      0.00000000	    -14.72489762	      0.20892260	      1.60530037
      3.97000000	     -7.39390061	      0.48500041	     -1.35637363	     -0.18918115	      1.02920986	     -0.55827047	     17.58825166	     -7.47883327	      1.48906663	     27.60674392	      0.48182858	     -0.34442343	      0.00000000	      0.00000000	     17.81020821	     -3.66009781	      0.24186715	     29.39947284	      0.51311760	      0.01885249	      0.00000000	      0.00000000	    -14.87076972	      0.15449594	      1.67212595
      3.97500000	     -7.39282080	      0.53790219	     -1.48808584	     -0.18956694	      1.02885731	     -0.55807127	     17.70634286	     -7.47461831	      1.72609023	     27.52980118	      0.48048567	     -0.91245748	      0.00000000	      0.00000000	     17.79605657	     -3.62951079	      0.28017915	     29.22029921	      0.50999043	      0.21055125	      0.00000000	      0.00000000	    -15.01774250	      0.08867575	      1.74489581
      3.98000000	     -7.38430679	      0.59069986	     -1.62906499	     -0.18994134	      1.02825919	     -0.55784706	     17.82412565	     -7.46323776	      1.97254237	     27.48085234	      0.47963135	     -1.55200300	      0.00000000	      0.00000000	     17.77909573	     -3.60923042	      0.28013462	     29.06509725	      0.50728164	      0.31806617	      0.00000000	      0.00000000	    -15.16801469	      0.01731441	      1.81712636
      3.98500000	     -7.37355022	      0.64322485	     -1.77854364	     -0.19030707	      1.02741537	     -0.55760017	     17.94806069	     -7.44524245	      2.23042835	     27.46580210	      0.47936868	     -2.24689300	      0.00000000	      0.00000000	     17.76727985	     -3.59769554	      0.24560340	     28.93895341	      0.50508002	      0.34272275	      0.00000000	      0.00000000	    -15.31625096	     -0.05885036	      1.88807497
      3.99000000	     -7.36028347	      0.69283106	     -1.93309307	     -0.19066637	      1.02632754	     -0.55733709	     18.07488020	     -7.41779279	      2.50070130	     27.48526409	      0.47970835	     -2.98078306	      0.00000000	      0.00000000	     17.76330786	     -3.59565078	      0.17802281	     28.84769341	      0.50348723	      0.29589240	      0.00000000	      0.00000000	    -15.46253706	     -0.13601881	      1.95801164
      3.99500000	     -7.34730556	      0.73986355	     -2.08746667	     -0.19102318	      1.02499521	     -0.55706423	     18.20631990	     -7.38216485	      2.78065877	     27.54280473	      0.48071263	     -3.71804139	      0.00000000	      0.00000000	     17.77137681	     -3.59898597	      0.09024601	     28.79345528	      0.50254060	      0.18801509	      0.00000000	      0.00000000	    -15.60427816	     -0.21259452	      2.02258612
      4.00000000	     -7.33585694	      0.78586529	     -2.23707965	     -0.19137894	      1.02341693	     -0.55678867	     18.34287078	     -7.34292069	      3.06502584	     27.64425861	      0.48248333	     -4.38935085	      0.00000000	      0.00000000	     17.79272648	     -3.60227546	     -0.00517826	     28.77732328	      0.50225904	      0.02645462	      0.00000000	      0.00000000	    -15.73986968	     -0.28826807	      2.07600106
      4.00500000	     -7.32813951	      0.83536971	     -2.37863421	     -0.19172691	      1.02158889	     -0.55651117	     18.48892069	     -7.30750344	      3.34498370	     27.80123618	      0.48522311	     -4.90875680	      0.00000000	      0.00000000	     17.82926821	     -3.59905868	     -0.10207385	     28.80028347	      0.50265977	     -0.18326321	      0.00000000	      0.00000000	    -15.86603153	     -0.37016678	      2.12231137
      4.01000000	     -7.32044354	      0.88940114	     -2.50627926	     -0.19205725	      1.01951267	     -0.55624324	     18.63642011	     -7.28128950	      3.60760243	     28.01603313	      0.48897202	     -5.18008312	      0.00000000	      0.00000000	     17.87712310	     -3.58580775	     -0.19508369	     28.86674661	      0.50381977	     -0.39902357	      0.00000000	      0.00000000	    -15.98520772	     -0.45767370	      2.15723130
      4.01500000	     -7.30795570	      0.95047160	     -2.61286427	     -0.19235482	      1.01719518	     -0.55599805	     18.77798185	     -7.27426166	      3.83066183	     28.29229596	      0.49379372	     -5.13042915	      0.00000000	      0.00000000	     17.92893724	     -3.55701629	     -0.27428390	     28.97780211	      0.50575806	     -0.55253961	      0.00000000	      0.00000000	    -16.10129001	     -0.55079794	      2.16996061
      4.02000000	     -7.28714704	      1.01835699	     -2.69957782	     -0.19261165	      1.01464435	     -0.55577814	     18.90892572	     -7.28850798	      4.00826801	     28.63209945	      0.49972441	     -4.73662160	      0.00000000	      0.00000000	     17.97942959	     -3.51428332	     -0.34474462	     29.13884372	      0.50856876	     -0.57988136	      0.00000000	      0.00000000	    -16.21752869	     -0.64915241	      2.16238737
      4.02500000	     -7.25611875	      1.08965315	     -2.76852479	     -0.19282649	      1.01187511	     -0.55558620	     19.02622435	     -7.32104147	      4.14040766	     29.03225710	      0.50670848	     -4.04386666	      0.00000000	      0.00000000	     18.02726840	     -3.46282825	     -0.41251755	     29.35885804	      0.51240874	     -0.41372552	      0.00000000	      0.00000000	    -16.33800675	     -0.74864090	      2.13685246
      4.03000000	     -7.20998539	      1.15998550	     -2.82051104	     -0.19301592	      1.00890649	     -0.55542520	     19.12345904	     -7.36709270	      4.23249124	     29.48358038	      0.51458555	     -3.13432902	      0.00000000	      0.00000000	     18.07182394	     -3.40806715	     -0.47850837	     29.65222796	      0.51752901	      0.00392166	      0.00000000	      0.00000000	    -16.46899159	     -0.84462387	      2.09264171
      4.03500000	     -7.14861700	      1.22314182	     -2.85760411	     -0.19319495	      1.00575660	     -0.55528988	     19.20352896	     -7.41901769	      4.28760002	     29.98159811	      0.52327760	     -2.10428155	      0.00000000	      0.00000000	     18.11636055	     -3.35929171	     -0.54414864	     30.02607805	      0.52405392	      0.66838847	      0.00000000	      0.00000000	    -16.61412786	     -0.93002051	      2.03509474
      4.04000000	     -7.07538561	      1.27600029	     -2.88187108	     -0.19337925	      1.00244046	     -0.55517625	     19.27461625	     -7.47296053	      4.30867291	     30.52340076	      0.53273384	     -1.01454223	      0.00000000	      0.00000000	     18.17022706	     -3.32139585	     -0.61071187	     30.48540789	      0.53207074	      1.51726694	      0.00000000	      0.00000000	    -16.77265210	     -1.00255250	      1.97014114
      4.04500000	     -6.99093678	      1.31594720	     -2.88982390	     -0.19358176	      0.99897163	     -0.55509053	     19.33914326	     -7.52846373	      4.29261882	     31.09929070	      0.54278502	      0.11317024	      0.00000000	      0.00000000	     18.24155448	     -3.29606609	     -0.67016573	     31.03142033	      0.54160046	      2.49879200	      0.00000000	      0.00000000	    -16.94586573	     -1.05896193	      1.89718404
      4.05000000	     -6.89345235	      1.34153485	     -2.87883031	     -0.19381064	      0.99535811	     -0.55503859	     19.39925832	     -7.58654608	      4.23044274	     31.70685764	      0.55338906	      1.29048733	      0.00000000	      0.00000000	     18.33354679	     -3.28416079	     -0.71639433	     31.65785679	      0.55253384	      3.57230660	      0.00000000	      0.00000000	    -17.13583631	     -1.09703637	      1.81737543
      4.05500000	     -6.78998264	      1.35224053	     -2.84648062	     -0.19404769	      0.99160384	     -0.55503011	     19.46475988	     -7.64939823	      4.10782151	     32.34307606	      0.56449317	      2.53201028	      0.00000000	      0.00000000	     18.45330448	     -3.28544585	     -0.74263415	     32.34690033	      0.56455991	      4.69089608	      0.00000000	      0.00000000	    -17.33449615	     -1.11135502	      1.72793265
      4.06000000	     -6.68182535	      1.34784852	     -2.79333650	     -0.19428703	      0.98771433	     -0.55507443	     19.53976420	     -7.71805380	      3.92181705	     33.00733398	      0.57608666	      3.85019920	      0.00000000	      0.00000000	     18.60388126	     -3.29920482	     -0.74680931	     33.08696562	      0.57747649	      5.83864856	      0.00000000	      0.00000000	    -17.53795762	     -1.10237940	      1.62965974
      4.06500000	     -6.57016179	      1.32700597	     -2.72695018	     -0.19453784	      0.98369525	     -0.55517362	     19.62793046	     -7.78603509	      3.69265067	     33.69682557	      0.58812055	      5.22853275	      0.00000000	      0.00000000	     18.78780569	     -3.32830558	     -0.73357921	     33.87212627	      0.59118013	      7.01785812	      0.00000000	      0.00000000	    -17.74404441	     -1.06856318	      1.52835976
      4.07000000	     -6.45777077	      1.28901727	     -2.65443240	     -0.19481310	      0.97955756	     -0.55531851	     19.73539972	     -7.84575208	      3.44064801	     34.41427123	      0.60064234	      6.63330593	      0.00000000	      0.00000000	     19.00829375	     -3.37617184	     -0.70756587	     34.70031497	      0.60563475	      8.21918123	      0.00000000	      0.00000000	    -17.95006437	     -1.01074764	      1.43113816
      4.07500000	     -6.34733536	      1.23328355	     -2.57970261	     -0.19511852	      0.97532635	     -0.55550047	     19.86352314	     -7.89055345	      3.18404681	     35.15619831	      0.61359141	      8.03231945	      0.00000000	      0.00000000	     19.26622679	     -3.44450655	     -0.66877887	     35.56978758	      0.62080991	      9.41643010	      0.00000000	      0.00000000	    -18.15304832	     -0.92988527	      1.34150329
      4.08000000	     -6.23668779	      1.16061048	     -2.50721868	     -0.19547112	      0.97102691	     -0.55570424	     20.01168077	     -7.91554544	      2.94267455	     35.92457468	      0.62700211	      9.40851949	      0.00000000	      0.00000000	     19.55921446	     -3.53522530	     -0.62334378	     36.48604507	      0.63680162	     10.59868401	      0.00000000	      0.00000000	    -18.35649350	     -0.82996833	      1.26373830
      4.08500000	     -6.12471093	      1.07413831	     -2.44428811	     -0.19587776	      0.96669260	     -0.55590562	     20.17703040	     -7.91553310	      2.74031275	     36.71376497	      0.64077608	     10.75809015	      0.00000000	      0.00000000	     19.88146420	     -3.64939315	     -0.58007030	     37.44841221	      0.65359809	     11.75412969	      0.00000000	      0.00000000	    -18.56233744	     -0.71694516	      1.20308172
      4.09000000	     -6.00717309	      0.97521867	     -2.38776238	     -0.19632759	      0.96236253	     -0.55609310	     20.35205212	     -7.89153627	      2.57049909	     37.52019585	      0.65485095	     12.08499529	      0.00000000	      0.00000000	     20.22213359	     -3.78561175	     -0.53447910	     38.44975112	      0.67107475	     12.87628775	      0.00000000	      0.00000000	    -18.77507230	     -0.59340596	      1.15687726
      4.09500000	     -5.88214122	      0.86314264	     -2.32991678	     -0.19679165	      0.95807303	     -0.55627187	     20.52863348	     -7.84612210	      2.41802022	     38.33821608	      0.66912810	     13.39286208	      0.00000000	      0.00000000	     20.57268503	     -3.94100764	     -0.47916073	     39.48008287	      0.68905743	     13.95984958	      0.00000000	      0.00000000	    -18.99336251	     -0.45580245	      1.11572560
      4.10000000	     -5.74739808	      0.73972715	     -2.27192888	     -0.19725616	      0.95385079	     -0.55643696	     20.70408104	     -7.78057481	      2.28257522	     39.16553845	      0.68356760	     14.68923863	      0.00000000	      0.00000000	     20.92686642	     -4.11389993	     -0.41860458	     40.53314067	      0.70743676	     15.00690894	      0.00000000	      0.00000000	    -19.21754073	     -0.30691632	      1.07960226
      4.10500000	     -5.60147253	      0.60637287	     -2.21422779	     -0.19770025	      0.94972329	     -0.55658760	     20.87338999	     -7.69549209	      2.16246965	     39.99570934	      0.69805681	     15.96515374	      0.00000000	      0.00000000	     21.27713860	     -4.30051462	     -0.35200249	     41.59728064	      0.72600951	     16.00854007	      0.00000000	      0.00000000	    -19.44600059	     -0.14889541	      1.04826083
      4.11000000	     -5.44602575	      0.46436278	     -2.14882034	     -0.19810212	      0.94571183	     -0.55673618	     21.03469588	     -7.59650407	      2.04162288	     40.82501982	      0.71253101	     17.20655204	      0.00000000	      0.00000000	     21.62253259	     -4.49289644	     -0.26852557	     42.66429442	      0.74463241	     16.95409524	      0.00000000	      0.00000000	    -19.67378768	      0.01926190	      1.01438735
      4.11500000	     -5.28194862	      0.31961197	     -2.07975989	     -0.19844702	      0.94183731	     -0.55687582	     21.18631582	     -7.48723581	      1.92682307	     41.64700650	      0.72687739	     18.40539078	      0.00000000	      0.00000000	     21.95800113	     -4.68403002	     -0.17522573	     43.72310191	      0.76311209	     17.84306751	      0.00000000	      0.00000000	    -19.89762575	      0.18969933	      0.98108571
      4.12000000	     -5.11029253	      0.18326097	     -2.01629793	     -0.19872645	      0.93811577	     -0.55699157	     21.32963914	     -7.37521196	      1.83186611	     42.45648933	      0.74100553	     19.55583808	      0.00000000	      0.00000000	     22.27678867	     -4.86463554	     -0.08574601	     44.76199133	      0.78124413	     18.67931468	      0.00000000	      0.00000000	    -20.11484692	      0.34655429	      0.95581344
      4.12500000	     -4.93429222	      0.06504630	     -1.96400159	     -0.19892737	      0.93456548	     -0.55707045	     21.46469643	     -7.26757825	      1.76588926	     43.24824023	      0.75482419	     20.64826082	      0.00000000	      0.00000000	     22.57226306	     -5.02511855	     -0.00716901	     45.76588264	      0.79876534	     19.46184967	      0.00000000	      0.00000000	    -20.32050140	      0.47733944	      0.94169585
      4.13000000	     -4.75417608	     -0.02815236	     -1.92575309	     -0.19903761	      0.93120767	     -0.55710694	     21.58500433	     -7.17167786	      1.73140008	     44.01067938	      0.76813126	     21.68663475	      0.00000000	      0.00000000	     22.83333293	     -5.15824619	      0.05680632	     46.71719890	      0.81536894	     20.20114188	      0.00000000	      0.00000000	    -20.51239022	      0.57317018	      0.94123837
      4.13500000	     -4.57003622	     -0.08933106	     -1.90791463	     -0.19904592	      0.92805656	     -0.55709369	     21.68663488	     -7.09423345	      1.73373275	     44.73721145	      0.78081164	     22.67638663	      0.00000000	      0.00000000	     23.04763349	     -5.25921896	      0.09532209	     47.59844796	      0.83074964	     20.91039825	      0.00000000	      0.00000000	    -20.68923099	      0.62509971	      0.95822746
      4.14000000	     -4.38622078	     -0.11554959	     -1.91198210	     -0.19894626	      0.92511313	     -0.55703724	     21.77043252	     -7.04115802	      1.76973740	     45.42275245	      0.79277659	     23.61534226	      0.00000000	      0.00000000	     23.21092231	     -5.32461523	      0.10758157	     48.39690440	      0.84468533	     21.59629178	      0.00000000	      0.00000000	    -20.84473215	      0.62946312	      0.99419950
      4.14500000	     -4.20606416	     -0.10918230	     -1.93621833	     -0.19874054	      0.92237395	     -0.55694541	     21.83475512	     -7.01262256	      1.83531787	     46.06208356	      0.80393502	     24.50792467	      0.00000000	      0.00000000	     23.31970966	     -5.35458603	      0.09930738	     49.10156839	      0.85698404	     22.26197773	      0.00000000	      0.00000000	    -20.97456285	      0.59065551	      1.04769251
      4.15000000	     -4.02886354	     -0.07654954	     -1.97505473	     -0.19842856	      0.91983643	     -0.55683818	     21.87318638	     -7.00899161	      1.91294066	     46.64558787	      0.81411909	     25.36138687	      0.00000000	      0.00000000	     23.36856375	     -5.35182079	      0.07917947	     49.70355440	      0.86749067	     22.91801802	      0.00000000	      0.00000000	    -21.07925636	      0.51862710	      1.11468913
      4.15500000	     -3.86100478	     -0.02315632	     -2.02501844	     -0.19802378	      0.91747621	     -0.55672601	     21.89333833	     -7.02772198	      1.99716042	     47.17659730	      0.82338695	     26.17499730	      0.00000000	      0.00000000	     23.36602029	     -5.32118373	      0.05045255	     50.20498285	      0.87624225	     23.56762988	      0.00000000	      0.00000000	    -21.15286603	      0.42196184	      1.19240136
      4.16000000	     -3.70660464	      0.04507454	     -2.08148718	     -0.19754504	      0.91527857	     -0.55661848	     21.90033123	     -7.06520106	      2.08271353	     47.65588147	      0.83175204	     26.94460046	      0.00000000	      0.00000000	     23.31914833	     -5.26626259	      0.02183793	     50.60764546	      0.88327004	     24.20728752	      0.00000000	      0.00000000	    -21.19419964	      0.30919960	      1.27715017
      4.16500000	     -3.57044076	      0.11517522	     -2.13847364	     -0.19700798	      0.91322892	     -0.55652023	     21.89779479	     -7.10792933	      2.16529338	     48.08054719	      0.83916385	     27.66619993	      0.00000000	      0.00000000	     23.23996531	     -5.20043164	     -0.00131187	     50.92108449	      0.88874058	     24.83523063	      0.00000000	      0.00000000	    -21.19998410	      0.19745341	      1.36563682
      4.17000000	     -3.45715175	      0.18057823	     -2.18927357	     -0.19643349	      0.91132031	     -0.55643962	     21.89474035	     -7.15156339	      2.23854433	     48.45865966	      0.84576316	     28.32635178	      0.00000000	      0.00000000	     23.14285509	     -5.12963628	     -0.01265487	     51.15672234	      0.89285324	     25.44759875	      0.00000000	      0.00000000	    -21.16855377	      0.09602723	      1.45174710
      4.17500000	     -3.37103140	      0.23307274	     -2.23089606	     -0.19584305	      0.90955270	     -0.55637564	     21.89924966	     -7.18470192	      2.30824554	     48.79477307	      0.85162945	     28.90872698	      0.00000000	      0.00000000	     23.04324749	     -5.06497375	     -0.01439538	     51.33002506	      0.89587794	     26.03303333	      0.00000000	      0.00000000	    -21.09861204	      0.01493149	      1.53426676
      4.18000000	     -3.31216449	      0.26658298	     -2.25990616	     -0.19525042	      0.90794418	     -0.55632793	     21.91367575	     -7.19941968	      2.37357376	     49.08950472	      0.85677349	     29.39646935	      0.00000000	      0.00000000	     22.95084059	     -5.01399334	     -0.00599249	     51.45489100	      0.89805726	     26.57983404	      0.00000000	      0.00000000	    -20.99407814	     -0.03805876	      1.61144867
      4.18500000	     -3.27871685	      0.27677425	     -2.27441537	     -0.19466296	      0.90651953	     -0.55629613	     21.93803290	     -7.18999474	      2.43566484	     49.34422684	      0.86121923	     29.77213434	      0.00000000	      0.00000000	     22.87357592	     -4.98447897	      0.00642455	     51.54571452	      0.89964243	     27.07643059	      0.00000000	      0.00000000	    -20.85731877	     -0.05767254	      1.68147838
      4.19000000	     -3.26376412	      0.26254945	     -2.27227676	     -0.19408580	      0.90532643	     -0.55628492	     21.96421104	     -7.15731569	      2.48987411	     49.55317784	      0.86486611	     29.95530178	      0.00000000	      0.00000000	     22.81080473	     -4.97791549	      0.02202118	     51.61104862	      0.90078273	     27.51017507	      0.00000000	      0.00000000	    -20.70001331	     -0.04188243	      1.74245264
      4.19500000	     -3.25663194	      0.22959162	     -2.25504150	     -0.19350998	      0.90440580	     -0.55628326	     21.98052999	     -7.10695122	      2.53405736	     49.71034506	      0.86760919	     29.98050248	      0.00000000	      0.00000000	     22.75299679	     -4.99175006	      0.03058604	     51.65343741	      0.90152255	     27.86572822	      0.00000000	      0.00000000	    -20.53511100	      0.00114162	      1.79433588
      4.20000000	     -3.25458603	      0.18773774	     -2.22414089	     -0.19292970	      0.90377516	     -0.55627565	     21.98627599	     -7.04868745	      2.56985789	     49.83008261	      0.86969901	     29.98527153	      0.00000000	      0.00000000	     22.69980818	     -5.01869346	      0.02827373	     51.67664265	      0.90192756	     28.13447095	      0.00000000	      0.00000000	    -20.36578587	      0.05832016	      1.83463650
      4.20500000	     -3.24859181	      0.14707829	     -2.18178812	     -0.19233275	      0.90346596	     -0.55625785	     21.96972746	     -6.99650170	      2.59182886	     49.91039089	      0.87110065	     29.98610822	      0.00000000	      0.00000000	     22.63771916	     -5.04906910	      0.01175219	     51.67319234	      0.90186734	     28.31029387	      0.00000000	      0.00000000	    -20.20095450	      0.11602841	      1.86190579
      4.21000000	     -3.23561980	      0.11290159	     -2.12599951	     -0.19169965	      0.90349346	     -0.55623372	     21.91967558	     -6.96045682	      2.58854258	     49.93899206	      0.87159984	     29.98465564	      0.00000000	      0.00000000	     22.55780737	     -5.07482654	     -0.01201889	     51.63272096	      0.90116098	     28.39221273	      0.00000000	      0.00000000	    -20.04339228	      0.16803030	      1.87509986
      4.21500000	     -3.21396394	      0.08888880	     -2.05813966	     -0.19101432	      0.90385590	     -0.55620748	     21.82790799	     -6.94656109	      2.55401828	     49.90431283	      0.87099457	     29.97957224	      0.00000000	      0.00000000	     22.45089945	     -5.09143192	     -0.03977816	     51.54364834	      0.89960637	     28.38439299	      0.00000000	      0.00000000	    -19.89261072	      0.21033033	      1.87421008
      4.22000000	     -3.18455858	      0.07756613	     -1.98009840	     -0.19026561	      0.90453845	     -0.55618415	     21.69010514	     -6.95995421	      2.48382880	     49.80395101	      0.86924293	     29.96042851	      0.00000000	      0.00000000	     22.31119456	     -5.09542311	     -0.06825339	     51.39615246	      0.89703208	     28.29614360	      0.00000000	      0.00000000	    -19.74504645	      0.23949549	      1.86383317
      4.22500000	     -3.14846803	      0.07759006	     -1.88812791	     -0.18943957	      0.90552781	     -0.55618225	     21.50061177	     -7.00434595	      2.36254524	     49.62310533	      0.86608657	     29.86062866	      0.00000000	      0.00000000	     22.13337373	     -5.08422332	     -0.08887690	     51.18020254	      0.89326305	     28.13657935	      0.00000000	      0.00000000	    -19.59733899	      0.25946559	      1.84226568
      4.23000000	     -3.10985880	      0.08235190	     -1.78261800	     -0.18853271	      0.90679703	     -0.55620853	     21.25697218	     -7.07160791	      2.18996107	     49.34683348	      0.86126472	     29.63093056	      0.00000000	      0.00000000	     21.91817706	     -5.06467051	     -0.09796596	     50.89185605	      0.88823045	     27.91231259	      0.00000000	      0.00000000	    -19.44418434	      0.27881347	      1.81446511
      4.23500000	     -3.07440074	      0.09487071	     -1.67485990	     -0.18756069	      0.90830552	     -0.55624292	     20.97305973	     -7.15691674	      1.98240777	     48.98934177	      0.85502531	     29.33072566	      0.00000000	      0.00000000	     21.67031418	     -5.03994689	     -0.10904501	     50.53269445	      0.88196190	     27.63197509	      0.00000000	      0.00000000	    -19.27936160	      0.29062513	      1.79145793
      4.24000000	     -3.04704741	      0.11170981	     -1.56347804	     -0.18653301	      0.91002408	     -0.55628694	     20.65580916	     -7.25566077	      1.73974708	     48.55584192	      0.84745931	     28.97523255	      0.00000000	      0.00000000	     21.39743253	     -5.01349278	     -0.12071360	     50.10717152	      0.87453512	     27.29840268	      0.00000000	      0.00000000	    -19.09736233	      0.29847966	      1.77414218
      4.24500000	     -3.03233986	      0.12972222	     -1.44969053	     -0.18546115	      0.91193160	     -0.55633192	     20.31411626	     -7.35999376	      1.46892491	     48.04930740	      0.83861862	     28.56783206	      0.00000000	      0.00000000	     21.10841974	     -4.99075669	     -0.13537285	     49.62287836	      0.86608261	     26.90987438	      0.00000000	      0.00000000	    -18.89424412	      0.30537907	      1.76311271
      4.25000000	     -3.03288063	      0.14771099	     -1.34021213	     -0.18436443	      0.91401134	     -0.55636344	     19.95696727	     -7.46177921	      1.18887940	     47.47602099	      0.82861288	     28.10205404	      0.00000000	      0.00000000	     20.80886527	     -4.97601916	     -0.16144177	     49.08499512	      0.85669478	     26.46979022	      0.00000000	      0.00000000	    -18.66891127	      0.30959958	      1.76480766
      4.25500000	     -3.04809583	      0.16604778	     -1.23507324	     -0.18325293	      0.91625631	     -0.55637461	     19.59171757	     -7.55923247	      0.90386752	     46.84811398	      0.81765384	     27.57468432	      0.00000000	      0.00000000	     20.50271615	     -4.96912571	     -0.20126249	     48.50049757	      0.84649337	     25.97618458	      0.00000000	      0.00000000	    -18.42235698	      0.30936934	      1.77667238
      4.26000000	     -3.07712911	      0.18253842	     -1.12856413	     -0.18212897	      0.91866248	     -0.55637059	     19.22002641	     -7.65139882	      0.61405530	     46.17067361	      0.80583027	     26.98689024	      0.00000000	      0.00000000	     20.19427040	     -4.96950390	     -0.24988895	     47.87686188	      0.83560888	     25.42531717	      0.00000000	      0.00000000	    -18.15676921	      0.30826301	      1.79181958
      4.26500000	     -3.11853840	      0.19811831	     -1.02006986	     -0.18100423	      0.92122822	     -0.55634738	     18.84796220	     -7.73687403	      0.32735020	     45.45515144	      0.79334205	     26.32873798	      0.00000000	      0.00000000	     19.88634511	     -4.97454995	     -0.30538000	     47.22062414	      0.82415537	     24.81516774	      0.00000000	      0.00000000	    -17.87570125	      0.30520081	      1.80838230
      4.27000000	     -3.16863269	      0.21187497	     -0.91393334	     -0.17988840	      0.92395486	     -0.55630357	     18.47809583	     -7.81210566	      0.05601921	     44.71152172	      0.78036327	     25.59687575	      0.00000000	      0.00000000	     19.57723821	     -4.98527157	     -0.37247415	     46.53524794	      0.81219329	     24.14834559	      0.00000000	      0.00000000	    -17.58559677	      0.29974760	      1.82877720
      4.27500000	     -3.22911875	      0.22423447	     -0.80674564	     -0.17878306	      0.92683771	     -0.55624443	     18.11677085	     -7.87818809	     -0.19933037	     43.94967715	      0.76706657	     24.79306194	      0.00000000	      0.00000000	     19.27353368	     -4.99840384	     -0.44541634	     45.82758854	      0.79984231	     23.41653185	      0.00000000	      0.00000000	    -17.28512718	      0.29431121	      1.84751986
      4.28000000	     -3.29768171	      0.23311709	     -0.69857923	     -0.17769407	      0.92987618	     -0.55617591	     17.76559573	     -7.93345703	     -0.43638238	     43.17718732	      0.75358408	     23.92057840	      0.00000000	      0.00000000	     18.97572373	     -5.01403784	     -0.52136554	     45.10233336	      0.78718422	     22.62148404	      0.00000000	      0.00000000	    -16.98056111	      0.29333412	      1.86455619
      4.28500000	     -3.37226418	      0.23702064	     -0.58991201	     -0.17663130	      0.93306442	     -0.55610276	     17.42783110	     -7.97667549	     -0.65319837	     42.40458574	      0.74009964	     22.97656816	      0.00000000	      0.00000000	     18.68508107	     -5.03221147	     -0.59709796	     44.36448794	      0.77430639	     21.76710637	      0.00000000	      0.00000000	    -16.67538851	      0.29949456	      1.87786149
      4.29000000	     -3.45152621	      0.23557231	     -0.48326412	     -0.17559484	      0.93639356	     -0.55602862	     17.10394624	     -8.00730238	     -0.84487348	     41.63558271	      0.72667800	     21.97364214	      0.00000000	      0.00000000	     18.40225473	     -5.05331462	     -0.67410008	     43.61792718	      0.76127644	     20.85449059	      0.00000000	      0.00000000	    -16.37169548	      0.31352786	      1.88659577
      4.29500000	     -3.53705274	      0.22746817	     -0.37471040	     -0.17458559	      0.93984798	     -0.55595989	     16.79664286	     -8.02627708	     -1.01789808	     40.87442383	      0.71339328	     20.92241582	      0.00000000	      0.00000000	     18.13187334	     -5.07581329	     -0.74256967	     42.86679434	      0.74816670	     19.88392785	      0.00000000	      0.00000000	    -16.07041542	      0.33836702	      1.89315102
      4.30000000	     -3.62063382	      0.21128613	     -0.26689334	     -0.17361595	      0.94341895	     -0.55590078	     16.50081049	     -8.03278917	     -1.17171941	     40.12638280	      0.70033750	     19.82371619	      0.00000000	      0.00000000	     17.86745971	     -5.10101702	     -0.80209209	     42.11557359	      0.73505543	     18.86624696	      0.00000000	      0.00000000	    -15.78343756	      0.37435469	      1.89969912
      4.30500000	     -3.70273216	      0.18670787	     -0.16025446	     -0.17269197	      0.94708378	     -0.55585257	     16.21826239	     -8.02719332	     -1.30528580	     39.39619182	      0.68759326	     18.68425755	      0.00000000	      0.00000000	     17.61236723	     -5.12928262	     -0.85023346	     41.36908118	      0.72202668	     17.80615319	      0.00000000	      0.00000000	    -15.50991961	      0.42044396	      1.91041335
      4.31000000	     -3.78320184	      0.15639011	     -0.05555203	     -0.17180976	      0.95082534	     -0.55581703	     15.94881488	     -8.01234616	     -1.41922050	     38.68286766	      0.67514340	     17.51236156	      0.00000000	      0.00000000	     17.36542900	     -5.15688658	     -0.88454564	     40.62674466	      0.70907046	     16.71076641	      0.00000000	      0.00000000	    -15.25069709	      0.47348196	      1.92971853
      4.31500000	     -3.86225379	      0.12118427	      0.04814797	     -0.17097535	      0.95462378	     -0.55579636	     15.69442621	     -7.99089266	     -1.51793107	     37.98967829	      0.66304497	     16.31402719	      0.00000000	      0.00000000	     17.12869393	     -5.18213693	     -0.90098665	     39.89152338	      0.69623843	     15.58778221	      0.00000000	      0.00000000	    -15.00521586	      0.53178920	      1.96385137
      4.32000000	     -3.93734532	      0.08081992	      0.14953508	     -0.17019291	      0.95846001	     -0.55579188	     15.45363486	     -7.96315109	     -1.60336689	     37.31640378	      0.65129411	     15.09053432	      0.00000000	      0.00000000	     16.90103707	     -5.20652318	     -0.90226870	     39.16809257	      0.68361218	     14.44669871	      0.00000000	      0.00000000	    -14.77288384	      0.59666141	      2.00574807
      4.32500000	     -4.01264421	      0.03734138	      0.24980556	     -0.16946021	      0.96230784	     -0.55580306	     15.22993654	     -7.93110013	     -1.67578431	     36.66140042	      0.63986215	     13.85463361	      0.00000000	      0.00000000	     16.68756409	     -5.22776425	     -0.88656197	     38.45830829	      0.67122410	     13.29512929	      0.00000000	      0.00000000	    -14.54828480	      0.66584845	      2.05143560
      4.33000000	     -4.09014966	     -0.00539488	      0.34875946	     -0.16877407	      0.96614635	     -0.55582854	     15.02577325	     -7.89839174	     -1.73736606	     36.02434173	      0.62874337	     12.61282930	      0.00000000	      0.00000000	     16.48991888	     -5.24218644	     -0.85528141	     37.76322254	      0.65909257	     12.14088812	      0.00000000	      0.00000000	    -14.33082893	      0.73482481	      2.10227806
      4.33500000	     -4.17153728	     -0.04820853	      0.44617873	     -0.16814456	      0.96995283	     -0.55586568	     14.84274324	     -7.86291161	     -1.78423797	     35.40517774	      0.61793692	     11.37866319	      0.00000000	      0.00000000	     16.31355398	     -5.25242044	     -0.81112043	     37.09025314	      0.64734704	     10.98830831	      0.00000000	      0.00000000	    -14.11908501	      0.80430118	      2.15471704
      4.34000000	     -4.25648875	     -0.08862398	      0.54054167	     -0.16756957	      0.97370645	     -0.55591209	     14.68090348	     -7.82623683	     -1.81612430	     34.80462137	      0.60745524	     10.15579891	      0.00000000	      0.00000000	     16.15754711	     -5.25653266	     -0.75737435	     36.44117648	      0.63601851	      9.84790725	      0.00000000	      0.00000000	    -13.91679429	      0.87328989	      2.19826466
      4.34500000	     -4.34651097	     -0.12092996	      0.63006586	     -0.16704832	      0.97738508	     -0.55596187	     14.54299883	     -7.79284915	     -1.82763203	     34.22815960	      0.59739408	      8.96639142	      0.00000000	      0.00000000	     16.02267703	     -5.24916910	     -0.69789985	     35.81679843	      0.62512106	      8.73224372	      0.00000000	      0.00000000	    -13.72483505	      0.93407893	      2.23617734
      4.35000000	     -4.44225246	     -0.14180755	      0.71181157	     -0.16657912	      0.98097258	     -0.55601005	     14.43067905	     -7.76613860	     -1.81647959	     33.67759413	      0.58778490	      7.82397230	      0.00000000	      0.00000000	     15.90939666	     -5.22813965	     -0.63975927	     35.21917023	      0.61469048	      7.64891403	      0.00000000	      0.00000000	    -13.54368916	      0.98202508	      2.27531621
      4.35500000	     -4.54254957	     -0.14872697	      0.78550330	     -0.16616805	      0.98444818	     -0.55605459	     14.34424042	     -7.74872298	     -1.78094488	     33.15371657	      0.57864151	      6.74660435	      0.00000000	      0.00000000	     15.81702634	     -5.19046696	     -0.58170171	     34.65034200	      0.60476255	      6.60178858	      0.00000000	      0.00000000	    -13.37250229	      1.01568362	      2.30618958
      4.36000000	     -4.64436509	     -0.13794187	      0.84957800	     -0.16580509	      0.98779493	     -0.55609156	     14.28142179	     -7.74554706	     -1.72483054	     32.65992755	      0.57002327	      5.74851085	      0.00000000	      0.00000000	     15.74048581	     -5.13288762	     -0.52945407	     34.10964863	      0.59532568	      5.60129645	      0.00000000	      0.00000000	    -13.21425701	      1.02991717	      2.33121267
      4.36500000	     -4.74812884	     -0.10661868	      0.90273902	     -0.16548960	      0.99099217	     -0.55611582	     14.24382163	     -7.75960259	     -1.64785207	     32.19843474	      0.56196870	      4.85172077	      0.00000000	      0.00000000	     15.67969525	     -5.05318024	     -0.48595598	     33.59754342	      0.58638775	      4.65143301	      0.00000000	      0.00000000	    -13.06656040	      1.01922566	      2.35742944
      4.37000000	     -4.85287429	     -0.05587298	      0.94608378	     -0.16521850	      0.99402368	     -0.55612614	     14.22852900	     -7.79046800	     -1.55336034	     31.76481432	      0.55440060	      4.06352772	      0.00000000	      0.00000000	     15.63424328	     -4.95289602	     -0.45137770	     33.11580283	      0.57797979	      3.75122447	      0.00000000	      0.00000000	    -12.92960428	      0.98472329	      2.38514619
      4.37500000	     -4.95545200	      0.01299937	      0.98229794	     -0.16498592	      0.99687083	     -0.55611711	     14.23072481	     -7.83665571	     -1.45055329	     31.36186376	      0.54736778	      3.39600683	      0.00000000	      0.00000000	     15.60019690	     -4.83422814	     -0.42439089	     32.66458456	      0.57010455	      2.90491490	      0.00000000	      0.00000000	    -12.80530236	      0.92762721	      2.41079136
      4.38000000	     -5.05415442	      0.09860627	      1.01010026	     -0.16478407	      0.99952154	     -0.55608520	     14.24711604	     -7.89621972	     -1.33966879	     30.99192788	      0.54091118	      2.86490163	      0.00000000	      0.00000000	     15.57412635	     -4.70038518	     -0.41230266	     32.24319434	      0.56274990	      2.12567441	      0.00000000	      0.00000000	    -12.69472701	      0.84843220	      2.44138631
      4.38500000	     -5.14778753	      0.19712215	      1.03132112	     -0.16461333	      1.00196608	     -0.55603288	     14.27271728	     -7.96461647	     -1.22150583	     30.65076918	      0.53495684	      2.48489834	      0.00000000	      0.00000000	     15.55437039	     -4.55548174	     -0.41144547	     31.85227195	      0.55592702	      1.42625285	      0.00000000	      0.00000000	    -12.59859910	      0.75246243	      2.47603981
      4.39000000	     -5.23577080	      0.30457171	      1.04718180	     -0.16447331	      1.00419846	     -0.55595911	     14.30369655	     -8.03684849	     -1.09375657	     30.33554098	      0.52945507	      2.27250151	      0.00000000	      0.00000000	     15.53971587	     -4.40437299	     -0.42173786	     31.49089801	      0.54961985	      0.81117720	      0.00000000	      0.00000000	    -12.51748024	      0.64421120	      2.51640648
      4.39500000	     -5.31827298	      0.41552732	      1.05715964	     -0.16436491	      1.00621166	     -0.55586588	     14.33959172	     -8.10616706	     -0.95302890	     30.04737623	      0.52442565	      2.23309761	      0.00000000	      0.00000000	     15.52911082	     -4.25350625	     -0.44268175	     31.15875114	      0.54382280	      0.29873067	      0.00000000	      0.00000000	    -12.45067184	      0.53006627	      2.56469733
      4.40000000	     -5.39349077	      0.52625596	      1.06251316	     -0.16428478	      1.00800852	     -0.55576324	     14.37690868	     -8.17062001	     -0.80218458	     29.78225315	      0.51979838	      2.36049142	      0.00000000	      0.00000000	     15.51869736	     -4.10597523	     -0.47075296	     30.85292198	      0.53848507	     -0.10345864	      0.00000000	      0.00000000	    -12.39969207	      0.41527593	      2.62130799
      4.40500000	     -5.45976175	      0.63294416	      1.06427288	     -0.16423221	      1.00959263	     -0.55565968	     14.41258582	     -8.22748873	     -0.64357134	     29.53714640	      0.51552046	      2.62659237	      0.00000000	      0.00000000	     15.50456540	     -3.96456606	     -0.49920433	     30.57054511	      0.53355667	     -0.38597553	      0.00000000	      0.00000000	    -12.36859173	      0.30500943	      2.68575959
      4.41000000	     -5.51715274	      0.73270398	      1.06370015	     -0.16420758	      1.01096178	     -0.55555900	     14.45055069	     -8.27520846	     -0.48334487	     29.31805764	      0.51169664	      2.98196173	      0.00000000	      0.00000000	     15.48643715	     -3.83219353	     -0.52430162	     30.31145072	      0.52903462	     -0.55079316	      0.00000000	      0.00000000	    -12.35742023	      0.20266058	      2.75803578
      4.41500000	     -5.56648545	      0.82713216	      1.06092717	     -0.16420991	      1.01211348	     -0.55546685	     14.49771546	     -8.31856665	     -0.32779086	     29.13636453	      0.50852549	      3.36559547	      0.00000000	      0.00000000	     15.46242795	     -3.70594525	     -0.53913669	     30.07247286	      0.52486367	     -0.58889325	      0.00000000	      0.00000000	    -12.36474175	      0.10745426	      2.83505305
      4.42000000	     -5.60586007	      0.91882174	      1.06127784	     -0.16423744	      1.01304949	     -0.55539228	     14.55446616	     -8.36393393	     -0.19189093	     29.00002982	      0.50614600	      3.72313882	      0.00000000	      0.00000000	     15.42958715	     -3.58048004	     -0.53213399	     29.85157160	      0.52100821	     -0.50552782	      0.00000000	      0.00000000	    -12.39234613	      0.01757006	      2.91285969
      4.42500000	     -5.63794172	      1.01006111	      1.06457762	     -0.16429949	      1.01376260	     -0.55533498	     14.62842543	     -8.41340423	     -0.07125478	     28.91933001	      0.50473753	      4.00387357	      0.00000000	      0.00000000	     15.39208371	     -3.45248464	     -0.49826252	     29.65120205	      0.51751110	     -0.31057754	      0.00000000	      0.00000000	    -12.43742242	     -0.06954354	      2.99144789
      4.43000000	     -5.66493656	      1.10400886	      1.07579509	     -0.16439394	      1.01424366	     -0.55529536	     14.72375460	     -8.47195451	      0.02672846	     28.90219085	      0.50443839	      4.17505224	      0.00000000	      0.00000000	     15.35500986	     -3.31738375	     -0.43096735	     29.47522370	      0.51443970	     -0.03248038	      0.00000000	      0.00000000	    -12.49567826	     -0.15746592	      3.06592232
      4.43500000	     -5.68589157	      1.20165214	      1.09713476	     -0.16451885	      1.01449115	     -0.55527494	     14.83556105	     -8.53975602	      0.10298336	     28.94430247	      0.50517338	      4.21343019	      0.00000000	      0.00000000	     15.31954583	     -3.17305740	     -0.32737860	     29.32617539	      0.51183832	      0.29608892	      0.00000000	      0.00000000	    -12.56692989	     -0.24758717	      3.13490133
      4.44000000	     -5.69928910	      1.30043238	      1.13411589	     -0.16466704	      1.01450212	     -0.55527914	     14.95533193	     -8.61399275	      0.15185624	     29.03782149	      0.50680559	      4.10905663	      0.00000000	      0.00000000	     15.29090995	     -3.02172783	     -0.18824212	     29.21471154	      0.50989291	      0.62499255	      0.00000000	      0.00000000	    -12.65147204	     -0.33688285	      3.19504933
      4.44500000	     -5.70559207	      1.39612658	      1.18490528	     -0.16483361	      1.01427137	     -0.55530232	     15.07914333	     -8.68785265	      0.18147589	     29.17655365	      0.50922693	      3.85793932	      0.00000000	      0.00000000	     15.27493191	     -2.87021365	     -0.02326950	     29.15006871	      0.50876468	      0.89828117	      0.00000000	      0.00000000	    -12.74769279	     -0.42105199	      3.24632950
      4.45000000	     -5.70452719	      1.48404237	      1.24918347	     -0.16500821	      1.01379668	     -0.55534127	     15.20148659	     -8.75498385	      0.19403009	     29.35327930	      0.51231137	      3.46366054	      0.00000000	      0.00000000	     15.27606827	     -2.72578581	      0.15819821	     29.14225986	      0.50862839	      1.07450532	      0.00000000	      0.00000000	    -12.85466797	     -0.49526142	      3.28726833
      4.45500000	     -5.69486877	      1.55617320	      1.32516738	     -0.16519055	      1.01307753	     -0.55539155	     15.31547724	     -8.80336202	      0.19959326	     29.55960605	      0.51591245	      2.94278932	      0.00000000	      0.00000000	     15.29846330	     -2.59976143	      0.34683172	     29.20306555	      0.50968965	      1.14213377	      0.00000000	      0.00000000	    -12.97220295	     -0.55174915	      3.32237735
      4.46000000	     -5.68132228	      1.61068107	      1.40721876	     -0.16537927	      1.01210655	     -0.55544239	     15.42923136	     -8.83050594	      0.20756050	     29.80503639	      0.52019602	      2.35363820	      0.00000000	      0.00000000	     15.34785720	     -2.49707724	      0.53272255	     29.33774841	      0.51204030	      1.11212475	      0.00000000	      0.00000000	    -13.09475570	     -0.58905927	      3.35375566
      4.46500000	     -5.66585526	      1.64638158	      1.49188664	     -0.16557612	      1.01088317	     -0.55548344	     15.54533006	     -8.83351073	      0.22855666	     30.09286064	      0.52521950	      1.79798374	      0.00000000	      0.00000000	     15.42377463	     -2.42013632	      0.71433038	     29.54477194	      0.51565355	      1.03147538	      0.00000000	      0.00000000	    -13.21904077	     -0.60735171	      3.38339196
      4.47000000	     -5.64630642	      1.66565406	      1.57754348	     -0.16578282	      1.00941455	     -0.55551013	     15.66086097	     -8.81475385	      0.26590298	     30.42121708	      0.53095040	      1.37192915	      0.00000000	      0.00000000	     15.52005201	     -2.36646624	      0.89096063	     29.81882294	      0.52043664	      0.96186775	      0.00000000	      0.00000000	    -13.34646354	     -0.60896323	      3.40681930
      4.47500000	     -5.62288338	      1.67168440	      1.66319193	     -0.16600351	      1.00770517	     -0.55551415	     15.77633292	     -8.77586068	      0.32200964	     30.78951241	      0.53737837	      1.16369157	      0.00000000	      0.00000000	     15.63371216	     -2.33223610	      1.06373717	     30.15195108	      0.52625082	      0.96582635	      0.00000000	      0.00000000	    -13.47634619	     -0.59923772	      3.42703963
      4.48000000	     -5.59819895	      1.67101805	      1.75091643	     -0.16624557	      1.00575937	     -0.55549697	     15.89899969	     -8.72705954	      0.38878366	     31.20157778	      0.54457026	      1.24118812	      0.00000000	      0.00000000	     15.76441510	     -2.30673808	      1.24197277	     30.53296584	      0.53290078	      1.09463487	      0.00000000	      0.00000000	    -13.60731139	     -0.58423614	      3.43621437
      4.48500000	     -5.57200453	      1.67101952	      1.84410770	     -0.16651540	      1.00358761	     -0.55546453	     16.02957977	     -8.67989440	      0.45728109	     31.65213011	      0.55243389	      1.61853436	      0.00000000	      0.00000000	     15.91026700	     -2.27843453	      1.43261357	     30.95050503	      0.54018822	      1.36108271	      0.00000000	      0.00000000	    -13.74024760	     -0.57219196	      3.43001041
      4.49000000	     -5.54620132	      1.67323912	      1.94194100	     -0.16682935	      1.00119581	     -0.55542260	     16.17231946	     -8.63524196	      0.52891266	     32.13408278	      0.56084555	      2.22236640	      0.00000000	      0.00000000	     16.07817631	     -2.24386421	      1.63260070	     31.40500327	      0.54812071	      1.76324594	      0.00000000	      0.00000000	    -13.87582915	     -0.56344376	      3.40598059
      4.49500000	     -5.52897739	      1.67685923	      2.04222762	     -0.16719893	      0.99858095	     -0.55536472	     16.34146187	     -8.59093068	      0.60880501	     32.64990406	      0.56984833	      2.97809258	      0.00000000	      0.00000000	     16.28281575	     -2.20410986	      1.83671864	     31.90158784	      0.55678774	      2.28864459	      0.00000000	      0.00000000	    -14.00783305	     -0.56031595	      3.37417332
      4.50000000	     -5.52308181	      1.68430278	      2.14351323	     -0.16763345	      0.99575350	     -0.55530072	     16.54497287	     -8.55425291	      0.69643591	     33.20304753	      0.57950250	      3.83670949	      0.00000000	      0.00000000	     16.53020987	     -2.15475946	      2.04167274	     32.44474794	      0.56626768	      2.91014527	      0.00000000	      0.00000000	    -14.13472462	     -0.56415737	      3.33071431
      4.50500000	     -5.52789633	      1.69573884	      2.24262926	     -0.16813562	      0.99272699	     -0.55522849	     16.78271302	     -8.52429893	      0.79936393	     33.79137780	      0.58977080	      4.75136167	      0.00000000	      0.00000000	     16.82226868	     -2.09765604	      2.23639789	     33.04241651	      0.57669896	      3.59859366	      0.00000000	      0.00000000	    -14.25708093	     -0.57622254	      3.27778027
      4.51000000	     -5.53594181	      1.70894823	      2.33620120	     -0.16869953	      0.98952393	     -0.55514297	     17.04417586	     -8.49481110	      0.92285716	     34.41002266	      0.60056819	      5.69265371	      0.00000000	      0.00000000	     17.15205893	     -2.03863431	      2.40619001	     33.70376871	      0.58824173	      4.34911091	      0.00000000	      0.00000000	    -14.38293863	     -0.59335679	      3.21760392
      4.51500000	     -5.54117534	      1.72579988	      2.42539156	     -0.16930410	      0.98617149	     -0.55504142	     17.32095832	     -8.47048622	      1.05652808	     35.06028970	      0.61191749	      6.66950836	      0.00000000	      0.00000000	     17.50887922	     -1.97725950	      2.54747812	     34.42864078	      0.60089314	      5.15174952	      0.00000000	      0.00000000	    -14.51758496	     -0.61877727	      3.15081890
      4.52000000	     -5.53124560	      1.74941583	      2.51254533	     -0.16992972	      0.98271153	     -0.55493675	     17.59397950	     -8.45784384	      1.18736664	     35.73591905	      0.62370945	      7.68954851	      0.00000000	      0.00000000	     17.87168981	     -1.90933922	      2.66310298	     35.20812397	      0.61449769	      5.99372581	      0.00000000	      0.00000000	    -14.67306906	     -0.65270202	      3.07222553
      4.52500000	     -5.49863277	      1.77740806	      2.59648122	     -0.17055630	      0.97917122	     -0.55482717	     17.85054845	     -8.45321789	      1.30758612	     36.43180703	      0.63585499	      8.73902002	      0.00000000	      0.00000000	     18.22664614	     -1.83989859	      2.75104406	     36.03443825	      0.62891959	      6.87576133	      0.00000000	      0.00000000	    -14.85621332	     -0.69228676	      2.98611288
      4.53000000	     -5.43514459	      1.80657077	      2.67337388	     -0.17116856	      0.97558387	     -0.55471463	     18.07805865	     -8.45223633	      1.41403425	     37.14184600	      0.64824750	      9.80020641	      0.00000000	      0.00000000	     18.55845870	     -1.77531263	      2.80794489	     36.89470816	      0.64393413	      7.79999111	      0.00000000	      0.00000000	    -15.07598576	     -0.73297218	      2.89998369
      4.53500000	     -5.34477504	      1.83410682	      2.73988599	     -0.17175930	      0.97197041	     -0.55460057	     18.28110646	     -8.45279604	      1.50569352	     37.86455609	      0.66086117	     10.85975912	      0.00000000	      0.00000000	     18.86553750	     -1.71938287	      2.83862814	     37.77440777	      0.65928779	      8.75267640	      0.00000000	      0.00000000	    -15.32751318	     -0.77373113	      2.82213724
      4.54000000	     -5.22860968	      1.85554963	      2.79180938	     -0.17233587	      0.96834870	     -0.55448821	     18.46108541	     -8.44819791	      1.58978197	     38.59721899	      0.67364855	     11.90880501	      0.00000000	      0.00000000	     19.14557416	     -1.67812961	      2.84575050	     38.66137234	      0.67476824	      9.72434698	      0.00000000	      0.00000000	    -15.60961445	     -0.80820031	      2.75796662
      4.54500000	     -5.09407450	      1.86764212	      2.82807076	     -0.17290887	      0.96472390	     -0.55437504	     18.62901430	     -8.43397078	      1.66958647	     39.34086279	      0.68662759	     12.93681513	      0.00000000	      0.00000000	     19.40605886	     -1.65609503	      2.83253676	     39.54925096	      0.69026465	     10.70802686	      0.00000000	      0.00000000	    -15.91378264	     -0.83434821	      2.70932981
      4.55000000	     -4.94816174	      1.86744454	      2.85078855	     -0.17349120	      0.96110850	     -0.55426429	     18.79375769	     -8.40716515	      1.74758839	     40.09248953	      0.69974595	     13.94067551	      0.00000000	      0.00000000	     19.65599939	     -1.65574837	      2.80537587	     40.43461888	      0.70571723	     11.68547213	      0.00000000	      0.00000000	    -16.23400146	     -0.84849739	      2.67647461
      4.55500000	     -4.80112328	      1.85010144	      2.86615157	     -0.17409380	      0.95750403	     -0.55415877	     18.96933148	     -8.36470010	      1.81721255	     40.85483055	      0.71305131	     14.91880415	      0.00000000	      0.00000000	     19.90937665	     -1.67971477	      2.77541457	     41.31787782	      0.72113301	     12.64234963	      0.00000000	      0.00000000	    -16.55799034	     -0.84572233	      2.65618332
      4.56000000	     -4.65729950	      1.81469061	      2.87941935	     -0.17472405	      0.95392219	     -0.55405813	     19.16081496	     -8.30628104	      1.87342665	     41.62731408	      0.72653369	     15.86927760	      0.00000000	      0.00000000	     20.17212826	     -1.72734476	      2.75008336	     42.19721701	      0.73648037	     13.56893810	      0.00000000	      0.00000000	    -16.88123053	     -0.82406134	      2.64275152
      4.56500000	     -4.52286369	      1.75901230	      2.89662602	     -0.17538297	      0.95037521	     -0.55396242	     19.37557565	     -8.23096580	      1.90726941	     42.40932267	      0.74018231	     16.78414255	      0.00000000	      0.00000000	     20.45172284	     -1.79876289	      2.73835540	     43.07162150	      0.75174161	     14.45751985	      0.00000000	      0.00000000	    -17.19646631	     -0.78190747	      2.63113683
      4.57000000	     -4.40064351	      1.67958154	      2.91895468	     -0.17606461	      0.94688232	     -0.55386602	     19.61599578	     -8.13301911	      1.92098853	     43.20009831	      0.75398395	     17.66539088	      0.00000000	      0.00000000	     20.75048600	     -1.89672122	      2.74616617	     43.93905810	      0.76688123	     15.30107660	      0.00000000	      0.00000000	    -17.49954510	     -0.71517973	      2.62163789
      4.57500000	     -4.29190878	      1.57832804	      2.94529577	     -0.17675746	      0.94346422	     -0.55376103	     19.88239932	     -8.01257183	      1.91561729	     43.99905065	      0.76792830	     18.50573208	      0.00000000	      0.00000000	     21.06390021	     -2.01892930	      2.77571519	     44.79046252	      0.78174104	     16.09640364	      0.00000000	      0.00000000	    -17.78620217	     -0.62797012	      2.61363120
      4.58000000	     -4.19781290	      1.46023378	      2.97213643	     -0.17745064	      0.94015205	     -0.55364287	     20.17302939	     -7.87249566	      1.89809735	     44.80010962	      0.78190942	     19.29776852	      0.00000000	      0.00000000	     21.38607666	     -2.15896344	      2.82892442	     45.61481265	      0.79612867	     16.84406677	      0.00000000	      0.00000000	    -18.05506977	     -0.52571545	      2.60519158
      4.58500000	     -4.11817962	      1.32808886	      2.99599368	     -0.17812640	      0.93697309	     -0.55350896	     20.48398774	     -7.71442266	      1.87188287	     45.59819796	      0.79583869	     20.03841501	      0.00000000	      0.00000000	     21.70907925	     -2.31317686	      2.90593883	     46.40224892	      0.80987202	     17.54255784	      0.00000000	      0.00000000	    -18.30348828	     -0.41229769	      2.59778685
      4.59000000	     -4.05428398	      1.18900029	      3.01284738	     -0.17876857	      0.93395100	     -0.55335729	     20.81284078	     -7.54519478	      1.84479533	     46.38788613	      0.80962135	     20.72823312	      0.00000000	      0.00000000	     22.02645730	     -2.47384471	      3.00253573	     47.14183050	      0.82278016	     18.19181398	      0.00000000	      0.00000000	    -18.52863584	     -0.29572230	      2.59102434
      4.59500000	     -4.00483278	      1.05155528	      3.01813179	     -0.17936434	      0.93111214	     -0.55318827	     21.15377448	     -7.37610257	      1.81601832	     47.16017631	      0.82310035	     21.35831869	      0.00000000	      0.00000000	     22.32823105	     -2.63253183	      3.11041026	     47.82101463	      0.83463416	     18.79563628	      0.00000000	      0.00000000	    -18.73070660	     -0.18565593	      2.58550645
      4.60000000	     -3.97004601	      0.92373933	      3.00937932	     -0.17990741	      0.92847723	     -0.55300455	     21.50261199	     -7.21765962	      1.78742233	     47.90805788	      0.83615335	     21.92811522	      0.00000000	      0.00000000	     22.60895264	     -2.77984011	      3.22515418	     48.43153808	      0.84528980	     19.35242429	      0.00000000	      0.00000000	    -18.90967749	     -0.08969350	      2.57907854
      4.60500000	     -3.94683230	      0.80863154	      2.98698869	     -0.18038703	      0.92606121	     -0.55281574	     21.85000929	     -7.07604578	      1.75605905	     48.62273482	      0.84862681	     22.44254756	      0.00000000	      0.00000000	     22.86027307	     -2.91193818	      3.34126533	     48.96648019	      0.85462630	     19.86600055	      0.00000000	      0.00000000	    -19.06646297	     -0.00953026	      2.57141341
      4.61000000	     -3.93442861	      0.71521460	      2.94749638	     -0.18080244	      0.92386824	     -0.55262122	     22.19381313	     -6.96159094	      1.72843552	     49.29966241	      0.86044143	     22.90038502	      0.00000000	      0.00000000	     23.07764208	     -3.02067249	      3.44819741	     49.42089083	      0.86255726	     20.34303951	      0.00000000	      0.00000000	    -19.20144390	      0.04535703	      2.56203959
      4.61500000	     -3.92611297	      0.64202486	      2.89289701	     -0.18115054	      0.92191066	     -0.55243137	     22.51972827	     -6.87483589	      1.70103730	     49.92796222	      0.87140733	     23.29949011	      0.00000000	      0.00000000	     23.25109737	     -3.10621934	      3.54553941	     49.79146531	      0.86902501	     20.79031670	      0.00000000	      0.00000000	    -19.32021171	      0.07881386	      2.55067114
      4.62000000	     -3.91975393	      0.59031421	      2.82152625	     -0.18142641	      0.92019105	     -0.55224714	     22.82031477	     -6.81463936	      1.68161399	     50.49817296	      0.88135938	     23.64178215	      0.00000000	      0.00000000	     23.37647419	     -3.16825455	      3.62790657	     50.07793980	      0.87402493	     21.21054861	      0.00000000	      0.00000000	    -19.42314526	      0.09009913	      2.53696101
      4.62500000	     -3.91124922	      0.55625507	      2.73489849	     -0.18162681	      0.91870601	     -0.55207078	     23.08719844	     -6.77564829	      1.67174492	     51.00313265	      0.89017259	     23.93124567	      0.00000000	      0.00000000	     23.44808081	     -3.21130628	      3.69099766	     50.28034058	      0.87755749	     21.61746815	      0.00000000	      0.00000000	    -19.51201219	      0.08364183	      2.52263390
      4.63000000	     -3.89936510	      0.53632378	      2.63348809	     -0.18175451	      0.91745305	     -0.55189643	     23.31386153	     -6.75057078	      1.67715864	     51.43345220	      0.89768309	     24.16552023	      0.00000000	      0.00000000	     23.46617591	     -3.23994753	      3.73394410	     50.40278169	      0.87969449	     22.01260369	      0.00000000	      0.00000000	    -19.58712416	      0.06217982	      2.50853836
      4.63500000	     -3.88132338	      0.52425440	      2.51973582	     -0.18180596	      0.91644027	     -0.55172642	     23.48983974	     -6.73141636	      1.69633176	     51.77853508	      0.90370592	     24.35304475	      0.00000000	      0.00000000	     23.42698855	     -3.26058145	      3.75587240	     50.44478608	      0.88042761	     22.39776914	      0.00000000	      0.00000000	    -19.65026441	      0.03306939	      2.49662839
      4.64000000	     -3.86110482	      0.51771425	      2.39704604	     -0.18178403	      0.91566340	     -0.55155648	     23.61584030	     -6.71399659	      1.73028518	     52.03269949	      0.90814192	     24.49598383	      0.00000000	      0.00000000	     23.33791481	     -3.27599541	      3.75483335	     50.41047284	      0.87982873	     22.77281818	      0.00000000	      0.00000000	    -19.69688880	     -0.00138403	      2.48551919
      4.64500000	     -3.83933637	      0.51156498	      2.27170787	     -0.18169614	      0.91512430	     -0.55138851	     23.68831182	     -6.69398034	      1.77193443	     52.19169305	      0.91091689	     24.59979046	      0.00000000	      0.00000000	     23.20308512	     -3.29014561	      3.73220202	     50.30255781	      0.87794526	     23.13871187	      0.00000000	      0.00000000	    -19.72642706	     -0.03541164	      2.47570797
      4.65000000	     -3.82164081	      0.50358906	      2.14920476	     -0.18154967	      0.91482870	     -0.55122500	     23.70935701	     -6.66967618	      1.81760845	     52.24940994	      0.91192424	     24.66714693	      0.00000000	      0.00000000	     23.03339569	     -3.30429491	      3.69124180	     50.12467564	      0.87484063	     23.47993816	      0.00000000	      0.00000000	    -19.73530744	     -0.06493516	      2.46364128
      4.65500000	     -3.80561926	      0.49248425	      2.03630841	     -0.18135672	      0.91478302	     -0.55107010	     23.67604229	     -6.64287723	      1.85702309	     52.20432915	      0.91113743	     24.70002501	      0.00000000	      0.00000000	     22.83088220	     -3.31875157	      3.63445837	     49.87975744	      0.87056600	     23.79109858	      0.00000000	      0.00000000	    -19.72847714	     -0.08789704	      2.44899906
      4.66000000	     -3.79691408	      0.47935356	      1.93800073	     -0.18112878	      0.91498408	     -0.55092248	     23.59706644	     -6.61661179	      1.88519121	     52.06211933	      0.90865540	     24.69343858	      0.00000000	      0.00000000	     22.60802951	     -3.33198476	      3.56424536	     49.57384830	      0.86522688	     24.06159687	      0.00000000	      0.00000000	    -19.70183468	     -0.10541201	      2.42990368
      4.66500000	     -3.79754273	      0.46028375	      1.86024241	     -0.18087650	      0.91543488	     -0.55078569	     23.47464237	     -6.58848831	      1.89392368	     51.82213420	      0.90446687	     24.64633216	      0.00000000	      0.00000000	     22.37348352	     -3.34712002	      3.48905845	     49.21349216	      0.85893747	     24.27108089	      0.00000000	      0.00000000	    -19.65606506	     -0.11182800	      2.40409549
      4.67000000	     -3.81221091	      0.43481869	      1.80360614	     -0.18060476	      0.91613378	     -0.55065777	     23.31765098	     -6.55758948	      1.88149368	     51.48951695	      0.89866160	     24.55589576	      0.00000000	      0.00000000	     22.13671150	     -3.36564048	      3.41148704	     48.80423841	      0.85179465	     24.40828541	      0.00000000	      0.00000000	    -19.58761297	     -0.10698495	      2.37095251
      4.67500000	     -3.84267125	      0.40045200	      1.77081691	     -0.18031494	      0.91708345	     -0.55053966	     23.12960736	     -6.52395728	      1.83778397	     51.06978499	      0.89133590	     24.41989876	      0.00000000	      0.00000000	     21.90363987	     -3.39019958	      3.33797757	     48.35047456	      0.84387498	     24.46575686	      0.00000000	      0.00000000	    -19.49403052	     -0.08782102	      2.32981852
      4.68000000	     -3.90231740	      0.35714397	      1.75997770	     -0.17999875	      0.91827234	     -0.55042690	     22.92923463	     -6.48623296	      1.76515141	     50.57081164	      0.88262717	     24.23157276	      0.00000000	      0.00000000	     21.69037447	     -3.42181202	      3.27170431	     47.85535747	      0.83523355	     24.43297479	      0.00000000	      0.00000000	    -19.35956298	     -0.05357302	      2.27660795
      4.68500000	     -3.98998729	      0.30218088	      1.76869532	     -0.17966014	      0.91969879	     -0.55031734	     22.71827729	     -6.44066128	      1.66141340	     49.99368593	      0.87255442	     23.99017196	      0.00000000	      0.00000000	     21.49731171	     -3.46454836	      3.21749582	     47.32187508	      0.82592253	     24.30391972	      0.00000000	      0.00000000	    -19.18666909	     -0.00179648	      2.21328577
      4.69000000	     -4.10398202	      0.23728590	      1.79498928	     -0.17929925	      0.92136013	     -0.55021174	     22.50012403	     -6.38998374	      1.52491693	     49.34788430	      0.86128306	     23.69200950	      0.00000000	      0.00000000	     21.32311597	     -3.51706236	      3.17681787	     46.75100507	      0.81595897	     24.08424635	      0.00000000	      0.00000000	    -18.97688383	      0.06464579	      2.13991828
      4.69500000	     -4.24206116	      0.16535607	      1.83786777	     -0.17892277	      0.92325075	     -0.55010942	     22.27809108	     -6.33797927	      1.35721293	     48.64054337	      0.84893763	     23.32916914	      0.00000000	      0.00000000	     21.16655524	     -3.57617407	      3.15471716	     46.14421253	      0.80536844	     23.76904870	      0.00000000	      0.00000000	    -18.73431322	      0.14279678	      2.05537562
      4.70000000	     -4.39796746	      0.09069664	      1.89355570	     -0.17854065	      0.92535778	     -0.55000716	     22.05341530	     -6.28664321	      1.16766863	     47.88176510	      0.83569445	     22.89749508	      0.00000000	      0.00000000	     21.02162170	     -3.63849867	      3.15017420	     45.50425421	      0.79419906	     23.35781039	      0.00000000	      0.00000000	    -18.46828850	      0.22538904	      1.96288914
      4.70500000	     -4.55893183	      0.01246626	      1.96101777	     -0.17816092	      0.92769069	     -0.54991114	     21.81374311	     -6.23622066	      0.95372964	     47.07509847	      0.82161546	     22.39537858	      0.00000000	      0.00000000	     20.87608427	     -3.70528150	      3.16320518	     44.83338945	      0.78249026	     22.85323077	      0.00000000	      0.00000000	    -18.19488761	      0.31336615	      1.86636156
      4.71000000	     -4.72164562	     -0.06602587	      2.03721484	     -0.17777947	      0.93024922	     -0.54982303	     21.55899497	     -6.18866594	      0.72306873	     46.22919780	      0.80685171	     21.82489488	      0.00000000	      0.00000000	     20.72670344	     -3.77393325	      3.18871160	     44.13422828	      0.77028760	     22.25404524	      0.00000000	      0.00000000	    -17.91780600	      0.40273368	      1.76670293
      4.71500000	     -4.88197436	     -0.14351261	      2.12038553	     -0.17739409	      0.93302622	     -0.54974322	     21.28727686	     -6.14572644	      0.47672491	     45.34894636	      0.79148843	     21.18496449	      0.00000000	      0.00000000	     20.56922940	     -3.84380690	      3.22319126	     43.40853199	      0.75762181	     21.56005024	      0.00000000	      0.00000000	    -17.64087776	      0.49303490	      1.66143520
      4.72000000	     -5.03640539	     -0.21546527	      2.20253532	     -0.17699342	      0.93601958	     -0.54966809	     20.99764960	     -6.11010461	      0.22187238	     44.43949701	      0.77561554	     20.47349224	      0.00000000	      0.00000000	     20.39743885	     -3.91311305	      3.25214102	     42.65666006	      0.74449917	     20.77686128	      0.00000000	      0.00000000	    -17.36818151	      0.57663352	      1.56085425
      4.72500000	     -5.18303239	     -0.28391327	      2.28150493	     -0.17656819	      0.93922755	     -0.54959876	     20.68773098	     -6.08026221	     -0.04314788	     43.50114885	      0.75923828	     19.69204770	      0.00000000	      0.00000000	     20.21001863	     -3.98507134	      3.26934874	     41.88186935	      0.73097652	     19.91041911	      0.00000000	      0.00000000	    -17.10038518	      0.65709897	      1.46558091
      4.73000000	     -5.32174171	     -0.34087757	      2.35126730	     -0.17611721	      0.94262809	     -0.54952885	     20.36426051	     -6.06285856	     -0.30811247	     42.54306373	      0.74251654	     18.83919497	      0.00000000	      0.00000000	     20.00631439	     -4.05272714	      3.26422174	     41.08733564	      0.71710929	     18.96667213	      0.00000000	      0.00000000	    -16.83755432	      0.72393551	      1.37777497
      4.73500000	     -5.45137157	     -0.38332516	      2.40973022	     -0.17563848	      0.94619782	     -0.54945537	     20.03030127	     -6.06272427	     -0.57390415	     41.57123809	      0.72555498	     17.90924317	      0.00000000	      0.00000000	     19.78666220	     -4.11375062	      3.22975659	     40.27811769	      0.70298577	     17.95695826	      0.00000000	      0.00000000	    -16.58122548	      0.77359912	      1.29759774
      4.74000000	     -5.57314908	     -0.40952625	      2.45214222	     -0.17513599	      0.94991897	     -0.54937864	     19.69147363	     -6.07904347	     -0.82903472	     40.59042395	      0.70843654	     16.90304021	      0.00000000	      0.00000000	     19.55438215	     -4.16714650	      3.15902301	     39.45965349	      0.68870088	     16.88802190	      0.00000000	      0.00000000	    -16.33167130	      0.80334218	      1.23262191
      4.74500000	     -5.68335675	     -0.41811046	      2.47781357	     -0.17461745	      0.95377047	     -0.54929961	     19.34740405	     -6.11293832	     -1.06925557	     39.60684790	      0.69126990	     15.82733233	      0.00000000	      0.00000000	     19.30844258	     -4.21120647	      3.04997811	     38.63744926	      0.67435070	     15.76619516	      0.00000000	      0.00000000	    -16.09303483	      0.81293125	      1.17646398
      4.75000000	     -5.78493783	     -0.40841951	      2.48706947	     -0.17408941	      0.95772389	     -0.54922119	     19.00615289	     -6.16553030	     -1.29122679	     38.62933223	      0.67420904	     14.68306565	      0.00000000	      0.00000000	     19.05545363	     -4.24374834	      2.90328732	     37.81849471	      0.66005725	     14.60059975	      0.00000000	      0.00000000	    -15.86254318	      0.80177311	      1.12736078
      4.75500000	     -5.87684173	     -0.38367320	      2.47944122	     -0.17355522	      0.96176304	     -0.54914536	     18.66839852	     -6.23269042	     -1.49158214	     37.66118654	      0.65731171	     13.47781991	      0.00000000	      0.00000000	     18.79691518	     -4.26792571	      2.71875422	     37.00729843	      0.64589920	     13.39574974	      0.00000000	      0.00000000	    -15.64296425	      0.77383498	      1.08609822
      4.76000000	     -5.95930244	     -0.34709520	      2.45616816	     -0.17302183	      0.96586873	     -0.54907772	     18.33652691	     -6.31097100	     -1.66759577	     36.70779277	      0.64067184	     12.22518309	      0.00000000	      0.00000000	     18.53509768	     -4.28511055	      2.50154437	     36.20686480	      0.63192900	     12.15766996	      0.00000000	      0.00000000	    -15.43379855	      0.73294008	      1.05426508
      4.76500000	     -6.03270186	     -0.30002004	      2.41855792	     -0.17249257	      0.97001800	     -0.54901797	     18.01351112	     -6.39996922	     -1.81982677	     35.77539842	      0.62439849	     10.93462323	      0.00000000	      0.00000000	     18.27259741	     -4.29559976	      2.25419337	     35.42112629	      0.61821528	     10.89759737	      0.00000000	      0.00000000	    -15.23600050	      0.68020706	      1.03077703
      4.77000000	     -6.09884294	     -0.24642367	      2.36699818	     -0.17197458	      0.97418896	     -0.54896747	     17.70388864	     -6.49569171	     -1.94728399	     34.86982918	      0.60859333	      9.61760074	      0.00000000	      0.00000000	     18.01400253	     -4.30260322	      1.98063548	     34.65478606	      0.60484012	      9.62028106	      0.00000000	      0.00000000	    -15.04680764	      0.62131026	      1.01457214
      4.77500000	     -6.15810900	     -0.18731172	      2.30418280	     -0.17146999	      0.97836058	     -0.54892870	     17.40776994	     -6.59693228	     -2.05106546	     33.99129808	      0.59326007	      8.28487179	      0.00000000	      0.00000000	     17.76079509	     -4.30538241	      1.68560592	     33.90915829	      0.59182646	      8.33580260	      0.00000000	      0.00000000	    -14.86631129	      0.55741166	      1.00489306
      4.78000000	     -6.21393099	     -0.12208351	      2.23245787	     -0.17098464	      0.98250990	     -0.54890213	     17.12993472	     -6.70505567	     -2.13145531	     33.14352248	      0.57846359	      6.94659804	      0.00000000	      0.00000000	     17.51833746	     -4.30096550	      1.37613122	     33.18650124	      0.57921371	      7.05167663	      0.00000000	      0.00000000	    -14.69000342	      0.48780889	      1.00050201
      4.78500000	     -6.26727267	     -0.05147492	      2.15376990	     -0.17052267	      0.98661753	     -0.54888646	     16.87075791	     -6.81858337	     -2.18938157	     32.32583742	      0.56419230	      5.60836672	      0.00000000	      0.00000000	     17.28882210	     -4.28867100	      1.05835629	     32.48882486	      0.56703696	      5.78032847	      0.00000000	      0.00000000	    -14.51822214	      0.41385606	      0.99796613
      4.79000000	     -6.31900837	      0.02357307	      2.07250493	     -0.17009077	      0.99066224	     -0.54888378	     16.62966637	     -6.93608298	     -2.22995109	     31.53832169	      0.55044755	      4.27925964	      0.00000000	      0.00000000	     17.07545671	     -4.26716918	      0.74022108	     31.81893792	      0.55534523	      4.52537855	      0.00000000	      0.00000000	    -14.34973820	      0.33728599	      0.99311632
      4.79500000	     -6.37156599	      0.10465903	      1.99133161	     -0.16969336	      0.99462263	     -0.54889354	     16.40820187	     -7.05865785	     -2.25405044	     30.78038518	      0.53721907	      2.96498934	      0.00000000	      0.00000000	     16.88122989	     -4.23244252	      0.42861526	     31.17686613	      0.54413896	      3.30184548	      0.00000000	      0.00000000	    -14.18439314	      0.25548276	      0.98785475
      4.80000000	     -6.42686443	      0.18974978	      1.91281252	     -0.16934109	      0.99847680	     -0.54891827	     16.20966761	     -7.18567011	     -2.26446186	     30.05676508	      0.52458951	      1.68027127	      0.00000000	      0.00000000	     16.71057480	     -4.18498125	      0.13261812	     30.56581859	      0.53347417	      2.11298487	      0.00000000	      0.00000000	    -14.02156675	      0.17142033	      0.97869549
      4.80500000	     -6.48670294	      0.27667049	      1.83803850	     -0.16904360	      1.00219932	     -0.54895554	     16.03532705	     -7.31248034	     -2.25841180	     29.36636099	      0.51253969	      0.43483138	      0.00000000	      0.00000000	     16.56782062	     -4.12697617	     -0.14238080	     29.99058090	      0.52343438	      0.96899458	      0.00000000	      0.00000000	    -13.86166884	      0.08785039	      0.96541658
      4.81000000	     -6.55564547	      0.36389585	      1.76603306	     -0.16881054	      1.00576009	     -0.54900809	     15.89217896	     -7.43707090	     -2.23198946	     28.71286594	      0.50113405	     -0.75609997	      0.00000000	      0.00000000	     16.46084058	     -4.05982533	     -0.39434764	     29.45702688	      0.51412211	     -0.11892836	      0.00000000	      0.00000000	    -13.70050487	      0.00638160	      0.95122880
      4.81500000	     -6.63459668	      0.45095377	      1.69753918	     -0.16864785	      1.00913455	     -0.54907737	     15.78214652	     -7.55951848	     -2.18174127	     28.09903285	      0.49042064	     -1.87718302	      0.00000000	      0.00000000	     16.39125262	     -3.98377632	     -0.61732730	     28.96784118	      0.50558421	     -1.13282488	      0.00000000	      0.00000000	    -13.53826231	     -0.07165427	      0.93447531
      4.82000000	     -6.72875336	      0.53534416	      1.63228953	     -0.16856719	      1.01229205	     -0.54916398	     15.71384778	     -7.67597787	     -2.10160896	     27.53001967	      0.48048949	     -2.90487876	      0.00000000	      0.00000000	     16.36802776	     -3.90211026	     -0.80610053	     28.53185941	      0.49797489	     -2.05640160	      0.00000000	      0.00000000	    -13.37001131	     -0.14398362	      0.91736539
      4.82500000	     -6.83776191	      0.61643318	      1.56701277	     -0.16856715	      1.01521012	     -0.54926208	     15.68688081	     -7.78262916	     -1.98275881	     27.00684305	      0.47135833	     -3.82076584	      0.00000000	      0.00000000	     16.39104266	     -3.81823314	     -0.96628174	     28.15456412	      0.49138984	     -2.85908820	      0.00000000	      0.00000000	    -13.19649487	     -0.21021954	      0.90458205
      4.83000000	     -6.96013889	      0.69292803	      1.49954352	     -0.16864347	      1.01786966	     -0.54937253	     15.70164058	     -7.87859666	     -1.82278018	     26.53820061	      0.46317898	     -4.59230443	      0.00000000	      0.00000000	     16.45646887	     -3.73518557	     -1.10198335	     27.83776509	      0.48586066	     -3.50393088	      0.00000000	      0.00000000	    -13.01857893	     -0.26897959	      0.89839040
      4.83500000	     -7.09061546	      0.76722616	      1.42889589	     -0.16879253	      1.02026485	     -0.54949040	     15.75269047	     -7.96594536	     -1.61958962	     26.12906201	      0.45603816	     -5.19148506	      0.00000000	      0.00000000	     16.55421110	     -3.65148563	     -1.21182917	     27.58034799	      0.48136788	     -3.96267604	      0.00000000	      0.00000000	    -12.84209279	     -0.32379013	      0.89928621
      4.84000000	     -7.22777520	      0.84013685	      1.35220191	     -0.16900681	      1.02239015	     -0.54960913	     15.83920517	     -8.04381610	     -1.36940705	     25.78524215	      0.45003737	     -5.58300195	      0.00000000	      0.00000000	     16.67816289	     -3.56839354	     -1.30011582	     27.38101938	      0.47788894	     -4.21094939	      0.00000000	      0.00000000	    -12.66814397	     -0.37652112	      0.91074858
      4.84500000	     -7.36158442	      0.91302888	      1.27130384	     -0.16926669	      1.02425441	     -0.54972831	     15.94534106	     -8.11521049	     -1.08197227	     25.50623110	      0.44516771	     -5.75167707	      0.00000000	      0.00000000	     16.80982529	     -3.48473032	     -1.36725912	     27.23177270	      0.47528409	     -4.23765492	      0.00000000	      0.00000000	    -12.50672000	     -0.42860074	      0.92928246
      4.85000000	     -7.48694243	      0.98829144	      1.18926303	     -0.16955766	      1.02587224	     -0.54984790	     16.06293530	     -8.18510226	     -0.76829606	     25.29403364	      0.44146417	     -5.69033041	      0.00000000	      0.00000000	     16.93583636	     -3.39643794	     -1.40718061	     27.12085075	      0.47334814	     -4.06109335	      0.00000000	      0.00000000	    -12.36217375	     -0.48260074	      0.94852708
      4.85500000	     -7.59819507	      1.06770514	      1.11219092	     -0.16986766	      1.02725839	     -0.54997142	     16.18257472	     -8.25768225	     -0.44364123	     25.14717672	      0.43890103	     -5.41885757	      0.00000000	      0.00000000	     17.04674231	     -3.29928962	     -1.41151243	     27.04166040	      0.47196601	     -3.72814326	      0.00000000	      0.00000000	    -12.24010002	     -0.54050278	      0.96328551
      4.86000000	     -7.69216205	      1.15018776	      1.04523096	     -0.17018301	      1.02842287	     -0.55010268	     16.29758640	     -8.33384656	     -0.12129741	     25.06439824	      0.43745627	     -4.97608205	      0.00000000	      0.00000000	     17.13805150	     -3.19277783	     -1.37756216	     26.98809448	      0.47103111	     -3.29202774	      0.00000000	      0.00000000	    -12.14333156	     -0.60017045	      0.96493246
      4.86500000	     -7.76546738	      1.23104348	      0.99203435	     -0.17049660	      1.02937639	     -0.55024360	     16.40057572	     -8.41046348	      0.18916390	     25.04126523	      0.43705253	     -4.41953815	      0.00000000	      0.00000000	     17.20816722	     -3.08127806	     -1.30365388	     26.95796727	      0.47050529	     -2.82387925	      0.00000000	      0.00000000	    -12.07497563	     -0.65667816	      0.94945973
      4.87000000	     -7.81880485	      1.30630344	      0.95413331	     -0.17080768	      1.03012543	     -0.55039717	     16.49165045	     -8.48404743	      0.48458666	     25.07552870	      0.43765054	     -3.80396748	      0.00000000	      0.00000000	     17.26270687	     -2.96886666	     -1.19024657	     26.95316498	      0.47042147	     -2.38514732	      0.00000000	      0.00000000	    -12.03376184	     -0.70548804	      0.91481868
      4.87500000	     -7.85291418	      1.36952905	      0.93132198	     -0.17111598	      1.03066573	     -0.55056839	     16.56963847	     -8.54665900	      0.76640215	     25.16230361	      0.43916505	     -3.18240402	      0.00000000	      0.00000000	     17.30956877	     -2.86385430	     -1.04342159	     26.98198536	      0.47092448	     -2.01439167	      0.00000000	      0.00000000	    -12.01820951	     -0.73972522	      0.86217025
      4.88000000	     -7.86848260	      1.41587372	      0.92096724	     -0.17141857	      1.03099938	     -0.55075382	     16.63160152	     -8.59148671	      1.03825818	     25.29262680	      0.44143961	     -2.59486013	      0.00000000	      0.00000000	     17.35225948	     -2.77365983	     -0.87116752	     27.04581115	      0.47203845	     -1.73090664	      0.00000000	      0.00000000	    -12.02676387	     -0.75434909	      0.79182235
      4.88500000	     -7.86506833	      1.44307653	      0.91983686	     -0.17171108	      1.03112611	     -0.55094976	     16.67416165	     -8.61498421	      1.30142753	     25.45690598	      0.44430683	     -2.07496924	      0.00000000	      0.00000000	     17.39180663	     -2.70362434	     -0.68289399	     27.14640679	      0.47379418	     -1.54294206	      0.00000000	      0.00000000	    -12.05868000	     -0.74757651	      0.70637386
      4.89000000	     -7.84295515	      1.45271464	      0.92474445	     -0.17198682	      1.03104441	     -0.55115614	     16.69692133	     -8.61809952	      1.55308873	     25.64936513	      0.44766587	     -1.64328620	      0.00000000	      0.00000000	     17.42760218	     -2.65405515	     -0.48871895	     27.28254297	      0.47617020	     -1.44508292	      0.00000000	      0.00000000	    -12.11220659	     -0.72129096	      0.60735542
      4.89500000	     -7.80325583	      1.44687928	      0.93149493	     -0.17224161	      1.03075034	     -0.55136453	     16.70143703	     -8.60238223	      1.79122974	     25.86575697	      0.45144262	     -1.31267869	      0.00000000	      0.00000000	     17.45881353	     -2.62576069	     -0.30139664	     27.45067879	      0.47910473	     -1.43374740	      0.00000000	      0.00000000	    -12.18545990	     -0.67872016	      0.49678561
      4.90000000	     -7.74587468	      1.42977082	      0.93552010	     -0.17247319	      1.03024503	     -0.55156360	     16.68962436	     -8.57278994	      2.01199904	     26.10223947	      0.45557002	     -1.09657899	      0.00000000	      0.00000000	     17.48085833	     -2.61641064	     -0.13044650	     27.64163720	      0.48243758	     -1.51298311	      0.00000000	      0.00000000	    -12.27815915	     -0.62566664	      0.37888061
      4.90500000	     -7.67337048	      1.40424775	      0.93550008	     -0.17268492	      1.02952322	     -0.55175012	     16.66679022	     -8.53342486	      2.20996581	     26.35748479	      0.46002489	     -1.00766647	      0.00000000	      0.00000000	     17.49584040	     -2.62391294	      0.01862820	     27.85242763	      0.48611657	     -1.68644214	      0.00000000	      0.00000000	    -12.38689521	     -0.56566442	      0.25485746
      4.91000000	     -7.59032774	      1.37271013	      0.92868769	     -0.17288709	      1.02857783	     -0.55191904	     16.64179695	     -8.48674581	      2.38570782	     26.63335080	      0.46483966	     -1.04301627	      0.00000000	      0.00000000	     17.50759286	     -2.64580509	      0.14119081	     28.07771948	      0.49004865	     -1.95544088	      0.00000000	      0.00000000	    -12.50709791	     -0.50238661	      0.13126640
      4.91500000	     -7.50025918	      1.33401488	      0.91377705	     -0.17308905	      1.02740582	     -0.55206065	     16.61716772	     -8.42935901	      2.54529668	     26.92188220	      0.46987549	     -1.20493848	      0.00000000	      0.00000000	     17.51873076	     -2.68346324	      0.23777935	     28.31188290	      0.49413557	     -2.31329775	      0.00000000	      0.00000000	    -12.63583204	     -0.43536641	      0.01020426
      4.92000000	     -7.40640761	      1.29105216	      0.89156512	     -0.17329705	      1.02600141	     -0.55217339	     16.59668834	     -8.36443121	      2.68852833	     27.21873993	      0.47505663	     -1.48507036	      0.00000000	      0.00000000	     17.53021569	     -2.73192669	      0.31278845	     28.54843986	      0.49826427	     -2.74406150	      0.00000000	      0.00000000	    -12.76909116	     -0.36838351	     -0.10531770
      4.92500000	     -7.31539977	      1.24500172	      0.86402774	     -0.17352364	      1.02435737	     -0.55225828	     16.58626903	     -8.29259967	      2.81859467	     27.51886736	      0.48029484	     -1.86979130	      0.00000000	      0.00000000	     17.54924762	     -2.78722963	      0.37613546	     28.78713803	      0.50243034	     -3.19251968	      0.00000000	      0.00000000	    -12.90049243	     -0.30252825	     -0.21569382
      4.93000000	     -7.23145758	      1.19742247	      0.83116191	     -0.17377795	      1.02246595	     -0.55231110	     16.59196154	     -8.21459813	      2.93931818	     27.82422906	      0.48562441	     -2.31085609	      0.00000000	      0.00000000	     17.57742083	     -2.84666949	      0.43630987	     29.02625714	      0.50660376	     -3.56566485	      0.00000000	      0.00000000	    -13.02660815	     -0.24074997	     -0.31750933
      4.93500000	     -7.15518247	      1.15383173	      0.79274770	     -0.17405833	      1.02032503	     -0.55233187	     16.61469816	     -8.13778529	      3.05050790	     28.13620244	      0.49106937	     -2.72662581	      0.00000000	      0.00000000	     17.61170776	     -2.90469467	      0.49814863	     29.26590983	      0.51078649	     -3.76957387	      0.00000000	      0.00000000	    -13.14693925	     -0.18856134	     -0.41314765
      4.94000000	     -7.08701287	      1.12011251	      0.75461031	     -0.17436155	      1.01793023	     -0.55233187	     16.65759602	     -8.07656152	      3.13269181	     28.46353342	      0.49678237	     -2.98976513	      0.00000000	      0.00000000	     17.65095983	     -2.95246076	      0.57138190	     29.51322093	      0.51510288	     -3.73063144	      0.00000000	      0.00000000	    -13.26112341	     -0.15091438	     -0.50991867
      4.94500000	     -7.02696153	      1.10045622	      0.71808727	     -0.17468869	      1.01528534	     -0.55231799	     16.72023174	     -8.03760750	      3.18185510	     28.81018178	      0.50283253	     -3.00363839	      0.00000000	      0.00000000	     17.69416890	     -2.98444988	      0.66245110	     29.77792315	      0.51972280	     -3.38225906	      0.00000000	      0.00000000	    -13.37004964	     -0.13151987	     -0.60910619
      4.95000000	     -6.97081656	      1.09554269	      0.68355784	     -0.17503430	      1.01240018	     -0.55228577	     16.79518633	     -8.02059479	      3.19620796	     29.17840691	      0.50925927	     -2.68150298	      0.00000000	      0.00000000	     17.73835907	     -3.00330468	      0.76489116	     30.07298710	      0.52487264	     -2.73456418	      0.00000000	      0.00000000	    -13.47776317	     -0.13163266	     -0.71064258
      4.95500000	     -6.91789127	      1.10572487	      0.65320151	     -0.17539491	      1.00928761	     -0.55224022	     16.87721209	     -8.02758384	      3.17418791	     29.56510274	      0.51600839	     -1.99020472	      0.00000000	      0.00000000	     17.78774967	     -3.00872999	      0.87455918	     30.41372838	      0.53081970	     -1.86982369	      0.00000000	      0.00000000	    -13.58492604	     -0.15025135	     -0.81547942
      4.96000000	     -6.87134400	      1.12672525	      0.62841700	     -0.17578333	      1.00596221	     -0.55218262	     16.96868520	     -8.05233242	      3.12109553	     29.97304785	      0.52312837	     -0.99117831	      0.00000000	      0.00000000	     17.85217601	     -3.00317951	      0.99448382	     30.81326986	      0.53779301	     -0.87540079	      0.00000000	      0.00000000	    -13.68927351	     -0.18340911	     -0.91850231
      4.96500000	     -6.83217800	      1.15074162	      0.60630899	     -0.17621540	      1.00244308	     -0.55211293	     17.06764383	     -8.08032957	      3.05645567	     30.40012245	      0.53058223	      0.18001492	      0.00000000	      0.00000000	     17.94075900	     -2.99592037	      1.12170701	     31.28108718	      0.54595796	      0.19851468	      0.00000000	      0.00000000	    -13.78884603	     -0.22223579	     -1.01088221
      4.97000000	     -6.80135431	      1.17094457	      0.58701293	     -0.17669393	      0.99874805	     -0.55203569	     17.17755709	     -8.10460913	      2.98156944	     30.85509269	      0.53852296	      1.43355421	      0.00000000	      0.00000000	     18.05964676	     -2.99411394	      1.25622449	     31.81558082	      0.55528664	      1.29517926	      0.00000000	      0.00000000	    -13.88356805	     -0.25895262	     -1.08808797
      4.97500000	     -6.77639798	      1.18359024	      0.57258701	     -0.17721491	      0.99489998	     -0.55197429	     17.29791964	     -8.12680357	      2.88770080	     31.34254476	      0.54703060	      2.71004494	      0.00000000	      0.00000000	     18.20591951	     -2.99654943	      1.40666971	     32.40268950	      0.56553362	      2.40323238	      0.00000000	      0.00000000	    -13.97671539	     -0.28643520	     -1.14977160
      4.98000000	     -6.74983644	      1.18414520	      0.56489914	     -0.17776785	      0.99092247	     -0.55194513	     17.42312672	     -8.14649295	      2.76343223	     31.86663043	      0.55617762	      3.97986862	      0.00000000	      0.00000000	     18.37047831	     -3.00552421	      1.57606227	     33.02576848	      0.57640840	      3.54422519	      0.00000000	      0.00000000	    -14.07567738	     -0.29793587	     -1.19817501
      4.98500000	     -6.71564151	      1.17207209	      0.56632976	     -0.17833348	      0.98684604	     -0.55195905	     17.54409065	     -8.16620125	      2.59759364	     32.42091944	      0.56585179	      5.25474137	      0.00000000	      0.00000000	     18.54239870	     -3.02094739	      1.76536875	     33.66866305	      0.58762902	      4.73497036	      0.00000000	      0.00000000	    -14.18543903	     -0.29082392	     -1.23763023
      4.99000000	     -6.66245198	      1.14363603	      0.57952871	     -0.17887951	      0.98268683	     -0.55202133	     17.64794808	     -8.18670709	      2.36866883	     32.99987254	      0.57595643	      6.62181109	      0.00000000	      0.00000000	     18.70944288	     -3.04799747	      1.96265264	     34.31628917	      0.59893223	      5.96253357	      0.00000000	      0.00000000	    -14.31808168	     -0.26088465	     -1.26988527
      4.99500000	     -6.60432153	      1.11260291	      0.59595781	     -0.17942375	      0.97849059	     -0.55210852	     17.74770510	     -8.21319007	      2.12320106	     33.59138849	      0.58628033	      8.01166596	      0.00000000	      0.00000000	     18.87250096	     -3.07221941	      2.17057818	     34.96177106	      0.61019802	      7.21507480	      0.00000000	      0.00000000	    -14.45669185	     -0.22527453	     -1.30085086
      5.00000000	     -6.50789874	      1.05627360	      0.63130316	     -0.17990522	      0.97422593	     -0.55225386	     17.80286352	     -8.23658321	      1.77902719	     34.18978589	      0.59672433	      9.59315837	      0.00000000	      0.00000000	     19.01520062	     -3.12003243	      2.37170634	     35.60190441	      0.62137045	      8.49642753	      0.00000000	      0.00000000	    -14.63602423	     -0.15521579	     -1.32876464
