Inverse Dynamics Generalized Forces
version=1
nRows=1000
nColumns=26
inDegrees=no
endheader
time	pelvis_tilt_moment	pelvis_list_moment	pelvis_rotation_moment	pelvis_tx_force	pelvis_ty_force	pelvis_tz_force	hip_flexion_r_moment	hip_adduction_r_moment	hip_rotation_r_moment	hip_flexion_l_moment	hip_adduction_l_moment	hip_rotation_l_moment	lumbar_extension_moment	lumbar_bending_moment	lumbar_rotation_moment	knee_angle_r_moment	knee_angle_r_beta_force	knee_angle_l_moment	knee_angle_l_beta_force	ankle_angle_r_moment	ankle_angle_l_moment	subtalar_angle_r_moment	subtalar_angle_l_moment	mtp_angle_r_moment	mtp_angle_l_moment
      0.00500000	    -10.84281362	     11.03897949	      3.26134055	     16.40562634	    561.35641464	     -2.08169853	     16.58324563	      7.74102515	     -1.82501908	      0.49913572	     -0.64032300	     -0.14466408	      5.65416189	     -0.94895733	     -0.11623390	     -7.41178104	     -0.03193835	      2.27999893	     -0.03329168	     -1.81614614	     -2.30604892	      1.98697584	      0.26786164	     -0.03860760	     -0.03742620
      0.01000000	     12.12569244	      2.08929271	      3.22811423	     38.63034757	    475.87503970	      2.22286537	     28.83650940	      3.29905219	     -1.76572169	      6.93915901	      0.02560879	     -0.25534740	      4.48653134	     -0.98754327	     -0.28224572	    -14.93052023	     -0.03086763	     -2.12421200	     -0.03193931	     -1.92349662	     -4.68145926	      1.51489103	      0.70428506	     -0.03765723	     -0.03618989
      0.01500000	     29.53508059	     -9.97240120	      0.06184377	     56.39254476	    408.64500066	      9.49177415	     29.99012971	     -2.10421088	     -1.10374826	     20.49176620	      3.04489575	     -0.70022376	      3.33026354	     -1.03838903	     -0.44466595	    -15.93299014	     -0.03004285	    -10.51297826	     -0.03084133	     -2.73146959	     -5.97370676	      0.98859226	      1.24420590	     -0.03682449	     -0.03512416
      0.02000000	     30.96161451	    -15.80442245	     -3.03238715	     57.46312799	    350.44080662	     12.70507387	     22.49853904	     -3.76222618	     -0.61189074	     27.54765088	      6.51394130	     -1.16869382	      2.22747862	     -1.10035732	     -0.59847347	    -12.16173843	     -0.02951465	    -14.73485683	     -0.03004567	     -4.94871729	     -7.59686481	      0.91048008	      1.99914817	     -0.03610890	     -0.03422666
      0.02500000	     19.85973728	    -13.77798459	     -4.41258427	     44.96696043	    298.92563020	      7.29281178	     11.93997938	     -3.19276473	     -0.23070183	     25.48573285	      5.61259676	     -1.12282954	      1.22012080	     -1.17246622	     -0.73913849	     -6.42609936	     -0.02932581	    -14.19879736	     -0.02959205	     -7.55151623	    -10.02711827	      1.07331797	      2.39494987	     -0.03550537	     -0.03349210
      0.03000000	      1.32784194	     -5.66690715	     -4.42506916	     24.85944560	    262.55013709	     -4.14414378	      0.21720694	     -0.02062175	     -0.11954758	     17.75840194	      2.27123270	     -0.70196670	      0.34874834	     -1.25380482	     -0.86266578	      0.48162312	     -0.02950833	    -10.49322352	     -0.02950943	    -10.27135949	    -12.50827413	      1.60075233	      2.54986526	     -0.03500554	     -0.03291386
      0.03500000	    -18.57570753	      1.51180261	     -4.54055989	      3.31467458	    238.15561113	    -14.65226814	    -11.83174128	      2.25052805	      0.14779543	      9.67468527	     -0.96180548	     -0.23775023	     -0.34840905	     -1.34335163	     -0.96557523	      7.44135515	     -0.03008080	     -6.65837134	     -0.02981394	    -12.68983651	    -14.72224894	      2.11179242	      2.94595470	     -0.03459924	     -0.03248498
      0.04000000	    -31.44574079	      3.52789184	     -4.27800834	    -10.65266344	    222.94988881	    -18.95617596	    -17.78809127	      0.59788651	      0.81452957	      2.90566747	     -3.75411019	      0.18260146	     -0.83607770	     -1.43973757	     -1.04486764	     10.24858219	     -0.03113005	     -3.51746292	     -0.03050711	    -14.20848012	    -16.50485794	      1.91817770	      3.16963427	     -0.03428319	     -0.03219867
      0.04500000	    -28.53401375	      1.07375948	     -3.05060642	     -7.75890755	    212.04223756	    -17.34044092	    -12.02853538	     -2.62085090	      1.12249090	     -0.27347474	     -5.06248961	      0.37851706	     -1.08229188	     -1.54100968	     -1.09800548	      6.02068566	     -0.03253846	     -2.30195606	     -0.03169655	    -14.60634869	    -17.76480152	      1.59800545	      3.43782880	     -0.03404542	     -0.03205875
      0.05000000	    -13.36907360	     -3.21365888	     -1.68838128	      8.28944649	    195.47312811	    -12.15157910	     -0.16704472	     -6.28317312	      1.15058962	      1.65839014	     -5.73582623	      0.47640918	     -1.05857327	     -1.64445946	     -1.12291892	     -2.31042780	     -0.03422954	     -4.10162971	     -0.03317315	    -15.29336844	    -18.86568367	      1.48249155	      3.48191749	     -0.03387772	     -0.03205112
      0.05500000	      4.89093537	     -8.13552581	     -1.25308752	     27.29147493	    157.37892331	     -7.61435708	      9.82691550	     -8.71687331	      1.09128017	      7.10544592	     -5.10859766	      0.31222520	     -0.74005476	     -1.74657455	     -1.11803098	    -10.47273763	     -0.03613637	     -8.97348204	     -0.03487313	    -17.24176470	    -21.48336321	      1.62254433	      4.15400372	     -0.03377586	     -0.03216972
      0.06000000	     20.23638590	    -12.57969691	     -1.43690260	     42.72481172	    105.95977102	     -4.52788991	     16.07139600	    -10.23210426	      1.08259377	     12.59814504	     -4.12086635	      0.08275268	     -0.10564734	     -1.84315128	     -1.08229217	    -17.23965564	     -0.03817023	    -15.14773537	     -0.03671672	    -20.38394867	    -25.35338296	      1.95316757	      4.98035550	     -0.03373605	     -0.03240718
      0.06500000	     29.70653788	    -16.75120576	     -2.13255339	     50.97533585	     41.70024179	     -2.62312413	     17.80678024	    -11.18653986	      1.24983512	     16.13789394	     -2.67980127	     -0.24086341	      0.86170251	     -1.92956975	     -1.01522208	    -22.44934034	     -0.04022325	    -21.61593366	     -0.03860733	    -24.55898850	    -30.69505661	      2.71801666	      6.31001179	     -0.03375265	     -0.03275266
      0.07000000	     29.94511088	    -20.05978355	     -3.29681535	     49.04811699	    -19.19738263	     -0.64858118	     13.63774605	    -11.48381701	      1.69579456	     16.71921304	     -0.30656613	     -0.75784238	      2.17467999	     -2.00119701	     -0.91696415	    -25.18194242	     -0.04217282	    -26.84373054	     -0.04043553	    -29.52252141	    -36.56405889	      3.46180144	      7.52905296	     -0.03381609	     -0.03318983
      0.07500000	     22.07311015	    -18.81386699	     -3.89362978	     37.24727679	    -76.83029898	     -3.32097670	      5.65744462	     -8.45900594	      1.64475283	     12.98165239	      2.08683690	     -1.30053120	      3.84123731	     -2.05386809	     -0.78836237	    -26.08344473	     -0.04381216	    -30.39455688	     -0.04208455	    -35.17545703	    -42.41448418	      4.82737248	      8.96682051	     -0.03391617	     -0.03369557
      0.08000000	      9.54858159	    -15.93125705	     -4.28088531	     20.21122028	   -127.64305752	     -7.28405278	     -4.44366549	     -4.20350902	      1.42290496	      6.88256979	      4.70818288	     -1.91392554	      5.86422151	     -2.08438828	     -0.63105699	    -26.09350146	     -0.04497697	    -32.99557130	     -0.04328790	    -40.99590347	    -48.27288960	      6.23996189	     10.25447663	     -0.03404165	     -0.03425166
      0.08500000	     -1.41662193	    -14.27560796	     -4.63490286	      4.62328040	   -170.14295505	     -9.98300232	    -13.28957158	     -2.40310922	      1.70871485	      1.22510128	      5.90868583	     -2.23547990	      8.24098739	     -2.09099130	     -0.44757628	    -27.49519608	     -0.04584764	    -36.16504680	     -0.04416915	    -46.11650232	    -53.59314169	      7.26153572	     11.49413645	     -0.03415513	     -0.03481769
      0.09000000	     -7.67153299	    -12.65025487	     -4.46118210	     -5.55454330	   -203.91799924	    -12.36756839	    -18.50514051	     -1.75598777	      2.04800213	     -3.52228157	      5.52808090	     -2.15333918	     10.96297315	     -2.07369245	     -0.24138625	    -31.11815046	     -0.04637702	    -39.96339790	     -0.04478399	    -50.36700345	    -58.37829994	      7.97638504	     12.28282994	     -0.03422887	     -0.03534917
      0.09500000	    -12.44793717	    -12.10071179	     -4.38755924	    -13.86860004	   -228.14032843	    -12.90673241	    -22.76520926	     -0.23663458	      2.03845223	     -7.58004127	      6.93895500	     -2.54042487	     14.01521576	     -2.03449712	     -0.01686011	    -34.90317791	     -0.04653597	    -43.99554787	     -0.04510114	    -54.25113309	    -62.54587634	      9.03493574	     13.31475031	     -0.03423560	     -0.03580787
      0.10000000	    -17.06328660	    -11.34235288	     -4.32577256	    -21.34056157	   -235.81103798	    -13.03657722	    -26.92749533	      0.70179399	      2.22037226	    -11.07316568	      7.69189597	     -2.73286411	     17.37579999	     -1.97743258	      0.22085339	    -38.28377875	     -0.04631396	    -47.63214516	     -0.04510449	    -57.26423425	    -65.79163441	      9.54965617	     13.77103224	     -0.03415159	     -0.03615989
      0.10500000	    -19.26489040	    -10.41111718	     -3.62975872	    -25.80648298	   -229.75323855	    -12.41389273	    -28.12169802	      1.69717793	      2.10236649	    -14.88430793	      8.20202610	     -2.84715245	     21.01528246	     -1.90836748	      0.46605277	    -42.61971492	     -0.04571888	    -50.32025947	     -0.04479328	    -59.45295455	    -68.05145240	     10.15540245	     14.03291001	     -0.03395952	     -0.03637899
      0.11000000	    -17.73965896	    -10.45579469	     -2.55092144	    -25.58224576	   -213.46251357	    -10.17289353	    -26.15734380	      1.40831600	      2.11137829	    -18.03347427	      8.04456633	     -2.74821068	     24.89619013	     -1.83459552	      0.71276050	    -48.26720503	     -0.04483054	    -52.61005269	     -0.04418178	    -60.82579900	    -69.43271081	     10.35735964	     13.97776350	     -0.03365692	     -0.03644911
      0.11500000	    -12.01274529	    -11.81112952	     -1.49596747	    -20.13562726	   -187.59665907	     -5.81173607	    -21.67293669	      0.57994645	      2.04188931	    -19.39094813	      8.25341747	     -2.77471857	     28.97273071	     -1.76419357	      0.95500476	    -54.61796671	     -0.04348515	    -54.95387278	     -0.04331506	    -61.41730371	    -69.95459204	     10.51366035	     13.86641314	     -0.03324199	     -0.03637289
      0.12000000	     -3.13574869	    -13.57539528	     -0.69255455	    -10.45689735	   -151.42071827	     -1.07503875	    -16.14379935	     -0.51922912	      1.96784699	    -18.45402872	      8.36800579	     -2.80341015	     33.19086124	     -1.70520490	      1.18706025	    -60.59500862	     -0.04167172	    -57.56684498	     -0.04203771	    -61.24547389	    -69.57545362	     10.32884981	     13.64991345	     -0.03272481	     -0.03615014
      0.12500000	      7.66410607	    -15.57614278	     -0.27511402	      1.78585023	   -111.52899325	      4.52836024	    -10.58965216	     -1.56204235	      1.84148970	    -15.65660631	      8.75539789	     -2.94823956	     37.48883918	     -1.66473880	      1.40362047	    -66.03669438	     -0.03946165	    -60.35183288	     -0.04039599	    -60.74620710	    -68.76887130	     10.24380371	     13.36684667	     -0.03212923	     -0.03579788
      0.13000000	     18.61704629	    -17.78407663	     -0.30197014	     14.11086251	    -65.37158572	      9.92620388	     -5.75435835	     -3.08344233	      1.95177566	    -11.68082754	      8.72773821	     -2.96758592	     41.79832851	     -1.64811397	      1.59990000	    -70.29905492	     -0.03694940	    -63.17467490	     -0.03846542	    -59.32392910	    -67.45005273	      9.71338721	     12.69488673	     -0.03148857	     -0.03534293
      0.13500000	     27.50845808	    -18.24831198	     -0.45164260	     23.50644670	    -21.23103178	     12.51495236	     -3.01992514	     -3.18737355	      1.72998179	     -7.74788365	      8.63820934	     -3.00204545	     46.04606062	     -1.65818877	      1.77167952	    -72.69536915	     -0.03424604	    -66.03518064	     -0.03633542	    -57.99323601	    -65.87445747	      9.55082036	     12.24170009	     -0.03084314	     -0.03481866
      0.14000000	     33.05577809	    -18.82216970	     -0.97038436	     28.80044263	     15.47872987	     14.36810305	     -2.66777713	     -3.90986395	      1.97399183	     -4.85183690	      8.11718496	     -2.86485426	     50.15597364	     -1.69499930	      1.91530579	    -73.86615120	     -0.03147146	    -68.67940719	     -0.03410296	    -56.76157845	    -64.87359030	      9.22532031	     11.80149615	     -0.03023686	     -0.03426193
      0.14500000	     35.72925156	    -18.64273240	     -1.20926342	     30.44325052	     37.66947057	     14.73414036	     -3.36157408	     -3.97960742	      2.07073006	     -4.27402162	      7.69202176	     -2.72563495	     54.05169436	     -1.75576564	      2.02765940	    -75.02367050	     -0.02873772	    -70.78821018	     -0.03186595	    -56.25377292	    -64.70008631	      9.06559950	     11.54615519	     -0.02971455	     -0.03370980
      0.15000000	     36.52661704	    -19.04949175	     -1.20419522	     29.22518564	     50.80016624	     14.62186578	     -3.82054854	     -4.05187186	      2.13476625	     -5.83970206	      7.75961609	     -2.75603781	     57.65919431	     -1.83525878	      2.10610679	    -76.72902708	     -0.02620309	    -72.29057326	     -0.02971700	    -55.86454223	    -64.86836338	      8.84898492	     11.74701450	     -0.02931615	     -0.03319633
      0.15500000	     37.02076326	    -18.78495727	     -0.92241812	     27.50837543	     53.05347292	     14.50439658	     -4.21371160	     -4.46569794	      2.32295094	     -8.05312207	      7.08623715	     -2.48283083	     60.90944440	     -1.92647207	      2.14845090	    -79.43163702	     -0.02400062	    -73.75807070	     -0.02774159	    -56.16816004	    -65.31489063	      8.85275156	     11.70107568	     -0.02906945	     -0.03275221
      0.16000000	     36.81062782	    -18.88524786	     -0.59220860	     24.95062450	     45.14590865	     14.59573324	     -4.56820522	     -5.19616854	      2.64003761	    -11.06525336	      6.54048088	     -2.24504556	     63.74090907	     -2.02150672	      2.15289362	    -83.01258139	     -0.02218684	    -75.23735286	     -0.02605886	    -56.98026962	    -66.17389506	      8.81687551	     11.81078508	     -0.02899489	     -0.03239468
      0.16500000	     34.03759956	    -18.90198194	     -0.53817295	     19.35281271	     30.73160277	     14.47450795	     -6.74482096	     -5.81876841	      3.11776411	    -14.52630245	      6.30819371	     -2.13282290	     66.10176150	     -2.11255339	      2.11802728	    -86.02192101	     -0.02079915	    -76.82766013	     -0.02470367	    -58.39072073	    -67.28469265	      8.93987991	     12.08822737	     -0.02909994	     -0.03213534
      0.17000000	     29.96028054	    -18.93424111	     -0.74307728	     12.30681913	     13.66865362	     15.15787221	     -9.93181585	     -6.86948097	      3.90083982	    -17.80460658	      6.00089651	     -1.98540544	     67.95174895	     -2.19284511	      2.04286733	    -89.00736206	     -0.01985536	    -78.28348517	     -0.02369211	    -60.09540884	    -68.48175976	      9.19905206	     12.26020765	     -0.02937826	     -0.03197718
      0.17500000	     25.66973201	    -19.02516737	     -1.15721663	      5.33993266	     -3.20973219	     15.42790463	    -13.32742010	     -8.08693791	      4.79215711	    -20.49196389	      5.54530964	     -1.79089909	     69.26367380	     -2.25746781	      1.92692170	    -91.63544158	     -0.01935427	    -80.08415745	     -0.02302559	    -61.82028771	    -69.65463765	      9.44943460	     12.49779261	     -0.02981028	     -0.03191494
      0.18000000	     21.83208365	    -19.54983727	     -1.61553203	     -0.87158139	    -20.87247074	     16.07823468	    -15.98954557	     -9.42618246	      5.66961626	    -22.91483917	      5.31166143	     -1.69782578	     70.02446988	     -2.30393026	      1.77028405	    -94.67530926	     -0.01927712	    -81.91654402	     -0.02269229	    -63.49708589	    -70.84249383	      9.70312375	     12.79174125	     -0.03036494	     -0.03193646
      0.18500000	     17.81777832	    -21.23314242	     -2.42797938	     -6.54176918	    -39.24889346	     18.07545301	    -18.71459533	    -11.28311212	      6.79419081	    -24.83589237	      5.57491448	     -1.83076865	     70.23584184	     -2.33241728	      1.57374030	    -97.51374193	     -0.01958982	    -83.88663424	     -0.02266920	    -65.41290540	    -72.17586834	      9.92563237	     13.16992726	     -0.03100249	     -0.03202454
      0.19000000	     13.52089134	    -22.32996983	     -3.24971851	    -12.18823600	    -52.75870169	     19.40105783	    -21.37839299	    -12.83741177	      7.80091637	    -26.30883071	      5.71608068	     -1.90052860	     69.91440952	     -2.34569005	      1.33887774	    -99.85956128	     -0.02024586	    -85.42979904	     -0.02292443	    -67.03746322	    -73.24826670	      9.91014742	     13.21243694	     -0.03167784	     -0.03215900
      0.19500000	      9.30270993	    -23.29836854	     -4.18109140	    -17.30796087	    -67.27935748	     20.56551274	    -24.00986491	    -13.47969011	      8.37839377	    -27.29651325	      6.69234224	     -2.36855466	     69.09127840	     -2.34865163	      1.06818604	   -101.86764246	     -0.02118954	    -86.94842595	     -0.02341980	    -68.87373530	    -74.45546406	     10.35953862	     13.61959831	     -0.03234431	     -0.03231866
      0.20000000	      4.34012828	    -24.21092099	     -5.20279363	    -23.02590098	    -76.41564117	     20.45283326	    -26.77784927	    -14.11899334	      9.00278674	    -28.08638698	      7.47897776	     -2.75436656	     67.81096104	     -2.34764890	      0.76514583	   -102.84912077	     -0.02235958	    -88.19580326	     -0.02411351	    -70.12902384	    -75.42836661	     10.25502646	     13.82266734	     -0.03295720	     -0.03248329
      0.20500000	     -0.68894263	    -24.93214305	     -6.09811191	    -27.76671771	    -83.03225149	     19.95976832	    -29.08355865	    -13.96114615	      9.18970896	    -28.91929979	      8.81917017	     -3.40090903	     66.12962429	     -2.34961550	      0.43429747	   -103.11489829	     -0.02369259	    -88.80378490	     -0.02496266	    -71.59378955	    -76.46323468	     10.41227496	     14.26143459	     -0.03347705	     -0.03263504
      0.21000000	     -4.08943560	    -25.27034441	     -6.76994885	    -30.24917145	    -85.98237505	     19.56940502	    -30.15137946	    -13.77625247	      9.22077967	    -28.97143089	      9.76437707	     -3.86366985	     64.11272171	     -2.36116637	      0.08126946	   -103.40622122	     -0.02512640	    -89.12009417	     -0.02592564	    -72.82633001	    -76.98478342	     10.57651413	     14.24586704	     -0.03387230	     -0.03275960
      0.21500000	     -4.87400189	    -25.31849172	     -7.13644752	    -28.94786136	    -86.29394586	     18.49694099	    -29.11014242	    -12.84509582	      8.66063368	    -28.33295059	     10.87656047	     -4.41695542	     61.83214278	     -2.38774448	     -0.28725430	   -103.89868749	     -0.02660308	    -89.18362847	     -0.02696420	    -73.65336315	    -77.42952583	     10.94693304	     14.34688810	     -0.03412110	     -0.03284686
      0.22000000	     -5.00380965	    -25.11137958	     -7.34544852	    -26.39208516	    -83.24050036	     16.79954494	    -27.51977959	    -11.88563043	      8.03862502	    -27.31821055	     11.70756129	     -4.85073778	     59.36304425	     -2.43290501	     -0.66363778	   -103.85623503	     -0.02807127	    -88.82294936	     -0.02804511	    -74.27875390	    -77.45870868	     11.08717377	     14.29606348	     -0.03421240	     -0.03289109
      0.22500000	     -4.82836127	    -25.12139062	     -7.59721514	    -22.73039711	    -76.77145855	     14.04324263	    -25.61254789	    -10.89305521	      7.38603323	    -26.07964301	     12.43249108	     -5.24197034	     56.78054074	     -2.49780771	     -1.03947038	   -102.82302820	     -0.02948800	    -88.16197129	     -0.02914133	    -74.31894066	    -77.60636922	     10.91545896	     14.37444279	     -0.03414600	     -0.03289075
      0.23000000	     -3.89725906	    -23.92023877	     -7.59605511	    -18.13624298	    -68.96732451	     10.29649574	    -23.49957983	     -9.23915156	      6.40022710	    -24.35129298	     12.79878583	     -5.49219647	     54.15642904	     -2.58096833	     -1.40581935	   -101.28967257	     -0.03081982	    -87.13970309	     -0.03023267	    -74.32452386	    -77.32637472	     11.11293557	     14.44562079	     -0.03393188	     -0.03284797
      0.23500000	     -1.34211333	    -23.35351051	     -7.38635707	    -11.35194653	    -57.00683759	      6.10829150	    -19.72050660	     -8.33146636	      5.58515641	    -22.57285300	     12.48251481	     -5.44969921	     51.55610712	     -2.67829276	     -1.75354640	    -99.66249830	     -0.03204318	    -85.78540744	     -0.03130583	    -73.37111611	    -76.87754601	     10.80516824	     14.43705432	     -0.03358885	     -0.03276775
      0.24000000	      0.98644645	    -21.63288501	     -6.95443354	     -4.66267783	    -45.62864173	      1.66720873	    -16.40002635	     -7.10229652	      4.67121133	    -20.80897903	     11.71246058	     -5.20906118	     49.03585023	     -2.78338752	     -2.07366940	    -97.57491497	     -0.03314428	    -83.71614610	     -0.03235397	    -72.65067583	    -76.21306454	     10.78960562	     14.30748357	     -0.03314268	     -0.03265713
      0.24500000	      3.85104056	    -20.21273203	     -6.51494222	      2.31506862	    -34.51733062	     -2.79121672	    -12.94191404	     -6.31077290	      3.94103293	    -18.83951310	     10.60172689	     -4.85041342	     46.64062137	     -2.88810459	     -2.35774988	    -95.13486354	     -0.03411835	    -81.66095872	     -0.03337573	    -71.51021967	    -75.26484151	     10.59127450	     14.16441819	     -0.03262397	     -0.03252423
      0.25000000	      6.94409394	    -18.62527252	     -6.22035133	      8.89767569	    -23.54634368	     -7.05919491	    -10.13415107	     -5.51214081	      3.27739625	    -16.21096475	      9.41925194	     -4.48920722	     44.40258135	     -2.98323575	     -2.59828074	    -92.11444611	     -0.03496849	    -79.66776728	     -0.03437387	    -70.03751005	    -73.92908312	     10.49449984	     14.01549868	     -0.03206599	     -0.03237751
      0.25500000	      9.48119860	    -17.34256379	     -6.08188461	     15.06603278	    -12.57354207	    -10.99258310	     -8.17584774	     -5.03502301	      2.84292353	    -13.48469862	      8.12878158	     -4.09138349	     42.34040519	     -3.05924291	     -2.78903779	    -88.07282505	     -0.03570420	    -77.56198248	     -0.03535369	    -68.52322110	    -72.55187377	     10.22942832	     13.84736285	     -0.03150259	     -0.03222509
      0.26000000	     12.78996442	    -16.63585841	     -5.80691187	     21.22735770	     -0.42446958	    -13.47480860	     -5.33495785	     -5.07028728	      2.51456287	    -11.01687752	      6.86806419	     -3.70559765	     40.45943221	     -3.10691442	     -2.92535694	    -84.60321175	     -0.03633962	    -74.80402335	     -0.03631813	    -66.27175576	    -70.81776586	      9.81876292	     13.53240049	     -0.03096633	     -0.03207467
      0.26500000	     15.73700852	    -15.65658952	     -5.27936743	     27.17212599	      9.12074876	    -16.09745319	     -2.46421514	     -5.14817903	      2.19051074	     -9.33328610	      5.26853882	     -3.18539190	     38.75259870	     -3.11786972	     -3.00431475	    -80.89368940	     -0.03688878	    -71.59728233	     -0.03720783	    -64.15974951	    -69.24500669	      9.32401733	     13.21266928	     -0.03048720	     -0.03193559
      0.27000000	     18.75390390	    -15.10812184	     -4.72924635	     32.30845180	     17.07373894	    -17.33531042	      0.49872619	     -5.18315338	      1.82577867	     -7.91208846	      4.12867236	     -2.84405040	     37.20203519	     -3.08488264	     -3.02481263	    -77.28521016	     -0.03729975	    -68.14711991	     -0.03800583	    -61.73999808	    -67.48579671	      8.98164124	     12.83543577	     -0.03009398	     -0.03181127
      0.27500000	     20.08764231	    -15.24223451	     -4.40012882	     35.19719275	     22.77397758	    -17.89684788	      2.23133095	     -5.29694722	      1.61410115	     -7.09050504	      3.57593664	     -2.71554775	     35.78117442	     -3.00204441	     -2.98757682	    -72.87520253	     -0.03757524	    -64.47784779	     -0.03869830	    -59.28465735	    -65.88400606	      8.51112601	     12.69336156	     -0.02980536	     -0.03170614
      0.28000000	     21.17259084	    -14.81023765	     -3.98183866	     37.14310652	     29.45304226	    -18.03301697	      3.64914029	     -5.19306295	      1.34746698	     -6.29757356	      2.91120303	     -2.52089269	     34.45721029	     -2.86482449	     -2.89508382	    -68.27370782	     -0.03771985	    -60.51091661	     -0.03926960	    -56.59672108	    -63.93009480	      8.05202897	     12.23296239	     -0.02963700	     -0.03162387
      0.28500000	     20.94515864	    -15.05642316	     -3.96921102	     37.27820384	     30.23002243	    -17.29799071	      3.44154905	     -5.02631466	      1.21585712	     -5.48061906	      3.06306934	     -2.59984267	     33.19374428	     -2.67010282	     -2.75141516	    -62.99914981	     -0.03773682	    -56.86866659	     -0.03970265	    -54.21393919	    -62.29122870	      7.72676205	     12.17668135	     -0.02959912	     -0.03156755
      0.29000000	     19.19754688	    -14.59388891	     -3.72160256	     35.23746532	     33.04726544	    -15.89187121	      2.65617511	     -4.56186276	      1.03537401	     -5.50946166	      3.18322599	     -2.60869337	     31.95344982	     -2.41623576	     -2.56203932	    -57.37901192	     -0.03762755	    -52.40634942	     -0.03997959	    -51.87574163	    -60.28057652	      7.45051089	     11.68847194	     -0.02969678	     -0.03154002
      0.29500000	     16.71106256	    -14.61046700	     -3.50578722	     32.12005344	     34.26934990	    -14.09076679	      1.75504966	     -4.27263563	      0.93055319	     -6.18407235	      3.61766941	     -2.68213735	     30.70058891	     -2.10318556	     -2.33351395	    -51.83510333	     -0.03739159	    -47.63976763	     -0.04008286	    -49.35966269	    -58.46451291	      7.05798866	     11.50673623	     -0.02993035	     -0.03154412
      0.30000000	     14.51445653	    -14.53896655	     -3.27316999	     28.81677379	     36.50877595	    -11.63420036	      0.93318311	     -4.18570983	      0.89199908	     -6.58025310	      3.90842873	     -2.66209110	     29.40322320	     -1.73270717	     -2.07311896	    -46.47455789	     -0.03702697	    -42.98098571	     -0.03999628	    -46.68448816	    -56.19413756	      6.51349763	     10.98191406	     -0.03029607	     -0.03158296
      0.30500000	     12.04705225	    -14.09327432	     -3.06193733	     25.03491794	     39.78076099	     -9.09283490	     -0.19923605	     -3.66322639	      0.74539937	     -6.83972046	      4.37007533	     -2.65794010	     28.03497380	     -1.30856100	     -1.78846681	    -40.84627510	     -0.03653090	    -38.37961364	     -0.03980677	    -43.99399958	    -53.79432406	      6.24676493	     10.52330277	     -0.03078673	     -0.03166568
      0.31000000	      9.80097996	    -13.78761759	     -2.89087561	     21.37120137	     42.09986109	     -6.67559505	     -1.24386722	     -3.33350997	      0.66660751	     -6.94167963	      4.72149326	     -2.59693677	     26.57622342	     -0.83670437	     -1.48715378	    -35.36440034	     -0.03602797	    -34.11982218	     -0.03957566	    -41.26728499	    -51.32605201	      5.88026061	     10.16535925	     -0.03139812	     -0.03179378
      0.31500000	      7.64134731	    -13.76895060	     -2.82350095	     17.70918438	     47.51454878	     -4.01338261	     -2.15818424	     -3.36797954	      0.70836999	     -6.80515489	      4.98840284	     -2.47225529	     25.01471614	     -0.32540525	     -1.17650070	    -30.07783367	     -0.03555707	    -29.93709138	     -0.03925841	    -38.11865889	    -48.68640264	      5.17038623	      9.65694333	     -0.03211454	     -0.03196869
      0.32000000	      5.28056813	    -12.47325207	     -2.59457798	     13.63317304	     50.64828192	     -1.68114090	     -3.42124137	     -2.81470095	      0.60428798	     -6.62672084	      4.93159625	     -2.23926212	     23.34556611	      0.21477059	     -0.86340525	    -24.93131503	     -0.03507632	    -25.86641638	     -0.03882988	    -35.47557885	    -45.93126607	      5.05521589	      9.12607738	     -0.03291929	     -0.03219405
      0.32500000	      3.65832671	    -11.95986102	     -2.43796884	     10.07962427	     55.88284260	      1.21432651	     -4.02926140	     -2.75018369	      0.59647546	     -6.11139085	      4.98830662	     -2.04054710	     21.57073731	      0.77112938	     -0.55429468	    -20.30942087	     -0.03456277	    -22.21519517	     -0.03826494	    -32.52956047	    -42.83464754	      4.79300909	      8.57924290	     -0.03379558	     -0.03247272
      0.33000000	      1.80282391	    -10.94376353	     -2.19127661	      6.61992557	     61.86860327	      3.46164903	     -4.57336577	     -2.34799657	      0.52593572	     -5.79031454	      5.01834208	     -1.81236636	     19.69811745	      1.32918989	     -0.25513295	    -15.92213750	     -0.03399052	    -18.48770448	     -0.03753998	    -29.71213129	    -39.80987950	      4.43415535	      8.02764063	     -0.03472489	     -0.03280613
      0.33500000	     -0.43321969	     -9.63244481	     -1.88797348	      2.30091448	     66.32918594	      5.47862699	     -5.30836111	     -2.33011899	      0.56662902	     -5.62372778	      4.47042327	     -1.46071985	     17.74035633	      1.87318874	      0.02857288	    -11.91489433	     -0.03333234	    -15.07620294	     -0.03663419	    -27.06237274	    -36.56452831	      4.18923776	      7.33563176	     -0.03568704	     -0.03319348
      0.34000000	     -1.97504396	     -8.57920776	     -1.54897735	     -0.98487554	     71.37655699	      7.07841475	     -5.27632841	     -2.44676046	      0.61752731	     -5.43921378	      3.97719934	     -1.13522251	     15.71364290	      2.38671817	      0.29179895	     -8.69718373	     -0.03256122	    -11.80045257	     -0.03526757	    -24.25672078	    -33.43189730	      3.62528416	      6.73765816	     -0.03666031	     -0.03364531
      0.34500000	     -3.30397629	     -7.43088278	     -1.22343636	     -4.08333407	     73.49409346	      8.57537582	     -5.27756593	     -2.02682027	      0.54069701	     -5.10646318	      3.94328266	     -0.93859891	     13.63656944	      2.85344526	      0.53006574	     -5.74629331	     -0.03134342	     -9.00436548	     -0.03352655	    -21.90535647	    -30.28437933	      3.43228349	      6.23247750	     -0.03763747	     -0.03414287
      0.35000000	     -3.99385450	     -5.33568171	     -0.80892933	     -6.54213273	     75.02013377	      9.38840709	     -5.06432624	     -1.52561207	      0.43243700	     -4.41938384	      3.18486121	     -0.59701374	     11.52918824	      3.25785883	      0.73951789	     -3.35653272	     -0.02983156	     -6.63164654	     -0.03151250	    -19.70162068	    -27.03869727	      3.37466085	      5.37536932	     -0.03857930	     -0.03467044
      0.35500000	     -4.42165490	     -4.31636358	     -0.53645391	     -8.41978143	     76.76404374	     10.21952986	     -4.38350205	     -1.17531648	      0.34694303	     -3.81791955	      3.08487802	     -0.42081265	      9.41230381	      3.58599155	      0.91699703	     -1.50346791	     -0.02809781	     -4.47746054	     -0.02927799	    -17.34558619	    -24.05716150	      3.16225340	      4.84754487	     -0.03945705	     -0.03521226
      0.36000000	     -4.71921847	     -3.37734952	     -0.32373723	    -10.02860225	     77.41457931	     10.55078862	     -3.79552581	     -0.93443955	      0.29557004	     -3.02098520	      2.87192173	     -0.26374021	      7.30697663	      3.82607442	      1.06008443	      0.09665653	     -0.02618321	     -2.82915322	     -0.02687977	    -15.22692314	    -21.05981376	      2.98252252	      4.33078374	     -0.04024354	     -0.03574890
      0.36500000	     -4.72225733	     -3.06125021	     -0.21966740	    -11.07840758	     77.07960747	     10.84196260	     -2.92434521	     -0.72287415	      0.24522081	     -2.22653978	      3.08056936	     -0.19039213	      5.23416926	      3.96910012	      1.16710526	      1.19298712	     -0.02413273	     -1.45726252	     -0.02437638	    -13.10217785	    -18.30752373	      2.70060376	      3.86456458	     -0.04091129	     -0.03625772
      0.37000000	     -4.77656311	     -2.21523155	     -0.06696417	    -11.64903334	     77.15002879	     10.26470612	     -2.12141216	     -0.29380521	      0.18185299	     -1.45074544	      2.99204423	     -0.07220685	      3.21444564	      4.00928396	      1.23710470	      2.14423387	     -0.02199319	     -0.27587178	     -0.02182581	    -11.25900572	    -15.67529004	      2.43773519	      3.28329378	     -0.04143302	     -0.03671367
      0.37500000	     -4.15202775	     -1.64230493	      0.07201106	    -11.39411393	     75.87977845	      9.78309466	     -0.71514220	      0.19066558	      0.05426332	     -0.71060539	      3.15191382	     -0.00392315	      1.26764157	      3.94440861	      1.26981748	      2.39722995	     -0.01981126	      0.70452533	     -0.01938414	     -9.44441735	    -13.24235869	      2.32449485	      2.74522569	     -0.04178232	     -0.03709636
      0.38000000	     -3.91887629	     -1.61501223	      0.03115903	    -11.02328973	     74.36749000	      8.77684766	      0.27551458	      0.31086981	      0.03361302	      0.04521425	      3.23859789	      0.05392312	     -0.58754746	      3.77602768	      1.26565518	      2.69192656	     -0.01774427	      1.35993863	     -0.01707604	     -7.72985448	    -11.09329682	      1.98551165	      2.25593370	     -0.04194102	     -0.03737446
      0.38500000	     -2.85304726	     -1.22282180	      0.08432457	     -9.73384255	     68.47829393	      7.16067120	      1.57044637	      1.03200600	     -0.08652334	      0.96483512	      3.56164197	      0.03784196	     -2.33408163	      3.50949482	      1.22573096	      2.60432000	     -0.01577517	      1.59253126	     -0.01486630	     -6.46990270	     -9.04362578	      1.90492210	      1.89675100	     -0.04187982	     -0.03751672
      0.39000000	     -2.62847404	     -1.34079431	     -0.13423410	     -9.10872752	     61.78181146	      5.30932978	      1.90018508	      1.29130964	     -0.09153426	      1.97025973	      3.75895185	      0.01115890	     -3.95718174	      3.15378765	      1.15193083	      2.82318452	     -0.01387771	      1.46045328	     -0.01277563	     -5.33592475	     -7.17382461	      1.65759441	      1.49309039	     -0.04157466	     -0.03749792
      0.39500000	     -2.44361975	     -1.01225492	     -0.38009142	     -8.00269298	     56.09568853	      3.13822379	      2.18565981	      1.74608054	     -0.13677302	      2.89839625	      3.85012633	      0.01430358	     -5.44496499	      2.72111834	      1.04702069	      2.87162955	     -0.01206772	      1.45299406	     -0.01082151	     -4.29202093	     -5.62996959	      1.46855389	      1.14329653	     -0.04100746	     -0.03729538
      0.40000000	     -2.54744867	     -1.91150588	     -0.75876349	     -7.07166493	     49.41567082	      1.01086621	      2.41776268	      1.77372207	     -0.11961431	      3.53033250	      4.31303188	     -0.06632988	     -6.78901319	      2.22635866	      0.91475205	      2.87526492	     -0.01035942	      1.22513429	     -0.00901862	     -3.26349699	     -4.26260549	      1.10388891	      1.00208726	     -0.04016313	     -0.03688950
      0.40500000	     -3.77471171	     -0.76531067	     -0.82616737	     -7.10621533	     44.06787673	     -2.17171265	      2.10975969	      2.36097455	     -0.16327217	      3.45798779	      3.64451592	     -0.02960743	     -7.98476562	      1.68633509	      0.75991413	      3.11119720	     -0.00876579	      1.40321155	     -0.00737922	     -2.53473679	     -3.03147586	      1.01407027	      0.40865016	     -0.03902964	     -0.03626420
      0.41000000	     -4.99091158	     -0.41111395	     -1.14702514	     -6.79375168	     38.16094601	     -5.06188202	      1.40117843	      2.92948572	     -0.19063269	      3.69416956	      3.57041995	     -0.07865101	     -9.03165001	      1.11905804	      0.58828748	      3.57753760	     -0.00729871	      1.29282418	     -0.00591315	     -2.01923106	     -2.05520558	      1.05310734	      0.25077723	     -0.03759810	     -0.03540683
      0.41500000	     -7.13910503	      0.14013542	     -1.28303229	     -7.35261655	     34.56949739	     -8.20090983	      0.86315724	      3.63140747	     -0.24892546	      2.86885415	      3.37501280	     -0.11365892	     -9.93290954	      0.54294273	      0.40647332	      3.92630868	     -0.00596870	      1.70799378	     -0.00462767	     -1.37695546	     -1.29797738	      1.01781723	      0.01042519	     -0.03586282	     -0.03430796
      0.42000000	     -9.32040709	      1.66629758	     -1.29361614	     -7.70740752	     35.01280136	    -11.55925867	      0.54202290	      4.94768068	     -0.47051250	      1.83139874	      2.72310022	     -0.09552130	    -10.69514452	     -0.02394220	      0.22160046	      4.50806777	     -0.00478452	      2.20480939	     -0.00352710	     -0.95426629	     -0.61632271	      1.98478298	     -0.04011641	     -0.03382153	     -0.03296094
      0.42500000	    -11.55019960	      0.71105291	     -2.09633261	     -8.41883380	     33.94426350	    -14.36546102	     -0.37948718	      4.81044749	     -0.47552441	      1.34257075	      3.57450819	      0.07231637	    -11.32764947	     -0.56458976	      0.04094926	      4.78901090	     -0.00375243	      2.22717056	     -0.00260335	     -0.57721818	      0.53712467	      1.30014490	      0.91795584	     -0.03147586	     -0.03136269
      0.43000000	    -13.53179956	      0.43094793	     -2.09284149	     -7.97635719	     32.17183557	    -16.18633781	     -0.55044725	      4.46135526	     -0.37668646	      0.09070052	      3.10681525	      0.04315664	    -11.84165225	     -1.06372962	     -0.12844577	      4.63538615	     -0.00287558	      2.91869601	     -0.00186789	     -0.09019935	      0.52927951	      0.58041670	      0.48098834	     -0.02883223	     -0.02951047
      0.43500000	    -14.86329285	      1.43263649	     -1.65373169	     -7.11406343	     29.15901692	    -17.96516571	     -0.25009970	      4.66780250	     -0.27434231	     -1.25136054	      2.15098016	      0.04320905	    -12.24954364	     -1.50843889	     -0.28016588	      4.31928034	     -0.00214649	      3.65837193	     -0.00132383	      0.01656895	      0.47361656	      0.47285004	      0.00840774	     -0.02590432	     -0.02740394
      0.44000000	    -15.77795688	      2.21212655	     -1.89483758	     -5.91916435	     28.00675421	    -20.04738258	     -0.82948066	      5.05096917	     -0.31654458	     -1.26395766	      1.56598116	      0.14436776	    -12.56415444	     -1.88865167	     -0.40872695	      4.54254976	     -0.00157967	      3.55639087	     -0.00095304	      0.17922436	      0.54368266	      0.14441461	     -0.24348691	     -0.02271118	     -0.02504801
      0.44500000	    -16.67603809	      2.60232985	     -1.81727830	     -5.18519494	     23.50761902	    -21.01844152	     -1.08255259	      5.46393919	     -0.32565804	     -1.81084907	      1.44441769	      0.09610115	    -12.79811121	     -2.19753062	     -0.50983592	      4.58717266	     -0.00116086	      3.68488564	     -0.00073363	      0.02203379	      0.44580196	      0.28105221	     -0.16427832	     -0.01928445	     -0.02245260
      0.45000000	    -17.86417898	      1.97338617	     -1.49784925	     -4.84526265	     21.85608692	    -20.55868890	     -0.93135642	      5.59038648	     -0.26688385	     -2.89544807	      2.03328073	     -0.12652259	    -12.96328126	     -2.43166377	     -0.58057867	      4.37278955	     -0.00087156	      4.17646685	     -0.00064090	      0.00713530	      0.25828498	      0.28665436	      0.00606009	     -0.01566849	     -0.01963448
      0.45500000	    -19.92909559	      3.18128535	     -0.87654763	     -5.77069175	     19.06322713	    -21.22267535	     -1.19605548	      6.23716548	     -0.31181104	     -4.61564300	      1.57656900	     -0.31047364	    -13.07031739	     -2.59105974	     -0.61953851	      4.48932912	     -0.00069090	      5.00366717	     -0.00064840	     -0.29216890	     -0.06336314	      0.62489609	      0.09370827	     -0.01192222	     -0.01661942
      0.46000000	    -19.61658512	      3.26817626	     -1.12310760	     -4.44434739	     19.29461767	    -20.69833889	     -1.59173002	      5.80465841	     -0.30638095	     -3.74716507	      1.12854635	     -0.16737192	    -13.12832707	     -2.67894012	     -0.62684093	      4.48166534	     -0.00059657	      4.36200010	     -0.00072908	     -0.33182636	      0.04148444	      0.50128200	      0.01561612	     -0.00812017	     -0.01344417
      0.46500000	    -19.47655532	      2.84831704	     -1.19879814	     -3.52578662	     20.91928709	    -19.89733732	     -1.72529963	      5.58688424	     -0.28929376	     -3.24615310	      1.29417608	     -0.15574133	    -13.14469103	     -2.70134780	     -0.60411153	      4.38729720	     -0.00056588	      3.92731376	     -0.00085638	     -0.19478656	      0.06092612	      0.22979718	      0.10948203	     -0.00435224	     -0.01015791
      0.47000000	    -19.81054628	      3.46118416	     -0.56666124	     -3.63924517	     18.93013528	    -19.24161803	     -1.35824756	      5.79150139	     -0.24000422	     -3.99882397	      1.00115952	     -0.25821845	    -13.12504461	     -2.66660099	     -0.55433381	      4.09696349	     -0.00057679	      4.19483267	     -0.00100527	     -0.35650066	     -0.15430520	      0.48848675	      0.24670265	     -0.00072197	     -0.00682282
      0.47500000	    -19.58842976	      3.21419208	     -0.49254278	     -3.31914873	     19.59198414	    -17.54815202	     -1.45548800	      5.07826651	     -0.19873759	     -3.59509408	      0.70135671	     -0.21358493	    -13.07342108	     -2.58463651	     -0.48160950	      3.89244446	     -0.00060886	      3.85980408	     -0.00115321	     -0.34895519	     -0.14789647	      0.35313902	      0.19581914	      0.00265681	     -0.00351335
      0.48000000	    -18.87423329	      4.67894389	     -0.25066145	     -2.81098208	     19.80350333	    -17.02070970	     -1.52038142	      5.33471481	     -0.22575531	     -2.92520320	     -0.16402897	     -0.06971678	    -12.99252872	     -2.46629738	     -0.39084843	      3.86262955	     -0.00064411	      3.41002761	     -0.00128094	     -0.47479832	     -0.07977122	      0.50742127	     -0.04238051	      0.00566506	     -0.00031433
      0.48500000	    -18.90268278	      3.98637979	      0.03304828	     -3.35891058	     18.81268147	    -15.12993991	     -1.41671101	      4.82180673	     -0.18059509	     -3.10176261	      0.07223573	     -0.17297686	    -12.88410925	     -2.32262524	     -0.28742517	      3.60149352	     -0.00066776	      3.39498528	     -0.00137321	     -0.40115476	     -0.20593275	      0.37757008	      0.12742361	      0.00818488	      0.00268227
      0.49000000	    -18.61058943	      3.65353985	      0.10729361	     -3.95895420	     15.30872761	    -13.58023385	     -1.66310406	      4.20888353	     -0.18008131	     -2.80879905	     -0.10545675	     -0.16676952	    -12.74931624	     -2.16421597	     -0.17683320	      3.51537784	     -0.00066877	      3.07896918	     -0.00141923	     -0.46325166	     -0.27459552	      0.35640966	      0.29154930	      0.01010680	      0.00538146
      0.49500000	    -18.00517729	      3.96860150	      0.37586578	     -4.25397507	     14.23707973	    -11.88218244	     -1.61003867	      3.97402384	     -0.16488412	     -2.48336700	     -0.38791855	     -0.14489004	    -12.58903973	     -2.00068171	     -0.06436799	      3.34364359	     -0.00064028	      2.89864406	     -0.00141308	     -0.49117991	     -0.24928573	      0.41550093	      0.11984047	      0.01133748	      0.00769006
      0.50000000	    -17.71049649	      4.16213738	      0.59108827	     -5.18033649	     10.32305359	    -10.82383393	     -1.74490753	      3.46876416	     -0.15607731	     -2.44305741	     -0.96254898	     -0.12546042	    -12.40411295	     -1.84024516	      0.04513209	      3.22952770	     -0.00057977	      2.80092500	     -0.00135382	     -0.51430268	     -0.32414987	      0.42467075	      0.12947846	      0.01180690	      0.00952176
      0.50500000	    -17.30208996	      3.83098443	      0.71736142	     -6.08152678	      6.63751729	     -9.30454416	     -1.87630118	      2.98462368	     -0.14556967	     -2.29285264	     -1.02820818	     -0.15338166	    -12.19540319	     -1.68948209	      0.14748201	      3.12543194	     -0.00048918	      2.68536339	     -0.00124562	     -0.50019208	     -0.35690205	      0.41428680	      0.16801988	      0.01147435	      0.01080217
      0.51000000	    -16.30818780	      3.92346623	      0.73859878	     -6.47232814	      3.01787985	     -8.06875376	     -1.99542536	      2.43328238	     -0.12410104	     -1.66133325	     -1.53791446	     -0.06093490	    -11.96384566	     -1.55321939	      0.23929276	      3.00750052	     -0.00037475	      2.34454104	     -0.00109759	     -0.50214098	     -0.27415339	      0.44473752	      0.02688103	      0.01033243	      0.01147334
      0.51500000	    -16.12104682	      3.82627345	      0.86904326	     -7.82245916	     -2.15092166	     -7.41785539	     -2.20985923	      2.03950785	     -0.12323470	     -1.80719322	     -1.84086289	     -0.09606424	    -11.71047271	     -1.43458546	      0.31805643	      2.98128301	     -0.00024685	      2.39846805	     -0.00092363	     -0.48903924	     -0.35702088	      0.47715911	      0.12338684	      0.00840835	      0.01149747
      0.52000000	    -15.48490721	      2.84799721	      0.58581277	     -8.61291882	     -5.09909462	     -6.00269503	     -2.64402180	      1.15414176	     -0.10964858	     -1.15642105	     -1.78271199	     -0.06838406	    -11.43647118	     -1.33520302	      0.38216590	      3.00567496	     -0.00011951	      2.06907439	     -0.00074204	     -0.35992271	     -0.26182785	      0.28333371	      0.13280693	      0.00576247	      0.01085956
      0.52500000	    -15.22835541	      2.73393423	      0.66775658	     -9.89673275	     -9.50962260	     -5.56968573	     -2.81978716	      0.71135223	     -0.08840709	     -1.29950026	     -2.14231193	     -0.09251750	    -11.14328184	     -1.25550085	      0.43087298	      2.97254652	     -0.00000610	      2.18557961	     -0.00057510	     -0.34797230	     -0.30730563	      0.35761848	      0.17376693	      0.00248354	      0.00956856
      0.53000000	    -14.28195982	      2.22925331	      0.57892249	    -10.37136298	    -12.11203716	     -4.56159276	     -2.86172643	      0.11368485	     -0.03034921	     -0.82465836	     -2.25629328	     -0.06388587	    -10.83268518	     -1.19510745	      0.46418823	      2.85348850	      0.00007754	      2.02849002	     -0.00044851	     -0.31838995	     -0.20664629	      0.43030907	      0.11359274	     -0.00131725	      0.00765699
      0.53500000	    -13.73534945	      2.11042794	      0.26682440	    -11.09703062	    -12.75384230	     -4.72655821	     -3.35271827	     -0.32536390	     -0.04834410	     -0.21817473	     -2.64915182	      0.02034902	    -10.50676796	     -1.15328434	      0.48272626	      3.04873690	      0.00010808	      1.79038439	     -0.00039074	     -0.19046903	     -0.09792426	      0.30939255	      0.06951831	     -0.00551386	      0.00517894
      0.54000000	    -13.83505010	      1.66112072	      0.23786495	    -12.36262354	    -12.29860358	     -4.20083902	     -3.57163682	     -0.99920112	     -0.00501418	     -0.44341635	     -2.89146285	     -0.03009097	    -10.16772495	     -1.12935133	      0.48751783	      3.06664125	      0.00006329	      2.10098607	     -0.00043232	     -0.15391836	     -0.09799015	      0.33435998	      0.00724206	     -0.00997425	      0.00220668
      0.54500000	    -13.19090515	      1.39945368	      0.06692864	    -12.55948843	     -7.84720570	     -4.66058715	     -3.53246897	     -1.72849565	      0.08058443	     -0.03366008	     -3.53788401	      0.06031558	     -9.81753931	     -1.12304942	      0.47982006	      2.99817561	     -0.00007984	      2.07527423	     -0.00060500	      0.17066069	      0.00221513	      0.02093932	     -0.13780044	     -0.01456757	     -0.00117375
      0.55000000	    -12.90254486	      1.06197656	     -0.12106237	    -13.14711541	     -5.17392468	     -4.46676703	     -3.80124441	     -1.78222861	      0.05026642	      0.25734176	     -3.28720198	      0.00207787	     -9.45760927	     -1.13479345	      0.46094855	      3.20998413	     -0.00034459	      2.11670527	     -0.00092675	      0.02664135	      0.04742654	      0.31330322	     -0.02998790	     -0.01917011	     -0.00486869
      0.55500000	    -12.74724660	      0.70935190	     -0.20860656	    -13.37748233	      3.53494073	     -4.45339834	     -3.73224504	     -2.22950386	      0.09742010	      0.39056860	     -3.45633073	     -0.02714295	     -9.08839011	     -1.16578365	      0.43214670	      3.24220396	     -0.00075399	      2.37043891	     -0.00143011	      0.14918526	      0.10982656	      0.25954660	     -0.14601297	     -0.02366934	     -0.00877852
      0.56000000	    -11.65394107	     -0.48575442	     -0.64869510	    -12.41482105	     14.05241755	     -4.37840139	     -3.55015590	     -3.06176069	      0.18823342	      1.47310928	     -3.39927923	      0.03061601	     -8.70912062	     -1.21796128	      0.39450189	      3.21548274	     -0.00133046	      2.02497220	     -0.00214125	      0.37655720	      0.23878433	      0.02271977	     -0.05094421	     -0.02796598	     -0.01280416
      0.56500000	    -11.77810386	      0.10446348	     -0.84558172	    -12.40334915	     26.96489586	     -4.65896424	     -3.91254785	     -2.56258980	      0.03456270	      1.93287415	     -3.32108031	     -0.01674068	     -8.31765719	     -1.29381175	      0.34890795	      3.71352879	     -0.00209528	      2.20021585	     -0.00308269	      0.06883219	      0.32422603	      0.48416154	     -0.14260604	     -0.03197452	     -0.01684983
      0.57000000	    -13.91577833	      2.33452385	     -0.80293249	    -14.96803258	     26.93229482	     -7.00767382	     -6.39322047	     -1.11291753	      0.05839416	      1.81780654	     -3.13808198	     -0.18004073	     -7.91037928	     -1.39604693	      0.29606653	      4.95347824	     -0.00306814	      2.50887892	     -0.00427295	     -1.54134128	      0.15271879	      0.78487259	      0.25752892	     -0.03562290	     -0.02082543
      0.57500000	     -9.39187966	      4.92392673	     -0.64060032	    -10.09116285	     26.59404765	     -9.66395447	     -4.35156169	      0.47459022	     -0.22952121	      3.42432368	     -4.29852650	      0.14330054	     -7.48211996	     -1.52722113	      0.23652281	      3.75874725	     -0.00426667	      1.80767394	     -0.00572583	     -2.22675632	     -0.73826231	      1.20813429	     -0.22270643	     -0.03885203	     -0.02464848
      0.58000000	     -1.34772339	      5.45261741	      0.16638440	     -2.76292136	     -4.56613251	     -9.22001058	      0.55223387	      0.79940949	     -0.50124285	      4.03315330	     -4.00644428	      0.11997089	     -7.02610022	     -1.68933802	      0.17073731	     -0.73029547	     -0.00570588	      1.39717523	     -0.00744973	     -4.43321677	     -2.62814928	      1.35717058	      0.02622615	     -0.04161572	     -0.02824592
      0.58500000	     16.95434772	      0.24621898	      0.89878007	     14.78400475	    -45.17824876	     -6.51454593	     12.07609065	     -0.90788894	     -0.85062886	      7.68239894	     -2.95468460	     -0.04890655	     -6.53385730	     -1.88350107	      0.09919105	     -9.07330128	     -0.00739761	     -1.91519276	     -0.00944709	     -5.05406646	     -5.28226213	      1.25943161	      0.61056324	     -0.04388108	     -0.03155577
      0.59000000	     38.94337259	     -8.59067244	     -0.48305303	     39.11327045	    -57.42396137	      0.14633847	     19.84424312	     -3.72271225	     -0.81871122	     20.31115916	     -0.00763032	     -0.55278730	     -5.99515605	     -2.10965776	      0.02250802	    -14.37507393	     -0.00934984	     -9.83096418	     -0.01171390	     -5.59658375	     -6.46239971	      0.88704694	      0.99943747	     -0.04562895	     -0.03452861
      0.59500000	     39.85261917	    -10.47983667	     -1.54996725	     41.81105502	    -52.60418752	      1.54817237	     17.61461087	     -3.96505002	     -0.65292294	     23.36454852	      1.40584297	     -0.78092824	     -5.39787995	     -2.36647025	     -0.05843121	    -13.82764843	     -0.01156932	    -11.82281245	     -0.01423919	     -7.60670546	     -8.05938869	      1.01037135	      1.37011846	     -0.04685425	     -0.03712847
      0.60000000	     22.63578311	     -8.89144426	     -1.92465120	     25.28288390	    -37.22865290	     -2.36098221	      9.44967023	     -4.03321226	     -0.15882297	     15.49306292	      0.18942335	     -0.54160325	     -4.72791210	     -2.65131228	     -0.14241559	     -9.53497889	     -0.01412409	     -8.18293959	     -0.01700448	     -9.69959202	    -10.92637283	      1.16148281	      1.88119117	     -0.04757099	     -0.03933292
      0.60500000	      2.95186913	     -4.40528169	     -1.55775061	      6.39344501	     -5.64859303	     -9.41327143	      1.84154263	     -3.36443056	      0.21616227	      5.31954949	     -2.94761936	      0.02395790	     -3.96903892	     -2.96036936	     -0.22790221	     -5.12265685	     -0.01691660	     -3.18776970	     -0.01998305	    -11.11902096	    -13.45806879	      1.08139467	      1.99930150	     -0.04779565	     -0.04113239
      0.61000000	    -15.96851623	      0.18056015	     -1.00332825	    -11.43080959	     30.26459074	    -16.11185289	     -5.06521258	     -2.09202970	      0.45655190	     -4.68073074	     -5.67859649	      0.56688109	     -3.10294491	     -3.28881268	     -0.31310924	     -0.76350106	     -0.01991425	      1.57068232	     -0.02323726	    -12.90148719	    -15.88545694	      1.57625203	      2.38484822	     -0.04756144	     -0.04253670
      0.61500000	    -27.58189483	      0.52409130	     -0.60763333	    -21.12727691	     77.07458586	    -18.48178279	     -7.41540076	     -3.40114421	      0.92594249	    -11.52902226	     -7.89810946	      1.07504307	     -2.10939142	     -3.63101444	     -0.39619556	      0.96137672	     -0.02307257	      4.65898856	     -0.02662244	    -13.21567488	    -18.00622509	      1.35903334	      2.51738245	     -0.04691337	     -0.04355571
      0.62000000	    -21.85494009	     -2.87522068	     -0.54556079	    -12.42720718	    112.97732679	    -16.24415271	     -2.85676847	     -5.48507801	      1.09968122	     -9.31365138	     -8.42075634	      1.20666652	     -0.96665823	     -3.98077695	     -0.47549514	     -1.66628901	     -0.02633469	      2.27546938	     -0.03002504	    -13.61364699	    -19.54542953	      1.29526250	      2.75011055	     -0.04590784	     -0.04420955
      0.62500000	     -2.90449404	     -7.47259847	     -0.71478125	      9.72381514	    115.30410378	    -11.78708103	      5.87853752	     -7.00006590	      0.91044117	     -0.60416192	     -7.56723962	      1.04463117	      0.34772418	     -4.33156346	     -0.54976636	     -8.32694119	     -0.02963109	     -4.53962784	     -0.03334895	    -15.46269091	    -22.12654131	      1.42070323	      3.09297306	     -0.04461157	     -0.04452804
      0.63000000	     15.85126878	    -10.40443023	     -0.66378135	     30.20581959	     83.39062586	     -9.02607756	     13.63114742	     -6.27751995	      0.28778473	      6.83844017	     -5.68675278	      0.66224775	      1.85600028	     -4.67673490	     -0.61841477	    -15.91378202	     -0.03288001	    -12.17814870	     -0.03648846	    -19.68506944	    -26.24548361	      2.40945192	      4.10544758	     -0.04309914	     -0.04454705
      0.63500000	     29.58023122	    -14.29375207	     -0.71373145	     44.53853317	     39.81827017	     -4.53273544	     19.14124248	     -6.49155084	     -0.00265758	     11.05328042	     -3.29688277	      0.19555847	      3.57909481	     -5.00980035	     -0.68164982	    -23.62623342	     -0.03598851	    -18.80405265	     -0.03933227	    -24.91463013	    -31.37601350	      3.39367552	      5.21230680	     -0.04144913	     -0.04430623
      0.64000000	     32.37878777	    -16.02958713	     -0.99306345	     46.33005246	     -2.77284822	     -2.60539508	     18.75237916	     -5.19780960	     -0.26008640	     10.57617599	     -0.70914694	     -0.31028541	      5.53554427	     -5.32468237	     -0.74055219	    -28.39986182	     -0.03869333	    -23.57899031	     -0.04176860	    -30.80013018	    -36.97179957	      4.42411902	      6.29894125	     -0.03975126	     -0.04384637
      0.64500000	     23.40100619	    -14.26635790	     -1.12349991	     33.99986271	    -44.27242948	     -3.43538664	     12.56262254	     -2.18300851	     -0.57189617	      4.42463405	      1.40206663	     -0.70664949	      7.74056912	     -5.61598913	     -0.79704586	    -30.50266100	     -0.04111635	    -25.74500405	     -0.04352930	    -37.57830448	    -42.73103184	      6.23792916	      7.48228168	     -0.03807069	     -0.04321946
      0.65000000	      9.26347620	    -12.47704818	     -1.72617481	     15.17417079	    -81.45344572	     -5.34614058	      3.04308468	      0.05016653	     -0.48901339	     -3.23288126	      2.98285866	     -1.01925954	     10.20533060	     -5.87928078	     -0.85377358	    -31.38156651	     -0.04326023	    -27.63928450	     -0.04474471	    -43.97050558	    -48.33605058	      7.46279726	      8.76621852	     -0.03646650	     -0.04245852
      0.65500000	     -3.39578292	    -11.52431217	     -2.51104555	     -2.48485350	   -116.84868365	     -5.89007300	     -6.20682632	      0.59300917	     -0.00212323	     -9.86182091	      3.49942147	     -1.09908689	     12.93632993	     -6.11131423	     -0.91387824	    -33.05410190	     -0.04507617	    -30.55413013	     -0.04555230	    -50.02805350	    -53.58943825	      8.60380820	      9.74947236	     -0.03498837	     -0.04158629
      0.66000000	    -12.96790548	     -9.89470649	     -2.92112855	    -16.72503316	   -147.52441508	     -7.55869288	    -13.28459272	      0.40405223	      0.54904701	    -15.83538395	      2.29011121	     -0.72636643	     15.93484178	     -6.31024901	     -0.98070376	    -36.11465450	     -0.04652192	    -34.07324730	     -0.04595937	    -55.27609672	    -58.52458048	      9.51321883	     10.54134015	     -0.03367185	     -0.04062960
      0.66500000	    -16.21332554	    -10.15233649	     -3.54179178	    -23.68647994	   -173.38134508	     -6.43318623	    -17.34253588	      1.17863124	      0.59326035	    -18.77727918	      3.34675510	     -0.97933228	     19.19625885	     -6.47580570	     -1.05744353	    -40.60263351	     -0.04756431	    -39.21480035	     -0.04598349	    -59.81171629	    -62.85151388	     10.65533266	     11.32764089	     -0.03253798	     -0.03961235
      0.67000000	    -14.41917788	    -12.31909214	     -4.58177096	    -24.05458754	   -192.58332888	     -3.21551085	    -19.58099043	      1.70011890	      0.56985212	    -18.62831325	      5.53235753	     -1.62976051	     22.70926301	     -6.60937832	     -1.14677522	    -45.74941343	     -0.04818168	    -45.77174595	     -0.04565198	    -63.61558332	    -66.71522796	     11.65623253	     12.30080479	     -0.03159400	     -0.03855693
      0.67500000	    -11.26850025	    -14.23844333	     -5.36113122	    -22.34573655	   -196.01750487	     -0.36735994	    -20.34449089	      2.00645666	      0.51500094	    -18.14743102	      7.05757139	     -2.12228952	     26.45482152	     -6.71409844	     -1.25052308	    -50.76000712	     -0.04842106	    -51.86707348	     -0.04502094	    -66.17898046	    -69.49229152	     12.23708862	     12.90967132	     -0.03084216	     -0.03748752
      0.68000000	    -12.51111419	    -15.07462846	     -5.68335335	    -25.54555132	   -187.84698475	      1.85192394	    -21.86522602	      2.25708633	      0.53887352	    -20.76126067	      7.80716568	     -2.36021705	     30.40511287	     -6.79483178	     -1.36938658	    -54.66965478	     -0.04806230	    -55.55160124	     -0.04406744	    -68.14889278	    -71.59493938	     12.72564676	     13.23272365	     -0.03026115	     -0.03643254
      0.68500000	    -11.73450175	    -16.66648319	     -5.86329914	    -25.84116179	   -167.31126383	      5.03433498	    -21.72789515	      2.05145141	      0.58920566	    -22.66807308	      8.59525142	     -2.64199604	     34.52257794	     -6.85807190	     -1.50276943	    -58.45752518	     -0.04709395	    -58.70116624	     -0.04267328	    -69.17878847	    -72.76408656	     12.98073674	     13.47932777	     -0.02982891	     -0.03540692
      0.69000000	     -6.23556967	    -17.54754526	     -5.73855155	    -19.94754093	   -136.85157709	      7.99767109	    -19.16949336	      1.83962852	      0.44779473	    -22.26754469	      8.45942830	     -2.62018139	     38.75934367	     -6.91169299	     -1.64872669	    -62.52312206	     -0.04554733	    -62.10557468	     -0.04090802	    -69.35497782	    -73.02286065	     13.08975007	     13.16379509	     -0.02952142	     -0.03443479
      0.69500000	      2.68190805	    -18.94733398	     -5.57970258	     -9.35106407	    -99.81486196	     11.05196515	    -14.77574007	      1.48383346	      0.21361868	    -20.24208734	      8.43468134	     -2.66710642	     43.05726348	     -6.96453223	     -1.80402669	    -66.79399482	     -0.04348157	    -65.41518045	     -0.03885915	    -68.62258696	    -72.89936881	     12.88167250	     13.02231667	     -0.02931542	     -0.03354020
      0.70000000	     14.27507825	    -21.12639015	     -5.35702731	      4.35891764	    -61.73061612	     14.75934007	     -9.00375482	      0.63038138	      0.04193347	    -17.01504108	      8.30870753	     -2.70360873	     47.34874526	     -7.02578926	     -1.96432003	    -71.22909820	     -0.04098105	    -69.12455742	     -0.03662623	    -67.40229399	    -72.22078550	     12.52946433	     12.72574585	     -0.02919151	     -0.03274599
      0.70500000	     24.93215951	    -21.97474035	     -4.82028897	     16.91966146	    -20.98611574	     17.14447749	     -3.38057306	      0.17195073	     -0.26491677	    -14.41693406	      7.53892996	     -2.49335255	     51.55841540	     -7.10425838	     -2.12441028	    -75.11009451	     -0.03815067	    -71.72793288	     -0.03431421	    -65.86341138	    -71.24456282	     12.28027250	     12.33710663	     -0.02913631	     -0.03207229
      0.71000000	     33.44617834	    -22.40310850	     -4.17180604	     26.50173516	     13.15018074	     18.54693056	      1.17203360	     -0.42939946	     -0.40503761	    -12.99927233	      6.42048254	     -2.13872955	     55.60555474	     -7.20744293	     -2.27860578	    -78.63953072	     -0.03509848	    -73.78559277	     -0.03202650	    -64.54925858	    -70.32265971	     11.98235599	     12.06660280	     -0.02914664	     -0.03153505
      0.71500000	     38.75434057	    -21.29487702	     -3.50154910	     32.15421951	     41.83707513	     17.00090646	      3.64193146	     -0.69097357	     -0.46484154	    -12.66755986	      4.38692085	     -1.39148758	     59.40715653	     -7.34063013	     -2.42111408	    -80.96195928	     -0.03204410	    -75.48848712	     -0.02985459	    -63.32272523	    -69.73699080	     11.45242713	     11.71441824	     -0.02921982	     -0.03114688
      0.72000000	     41.32308983	    -20.09076473	     -3.07397549	     33.91128754	     56.93886991	     14.64521935	      4.11468408	     -0.16031609	     -0.64941381	    -13.30572482	      3.03436746	     -0.88508783	     62.88139453	     -7.50602844	     -2.54643790	    -82.59853725	     -0.02911412	    -77.67307653	     -0.02794430	    -62.57381439	    -69.91692193	     11.43489707	     11.65028410	     -0.02935951	     -0.03090871
      0.72500000	     42.92860379	    -19.44603868	     -2.95735859	     34.48794213	     59.06478426	     12.20452054	      3.36502388	     -0.02202959	     -0.54788667	    -13.88634541	      1.91259346	     -0.45930998	     65.95126419	     -7.70209133	     -2.64973140	    -84.39620888	     -0.02640034	    -80.60721768	     -0.02635597	    -62.45616929	    -70.67667282	     11.32583228	     11.78714196	     -0.02957407	     -0.03081497
      0.73000000	     43.86226394	    -19.91207307	     -3.03257922	     34.18662642	     52.10929758	      9.59557678	      2.52577573	     -0.25785386	     -0.27916406	    -14.94529464	      1.32708829	     -0.25142083	     68.54817223	     -7.92315923	     -2.72707993	    -86.64849799	     -0.02398169	    -83.89621526	     -0.02511577	    -62.39422873	    -72.03776747	     11.00446988	     12.39397930	     -0.02987166	     -0.03085398
      0.73500000	     43.54399664	    -18.59505055	     -2.76043860	     32.31163494	     39.39180915	      6.15347218	      1.02278524	     -0.11043927	     -0.10528284	    -16.39847232	      0.06104411	      0.27804927	     70.61526286	     -8.15952925	     -2.77568673	    -89.27914587	     -0.02192151	    -86.70258455	     -0.02423388	    -63.11904864	    -73.33072192	     10.98738287	     12.56539611	     -0.03025708	     -0.03100683
      0.74000000	     41.75309717	    -18.32269439	     -2.54018510	     28.68924086	     19.68057927	      3.72246804	     -0.58773941	     -0.50000975	      0.30752907	    -18.85157903	     -0.77394227	      0.64907703	     72.11027552	     -8.39801080	     -2.79397605	    -92.34549926	     -0.02026578	    -89.31879421	     -0.02370543	    -64.15847111	    -75.06974336	     11.00961055	     12.86231930	     -0.03072912	     -0.03124869
      0.74500000	     38.14736865	    -17.92300388	     -2.33278423	     22.84737058	     -0.88422614	      0.53810624	     -2.71097109	     -0.90236822	      0.77050163	    -21.92089086	     -1.59577300	      1.02334753	     73.00775406	     -8.62295345	     -2.78163519	    -95.04767902	     -0.01904231	    -91.54337089	     -0.02351208	    -65.23925439	    -76.85705843	     11.02701682	     13.33716899	     -0.03127868	     -0.03155065
      0.75000000	     34.10056639	    -18.72161771	     -2.63814195	     16.56440717	    -19.06567232	     -0.66673757	     -5.43488841	     -1.96297411	      1.57855687	    -23.95364455	     -1.75213707	      1.10579712	     73.30046258	     -8.81765654	     -2.73961596	    -97.36078741	     -0.01826099	    -93.69886664	     -0.02362412	    -66.24926146	    -78.40964757	     11.02604098	     13.78701311	     -0.03188803	     -0.03188200
      0.75500000	     28.36525428	    -19.16553924	     -2.91913420	      8.52151703	    -37.11137869	     -2.09471282	     -8.65813157	     -2.68545517	      2.26696609	    -26.48065099	     -1.69101804	      1.10368604	     72.99989130	     -8.96600045	     -2.67010570	    -99.05308520	     -0.01791487	    -95.31930300	     -0.02400303	    -67.56127318	    -79.91973365	     11.16174746	     14.17623777	     -0.03253129	     -0.03221255
      0.76000000	     22.02441782	    -20.95897840	     -3.54977265	      0.23037485	    -51.94634999	     -2.18353245	    -11.85833613	     -4.03211283	      3.21980881	    -28.76792105	     -0.99240503	      0.81374717	     72.13577674	     -9.05408940	     -2.57646404	   -100.28680483	     -0.01798204	    -96.49212425	     -0.02460422	    -68.59226541	    -81.42539256	     10.94661881	     14.63126951	     -0.03317595	     -0.03251482
      0.76500000	     15.51838838	    -22.85476239	     -3.93126900	     -8.26092040	    -63.83062846	     -1.20713759	    -14.08204692	     -5.22520330	      3.96958976	    -31.49815759	      0.08541517	      0.35564604	     70.75463185	     -9.07167750	     -2.46311355	   -101.62627248	     -0.01842803	    -96.70076636	     -0.02537987	    -69.60680876	    -82.57392203	     11.02878068	     15.01454815	     -0.03378523	     -0.03276596
      0.77000000	      9.50072148	    -24.86977046	     -4.26133482	    -15.62693345	    -73.31659176	      0.18135172	    -15.49998377	     -6.26327256	      4.53404575	    -34.00463517	      1.49293782	     -0.25767662	     68.91735870	     -9.01317147	     -2.33537131	   -102.85112631	     -0.01920866	    -96.33641732	     -0.02628158	    -70.50418106	    -83.62477058	     11.11240951	     15.41402433	     -0.03432099	     -0.03294898
      0.77500000	      4.69517837	    -27.15293790	     -4.77174261	    -21.12686703	    -82.06079418	      2.54886081	    -16.58817089	     -7.28223624	      5.01716805	    -35.28275381	      3.25553027	     -1.04159211	     66.69608398	     -8.87806182	     -2.19921353	   -103.78279470	     -0.02027299	    -96.13653584	     -0.02726289	    -71.50668613	    -84.34018147	     11.32449703	     15.71741771	     -0.03474686	     -0.03305355
      0.78000000	      0.54225445	    -28.24683824	     -5.26088902	    -25.25099673	    -82.95223879	      4.17205784	    -17.47729758	     -7.67824099	      5.16308751	    -35.53349217	      4.78962798	     -1.71021483	     64.17042370	     -8.67072123	     -2.06097811	   -103.76941527	     -0.02156629	    -95.23537508	     -0.02828145	    -72.10883201	    -84.59105218	     11.51045331	     15.69240016	     -0.03503115	     -0.03307617
      0.78500000	     -3.66958327	    -30.44023084	     -6.04110893	    -28.73475573	    -81.85338003	      5.59449306	    -18.37911078	     -8.33292058	      5.41573916	    -35.48076057	      6.85222335	     -2.66013568	     61.42343516	     -8.39961307	     -1.92702303	   -102.74985194	     -0.02303281	    -94.29385713	     -0.02930076	    -72.37639762	    -84.81471213	     11.23396629	     16.09402081	     -0.03514950	     -0.03301981
      0.79000000	     -5.80317338	    -30.78129675	     -6.35166068	    -29.53610273	    -76.54893281	      6.90975780	    -18.02891404	     -8.22089049	      5.15434750	    -34.53556921	      8.26974084	     -3.28978420	     58.53752615	     -8.07605647	     -1.80336413	   -101.85305044	     -0.02461820	    -92.66510233	     -0.03029143	    -72.61375345	    -84.30207235	     11.44380823	     15.86081012	     -0.03508685	     -0.03289307
      0.79500000	     -6.33148600	    -31.53512398	     -6.95241129	    -27.53170963	    -70.55289402	      8.68734503	    -17.60729880	     -8.28933100	      4.95501885	    -32.10833047	      9.87859712	     -4.03290686	     55.59058353	     -7.71276375	     -1.69532202	   -100.40048114	     -0.02627153	    -91.27729266	     -0.03123201	    -72.84381225	    -83.63515164	     11.58979384	     15.80442611	     -0.03483868	     -0.03270895
      0.80000000	     -5.47033289	    -31.62652758	     -7.42397203	    -23.75043669	    -61.77586886	      9.20112931	    -16.48565494	     -7.78184122	      4.43519361	    -29.03032267	     11.34940405	     -4.73042831	     52.65257484	     -7.32238650	     -1.60721802	    -98.51201800	     -0.02794692	    -89.76835885	     -0.03210930	    -72.53076612	    -82.57970576	     11.59969391	     15.72308978	     -0.03441145	     -0.03248343
      0.80500000	     -3.70663980	    -30.49099528	     -7.57772090	    -18.27978121	    -54.00974663	      8.87156824	    -14.95508636	     -7.28562191	      3.87972864	    -25.80306785	     11.75038605	     -4.95704362	     49.78283851	     -6.91628205	     -1.54215168	    -96.51450192	     -0.02960456	    -87.85963497	     -0.03291809	    -72.35394591	    -81.43306771	     11.77428896	     15.44355120	     -0.03382219	     -0.03223390
      0.81000000	     -0.56372532	    -29.95897430	     -7.55094606	    -11.14890004	    -43.57886219	      7.86327969	    -12.11114826	     -7.14427216	      3.38112936	    -22.58421014	     11.92874297	     -5.13339575	     47.02820140	     -6.50364658	     -1.50186785	    -94.37717154	     -0.03121137	    -85.81025357	     -0.03366053	    -71.42134928	    -79.92885286	     11.53051259	     15.38439803	     -0.03309743	     -0.03197774
      0.81500000	      1.99023860	    -27.68380194	     -7.14641829	     -4.59960386	    -33.17330534	      5.27708600	     -9.62967228	     -6.62222700	      2.76256238	    -19.88252928	     10.98188424	     -4.84552555	     44.42198398	     -6.09107151	     -1.48670349	    -91.59040397	     -0.03274115	    -83.14392863	     -0.03434499	    -70.57553608	    -78.20119933	     11.56235744	     15.13593300	     -0.03227153	     -0.03173109
      0.82000000	      5.48912068	    -25.81158415	     -6.84571525	      3.05237088	    -19.65986629	      2.98051192	     -6.96244991	     -6.86753009	      2.48578730	    -16.50414033	      9.46488036	     -4.33883453	     41.98388328	     -5.68250017	     -1.49559906	    -88.44866815	     -0.03417437	    -80.42711972	     -0.03498457	    -69.03051679	    -76.11168966	     11.11653991	     14.57888241	     -0.03138464	     -0.03150793
      0.82500000	      8.25586073	    -22.57962362	     -6.41541587	      9.80653332	     -9.81766529	     -0.33711746	     -5.27779721	     -5.94925083	      1.82759556	    -13.34456284	      7.97660497	     -3.88411293	     39.72065161	     -5.27950680	     -1.52615718	    -84.51354200	     -0.03549757	    -77.56822833	     -0.03559533	    -67.93430603	    -73.96196258	     11.32448182	     14.20672897	     -0.03048035	     -0.03131956
      0.83000000	     11.15183355	    -19.97698027	     -5.97055437	     16.74256203	     -0.42635997	     -3.45818228	     -3.27640579	     -5.15584113	      1.23732390	    -10.59089488	      6.67239218	     -3.52018735	     37.62744585	     -4.88178516	     -1.57473839	    -80.39658585	     -0.03670252	    -74.44536138	     -0.03618511	    -66.38196290	    -71.88313250	     11.24503202	     13.88499373	     -0.02960328	     -0.03117506
      0.83500000	     13.92664441	    -17.24724347	     -5.45757927	     23.14280860	     10.21624870	     -6.13633559	     -1.44252427	     -4.51828134	      0.76266218	     -7.91480430	      5.18547811	     -3.09828717	     35.68971006	     -4.48773094	     -1.63660549	    -76.12619109	     -0.03776816	    -70.88475633	     -0.03669646	    -64.58656924	    -69.38267670	     11.06413982	     13.36593804	     -0.02879793	     -0.03108236
      0.84000000	     16.90219358	    -14.89368021	     -4.84735281	     29.40056906	     17.90423011	     -8.61695049	      0.78654988	     -3.90762452	      0.29605706	     -5.75052757	      3.74023924	     -2.70631438	     33.88543241	     -4.09502812	     -1.70613939	    -71.97195715	     -0.03860593	    -67.31384493	     -0.03712626	    -62.47906788	    -66.98547118	     10.89487979	     12.89538161	     -0.02810624	     -0.03104201
      0.84500000	     18.53684799	    -13.37528780	     -4.35019972	     33.70758239	     24.15926808	    -10.23752003	      2.35595929	     -3.22150635	     -0.10471800	     -4.34716961	      3.12431246	     -2.62679808	     32.18757937	     -3.70117681	     -1.77713202	    -67.37986043	     -0.03921441	    -63.39064974	     -0.03746895	    -60.33495475	    -64.50563525	     10.72787129	     12.71191825	     -0.02755982	     -0.03105422
      0.85000000	     18.86611402	    -12.62303656	     -4.04404199	     36.35831832	     30.48823771	    -10.86616363	      3.10313459	     -3.36494228	     -0.10031761	     -3.40924316	      2.39155559	     -2.47251121	     30.56649965	     -3.30391755	     -1.84313136	    -62.44680253	     -0.03958998	    -59.08997882	     -0.03771576	    -57.84579848	    -62.11675475	     10.05571132	     12.24209400	     -0.02718571	     -0.03111728
      0.85500000	     19.72676074	    -11.20277477	     -3.67489087	     38.88203517	     32.22949469	    -11.57309591	      3.64847451	     -2.69110783	     -0.35696842	     -2.11809628	      1.90711701	     -2.39263631	     28.99211454	     -2.90153116	     -1.89779599	    -57.57127722	     -0.03973265	    -55.26449685	     -0.03785486	    -55.63539245	    -59.49419622	      9.92701382	     11.83351120	     -0.02700299	     -0.03122822
      0.86000000	     18.19475481	    -10.63114493	     -3.46283705	     38.48967070	     34.86278657	    -11.52136213	      3.21354940	     -2.47759072	     -0.34842986	     -2.04372341	      1.81916347	     -2.40507530	     27.43576195	     -2.49302312	     -1.93521822	    -52.21282048	     -0.03964534	    -50.64928327	     -0.03787196	    -53.13139607	    -57.07476424	      9.44370717	     11.55119298	     -0.02702247	     -0.03138341
      0.86500000	     17.01686150	    -10.23662513	     -3.11172662	     37.94995401	     37.90817990	    -10.51022197	      3.41581997	     -2.49791281	     -0.30939382	     -2.25013346	      1.66025492	     -2.34443596	     25.87163967	     -2.07821763	     -1.95019009	    -47.38655120	     -0.03933344	    -45.79216233	     -0.03775138	    -50.32480781	    -54.50552896	      8.98162308	     11.02701309	     -0.02724678	     -0.03157924
      0.87000000	     15.74045816	    -10.31243582	     -2.91736434	     36.86393352	     43.94023605	     -9.13530424	      3.33415769	     -2.96000336	     -0.09705681	     -2.05302344	      1.48911735	     -2.24509523	     24.27787361	     -1.65778913	     -1.93841144	    -42.35908000	     -0.03880445	    -41.18323795	     -0.03749388	    -47.19208688	    -51.50580360	      8.17528173	     10.39587832	     -0.02767096	     -0.03181389
      0.87500000	     12.97109105	     -9.29585921	     -2.58188803	     33.81676409	     47.38641848	     -8.34784259	      2.47246371	     -2.81439750	     -0.02099156	     -2.67361855	      1.12885806	     -2.04883470	     22.63727650	     -1.23326694	     -1.89666284	    -37.13518826	     -0.03813644	    -36.22261118	     -0.03726542	    -44.40858089	    -48.70251459	      7.80709655	      9.88110391	     -0.02828647	     -0.03209197
      0.88000000	     10.39018528	     -8.56589447	     -2.29892369	     30.53400480	     50.85736157	     -6.75755277	      1.69388935	     -2.68644060	      0.05488067	     -3.12731557	      1.17690523	     -1.93696912	     20.93786017	     -0.80705018	     -1.82296838	    -32.26631821	     -0.03745459	    -31.35507258	     -0.03701634	    -41.62593167	    -45.68513842	      7.44408498	      9.39983437	     -0.02907672	     -0.03240505
      0.88500000	      7.48291327	     -7.79354452	     -2.13420025	     26.72522322	     56.38147800	     -5.12993313	      0.49891381	     -2.94300395	      0.26752302	     -3.31106475	      0.72993492	     -1.64795826	     19.17314410	     -0.38244881	     -1.71675090	    -27.21134649	     -0.03670707	    -26.79430452	     -0.03671352	    -38.61622803	    -42.63413749	      6.95628059	      8.67592933	     -0.03001519	     -0.03275243
      0.89000000	      4.51162593	     -7.78784467	     -2.06206642	     22.28001775	     62.97019020	     -3.51936631	     -0.55896019	     -3.70390047	      0.61214753	     -3.49792710	      0.49493222	     -1.41772122	     17.34227304	      0.03626294	     -1.57895657	    -22.58117895	     -0.03588084	    -22.50656117	     -0.03632055	    -35.26305929	    -39.33616420	      5.97851857	      8.16354541	     -0.03107518	     -0.03313380
      0.89500000	      1.53741441	     -6.87623398	     -1.83667380	     17.58798842	     66.58016224	     -1.82422984	     -1.60032070	     -3.80998939	      0.75324474	     -3.87274872	      0.23405493	     -1.14756291	     15.44993591	      0.44380605	     -1.41211600	    -18.33339426	     -0.03496048	    -18.30615376	     -0.03580023	    -32.32396671	    -36.19198757	      5.47567996	      7.47404176	     -0.03222716	     -0.03354858
      0.90000000	     -1.45014312	     -5.43761539	     -1.55075305	     12.91077291	     72.97775247	     -0.39173990	     -2.70294339	     -3.83509758	      0.88271374	     -4.04223307	     -0.37140287	     -0.77826183	     13.50607802	      0.83389482	     -1.22031597	    -14.13633520	     -0.03392947	    -14.35173431	     -0.03511708	    -29.48619507	    -32.82210491	      4.89380876	      6.49818245	     -0.03343968	     -0.03399514
      0.90500000	     -4.11786078	     -4.48550426	     -1.33326716	      8.33495408	     76.83093373	      0.80668891	     -3.56411091	     -3.97500474	      1.01566148	     -4.19367898	     -0.73759324	     -0.49707599	     11.52540872	      1.19929970	     -1.00906906	    -10.49898531	     -0.03277168	    -10.83676921	     -0.03406652	    -26.60757426	    -29.69523413	      4.27791874	      5.91500011	     -0.03468027	     -0.03447981
      0.91000000	     -5.96527569	     -4.57466015	     -1.18216531	      4.13801923	     78.30956057	      2.76199641	     -3.71687832	     -4.36527431	      1.14019907	     -4.26819336	     -0.54667392	     -0.35434332	      9.52671997	      1.53199805	     -0.78508531	     -7.74179371	     -0.03131307	     -7.83059251	     -0.03252965	    -23.55435218	    -26.68787287	      3.63925337	      5.44770354	     -0.03592468	     -0.03499544
      0.91500000	     -7.17478594	     -3.06511954	     -0.90471102	      0.73112695	     76.55945842	      3.95102351	     -4.06661701	     -3.52161565	      0.98244960	     -3.83008203	     -0.44604771	     -0.18399774	      7.53204785	      1.82342872	     -0.55596342	     -5.06198202	     -0.02949773	     -5.38138593	     -0.03068625	    -21.31708150	    -23.71164434	      3.59140612	      4.75952574	     -0.03713838	     -0.03552103
      0.92000000	     -8.02237254	     -3.08679753	     -0.80524826	     -2.24098111	     75.15142351	      5.43238111	     -4.00646716	     -3.41091364	      0.98685385	     -3.31670857	      0.10359512	     -0.13140935	      5.56571414	      2.06485664	     -0.32982204	     -2.96999640	     -0.02748366	     -3.34239621	     -0.02859000	    -18.76525314	    -20.96563546	      3.06102798	      4.35693773	     -0.03828074	     -0.03604197
      0.92500000	     -8.09397605	     -2.07290701	     -0.52595858	     -4.59997527	     72.31036831	      6.06879673	     -3.47902056	     -2.75041504	      0.83072675	     -2.70728333	      0.20051877	      0.00172588	      3.65328176	      2.24784025	     -0.11489130	     -1.41741495	     -0.02531652	     -1.70092902	     -0.02630124	    -16.42252228	    -18.24999036	      2.86436378	      3.76260304	     -0.03931964	     -0.03653954
      0.93000000	     -8.07397489	     -2.36221077	     -0.46825445	     -6.32341740	     71.44933103	      7.31967354	     -2.97613499	     -2.67806178	      0.83534372	     -1.83474931	      0.83397339	      0.03444656	      1.82045630	      2.36477711	      0.08091055	     -0.09480765	     -0.02304425	     -0.38576376	     -0.02388366	    -14.11574753	    -15.68990130	      2.21740783	      3.23720328	     -0.04022381	     -0.03699108
      0.93500000	     -8.25549644	     -1.30238881	     -0.22539661	     -8.31859279	     69.45990496	      7.50705289	     -2.46659641	     -1.93019892	      0.67770201	     -1.38647196	      0.92960756	      0.15597575	      0.09196552	      2.40949104	      0.25038596	      1.01957727	     -0.02071533	      0.88262054	     -0.02140119	    -12.16322958	    -13.27943698	      2.07364337	      2.60201907	     -0.04096307	     -0.03737042
      0.94000000	     -8.06157636	     -1.52194336	     -0.16869057	     -9.83915357	     66.94888727	      7.71437278	     -1.73707257	     -1.52915420	      0.60460085	     -0.80489157	      1.61474113	      0.14862390	     -1.50955156	      2.37781759	      0.38742894	      1.69192076	     -0.01837708	      1.70856010	     -0.01901616	    -10.03178286	    -11.09447321	      1.56869167	      2.20326885	     -0.04150869	     -0.03765478
      0.94500000	     -7.93480946	     -1.51233524	     -0.11287003	    -11.28178768	     63.30267284	      7.88846607	     -1.15661954	     -0.80869080	      0.46173340	     -0.32049370	      2.44636708	      0.10911553	     -2.96459792	      2.26813877	      0.48734334	      2.29741957	     -0.01607429	      2.33472479	     -0.01677204	     -8.39486765	     -8.97501685	      1.44209479	      1.83175461	     -0.04183378	     -0.03781001
      0.95000000	     -7.57768462	     -0.73338200	     -0.02995621	    -12.09764502	     59.29105850	      7.28887654	     -0.61991632	      0.17132725	      0.28049152	      0.21565597	      2.88930021	      0.12268246	     -4.25774819	      2.08181451	      0.54710044	      2.70490295	     -0.01397419	      2.85285123	     -0.01462230	     -7.03417537	     -7.11754088	      1.47495650	      1.49319584	     -0.04192093	     -0.03779914
      0.95500000	     -6.88637693	     -0.16690524	      0.01433130	    -12.06249793	     58.66254740	      6.32387418	      0.07371707	      0.69796925	      0.20651451	      0.96622052	      2.82966408	      0.21186538	     -5.37838921	      1.82346029	      0.56553363	      2.95831246	     -0.01198196	      3.00155281	     -0.01258982	     -5.59911719	     -5.25432390	      1.13602369	      0.81452001	     -0.04173856	     -0.03759111
      0.96000000	     -6.33137603	     -0.66775782	      0.00401286	    -12.41797948	     52.25594392	      5.62146306	      1.01250107	      0.95812743	      0.13065243	      1.00072615	      3.42265647	      0.16484723	     -6.32121846	      1.50101736	      0.54347194	      2.63331541	     -0.01011387	      3.23656192	     -0.01069338	     -4.28559466	     -3.83702982	      0.86397867	      0.65182274	     -0.04126731	     -0.03715643
      0.96500000	     -6.49230665	      0.03963352	     -0.04008622	    -12.80999057	     47.07991874	      4.03957385	      1.11695690	      1.73179485	      0.02737915	      1.00323506	      3.46166341	      0.20793656	     -7.08646499	      1.12556031	      0.48380451	      2.84310182	     -0.00838361	      3.48997581	     -0.00894820	     -3.41106935	     -2.71724871	      0.90199426	      0.37317540	     -0.04049067	     -0.03646810
      0.97000000	     -6.47889501	     -0.40433561	     -0.21983156	    -12.77155700	     41.28530640	      2.89988631	      1.30838860	      1.84600437	      0.01216292	      1.00667116	      3.74117580	      0.18970774	     -7.67981919	      0.71081152	      0.39145054	      2.79829530	     -0.00680254	      3.52041090	     -0.00736616	     -2.54260138	     -1.74220284	      0.63917817	      0.19240037	     -0.03939502	     -0.03550265
      0.97500000	     -7.08345175	     -0.27206610	     -0.36002140	    -13.06139837	     35.74315566	      1.08524548	      1.10993684	      2.39327726	     -0.04164354	      0.65235339	      3.79054521	      0.17977284	     -8.11206692	      0.27238725	      0.27320025	      3.04128616	     -0.00537970	      3.63267399	     -0.00595596	     -1.85008261	     -1.03734357	      0.68247551	      0.05985745	     -0.03796982	     -0.03424097
      0.98000000	     -7.47127999	     -1.22565536	     -0.68208090	    -13.35066141	     32.00888425	     -1.32662434	      0.53713033	      2.78298338	     -0.06088468	      0.97533642	      4.74647010	     -0.09626932	     -8.39842722	     -0.17314853	      0.13739967	      3.39274273	     -0.00412171	      3.09849612	     -0.00472299	     -1.18534299	      0.19256829	      0.55694813	      1.10348334	     -0.03620806	     -0.03266923
      0.98500000	     -9.74099498	     -0.10209164	     -0.75334656	    -14.26732879	     30.46160174	     -3.42427233	     -0.37472752	      3.24842659	     -0.08559384	     -0.34790194	      3.82622727	      0.04658151	     -8.55761875	     -0.60931690	     -0.00652373	      3.97393879	     -0.00303252	      3.81727666	     -0.00366911	     -0.66629990	      0.31213860	      0.50546077	      0.40092825	     -0.03410712	     -0.03077973
      0.99000000	    -11.46414505	     -0.37704243	     -1.02138242	    -14.30818846	     29.95086695	     -4.33062515	     -0.91391414	      3.39939327	     -0.17819620	     -1.44288483	      3.71692328	      0.07295169	     -8.61071927	     -1.02072564	     -0.14866197	      4.38661053	     -0.00211301	      4.33703492	     -0.00277820	     -0.18434964	      0.34231108	      0.64216390	      0.09930408	     -0.03167012	     -0.02857381
      0.99500000	    -12.40085623	     -0.26236848	     -0.96269546	    -13.49285077	     25.92846082	     -5.47208265	     -1.05985680	      3.55904803	     -0.11391056	     -2.47016203	      3.53325557	      0.09191425	     -8.57991419	     -1.39393468	     -0.27929014	      4.33562671	     -0.00136067	      4.81168216	     -0.00207501	      0.00043180	      0.34040032	      0.41434833	     -0.13846757	     -0.02890773	     -0.02605631
      1.00000000	    -13.73141691	      0.05803636	     -1.01705316	    -12.98566116	     21.64946550	     -7.27717341	     -1.66840056	      4.19100920	     -0.16041828	     -3.46787009	      3.57791674	      0.05894165	     -8.48725885	     -1.71812423	     -0.38950911	      4.64895840	     -0.00076935	      5.18414481	     -0.00155013	      0.07817424	      0.22483700	      0.27882011	     -0.04961810	     -0.02584025	     -0.02324378
      1.00500000	    -14.74319769	     -0.40976038	     -1.09850230	    -12.08350581	     17.88763990	     -7.89888366	     -2.12027736	      4.41607125	     -0.16163641	     -4.25383060	      4.00246550	     -0.01843364	     -8.35359131	     -1.98554758	     -0.47178394	      4.81318099	     -0.00032907	      5.45092897	     -0.00118318	      0.06886159	      0.09726781	      0.22876704	      0.16950170	     -0.02249978	     -0.02016401
      1.01000000	    -15.20266551	      0.68702582	     -1.12532087	    -10.49955279	     16.85729350	     -9.06365198	     -2.65370894	      4.99467220	     -0.20579625	     -4.41371385	      3.50386919	      0.07630687	     -8.19769736	     -2.19176533	     -0.52032542	      5.10412622	     -0.00002514	      5.43119169	     -0.00095107	     -0.07880213	      0.12257378	      0.36053743	      0.03009851	     -0.01893231	     -0.01685660
      1.01500000	    -15.67874564	      0.29123778	     -1.03980566	     -9.01348480	     15.93635623	     -8.95684000	     -2.75681495	      4.97549856	     -0.15400527	     -4.89597693	      3.72961417	      0.01667754	     -8.03576532	     -2.33566058	     -0.53130781	      5.05553238	      0.00015720	      5.58512617	     -0.00082902	     -0.12009699	      0.02239144	      0.38201041	      0.17395331	     -0.01519888	     -0.01337396
      1.02000000	    -16.66073188	      0.49680396	     -0.79224660	     -8.11974553	     16.23400626	     -8.96843758	     -2.99255324	      4.81728000	     -0.11879068	     -5.69023246	      3.38433621	     -0.03812021	     -7.88111750	     -2.41924551	     -0.50294163	      5.05558722	      0.00023567	      5.94979013	     -0.00079168	     -0.22389563	     -0.11707023	      0.43966578	      0.16509135	     -0.01137608	     -0.00978182
      1.02500000	    -16.70445837	      0.79982848	     -0.80303912	     -6.47866690	     16.64372015	     -9.00477612	     -3.34318170	      4.80131864	     -0.11498498	     -5.44342061	      3.10946838	      0.00941390	     -7.74417381	     -2.44728228	     -0.43542778	      5.14797667	      0.00023467	      5.72283108	     -0.00081413	     -0.35781754	     -0.12205539	      0.52809823	      0.17796712	     -0.00755607	     -0.00615893
      1.03000000	    -17.31519100	      1.20596784	     -0.76933776	     -5.60073552	     18.08852213	     -9.44372785	     -3.87341712	      4.69401900	     -0.13621039	     -5.47607932	      2.64338788	      0.02033722	     -7.63258497	     -2.42675360	     -0.33082311	      5.31861974	      0.00017864	      5.66092541	     -0.00087278	     -0.37767389	     -0.19406492	      0.44526902	      0.19477139	     -0.00384403	     -0.00259569
      1.03500000	    -18.09442345	      0.77911406	     -0.56047941	     -5.12820290	     20.47795481	     -8.53660581	     -4.06235837	      3.83423058	     -0.06813254	     -5.87330161	      2.31399622	     -0.05284938	     -7.55146807	     -2.36623112	     -0.19284231	      5.15266530	      0.00009085	      5.88644919	     -0.00094630	     -0.34827095	     -0.28990331	      0.29171800	      0.10229559	     -0.00035473	      0.00080843
      1.04000000	    -17.54818629	      1.22914771	     -0.42048427	     -3.82834292	     19.36446347	     -8.70262973	     -4.15288460	      4.00806658	     -0.05288822	     -5.32022439	      2.11342800	     -0.03640818	     -7.50368640	     -2.27519847	     -0.02660443	      5.13694032	     -0.00000761	      5.51257253	     -0.00101626	     -0.52738192	     -0.30899604	      0.51294779	      0.19623224	      0.00279245	      0.00394863
      1.04500000	    -17.76239564	      1.26362302	     -0.24371197	     -3.56043031	     19.46691181	     -8.86095001	     -4.34530915	      3.60277782	     -0.02110492	     -5.26188897	      1.71285243	     -0.07960261	     -7.49013887	     -2.16339232	      0.16167763	      5.05772429	     -0.00009884	      5.44626746	     -0.00106784	     -0.49665511	     -0.40283286	      0.42109177	      0.23976322	      0.00547957	      0.00671946
      1.05000000	    -17.65642747	      1.05597506	     -0.24575847	     -3.36665198	     18.68331297	     -8.72266023	     -4.68890631	      3.05517082	     -0.00564815	     -4.74280691	      1.44490688	     -0.09230144	     -7.51004209	     -2.04021782	      0.36505952	      5.03063708	     -0.00016896	      5.13760525	     -0.00109029	     -0.51570776	     -0.42031477	      0.35418717	      0.27629159	      0.00759704	      0.00902043
      1.05500000	    -17.08073767	      1.21841425	     -0.05530143	     -3.18247782	     15.50245747	     -9.20024757	     -4.65574611	      2.76074894	      0.04566263	     -4.28762875	      0.99434337	     -0.10591034	     -7.56118806	     -1.91427117	      0.57625899	      4.85007392	     -0.00020868	      4.83669933	     -0.00107731	     -0.58085566	     -0.48301182	      0.44821143	      0.38416153	      0.00905091	      0.01076188
      1.06000000	    -16.56294861	      1.45804374	      0.09950044	     -3.25404118	     15.24273758	     -9.57590667	     -4.63285404	      2.28479646	      0.10388603	     -3.71373449	      0.36221551	     -0.09380061	     -7.64016063	     -1.79298477	      0.78805019	      4.64027095	     -0.00021367	      4.56465403	     -0.00102729	     -0.46476099	     -0.43040522	      0.32820088	      0.20731857	      0.00976971	      0.01187085
      1.06500000	    -16.30704980	      1.91819857	      0.06911112	     -4.11659344	     11.42380150	    -10.34179064	     -5.15068546	      2.07626599	      0.06678246	     -3.02545533	     -0.17338072	     -0.08396307	     -7.74249586	     -1.68240632	      0.99362333	      4.78094380	     -0.00018469	      4.18004598	     -0.00094338	     -0.61456909	     -0.41103205	      0.45546509	      0.20252788	      0.00971016	      0.01229623
      1.07000000	    -15.52212873	      1.67158725	      0.18264004	     -4.66696611	      9.65583463	    -10.67660289	     -4.93988596	      1.24190545	      0.16858396	     -2.40353168	     -0.78869803	     -0.07853694	     -7.86276185	     -1.58710795	      1.18687259	      4.41154721	     -0.00012755	      3.88185743	     -0.00083342	     -0.42741691	     -0.34926551	      0.27847491	      0.07116363	      0.00886102	      0.01201259
      1.07500000	    -15.02058209	      1.94120738	      0.14166537	     -5.92027931	      5.59367928	    -11.82285317	     -5.21668701	      0.73363515	      0.17817071	     -1.70984247	     -1.56600537	     -0.04737118	     -7.99455551	     -1.51020221	      1.36258831	      4.38223132	     -0.00005278	      3.49624336	     -0.00070973	     -0.41244656	     -0.31830089	      0.25703672	      0.04927844	      0.00724438	      0.01102223
      1.08000000	    -13.43535932	      2.00367450	      0.17862828	     -6.36309902	      1.32779181	    -12.62508808	     -4.87214828	      0.36805503	      0.26249405	     -0.61390230	     -2.07507338	      0.00852491	     -8.13047320	     -1.45344982	      1.51655915	      4.05957718	      0.00002852	      2.90681322	     -0.00058878	     -0.38475057	     -0.19968784	      0.35703744	      0.02386660	      0.00491399	      0.00935496
      1.08500000	    -13.64720568	      1.64996620	      0.08511395	     -8.80500638	     -2.32628693	    -13.50740332	     -5.31633734	     -0.32515618	      0.24961271	     -0.37397990	     -2.48188196	     -0.06365110	     -8.26213657	     -1.41745644	      1.64560965	      4.12290940	      0.00009853	      2.79650662	     -0.00049073	     -0.32317461	     -0.23776576	      0.25155268	      0.11062192	      0.00195199	      0.00706589
      1.09000000	    -12.83703497	      1.38037998	      0.00488815	    -10.35115345	     -5.00697119	    -14.29749336	     -5.26197179	     -1.14112268	      0.30811585	      0.35753756	     -3.14762723	     -0.03767477	     -8.38033861	     -1.40194422	      1.74760172	      3.91952310	      0.00013650	      2.43496775	     -0.00043894	     -0.20824075	     -0.16341447	      0.16388599	      0.07640070	     -0.00153755	      0.00423129
      1.09500000	    -12.05009586	      1.96292353	      0.01121194	    -11.99035897	     -6.51975943	    -15.36718766	     -5.21798332	     -1.58584955	      0.33029604	      1.03878508	     -4.14822269	      0.02314143	     -8.47535719	     -1.40606591	      1.82142187	      3.82356680	      0.00011984	      2.16060324	     -0.00045934	     -0.24212483	     -0.03795573	      0.27798718	     -0.13496456	     -0.00543564	      0.00094336
      1.10000000	    -10.80426884	      1.53567586	     -0.17106278	    -13.15950836	     -6.53133946	    -16.26254533	     -4.94510172	     -2.52622281	      0.40642704	      2.05185584	     -4.91291662	      0.10515023	     -8.53742605	     -1.42871942	      1.86696225	      3.55264588	      0.00002455	      1.66045469	     -0.00057408	     -0.00295813	      0.07102979	      0.06987913	     -0.15186717	     -0.00961581	     -0.00269605
      1.10500000	     -9.98249490	      1.14165487	     -0.29611827	    -14.70440857	     -5.31959653	    -16.75589934	     -4.77598074	     -3.13748227	      0.42988925	      2.78130173	     -5.29929512	      0.10203965	     -8.55727005	     -1.46881331	      1.88508759	      3.44265309	     -0.00017401	      1.37075618	     -0.00079460	      0.06991313	      0.14867499	      0.05196734	     -0.13209162	     -0.01395082	     -0.00658097
      1.11000000	     -8.55381593	      0.92140967	     -0.32076699	    -15.51188748	     -2.84598698	    -17.48982196	     -4.13980179	     -3.84520971	      0.50841056	      3.61694790	     -6.05764798	      0.16095589	     -8.52659462	     -1.52543056	      1.87757696	      3.11047390	     -0.00050045	      1.01370053	     -0.00115516	      0.17147692	      0.20311922	      0.05135851	     -0.09546584	     -0.01831831	     -0.01060291
      1.11500000	     -7.20393833	      0.46901124	     -0.45310659	    -16.09555909	      3.14042893	    -17.77132651	     -3.58659844	     -4.51710698	      0.55209031	      4.60795671	     -6.53506930	      0.20650015	     -8.43845992	     -1.59785350	      1.84703322	      2.88685947	     -0.00097860	      0.63447819	     -0.00168169	      0.29315673	      0.30115805	     -0.00168851	     -0.07869077	     -0.02260494	     -0.01465740
      1.12000000	     -5.96532554	      0.24700332	     -0.48450944	    -16.42678558	     12.52432821	    -17.69535275	     -2.88348512	     -5.33788040	      0.60615792	      5.43907707	     -7.30418657	      0.26847793	     -8.28749919	     -1.68544478	      1.79675603	      2.60899613	     -0.00163091	      0.42827270	     -0.00239904	      0.34827134	      0.41950230	     -0.00177653	     -0.21269616	     -0.02670934	     -0.01864545
      1.12500000	     -6.94355930	      2.33829162	     -1.21111755	    -18.85129468	     20.08562590	    -18.83460945	     -4.79894278	     -4.51774636	      0.13135034	      6.49101155	     -8.08008039	      0.36601049	     -8.06996607	     -1.78741550	      1.73058212	      4.07013017	     -0.00247780	      0.08977024	     -0.00333029	     -0.64158763	      0.50165617	      0.85347371	     -0.22954902	     -0.03054414	     -0.02247532
      1.13000000	    -11.33924118	      6.33212027	     -1.85165529	    -26.66203175	     14.15743618	    -21.12793771	    -10.87687369	     -3.18429975	      0.46439238	      7.68277522	     -8.59234676	      0.44949759	     -7.78362515	     -1.90254086	      1.65270385	      6.36954905	     -0.00353705	     -0.24634235	     -0.00449596	     -2.39242303	      0.62466759	      0.85858217	     -0.27516034	     -0.03403780	     -0.02606432
      1.13500000	    -11.22823272	      8.27167555	     -0.64588639	    -30.00184099	     -6.88872536	    -22.03312660	     -7.45952897	     -1.98178253	      0.18537533	      2.93882191	     -8.61571466	      0.71095744	     -7.42750650	     -2.02889969	      1.56747602	      3.51147847	     -0.00482315	      2.01096831	     -0.00591323	     -3.93325117	     -0.94985488	      1.39550829	     -0.09219483	     -0.03713613	     -0.02934107
      1.14000000	    -12.23923342	      6.50605812	      1.92713722	    -32.95003201	    -15.65357270	    -23.63488069	      0.77433987	     -2.75365262	     -0.10445896	     -6.85518286	     -9.37844434	      0.71507965	     -7.00153643	     -2.16371141	      1.47921873	     -1.24424419	     -0.00634676	      6.41650666	     -0.00759503	     -3.43429801	     -4.02007655	      1.50773670	      0.81010588	     -0.03980328	     -0.03224849
      1.14500000	     -1.34087062	      3.57994367	      1.91816793	    -23.14831455	    -31.40800602	    -21.22026194	      5.68622852	     -2.36557707	     -0.42498588	     -2.30089730	     -7.43988607	      0.37931734	     -6.50606338	     -2.30332019	      1.39202515	     -4.74217972	     -0.00811397	      2.91918171	     -0.00954921	     -4.45319861	     -5.34692594	      1.97001426	      1.28865421	     -0.04202168	     -0.03474684
      1.15000000	     12.88992789	      2.29490666	      1.29212016	     -9.24301838	    -42.83779669	    -17.11276807	      9.25762691	     -2.50499430	     -0.60661196	      6.81647307	     -6.26808964	      0.13231268	     -5.94131799	     -2.44334340	      1.30958073	     -8.35690357	     -0.01012564	     -2.55774485	     -0.01177747	     -6.47074969	     -5.44887407	      2.53923559	      1.33566871	     -0.04379053	     -0.03681607
      1.15500000	     19.19647213	      0.44307344	      0.59757692	     -2.76229625	    -54.00103508	    -15.93831659	     10.07576391	     -3.11740196	     -0.60257134	     11.26482374	     -5.91884451	      0.03904976	     -5.30686824	     -2.57897289	      1.23499818	    -10.19125351	     -0.01239613	     -6.25776831	     -0.01427419	     -8.00278589	     -7.45024474	      2.80575129	      1.86370792	     -0.04512451	     -0.03845636
      1.16000000	     18.73225126	     -1.62016904	     -0.61558372	     -1.69820544	    -51.25923784	    -15.25212790	      6.68803468	     -3.77397464	     -0.36406472	     14.23265523	     -5.31683098	     -0.09662191	     -4.60113561	     -2.70538820	      1.17067505	     -9.20050812	     -0.01494613	     -9.27161099	     -0.01711101	     -9.59351318	     -9.67692904	      2.85746465	      2.38855924	     -0.04605118	     -0.03969294
      1.16500000	     15.01133722	     -2.14098580	     -1.46608801	     -3.10396362	    -31.81840556	    -14.13813065	      2.74894600	     -3.30179031	     -0.30174332	     15.37994590	     -4.21705081	     -0.34574598	     -3.82102217	     -2.81821341	      1.11818450	     -7.62204492	     -0.01768510	    -10.88311742	     -0.02018964	    -11.25954717	    -11.11714539	      3.29914692	      2.71577780	     -0.04659860	     -0.04055747
      1.17000000	      8.19426048	     -2.12048896	     -1.67221154	     -6.16045121	      4.17132299	    -13.94410685	     -0.12933052	     -2.43513721	     -0.36927756	     13.28335741	     -3.17908456	     -0.58116671	     -2.96168427	     -2.91393726	      1.07820822	     -6.09233364	     -0.02056903	    -10.44099230	     -0.02341974	    -12.25228999	    -12.66976626	      3.54353230	      3.22922225	     -0.04680317	     -0.04109195
      1.17500000	      4.91468789	     -3.02439143	     -1.50226238	     -4.40621690	     50.78672725	    -12.62216339	     -0.13102982	     -3.01008739	     -0.25259671	     12.21596906	     -2.89188391	     -0.69938835	     -2.01647953	     -2.99022620	      1.05051402	     -6.27650393	     -0.02354307	    -10.40863442	     -0.02672950	    -12.56882204	    -13.66165631	      3.26646758	      3.52652970	     -0.04670459	     -0.04134607
      1.18000000	      8.76097689	     -2.46218774	     -1.08840111	      4.38385035	     84.61723800	    -10.10645674	      2.96820780	     -3.22861701	     -0.41266566	     13.98318734	     -2.98185692	     -0.75295852	     -0.97709151	     -3.04608077	      1.03397405	     -9.44568330	     -0.02654220	    -11.85639548	     -0.03003343	    -13.96288025	    -14.42083986	      3.80837805	      3.88210418	     -0.04634469	     -0.04137120
      1.18500000	     16.56541993	     -3.61360766	     -1.15907145	     16.28537895	     95.40184243	     -6.19092009	      6.23128172	     -3.84939765	     -0.46271420	     18.31089637	     -2.23196330	     -0.99468164	      0.16618549	     -3.08181426	      1.02661348	    -14.07171948	     -0.02949256	    -15.92486532	     -0.03323445	    -16.16856677	    -16.05249006	      4.32709088	      4.12165459	     -0.04576615	     -0.04121738
      1.19000000	     24.68272454	     -9.51280515	     -1.66094236	     27.86441484	     81.45489814	      0.73467762	      9.21489228	     -5.53113503	     -0.21820704	     22.33098957	      1.33765544	     -1.89306078	      1.42402507	     -3.09887427	      1.02567864	    -19.89168601	     -0.03231348	    -21.29105822	     -0.03622713	    -19.16339182	    -19.55741617	      4.71926392	      5.36032463	     -0.04501087	     -0.04093105
      1.19500000	     32.53858827	    -15.82140184	     -1.98347822	     38.14674802	     50.25331273	      8.06933922	     12.30314223	     -7.70207022	      0.16180974	     25.11827127	      4.72148409	     -2.82289488	      2.80755112	     -3.09957214	      1.02771988	    -27.00448706	     -0.03492020	    -27.30603474	     -0.03883130	    -23.08279010	    -23.92552422	      5.49336680	      6.65069318	     -0.04411812	     -0.04055793
      1.20000000	     34.58205749	    -19.28802194	     -1.48440759	     41.20735608	     14.43402771	     12.78542758	     14.23963609	    -10.38285502	      0.79915715	     23.04912423	      5.64945488	     -3.16779364	      4.32778558	     -3.08679982	      1.02869570	    -34.69408856	     -0.03707678	    -31.31955426	     -0.04091055	    -27.44919715	    -28.71316887	      6.26795132	      7.65357588	     -0.04313395	     -0.04014149
      1.20500000	     26.73941898	    -20.11066318	     -0.52594636	     32.36989483	    -24.28136503	     14.76145384	     12.17560445	    -11.36586419	      1.30063859	     15.24246384	      6.70099682	     -3.51748604	      5.99510664	     -3.06379807	      1.02410883	    -40.76243358	     -0.03894596	    -32.92955940	     -0.04267109	    -32.71050813	    -33.79059321	      7.42339806	      8.78923965	     -0.04207882	     -0.03969307
      1.21000000	     15.45976151	    -18.33213865	      0.25179390	     18.95256683	    -63.31151587	     12.56314001	      7.62250011	    -10.75713180	      1.59289518	      6.36426318	      7.07747260	     -3.65850007	      7.81872394	     -3.03401542	      1.00918105	    -45.82594537	     -0.04053798	    -34.69007617	     -0.04408676	    -37.79664381	    -39.00442134	      8.49883216	      9.94504270	     -0.04097286	     -0.03922836
      1.21500000	      4.93715024	    -16.42999953	      0.15899607	      6.28792734	    -97.67113935	      9.62153115	      0.94844796	    -10.28449574	      2.12184863	      0.39650119	      7.09308314	     -3.68517511	      9.80615400	     -3.00107117	      0.97906715	    -49.83674481	     -0.04183535	    -38.45898893	     -0.04513901	    -42.69877534	    -43.59699315	      9.33357195	     10.79283462	     -0.03983232	     -0.03875523
      1.22000000	     -2.30782651	    -15.67478759	     -0.27304297	     -2.42720561	   -129.24892113	      7.75720032	     -4.66369186	    -10.24594979	      2.74595429	     -3.53123995	      7.35291563	     -3.75103478	     11.96265186	     -2.96880480	      0.92910524	    -54.54631914	     -0.04282919	    -43.39348321	     -0.04581743	    -47.21040682	    -48.15649366	     10.21212467	     11.68644767	     -0.03866889	     -0.03827549
      1.22500000	     -6.26854785	    -15.48352986	     -0.82231383	     -7.43005344	   -152.54586762	      6.86044029	     -8.76461851	     -9.99975364	      3.23155582	     -5.63807401	      8.02679925	     -3.93096365	     14.29052066	     -2.94137145	      0.85509441	    -59.69196886	     -0.04351974	    -49.12074099	     -0.04612050	    -51.19948754	    -51.83762114	     11.02612269	     12.17697330	     -0.03749148	     -0.03778733
      1.23000000	     -8.12791954	    -15.04580335	     -1.55263924	     -9.74532216	   -167.59881121	      5.15976910	    -11.95985020	     -8.26171225	      3.18924974	     -6.52267336	      9.65464653	     -4.43410883	     16.78823181	     -2.92333063	      0.75358416	    -64.50215622	     -0.04391651	    -55.10537380	     -0.04609029	    -54.57330602	    -55.09266192	     11.86829605	     12.74749956	     -0.03630823	     -0.03729434
      1.23500000	     -6.28499584	    -15.50621491	     -2.08218418	     -7.36179206	   -168.93513970	      4.60924946	    -12.45058715	     -7.62108730	      3.29794292	     -6.13073305	     10.62279127	     -4.72749054	     19.44935263	     -2.91966721	      0.62215518	    -70.05203424	     -0.04407134	    -60.88610170	     -0.04555942	    -56.89864428	    -57.35321215	     12.15010427	     12.77329455	     -0.03513110	     -0.03679089
      1.24000000	     -2.83476218	    -16.32191427	     -2.18998637	     -3.34833834	   -161.24415983	      5.46262084	    -10.78908993	     -6.61627220	      3.05647625	     -6.13482503	     12.14988872	     -5.22648486	     22.26135387	     -2.93568953	      0.45966818	    -76.02869700	     -0.04388877	    -65.45823455	     -0.04449963	    -58.74523398	    -58.85029066	     12.75956771	     12.73134883	     -0.03397064	     -0.03627455
      1.24500000	      2.21936613	    -17.94132367	     -1.82397034	      2.45123927	   -143.56336039	      7.04475541	     -6.89194452	     -6.71308581	      2.98473870	     -6.52666861	     12.94063240	     -5.46815181	     25.20443960	     -2.97677284	      0.26645486	    -82.39439235	     -0.04333216	    -69.00990231	     -0.04295701	    -59.74861848	    -59.54509962	     12.94140241	     12.36310715	     -0.03283844	     -0.03575048
      1.25000000	      8.99337303	    -20.21120803	     -1.51321302	     10.30065073	   -119.37738364	      9.25370079	     -2.14442608	     -7.41018074	      3.02098211	     -5.97843437	     13.46400466	     -5.64819606	     28.25060529	     -3.04795540	      0.04442906	    -88.39199542	     -0.04244474	    -72.24902039	     -0.04100018	    -60.31429420	    -59.71885384	     13.12996281	     12.08163979	     -0.03175187	     -0.03522850
      1.25500000	     15.60634497	    -22.21323949	     -1.28575900	     17.86837982	    -87.74531187	     11.38555544	      2.28478580	     -8.06538411	      3.05690806	     -5.06184793	     13.74339652	     -5.74962224	     31.36315166	     -3.15344395	     -0.20289290	    -93.27894339	     -0.04128299	    -74.71831137	     -0.03871644	    -60.45691532	    -59.32606880	     13.27451248	     11.60103305	     -0.03073087	     -0.03472280
      1.26000000	     21.45002602	    -23.94023924	     -1.15849483	     23.61071640	    -52.65035949	     13.02567345	      5.97038709	     -8.86807778	      3.21600111	     -4.03291173	     13.56325300	     -5.68868686	     34.49683816	     -3.29612192	     -0.47046561	    -97.18332236	     -0.03991285	    -76.74645227	     -0.03620675	    -60.03964679	    -58.43034132	     13.34316680	     10.90360848	     -0.02979695	     -0.03425108
      1.26500000	     26.06237525	    -25.30291354	     -1.40462515	     27.53688592	    -19.14132931	     13.92126691	      7.88304290	     -9.58133674	      3.51612289	     -2.52393128	     13.49116370	     -5.70423280	     37.59876374	     -3.47715289	     -0.75188107	   -100.05511978	     -0.03840535	    -78.39772402	     -0.03357558	    -59.82169327	    -57.39371485	     13.26786376	     10.55913080	     -0.02897174	     -0.03383371
      1.27000000	     30.51030118	    -25.03489044	     -1.80027584	     29.95829483	     11.06642675	     13.84321749	      8.58994217	     -9.61557338	      3.66759741	     -0.17973591	     12.96057630	     -5.57936251	     40.60994914	     -3.69574328	     -1.03962375	   -102.39761029	     -0.03683213	    -80.18741026	     -0.03096289	    -59.77833351	    -55.78444208	     13.47449173	      9.89369926	     -0.02827527	     -0.03349284
      1.27500000	     33.16532388	    -24.29016519	     -2.36236427	     29.72978953	     34.23257967	     12.38798186	      7.81493086	     -9.92949890	      4.08406627	      1.69550800	     11.98253369	     -5.25208248	     43.46749259	     -3.94909353	     -1.32540879	   -104.42367824	     -0.03526125	    -81.74722132	     -0.02852353	    -59.82973960	    -54.55442401	     13.35909300	      9.45464446	     -0.02772417	     -0.03324178
      1.28000000	     34.76042847	    -22.32565163	     -3.13818943	     27.09509470	     43.32925237	      9.92475107	      5.35205236	     -9.39107677	      4.32696002	      3.67872601	     10.97878759	     -4.92369613	     46.10710413	     -4.23252830	     -1.60059839	   -106.31919060	     -0.03375631	    -84.08985725	     -0.02633074	    -60.52380268	    -53.78186526	     13.77997002	      8.97676705	     -0.02733118	     -0.03309457
      1.28500000	     34.89333742	    -21.13837910	     -4.18086565	     22.44321881	     40.11407791	      7.44175220	      1.58773332	     -8.96308269	      4.74277159	      5.29998149	     10.51947043	     -4.82565436	     48.46580267	     -4.53976342	     -1.85668196	   -107.98961642	     -0.03241210	    -87.14378747	     -0.02444611	    -61.75073361	    -53.73873061	     14.31753988	      8.99623293	     -0.02709945	     -0.03305914
      1.29000000	     34.72742890	    -20.73405831	     -5.31187797	     17.17275936	     31.73110730	      5.33997420	     -2.30687532	     -9.25292801	      5.47176052	      6.91907224	      9.98771744	     -4.70047632	     50.48458650	     -4.86325753	     -2.08579003	   -109.96650801	     -0.03125749	    -90.54391823	     -0.02291750	    -62.74083245	    -53.93241646	     14.53975340	      9.05364662	     -0.02702627	     -0.03313575
      1.29500000	     33.52858894	    -19.26524405	     -6.11806891	     11.05700501	     18.41136178	      2.35415254	     -6.24381166	     -9.38554252	      6.11423455	      7.64744568	      8.75265329	     -4.21620700	     52.11094643	     -5.19460783	     -2.28120412	   -111.90417519	     -0.03030684	    -93.75088160	     -0.02177764	    -64.25252293	    -54.39196297	     15.03615505	      9.14754666	     -0.02710163	     -0.03331608
      1.30000000	     30.28937753	    -18.55459720	     -6.39688781	      2.48488855	      3.94417579	     -0.45147134	     -9.38277719	    -10.41662956	      7.05050712	      6.11554968	      7.02440348	     -3.40625398	     53.30114370	     -5.52496398	     -2.43782240	   -114.15436934	     -0.02956543	    -96.08880981	     -0.02104341	    -65.13121465	    -55.27178359	     15.18508022	      9.19255840	     -0.02730847	     -0.03358307
      1.30500000	     25.31001922	    -17.64424232	     -6.24590646	     -7.25127283	    -14.18909996	     -3.94424694	    -12.22728723	    -11.15261096	      7.78961883	      2.89157182	      5.32364247	     -2.52323995	     54.02219245	     -5.84544404	     -2.55253903	   -116.05706481	     -0.02903080	    -97.91653692	     -0.02071597	    -66.51214824	    -56.57196746	     15.40971182	      9.59388000	     -0.02762383	     -0.03391173
      1.31000000	     20.38075320	    -16.89890879	     -5.40625177	    -16.39714509	    -32.53156186	     -7.32542881	    -13.03818917	    -11.77165641	      8.20829691	     -1.84744412	      3.46511133	     -1.49813082	     54.25346936	     -6.14754547	     -2.62450005	   -118.37155778	     -0.02869444	    -99.16447694	     -0.02078171	    -67.49817666	    -58.11764334	     15.57608127	      9.77673742	     -0.02802066	     -0.03427075
      1.31500000	     14.91269564	    -16.63914253	     -4.43305719	    -25.11059957	    -51.02358910	    -10.24660991	    -13.38636047	    -12.33253643	      8.50197931	     -7.06521672	      1.97439069	     -0.61764874	     53.98784540	     -6.42354852	     -2.65520782	   -120.24278755	     -0.02854351	   -100.07892069	     -0.02121390	    -68.57182299	    -59.94818623	     15.78669345	     10.28139102	     -0.02846974	     -0.03462490
      1.32000000	     11.70617683	    -15.79659668	     -3.27038899	    -29.71094021	    -61.51587279	    -12.85486852	    -11.98997796	    -12.83088398	      8.52604784	    -11.11773934	     -0.10477332	      0.51426098	     53.23222445	     -6.66690029	     -2.64845441	   -121.90650710	     -0.02856247	   -100.68166332	     -0.02197504	    -69.07246270	    -61.41113529	     15.75932386	     10.17812422	     -0.02894175	     -0.03493792
      1.32500000	      9.20130732	    -16.37678997	     -2.34963053	    -32.17257927	    -73.30590434	    -14.02002950	    -10.14778963	    -12.93316456	      8.27085756	    -14.50785724	     -0.67378049	      0.89518721	     52.00739586	     -6.87254714	     -2.61008024	   -123.08144724	     -0.02873452	   -101.34908978	     -0.02301962	    -69.67681183	    -63.25884062	     15.81560319	     10.68615646	     -0.02940913	     -0.03517574
      1.33000000	      8.20481563	    -18.18623916	     -1.65172161	    -32.04755291	    -77.10867065	    -13.23084077	     -7.44334914	    -13.77991309	      8.22264350	    -16.45265857	     -1.02109874	      1.12449226	     50.34716868	     -7.03716269	     -2.54757373	   -123.78128983	     -0.02904268	   -101.83696766	     -0.02429717	    -69.39285461	    -64.59331484	     15.42165739	     10.84559027	     -0.02984754	     -0.03530948
      1.33500000	      7.05465871	    -19.59179562	     -1.15885837	    -30.90061747	    -78.73470932	    -11.62493767	     -5.16179887	    -13.67270259	      7.74773034	    -17.72962656	     -0.53018236	      0.93428663	     48.29684040	     -7.15921174	     -2.46953405	   -123.41750353	     -0.02947059	   -101.70866018	     -0.02575527	    -69.40767672	    -65.87217272	     15.34639723	     11.01853107	     -0.03023702	     -0.03531805
      1.34000000	      6.87695888	    -21.40985502	     -1.06508392	    -27.36066779	    -74.69768135	     -8.43167506	     -3.04851950	    -13.64494999	      7.29989139	    -17.36187272	      0.48229740	      0.45185159	     45.91112446	     -7.23880910	     -2.38502822	   -122.22025651	     -0.03000284	   -101.14357909	     -0.02734227	    -69.23226372	    -66.75313583	     15.03166421	     10.93872338	     -0.03056256	     -0.03518997
      1.34500000	      7.20639547	    -23.95417042	     -1.33187783	    -22.91403524	    -69.31627243	     -3.96093541	     -1.11723657	    -13.42602166	      6.76904625	    -15.99838803	      2.40424445	     -0.48597641	     43.25169131	     -7.27737348	     -2.30289455	   -120.44925817	     -0.03062509	   -100.33026931	     -0.02900968	    -68.69838859	    -67.52402198	     14.88336779	     11.05008852	     -0.03081436	     -0.03492431
      1.35000000	      8.32604597	    -26.39136397	     -1.83878728	    -17.06620806	    -60.94546100	      1.18342753	      0.59573452	    -13.34322954	      6.30465948	    -13.40248858	      4.32032343	     -1.44303092	     40.38448433	     -7.27713020	     -2.23105656	   -118.05449478	     -0.03132384	    -99.29548689	     -0.03071382	    -68.07031825	    -67.66174754	     14.60705525	     10.86147606	     -0.03098772	     -0.03453061
      1.35500000	      8.42465105	    -28.92899423	     -2.39229479	    -12.00418192	    -50.97543891	      6.66081671	      2.00612366	    -13.08037788	      5.78749988	    -11.31995587	      6.74329825	     -2.58097976	     37.37697130	     -7.24055954	     -2.17590737	   -115.17508148	     -0.03208616	    -96.99693058	     -0.03241689	    -67.17593325	    -67.81513187	     14.27772341	     10.81976491	     -0.03108272	     -0.03402786
      1.36000000	      8.46775136	    -31.27930508	     -3.11077972	     -7.06226846	    -39.24328785	     11.80337788	      2.89873166	    -13.16756619	      5.47158142	     -8.68836650	      8.82665417	     -3.56566948	     34.29548361	     -7.16989947	     -2.14182474	   -111.65882814	     -0.03289917	    -94.45915715	     -0.03408738	    -66.05548660	    -67.36087000	     13.77271378	     10.71364251	     -0.03110380	     -0.03344278
      1.36500000	      9.04274653	    -33.27258203	     -3.75199567	     -1.22849814	    -29.69193634	     16.19981009	      4.11940768	    -13.08663986	      5.03689875	     -6.10854970	     10.71192760	     -4.43628217	     31.20278489	     -7.06678722	     -2.13087267	   -107.92342035	     -0.03374972	    -91.68975068	     -0.03569978	    -64.94509643	    -66.87224651	     13.46267528	     10.76265452	     -0.03105922	     -0.03280749
      1.37000000	     10.08624489	    -33.49806660	     -4.35438085	      5.34915418	    -18.29490216	     18.75455875	      5.17867647	    -12.72195322	      4.50277515	     -3.08995854	     11.47616884	     -4.81174034	     28.15599803	     -6.93208062	     -2.14272039	   -103.67881417	     -0.03462393	    -88.58841751	     -0.03723386	    -63.64194866	    -65.93631665	     13.13611074	     10.43688899	     -0.03096059	     -0.03215688
      1.37500000	     11.10580671	    -33.85630254	     -4.91013417	     11.62782649	     -8.14852549	     20.16009322	      6.36630688	    -12.60221624	      4.06240402	     -0.43730301	     11.89269228	     -5.02953953	     25.20498905	     -6.76585533	     -2.17477576	    -99.12021934	     -0.03550696	    -85.43492671	     -0.03867364	    -61.85683321	    -64.89119692	     12.63414866	     10.24898833	     -0.03082231	     -0.03152596
      1.38000000	     11.19840201	    -32.36014956	     -5.20916547	     16.54436332	     -0.16878375	     19.18385542	      7.17121494	    -11.70566836	      3.36373894	      1.29144964	     11.54906326	     -4.90517068	     22.39125754	     -6.56754551	     -2.22250449	    -94.11084872	     -0.03633661	    -81.71096774	     -0.03998908	    -60.16689544	    -63.67756939	     12.39756182	     10.10446651	     -0.03066308	     -0.03094883
      1.38500000	     10.59441575	    -30.93101135	     -5.50158263	     20.36913175	      8.33118549	     16.97708822	      7.61482218	    -11.09071462	      2.83530278	      2.53507044	     10.84613842	     -4.64433294	     19.74733028	     -6.33619331	     -2.27989117	    -88.54649747	     -0.03706754	    -77.80111619	     -0.04109446	    -57.98473631	    -62.20982942	     11.76497999	     10.02524468	     -0.03050033	     -0.03045561
      1.39000000	      9.47500062	    -27.54639166	     -5.60232306	     23.79284709	     17.47112247	     13.49251791	      7.54034827	    -10.09895991	      2.23831789	      3.44732432	      9.06342604	     -3.96348246	     17.29660854	     -6.07078478	     -2.33999166	    -82.59141803	     -0.03767198	    -73.19871516	     -0.04197068	    -56.05619811	    -60.43909547	     11.35266123	      9.62397659	     -0.03035345	     -0.03006640
      1.39500000	      9.20939185	    -24.86118327	     -5.71384309	     27.70031241	     21.03777067	      9.78373227	      7.84290273	     -8.73319672	      1.49761510	      4.29659092	      7.94338456	     -3.57812300	     15.05359591	     -5.77065015	     -2.39552508	    -76.75592978	     -0.03812291	    -69.06379560	     -0.04259975	    -53.91825322	    -58.89220525	     11.08989564	      9.59366094	     -0.03024231	     -0.02979610
      1.40000000	      7.96047666	    -21.95276463	     -5.66393321	     29.89648643	     27.18938818	      6.13359203	      7.72490997	     -7.70093462	      0.96074091	      4.51917547	      6.36273442	     -3.03490815	     13.02443643	     -5.43589174	     -2.43945303	    -70.59390527	     -0.03839648	    -64.46528437	     -0.04296785	    -51.50572815	    -56.70200548	     10.55493854	      9.11698988	     -0.03018648	     -0.02965198
      1.40500000	      5.81693923	    -18.49245479	     -5.49731549	     31.08255225	     32.03046297	      1.98153050	      7.30302079	     -6.13094153	      0.30493255	      3.83818969	      4.89691176	     -2.51965756	     11.20771016	     -5.06778566	     -2.46549611	    -64.29197407	     -0.03847302	    -59.17834073	     -0.04306570	    -49.06135724	    -54.81854253	     10.16004268	      8.77887458	     -0.03020443	     -0.02963376
      1.41000000	      4.08455963	    -15.23212371	     -5.35767979	     32.08220045	     35.86759108	     -1.57885856	      6.64130716	     -4.59552636	     -0.26573025	      3.52687568	      3.62318779	     -2.11760544	      9.59544948	     -4.66908673	     -2.46854185	    -58.01503665	     -0.03833788	    -54.18839222	     -0.04288886	    -46.61369471	    -52.50580843	      9.73921368	      8.28476100	     -0.03031280	     -0.02973432
      1.41500000	      1.81074706	    -12.96953112	     -5.33135581	     31.85404970	     40.99369932	     -4.29267767	      5.50073688	     -3.44199930	     -0.61676618	      3.11182658	      2.84971308	     -1.90183496	      8.17434170	     -4.24416433	     -2.44490450	    -51.58531579	     -0.03798212	    -49.16980151	     -0.04243796	    -43.79740579	    -49.98818116	      9.10619637	      7.89875519	     -0.03052571	     -0.02994088
      1.42000000	      0.27137677	    -10.35475807	     -5.17454247	     32.35917226	     47.77786914	     -6.02834402	      4.58817705	     -2.32015596	     -0.93939067	      3.01608725	      1.87000256	     -1.62494799	      6.92706542	     -3.79892837	     -2.39241775	    -45.35193648	     -0.03740286	    -44.07705690	     -0.04174081	    -41.21811788	    -47.17610202	      8.81523569	      7.27862065	     -0.03085415	     -0.03023820
      1.42500000	     -1.00891518	     -8.55352363	     -4.97705790	     32.64156548	     54.11633446	     -7.95925196	      4.07950856	     -1.54420677	     -1.14549359	      2.62483671	      1.07770974	     -1.40829429	      5.83367368	     -3.34055727	     -2.31037228	    -39.52185929	     -0.03675340	    -39.12483558	     -0.04095023	    -38.16465408	    -44.53884901	      8.11010292	      6.86990092	     -0.03131127	     -0.03061214
      1.43000000	     -2.29788940	     -6.99623464	     -4.68455232	     32.03230331	     62.57778917	     -8.75625230	      3.50798703	     -1.41165978	     -1.12293805	      2.29598114	     -0.01116432	     -1.10497809	      4.87290826	     -2.87708933	     -2.19933701	    -33.97574205	     -0.03601346	    -34.30324380	     -0.04003226	    -35.10637282	    -41.32498009	      7.41351013	      6.12853037	     -0.03189546	     -0.03103638
      1.43500000	     -3.71504046	     -5.44811094	     -4.28504636	     30.33631711	     69.11277819	     -9.72239148	      3.20584743	     -0.85732016	     -1.23231310	      1.39459567	     -0.67254246	     -0.91568267	      4.02333101	     -2.41696573	     -2.06091595	    -28.97168030	     -0.03516940	    -29.40794312	     -0.03897803	    -31.87793606	    -38.32573118	      6.87359464	      5.67141770	     -0.03260534	     -0.03149169
      1.44000000	     -3.90744551	     -3.10490163	     -3.80210238	     29.56691261	     75.01575293	    -10.54067105	      3.13652321	     -0.11714930	     -1.38457080	      1.25866718	     -1.76628994	     -0.61360504	      3.26419434	     -1.96860780	     -1.89749631	    -24.33153644	     -0.03421175	    -25.10519570	     -0.03777874	    -29.11403061	    -35.06959184	      6.64364204	      4.92318349	     -0.03343533	     -0.03196098
      1.44500000	     -4.73489874	     -2.52466789	     -3.44829047	     27.28637575	     78.76073137	    -10.35955283	      2.84750874	     -0.07562102	     -1.30743341	      0.68956740	     -2.06164518	     -0.52148433	      2.57602732	     -1.54008151	     -1.71203182	    -20.08798304	     -0.03313190	    -20.97415815	     -0.03642671	    -26.15955754	    -32.15284037	      6.12078037	      4.56337836	     -0.03437540	     -0.03243005
      1.45000000	     -5.36222335	     -0.97396744	     -3.00266728	     24.54572403	     83.86691675	    -10.71727005	      2.54310187	      0.17208896	     -1.26422014	      0.33079924	     -2.91564764	     -0.26472698	      1.94097581	     -1.13886687	     -1.50787834	    -16.13612198	     -0.03192265	    -17.16055380	     -0.03491642	    -23.32620969	    -28.95274390	      5.55721325	      3.82173372	     -0.03541114	     -0.03288792
      1.45500000	     -5.41378429	     -0.60473629	     -2.66683656	     21.83016322	     85.74678551	    -10.15463908	      2.43572142	      0.16097776	     -1.16799127	      0.21333377	     -3.03806482	     -0.19857586	      1.34298367	     -0.77171837	     -1.28867564	    -12.76786328	     -0.03057880	    -13.84464697	     -0.03321555	    -20.60169286	    -26.11278158	      5.06291197	      3.42870861	     -0.03652395	     -0.03332863
      1.46000000	     -4.85947581	     -0.71443048	     -2.42580765	     18.93103266	     85.14754580	     -9.30460265	      2.28953589	      0.08514350	     -1.04809623	      0.64074913	     -2.79534398	     -0.22479911	      0.76790271	     -0.44458351	     -1.05825967	     -9.83557567	     -0.02895297	    -11.28385748	     -0.03109765	    -18.05770413	    -23.21671294	      4.53044055	      3.10586290	     -0.03769934	     -0.03375828
      1.46500000	     -4.42893667	     -0.75853650	     -2.11248084	     15.60953764	     84.99407879	     -8.35766896	      2.38981063	     -0.01519572	     -0.93720797	      0.75437832	     -2.60625292	     -0.19182411	      0.20357915	     -0.16254619	     -0.82058373	     -7.40346532	     -0.02703664	     -8.71084540	     -0.02878246	    -15.53804991	    -20.53821715	      3.91291753	      2.64462743	     -0.03890856	     -0.03415871
      1.47000000	     -3.49968070	     -1.17489125	     -1.75050921	     12.34293867	     85.26999606	     -7.25157175	      2.94478981	     -0.27782374	     -0.82842389	      0.98184449	     -2.29634461	     -0.18612400	     -0.36006903	      0.07022737	     -0.57962795	     -5.52759772	     -0.02496543	     -6.54224494	     -0.02632613	    -13.03598017	    -17.81177976	      3.31056151	      2.29679076	     -0.04011652	     -0.03452760
      1.47500000	     -2.68480571	     -1.51526953	     -1.49475175	      8.83281261	     83.40402727	     -6.06289585	      3.10566543	     -0.25843773	     -0.76020015	      1.44371816	     -1.82068288	     -0.19598773	     -0.93099018	      0.25055637	     -0.33929561	     -3.68080446	     -0.02278809	     -4.85701222	     -0.02378552	    -10.92585518	    -15.34183274	      2.94505287	      1.90354875	     -0.04129208	     -0.03486305
      1.48000000	     -1.96881438	     -1.52663257	     -1.22803213	      5.18648323	     81.55802461	     -5.32554325	      3.24419317	     -0.11619240	     -0.71870090	      1.89262779	     -1.50355873	     -0.16948734	     -1.51498013	      0.37633535	     -0.10331323	     -2.10637532	     -0.02055310	     -3.40351689	     -0.02121639	     -8.98330297	    -13.00238141	      2.62129465	      1.57796603	     -0.04240252	     -0.03516268
      1.48500000	     -1.01709451	     -1.90146162	     -0.97113418	      1.81424269	     78.39372756	     -4.18608812	      3.53635436	      0.01339753	     -0.69032822	      2.43735446	     -0.84932205	     -0.21200099	     -2.11573638	      0.44663842	      0.12485058	     -0.92125790	     -0.01830734	     -2.27261330	     -0.01867177	     -7.31655139	    -10.79221802	      2.44427502	      1.42026532	     -0.04341413	     -0.03542280
      1.49000000	      0.33618948	     -2.53563174	     -0.73448994	     -0.87682661	     75.80232875	     -3.39605921	      4.15706307	     -0.10321466	     -0.62557374	      3.15122549	     -0.32356654	     -0.21915232	     -2.73499320	      0.46181987	      0.34204577	     -0.22664359	     -0.01609487	     -1.51987979	     -0.01620041	     -5.49222980	     -8.73584506	      1.83562086	      1.13329680	     -0.04429263	     -0.03563771
      1.49500000	      0.81964634	     -2.66256026	     -0.48672824	     -4.01113669	     70.03778025	     -2.62402253	      4.36401711	      0.04248851	     -0.60254031	      3.34594888	      0.04581385	     -0.17975176	     -3.37273634	      0.42359488	      0.54549080	      0.48228847	     -0.01395602	     -0.67337020	     -0.01386983	     -4.24222588	     -7.16375964	      1.73353829	      0.96240250	     -0.04500350	     -0.03580087
      1.50000000	      1.70432093	     -3.14631966	     -0.31181409	     -6.42377148	     64.75551093	     -1.77273160	      4.72858242	     -0.29439788	     -0.52289772	      3.88942312	      0.26321672	     -0.12844156	     -4.02750163	      0.33508373	      0.73282816	      0.71601675	     -0.01196083	     -0.25122586	     -0.01176917	     -2.88090779	     -5.57989824	      1.24297940	      0.65997518	     -0.04551466	     -0.03590387
      1.50500000	      2.30534751	     -3.60967515	     -0.13998114	     -8.42535496	     57.17922746	     -0.92728202	      4.95907638	     -0.39692317	     -0.47279325	      4.24564399	      0.64030527	     -0.10376152	     -4.69674803	      0.20080334	      0.90219725	      0.92745539	     -0.01015274	      0.06047431	     -0.00984035	     -1.93126628	     -4.34451029	      0.96719393	      0.47904991	     -0.04579197	     -0.03592692
      1.51000000	      3.34480381	     -2.97332941	      0.11763657	     -9.44486741	     47.78929578	     -0.96966789	      5.34666043	      0.52346671	     -0.57311806	      4.79992026	      1.00364177	     -0.09966594	     -5.37726674	      0.02659865	      1.05231914	      1.08252679	     -0.00849649	      0.04332984	     -0.00809694	     -1.34722781	     -3.20892654	      1.07010907	      0.33151448	     -0.04579840	     -0.03585407
      1.51500000	      3.22856302	     -3.21008244	      0.21352780	    -10.65348678	     40.60854442	     -0.66097332	      5.11844246	      0.65992015	     -0.52672160	      5.07397092	      1.33498298	     -0.08770808	     -6.06557335	     -0.18048484	      1.18256790	      1.39912144	     -0.00700511	      0.08783914	     -0.00654881	     -0.78193662	     -2.28946933	      0.76942591	      0.25348105	     -0.04550215	     -0.03566731
      1.52000000	      3.73647654	     -2.68873388	      0.47510611	    -10.50440831	     35.28953797	     -0.49011897	      5.52512538	      0.91596045	     -0.55227627	      5.42688609	      1.01994248	     -0.03596658	     -6.75823020	     -0.41238656	      1.29299873	      1.26543746	     -0.00568911	      0.02090059	     -0.00520216	     -0.11015848	     -1.46404269	      0.59656273	     -0.21138731	     -0.04487324	     -0.03534713
      1.52500000	      2.18991108	     -2.56347695	      0.48795279	    -11.62724176	     28.62549930	      0.15586356	      4.16510863	      1.63639333	     -0.46034334	      5.59823438	      1.42666938	     -0.05133519	     -7.45205281	     -0.66027378	      1.38431465	      2.37448590	     -0.00455609	     -0.12744638	     -0.00405943	     -0.25476788	     -0.90035879	      1.27497460	     -0.09681357	     -0.04388429	     -0.03487324
      1.53000000	      1.24436738	     -1.51567096	      0.67458742	    -11.58878596	     24.74420661	     -0.64221883	      3.81905488	      1.92923813	     -0.52172871	      5.48606270	      0.77803706	     -0.03503045	     -8.14417502	     -0.91483591	      1.45777335	      2.44308690	     -0.00361016	     -0.12524105	     -0.00311910	      0.15690164	     -0.24638713	      0.71555648	     -0.43817895	     -0.04251178	     -0.03422520
      1.53500000	      0.11657404	     -2.20119970	      0.07506658	    -11.49755089	     21.22745009	     -0.85469110	      3.51638152	      2.24951137	     -0.58892737	      5.31402325	      2.10571195	      0.36474160	     -8.83198662	     -1.16662234	      1.51505033	      2.48426266	     -0.00285129	     -0.11535976	     -0.00237556	      0.28022414	      0.53564222	      0.46608254	      0.89680456	     -0.04073772	     -0.03338332
      1.54000000	     -1.45216804	     -0.23154934	      0.46174639	    -10.52124932	     21.24773587	     -1.89008500	      3.49197401	      3.32422740	     -0.69140376	      4.50607370	      1.27744733	      0.45330164	     -9.51298830	     -1.40642083	      1.55808291	      2.55369810	     -0.00227467	      0.31122512	     -0.00181897	      0.56501752	      0.71763220	      0.15097629	      0.24285808	     -0.03855182	     -0.03232946
      1.54500000	     -2.63035034	      0.77390401	      0.77222085	     -8.94681736	     17.77138292	     -1.50274357	      3.49754091	      3.82472620	     -0.73913838	      3.92411147	      0.84977131	      0.49131227	    -10.18461127	     -1.62567283	      1.58891793	      2.46365275	     -0.00187034	      0.52028190	     -0.00143532	      0.39556300	      0.75995619	      0.27831512	     -0.05012936	     -0.03595402	     -0.03104809
      1.55000000	     -4.86178148	      1.77835966	      1.34578642	     -8.04820925	     17.70674530	     -1.04704459	      3.54983257	      4.56917931	     -0.79915861	      2.47733536	      0.67788498	      0.36712557	    -10.84403070	     -1.81691043	      1.60957601	      2.40912545	     -0.00162306	      1.27415706	     -0.00120668	      0.27686991	      0.66814417	      0.38534330	     -0.29605328	     -0.03295707	     -0.02952743
      1.55500000	     -7.25492136	      1.77671096	      1.68647132	     -7.28139265	     16.78900189	     -0.29285813	      3.29752017	      5.18530582	     -0.88240892	      1.18789818	      1.22685689	      0.15502549	    -11.48798607	     -1.97418616	      1.62193248	      2.49709198	     -0.00151266	      1.85210408	     -0.00111166	      0.11304174	      0.42745103	      0.48580109	     -0.10757693	     -0.02958894	     -0.02776087
      1.56000000	     -8.29938644	      1.75211350	      1.76841330	     -5.06018286	     19.33657846	      0.17981927	      3.29811471	      5.25883038	     -0.88085094	      1.10658413	      1.24020927	      0.15685261	    -12.11261699	     -2.09345622	      1.62761108	      2.35089620	     -0.00151476	      1.73532346	     -0.00112613	      0.21906628	      0.40200420	      0.27798649	     -0.10682042	     -0.02589454	     -0.02574857
      1.56500000	     -8.49453964	      2.14215364	      1.84076390	     -2.32237585	     19.27150071	      0.64140979	      3.44883470	      5.66441692	     -0.87816464	      1.53253677	      1.30066884	      0.20990966	    -12.71332470	     -2.17286724	      1.62788918	      2.15718366	     -0.00160185	      1.28214577	     -0.00122414	      0.00083947	      0.39909355	      0.50640953	      0.00324156	     -0.02193655	     -0.02349905
      1.57000000	    -10.34036462	      2.46931513	      2.16434303	     -1.34656723	     23.22095622	      0.90868943	      3.42677870	      5.81483720	     -0.86646499	      0.73791505	      1.17001525	      0.12792054	    -13.28467487	     -2.21289497	      1.62361394	      2.01669584	     -0.00174472	      1.59009140	     -0.00137899	      0.02463212	      0.26723668	      0.42415118	     -0.00920112	     -0.01779514	     -0.02103066
      1.57500000	    -11.34600109	      3.03389742	      2.22162079	     -0.05269006	     24.38944635	      0.85688157	      3.20168944	      5.87136505	     -0.86172581	      0.77398972	      0.78154844	      0.18057501	    -13.82036526	     -2.21630171	      1.61513428	      1.94599565	     -0.00191397	      1.34926706	     -0.00156401	     -0.15326256	      0.20385768	      0.54334653	      0.05037978	     -0.01356621	     -0.01837263
      1.58000000	    -12.32799763	      3.35764343	      2.23936025	      0.97192653	     28.39728102	      1.05048718	      2.98799004	      5.81110438	     -0.83337897	      0.92025406	      0.57584871	      0.22264190	    -14.31328335	     -2.18790843	      1.60226353	      1.84908539	     -0.00208155	      1.13669458	     -0.00175560	     -0.15802630	      0.24616759	      0.47915548	     -0.05991683	     -0.00935849	     -0.01556526
      1.58500000	    -13.55155061	      3.12290567	      2.29335180	      1.15902488	     29.60424602	      1.37609665	      2.73219342	      5.51527194	     -0.77766416	      0.69007758	      0.62224186	      0.18453321	    -14.75566235	     -2.13420202	      1.58429138	      1.71531116	     -0.00222219	      1.09653699	     -0.00193108	     -0.23365118	      0.15509100	      0.48767752	      0.05407400	     -0.00528934	     -0.01265982
      1.59000000	    -15.08409207	      3.34046159	      2.35832369	      0.60384806	     31.21562022	      1.17400715	      2.29440515	      5.21696719	     -0.73139074	      0.27670759	      0.29552078	      0.16877677	    -15.13931820	     -2.06281439	      1.56005639	      1.68163552	     -0.00231463	      1.20465542	     -0.00207135	     -0.27872462	      0.08384440	      0.45653475	      0.01135220	     -0.00147954	     -0.00971733
      1.59500000	    -15.79493472	      3.44753610	      2.37634645	      0.40945563	     32.30240686	      0.88208786	      2.10843732	      4.77031199	     -0.62537157	      0.27458728	     -0.07530123	      0.21059398	    -15.45593724	     -1.98192435	      1.52807906	      1.48327587	     -0.00234253	      1.11171870	     -0.00216174	     -0.23960728	      0.10277658	      0.38964133	     -0.09912286	      0.00195260	     -0.00680670
      1.60000000	    -17.10110390	      3.97039745	      2.26889079	     -0.98613209	     29.10667440	     -0.03705112	      1.28318202	      4.74790126	     -0.62545024	      0.01971663	     -0.37782074	      0.21045778	    -15.69738374	     -1.89963916	      1.48674193	      1.70785166	     -0.00229513	      1.13038894	     -0.00219247	     -0.50167384	      0.01922673	      0.63218814	     -0.02669570	      0.00489752	     -0.00400237
      1.60500000	    -18.16135297	      2.93380835	      2.05417114	     -2.37356401	     28.13109385	     -0.35577492	      0.70255658	      3.81337424	     -0.49913961	     -0.21268382	     -0.28128013	      0.16162041	    -15.85599900	     -1.82340741	      1.43448986	      1.66093953	     -0.00216760	      1.20291133	     -0.00215884	     -0.30112577	     -0.03283901	      0.31323779	      0.05947238	      0.00726053	     -0.00138157
      1.61000000	    -19.64146735	      3.24463044	      1.89045634	     -4.60526743	     24.57689787	     -1.44822619	     -0.29329056	      3.27490304	     -0.44831224	     -0.72140338	     -0.89632504	      0.16396292	    -15.92487195	     -1.75950648	      1.37002044	      1.91038867	     -0.00196113	      1.48550460	     -0.00206143	     -0.42852993	     -0.08636224	      0.37519646	     -0.04558180	      0.00896732	      0.00097860
      1.61500000	    -20.19213749	      2.56475348	      1.67433444	     -6.25961974	     18.90476597	     -2.22322051	     -0.89580712	      2.79514637	     -0.33860461	     -0.95568648	     -0.66493187	      0.09196551	    -15.89807922	     -1.71264606	      1.29244537	      1.97697143	     -0.00168285	      1.61232120	     -0.00190608	     -0.45978602	     -0.14600026	      0.43936943	      0.13023934	      0.00996815	      0.00300417
      1.62000000	    -21.05144086	      3.23253527	      1.39012873	     -8.37830996	     14.09768728	     -4.38687212	     -1.91195482	      2.38368683	     -0.27923729	     -1.19717292	     -1.59440547	      0.16343849	    -15.77089596	     -1.68571914	      1.20141305	      2.31586536	     -0.00134550	      1.80901079	     -0.00170375	     -0.47319557	     -0.14461039	      0.43813097	     -0.01409906	      0.01024032	      0.00462721
      1.62500000	    -21.85661944	      2.22548726	      1.12166928	    -10.66144503	      8.06002935	     -5.18307140	     -2.69897519	      1.33922666	     -0.11812300	     -1.77530694	     -1.66482656	      0.07563408	    -15.53995802	     -1.67970915	      1.09718496	      2.43012883	     -0.00096693	      2.23577318	     -0.00147037	     -0.41816636	     -0.21982587	      0.35457174	      0.07622374	      0.00978853	      0.00578858
      1.63000000	    -22.81932212	      2.07316347	      0.60287102	    -13.21600239	      2.25413405	     -7.04207848	     -4.08061267	      0.53910028	     -0.05202301	     -2.04777126	     -2.28326494	      0.09378531	    -15.20334316	     -1.69374909	      0.98066398	      2.95676282	     -0.00056953	      2.51854270	     -0.00122652	     -0.40878630	     -0.23317374	      0.25486903	      0.06287349	      0.00864312	      0.00644056
      1.63500000	    -23.07989877	      1.77655407	      0.30634160	    -15.16200518	     -3.45708349	     -8.82552539	     -4.81734814	     -0.28806005	      0.10782834	     -2.42855015	     -2.87389787	      0.08741357	    -14.76054633	     -1.72532617	      0.85337685	      3.15780630	     -0.00017944	      2.90652355	     -0.00099705	     -0.31627247	     -0.25893196	      0.19192436	      0.06801860	      0.00685636	      0.00654922
      1.64000000	    -23.33536425	      2.09301278	     -0.05962552	    -17.21397388	     -9.87928636	    -10.73162566	     -5.85584075	     -0.61216114	      0.17417176	     -2.67444972	     -3.43009877	      0.08642290	    -14.21233865	     -1.77060882	      0.71740581	      3.63160834	      0.00017427	      3.26711859	     -0.00081056	     -0.48165426	     -0.25283119	      0.44924372	      0.06309909	      0.00449745	      0.00609646
      1.64500000	    -23.53802600	      1.55696190	     -0.47640932	    -19.13114381	    -13.30467392	    -12.62335498	     -6.72011278	     -1.57604563	      0.32997221	     -2.98713689	     -4.01447787	      0.06984686	    -13.56054186	     -1.82485333	      0.57526530	      3.96863588	      0.00046051	      3.67759143	     -0.00069875	     -0.30792538	     -0.27628285	      0.25009499	      0.12274872	      0.00164713	      0.00508159
      1.65000000	    -23.34487413	      1.50208890	     -0.97476494	    -20.57395309	    -14.09719317	    -14.45690299	     -7.63583311	     -2.32929624	      0.44871650	     -2.85372378	     -4.73113798	      0.12034564	    -12.80780681	     -1.88285548	      0.42973806	      4.41344454	      0.00064710	      3.93384375	     -0.00069416	     -0.19989501	     -0.18651178	      0.13509986	      0.01351135	     -0.00160758	      0.00352204
      1.65500000	    -22.77631227	      1.54478356	     -1.35552569	    -21.66687633	    -14.86962005	    -16.20469872	     -8.27789747	     -2.94573899	      0.57635951	     -2.73353915	     -5.41710853	      0.15055020	    -11.95748756	     -1.93941997	      0.28369602	      4.75565529	      0.00070170	      4.18937959	     -0.00082844	     -0.21700821	     -0.13898296	      0.23103163	      0.01380878	     -0.00517749	      0.00145321
      1.66000000	    -22.84639258	      1.11076232	     -1.76880016	    -23.23071311	    -11.50409573	    -17.65228947	     -9.09677696	     -3.83739898	      0.69596864	     -2.90230523	     -5.97511870	      0.10460259	    -11.01365329	     -1.98980595	      0.13992490	      5.21691418	      0.00059283	      4.65727185	     -0.00113362	     -0.10694713	     -0.14182882	      0.07892586	      0.03146565	     -0.00897399	     -0.00107259
      1.66500000	    -21.66825449	      0.86512797	     -2.01496468	    -23.44191021	     -6.43153209	    -19.13012151	     -9.15701717	     -4.50463819	      0.86947224	     -2.63566663	     -6.53786483	      0.09964547	     -9.98121944	     -2.03010564	      0.00097000	      5.34563349	      0.00029072	      4.87114215	     -0.00163877	     -0.01040713	     -0.11686762	      0.08501027	      0.11017741	     -0.01291037	     -0.00398869
      1.67000000	    -20.83033935	      0.97578469	     -2.36537585	    -23.72227745	      4.07099485	    -20.41474726	     -9.51862606	     -5.21242533	      0.97904136	     -2.17475539	     -7.35552673	      0.13985932	     -8.86610044	     -2.05753398	     -0.13097773	      5.69403496	     -0.00023170	      5.09033884	     -0.00236891	      0.06988787	     -0.03242905	      0.01278392	     -0.01802429	     -0.01690201	     -0.00721718
      1.67500000	    -19.42619425	      1.33935523	     -2.45505119	    -23.32513006	     15.27610726	    -21.73915425	     -9.29951578	     -5.51033653	      1.07876374	     -1.77194232	     -8.05729490	      0.13351474	     -7.67524105	     -2.07061571	     -0.25414364	      5.82136641	     -0.00099801	      5.28226394	     -0.00334373	     -0.01404887	     -0.03326241	      0.26289687	      0.04458722	     -0.02086605	     -0.01067278
      1.68000000	    -17.44187568	      1.01395570	     -2.97369160	    -21.54000916	     20.05083755	    -24.64883854	     -9.02430819	     -6.63534087	      1.26048182	     -1.24653582	    -10.00646517	      0.48740133	     -6.41644137	     -2.06925440	     -0.36717835	      5.90957864	     -0.00202748	      4.99093322	     -0.00457663	      0.30920386	     -1.36183314	     -0.12955397	     -0.22690574	     -0.02472134	     -0.01426693
      1.68500000	     -9.44210448	     -2.59466420	     -4.44820244	    -13.48930217	     -0.08315897	    -25.41011831	     -8.59129189	     -5.19610140	      1.04848804	      3.59279704	     -7.33127755	      0.10733784	     -5.09798100	     -2.05468380	     -0.46911831	      6.25579589	     -0.00333434	      1.16294384	     -0.00607401	     -0.37850616	     -3.64249790	      1.00684324	      0.52267544	     -0.02838925	     -0.01791176
      1.69000000	     11.83309275	      1.30560560	     -4.71837695	      5.56243709	    -62.45981103	    -26.99425258	     -2.39843754	     -0.46181395	     -0.08553579	     13.00876958	     -4.15989670	     -0.35869375	     -3.72809823	     -2.02932425	     -0.55931134	     -0.05940262	     -0.00492715	     -4.92183774	     -0.00783506	     -3.34364796	     -4.68074153	      1.97039933	      1.08963018	     -0.03179578	     -0.02152366
      1.69500000	     36.33237820	     -0.79702976	     -1.76124157	     30.61167608	    -82.29461395	    -23.07811171	     17.51397776	     -2.34031241	     -0.79020887	     13.91237559	     -3.78197087	     -0.43354168	     -2.31441928	     -1.99657240	     -0.63733103	    -13.03140815	     -0.00680827	     -5.76260794	     -0.00985172	     -3.47315560	     -6.01703142	      2.38966272	      1.59916497	     -0.03487455	     -0.02502591
      1.70000000	     40.60707433	     -8.13830872	      0.49857236	     36.22153430	    -68.97569363	    -18.41220391	     27.98734107	     -8.66396810	     -0.04972303	      6.91896217	     -5.61886328	     -0.25873613	     -0.86344556	     -1.96054852	     -0.70290943	    -19.23881455	     -0.00899214	     -2.88379561	     -0.01210896	     -2.42669764	     -8.65298729	      2.08652757	      1.97209662	     -0.03757113	     -0.02835032
      1.70500000	     30.24881753	     -7.21415590	      2.47897157	     24.59813735	    -73.25783211	    -17.92537582	     27.99353373	    -10.82785211	      0.30325912	     -4.37124359	     -8.31303912	      0.09109012	      0.61984796	     -1.92582123	     -0.75591477	    -21.22607119	     -0.01148925	      2.37952546	     -0.01458504	     -4.46490091	    -11.13053132	      2.37447394	      2.14331931	     -0.03984528	     -0.03143822
      1.71000000	      0.25120734	     -0.59794190	      3.33997622	     -7.43965037	    -55.21957839	    -23.12173296	     14.83574030	     -7.89032904	      0.36747800	    -19.93215116	    -10.62651448	      0.46628290	      2.13231097	     -1.89712102	     -0.79639345	    -14.63971038	     -0.01423327	     10.26731526	     -0.01725167	     -7.69976253	    -13.39804274	      3.07473205	      2.42179426	     -0.04166649	     -0.03424112
      1.71500000	    -22.33859287	      3.22293322	      3.51388287	    -30.95994976	    -25.21249789	    -26.57702610	      4.30062214	     -3.77858272	      0.05621159	    -30.39042886	     -9.91871994	      0.32566188	      3.67282641	     -1.87903866	     -0.82467628	     -8.65144765	     -0.01718157	     15.05573027	     -0.02007390	     -9.95022641	    -15.15310895	      3.80395696	      3.02254968	     -0.04302149	     -0.03672123
      1.72000000	    -28.99544098	      2.52562733	      1.20755956	    -35.59797228	     15.12348183	    -27.23263618	     -4.31641959	     -0.03276589	     -0.31895035	    -27.05879861	     -6.38848391	     -0.31400581	      5.24243351	     -1.87569866	     -0.84153223	     -2.84751167	     -0.02027972	     11.90630679	     -0.02313173	    -11.00237503	    -16.29234517	      4.06244016	      3.56293760	     -0.04391244	     -0.03886164
      1.72500000	    -22.54230061	      1.05207593	     -2.92839649	    -24.94235411	     51.84263953	    -27.29730715	    -12.11794441	      3.34368992	     -0.69732580	    -12.29263179	     -2.67029407	     -1.02407453	      6.84437612	     -1.89041134	     -0.84834585	      2.39371142	     -0.02346240	      2.05477718	     -0.02623576	    -11.99600295	    -17.15110952	      4.38809943	      3.93227863	     -0.04435749	     -0.04064220
      1.73000000	    -10.79758959	     -2.73386495	     -5.98451753	     -8.00010876	     84.92513358	    -25.77828088	    -13.65340645	      3.15048124	     -0.68609894	      1.04080949	     -1.14299274	     -1.33776712	      8.48408240	     -1.92532960	     -0.84728711	      3.63067606	     -0.02665501	     -7.68761947	     -0.02927928	    -12.20480517	    -18.78207004	      4.34560944	      4.23339239	     -0.04439100	     -0.04205773
      1.73500000	      3.66135427	     -7.70616091	     -7.12467421	     11.39830481	     94.25218735	    -22.25858619	     -8.56758090	      1.19492036	     -0.65492752	      9.08679948	     -0.19805236	     -1.53870772	     10.16905686	     -1.98115596	     -0.84143331	     -0.65166618	     -0.02977570	    -15.43938580	     -0.03216839	    -12.86897912	    -21.77739710	      4.39436235	      4.85694401	     -0.04406286	     -0.04311374
      1.74000000	     18.34011578	    -13.52878283	     -7.15434813	     29.71013896	     71.77642728	    -15.07952366	     -1.02925219	     -2.26250494	     -0.40486493	     13.26784455	      0.91904373	     -1.77438534	     11.90866288	     -2.05696302	     -0.83480772	     -9.12038345	     -0.03273790	    -22.18558363	     -0.03480721	    -15.32199561	    -25.56350659	      5.07251061	      5.67215847	     -0.04343596	     -0.04382305
      1.74500000	     30.11244258	    -18.90963056	     -5.74467844	     44.13692911	     36.86504089	     -7.46902915	      8.67308074	     -6.38536512	     -0.06107384	     11.85313777	      1.19960873	     -1.80648186	     13.71379228	     -2.15018897	     -0.83230841	    -20.41029109	     -0.03532674	    -26.57379392	     -0.03710294	    -18.36168597	    -30.07097920	      5.88091608	      6.62054332	     -0.04259051	     -0.04420340
      1.75000000	     32.64542361	    -25.24583287	     -3.05148884	     47.76013125	      0.43644382	      0.84066893	     18.00029360	    -11.64156582	      0.68458129	      1.98037316	      1.05303467	     -1.68947785	     15.59642294	     -2.25683616	     -0.83950653	    -32.36836550	     -0.03760775	    -27.01713368	     -0.03897138	    -21.63639548	    -35.18664089	      6.40389177	      7.77685102	     -0.04159763	     -0.04427556
      1.75500000	     27.17041213	    -30.85650400	     -0.18172062	     41.39303133	    -37.80189130	      9.07980077	     24.02673892	    -15.52351824	      1.35386340	    -12.28240939	      1.84579226	     -1.73367035	     17.56905008	     -2.37184825	     -0.86231117	    -43.12849268	     -0.03963536	    -25.62948778	     -0.04015304	    -25.51386515	    -40.34035091	      7.23516262	      8.93980506	     -0.04052295	     -0.04407844
      1.76000000	     14.20487988	    -31.85453553	      1.09395639	     26.31734853	    -71.43350047	     13.08367875	     21.14306576	    -15.82579990	      1.69560577	    -24.59774389	      2.78551588	     -1.73053645	     19.64396505	     -2.48960398	     -0.90652600	    -48.91607842	     -0.04138260	    -25.31658324	     -0.04095192	    -30.31794767	    -45.11140002	      8.37791389	      9.73713156	     -0.03942844	     -0.04362435
      1.76500000	      1.31904877	    -27.57793960	     -0.15909632	     11.05867030	   -107.60734299	      9.18221428	     10.09669291	    -12.44093536	      1.58714186	    -28.98368620	      3.01776722	     -1.55659643	     21.83235201	     -2.60445218	     -0.97734520	    -50.10865931	     -0.04282673	    -30.02732688	     -0.04145243	    -35.40294588	    -49.75871031	      9.49785300	     10.65284741	     -0.03836410	     -0.04293641
      1.77000000	     -4.65181461	    -24.86813125	     -3.40089773	      3.80000790	   -137.85757198	      7.41455147	     -2.44786928	     -9.99537438	      1.92289652	    -25.13782065	      3.99338271	     -1.60698763	     24.14317743	     -2.71121103	     -1.07885091	    -50.57922709	     -0.04395015	    -39.03367660	     -0.04168542	    -40.05174476	    -53.81421011	     10.44495283	     11.27299730	     -0.03736640	     -0.04204531
      1.77500000	     -5.49722661	    -25.51541608	     -7.03835187	      1.94072982	   -166.18497366	      9.86411224	    -12.49398361	     -9.47584898	      2.74542539	    -18.94381973	      6.21516704	     -2.09282165	     26.58187216	     -2.80556359	     -1.21357426	    -53.08418894	     -0.04474162	    -49.00191992	     -0.04168686	    -44.11121376	    -57.58206088	     11.07818686	     12.04023485	     -0.03645821	     -0.04098662
      1.78000000	     -3.71508837	    -26.60311510	     -9.62840171	      2.22118974	   -182.60674202	     13.52292955	    -18.23173869	     -9.37504393	      3.42299048	    -14.12074946	      8.41544038	     -2.62153646	     29.14886156	     -2.88431635	     -1.38216726	    -57.63955248	     -0.04523161	    -57.38034150	     -0.04149649	    -47.27614896	    -60.36175677	     11.47063088	     12.61246129	     -0.03565285	     -0.03980100
      1.78500000	     -2.44003688	    -26.03351841	    -10.74282687	      1.53587569	   -186.44548912	     16.47296139	    -20.72642324	     -8.67695382	      3.60859086	    -12.60550614	      9.76182646	     -2.89495537	     31.83807804	     -2.94552562	     -1.58321719	    -63.12937047	     -0.04532699	    -62.81751236	     -0.04116041	    -50.13834428	    -62.37384462	     12.18851589	     13.10679815	     -0.03495126	     -0.03853390
      1.79000000	     -4.21729208	    -24.50519464	    -10.76404491	     -3.31661688	   -170.86472520	     18.11011583	    -21.79386295	     -7.47461470	      3.52591509	    -14.56581055	     10.62638531	     -2.98982247	     34.63566378	     -2.98850284	     -1.81321573	    -67.90267243	     -0.04494749	    -65.04566226	     -0.04070540	    -52.01632088	    -63.30955469	     12.45507989	     13.34873770	     -0.03434286	     -0.03723883
      1.79500000	     -4.41047603	    -21.01956981	     -9.84517493	     -6.74101921	   -142.05927027	     16.92164961	    -20.37604438	     -5.73458738	      2.99196168	    -17.03680572	      9.99504311	     -2.59696653	     37.51909877	     -3.01370617	     -2.06667282	    -72.54947793	     -0.04411653	    -66.06402446	     -0.04001675	    -53.05537506	    -63.30959378	     12.65441005	     13.45345747	     -0.03381617	     -0.03595711
      1.80000000	      0.60774488	    -18.61162191	     -8.98789810	     -3.43676924	   -106.74478539	     16.67066323	    -16.58249680	     -4.99222718	      2.56946904	    -16.76977654	      9.03103331	     -2.14663138	     40.45695427	     -3.02253794	     -2.33636165	    -77.46152029	     -0.04287670	    -67.78099904	     -0.03915346	    -53.60024860	    -62.87864103	     12.69892036	     13.50791654	     -0.03335789	     -0.03473530
      1.80500000	     10.65244293	    -15.24545698	     -8.19786020	      5.89560479	    -69.05050561	     15.16670472	    -11.39457806	     -4.66942454	      2.12704831	    -13.15870578	      6.60621962	     -1.24669984	     43.40939357	     -3.01707118	     -2.61368673	    -82.40387684	     -0.04128797	    -70.92259324	     -0.03817891	    -53.73531374	    -61.91707001	     12.87345337	     13.34899900	     -0.03295532	     -0.03361511
      1.81000000	     22.18948591	    -12.64964509	     -7.48989954	     17.31562772	    -32.64918261	     13.37658280	     -5.67462244	     -4.95589696	      1.85919178	     -8.76364344	      3.93417141	     -0.27709827	     46.32943854	     -2.99972149	     -2.88915593	    -87.06412606	     -0.03942469	    -74.48084185	     -0.03715603	    -53.53717752	    -60.94147209	     12.81756940	     13.31002915	     -0.03259824	     -0.03263077
      1.81500000	     32.85320142	    -10.75501816	     -6.50258259	     27.54237722	      2.36642257	     10.55620164	      0.61466447	     -5.94035520	      1.80589887	     -5.76643291	      0.75744616	      0.91502188	     49.16490957	     -2.97288470	     -3.15292240	    -91.62406559	     -0.03737155	    -77.46795959	     -0.03614287	    -52.58697988	    -60.10776932	     12.34309812	     13.45811386	     -0.03228014	     -0.03180684
      1.82000000	     40.56286173	     -8.44777544	     -5.08389195	     34.59079272	     26.47885624	      6.74372607	      6.20195001	     -6.28794737	      1.52917140	     -5.35011223	     -2.54582616	      2.22961586	     51.86084917	     -2.93856968	     -3.39535591	    -95.53765070	     -0.03521518	    -80.00126536	     -0.03518891	    -52.19077452	    -59.87356162	     12.41806657	     13.66368809	     -0.03199900	     -0.03115677
      1.82500000	     44.08531265	     -8.41261530	     -3.81687640	     36.11153325	     41.72654649	      2.88376474	     10.53024458	     -7.33859948	      1.67985710	     -7.79169778	     -5.30030718	      3.40131606	     54.36218134	     -2.89806113	     -3.60759433	    -98.62633575	     -0.03307108	    -82.43848153	     -0.03433249	    -50.95709866	    -60.38694076	     12.03664895	     13.98147303	     -0.03175695	     -0.03068235
      1.83000000	     42.96902022	     -9.85973328	     -2.95824977	     32.41055182	     39.09323473	     -0.82008337	     12.14096817	     -7.58852164	      1.78932264	    -12.53004314	     -6.30002292	      3.88355678	     56.61635167	     -2.85165788	     -3.78201961	   -100.46474077	     -0.03106170	    -85.34822154	     -0.03359948	    -50.52334590	    -62.01241101	     12.15860921	     15.02769460	     -0.03155470	     -0.03037417
      1.83500000	     38.33753664	    -11.31046425	     -2.73630181	     24.32283202	     27.32272689	     -5.52305042	     10.53362519	     -7.97777728	      2.32874514	    -17.50093248	     -7.28359775	      4.34431171	     58.57572977	     -2.79854038	     -3.91261557	   -101.16904804	     -0.02924773	    -88.92408212	     -0.03300291	    -50.04399894	    -64.00838388	     11.93548432	     15.99209293	     -0.03139595	     -0.03021336
      1.84000000	     29.07018920	    -13.07791636	     -2.95377590	     10.76814450	      7.32514481	     -9.19209220	      5.65290940	     -8.45245688	      3.30069320	    -23.61392945	     -7.71457776	      4.58465191	     60.19961249	     -2.73681850	     -3.99518857	   -100.79339025	     -0.02767895	    -92.21013207	     -0.03256439	    -50.13433829	    -66.31989262	     11.85183677	     16.79960530	     -0.03128270	     -0.03017279
      1.84500000	     17.84433048	    -14.31628945	     -3.09469974	     -5.29643023	    -14.29296921	    -12.12709440	     -0.21711596	     -8.42163663	      4.16042938	    -30.27983989	     -7.60148971	      4.58087646	     61.45573976	     -2.66379405	     -4.02745351	   -100.25145854	     -0.02639268	    -94.67274329	     -0.03227481	    -50.64927126	    -68.26005923	     12.09782489	     17.50193615	     -0.03121340	     -0.03022070
      1.85000000	      7.58316023	    -18.77665218	     -3.70056331	    -19.91017589	    -36.25456658	    -10.76011431	     -5.52779909	    -10.41835012	      5.87468883	    -36.08819778	     -6.36476598	      4.03592517	     62.32131169	     -2.57643735	     -4.00900259	   -100.89636270	     -0.02541304	    -96.76238566	     -0.03211118	    -50.84459635	    -70.09015842	     11.73491848	     18.26360865	     -0.03118163	     -0.03032443
      1.85500000	      0.97812002	    -22.93962754	     -4.32860030	    -29.25838915	    -57.84751136	     -6.06242162	     -9.45383975	    -12.28574264	      7.33580675	    -39.46056721	     -4.46645076	      3.14331113	     62.78354291	     -2.47202979	     -3.94117858	   -103.00768465	     -0.02475097	    -98.43862377	     -0.03204939	    -51.76375845	    -71.53054244	     12.09858496	     18.71191349	     -0.03117554	     -0.03045293
      1.86000000	     -2.40763982	    -27.53380831	     -5.40302945	    -33.99701380	    -74.59871798	      1.12752831	    -12.65531464	    -14.71573691	      8.95778012	    -39.87125832	     -2.01119290	      1.95154469	     62.83979081	     -2.34888606	     -3.82687171	   -105.97233594	     -0.02440511	    -99.85185395	     -0.03206689	    -52.61959081	    -72.47089407	     12.15672568	     18.79194086	     -0.03117819	     -0.03057933
      1.86500000	     -2.34445125	    -32.48799251	     -6.91326816	    -33.85206760	    -89.23684293	     10.04863669	    -14.91523935	    -16.62750302	     10.18344746	    -37.48717559	      1.71468423	      0.10747894	     62.49727879	     -2.20704694	     -3.67025286	   -109.35279551	     -0.02436324	   -101.39609207	     -0.03214500	    -53.60330611	    -73.24921590	     12.56936251	     19.08174571	     -0.03116874	     -0.03068274
      1.87000000	     -0.90997230	    -36.00091619	     -8.57482518	    -31.27623426	    -95.95061389	     17.76680077	    -17.18956845	    -18.63500939	     11.42444497	    -33.09807119	      4.45509078	     -1.30931391	     61.77242668	     -2.04882601	     -3.47645604	   -111.98728460	     -0.02460425	   -102.67768210	     -0.03227055	    -54.44192258	    -73.55377342	     12.69395498	     18.95366299	     -0.03112424	     -0.03074907
      1.87500000	      0.15270010	    -38.18598382	    -10.05223582	    -28.93132674	    -96.62754446	     23.17069872	    -19.26032633	    -19.69673429	     12.14668710	    -28.66785890	      6.94856056	     -2.61984870	     60.68980511	     -1.87910458	     -3.25123075	   -113.38933778	     -0.02510048	   -103.28568903	     -0.03243676	    -55.05846371	    -73.60394322	     12.90286354	     18.93732916	     -0.03102196	     -0.03077104
      1.88000000	      1.70078424	    -39.05882950	    -11.31879682	    -26.07284149	    -91.80016483	     25.99086419	    -20.77916176	    -20.35435225	     12.57130815	    -23.79734122	      8.57609510	     -3.54671108	     59.28075069	     -1.70530261	     -3.00058733	   -113.87687013	     -0.02582011	   -103.63933509	     -0.03264335	    -55.22336019	    -73.28534853	     13.01873229	     18.91585911	     -0.03084182	     -0.03074735
      1.88500000	      3.08730490	    -36.91684651	    -12.01179797	    -23.03967875	    -83.23202708	     24.38060212	    -21.86677822	    -19.91996755	     12.37785948	    -19.21399149	      8.43941153	     -3.65320707	     57.58172006	     -1.53700098	     -2.73045791	   -113.09160177	     -0.02672951	   -103.64722098	     -0.03289605	    -55.28029869	    -72.79039052	     13.17471688	     18.52317822	     -0.03056874	     -0.03068137
      1.89000000	      4.13644273	    -35.12711821	    -12.15609592	    -20.97248762	    -74.10770801	     21.09859326	    -21.48882518	    -19.76997883	     12.12113224	    -16.14582362	      7.79816733	     -3.52291461	     55.63251331	     -1.38524255	     -2.44639924	   -112.22177052	     -0.02779530	   -103.05424497	     -0.03320556	    -54.67434810	    -72.21963237	     13.06255460	     18.44418909	     -0.03019460	     -0.03057974
      1.89500000	      4.18620436	    -31.04434316	    -11.35215519	    -19.54883872	    -62.89424430	     15.21099129	    -20.19500537	    -18.77240655	     11.29631689	    -14.80949222	      5.80582219	     -2.75884240	     53.47452202	     -1.26159219	     -2.15335715	   -110.55613948	     -0.02898602	   -101.21428329	     -0.03358623	    -54.55140228	    -71.41830468	     13.24574048	     18.09257363	     -0.02971957	     -0.03045097
      1.90000000	      6.38788603	    -28.03621791	    -10.13035640	    -15.82845257	    -48.62578394	      9.09758568	    -16.44128866	    -18.60626817	     10.56830308	    -13.58720737	      3.41773811	     -1.84847793	     51.14913970	     -1.17707353	     -1.85549158	   -109.48809311	     -0.03027325	    -99.06907436	     -0.03405452	    -53.52821859	    -70.33075569	     12.94057688	     17.83407457	     -0.02915283	     -0.03030432
      1.90500000	      8.09744050	    -25.50327498	     -8.92478347	    -12.53019342	    -40.83309863	      2.61395423	    -12.94487081	    -17.93416039	      9.61701210	    -12.83297814	      1.59082300	     -1.21092425	     48.69643942	     -1.14110979	     -1.55605265	   -107.59752873	     -0.03163226	    -97.25154931	     -0.03462756	    -53.00085194	    -69.46265054	     13.09536574	     18.11328151	     -0.02851250	     -0.03014909
      1.91000000	      8.75439693	    -23.45155916	     -8.01161437	    -10.14714147	    -27.96153157	     -2.85847569	    -10.56319452	    -17.76377818	      9.06680953	    -11.64391664	     -0.17750866	     -0.60104537	     46.15418459	     -1.16058353	     -1.25731414	   -104.61726680	     -0.03304203	    -94.68333869	     -0.03531468	    -52.15766652	    -68.32082651	     12.69886168	     17.89163721	     -0.02782487	     -0.02999475
      1.91500000	      8.49652755	    -20.56674911	     -7.09809037	     -8.66643886	    -16.16855861	     -8.84285120	     -8.99621248	    -16.56460602	      8.16764646	    -10.61170447	     -1.58078481	     -0.16139483	     43.55718286	     -1.23910460	     -0.96057934	   -100.72541731	     -0.03448493	    -91.59198432	     -0.03609090	    -51.56152786	    -67.18022704	     12.65967749	     17.71810381	     -0.02712306	     -0.02985091
      1.92000000	      8.27203128	    -17.76230419	     -6.15118425	     -7.03308456	     -2.68804235	    -14.81642721	     -7.36291200	    -14.97514338	      7.13022668	     -9.56601240	     -2.64720885	      0.12655874	     40.93693403	     -1.37653709	     -0.66626871	    -96.31658061	     -0.03594594	    -88.08395170	     -0.03694639	    -50.68811907	    -65.82247761	     12.43182639	     17.35084829	     -0.02644519	     -0.02972610
      1.92500000	      8.29212098	    -17.03905939	     -5.38354612	     -4.73941546	     10.69177362	    -18.87232196	     -5.37940443	    -14.09971486	      6.39701510	     -8.62348781	     -2.81907292	      0.04548789	     38.32148844	     -1.56879793	     -0.37409565	    -91.87990181	     -0.03739336	    -84.19852009	     -0.03786571	    -49.47604496	    -64.57868630	     11.89580114	     17.19151029	     -0.02583330	     -0.02962967
      1.93000000	     10.98929737	    -16.43140400	     -4.47687302	      0.86082386	     21.73495239	    -20.59801206	     -2.24689846	    -13.32448443	      5.58561859	     -6.53600040	     -2.83811113	     -0.10039132	     35.73542110	     -1.80791818	     -0.08333174	    -88.36541556	     -0.03874190	    -80.33510756	     -0.03882649	    -48.60220001	    -62.92771752	     11.71464447	     16.58639879	     -0.02533021	     -0.02957177
      1.93500000	     14.72417038	    -16.92521129	     -3.72280079	      7.67707325	     31.14147107	    -21.13943337	      1.24588049	    -13.14256532	      5.00593398	     -3.96702459	     -2.50929426	     -0.38041090	     33.19982490	     -2.08234959	      0.20686021	    -85.25276579	     -0.03996434	    -76.45435574	     -0.03979962	    -47.40756265	    -61.24346637	     11.29969407	     16.12841264	     -0.02497433	     -0.02956359
      1.94000000	     18.06957922	    -17.39026550	     -3.29598031	     14.05895727	     38.17889504	    -21.60258853	      3.55037708	    -12.61834206	      4.44107640	     -0.81990013	     -1.80719577	     -0.78752560	     30.73224104	     -2.37749999	      0.49707012	    -81.39705581	     -0.04103083	    -72.87611296	     -0.04074997	    -46.27714002	    -59.43822511	     10.81987537	     15.64797702	     -0.02480147	     -0.02961753
      1.94500000	     19.33167687	    -16.94815457	     -2.90867399	     17.64506909	     40.49572562	    -22.12900344	      4.19734142	    -11.26434528	      3.75327027	      1.60581585	     -0.80607722	     -1.25979076	     28.34649249	     -2.67648049	      0.78730733	    -76.82734545	     -0.04191241	    -68.91701548	     -0.04163758	    -45.56314667	    -57.54028425	     10.69581154	     15.18507080	     -0.02484173	     -0.02974717
      1.95000000	     19.21171838	    -17.55602174	     -2.81388912	     19.81689520	     41.99806505	    -22.41892257	      3.95874626	    -10.31128611	      3.33180334	      3.48848439	      0.53683876	     -1.79605047	     26.05245598	     -2.96103894	      1.07672122	    -71.52435834	     -0.04258149	    -64.83081894	     -0.04241941	    -44.42641801	    -55.88661137	     10.17172654	     14.93917621	     -0.02511824	     -0.02996693
      1.95500000	     17.57987795	    -16.52931304	     -2.23717350	     19.70373440	     43.83821483	    -22.79866115	      3.39909004	     -9.21562950	      2.89293417	      4.05330511	      0.75160413	     -1.89156737	     23.85586061	     -3.21264415	      1.36339321	    -66.13568060	     -0.04301251	    -59.87428408	     -0.04305923	    -43.25858908	    -53.84726649	      9.91207037	     14.11277013	     -0.02564626	     -0.03029219
      1.96000000	     15.05674568	    -16.25183833	     -1.82131984	     18.83869286	     48.47716712	    -22.83828550	      2.51742168	     -8.31947304	      2.56905360	      4.13699051	      1.31256678	     -2.05776803	     21.75822940	     -3.41367445	      1.64420564	    -60.15585292	     -0.04318300	    -54.63742048	     -0.04372179	    -41.59041657	    -51.77477442	      9.16814706	     13.33650897	     -0.02643284	     -0.03074443
      1.96500000	     12.26161867	    -15.35990716	     -1.29805429	     17.17876803	     49.24146164	    -22.44248511	      1.42990705	     -7.40650655	      2.25540221	      3.79952814	      1.56586062	     -2.09161924	     19.75708799	     -3.54863954	      1.91478708	    -54.48666599	     -0.04310630	    -49.30308292	     -0.04437175	    -40.00707696	    -49.53433609	      8.64709360	     12.57716092	     -0.02747840	     -0.03133126
      1.97000000	      8.60611521	    -14.84933684	     -0.75808895	     14.57572130	     50.47489913	    -21.68365629	      0.40089163	     -6.30080713	      1.88206597	      2.50907475	      2.26961084	     -2.20699107	     17.84653271	     -3.60534220	      2.16953812	    -48.62569296	     -0.04296089	    -43.60206842	     -0.04496310	    -38.07497907	    -47.34842230	      7.96892730	     11.93618127	     -0.02877845	     -0.03206419
      1.97500000	      4.80184842	    -13.48127828	     -0.14530450	     11.78695473	     52.66773484	    -20.60778574	     -0.90185084	     -5.30868070	      1.57832401	      1.22465261	      2.27766103	     -2.09147269	     16.01817143	     -3.57587903	      2.40175414	    -42.65578299	     -0.04268540	    -37.95177046	     -0.04544280	    -36.21636260	    -44.78274448	      7.32173487	     10.98295911	     -0.03031109	     -0.03295172
      1.98000000	      0.82151596	    -12.53700510	      0.38862376	      8.60659700	     53.58241885	    -18.38165022	     -2.12825388	     -4.16913857	      1.23661466	     -0.42997936	      3.06909764	     -2.15871094	     14.26235727	     -3.45738400	      2.60386935	    -37.03243844	     -0.04225496	    -32.10410228	     -0.04575311	    -34.27215400	    -42.15423463	      6.70618233	     10.35368397	     -0.03205261	     -0.03399822
      1.98500000	     -3.30140758	    -10.71817721	      0.90519181	      5.45214462	     56.48972272	    -16.17691523	     -3.58678050	     -2.97114273	      0.91446113	     -2.03161501	      3.21542896	     -2.01337290	     12.56956345	     -3.25242829	      2.76783589	    -31.26883898	     -0.04164397	    -26.36633646	     -0.04583474	    -32.17944966	    -39.45071604	      6.13830593	      9.44108845	     -0.03397295	     -0.03520262
      1.99000000	     -6.85884774	     -8.63376406	      1.30574575	      2.63312175	     58.39006361	    -13.56287493	     -5.10632302	     -1.69819244	      0.60749965	     -3.15700501	      3.38797468	     -1.86763502	     10.93170676	     -2.96901594	      2.88562417	    -25.83973184	     -0.04082758	    -21.12620417	     -0.04537086	    -30.01682591	    -36.47703335	      5.51593756	      8.46591895	     -0.03603630	     -0.03657043
      1.99500000	     -9.64908460	     -6.56059625	      1.64698720	      0.59300082	     59.93782811	    -11.01088661	     -6.25625826	     -0.43514426	      0.30073658	     -3.98529064	      3.48514508	     -1.71558034	      9.34322794	     -2.62015803	      2.94980441	    -20.75642438	     -0.03978316	    -16.42931529	     -0.04420568	    -27.70340779	    -33.41798638	      4.92512431	      7.65323864	     -0.03820175	     -0.03808214
      2.00000000	    -11.42646802	     -3.40268731	      1.95505167	      0.28651579	     61.57078242	     -8.33840495	     -7.33726947	      1.19826205	     -0.09156200	     -4.06750486	      3.12613162	     -1.44918556	      7.80178032	     -2.22305473	      2.95415344	    -15.81673358	     -0.03826834	    -12.19628199	     -0.04250465	    -25.82719912	    -30.41271606	      4.72099258	      6.70489616	     -0.04043544	     -0.03970261
      2.00500000	    -11.35043204	     -1.34384252	      2.10914297	      1.38758514	     61.31683143	     -4.91319024	     -7.42005852	      2.28703932	     -0.38113856	     -3.40318616	      3.03011488	     -1.26838947	      6.30844566	     -1.79794984	      2.89422404	    -11.96445980	     -0.03621578	     -8.93254421	     -0.04032080	    -23.49523997	    -27.22864616	      4.29477740	      5.76860573	     -0.04268445	     -0.04139687
      2.01000000	     -9.99396367	     -0.73295742	      2.02106992	      4.09639536	     63.47699342	     -0.70977725	     -6.74493904	      2.77225081	     -0.55846570	     -2.06386403	      3.36950419	     -1.20949308	      4.86747116	     -1.36675119	      2.76781880	     -8.64356413	     -0.03380836	     -6.36916105	     -0.03772316	    -20.89034211	    -24.06073792	      3.80277304	      5.10750570	     -0.04488655	     -0.04312057
      2.01500000	     -8.30315207	      0.21569831	      1.95452568	      7.17537576	     67.52888956	      3.12766253	     -5.76307117	      3.17325970	     -0.72796191	     -0.65272004	      3.24226689	     -1.05659997	      3.48558686	     -0.95153841	      2.57532852	     -5.71799329	     -0.03111213	     -4.18619002	     -0.03479223	    -18.26629665	    -20.83399677	      3.42049190	      4.29374164	     -0.04698538	     -0.04482056
      2.02000000	     -6.27508016	     -0.20504270	      1.71455940	     10.86556638	     74.03160256	      8.15238013	     -4.28001797	      2.86298963	     -0.76100892	      0.79169990	      3.59647905	     -0.97632511	      2.17100607	     -0.57309170	      2.31991084	     -3.41607512	     -0.02819991	     -2.23098384	     -0.03169042	    -15.57895390	    -17.70540510	      2.94210174	      3.52451076	     -0.04892264	     -0.04644064
      2.02500000	     -4.13390248	     -0.76110456	      1.51480937	     14.50889906	     81.72698164	     12.13358549	     -2.36397239	      2.27710933	     -0.75644900	      1.97531679	      3.56995100	     -0.85509319	      0.93224196	     -0.24956742	      2.00749059	     -1.69522551	     -0.02514811	     -0.62172111	     -0.02867401	    -12.67562875	    -14.63458354	      2.34277338	      2.83345588	     -0.05063910	     -0.04792004
      2.03000000	     -2.18292414	     -1.51355614	      1.23957294	     17.86398215	     87.02468216	     16.07672259	     -0.49179396	      1.62223562	     -0.76962492	      2.89114928	      3.67294336	     -0.75997821	     -0.22309997	      0.00457403	      1.64657584	     -0.42845806	     -0.02203355	      0.77383095	     -0.02562541	    -10.04878316	    -11.82186414	      2.00576804	      2.26908044	     -0.05207578	     -0.04917559
      2.03500000	     -0.46513995	     -2.46649386	      0.97907577	     21.22220369	     96.12379400	     19.12324850	      1.52413125	      0.37593423	     -0.64235991	      3.62357113	      3.20133033	     -0.57600984	     -1.28939178	      0.17931524	      1.24790059	      0.47578271	     -0.01910736	      1.92640507	     -0.02258696	     -7.33559069	     -9.04487041	      1.30170458	      1.55543666	     -0.05318567	     -0.05013674
      2.04000000	      1.36454896	     -3.22107472	      0.58472475	     24.59946057	     98.12422379	     21.48343606	      2.87065631	     -0.61520378	     -0.55948433	      4.71145161	      2.88021406	     -0.50170369	     -2.26378371	      0.26947671	      0.82391825	      1.24598059	     -0.01631562	      2.45143525	     -0.01959595	     -5.33830464	     -6.56788872	      0.97881503	      1.22204366	     -0.05390365	     -0.05073560
      2.04500000	      3.32645863	     -3.36151214	      0.25920504	     27.91239747	     99.37344328	     23.35899428	      4.37653362	     -1.60211523	     -0.51933422	      5.65493294	      2.10211629	     -0.32976712	     -3.14664640	      0.27477262	      0.38818349	      1.43890196	     -0.01365787	      2.82559768	     -0.01668625	     -3.45387046	     -4.24013664	      0.71990072	      0.63723627	     -0.05417738	     -0.05091015
      2.05000000	      3.96540717	     -3.66444353	     -0.20959772	     30.04861358	     99.17215758	     23.86945706	      4.87057524	     -2.72953979	     -0.37054674	      6.26262437	      1.17129895	     -0.18501602	     -3.94161917	      0.19956766	     -0.04532390	      1.96337046	     -0.01116270	      3.01098943	     -0.01388976	     -1.83727302	     -2.27531517	      0.27985300	      0.23512985	     -0.05396344	     -0.05060740
      2.05500000	      5.22946449	     -3.05239540	     -0.61945829	     33.04882072	     92.50051881	     23.41539264	      5.44087584	     -3.26650101	     -0.37938111	      6.93552955	     -0.08275709	      0.00387069	     -4.65529474	      0.05238804	     -0.46287161	      2.19751229	     -0.00885490	      2.95762444	     -0.01123759	     -0.77739446	     -0.92250157	      0.29437170	     -0.12514040	     -0.05322659	     -0.04978624
      2.06000000	      7.07360302	     -4.40049657	     -0.93321151	     36.24858869	     81.28708135	     23.44312782	      5.80903268	     -3.78587281	     -0.38630986	      8.25160879	      0.25122280	     -0.51866633	     -5.29662332	     -0.15476106	     -0.85158729	      2.22281299	     -0.00675616	      2.18042191	     -0.00871542	      0.10707989	      0.38852622	      0.21638636	      0.12871029	     -0.05194144	     -0.04842538
      2.06500000	      7.75894682	     -6.26041880	     -2.06608591	     38.62165481	     59.69562141	     23.61094614	      5.62858757	     -4.09926942	     -0.48476930	      8.49958793	      1.07120838	     -0.34188233	     -5.87613496	     -0.40722018	     -1.19997075	      2.45572993	     -0.00488539	      1.75885495	     -0.00641934	      0.37348855	      0.64880645	      0.21535471	     -0.04673368	     -0.05009409	     -0.04650976
      2.07000000	      7.53805918	     -7.35194533	     -2.39319786	     39.51784157	     36.54241184	     22.93772813	      5.63965189	     -3.92524982	     -0.35785794	      7.54835148	      1.90090534	     -0.30553922	     -6.40506455	     -0.68858231	     -1.49829420	      2.21064534	     -0.00325841	      2.00820333	     -0.00442015	      0.59738123	      0.71087200	     -0.00463206	     -0.13482351	     -0.04768388	     -0.04404251
      2.07500000	      5.84095961	     -7.75713639	     -2.56473941	     38.83604848	     16.85636898	     20.54067076	      5.18989813	     -2.84881980	     -0.36108430	      5.80569933	      2.87811338	     -0.38229670	     -6.89444473	     -0.98162148	     -1.73890393	      2.41584091	     -0.00188719	      2.62343512	     -0.00273022	      0.77622204	      0.57715588	     -0.17805926	      0.04564471	     -0.04472488	     -0.04105000
      2.08000000	      3.19039635	     -5.87915707	     -2.63057745	     37.04949584	      1.52424286	     17.01796274	      3.93686176	     -0.99380290	     -0.51115799	      4.06935578	      2.83621469	     -0.33629157	     -7.35422202	     -1.26919903	     -1.91644421	      3.19579972	     -0.00075306	      3.28387119	     -0.00135180	      0.52651475	      0.48627551	      0.06713109	     -0.09362675	     -0.04125081	     -0.03757627
      2.08500000	      1.17213929	     -5.57534084	     -2.91631654	     35.54655037	    -11.93381180	     14.55108078	      2.91700613	      0.10508039	     -0.56316795	      2.94735157	      3.40262714	     -0.31506447	     -7.79245253	     -1.53511560	     -2.02801784	      3.69413412	      0.00008126	      3.52084557	     -0.00027767	      0.30288149	      0.40951712	      0.22426485	      0.07793218	     -0.03730335	     -0.03368157
      2.09000000	     -0.92844333	     -5.51487831	     -2.88008330	     33.68659135	    -18.72065749	     12.41943404	      2.53094929	      0.45706240	     -0.48071418	      1.50122233	      3.44598337	     -0.27970300	     -8.21464389	     -1.76488782	     -2.07328244	      3.68801436	      0.00062992	      3.98264640	      0.00050806	      0.32362565	      0.29898937	      0.11302934	      0.06936463	     -0.03294706	     -0.02943971
      2.09500000	     -2.91207084	     -4.39983572	     -2.66338491	     31.43741069	    -21.99178653	      9.24625721	      2.19480316	      1.88887771	     -0.46132999	      0.27074977	      3.59703948	     -0.25019717	     -8.62332293	     -1.94644068	     -2.05445450	      3.84748833	      0.00092052	      4.31074872	      0.00102880	      0.28341787	      0.19440134	      0.17862157	      0.11596177	     -0.02826328	     -0.02493480
      2.10000000	     -6.05492185	     -2.69598352	     -2.60815811	     27.43772278	    -21.86684149	      6.31196267	      0.97490928	      3.21011608	     -0.52439329	     -0.98616627	      3.40058683	     -0.20019170	     -9.01790284	     -2.07070257	     -1.97618027	      4.43564392	      0.00098763	      4.68519747	      0.00131408	      0.00601483	      0.09141409	      0.33589090	      0.01772203	     -0.02334792	     -0.02025732
      2.10500000	     -8.14775697	     -1.56385109	     -2.57890333	     23.77751804	    -19.86262971	      3.56346225	      0.21607981	      4.47030350	     -0.52074768	     -1.54442652	      3.57854115	     -0.13516025	     -9.39487811	     -2.13206474	     -1.84525605	      4.72513396	      0.00087061	      4.60907092	      0.00139804	     -0.14259818	      0.05346261	      0.41338771	      0.09702796	     -0.01830875	     -0.01550025
      2.11000000	    -10.20148102	     -0.48983270	     -2.17428011	     19.59091706	    -12.20622524	      0.53972489	      0.21475334	      5.35102156	     -0.39988238	     -2.53276821	      3.34499977	     -0.08695829	     -9.74830849	     -2.12865424	     -1.67021402	      4.48815982	      0.00061128	      4.80468354	      0.00131777	      0.11180406	     -0.05346484	      0.12938481	      0.04655069	     -0.01326200	     -0.01075560
      2.11500000	    -13.08382255	      1.13125542	     -2.03003601	     13.64663514	     -7.84296051	     -1.82760874	     -0.92459937	      6.85271464	     -0.43801496	     -3.35476314	      3.59717233	     -0.09085937	    -10.07050865	     -2.06237983	     -1.46080945	      4.96150013	      0.00025175	      4.89470053	      0.00111174	     -0.26896390	     -0.16920153	      0.43117408	      0.14706786	     -0.00832849	     -0.00611159
      2.12000000	    -15.50090264	      2.19584412	     -1.95798722	      7.53093190	     -1.23757298	     -3.95321721	     -1.86205634	      8.01494227	     -0.42788476	     -3.80563614	      3.99236025	     -0.08761579	    -10.35284980	     -1.93872859	     -1.22745953	      5.22785858	     -0.00016758	      4.77268038	      0.00081827	     -0.44235919	     -0.24119506	      0.50568990	      0.28318089	     -0.00362947	     -0.00165074
      2.12500000	    -17.41333957	      4.47838354	     -1.58422731	      1.38679102	      7.78989376	     -6.92631812	     -2.35514522	      9.55195544	     -0.38791365	     -4.21639004	      3.66651478	     -0.02087235	    -10.58658456	     -1.76631510	     -0.98069222	      5.31010824	     -0.00060955	      4.67265662	      0.00047416	     -0.51139571	     -0.28650601	      0.60538391	      0.16925539	      0.00071774	      0.00255124
      2.13000000	    -19.21787515	      5.67879427	     -1.32442236	     -5.22449024	     15.20994865	     -9.26376070	     -2.81988094	     10.37143226	     -0.30561710	     -4.63006102	      3.57265636	      0.00330075	    -10.76362337	     -1.55621841	     -0.73065139	      5.21154453	     -0.00104146	      4.53579033	      0.00011347	     -0.50311373	     -0.37658723	      0.56819915	      0.23929803	      0.00460414	      0.00642597
      2.13500000	    -21.12020011	      7.25732669	     -1.18567663	    -12.27420398	     22.59822516	    -11.44187729	     -3.65565395	     11.18299411	     -0.27001204	     -4.85505336	      3.27476476	      0.05116463	    -10.87722361	     -1.32116511	     -0.48668330	      5.31772084	     -0.00143585	      4.34659168	     -0.00023346	     -0.60254133	     -0.42227577	      0.60302686	      0.17898727	      0.00793350	      0.00991254
      2.14000000	    -22.48604015	      8.47136806	     -1.07002940	    -19.01566192	     28.62949446	    -13.35120143	     -4.33169830	     12.05607848	     -0.23045611	     -4.87031664	      3.34277427	      0.06531637	    -10.92257227	     -1.07462319	     -0.25701632	      5.36503573	     -0.00177091	      4.05666690	     -0.00054082	     -0.67896049	     -0.44831916	      0.67799325	      0.21473427	      0.01062654	      0.01295753
      2.14500000	    -23.60833691	      9.13930693	     -1.03900289	    -25.52471884	     33.71968993	    -14.93850084	     -4.96944527	     12.34762362	     -0.16804461	     -4.81142246	      3.28934062	      0.08358042	    -10.89723779	     -0.82987453	     -0.04853837	      5.29342329	     -0.00203064	      3.74272677	     -0.00078792	     -0.65287922	     -0.46763420	      0.60977608	      0.24423700	      0.01262479	      0.01551508
      2.15000000	    -24.65867217	      9.89940793	     -1.02458974	    -31.83440816	     36.56622118	    -16.65030940	     -5.69545914	     12.76185523	     -0.14072104	     -4.82437926	      3.24630752	      0.07777286	    -10.80146341	     -0.59914189	      0.13333227	      5.34054731	     -0.00220464	      3.48921203	     -0.00095945	     -0.68884760	     -0.50850640	      0.63419090	      0.31149006	      0.01389363	      0.01754712
      2.15500000	    -25.30887815	     10.69262635	     -0.84797291	    -37.34945812	     39.05393245	    -18.19440077	     -6.02435199	     12.80696511	     -0.07033722	     -5.00017551	      2.77772567	      0.08627892	    -10.63829047	     -0.39284909	      0.28469591	      5.14176481	     -0.00228782	      3.39828823	     -0.00104567	     -0.62343960	     -0.55425499	      0.61152627	      0.21751833	      0.01442420	      0.01902375
      2.16000000	    -25.67122677	     11.48712418	     -1.02743072	    -42.11223210	     38.96705634	    -19.27593882	     -6.94431163	     12.98320996	     -0.09786799	     -4.53249848	      2.54104737	      0.12468408	    -10.41350695	     -0.21908667	      0.40315380	      5.36384372	     -0.00227991	      2.98636378	     -0.00104231	     -0.80029518	     -0.47415918	      0.77544272	      0.12028470	      0.01423381	      0.01992369
      2.16500000	    -25.99417070	     10.87059079	     -1.09345511	    -46.23003873	     36.10511661	    -20.17009596	     -7.41257776	     12.54400924	     -0.06632857	     -4.66306877	      2.68505427	      0.04748771	    -10.13539906	     -0.08333581	      0.48772909	      5.27847957	     -0.00218497	      2.86638510	     -0.00095031	     -0.72506439	     -0.54723445	      0.70124152	      0.32743615	      0.01336456	      0.02023480
      2.17000000	    -25.97320133	     10.81529137	     -1.10231906	    -49.14102393	     33.76365220	    -20.85216797	     -7.76614651	     12.00222029	     -0.04404070	     -4.68679768	      2.29694575	      0.02975910	     -9.81428933	      0.01152850	      0.53872737	      5.18968744	     -0.00201085	      2.80293483	     -0.00077552	     -0.67759676	     -0.54307541	      0.68548610	      0.24077338	      0.01187999	      0.01995437
      2.17500000	    -25.62783355	     10.41256556	     -1.26652229	    -50.94738060	     28.45731767	    -21.32955700	     -8.24856746	     11.24989723	     -0.05211951	     -4.47903256	      1.94311372	      0.02459356	     -9.46190012	      0.06497519	      0.55754038	      5.21311580	     -0.00176875	      2.59464642	     -0.00052825	     -0.71098422	     -0.50780161	      0.72190606	      0.24776877	      0.00986019	      0.01908934
      2.18000000	    -25.50057313	      8.64818632	     -1.48365053	    -51.91388933	     25.15631045	    -21.10932330	     -8.56246921	      9.58864804	     -0.01198074	     -4.54582269	      1.79235562	     -0.03989860	     -9.09062545	      0.07835680	      0.54639906	      5.04771642	     -0.00147289	      2.59868574	     -0.00022280	     -0.39021578	     -0.50562268	      0.29805449	      0.27866222	      0.00739556	      0.01765617
      2.18500000	    -24.13358350	      8.84758713	     -1.45785172	    -50.84595880	     18.78936329	    -21.38087491	     -8.46331226	      8.82458567	     -0.00870226	     -4.16847987	      0.85057193	      0.02872911	     -8.71279531	      0.05434070	      0.50808984	      4.92904969	     -0.00114024	      2.41808270	      0.00012293	     -0.47259411	     -0.38085698	      0.51771166	      0.04618081	      0.00457997	      0.01568055
      2.19000000	    -23.16504159	      7.52126223	     -1.52450123	    -49.30946071	     11.07383903	    -21.06801563	     -8.38133281	      7.48365601	      0.00466731	     -4.16957388	      0.54302194	     -0.02140776	     -8.34002674	     -0.00367056	      0.44566366	      4.79355740	     -0.00079043	      2.40699471	      0.00048789	     -0.41016930	     -0.36288017	      0.50358154	      0.13566206	      0.00150432	      0.01319685
      2.19500000	    -22.38033544	      5.84498650	     -1.74845198	    -47.05745589	      4.44608307	    -20.40873751	     -8.49097736	      5.68833109	      0.00298789	     -4.08939464	      0.09563278	     -0.05114286	     -7.98275027	     -0.09204063	      0.36217380	      4.76401028	     -0.00044569	      2.39328654	      0.00084816	     -0.29600983	     -0.31395622	      0.33523287	      0.17479445	     -0.00174894	      0.01024731
      2.20000000	    -21.02391358	      4.87945472	     -1.72172184	    -43.46178167	     -1.36434731	    -19.74498178	     -8.06247329	      4.23787212	      0.02004757	     -4.01810807	     -0.63033155	     -0.05206739	     -7.64991110	     -0.20725652	      0.26047273	      4.59403056	     -0.00013091	      2.47238735	      0.00117733	     -0.24781877	     -0.23240403	      0.37918946	      0.06483960	     -0.00510942	      0.00688127
      2.20500000	    -19.74419884	      2.85662759	     -1.91468390	    -39.26803615	     -5.95187006	    -18.64128688	     -7.73008554	      1.95957767	      0.06555096	     -3.77964764	     -1.32879127	     -0.04189206	     -7.34876353	     -0.34610494	      0.14309079	      4.39988998	      0.00012633	      2.43956965	      0.00144674	     -0.03151570	     -0.14283976	      0.10250866	      0.05511304	     -0.00852036	      0.00315427
      2.21000000	    -18.44214311	      0.93833255	     -2.01295454	    -34.52513746	     -9.33941111	    -17.07303663	     -7.21415287	     -0.17183940	      0.10692371	     -3.62665946	     -1.91055240	     -0.06087055	     -7.08470156	     -0.50565891	      0.01220807	      4.21198433	      0.00029570	      2.52995125	      0.00162575	      0.07594500	     -0.05463402	     -0.01478738	      0.01777489	     -0.01193796	     -0.00087281
      2.21500000	    -16.96721274	     -0.26104212	     -1.93728117	    -29.27216515	    -12.31322620	    -15.91911795	     -6.38836127	     -1.94046444	      0.14420492	     -3.60562365	     -2.80963356	     -0.05880354	     -6.86111953	     -0.68309965	     -0.13028546	      3.99373814	      0.00034427	      2.71750562	      0.00168218	      0.05738210	     -0.00253090	      0.09100204	     -0.03178889	     -0.01532891	     -0.00513444
      2.22000000	    -15.23697558	     -1.39927871	     -1.95393910	    -23.49716684	    -12.91515958	    -14.60504219	     -5.50519263	     -3.79324068	      0.18030004	     -3.22993102	     -3.83038749	     -0.00569622	     -6.67931017	     -0.87543160	     -0.28265972	      3.79191415	      0.00023675	      2.75178354	      0.00158273	      0.00260859	      0.10441409	      0.21153950	     -0.12475726	     -0.01866665	     -0.00956110
      2.22500000	    -13.78511752	     -3.76579713	     -2.06650871	    -17.79778990	     -9.03539290	    -12.73882866	     -4.49321978	     -6.24611258	      0.26753654	     -2.89618797	     -4.43626541	     -0.02086007	     -6.53843219	     -1.07916780	     -0.44317136	      3.48121713	     -0.00006162	      2.83362746	      0.00129358	      0.22052257	      0.17396222	     -0.06616775	     -0.08701104	     -0.02192729	     -0.01407985
      2.23000000	    -11.45404736	     -5.32801354	     -2.01855654	    -11.23813959	     -2.31463979	    -11.20486956	     -2.88562920	     -8.17257599	      0.37682163	     -2.17173822	     -5.25787789	      0.03087111	     -6.43560142	     -1.29006789	     -0.60987902	      2.99369910	     -0.00057059	      2.75795140	      0.00078124	      0.36395238	      0.29793877	     -0.13142949	     -0.13059216	     -0.02508653	     -0.01861486
      2.23500000	     -9.49900625	     -6.79734756	     -1.97383073	     -5.22952477	      6.80239078	     -9.43473574	     -1.33793768	    -10.01772714	      0.46036796	     -1.55929270	     -6.01703668	      0.05266252	     -6.36612272	     -1.50300626	     -0.78047444	      2.58819575	     -0.00132851	      2.78233975	      0.00001352	      0.34487579	      0.36866410	     -0.05374511	     -0.12227240	     -0.02811311	     -0.02308817
      2.24000000	     -7.46087084	     -7.75114715	     -1.86493967	      0.76157765	     22.76911602	     -7.92983565	      0.50342830	    -11.58422254	      0.54695110	     -0.78457239	     -6.94445080	      0.11056773	     -6.32382265	     -1.71202697	     -0.95215147	      2.12411798	     -0.00236317	      2.85231286	     -0.00100885	      0.45502643	      0.47830314	     -0.09828587	     -0.27840655	     -0.03097027	     -0.02742371
      2.24500000	     -5.60036849	     -9.40070837	     -1.92796793	      6.15177262	     40.11484838	     -6.40303866	      2.19996676	    -13.01706141	      0.59240020	      0.15871859	     -7.21252718	      0.07804790	     -6.30141735	     -1.91060768	     -1.12153179	      1.78971596	     -0.00369811	      2.70901290	     -0.00231739	      0.50134554	      0.49703466	     -0.13013156	     -0.05326875	     -0.03361542	     -0.03154163
      2.25000000	    -10.58669885	      4.51187534	     -2.15198805	      2.13336169	     31.01362595	    -16.18126871	     -3.65994846	     -2.68351902	     -0.47325490	      0.18967479	     -7.49281017	     -0.07427464	     -6.29084629	     -2.09212204	     -1.28466270	      6.05727576	     -0.00535141	      3.23006510	     -0.00393223	     -2.95282403	      0.38196121	      1.80857723	      0.07455477	     -0.03600316	     -0.03536581
      2.25500000	      1.15403744	     15.37391909	      0.10683563	     13.30319965	    -10.21313845	    -21.33231698	      6.10253054	      5.32386034	     -2.04844968	     -1.01488388	     -7.61069272	      0.31516552	     -6.28350496	     -2.25046095	     -1.43709191	     -0.20745448	     -0.00733451	      3.95710936	     -0.00586461	     -5.76410767	     -0.72794222	      3.50460206	     -0.01684426	     -0.03809028	     -0.03882621
      2.26000000	      9.84301622	     -2.04210239	      0.32200072	     23.48200752	    -40.15021946	    -10.76740677	     14.70802995	     -1.20270061	     -1.63814829	     -1.79038208	     -2.03406731	     -0.46878898	     -6.27032038	     -2.38074084	     -1.57401427	     -5.91157254	     -0.00965113	      2.14410320	     -0.00811947	     -4.94571938	     -4.71929277	      2.83748652	      0.91845874	     -0.03984143	     -0.04186221
      2.26500000	     27.83066973	     -9.74597230	     -1.27093173	     43.40955109	    -55.21207213	     -2.47416140	     18.63483842	     -4.94277798	     -1.25345031	     11.23069012	      0.45090284	     -1.00707616	     -6.24162443	     -2.47999988	     -1.69047797	     -9.62606918	     -0.01229634	     -5.95648180	     -0.01069473	     -6.46686501	     -5.57242240	      2.94259012	      1.22906231	     -0.04123410	     -0.04442643
      2.27000000	     36.59296325	     -6.70443597	     -2.56861305	     52.76505055	    -60.60914666	     -0.56485953	     17.06304961	     -7.75809474	     -0.72777795	     21.02729827	     -3.65718111	     -0.56483128	     -6.18679387	     -2.54777714	     -1.78162996	    -11.20547106	     -0.01525556	    -11.48722513	     -0.01358062	     -9.52693198	     -5.81238117	      3.31416068	      0.55722102	     -0.04226169	     -0.04648781
      2.27500000	     33.53596811	     -4.37021037	     -4.31412888	     49.70143476	    -65.53767920	     -3.28245265	     11.05258024	     -6.23766126	     -0.69356850	     24.25074691	     -4.17956940	     -0.50074089	     -6.09365257	     -2.58648230	     -1.84297184	     -9.19600472	     -0.01850340	    -14.46656336	     -0.01675899	    -12.06295698	     -8.21526040	      3.85461218	      0.90290927	     -0.04293450	     -0.04803303
      2.28000000	     17.16629931	     -2.84161639	     -5.45485486	     33.35342942	    -37.72017536	     -4.30229410	      2.05085832	     -3.12618557	     -0.79450353	     19.58844042	     -1.96419756	     -0.80016950	     -5.94767826	     -2.60148942	     -1.87059827	     -4.30105903	     -0.02200231	    -12.59446379	     -0.02020238	    -14.28273783	    -10.63681207	      4.72155801	      1.63233808	     -0.04327878	     -0.04906658
      2.28500000	      1.86045208	     -3.99605993	     -5.30141587	     18.14089407	      8.37131503	     -1.91050465	     -2.47826740	     -2.94520034	     -0.58869337	     12.51104593	     -0.18780982	     -1.06203836	     -5.73111710	     -2.60093363	     -1.86140163	     -2.17296336	     -0.02582452	     -9.13701176	     -0.02387309	    -15.42355032	    -12.48854798	      4.95901140	      2.43308788	     -0.04334454	     -0.04960958
      2.29000000	     -3.82910187	     -3.68521689	     -3.49313761	     12.82705870	     65.62180166	      0.60606770	      1.17919581	     -4.01232992	     -0.54661795	      6.75913386	     -1.04507436	     -0.93334556	     -5.42217452	     -2.59524404	     -1.81323567	     -5.13975372	     -0.02975626	     -5.98869939	     -0.02778248	    -15.28936732	    -13.46977835	      4.87748894	      2.75311421	     -0.04317731	     -0.04970259
      2.29500000	     -4.13814317	     -3.06901616	     -1.62513813	     12.82204175	    105.59538903	      4.81353473	      6.10414020	     -5.50393172	     -0.42134054	      3.92851023	     -1.88338814	     -0.82239626	     -4.99450417	     -2.59648213	     -1.72503506	    -10.38809798	     -0.03365247	     -4.63789013	     -0.03185409	    -16.45125179	    -14.41118041	      4.84929526	      3.01233666	     -0.04283283	     -0.04939808
      2.30000000	     -0.81346722	     -2.20869408	     -0.98973900	     15.29397141	    112.58245463	     11.12757730	      7.97168248	     -6.66746396	     -0.22647351	      5.96902955	     -1.80706573	     -0.91281937	     -4.41723394	     -2.61756848	     -1.59689850	    -16.23424961	     -0.03737783	     -6.89725675	     -0.03589375	    -19.89764255	    -15.64460527	      5.90346394	      3.30767613	     -0.04237085	     -0.04875111
      2.30500000	     -0.50982985	     -7.41290531	     -1.50515515	     14.73331954	     92.01212975	     18.69442102	      6.36777933	     -8.15013113	      0.32715915	      7.54927966	      2.09493336	     -1.79021939	     -3.65571341	     -2.67147675	     -1.43015280	    -21.05979642	     -0.04078606	    -11.07885357	     -0.03978519	    -23.76460272	    -19.35323707	      6.54783019	      4.51855703	     -0.04184827	     -0.04783031
      2.31000000	     -2.23132358	    -12.89439618	     -1.70567706	     12.17194546	     61.60384813	     23.65838236	      4.86074414	     -9.67368271	      0.94587044	      6.49780729	      5.23596065	     -2.55418672	     -2.67304418	     -2.77044195	     -1.22741001	    -26.44222429	     -0.04372737	    -15.21252524	     -0.04340484	    -27.36100873	    -24.58579146	      7.07507849	      5.90010687	     -0.04131391	     -0.04670861
      2.31500000	      2.43283177	    -18.65384591	     -2.25542853	     16.56345899	     16.02383960	     27.64823868	      4.83552125	    -11.18537928	      1.51596004	      9.03935424	      8.02968865	     -3.33514472	     -1.43231810	     -2.92517813	     -0.99261518	    -33.64997905	     -0.04602968	    -22.70537433	     -0.04662739	    -31.43070687	    -30.20869431	      7.79142216	      7.36099955	     -0.04080601	     -0.04545820
      2.32000000	     11.88419784	    -20.81871135	     -3.06949121	     26.54861205	    -36.31105844	     28.65923655	      5.42659220	    -11.40461178	      1.73405364	     14.63801587	      8.92393933	     -3.69776306	      0.10062186	     -3.14407006	     -0.73106745	    -42.15842626	     -0.04735440	    -32.33192883	     -0.04933224	    -35.95865314	    -36.01492465	      8.88067808	      8.30565447	     -0.04036755	     -0.04414528
      2.32500000	     15.25096489	    -23.64566032	     -3.78814178	     29.59315397	    -87.25811973	     28.96125483	      3.64715543	    -11.24797540	      2.05688176	     16.69623688	     10.84037160	     -4.34352438	      1.95416631	     -3.43232240	     -0.44938276	    -49.73380154	     -0.04813399	    -40.74420829	     -0.05135526	    -40.44168668	    -42.05570052	      9.76171226	      9.60216610	     -0.03998315	     -0.04282942
      2.33000000	     11.89033596	    -25.79118480	     -4.15816682	     24.89861696	   -128.86659909	     27.37279657	     -0.22073033	    -10.59851633	      2.44278706	     14.59417332	     12.71715325	     -5.00391927	      4.14797753	     -3.79110637	     -0.15536172	    -56.02979431	     -0.04838783	    -47.16259493	     -0.05259750	    -44.42984254	    -47.96902137	     10.28074909	     10.90458821	     -0.03964559	     -0.04156355
      2.33500000	      6.95237398	    -22.95056385	     -4.31541204	     18.07410541	   -159.78833299	     19.84916646	     -5.19655424	     -9.04650301	      2.66676746	     11.96139829	     11.03444482	     -4.72928555	      6.69035910	     -4.21680994	      0.14226053	    -61.28043755	     -0.04815252	    -53.38080761	     -0.05332960	    -47.98759357	    -53.09957861	     10.87054160	     11.68375650	     -0.03933883	     -0.04036202
      2.34000000	     -0.10039214	    -17.72630527	     -4.04386992	      8.56375072	   -178.43673555	      8.86666004	    -10.40750562	     -6.81875567	      2.70455721	      7.62782301	      7.82577055	     -3.95924049	      9.57617169	     -4.70055112	      0.43418122	    -65.52910087	     -0.04747885	    -58.58888913	     -0.05355762	    -50.99029338	    -57.43613287	     11.32521298	     12.22605252	     -0.03904295	     -0.03924072
      2.34500000	     -8.74778239	    -15.33754755	     -3.09692279	     -3.22395733	   -186.26921974	      1.22994960	    -13.83689878	     -4.36532071	      2.48510165	      0.30854519	      7.34913509	     -3.87589617	     12.78546299	     -5.22812671	      0.71098515	    -70.00609532	     -0.04642862	    -61.55392777	     -0.05330080	    -53.25392173	    -61.25995172	     11.67837754	     12.97711726	     -0.03873902	     -0.03820609
      2.35000000	    -10.77244553	    -13.36808125	     -2.08957377	     -7.47977235	   -186.08497207	     -5.11935909	    -14.08362272	     -1.73405642	      1.84754084	     -3.97232094	      7.13381264	     -3.84597136	     16.28294208	     -5.78051718	      0.96363869	    -75.36166239	     -0.04510721	    -65.53636935	     -0.05259109	    -55.02341911	    -64.04655449	     12.01943428	     13.24472721	     -0.03842203	     -0.03725842
      2.35500000	     -7.82006059	    -12.18680654	     -1.16304979	     -6.26154232	   -175.92372256	    -10.70486691	    -11.98350244	     -0.36269073	      1.36621044	     -5.74361949	      6.10006684	     -3.53239770	     20.01837024	     -6.33497020	      1.18396914	    -81.37617313	     -0.04329866	    -70.03891490	     -0.05147246	    -55.54729908	    -66.01138269	     11.74150038	     13.10792093	     -0.03807582	     -0.03639495
      2.36000000	     -3.15074816	    -12.89577907	     -0.15938230	     -2.99473977	   -160.05797017	    -12.97282757	     -8.58486526	      0.83631486	      0.73322107	     -7.12299202	      6.67662738	     -3.72213063	     23.92787972	     -6.86658942	      1.36508457	    -87.25211288	     -0.04107593	    -73.78939632	     -0.05001119	    -56.10693573	    -67.24305739	     11.68068915	     13.18564058	     -0.03770160	     -0.03561355
      2.36500000	      4.29893703	    -15.20460882	      0.71948223	      2.92198099	   -139.22712920	    -12.68540811	     -3.75876410	      1.45259603	      0.09387539	     -7.18157243	      8.15533244	     -4.23064552	     27.93617658	     -7.35027994	      1.50169894	    -93.45442469	     -0.03854649	    -77.30576080	     -0.04819775	    -55.94630342	    -67.69854924	     11.34496645	     13.19429295	     -0.03730984	     -0.03491491
      2.37000000	     14.15705715	    -17.84946196	      1.30477759	     11.36933215	   -115.76029041	    -10.87236833	      1.61664059	      1.36327755	     -0.40864024	     -5.50232306	      9.30586044	     -4.65310465	     31.95950392	     -7.76284820	      1.59033580	    -99.53121329	     -0.03583100	    -80.95249365	     -0.04599433	    -55.33793389	    -67.62341555	     11.05260327	     12.96491367	     -0.03691752	     -0.03429324
      2.37500000	     23.54324888	    -19.31527797	      1.40039172	     19.44161141	    -90.52168821	     -9.44272585	      5.46203554	      1.60904817	     -0.92179342	     -2.74677614	     10.03446437	     -4.94492907	     35.90914540	     -8.08503281	      1.62939193	   -103.98287022	     -0.03305557	    -84.51249450	     -0.04350328	    -54.85243324	    -67.15021300	     10.96820555	     12.57080010	     -0.03654522	     -0.03375056
      2.38000000	     30.53395567	    -20.86391422	      1.03047194	     24.20432476	    -64.09903517	     -7.70591182	      7.42951300	      1.96945839	     -1.30431727	     -0.17796077	     11.09808770	     -5.36769142	     39.69518219	     -8.30325323	      1.61905351	   -106.62408523	     -0.03034434	    -87.68750807	     -0.04083761	    -54.07160028	    -66.34293157	     11.02090979	     12.17835590	     -0.03621372	     -0.03329096
      2.38500000	     35.21711869	    -22.46410506	      0.09353377	     26.40287841	    -33.84971845	     -6.38072181	      7.41064297	      1.48394616	     -1.13904433	      2.60026747	     11.63839283	     -5.60407568	     43.23020073	     -8.41088403	      1.56107725	   -107.46786102	     -0.02780995	    -90.45145907	     -0.03811496	    -52.91824097	    -65.16573542	     10.49246162	     11.80145635	     -0.03594098	     -0.03291985
      2.39000000	     38.54121840	    -23.76433567	     -1.07768831	     26.82898270	     -6.24698783	     -4.63942871	      6.45430078	      0.91738889	     -0.83007428	      5.18835718	     11.97641043	     -5.74915780	     46.43267230	     -8.40889559	      1.45847138	   -107.45718067	     -0.02558001	    -92.96268754	     -0.03545152	    -51.75418641	    -63.98828647	     10.46690967	     11.51454937	     -0.03573927	     -0.03264293
      2.39500000	     40.08243808	    -25.99767321	     -2.13139526	     25.19392755	     22.37199007	     -2.41533682	      5.62805992	     -1.38103403	      0.19305360	      6.43699203	     11.48118119	     -5.51480874	     49.22978470	     -8.30577188	      1.31513364	   -107.40428605	     -0.02376419	    -94.44476266	     -0.03295640	    -50.01661047	    -62.72431094	      9.78906904	     11.34611128	     -0.03560902	     -0.03246469
      2.40000000	     41.09893371	    -27.50835214	     -2.61086279	     23.36122598	     40.84791915	      0.68966885	      5.68466074	     -3.50330211	      1.04914325	      6.16348565	     10.67557067	     -5.08670170	     51.55960087	     -8.11671618	      1.13551282	   -108.21592393	     -0.02240047	    -95.26373390	     -0.03072658	    -49.20487257	    -61.71555028	      9.91033416	     11.18918469	     -0.03554414	     -0.03238700
      2.40500000	     42.41234728	    -30.03760675	     -2.98686685	     22.22622060	     57.08288466	      4.59221504	      6.64079153	     -7.04839543	      2.42085175	      5.68364999	      9.29332522	     -4.38589911	     53.37252764	     -7.86224732	      0.92435060	   -109.74094064	     -0.02151004	    -95.88336718	     -0.02884284	    -47.95944218	    -60.76702039	      9.43692038	     10.89776204	     -0.03552885	     -0.03240757
      2.41000000	     43.77055519	    -32.06810790	     -3.36917000	     21.19285919	     62.41756934	      7.54865981	      7.65852785	     -9.96826980	      3.53234169	      5.15677437	      8.04643633	     -3.70909461	     54.63216753	     -7.56635799	      0.68653591	   -111.62108751	     -0.02109729	    -97.19028683	     -0.02736676	    -47.09151724	    -60.15435344	      9.43919240	     10.85790727	     -0.03553861	     -0.03251895
      2.41500000	     42.79342467	    -33.42215420	     -3.99187698	     18.56818607	     62.75563246	      9.53749834	      7.09467806	    -13.07966047	      4.93486099	      4.26267831	      6.25988449	     -2.76323012	     55.31569086	     -7.25444829	      0.42707639	   -112.73565572	     -0.02115001	    -98.25744541	     -0.02633882	    -46.89506512	    -60.00547766	      9.42117932	     10.90920072	     -0.03554212	     -0.03270793
      2.42000000	     41.10417289	    -33.48244512	     -4.76031482	     15.01897829	     60.29912097	      9.65094493	      5.88922404	    -15.48853553	      6.11901396	      3.74195087	      4.22299185	     -1.70508438	     55.41390172	     -6.95125085	      0.15116390	   -113.50572323	     -0.02164018	    -99.44316031	     -0.02577779	    -46.76532873	    -59.80253495	      9.60401266	     11.07989450	     -0.03550416	     -0.03295584
      2.42500000	     37.47921577	    -33.34105028	     -5.60853745	      9.52188541	     52.28089035	      9.17930305	      3.73700003	    -17.35801391	      7.17389849	      2.63496133	      2.72079716	     -0.85100524	     54.93115376	     -6.67892803	     -0.13570775	   -113.86249820	     -0.02252524	   -100.32214045	     -0.02568118	    -47.23629858	    -59.76311287	      9.94851911	     11.48442214	     -0.03538896	     -0.03323950
      2.43000000	     31.02096361	    -31.75464575	     -6.62590636	      0.15397477	     35.24460858	      7.00026635	     -0.38861528	    -18.86525384	      8.32963951	      0.93546776	      0.80840223	      0.17865568	     53.88520063	     -6.45547323	     -0.42761214	   -114.25480008	     -0.02375005	   -100.86593789	     -0.02602663	    -48.11319153	    -59.85930665	     10.20540735	     11.77118905	     -0.03516386	     -0.03353305
      2.43500000	     21.18453950	    -28.14495093	     -7.79120035	    -13.04452704	     12.09730815	      3.34605007	     -6.75766237	    -18.51806046	      8.91181819	     -1.54237808	     -0.42664562	      0.91530343	     52.30697596	     -6.29350974	     -0.71807700	   -113.69701723	     -0.02524959	   -100.49114217	     -0.02677420	    -50.06727521	    -59.97975706	     10.83726217	     11.98042018	     -0.03480300	     -0.03381017
      2.44000000	      9.89879441	    -24.62816809	     -8.41526422	    -28.03460548	    -10.27195650	     -0.73766590	    -12.33867701	    -17.99822354	      9.33441634	     -5.66213468	     -1.59811825	      1.63115146	     50.24021114	     -6.19954960	     -1.00002122	   -113.24115892	     -0.02695222	    -98.69249095	     -0.02786927	    -51.66773367	    -60.20308990	     11.34851293	     12.07089675	     -0.03429063	     -0.03404667
      2.44500000	     -1.15983881	    -21.92003001	     -9.18131089	    -42.61166302	    -33.72790042	     -4.87852745	    -17.88458273	    -16.61436941	      9.35777408	     -9.22021552	     -1.38397542	      1.70268203	     47.74073179	     -6.17373550	     -1.26577924	   -111.99092042	     -0.02878343	    -96.99269087	     -0.02924574	    -53.45547611	    -60.24026177	     12.09138026	     12.56108431	     -0.03362374	     -0.03422296
      2.45000000	    -10.57185985	    -19.15296905	     -9.28045633	    -54.51098552	    -55.06159693	    -10.06561000	    -20.95073472	    -14.61748062	      8.80141902	    -13.34542601	     -1.25518163	      1.78474658	     44.87524908	     -6.21005543	     -1.50724481	   -110.87545635	     -0.03066970	    -94.56803207	     -0.03082956	    -54.62730568	    -60.64352500	     12.89227039	     12.83715006	     -0.03281376	     -0.03432613
      2.45500000	    -17.52080856	    -18.12547836	     -9.18459761	    -62.98859867	    -72.49160444	    -15.12370431	    -22.07927877	    -12.68127151	      8.06511646	    -16.63740427	     -0.36309224	      1.49315999	     41.71949068	     -6.29700526	     -1.71615480	   -109.33535491	     -0.03254227	    -92.43361371	     -0.03254226	    -55.05633794	    -60.77909349	     13.15409554	     12.97085400	     -0.03188701	     -0.03435138
      2.46000000	    -22.30482858	    -16.43153722	     -8.82619750	    -67.83858774	    -85.83725519	    -19.73514510	    -21.80725759	     -9.69758414	      6.69118828	    -19.03374590	      1.00960033	      0.96079285	     38.35559521	     -6.41864627	     -1.88451389	   -107.47448593	     -0.03434042	    -89.52118153	     -0.03430429	    -55.63918111	    -60.76372785	     13.81889705	     12.95976510	     -0.03088378	     -0.03430260
      2.46500000	    -25.08181986	    -15.46661520	     -8.36335880	    -69.26400478	    -92.62047392	    -24.14074869	    -20.14094217	     -6.10902231	      4.92269451	    -20.59206442	      3.29338551	      0.02082335	     34.86881926	     -6.55594960	     -2.00512544	   -104.78446876	     -0.03601396	    -86.13679787	     -0.03603824	    -55.72478650	    -60.68479898	     14.38273159	     13.13574036	     -0.02985598	     -0.03419203
      2.47000000	    -24.11383437	    -14.25417597	     -7.71562736	    -65.18241926	    -88.44431359	    -27.19912176	    -16.72220282	     -2.70955695	      3.07170932	    -19.94680236	      5.21942584	     -0.81233509	     31.34374734	     -6.68828810	     -2.07215452	   -101.73366855	     -0.03751009	    -82.41784310	     -0.03767162	    -55.51163624	    -59.81493401	     14.85904721	     12.83377771	     -0.02886452	     -0.03403916
      2.47500000	    -19.21368227	    -14.77636542	     -6.81777501	    -55.42656874	    -76.14460474	    -27.64703928	    -10.98455120	     -0.59772468	      1.53911534	    -17.65477084	      7.25205967	     -1.72188972	     27.86031996	     -6.79494049	     -2.08163580	    -99.04251755	     -0.03875025	    -78.40738016	     -0.03913930	    -54.73805345	    -58.52746651	     15.04498948	     12.61899817	     -0.02797417	     -0.03386880
      2.48000000	    -10.65900287	    -17.31398339	     -5.68500760	    -40.42330023	    -57.83240136	    -24.95018003	     -3.09143419	     -0.25055877	      0.51432493	    -13.97900649	      9.13625487	     -2.57386308	     24.49008440	     -6.85647994	     -2.03185662	    -96.93504809	     -0.03970585	    -74.26420901	     -0.04038539	    -53.32986838	    -56.97945091	     14.85966296	     12.24502471	     -0.02724757	     -0.03370870
      2.48500000	     -1.38438837	    -20.39938838	     -4.86520846	    -24.50811591	    -36.89220947	    -20.25214897	      3.89821546	     -1.01061630	      0.05548044	     -8.80947830	     10.61037854	     -3.29009542	     21.29309014	     -6.85594777	     -1.92357684	    -94.07639662	     -0.04035883	    -70.51684119	     -0.04136475	    -51.84483170	    -54.82465462	     14.75480487	     11.74473704	     -0.02674290	     -0.03358694
      2.49000000	      6.64929508	    -21.19307757	     -3.87808211	     -9.79184139	    -11.29009512	    -17.47330461	     10.16213831	     -1.64051825	     -0.37195802	     -4.21947263	     10.42516122	     -3.35943409	     18.31576859	     -6.77977533	     -1.76007936	    -90.42422949	     -0.04070201	    -65.91523279	     -0.04204385	    -49.79114523	    -52.51719293	     14.35797784	     10.90322404	     -0.02650903	     -0.03352927
      2.49500000	     13.38113925	    -22.83023770	     -3.37647222	      2.87282913	     11.24049496	    -14.02252218	     14.53409817	     -2.84439668	     -0.38495211	      0.64955538	     10.55983162	     -3.56837259	     15.58998670	     -6.61846220	     -1.54707125	    -85.90048840	     -0.04073774	    -61.86539879	     -0.04240123	    -47.46513017	    -49.88234288	     13.69286993	     10.30444259	     -0.02658203	     -0.03355671
      2.50000000	     17.85686557	    -23.71976108	     -2.91259334	     12.71397005	     29.71790890	    -10.45215890	     17.42120086	     -3.80804185	     -0.34901122	      4.34780899	     10.62877516	     -3.71296435	     13.13330002	     -6.36702351	     -1.29246575	    -80.89545498	     -0.04047644	    -57.25163681	     -0.04251738	    -45.25954497	    -47.26184923	     13.24181274	      9.90863984	     -0.02698253	     -0.03368764
      2.50500000	     21.82102425	    -23.45148251	     -2.25266656	     21.38359819	     45.92052062	     -7.26255792	     20.07218784	     -4.73478102	     -0.34526388	      7.35401468	      9.94920495	     -3.59574251	     10.95026953	     -6.02521340	     -1.00606767	    -76.15503692	     -0.03993509	    -52.47746510	     -0.04249137	    -42.66836909	    -44.29937792	     12.57460294	      9.13008026	     -0.02771401	     -0.03392703
      2.51000000	     23.94058304	    -23.66965741	     -1.71652384	     28.02094227	     58.00040901	     -3.09290565	     21.48373787	     -6.05496374	     -0.11322041	      9.36512319	      9.48134792	     -3.52458890	      9.03457467	     -5.59752465	     -0.69917068	    -71.02301903	     -0.03913587	    -47.54969972	     -0.04231448	    -40.22363889	    -41.36757822	     11.84518089	      8.46773200	     -0.02876213	     -0.03427062
      2.51500000	     24.35352467	    -22.73805095	     -1.08853424	     32.39549673	     66.20617868	      0.50227607	     22.15580161	     -6.41121590	     -0.17055867	     10.01220157	      9.23942369	     -3.48292589	      7.37158065	     -5.09295748	     -0.38407094	    -65.79756666	     -0.03819182	    -42.13343237	     -0.04199009	    -37.75453301	    -38.45361528	     11.21656849	      7.83414575	     -0.03009836	     -0.03470709
      2.52000000	     22.57120544	    -21.36214217	     -0.71581717	     34.02833563	     72.17813704	      3.48571997	     21.14249014	     -6.06813966	     -0.31622592	      9.92725011	      9.43583336	     -3.55548480	      5.94100387	     -4.52456036	     -0.07351304	    -59.63315235	     -0.03726136	    -36.87560308	     -0.04151871	    -35.39735143	    -35.29015953	     10.54481687	      7.31439604	     -0.03167478	     -0.03521688
      2.52500000	     18.76789466	    -17.79683595	     -0.54917587	     33.54410276	     76.70743689	      4.46287990	     18.39529286	     -4.93921253	     -0.56137823	      9.33028362	      8.70962381	     -3.33606084	      4.71935053	     -3.90876178	      0.21990194	    -52.75867720	     -0.03633060	    -31.51208895	     -0.04089743	    -33.05876187	    -32.34155600	      9.90905788	      6.70964157	     -0.03342627	     -0.03577319
      2.53000000	     14.40411098	    -14.11994396	     -0.69758630	     32.50709027	     80.86488085	      5.66508311	     14.56708612	     -3.64523029	     -0.76625277	      9.09432840	      8.12487047	     -3.15775790	      3.68187604	     -3.26451613	      0.48431190	    -45.40251384	     -0.03540430	    -26.69676437	     -0.04011969	    -30.80677832	    -29.24182403	      9.21705152	      5.95885746	     -0.03527865	     -0.03634327
      2.53500000	      8.58959657	    -10.64543761	     -0.75692057	     29.89631036	     84.05404113	      6.79085408	     10.55385343	     -1.79127182	     -1.10955767	      7.46792524	      8.17727306	     -3.10163297	      2.80392746	     -2.61228285	      0.70915752	    -37.94029260	     -0.03447418	    -21.54169059	     -0.03896527	    -28.62547352	    -26.30293823	      8.54975415	      5.37620086	     -0.03714930	     -0.03690046
      2.54000000	      3.27564514	     -8.06456687	     -0.83353771	     27.62748024	     84.21864706	      8.53174970	      6.87442915	     -0.75104523	     -1.24358571	      5.72810930	      8.14593045	     -3.00668400	      2.06168077	     -1.97286193	      0.88568179	    -31.23232489	     -0.03351890	    -16.78384959	     -0.03735813	    -26.41115076	    -23.51139347	      7.77403866	      4.94291153	     -0.03895085	     -0.03740069
      2.54500000	     -1.63343152	     -4.23743050	     -0.41478272	     25.75341726	     82.16389169	      9.02996436	      4.30750985	      0.82022013	     -1.58305396	      2.99416277	      7.26257862	     -2.67859010	      1.43241674	     -1.36612714	      1.00734852	    -25.21644310	     -0.03250538	    -11.91908370	     -0.03544567	    -24.39066786	    -21.04103918	      7.38153684	      4.36316341	     -0.04059518	     -0.03779413
      2.55000000	     -5.47043224	     -2.26279890	      0.03987393	     24.74118295	     79.91552303	     10.60373897	      2.79826846	      1.36874830	     -1.70969583	      0.17702767	      6.79565830	     -2.44170069	      0.89453803	     -0.80972524	      1.07018218	    -20.17558373	     -0.03107371	     -7.43753318	     -0.03327914	    -22.17923613	    -18.62464676	      6.60594807	      3.87982170	     -0.04201182	     -0.03803789
      2.55500000	     -8.22647842	     -0.13828580	      0.15449043	     24.49050160	     77.67763532	     11.48230426	      0.98846940	      1.87880491	     -1.78804011	     -1.32908259	      5.96999162	     -2.13622829	      0.42753124	     -0.31785279	      1.07303237	    -15.24344467	     -0.02930539	     -4.02240386	     -0.03091239	    -19.90187157	    -16.34437267	      5.93348054	      3.37197384	     -0.04311139	     -0.03809018
      2.56000000	    -10.36865072	      1.89510718	      0.26685109	     24.50349811	     75.47417167	     12.20252398	     -0.63846792	      2.10612742	     -1.78239248	     -2.44047180	      4.94740159	     -1.81000493	      0.01203917	      0.09972771	      1.01774539	    -10.78343775	     -0.02730232	     -1.07852878	     -0.02839990	    -17.94295840	    -14.02917120	      5.21296402	      2.91770073	     -0.04382185	     -0.03791142
      2.56500000	    -12.21557720	      4.91037935	      0.55738659	     23.98682241	     72.53984813	     11.96867716	     -1.74760840	      3.24259524	     -1.98991010	     -3.80942765	      3.83292824	     -1.45371263	     -0.36988900	      0.43825831	      0.90920520	     -6.82720482	     -0.02510851	      1.72244682	     -0.02579512	    -16.12504452	    -11.87681077	      4.89923568	      2.39979047	     -0.04408861	     -0.03746530
      2.57000000	    -13.13193256	      5.07483231	      0.44734391	     24.09416671	     70.59915266	     13.37373617	     -2.70432949	      2.88329575	     -1.85348794	     -4.31167451	      3.52751481	     -1.27619731	     -0.73441472	      0.69802140	      0.75519950	     -3.37966056	     -0.02277527	      3.68254519	     -0.02331177	    -14.22717962	     -9.88945664	      4.19690965	      2.12953675	     -0.04387279	     -0.03672820
      2.57500000	    -13.29482907	      5.07157218	      0.41240721	     24.10961924	     68.71801068	     14.52550892	     -2.95888466	      2.63229303	     -1.77456435	     -4.72818126	      3.30900604	     -1.11514511	     -1.09548622	      0.88379939	      0.56607376	     -0.65232905	     -0.02035905	      5.28773810	     -0.02090861	    -12.29658618	     -8.02790021	      3.64424397	      1.87040580	     -0.04315263	     -0.03566521
      2.58000000	    -13.62837775	      4.05535882	      0.36223321	     23.26125314	     71.16290070	     15.82287432	     -2.82954962	      1.57445481	     -1.53026115	     -5.37861335	      2.92341952	     -0.89415570	     -1.46445799	      1.00380450	      0.35415583	      1.51280484	     -0.01791875	      6.76539768	     -0.01855149	    -10.01332462	     -6.25422328	      2.71486899	      1.44349112	     -0.04192384	     -0.03425259
      2.58500000	    -13.74591708	      2.48612321	      0.32237843	     22.17264351	     69.67148901	     17.14726728	     -2.25369390	      1.12373974	     -1.44122173	     -6.39848210	      3.47306862	     -0.83572934	     -1.84983374	      1.06821748	      0.13297429	      3.19081181	     -0.01567865	      8.18050617	     -0.01625087	     -8.10448085	     -5.02978850	      2.23135522	      1.40251341	     -0.04020731	     -0.03247751
      2.59000000	    -14.26937437	      0.59652012	      0.11076045	     19.98371249	     72.49100909	     18.69016553	     -2.07480787	      0.03415525	     -1.21404359	     -7.06979396	      3.56985413	     -0.64478648	     -2.25719988	      1.08753974	     -0.08366098	      4.75795244	     -0.01352797	      9.15607235	     -0.01401629	     -6.16879452	     -3.60691803	      1.58994540	      0.99593791	     -0.03802122	     -0.03033653
      2.59500000	    -15.52519358	     -1.79653447	     -0.03789354	     16.87405294	     74.18122277	     20.15820102	     -1.79759508	     -0.91367217	     -1.02463367	     -8.52113314	      4.15495075	     -0.53063096	     -2.68937734	      1.07097960	     -0.28262400	      6.03028820	     -0.01148430	     10.41734759	     -0.01185813	     -4.56519535	     -2.62358326	      1.07788884	      0.90781436	     -0.03540837	     -0.02783712
      2.60000000	    -15.39211277	     -4.46744285	     -0.23830962	     14.49022587	     73.43798534	     21.02173506	     -1.37801462	     -1.86870963	     -0.83906090	     -8.81607086	      4.82856070	     -0.58660330	     -3.14678249	      1.02508299	     -0.45238808	      6.76895876	     -0.00957264	     10.70270328	     -0.00978902	     -2.88535857	     -1.64956910	      0.55114621	      0.85872765	     -0.03242458	     -0.02499918
      2.60500000	    -14.26426763	     -7.38142171	      0.21009857	     13.58905611	     70.39697299	     21.36657195	     -0.99028744	     -2.32281569	     -0.72747994	     -8.25053071	      6.09951799	     -1.61712363	     -3.62796322	      0.95279870	     -0.58379978	      7.28579371	     -0.00781606	     10.57355829	     -0.00782446	     -1.57917366	     -1.19666435	      0.18093785	      1.31360961	     -0.02913602	     -0.02185630
      2.61000000	    -11.59163497	     -6.55714238	     -1.79000093	     14.39445640	     60.88708280	     20.26300397	     -1.17156926	     -1.34051593	     -1.99577043	     -5.72938130	      5.90385950	     -1.02137076	     -4.13023426	      0.85313165	     -0.67063796	      8.49078812	     -0.00623508	      8.99634732	     -0.00598285	     -1.60196799	     -0.54046590	      0.77791066	      0.80026974	     -0.02561699	     -0.01845666
      2.61500000	     -7.42501414	     -6.14711778	     -1.14217277	     15.68854455	     49.64406675	     16.75581563	      1.34890232	     -1.54230365	     -1.38042088	     -4.62531257	      4.61209309	     -0.49281512	     -4.65027413	      0.72148606	     -0.70991869	      6.93759637	     -0.00484661	      8.20494319	     -0.00427301	     -0.23966717	     -0.12464390	     -0.14388317	      0.22491008	     -0.02194794	     -0.01486489
      2.62000000	     -5.20441029	     -5.16680552	     -0.30204435	     15.14276187	     31.79508085	     13.17668689	      3.05003731	      0.26551078	     -1.01411992	     -4.82976155	      4.82755504	     -0.31222271	     -5.18450911	      0.55073352	     -0.70194228	      6.22126923	     -0.00366261	      8.03818214	     -0.00274828	     -0.04334081	     -0.11532295	      0.13799880	      0.26222600	     -0.01821374	     -0.01115649
      2.62500000	     -5.57260817	     -4.77433799	     -0.05726061	     12.33897763	     18.97698578	     10.28541693	      3.09629196	      1.80105581	     -0.86551295	     -5.47666249	      5.41183969	     -0.25523276	     -5.72913903	      0.33294542	     -0.65010481	      6.28281411	     -0.00268880	      8.20280086	     -0.00143401	      0.06984593	     -0.12858169	      0.19322331	      0.30937890	     -0.01450216	     -0.00742142
      2.63000000	     -8.89629578	     -4.84669045	      0.00039696	      6.93516015	      7.28891436	      7.85539393	      1.86798320	      2.11184892	     -0.83998767	     -7.53744082	      5.15223131	     -0.30772995	     -6.27975802	      0.06160764	     -0.56050924	      6.71085240	     -0.00192362	      9.18633771	     -0.00033329	     -0.08183935	     -0.41164698	      0.14664696	      0.36911475	     -0.01090232	     -0.00376185
      2.63500000	    -10.34535431	     -3.79523562	     -0.06018304	      4.00459301	      0.45107066	      4.54741929	      1.00244825	      3.20620041	     -0.81664033	     -7.85181293	      4.74746246	     -0.21229079	     -6.83065639	     -0.26598035	     -0.44141442	      7.11467213	     -0.00135774	      9.26892135	      0.00055578	     -0.21859703	     -0.37142223	      0.22228169	      0.24995589	     -0.00750300	     -0.00028657
      2.64000000	    -11.04999818	     -2.09108997	      0.16335280	      2.29010076	     -5.21834145	     -0.08751385	      0.79654260	      5.03613870	     -0.74222946	     -8.02804815	      4.29943282	     -0.14390996	     -7.37401963	     -0.64649771	     -0.30255869	      7.34673863	     -0.00097432	      9.25264927	      0.00123976	     -0.33910571	     -0.41235695	      0.47208653	      0.28423279	     -0.00439057	      0.00289404
      2.64500000	    -12.77366737	     -1.26007134	      0.03863698	     -0.10695494	     -9.19726601	     -3.53845287	     -0.11138971	      5.79930718	     -0.73068662	     -8.34843428	      3.69014311	     -0.11885083	     -7.89932971	     -1.06898995	     -0.15438945	      7.68632347	     -0.00074988	      9.35571185	      0.00172953	     -0.60554689	     -0.47328342	      0.62004465	      0.30365984	     -0.00164628	      0.00567386
      2.65000000	    -14.46679892	     -0.81237846	     -0.02333770	     -2.19406176	     -8.67192680	     -7.45493435	     -0.64208129	      5.80128345	     -0.63974082	     -8.79192843	      2.51202481	     -0.09864841	     -8.39326961	     -1.51421468	     -0.00723507	      7.59792587	     -0.00065598	      9.55480511	      0.00203964	     -0.34946992	     -0.57146182	      0.28928392	      0.26863106	      0.00065685	      0.00795697
      2.65500000	    -15.11165899	      1.70716239	      0.02029092	     -3.13195305	     -8.02682334	    -12.74336169	     -1.06739460	      7.27736813	     -0.61001526	     -8.29655748	      1.08312792	      0.01025797	     -8.84031049	     -1.95518434	      0.12951347	      7.84651076	     -0.00066127	      9.25009322	      0.00218759	     -0.48243612	     -0.50722649	      0.49791922	      0.13256280	      0.00245723	      0.00966309
      2.66000000	    -16.01558784	      2.15541845	     -0.29544112	     -4.42532462	     -6.28962537	    -16.09875383	     -1.67310767	      7.41231534	     -0.55290882	     -7.87260623	      0.30514779	      0.03602747	     -9.22398160	     -2.35897141	      0.24811473	      7.82959641	     -0.00073368	      8.95687850	      0.00219295	     -0.42226257	     -0.49313517	      0.37974633	      0.17417868	      0.00370765	      0.01073184
      2.66500000	    -16.61172361	      3.74838390	     -0.19945304	     -5.69986277	     -6.91904536	    -19.88789615	     -1.86064219	      7.89594011	     -0.45222357	     -7.73910346	     -1.04245973	      0.05515609	     -9.52865953	     -2.68965502	      0.34298766	      7.72458991	     -0.00084275	      8.82151794	      0.00207662	     -0.74245693	     -0.57039845	      0.72526668	      0.19694454	      0.00437739	      0.01112564
      2.67000000	    -16.58124199	      4.53995739	     -0.46839522	     -6.72345441	     -4.31254286	    -23.33180043	     -2.11061528	      7.74100098	     -0.33155337	     -6.84795240	     -2.19257475	      0.13192268	     -9.74158809	     -2.91210477	      0.41095280	      7.43157110	     -0.00096154	      8.23772617	      0.00186005	     -0.51228663	     -0.53630567	      0.54331090	      0.22426735	      0.00445339	      0.01083101
      2.67500000	    -16.75080314	      5.84752715	     -0.70055144	     -8.51586183	     -3.26382364	    -25.89411931	     -2.64143890	      7.23242398	     -0.23120002	     -6.00255900	     -3.81123584	      0.23336060	     -9.85477239	     -2.99614434	      0.45117425	      7.21521470	     -0.00106829	      7.70659334	      0.00156462	     -0.69017386	     -0.45376046	      0.65013825	      0.08508661	      0.00394032	      0.00985835
      2.68000000	    -16.17838516	      6.43879623	     -0.99336877	    -10.15147713	      0.13617914	    -27.78535604	     -2.82481290	      6.40164317	     -0.05499390	     -4.78548352	     -4.93413836	      0.33884518	     -9.86641038	     -2.92054441	      0.46482510	      6.69358590	     -0.00114746	      6.94063852	      0.00121119	     -0.40346058	     -0.28185163	      0.42277455	     -0.03690602	      0.00285980	      0.00824055
      2.68500000	    -15.56073371	      7.43322072	     -1.10128256	    -12.41782794	      0.66187364	    -29.55534410	     -2.91851390	      5.74578871	      0.13816236	     -3.84279218	     -6.07677094	      0.41611553	     -9.78161887	     -2.67627885	      0.45455393	      6.19293402	     -0.00119035	      6.27719026	      0.00084435	     -0.34833790	     -0.23353854	      0.45355940	     -0.05607024	      0.00124875	      0.00602804
      2.69000000	    -15.29315090	      7.34849129	     -1.61723142	    -15.67399479	      0.07517066	    -29.52937298	     -3.71504591	      4.20308459	      0.29004582	     -2.67116827	     -6.81186659	      0.49264982	     -9.61233263	     -2.26855151	      0.42386191	      5.79539094	     -0.00119514	      5.44525094	      0.00049732	     -0.39708518	     -0.14737914	      0.38012577	     -0.03670367	     -0.00084265	      0.00328925
      2.69500000	    -14.59204130	      8.31477719	     -1.64857396	    -19.02600576	     -0.12661802	    -30.03942493	     -3.85144543	      3.56354165	      0.50730811	     -1.77532132	     -7.48541957	      0.53602814	     -9.37638283	     -1.71725751	      0.37650016	      5.32548551	     -0.00116655	      4.76895246	      0.00017683	     -0.43238310	     -0.04498958	      0.52914636	     -0.08690135	     -0.00335363	      0.00010611
      2.70000000	    -13.69361540	      8.14461901	     -1.76867481	    -22.59641830	     -1.12019978	    -29.38075375	     -3.97093663	      1.59118057	      0.81903507	     -0.82998584	     -8.36501851	      0.60852449	     -9.09589263	     -1.05575536	      0.31597643	      4.46031279	     -0.00111509	      4.02830493	     -0.00011045	     -0.28917434	      0.00358924	      0.41455208	     -0.12027807	     -0.00621569	     -0.00343255
      2.70500000	    -12.68947395	      8.09270101	     -2.08342821	    -26.30622552	     -1.94172642	    -28.39886454	     -4.44580559	     -0.08802160	      1.08234502	      0.58684976	     -8.91009247	      0.71813395	     -8.79524032	     -0.32806209	      0.24523370	      3.86473991	     -0.00105608	      3.00818046	     -0.00036485	     -0.25062232	      0.17867301	      0.37134767	     -0.20892573	     -0.00935562	     -0.00723474
      2.71000000	    -11.76621045	      6.37004338	     -2.27746565	    -30.15139826	     -2.70564121	    -26.41808533	     -4.50009829	     -2.38254421	      1.46097686	      1.43041439	     -8.70741692	      0.69325175	     -8.49889461	      0.41519044	      0.16652715	      2.87988691	     -0.00100859	      2.22592296	     -0.00059346	      0.12787254	      0.15317000	      0.07216193	     -0.02128806	     -0.01269839	     -0.01120945
      2.71500000	    -11.09008945	      6.40952499	     -2.44428346	    -34.08924397	     -3.32644762	    -24.90161820	     -5.01028602	     -3.95877131	      1.74044588	      2.61862558	     -9.23286738	      0.78195559	     -8.22941217	      1.12152782	      0.08148535	      2.37863760	     -0.00099433	      1.35634303	     -0.00080961	     -0.10862378	      0.38179964	      0.26590120	     -0.24085351	     -0.01616950	     -0.01526987
      2.72000000	    -10.03037684	      4.68616742	     -2.59980997	    -37.23211098	     -1.46856522	    -22.88387599	     -4.97423671	     -6.23663491	      2.14964367	      3.71166650	     -9.16412299	      0.80491079	     -8.00583433	      1.74153228	     -0.00868205	      1.40472133	     -0.00103658	      0.48280876	     -0.00103219	      0.30929260	      0.49977004	     -0.04889410	     -0.25838804	     -0.01969679	     -0.01933552
      2.72500000	     -9.17174381	      3.03173640	     -2.89119596	    -39.96894170	     -1.15008322	    -20.77724283	     -5.27783156	     -8.18064024	      2.48397883	      4.95228816	     -8.92220750	      0.82966906	     -7.84263751	      2.23326219	     -0.10287079	      0.75437214	     -0.00117666	     -0.49286385	     -0.00128486	      0.22074219	      0.56715043	      0.00362449	     -0.19481213	     -0.02321265	     -0.02333309
      2.73000000	     -8.69807971	      1.55314335	     -3.01700567	    -42.25280285	      3.05320521	    -19.12479314	     -5.36050635	     -9.89153494	      2.81340128	      5.87020831	     -8.86108919	      0.82899318	     -7.74927659	      2.56566855	     -0.19971474	      0.10732977	     -0.00148326	     -1.20067814	     -0.00159514	      0.31195519	      0.69486970	     -0.05048064	     -0.28099353	     -0.02665559	     -0.02719622
      2.73500000	     -8.56572414	     -0.40370545	     -3.24762336	    -43.84177184	      9.66418377	    -17.41302110	     -5.53691401	    -11.73506927	      3.11326514	      6.73957746	     -8.74538928	      0.81385686	     -7.73024824	      2.72064822	     -0.29723752	     -0.47121248	     -0.00191236	     -1.84355211	     -0.00201874	      0.44382080	      0.79712768	     -0.19319812	     -0.34861700	     -0.02996057	     -0.03086657
      2.74000000	     -7.54809506	     -2.59668979	     -3.32666148	    -43.27204494	     19.60306791	    -15.55028863	     -4.97761869	    -13.19862625	      3.44020405	      7.93156939	     -8.20964202	      0.79041252	     -7.78553367	      2.69357365	     -0.39260015	     -1.22679488	     -0.00248091	     -2.59818178	     -0.00264051	      0.57604798	      1.01718804	     -0.22773112	     -0.45476379	     -0.03307016	     -0.03429384
      2.74500000	     -7.38248902	     -4.97395312	     -3.53760433	    -42.19720141	     32.08478680	    -14.35600742	     -4.69185248	    -14.50951625	      3.66222478	      8.78511107	     -7.71012196	      0.71930082	     -7.91123735	      2.49234166	     -0.48201394	     -1.71706257	     -0.00320430	     -3.15085986	     -0.00339823	      0.78544677	      1.01152645	     -0.39155430	     -0.37116735	     -0.03593115	     -0.03742091
      2.75000000	     -9.27314988	     -6.59269105	     -3.71952290	    -41.76337388	     45.62637814	    -13.62045120	     -5.08500160	    -14.56295409	      3.60615497	      8.51784542	     -6.84197223	      0.43939495	     -8.10020624	      2.13517411	     -0.56088146	     -1.41523165	     -0.00409610	     -3.02422300	     -0.00431625	      0.29619402	      0.75513530	     -0.03494011	     -0.07646381	     -0.03849578	     -0.04020089
      2.75500000	    -15.46729065	     -2.35409393	     -4.90008432	    -46.07652303	     53.30928795	    -18.98194079	    -10.43237705	    -10.31652569	      3.26069324	      9.27852198	     -6.43777959	      0.35388619	     -8.34243474	      1.64755635	     -0.62419039	      1.26926945	     -0.00516777	     -3.34282225	     -0.00541596	     -1.17874888	      0.69080747	      0.39092968	      0.02446916	     -0.04072372	     -0.04259208
      2.76000000	    -27.47098023	      1.52276945	     -5.57649728	    -55.10774224	     58.03865085	    -24.41569463	    -16.88799417	     -4.02286581	      2.39522087	      5.49014221	     -4.11707335	     -0.64485443	     -8.62513732	      1.05877727	     -0.66710885	      4.99822946	     -0.00642819	     -1.27365038	     -0.00671403	     -3.63684112	     -0.61104029	      1.58547577	      1.28813352	     -0.04258475	     -0.04456008
      2.76500000	    -37.01261105	      8.88533993	     -5.93783454	    -62.35708152	     62.00963312	    -32.53149513	    -18.68039777	      3.38492520	      0.74537362	     -0.42953974	     -4.14209574	     -0.08677111	     -8.93247089	      0.39854204	     -0.68567583	      6.81561137	     -0.00788295	      0.88586873	     -0.00822094	     -5.81475031	     -1.31922339	      3.14238821	      0.33694897	     -0.04406143	     -0.04608071
      2.77000000	    -35.57942511	      6.81825052	     -3.37896232	    -58.12350297	     52.03650095	    -30.80390265	     -9.03251802	      2.22193917	     -0.09294619	     -8.57419914	     -3.23166006	     -0.31799192	     -9.24501042	     -0.30591653	     -0.67746870	     -1.23736921	     -0.00953339	      4.42764066	     -0.00993972	     -6.84506989	     -2.99805461	      3.83958760	      0.66729248	     -0.04515084	     -0.04714341
      2.77500000	    -13.83982353	      0.85675027	      0.10525734	    -33.44038015	     18.62623603	    -21.88192042	      9.68034074	     -5.97822406	     -0.18380427	     -7.84121216	     -3.55779932	     -0.27744199	     -9.53919520	     -1.03191579	     -0.64213664	    -18.46972527	     -0.01129453	      3.22012522	     -0.01186492	     -8.48772257	     -3.64836997	      4.63601064	      0.49435022	     -0.04587059	     -0.04775406
      2.78000000	     20.23596074	    -11.10727091	      3.12261415	      6.10711502	    -17.13516625	     -7.21426709	     30.59547619	    -17.77493721	      0.62199092	      1.98933868	     -2.63257115	     -0.58514270	     -9.78700342	     -1.76245236	     -0.58171873	    -37.30216860	     -0.01326653	     -3.95265195	     -0.01389992	     -9.99548456	     -3.95873508	      5.38957471	      0.00261207	     -0.04624006	     -0.04794323
      2.78500000	     50.53815364	    -22.68638057	      3.96054165	     43.30810900	    -48.88681526	      3.97372882	     43.68474829	    -26.09175154	      1.42993263	     16.31527114	      0.01078882	     -1.42278014	     -9.95607115	     -2.48641951	     -0.50071863	    -50.23283470	     -0.01545586	    -14.89247570	     -0.01609652	    -11.97961099	     -4.65436568	      5.86082484	     -0.29134170	     -0.04629220	     -0.04774922
      2.79000000	     64.39328261	    -23.36512533	      2.27685658	     66.23524588	    -50.58026014	      4.66339120	     43.88759016	    -24.22382921	      0.94056024	     29.75877670	      2.66727306	     -2.24719252	    -10.01037856	     -3.19807974	     -0.40594822	    -52.65189043	     -0.01784221	    -24.06851054	     -0.01848825	    -15.17164159	     -5.10985608	      7.21857013	     -0.45262370	     -0.04606645	     -0.04722317
      2.79500000	     61.42363906	    -17.21321988	     -0.35991376	     73.81940253	    -18.80680653	     -1.83494907	     36.10190196	    -15.62899500	     -0.66854849	     36.96431146	      5.22148342	     -3.09946955	     -9.91149046	     -3.89603825	     -0.30616771	    -47.60163029	     -0.02039556	    -28.55069440	     -0.02104457	    -18.05069312	     -5.80344875	      8.56328158	     -0.34727966	     -0.04560405	     -0.04642919
      2.80000000	     53.40936709	    -11.96964999	     -2.52801563	     76.09889075	     24.76600135	     -6.60748214	     27.57669876	    -10.60126230	     -1.30279969	     40.47174142	      5.24227250	     -3.22338832	     -9.62020557	     -4.58197460	     -0.21155493	    -42.98741437	     -0.02307650	    -30.32397279	     -0.02372680	    -20.42228826	     -6.35108383	      8.96397812	     -0.48039410	     -0.04494543	     -0.04543456
      2.80500000	     53.29734676	    -10.66450778	     -3.02399640	     83.79257819	     48.05604622	     -4.85568720	     26.03440674	    -12.44112218	     -0.67296347	     43.12135325	      3.14062014	     -2.66180827	     -9.09840675	     -5.25934773	     -0.13304063	    -45.96897308	     -0.02583687	    -31.87542223	     -0.02648874	    -23.27311069	     -7.00210545	      9.35874086	     -0.87294931	     -0.04412891	     -0.04430406
      2.81000000	     58.37224261	    -10.83343035	     -2.44145310	     92.50940188	     36.31374367	     -1.95389124	     29.48789186	    -16.86648752	      0.25064457	     43.70057136	      0.14335090	     -1.66805152	     -8.31090846	     -5.93223250	     -0.08155560	    -54.84080939	     -0.02862106	    -34.06542728	     -0.02927748	    -27.01549286	     -9.30075735	     10.32993772	     -0.93764715	     -0.04319039	     -0.04309526
      2.81500000	     56.31121071	    -11.43622758	     -1.43509855	     90.24227537	      9.93314553	      0.85324254	     31.19246298	    -20.06054365	      1.06079531	     38.30974188	     -1.52751504	     -1.06135906	     -7.22713388	     -6.60439214	     -0.06725386	    -63.77902383	     -0.03136772	    -34.26992302	     -0.03203479	    -31.67977069	    -12.95201197	     11.55638119	     -0.55730586	     -0.04216344	     -0.04185549
      2.82000000	     41.94241047	    -10.14940103	     -1.43086924	     71.36565870	    -16.11949364	      1.16727267	     24.55715693	    -19.84245705	      1.81355407	     29.52265342	     -1.72906427	     -0.94128168	     -5.82252523	     -7.27864372	     -0.09879141	    -68.23500819	     -0.03402621	    -33.40758119	     -0.03471410	    -36.94834117	    -16.60878900	     12.65546616	     -0.20606013	     -0.04108055	     -0.04062228
      2.82500000	     11.59299160	     -4.98589083	     -2.09643893	     33.32587226	    -38.75942943	     -4.49006001	      9.28786970	    -14.68603598	      2.03279836	     14.24080780	     -0.98742351	     -1.09630652	     -4.07967348	     -7.95654120	     -0.18274035	    -67.06960043	     -0.03651381	    -29.37266772	     -0.03723626	    -43.00797647	    -21.47002168	     13.71094134	      0.99528607	     -0.03997196	     -0.03942282
      2.83000000	    -17.84577832	     -1.30483419	     -2.11827420	     -6.47469888	    -60.80846678	     -7.18289715	     -4.54619680	    -11.38361227	      2.76219017	     -1.95377088	     -0.73789357	     -1.02433425	     -1.98919233	     -8.63836824	     -0.32320150	    -67.53501328	     -0.03871684	    -25.20339530	     -0.03946452	    -48.67366068	    -25.74274002	     14.76258661	      1.54914451	     -0.03886214	     -0.03826544
      2.83500000	    -33.65567498	     -3.24287839	     -3.17795048	    -31.72188284	    -94.51640426	     -5.34096528	    -15.52708751	     -9.65363809	      3.72056752	     -9.26000391	      2.69134283	     -2.19823786	      0.44964108	     -9.32338739	     -0.52164355	    -69.88788104	     -0.04056767	    -27.10808581	     -0.04132540	    -54.07684903	    -30.48556815	     15.84943012	      2.75857879	     -0.03777455	     -0.03715522
      2.84000000	    -31.55549329	     -7.95301760	     -4.89190407	    -37.61923005	   -128.37363577	     -0.49414781	    -20.14220967	     -8.58097050	      4.18388926	     -6.48183435	      8.13961263	     -4.20199273	      3.22845908	    -10.01025444	     -0.77695232	    -75.54386405	     -0.04200580	    -34.94474881	     -0.04275257	    -58.11266103	    -33.89704655	     16.62867676	      3.34638213	     -0.03672898	     -0.03609168
      2.84500000	    -26.86794979	    -12.81760252	     -5.50688085	    -40.09277043	   -154.84329692	      5.15789957	    -20.03098949	     -8.55747359	      4.44288678	     -6.07036537	     12.48953221	     -5.80322102	      6.32957483	    -10.69749232	     -1.08564414	    -83.23928792	     -0.04298140	    -41.01963362	     -0.04369110	    -61.45405351	    -37.23913028	     17.17397762	      3.71914206	     -0.03574118	     -0.03507166
      2.85000000	    -23.03408789	    -16.93944304	     -4.84307935	    -42.40774657	   -169.15704436	     10.79325673	    -16.50707986	     -9.05815527	      4.41657733	     -9.67237598	     15.49344915	     -6.91638177	      9.72594509	    -11.38392530	     -1.44219350	    -91.70114099	     -0.04345877	    -43.99095167	     -0.04410138	    -64.58364304	    -40.17007151	     17.80386940	      4.36239468	     -0.03482279	     -0.03409204
      2.85500000	    -18.08973289	    -17.04509952	     -4.25750624	    -42.45747310	   -167.89149582	     11.55903981	    -12.36737778	     -6.45288631	      3.13934165	    -12.28917547	     17.82377844	     -7.76299295	     13.38131227	    -12.06900139	     -1.83942797	    -98.31244220	     -0.04341929	    -46.69469551	     -0.04396272	    -66.57159545	    -42.21037987	     18.31472957	      4.58237527	     -0.03398171	     -0.03315207
      2.86000000	    -11.92116594	    -17.16478890	     -4.42380420	    -39.52047711	   -156.17193587	     11.43944055	     -9.47581479	     -3.27363068	      1.77981052	    -12.25024074	     20.40876090	     -8.76726462	     17.25050891	    -12.75296542	     -2.26895011	   -102.67153106	     -0.04286375	    -50.34043423	     -0.04327229	    -67.75364898	    -43.82370992	     18.47440406	      4.82224258	     -0.03322297	     -0.03225564
      2.86500000	     -3.55386029	    -16.87264833	     -4.95157064	    -32.89962781	   -136.08992918	     10.95560331	     -6.64465306	     -0.29665763	      0.44598161	     -9.84892149	     22.33791313	     -9.57662077	     21.27993631	    -13.43686258	     -2.72156196	   -105.88422362	     -0.04181286	    -54.68916292	     -0.04206393	    -68.38819016	    -44.58889071	     18.60755009	      4.87401684	     -0.03254998	     -0.03141610
      2.87000000	      5.19024598	    -17.42768376	     -5.56581684	    -24.50050841	   -108.48335267	     11.04272503	     -3.61178653	      1.56071383	     -0.50462479	     -7.06890091	     23.67200099	    -10.14430932	     25.40828132	    -14.12235839	     -3.18767488	   -108.45123019	     -0.04030743	    -58.58371527	     -0.04046134	    -68.12871819	    -45.03993600	     18.26651002	      4.79536096	     -0.03196903	     -0.03064054
      2.87500000	     13.89313805	    -18.09387649	     -6.15628239	    -15.69470026	    -76.65770836	     12.21243730	     -0.69029773	      3.43173972	     -1.50464976	     -4.02233869	     25.14527945	    -10.86031175	     29.56754962	    -14.81136887	     -3.65767040	   -110.43000755	     -0.03847811	    -61.98564823	     -0.03852580	    -67.69498689	    -44.69326838	     18.26571179	      4.62791412	     -0.03148049	     -0.02994711
      2.88000000	     20.98323519	    -20.15656155	     -6.60553414	     -8.02871019	    -41.48220507	     14.22199560	      1.97856827	      3.46204152	     -1.72036536	     -2.04062511	     25.71136634	    -11.18324378	     33.68445767	    -15.50549979	     -4.12216826	   -112.12527220	     -0.03640071	    -64.50812518	     -0.03633142	    -66.47488533	    -44.21126011	     17.70384185	      4.39198932	     -0.03108989	     -0.02935737
      2.88500000	     30.36264302	    -21.67457584	     -7.14812484	      2.88645222	     -9.94741972	     16.00118938	      5.16508616	      2.70277540	     -1.70941948	      1.53869912	     25.20435377	    -11.05985399	     37.68217198	    -16.20531311	     -4.57217698	   -114.51156023	     -0.03416020	    -67.66523091	     -0.03396161	    -65.23350445	    -43.45681338	     17.32744120	      3.93554113	     -0.03080440	     -0.02889437
      2.89000000	     39.89961119	    -22.99740761	     -7.68653689	     13.88776942	     14.96919737	     17.76390955	      7.69997362	      1.18240023	     -1.26562240	      5.83545745	     23.94007019	    -10.66928454	     41.48232477	    -16.90948545	     -4.99912127	   -117.31754324	     -0.03184632	    -71.43319200	     -0.03150517	    -64.42835587	    -42.21715504	     17.04472269	      3.28831953	     -0.03063182	     -0.02858021
      2.89500000	     47.08914503	    -26.16805577	     -8.27163671	     21.93009511	     30.06891062	     20.14565455	      9.33459846	     -1.57325901	     -0.11294801	      8.64689950	     22.91672316	    -10.35557762	     45.00717928	    -17.61398149	     -5.39475422	   -120.84696567	     -0.02954898	    -74.92318178	     -0.02905213	    -63.49227521	    -41.82848168	     16.63153728	      3.34548084	     -0.03057902	     -0.02843347
      2.90000000	     49.99492739	    -27.34729875	     -8.57371919	     24.46279198	     36.19206445	     19.84388713	      8.94142414	     -3.37159657	      0.99016951	      9.43866178	     21.08905721	     -9.62133705	     48.18182065	    -18.31139761	     -5.75099342	   -123.84364299	     -0.02735374	    -78.04286211	     -0.02668969	    -63.25372693	    -41.72768398	     16.57159701	      3.28910133	     -0.03064986	     -0.02846668
      2.90500000	     50.24900242	    -28.53808255	     -9.17718317	     23.58171265	     36.02929557	     18.09965135	      6.29873193	     -5.24155244	      2.54666407	     10.16418289	     19.16575102	     -8.84785430	     50.93630868	    -18.99063163	     -6.05975854	   -126.26817379	     -0.02533762	    -81.78034849	     -0.02449849	    -62.96967242	    -41.87217692	     16.17286957	      3.28892240	     -0.03084299	     -0.02868410
      2.91000000	     48.51145146	    -29.15956670	     -9.63804930	     20.25059613	     28.19079199	     16.56166908	      2.46795527	     -6.86527078	      4.22326516	     10.35144913	     17.19367354	     -8.05203388	     53.20778521	    -19.63700604	     -6.31289690	   -128.80535909	     -0.02356565	    -85.55506129	     -0.02254922	    -63.56975849	    -42.09670934	     16.19746775	      3.01760365	     -0.03114989	     -0.02908006
      2.91500000	     45.48044624	    -30.09562984	    -10.29964196	     15.73095147	     12.80285117	     13.57354979	     -2.23522179	     -8.05866994	      5.87049324	     10.37362813	     15.82516652	     -7.53948193	     54.94255473	    -20.23291004	     -6.50226651	   -131.09940354	     -0.02208827	    -89.97625101	     -0.02090008	    -64.36750823	    -43.16822706	     16.19543290	      3.33961871	     -0.03155368	     -0.02963815
      2.92000000	     42.41258426	    -29.53906881	    -10.51661560	     11.06168666	     -7.86890025	      9.77988108	     -6.36269804	     -9.18411514	      7.37555793	     10.12095270	     13.59258264	     -6.58451484	     56.09814779	    -20.75893290	     -6.62001878	   -134.33441221	     -0.02093985	    -94.30668335	     -0.01959541	    -65.82143030	    -44.08801227	     16.47743670	      3.28068837	     -0.03202873	     -0.03033138
      2.92500000	     39.08887145	    -29.38474139	    -10.32229325	      6.30423172	    -30.15205191	      4.67135748	     -9.10127092	    -10.31948716	      8.62891796	      8.76681227	     11.37187281	     -5.60336675	     56.64532372	    -21.19536557	     -6.65908112	   -137.75438046	     -0.02013830	    -98.63307543	     -0.01866001	    -66.87232178	    -45.47661477	     16.47397184	      3.47164238	     -0.03254157	     -0.03112278
      2.93000000	     33.76443032	    -28.44329059	     -9.70412176	     -0.34333168	    -51.31488224	     -1.75303058	    -11.52907287	    -10.72237318	      9.44522940	      5.87131997	      9.19902542	     -4.60842218	     56.56989399	    -21.52387356	     -6.61378245	   -140.63241209	     -0.01968586	   -101.93694240	     -0.01810827	    -67.98180692	    -47.24089148	     16.45558790	      3.80949777	     -0.03305289	     -0.03196799
      2.93500000	     28.15174399	    -25.89100945	     -8.72912043	     -6.91319906	    -69.39312865	     -9.57711230	    -13.27196277	    -10.24322062	      9.65871918	      2.74400789	      6.51077302	     -3.33362928	     55.87418572	    -21.72910618	     -6.48052045	   -142.66745846	     -0.01957081	   -104.94263775	     -0.01794075	    -69.14497234	    -48.88773184	     16.57959863	      3.67888367	     -0.03352059	     -0.03281799
      2.94000000	     22.50452601	    -22.53722002	     -7.61999804	    -12.89588604	    -82.88212107	    -17.86917405	    -14.50139897	     -8.96514446	      9.33345263	     -0.16959591	      4.12589689	     -2.21272346	     54.57792248	    -21.80001810	     -6.25835537	   -143.83647947	     -0.01976943	   -107.33708271	     -0.01814416	    -70.36689464	    -50.37932777	     16.75397222	      3.59807805	     -0.03390344	     -0.03362238
      2.94500000	     18.25255990	    -20.27761931	     -6.61958187	    -16.24629512	    -90.78362360	    -24.89600599	    -14.72192075	     -7.71455759	      8.79356637	     -2.01336002	      2.67354783	     -1.60082708	     52.71829732	    -21.73073251	     -5.94942714	   -144.29160413	     -0.02025082	   -109.50999337	     -0.01869378	    -71.17717379	    -51.87449618	     16.61907776	      3.72002959	     -0.03416495	     -0.03433321
      2.95000000	     16.57829666	    -17.79253504	     -5.88892522	    -16.11036478	    -93.36133895	    -30.98793686	    -14.08929304	     -6.05122184	      7.85432328	     -1.58589347	      1.60242747	     -1.21199253	     50.34907056	    -21.52085460	     -5.55912362	   -144.04423701	     -0.02097821	   -111.99408877	     -0.01955610	    -71.53201190	    -53.01777403	     16.52504220	      3.46846092	     -0.03427669	     -0.03490869
      2.95500000	     14.77393886	    -17.72045739	     -5.09680547	    -15.24160569	    -94.18938343	    -32.47408469	    -12.97796398	     -4.62579698	      6.87891347	     -1.31348145	      2.38995181	     -1.80658540	     47.53862364	    -21.17523732	     -5.09597331	   -143.04627413	     -0.02191122	   -113.54422863	     -0.02069155	    -72.42045561	    -54.29318875	     16.70172052	      3.45402578	     -0.03422087	     -0.03531656
      2.96000000	     12.85786629	    -19.13846872	     -4.42748344	    -14.71393297	    -88.99126577	    -32.38886463	    -11.51683765	     -3.53175990	      5.99350497	     -0.86172634	      4.00152458	     -2.81080402	     44.36701643	    -20.70328779	     -4.57128224	   -141.15396886	     -0.02300904	   -114.43887863	     -0.02205711	    -72.15411978	    -55.52661884	     16.36036120	      3.44575993	     -0.03399180	     -0.03553658
      2.96500000	     11.31261408	    -20.56650998	     -3.71687823	    -13.44159573	    -82.92945846	    -29.70571227	    -10.00231480	     -2.34588604	      5.01242370	      0.09507551	      6.21437272	     -4.09486482	     40.92222515	    -20.11795961	     -3.99857328	   -138.91769341	     -0.02423411	   -114.36833384	     -0.02361228	    -72.61381395	    -56.32056541	     16.40528826	      3.36336962	     -0.03359623	     -0.03556235
      2.97000000	     10.28454399	    -22.21563204	     -3.06917884	    -11.43720220	    -73.43770595	    -26.92545422	     -7.99457285	     -1.53051969	      4.12015656	      1.30687875	      8.26939869	     -5.23629664	     37.29585394	    -19.43459811	     -3.39291177	   -136.21693614	     -0.02555151	   -113.65154873	     -0.02532111	    -72.19550906	    -57.15916343	     15.93173261	      3.21523784	     -0.03305253	     -0.03540137
      2.97500000	     10.21247307	    -22.24583886	     -2.31684435	     -8.66069793	    -62.99890563	    -24.52368326	     -5.46675224	      0.18770057	      2.69211903	      2.90914020	     10.11025047	     -6.21686093	     33.57867482	    -18.66979999	     -2.77020223	   -133.08318114	     -0.02693052	   -112.34298393	     -0.02714695	    -71.93871759	    -57.53705685	     16.12307358	      3.10370857	     -0.03238912	     -0.03507404
      2.98000000	      9.68384103	    -22.50510031	     -1.71227680	     -6.05124390	    -49.71875737	    -21.60618029	     -3.39575710	      1.30481016	      1.63862819	      4.57459252	     11.65968087	     -6.98605811	     29.85635448	    -17.84042014	     -2.14651625	   -129.15247601	     -0.02834496	   -110.25130355	     -0.02905688	    -71.27519554	    -57.80339095	     15.89714494	      2.94406072	     -0.03164228	     -0.03461201
      2.98500000	     10.16344425	    -23.55330826	     -1.37465106	     -2.83542847	    -36.32512309	    -17.47177031	     -1.42741064	      1.71359082	      0.92910593	      7.17597491	     13.14731704	     -7.69717493	     26.20568342	    -16.96280839	     -1.53748323	   -124.87273682	     -0.02977320	   -108.37341772	     -0.03102090	    -70.00729454	    -57.70686581	     15.55782348	      2.63909053	     -0.03085358	     -0.03405542
      2.99000000	     11.15913609	    -25.31826118	     -0.99474369	      0.91121496	    -26.88831071	    -12.47644201	      0.90688507	      1.90930097	      0.25466433	      9.47040021	     15.05595350	     -8.55541928	     22.69155017	    -16.05229975	     -0.95775720	   -120.63803205	     -0.03119770	   -106.15774119	     -0.03301134	    -68.86091933	    -57.63461123	     15.28705154	      2.67714394	     -0.03006729	     -0.03344961
      2.99500000	     12.02841129	    -26.30885844	     -0.64223352	      4.79552370	    -19.22090591	     -7.84679574	      3.00785090	      1.88227050	     -0.27781055	     11.46553407	     16.20274073	     -8.97171729	     19.36482291	    -15.12292802	     -0.42055995	   -116.12453503	     -0.03260440	   -103.27621361	     -0.03500194	    -67.80272342	    -57.64990785	     15.25261478	      2.84118732	     -0.02932778	     -0.03284172
      3.00000000	     13.29757888	    -27.63013181	     -0.35762483	      8.55132500	     -7.66180083	     -2.87922539	      5.05161656	      0.33664551	     -0.14728765	     13.82295198	     16.12800460	     -8.82428468	     16.26123021	    -14.18729518	      0.06270357	   -111.49155992	     -0.03398177	   -100.22831645	     -0.03696679	    -65.78770120	    -56.65658317	     14.52345745	      2.46357029	     -0.02867720	     -0.03227731
      3.00500000	     12.98740479	    -28.30645767	     -0.04435027	     10.71860280	     -0.71203472	      0.96643586	      6.56303967	     -0.59535916	     -0.20628550	     14.62332081	     16.05644726	     -8.60723990	     13.40126529	    -13.25651366	      0.48275618	   -106.31954304	     -0.03531984	    -96.28865676	     -0.03887943	    -63.96881872	    -56.25999605	     14.21078492	      2.63872432	     -0.02815347	     -0.03179747
      3.01000000	     11.81448180	    -27.63510639	      0.23729079	     11.90807534	      9.05239026	      3.63992601	      7.31999083	     -1.81030361	     -0.03930935	     15.14395160	     14.69442772	     -7.83191536	     10.79107034	    -12.34014758	      0.83267696	   -100.55042432	     -0.03660905	    -91.72173243	     -0.04071200	    -61.89747816	    -55.09299674	     13.69843813	      2.46072746	     -0.02778878	     -0.03143661
      3.01500000	     11.75781730	    -28.04761001	      0.28817734	     14.89037821	     14.59438133	      6.66911600	      8.06357629	     -3.44740239	      0.28293367	     16.20729375	     13.67711190	     -7.23918454	      8.42418137	    -11.44611673	      1.10804001	    -94.68629925	     -0.03783913	    -87.60779936	     -0.04243478	    -59.81827790	    -54.04430487	     13.05276739	      2.63670942	     -0.02760838	     -0.03122095
      3.02000000	     12.69917450	    -28.09365385	      0.42027416	     19.05148172	     18.46619986	      9.21428005	      9.66588621	     -4.97249834	      0.40923702	     16.95637225	     12.51777562	     -6.59839269	      6.28392097	    -10.58058632	      1.30696686	    -89.48298732	     -0.03899361	    -82.97482633	     -0.04394300	    -57.35372919	    -52.88408759	     12.38992735	      2.89776123	     -0.02763036	     -0.03117411
      3.02500000	     13.15766613	    -26.90083778	      0.64624356	     22.65604237	     23.38147992	     11.27341889	     11.02732046	     -6.21086054	      0.45185623	     17.24484866	     10.73250263	     -5.74118074	      4.34614417	     -9.74790551	      1.43010046	    -84.11226947	     -0.03992413	    -77.73141794	     -0.04511372	    -54.94248684	    -51.04305717	     11.88237848	      2.77058862	     -0.02787089	     -0.03130340
      3.03000000	     12.10327515	    -25.61934457	      0.94099393	     25.14169689	     29.12362802	     12.99750511	     11.99897211	     -7.26443716	      0.47762322	     16.27963503	      9.10972381	     -4.96638093	      2.58202561	     -8.95065463	      1.48050207	    -78.37206832	     -0.04060842	    -71.56240836	     -0.04592488	    -52.54100231	    -49.05738135	     11.14977771	      2.70382649	     -0.02832674	     -0.03160614
      3.03500000	     10.23352727	    -22.96654712	      1.20619425	     26.75254480	     34.99820285	     13.49830596	     12.52343875	     -7.41328277	      0.24403454	     14.77049837	      7.28134143	     -4.14457481	      0.96063217	     -8.18983283	      1.46346988	    -72.30858825	     -0.04102502	    -64.89735121	     -0.04634953	    -50.15284738	    -46.85100208	     10.76171179	      2.62667765	     -0.02899243	     -0.03207526
      3.04000000	      8.19852328	    -20.95492430	      1.07457094	     28.15274874	     41.00829088	     13.85647037	     11.97880972	     -7.35052085	      0.09573567	     14.07021787	      6.10756998	     -3.62521653	     -0.54888178	     -7.46517605	      1.38628433	    -65.61925794	     -0.04115787	    -58.85954739	     -0.04637094	    -47.42437806	    -44.35908862	     10.04904383	      2.51552340	     -0.02985570	     -0.03269758
      3.04500000	      5.84694729	    -18.05019508	      0.92184877	     29.61958480	     50.03126447	     13.78961947	     11.25382747	     -6.96976577	     -0.11616643	     13.24530342	      4.59370658	     -3.00294120	     -1.97551746	     -6.77554730	      1.25788867	    -58.80021993	     -0.04099727	    -52.41004413	     -0.04598346	    -44.68016586	    -41.50357082	      9.47916974	      2.23553271	     -0.03089820	     -0.03345503
      3.05000000	      3.74709743	    -16.25607071	      0.50931724	     31.09366331	     57.23891324	     14.14403909	     10.05120468	     -6.33123316	     -0.32679604	     13.01567327	      4.27167539	     -2.83102930	     -3.34509446	     -6.11932694	      1.08851130	    -51.93726052	     -0.04054069	    -46.51654743	     -0.04519296	    -41.85477215	    -38.61241703	      8.97258393	      2.42067060	     -0.03209641	     -0.03432593
      3.05500000	      1.63826910	    -12.72588379	      0.23135182	     32.57141850	     67.79152849	     13.81447469	      9.00443521	     -5.56228340	     -0.56686213	     12.68031716	      2.76249398	     -2.26103241	     -4.67928465	     -5.49475312	      0.88923911	    -45.30758286	     -0.03979691	    -40.37465338	     -0.04414329	    -39.20171862	    -35.04749593	      8.59767386	      1.90252650	     -0.03342285	     -0.03529545
      3.06000000	     -0.33270157	    -10.83851315	     -0.15567604	     33.85162700	     78.36841724	     13.43261991	      8.10770855	     -5.21861058	     -0.65827617	     12.36068378	      2.11944461	     -1.99918217	     -5.99497823	     -4.90019491	      0.67155479	    -39.09656524	     -0.03899849	    -34.60661199	     -0.04289616	    -35.96841470	    -31.63224419	      7.73535884	      1.95655106	     -0.03485616	     -0.03633262
      3.06500000	     -2.97132693	     -8.26885490	     -0.48630033	     34.03750024	     90.38558835	     12.97373040	      6.89521321	     -4.84957905	     -0.69608989	     11.78052924	      1.01575182	     -1.59293127	     -7.30395575	     -4.33437078	      0.44685320	    -32.96462145	     -0.03806074	    -28.86479539	     -0.04141378	    -33.01097843	    -27.85480287	      7.04672050	      1.62107656	     -0.03635419	     -0.03740748
      3.07000000	     -4.66007487	     -5.64106081	     -0.88813500	     34.34085595	    101.93063139	     11.99336284	      6.04321305	     -4.01701453	     -0.87782646	     11.75755474	      0.17974279	     -1.28120475	     -8.61283902	     -3.79654111	      0.22595642	    -27.34264007	     -0.03695936	    -23.86456707	     -0.03969092	    -29.68593389	    -24.08779657	      6.45489960	      1.21384937	     -0.03788345	     -0.03849385
      3.07500000	     -6.57034521	     -4.06898617	     -1.36162338	     34.07332567	    108.79525821	     11.51098857	      4.71898782	     -3.06627607	     -1.00564091	     11.80992651	      0.33378674	     -1.25703600	     -9.92328414	     -3.28669243	      0.01865100	    -21.79390426	     -0.03567121	    -19.44670754	     -0.03772755	    -26.98702631	    -20.79394415	      6.03039147	      1.20375336	     -0.03941106	     -0.03956614
      3.08000000	     -7.38644018	     -3.07523445	     -1.74381314	     33.87399089	    115.73226354	     11.00115542	      4.08547130	     -2.68317352	     -1.01324754	     12.28575202	      0.34057177	     -1.18806524	    -11.23237227	     -2.80570969	     -0.16672712	    -17.19584006	     -0.03417684	    -15.81603507	     -0.03552980	    -23.91635961	    -17.26088396	      5.24051723	      0.91704131	     -0.04090587	     -0.04059946
      3.08500000	     -7.20435947	     -1.53491521	     -2.04818732	     33.90549464	    119.13183543	      9.79422969	      4.07398212	     -1.48498433	     -1.26539585	     12.93659199	      0.55341090	     -1.16188356	    -12.53315426	     -2.35551310	     -0.32363492	    -13.20606517	     -0.03246293	    -12.78273408	     -0.03309868	    -21.11127930	    -14.10322457	      4.90043105	      0.66747078	     -0.04233911	     -0.04157059
      3.09000000	     -7.54885650	     -0.11606804	     -2.20261489	     32.76814752	    118.11121402	      8.29874970	      4.11658438	     -0.08170297	     -1.52748156	     12.84436399	      1.03424771	     -1.18597097	    -13.81531331	     -1.93911552	     -0.44757463	     -9.58061239	     -0.03043323	     -9.86779874	     -0.03020056	    -18.95577275	    -11.45231289	      4.86468992	      0.73984056	     -0.04369045	     -0.04247136
      3.09500000	     -6.79987030	      0.56521701	     -2.36221891	     31.90013073	    119.22470768	      6.85098376	      4.69243599	      0.36673832	     -1.58177782	     13.43164955	      0.96917399	     -1.07541681	    -15.06591353	     -1.56054337	     -0.53624803	     -6.84130095	     -0.02799388	     -7.80848165	     -0.02712636	    -16.07137598	     -8.78356770	      4.31124505	      0.38059237	     -0.04494042	     -0.04326021
      3.10000000	     -5.62007524	      0.20464845	     -2.45585475	     30.84827367	    117.01930229	      5.42974866	      5.56625653	      0.17734836	     -1.50194253	     14.00999688	      1.02696692	     -0.99978298	    -16.27019247	     -1.22457240	     -0.58960369	     -4.80408851	     -0.02538086	     -6.28253314	     -0.02396424	    -13.32708623	     -6.59757394	      3.66335609	      0.37152136	     -0.04605754	     -0.04391571
      3.10500000	     -4.08900606	      0.41698740	     -2.43817256	     29.32775473	    111.30772571	      3.67705896	      6.65331803	      0.56978889	     -1.55173882	     14.54335624	      1.03906453	     -0.92127148	    -17.41234571	     -0.93626414	     -0.60976664	     -3.16084167	     -0.02267312	     -5.24140452	     -0.02079849	    -11.04824666	     -4.67339799	      3.38031861	      0.07042114	     -0.04702510	     -0.04441809
      3.11000000	     -2.59518041	      0.64356981	     -2.44706723	     27.03044817	    100.90400623	      1.15575209	      7.55599753	      0.89590018	     -1.55861981	     15.00849050	      0.82024046	     -0.79352505	    -18.47624840	     -0.70034309	     -0.60084868	     -1.88260545	     -0.01994750	     -4.64562059	     -0.01770676	     -9.10096245	     -3.28999576	      3.23141094	      0.01507545	     -0.04782925	     -0.04474958
      3.11500000	     -0.35756428	      0.46746497	     -2.30772201	     24.99561057	     90.23993411	     -1.21518663	      8.90368927	      0.86602320	     -1.50282324	     15.72017362	      0.52230776	     -0.71156193	    -19.44606691	     -0.52050084	     -0.56864771	     -1.30650043	     -0.01727575	     -4.54712392	     -0.01475779	     -7.13158213	     -1.92810962	      2.81832482	     -0.27545999	     -0.04845834	     -0.04489466
      3.12000000	      2.30638104	     -0.93297096	     -2.00036719	     22.59132518	     75.09915423	     -2.56126302	     10.85658667	      0.27898562	     -1.39029506	     16.02550641	      0.73951875	     -0.72272717	    -20.30674936	     -0.39874104	     -0.52025258	     -1.62349541	     -0.01472192	     -4.63317610	     -0.01200971	     -5.43205179	     -0.92309490	      2.58356901	     -0.29025226	     -0.04890206	     -0.04484027
      3.12500000	      4.18178252	     -1.55640078	     -1.70076194	     19.15363045	     59.04789384	     -4.73269724	     12.30571039	     -0.24265212	     -1.24763879	     15.99085833	      0.42597962	     -0.65940108	    -21.04442218	     -0.33488389	     -0.46358346	     -2.08745677	     -0.01234038	     -4.67024151	     -0.00950896	     -4.01428561	     -0.15311399	      2.19617471	     -0.39762059	     -0.04915037	     -0.04457570
      3.13000000	      4.16335588	     -1.03874907	     -1.41943023	     13.54918857	     43.70001120	     -8.10138523	     13.24424437	     -0.42570391	     -1.14905914	     14.64198705	     -0.53144584	     -0.43713737	    -21.64673689	     -0.32631462	     -0.40690213	     -2.52241888	     -0.01017448	     -4.10511246	     -0.00733498	     -2.74815963	      0.31272022	      1.86730274	     -0.45590301	     -0.04919231	     -0.04409554
      3.13500000	      3.15109017	     -2.03783642	     -1.18035005	      7.27052206	     32.94126834	     -9.60740710	     13.35171790	     -1.61553180	     -0.89762984	     13.36646698	     -1.06843994	     -0.43567809	    -22.10322325	     -0.36800058	     -0.35831688	     -2.91758159	     -0.00828123	     -3.62266476	     -0.00546551	     -1.40842798	      0.83219077	      1.21707582	     -0.60543263	     -0.04901654	     -0.04338916
      3.14000000	      0.31873766	     -3.30831673	     -2.46394600	      0.07743595	     23.66145234	    -11.58740205	     12.18577294	     -1.89175739	     -0.64089584	     11.68457694	      0.00219470	      0.71072932	    -22.40569848	     -0.45275933	     -0.32529842	     -2.40222836	     -0.00665808	     -2.75866570	     -0.00389163	     -0.89561020	      0.86326819	      0.98102848	      0.57279131	     -0.04860509	     -0.04245013
      3.14500000	     -2.41199488	     -1.56497078	     -2.31223208	     -7.28851215	     18.23663672	    -14.97377392	     10.90191075	     -1.02398013	     -0.58584436	     10.19641850	     -1.19495398	      0.71444397	    -22.54873172	     -0.57173571	     -0.31422304	     -1.66906664	     -0.00529639	     -2.36024144	     -0.00261327	     -0.10597306	      1.14948021	      0.85391463	     -0.01055936	     -0.04793789	     -0.04127460
      3.15000000	    -10.02155499	     -0.04741414	     -1.28377624	    -18.25101372	     15.17745962	    -16.94723608	      7.89734051	      0.27270919	     -0.16682851	      5.71611187	     -1.81367515	      0.23824685	    -22.53010925	     -0.71502559	     -0.32996305	      0.54170918	     -0.00419503	     -0.24162353	     -0.00162295	     -0.77547099	      0.78566223	      1.55218290	     -0.11763645	     -0.04699326	     -0.03986029
      3.15500000	    -11.08739909	      0.17298441	     -1.65513636	    -23.50775101	     10.19657593	    -19.11954950	      6.90994443	      0.06577477	     -0.17147639	      5.38266470	     -2.37149087	      0.32614318	    -22.35122778	     -0.87237603	     -0.37555191	      0.34260063	     -0.00334450	     -0.51841100	     -0.00090615	      0.04061593	      0.86553245	      0.75749949	     -0.30331087	     -0.04574805	     -0.03820735
      3.16000000	    -11.69555164	     -0.59657865	     -1.83262351	    -27.86878472	      4.67416038	    -19.51437325	      6.37020198	     -0.04951682	     -0.10733169	      4.89736141	     -1.84078786	      0.30348272	    -22.01733914	     -1.03388862	     -0.45196050	     -0.00721637	     -0.00272743	     -0.71391130	     -0.00044193	      0.28852632	      0.74681178	      0.48019193	     -0.11884392	     -0.04418004	     -0.03631968
      3.16500000	    -12.25473961	     -0.91239394	     -1.79961218	    -31.68942083	      2.13181282	    -19.76592700	      6.10694881	     -0.50893034	      0.01685948	      4.18936003	     -2.03288543	      0.29527011	    -21.53757908	     -1.19064128	     -0.55801547	     -0.55715205	     -0.00231948	     -0.74314932	     -0.00020395	      0.47027800	      0.62221261	      0.25759986	     -0.06809267	     -0.04227120	     -0.03420644
      3.17000000	    -12.33135230	     -0.26509853	     -1.91373567	    -34.54859017	      2.22519552	    -20.21260821	      5.62069619	     -0.43588963	      0.09574419	      4.16598092	     -2.46093340	      0.39196309	    -20.92475340	     -1.33514319	     -0.69046936	     -0.82113765	     -0.00209081	     -1.11943707	     -0.00016158	      0.40660542	      0.69117813	      0.26946623	     -0.20761695	     -0.04001125	     -0.03188324
      3.17500000	    -12.14775448	      0.07957988	     -1.82299698	    -36.67566109	      4.17289459	    -20.35376491	      5.59776642	     -0.39625622	      0.24364463	      3.90630482	     -2.69369084	      0.43484874	    -20.19490897	     -1.46156648	     -0.84420362	     -1.31122481	     -0.00200779	     -1.34012838	     -0.00028137	      0.45890798	      0.64438182	      0.24203361	     -0.21394602	     -0.03740122	     -0.02937275
      3.18000000	    -11.78975276	     -0.10010595	     -1.87333222	    -38.11623690	      8.15237600	    -19.23604075	      5.43809105	     -0.89986075	      0.38779550	      3.97438221	     -2.82594794	      0.50876130	    -19.36674772	     -1.56574322	     -1.01252220	     -1.81712348	     -0.00203492	     -1.68534156	     -0.00052840	      0.41619699	      0.76377514	      0.22704603	     -0.36997231	     -0.03445625	     -0.02670442
      3.18500000	    -11.89154252	     -0.10052028	     -1.93595924	    -39.54963158	     10.29239549	    -18.61374501	      4.99068444	     -1.14141137	      0.46951245	      3.71348839	     -2.92228096	      0.52621253	    -18.46093738	     -1.64495865	     -1.18749012	     -2.05434555	     -0.00213686	     -1.84961949	     -0.00086767	      0.18900445	      0.58261770	      0.36116439	     -0.19817475	     -0.03120737	     -0.02391333
      3.19000000	    -11.53518215	     -0.22932809	     -1.87485909	    -39.89951726	     14.09144155	    -17.75106517	      4.94576971	     -1.35235287	      0.58817929	      3.49060891	     -2.86839824	      0.52881178	    -17.49934555	     -1.69760496	     -1.36029489	     -2.45607872	     -0.00228008	     -1.97154938	     -0.00126525	      0.13902702	      0.46118266	      0.39645766	     -0.07230951	     -0.02770176	     -0.02103845
      3.19500000	    -10.78476271	     -0.68916860	     -1.96235759	    -39.13012538	     20.35427501	    -16.48905724	      4.91663066	     -2.14220912	      0.70793233	      3.70609780	     -3.05565523	      0.59961545	    -16.50420403	     -1.72278220	     -1.52163290	     -2.96405801	     -0.00243434	     -2.26523753	     -0.00168923	      0.39417529	      0.52696077	      0.09760170	     -0.16598954	     -0.02400160	     -0.01812036
      3.20000000	    -10.59951683	     -0.25994690	     -1.70730415	    -38.25419589	     24.14860641	    -15.50875814	      4.95668847	     -2.39669736	      0.78358287	      3.10381107	     -3.43683954	      0.56075777	    -15.49720462	     -1.71994033	     -1.66213368	     -3.28997964	     -0.00257369	     -2.02337698	     -0.00211037	      0.23955878	      0.43468390	      0.21289729	     -0.22830813	     -0.02018146	     -0.01519900
      3.20500000	     -9.17431715	     -0.44722093	     -1.66932595	    -35.35279276	     28.02920548	    -14.38262614	      5.26321090	     -2.96112063	      0.87732970	      3.41234762	     -3.64707628	      0.62641840	    -14.49853171	     -1.68864305	     -1.77283521	     -3.77577961	     -0.00267697	     -2.26097755	     -0.00250258	      0.40606287	      0.45467864	      0.03183823	     -0.26484791	     -0.01632454	     -0.01231153
      3.21000000	     -8.57545347	     -0.16884529	     -1.46987772	    -32.51168493	     28.87352392	    -13.24827930	      5.28172843	     -3.02609591	      0.87138258	      3.02971708	     -3.68343440	      0.57412734	    -13.52587614	     -1.62851244	     -1.84570304	     -3.89764795	     -0.00272801	     -2.03659097	     -0.00284313	      0.16962828	      0.32849284	      0.21548938	     -0.19636876	     -0.01251814	     -0.00949074
      3.21500000	     -8.11420204	     -0.08407885	     -1.52757282	    -29.00108573	     27.95752704	    -12.12489431	      4.79759371	     -3.09075924	      0.76069000	      2.93971845	     -3.53249576	      0.54162518	    -12.59353985	     -1.53939420	     -1.87414619	     -3.67549277	     -0.00271539	     -1.93970837	     -0.00311280	     -0.09933408	      0.19624974	      0.34603337	     -0.02975436	     -0.00884874	     -0.00676422
      3.22000000	     -7.08148444	     -0.17778203	     -1.31365619	    -24.04304432	     29.03333038	    -10.86998706	      5.05364849	     -3.27123820	      0.73554697	      2.74335387	     -3.39983461	      0.49192016	    -11.71175974	     -1.42175055	     -1.85346004	     -3.81375712	     -0.00263216	     -1.68409861	     -0.00329597	      0.06949228	      0.17831140	      0.15495728	     -0.04957574	     -0.00539736	     -0.00415421
      3.22500000	     -6.02957994	      0.04831519	     -1.15260801	    -18.39026402	     27.18249751	     -9.98012101	      5.07170951	     -3.27943713	      0.64939748	      2.65305981	     -3.40053348	      0.46800363	    -10.88633939	     -1.27722736	     -1.78114181	     -3.70473084	     -0.00247538	     -1.46514203	     -0.00338073	      0.08007512	      0.11309073	      0.08828082	      0.00292460	     -0.00223549	     -0.00167847
      3.23000000	     -5.19223217	      0.58210101	     -0.84118404	    -12.36749331	     23.02541193	     -9.21755611	      5.06358868	     -2.94316228	      0.53210773	      2.25912947	     -3.32805621	      0.40042544	    -10.11863328	     -1.10928427	     -1.65705123	     -3.43477351	     -0.00224575	     -1.03224013	     -0.00335906	     -0.06453769	     -0.00767945	      0.21222945	      0.10245347	      0.00057789	      0.00064818
      3.23500000	     -4.39034216	      1.35814503	     -0.64407185	     -5.82075888	     21.25028473	     -8.38050666	      4.81276549	     -2.92686213	      0.40393529	      2.20064066	     -3.73511881	      0.42938110	     -9.40587826	     -0.92374508	     -1.48341183	     -3.04555176	     -0.00194736	     -0.69934754	     -0.00322484	      0.00514902	      0.11789303	      0.05759088	     -0.18977750	      0.00299809	      0.00281161
      3.24000000	     -4.23606898	      1.85338117	     -0.31262693	      0.21669360	     13.27875010	     -7.59333139	      4.31835311	     -2.28480944	      0.21775949	      1.47183675	     -3.32569162	      0.30955063	     -8.74179754	     -0.72911810	     -1.26467562	     -2.33937595	     -0.00158751	     -0.03728033	     -0.00298026	     -0.33808954	     -0.08161032	      0.38013592	      0.06511575	      0.00499497	      0.00479677
      3.24500000	     -4.07188706	      2.35877368	      0.13981638	      6.47528352	      9.91484409	     -7.09595614	      4.12218451	     -1.87013823	      0.11735297	      0.69045640	     -3.26469155	      0.22866041	     -8.11736446	     -0.53656034	     -1.00728908	     -1.80792052	     -0.00117673	      0.73225973	     -0.00263244	     -0.12452925	     -0.11039024	      0.18199317	     -0.01907568	      0.00655208	      0.00658510
      3.25000000	     -4.13305875	      2.64857760	      0.41263889	     12.24457230	      2.33893401	     -6.53107446	      3.40580142	     -1.60439038	     -0.01069889	      0.02422919	     -3.16723264	      0.18128851	     -7.52162734	     -0.35942213	     -0.71938574	     -0.99729675	     -0.00072882	      1.37958480	     -0.00219275	     -0.23693146	     -0.21662254	      0.25792024	      0.10776208	      0.00766457	      0.00815286
      3.25500000	     -4.91850105	      3.19040609	      0.59527609	     16.92547847	     -4.75661015	     -6.34357479	      2.14855488	     -1.13197324	     -0.18801797	     -0.76871659	     -3.11231348	      0.14192551	     -6.94250326	     -0.21238288	     -0.41041552	      0.16386700	     -0.00026100	      2.10379345	     -0.00167754	     -0.38084567	     -0.29201394	      0.34680353	      0.18210023	      0.00833652	      0.00947027
      3.26000000	     -5.88292894	      3.18311241	      0.80005998	     20.92201111	     -7.74531471	     -5.75085935	      1.04343781	     -1.15347005	     -0.25772031	     -1.65203155	     -3.11066394	      0.11741268	     -6.36744685	     -0.11025290	     -0.09072535	      1.15832083	      0.00020604	      2.93319331	     -0.00110805	     -0.19130683	     -0.24014565	      0.07639986	      0.00901708	      0.00857781	      0.01050155
      3.26500000	     -7.23601509	      3.24632571	      1.04229233	     23.59849054	    -14.81220234	     -5.50611670	     -0.32987322	     -0.72708634	     -0.35166452	     -2.85544484	     -2.80932038	      0.04037545	     -5.78394759	     -0.06656910	      0.22889052	      2.36315343	      0.00064811	      3.85462851	     -0.00051012	     -0.37781249	     -0.34907136	      0.29166353	      0.16265672	      0.00840125	      0.01120620
      3.27000000	     -9.02768989	      3.35056283	      1.26235148	     24.90484363	    -19.36190881	     -5.28071296	     -1.86945761	     -0.67581665	     -0.39524964	     -4.19008858	     -2.94458253	      0.00430514	     -5.17986339	     -0.09214849	      0.53765340	      3.57163442	      0.00103767	      4.87474300	      0.00008616	     -0.50510750	     -0.38906203	      0.41762325	      0.08742434	      0.00782010	      0.01154119
      3.27500000	    -10.45622951	      2.56613530	      1.13802886	     25.48458744	    -21.93479259	     -5.13103580	     -3.49607181	     -0.98909638	     -0.38116975	     -4.94973327	     -2.82376193	      0.04065880	     -4.54358963	     -0.19377937	      0.82524913	      4.75347030	      0.00134426	      5.50704231	      0.00064688	     -0.42007802	     -0.35922095	      0.26685445	      0.13777734	      0.00684632	      0.01146424
      3.28000000	    -13.34480682	      3.08442014	      1.30294247	     23.42013703	    -23.17472625	     -6.17192429	     -5.51548649	     -0.33216183	     -0.47894284	     -6.72332610	     -2.95299496	     -0.03753024	     -3.86406143	     -0.37323105	      1.08223451	      6.28414844	      0.00153517	      6.72696041	      0.00113492	     -0.56496844	     -0.46557212	      0.46887669	      0.12645187	      0.00548971	      0.01093750
      3.28500000	    -15.58335019	      2.27884910	      1.08051506	     20.76298774	    -23.26603445	     -6.78751248	     -7.46548708	     -0.30212171	     -0.49558506	     -7.83810265	     -2.66824875	     -0.06426583	     -3.13062894	     -0.62674299	      1.30039369	      7.64458852	      0.00157655	      7.48640337	      0.00151064	     -0.58755202	     -0.52369883	      0.47719155	      0.35152049	      0.00375796	      0.00993135
      3.29000000	    -18.21165014	      1.76792081	      0.92385615	     16.61624090	    -17.22357323	     -7.39955732	     -9.31277679	     -0.69579519	     -0.45271882	     -9.15388758	     -3.06268949	     -0.05885375	     -2.33284548	     -0.94510211	      1.47305016	      8.86673757	      0.00143480	      8.46168982	      0.00173274	     -0.47285801	     -0.51152173	      0.27666674	      0.17558625	      0.00165753	      0.00842769
      3.29500000	    -20.01483528	      0.76537271	      0.67737543	     12.13362923	     -9.79665059	     -7.74319963	    -10.76208184	     -0.79466439	     -0.38786047	    -10.02495509	     -2.80191119	     -0.08198032	     -1.46018783	     -1.31433628	      1.59533426	      9.89086845	      0.00107828	      9.14780949	      0.00175929	     -0.41201203	     -0.47685528	      0.24553002	      0.21057225	     -0.00080462	      0.00642246
      3.30000000	    -21.68169268	      0.40364525	      0.37209151	      6.74684793	     -0.46695436	     -9.11939460	    -12.21675249	     -0.87472570	     -0.35207972	    -10.73336266	     -3.21605758	     -0.03739912	     -0.50178138	     -1.71695897	      1.66440014	     10.90715105	      0.00047924	      9.70670073	      0.00154882	     -0.39064073	     -0.48236831	      0.24089988	      0.27536939	     -0.00361857	      0.00392703
      3.30500000	    -23.15229352	     -0.24336524	     -0.12170086	      0.74401887	     14.38058217	     -9.47439324	    -13.66603216	     -1.19635881	     -0.33104941	    -11.00853024	     -3.44339985	      0.00699156	      0.55374267	     -2.13362201	      1.67957433	     11.87650347	     -0.00038428	     10.13719269	      0.00106166	     -0.39976686	     -0.38035709	      0.21458108	      0.14095357	     -0.00676830	      0.00096872
      3.31000000	    -23.75004498	     -0.32491932	     -0.34073719	     -5.10422203	     31.53363738	    -10.26334402	    -14.34210095	     -0.77955639	     -0.33398127	    -11.21108043	     -3.52283550	     -0.01055562	      1.71816435	     -2.54498039	      1.64240515	     12.52557012	     -0.00152679	     10.53695864	      0.00026136	     -0.46796235	     -0.33157941	      0.45651430	      0.12396847	     -0.01022826	     -0.00240966
      3.31500000	    -23.78743577	     -0.85886740	     -0.58463276	    -10.85461743	     53.91740061	    -10.97381227	    -14.47139595	     -0.82289501	     -0.27614283	    -11.21209185	     -3.74725347	     -0.04283221	      3.00332934	     -2.93354796	      1.55658732	     12.85746863	     -0.00295404	     10.85012105	     -0.00088376	     -0.32182588	     -0.31283681	      0.37876295	      0.14800369	     -0.01396005	     -0.00615077
      3.32000000	    -12.02169220	     -7.20789180	     -0.10908488	     -4.07300350	     29.75316250	      0.62613311	     -6.75906073	     -8.89019888	      0.34456851	    -10.27617582	     -3.74658231	     -0.03272254	      4.42054284	     -3.28533126	      1.42775127	      5.71140656	     -0.00466231	     10.71038951	     -0.00239881	     -3.24803306	     -0.19075427	     -0.27820965	      0.14481025	     -0.01790992	     -0.01018409
      3.32500000	     35.70377089	    -19.27855281	      3.50378920	     40.02141342	    -44.14111888	     19.01432587	     27.54992283	    -20.01716731	      0.49022860	     -4.53317706	     -2.84302414	     -0.13953069	      5.97976514	     -3.59106551	      1.26312847	    -18.97562210	     -0.00663842	      7.54214924	     -0.00428771	     -3.89044528	     -1.72271309	     -1.47571593	      0.02115540	     -0.02200777	     -0.01442894
      3.33000000	     93.21083641	    -21.81831140	      8.27370935	     97.45766383	   -105.66308394	     16.44603933	     66.10779848	    -11.55815943	     -1.55177480	      6.20273644	      2.11812826	     -0.59315489	      7.68872870	     -3.84692380	      1.07113047	    -40.26387620	     -0.00886032	      0.23686276	     -0.00651535	     -2.51498349	     -6.17964568	      0.80654293	      1.20334331	     -0.02616774	     -0.01879734
      3.33500000	     79.13151734	    -15.41741270	     -0.96894471	     79.40195050	   -103.72871676	      5.94737795	     27.92369535	      3.69352953	     -2.25196997	     29.48330872	     11.12917299	     -1.79426526	      9.55210192	     -4.05463149	      0.86089220	    -16.57522197	     -0.01129825	    -13.83564495	     -0.00907212	     -8.47236245	     -6.66751932	      3.18430188	      1.68913724	     -0.03029073	     -0.02319179
      3.34000000	     36.87207778	     -7.77487361	     -5.98798299	     30.23172731	    -81.87249133	     -2.11180825	     -7.96659142	      7.80333993	     -1.54267346	     24.59600481	     10.57720498	     -1.76915798	     11.57079575	     -4.22100131	      0.64182454	      3.21467817	     -0.01391589	    -11.14214697	     -0.01192969	    -13.82657072	     -8.81261655	      3.61792899	      2.06854042	     -0.03426863	     -0.02751286
      3.34500000	    -12.94788683	     -0.05905454	     -7.42803321	    -28.58486294	    -58.57753177	     -9.84807177	    -35.81826685	      9.21920272	     -0.61027575	      4.45272052	      7.01066953	     -1.30372456	     13.74148044	     -4.35698526	      0.42321259	     17.65903432	     -0.01667152	     -0.32525412	     -0.01505150	    -17.83421805	    -12.20165783	      4.02296954	      2.39856954	     -0.03799046	     -0.03166108
      3.35000000	    -65.68960774	      9.77189379	     -9.44969286	    -90.00368522	    -29.01811217	    -21.14452034	    -68.08705773	     12.71131108	      0.34808120	    -13.82183260	      3.34946693	     -0.78749484	     16.05635413	     -4.47638773	      0.21388496	     35.19695902	     -0.01951862	      9.03986806	     -0.01839391	    -22.31950789	    -15.49942621	      4.70543886	      2.87607109	     -0.04135003	     -0.03554010
      3.35500000	   -105.68110783	     22.68465110	     -7.27853980	   -138.47156468	      7.68854416	    -32.90805848	    -83.42630013	     19.16823047	     -0.01004090	    -36.86061464	     -0.04536058	     -0.14772897	     18.50318224	     -4.59439861	      0.02195907	     43.12503866	     -0.02241830	     21.42290883	     -0.02190690	    -25.35498936	    -18.30437230	      5.91605176	      3.28742431	     -0.04425517	     -0.03906015
      3.36000000	   -104.74366150	     24.93739926	     -0.88684360	   -143.06034336	     19.82537130	    -31.78909940	    -65.22213923	     18.71958107	     -0.90908716	    -55.76770842	     -1.70687353	      0.05079529	     21.06560792	     -4.72609579	     -0.14535968	     29.62405483	     -0.02544346	     31.07113756	     -0.02553396	    -25.89847520	    -20.57314721	      6.32724882	      4.11642849	     -0.04664617	     -0.04214188
      3.36500000	    -67.95728936	     15.21554217	      1.54764011	   -105.87612616	      1.01584412	    -15.80097355	    -40.17016210	     11.14591542	     -0.79778764	    -48.75171765	      0.27808498	     -0.35794184	     23.72371690	     -4.88504119	     -0.28196239	      9.62049342	     -0.02833929	     25.79825064	     -0.02921116	    -27.49742631	    -21.79948445	      6.17213193	      4.36680244	     -0.04846941	     -0.04472045
      3.37000000	    -22.13266255	      7.95899470	      0.52150591	    -55.91973796	    -27.82945602	     -5.28465197	    -23.26357885	      7.10268239	     -0.83171438	    -25.63939378	      2.68809933	     -1.01043685	     26.45482224	     -5.08206028	     -0.38303689	     -5.61782627	     -0.03100572	     10.67910543	     -0.03297463	    -30.16072966	    -23.22873891	      6.28154102	      4.47329030	     -0.04970980	     -0.04675709
      3.37500000	     10.34112695	      1.53385586	     -0.59910337	    -18.82300722	    -61.10965662	      3.19591295	    -12.24304342	      3.28156011	     -0.58507511	     -9.51857346	      4.50686327	     -1.51601135	     29.23441479	     -5.32426741	     -0.44529385	    -17.95828145	     -0.03334663	     -1.41918203	     -0.03670768	    -33.75547972	    -26.22400586	      6.75116647	      4.87138613	     -0.05038117	     -0.04823168
      3.38000000	     26.94595356	     -3.85975728	     -2.53228623	      2.14592185	    -83.52867043	      7.64383064	    -10.12495345	     -0.42334180	      0.25074059	      1.12708344	      5.22061239	     -1.78481953	     32.03720420	     -5.61438762	     -0.46720214	    -24.98935199	     -0.03527681	    -11.22463881	     -0.04011046	    -37.20577051	    -30.28162438	      6.68067468	      5.35256072	     -0.05052231	     -0.04913102
      3.38500000	     32.35517523	     -3.76733325	     -4.19435200	     11.48415363	    -98.44666795	      4.01566004	    -13.89162667	      1.89450437	      0.12601774	      7.33159178	      6.62761578	     -2.16141727	     34.83816595	     -5.95042476	     -0.44919196	    -27.46406065	     -0.03672858	    -19.37943427	     -0.04304275	    -40.73345639	    -35.03162132	      7.46557658	      6.22468920	     -0.05019118	     -0.04947143
      3.39000000	     26.30471358	     -5.10816683	     -4.41901238	      7.75819960	   -112.07405904	      3.09414182	    -17.91568569	      3.35328888	      0.23635605	      3.21581961	      9.21194738	     -2.68384122	     37.61351524	     -6.32572177	     -0.39376752	    -30.77125505	     -0.03756216	    -22.22997066	     -0.04537669	    -44.47482084	    -39.94733370	      8.04060888	      7.07246825	     -0.04946505	     -0.04928740
      3.39500000	     17.47690640	    -10.51300093	     -2.60162829	      0.66503077	   -132.57904514	      8.14385315	    -15.94450045	      0.73613941	      0.97012370	     -9.60918869	     11.81878943	     -3.16231011	     40.34153144	     -6.72943835	     -0.30548070	    -39.24903307	     -0.03780264	    -20.75284133	     -0.04700632	    -48.44616189	    -44.91402391	      8.47627165	      8.24451252	     -0.04842913	     -0.04862845
      3.40000000	     14.64582447	    -16.16221757	     -0.35825001	      0.88972871	   -155.63060128	     13.68910512	    -10.12507444	     -2.00053891	      1.51622542	    -20.66428293	     14.37422480	     -3.66791057	     43.00315161	     -7.14743586	     -0.19075259	    -50.48271124	     -0.03780373	    -20.51943039	     -0.04773183	    -52.26877326	    -49.70727879	      8.80238047	      9.33614515	     -0.04714649	     -0.04756519
      3.40500000	     19.30089037	    -20.21848623	      0.17662205	     10.33150205	   -178.12681904	     17.47982612	     -6.53673164	     -3.74514669	      1.98558040	    -22.36684103	     16.45727814	     -4.17972715	     45.58225930	     -7.56350976	     -0.05756205	    -60.52803070	     -0.03762673	    -25.64184803	     -0.04762890	    -56.09634537	    -53.87665282	      9.15770768	      9.95629867	     -0.04569338	     -0.04617674
      3.41000000	     24.06787569	    -23.79249655	     -1.47114220	     20.55355574	   -193.32015731	     19.70596863	     -9.06085960	     -4.71481929	      2.73531874	    -17.38876047	     18.89336987	     -4.93177239	     48.06562143	     -7.96085453	      0.08496529	    -66.40853146	     -0.03733013	    -34.59220778	     -0.04711454	    -59.92013074	    -57.51902337	      9.44214355	     10.52809178	     -0.04414098	     -0.04452168
      3.41500000	     25.45627363	    -25.57255094	     -3.15710348	     26.22384585	   -200.40761408	     20.74361372	    -13.65525681	     -4.21413913	      3.22171570	    -13.07762664	     21.48668630	     -5.77972093	     50.44245235	     -8.32360421	      0.22702596	    -70.64624768	     -0.03696750	    -42.80382271	     -0.04626212	    -63.50385867	    -60.56548917	     10.14795335	     11.02018383	     -0.04255280	     -0.04268238
      3.42000000	     20.48247624	    -27.46324937	     -4.04284396	     23.88475226	   -195.63960691	     22.01624697	    -18.44403689	     -4.64400374	      4.01415362	    -13.85983165	     23.52047373	     -6.45031603	     52.70362069	     -8.63827763	      0.35862714	    -74.32358995	     -0.03658630	    -47.43255396	     -0.04514787	    -66.58729361	    -63.16012843	     10.48179440	     11.69368365	     -0.04098271	     -0.04074455
      3.42500000	     13.06527897	    -28.98527281	     -4.18478292	     17.73049948	   -179.65523572	     23.54701842	    -22.19995520	     -6.30206273	      5.12008242	    -17.32991117	     24.10401880	     -6.66983992	     54.84058416	     -8.89496385	      0.47007867	    -78.03249200	     -0.03624513	    -49.72967257	     -0.04384834	    -69.06936869	    -64.93967518	     10.40630464	     11.94097599	     -0.03947525	     -0.03879410
      3.43000000	     10.71552497	    -29.79243122	     -4.25817164	     16.71350086	   -157.83682253	     25.18771194	    -23.36398558	     -8.34838084	      6.10222912	    -18.30252923	     23.65235732	     -6.62801542	     56.84420473	     -9.08811142	      0.55248864	    -82.65536327	     -0.03588441	    -52.47016722	     -0.04243832	    -71.03891986	    -65.97340984	     10.57988768	     12.07158224	     -0.03806172	     -0.03691337
      3.43500000	     13.66205205	    -30.80791620	     -4.46738338	     20.94770024	   -131.44950400	     27.32534385	    -22.09459903	    -11.16748412	      7.09671751	    -16.42028280	     22.44571518	     -6.43372403	     58.70362639	     -9.21683709	      0.59825687	    -87.93581677	     -0.03546641	    -56.14334586	     -0.04096708	    -72.51312332	    -66.09662922	     10.82399836	     12.09793433	     -0.03675775	     -0.03518343
      3.44000000	     20.10132142	    -32.57756450	     -4.82341325	     28.42703074	    -98.92545181	     28.70522957	    -18.62562632	    -14.80278487	      8.17447553	    -13.02918613	     20.46086033	     -6.02190234	     60.40540891	     -9.28472489	      0.60155307	    -93.21286439	     -0.03504312	    -60.30739901	     -0.03931711	    -72.75800314	    -65.87564097	     10.59146285	     12.06401308	     -0.03557203	     -0.03365817
      3.44500000	     27.20948775	    -32.94946470	     -5.48587114	     36.07591682	    -58.96051286	     28.35186622	    -15.96355364	    -18.07270612	      9.19132986	     -7.80077721	     17.50204723	     -5.29860809	     61.93309960	     -9.29914557	      0.55875957	    -96.74042950	     -0.03466301	    -64.68895188	     -0.03759081	    -72.53272675	    -65.04736302	     10.30541436	     11.65789946	     -0.03450373	     -0.03238569
      3.45000000	     32.29712955	    -32.40399314	     -5.88140375	     40.48018805	    -16.94106828	     26.72221364	    -13.69902332	    -20.54402249	      9.93884647	     -3.89418941	     14.51871146	     -4.53380605	     63.26736542	     -9.27019831	      0.46883797	    -99.17562134	     -0.03436836	    -67.72472413	     -0.03589071	    -72.16113964	    -64.00156990	     10.36016246	     11.53895102	     -0.03354445	     -0.03139696
      3.45500000	     37.00819004	    -31.09685576	     -5.74902802	     43.35834111	     23.95243547	     23.49681669	    -10.41423637	    -22.37167289	     10.34531328	     -1.29857809	     11.20847514	     -3.62917144	     64.38671141	     -9.20942733	      0.33356058	   -101.48511859	     -0.03419331	    -69.93294144	     -0.03431322	    -71.34877251	    -62.71483534	     10.27295816	     11.15870183	     -0.03268054	     -0.03070465
      3.46000000	     40.78089481	    -29.06560035	     -5.74766428	     44.98481356	     49.09342902	     18.00823918	     -8.33860790	    -22.97751115	     10.40583260	      0.91758029	      8.40596393	     -2.89030584	     65.26870925	     -9.12847513	      0.15755875	   -103.42248900	     -0.03416250	    -72.62291632	     -0.03294329	    -71.03475394	    -62.23296979	     10.31335572	     11.20293683	     -0.03189564	     -0.03030323
      3.46500000	     39.77732180	    -26.04683088	     -5.40325819	     40.37783633	     57.61325474	     10.19157947	     -8.33978727	    -21.85602633	     10.00706414	      0.02332142	      6.23460378	     -2.33911544	     65.89157287	     -9.03782323	     -0.05183522	   -104.43928366	     -0.03429054	    -74.72111698	     -0.03185027	    -71.27857214	    -62.70740549	     10.76989626	     11.47849709	     -0.03117307	     -0.03017029
      3.47000000	     34.75745512	    -22.06233422	     -4.79279237	     30.73580434	     48.26407902	      0.77760417	    -10.38200780	    -19.64714094	      9.37731141	     -3.34839565	      4.31557313	     -1.85442901	     66.23586137	     -8.94574146	     -0.28495333	   -105.09390495	     -0.03458198	    -76.35840561	     -0.03108530	    -72.28843613	    -64.18738633	     11.69089656	     11.97738638	     -0.03049781	     -0.03026893
      3.47500000	     27.95041101	    -17.98379590	     -4.57570711	     18.95786245	     31.67601366	     -9.19031938	    -14.72453340	    -17.30074568	      8.90212384	     -6.22785934	      2.67095686	     -1.49654640	     66.28606728	     -8.85751274	     -0.53033678	   -104.65284120	     -0.03503188	    -78.45676952	     -0.03067994	    -73.85749094	    -65.63583766	     12.45586729	     12.51457739	     -0.02985798	     -0.03055100
      3.48000000	     19.43818637	    -13.25262477	     -4.31518607	      4.78262271	      5.39366543	    -19.94777257	    -20.22246733	    -14.21585462	      8.24163877	     -9.80009683	      1.37370533	     -1.27010121	     66.03186594	     -8.77495691	     -0.77540055	   -104.09333741	     -0.03562688	    -80.36176271	     -0.03064604	    -75.73377754	    -67.39398666	     13.52112351	     13.27777423	     -0.02924564	     -0.03096097
      3.48500000	      9.98558289	     -9.28448698	     -3.89200033	    -10.64989202	    -20.46251824	    -29.20390581	    -25.41428139	    -12.08529935	      7.91622520	    -14.21403589	     -0.15551547	     -0.93052231	     65.46885864	     -8.69626210	     -1.00714303	   -103.76051593	     -0.03634659	    -81.22857648	     -0.03097669	    -77.16914301	    -69.13341275	     14.29305231	     13.66627439	     -0.02865710	     -0.03144019
      3.49000000	      1.58396324	     -6.11598751	     -3.18915735	    -24.35307966	    -46.48767991	    -37.51368743	    -28.92801960	     -9.97056094	      7.41412971	    -19.03178500	     -1.14972440	     -0.77884708	     64.59872333	     -8.61611542	     -1.21283585	   -103.81007223	     -0.03716524	    -81.52494996	     -0.03164791	    -78.48968092	    -70.79235395	     14.93762041	     14.06839100	     -0.02809278	     -0.03193123
      3.49500000	     -3.77085833	     -4.79401446	     -2.49768904	    -34.11943454	    -71.91506193	    -42.80059429	    -30.03860842	     -8.03954681	      6.71092243	    -23.01397191	     -0.81067286	     -1.13752423	     63.42878365	     -8.52610907	     -1.38065349	   -104.67882360	     -0.03805347	    -81.70615073	     -0.03262096	    -79.56440830	    -72.19999890	     15.84226462	     14.66527724	     -0.02755675	     -0.03238191
      3.50000000	     -8.08398989	     -4.50215843	     -1.88915889	    -41.10031104	    -88.81657294	    -46.06497624	    -30.17689287	     -6.41610431	      6.02615652	    -26.30650185	     -0.01441364	     -1.62110958	     61.97111581	     -8.41540258	     -1.50023006	   -104.67311694	     -0.03898018	    -81.13908318	     -0.03384511	    -80.33490940	    -73.50160007	     16.48495022	     14.98618954	     -0.02705608	     -0.03274879
      3.50500000	     -8.98059592	     -6.28367774	     -1.52903997	    -42.76426448	    -95.85597251	    -46.55458117	    -28.08234422	     -5.44245119	      5.38509040	    -27.82229977	      1.72423709	     -2.42695908	     60.24140697	     -8.27162319	     -1.56315487	   -104.45254909	     -0.03991420	    -80.39885811	     -0.03526070	    -80.34684908	    -74.42789037	     16.69689296	     15.29860936	     -0.02660001	     -0.03299976
      3.51000000	     -6.90643375	     -8.93467390	     -1.30304066	    -39.92848379	    -93.48471372	    -44.34236136	    -24.39195726	     -4.79433000	      4.70393557	    -27.43333193	      3.92732584	     -3.34896079	     58.25782499	     -8.08196639	     -1.56342471	   -103.84349606	     -0.04082566	    -79.44789640	     -0.03680235	    -79.97270168	    -74.60644790	     16.89493473	     15.35270544	     -0.02619912	     -0.03311567
      3.51500000	     -3.62683613	    -13.66996717	     -1.14539839	    -34.85954835	    -84.55111763	    -38.39912391	    -19.35080823	     -5.44495314	      4.39308282	    -26.65421514	      6.64634202	     -4.37878570	     56.04014420	     -7.83443506	     -1.49785705	   -103.16100047	     -0.04168714	    -77.71907998	     -0.03840215	    -79.00013160	    -74.41002320	     16.78904882	     15.23685258	     -0.02586439	     -0.03309074
      3.52000000	     -0.32554766	    -18.41238806	     -1.09346914	    -28.79150597	    -69.59700903	    -31.02004558	    -14.51943752	     -6.49047627	      4.23930740	    -25.19668191	      9.23525896	     -5.26897687	     53.60929573	     -7.51913200	     -1.36644272	   -101.57666113	     -0.04247430	    -75.28790782	     -0.03999274	    -77.80274734	    -73.79530859	     16.56813115	     15.02733809	     -0.02560634	     -0.03293201
      3.52500000	      3.31097102	    -23.11513720	     -1.18075120	    -21.62792215	    -52.20845660	    -22.59154640	     -9.92341179	     -7.74121896	      4.16461587	    -22.94237384	     11.77447894	     -6.06060991	     50.98738748	     -7.12949017	     -1.17259205	    -99.26875962	     -0.04316619	    -72.66762827	     -0.04151005	    -76.41615000	    -72.79045795	     16.27190931	     14.75213181	     -0.02543431	     -0.03265785
      3.53000000	      6.69268205	    -27.48617417	     -1.37857000	    -14.72106574	    -30.74685635	    -13.65684830	     -5.69946073	     -9.40356012	      4.25350101	    -20.23063453	     13.81851425	     -6.58758834	     48.19810072	     -6.66330314	     -0.92321633	    -96.37659761	     -0.04374518	    -69.63912624	     -0.04289565	    -74.26254677	    -71.31219524	     15.70708903	     14.27608432	     -0.02535590	     -0.03229574
      3.53500000	     10.10057204	    -30.80654776	     -1.72315138	     -7.18159287	    -12.72549833	     -5.22043407	     -2.47835122	    -11.03934528	      4.38589165	    -16.65311749	     15.26248276	     -6.86231715	     45.26726967	     -6.12342953	     -0.62859432	    -92.84049186	     -0.04419663	    -66.90925473	     -0.04409856	    -72.34510772	    -69.60062874	     15.26562537	     13.95932648	     -0.02537663	     -0.03187953
      3.54000000	     12.16902458	    -31.66562654	     -1.81620463	     -1.13616135	      5.04006084	      1.82389448	     -0.20511555	    -12.21168300	      4.40436976	    -13.46252119	     15.43357523	     -6.62294905	     42.22341111	     -5.51808350	     -0.30199737	    -88.80443823	     -0.04450844	    -63.46810931	     -0.04507651	    -70.34834489	    -67.47210196	     14.89222888	     13.28983437	     -0.02549985	     -0.03144653
      3.54500000	     13.35154472	    -32.33820851	     -2.03490110	      3.74014868	     22.46169506	      7.86231969	      1.34335201	    -13.66389951	      4.55570862	    -10.36013436	     15.19830004	     -6.25045756	     39.09797790	     -4.86067451	      0.04092416	    -84.20913104	     -0.04467053	    -60.04975477	     -0.04579663	    -67.73791234	    -65.02074817	     14.00996630	     12.73503215	     -0.02572687	     -0.03103454
      3.55000000	     14.02437543	    -30.50488370	     -1.86425123	      8.37825192	     37.86561794	     12.48295354	      2.65490255	    -14.18696136	      4.38100526	     -7.75618357	     13.92705579	     -5.51079609	     35.92515878	     -4.16921136	      0.38296148	    -79.39948623	     -0.04467451	    -56.07261655	     -0.04623565	    -65.39943335	    -62.35090623	     13.61124829	     11.92589482	     -0.02605722	     -0.03067916
      3.55500000	     14.13005147	    -29.10194410	     -1.73295281	     12.20812150	     51.52633511	     16.88255622	      3.81231399	    -15.06955889	      4.32449247	     -5.62836460	     12.63678587	     -4.80212782	     32.74114566	     -3.46533008	      0.70631594	    -74.51761593	     -0.04451338	    -52.01393041	     -0.04637962	    -62.64754187	    -59.47469005	     12.85197421	     11.22033803	     -0.02648895	     -0.03041144
      3.56000000	     14.00899316	    -26.60004743	     -1.40733500	     15.78848202	     64.05823557	     20.10310527	      5.01810859	    -15.31360599	      4.05028860	     -3.95146974	     11.04185775	     -4.02795268	     29.58290212	     -2.77302480	      0.99364057	    -69.58820109	     -0.04419766	    -47.66842461	     -0.04622676	    -59.80505597	    -56.39958051	     12.20493515	     10.48322930	     -0.02701967	     -0.03025646
      3.56500000	     13.20200201	    -23.32392610	     -1.19373190	     18.54958637	     74.43887420	     22.29693868	      5.16953102	    -14.89012335	      3.65394368	     -2.11565230	      9.46756397	     -3.32325853	     26.48655874	     -2.11716399	      1.22907234	    -64.00987907	     -0.04385508	    -43.58623745	     -0.04589515	    -57.18508124	    -53.02093721	     11.65612564	      9.68488744	     -0.02764777	     -0.03023572
      3.57000000	     10.76722474	    -19.79336885	     -1.12623420	     19.40502703	     83.10080775	     23.14846698	      4.26937947	    -13.94990243	      3.20281343	     -0.99117381	      8.06698594	     -2.70319170	     23.48564499	     -1.52188429	      1.39917317	    -57.85256092	     -0.04348456	    -39.30850621	     -0.04540381	    -54.36514223	    -49.83395472	     10.96954239	      9.00036191	     -0.02836642	     -0.03035555
      3.57500000	      7.68383112	    -16.20157253	     -1.09360397	     19.39168549	     89.78162493	     23.13714911	      2.95618301	    -12.57151644	      2.68588244	     -0.32687248	      6.76579856	     -2.15342236	     20.60941948	     -1.00897002	      1.49370531	    -51.36020353	     -0.04308297	    -35.16114692	     -0.04476294	    -51.54238604	    -46.68827604	     10.37058247	      8.24258577	     -0.02917037	     -0.03061789
      3.58000000	      5.96537957	    -13.38044813	     -1.14999394	     20.32525649	     98.43576268	     22.83628115	      2.50035717	    -11.54525691	      2.25413519	      0.74986042	      5.52887354	     -1.67596941	     17.88154170	     -0.59633559	      1.50618541	    -45.51074434	     -0.04264058	    -31.35803758	     -0.04398193	    -47.98916844	    -43.28995895	      9.33288006	      7.32583719	     -0.03005384	     -0.03101766
      3.58500000	      3.81735816	    -10.71317227	     -1.21375626	     20.74624141	    101.53391660	     22.30527974	      1.73091444	     -9.99071818	      1.73986072	      1.25187527	      4.81814204	     -1.36880509	     15.31926401	     -0.29673411	      1.43418695	    -39.69339129	     -0.04214139	    -27.59770323	     -0.04306866	    -45.02646804	    -40.19457842	      8.74692650	      6.60243594	     -0.03101057	     -0.03154378
      3.59000000	      1.74207238	     -8.41257116	     -1.36033265	     20.58195037	    104.06237256	     20.75589875	      0.88470568	     -8.78531396	      1.37110695	      1.71597386	      3.76763388	     -1.01954310	     12.93324390	     -0.11681116	      1.27938091	    -34.03882848	     -0.04156415	    -24.26719962	     -0.04202911	    -41.82803685	    -36.99822387	      7.96614290	      5.84022656	     -0.03203365	     -0.03218040
      3.59500000	     -0.46016308	     -6.45008340	     -1.53262460	     19.89868772	    104.48169533	     18.60959501	      0.16247099	     -7.08004577	      0.91909536	      1.65456051	      3.32187002	     -0.83739309	     10.72797150	     -0.05660008	      1.04731982	    -28.70075537	     -0.04088394	    -20.87004123	     -0.04086726	    -38.64176066	    -34.11401955	      7.31679812	      5.31891051	     -0.03311532	     -0.03290824
      3.60000000	     -2.39527482	     -4.90313641	     -1.79079316	     19.08229037	    106.50330744	     16.12633107	     -0.52865172	     -5.79468711	      0.62020767	      1.74205082	      2.68014909	     -0.62756308	      8.70270166	     -0.10951757	      0.74699750	    -23.66028596	     -0.03992349	    -17.72577259	     -0.03953718	    -35.33407435	    -31.13353460	      6.43109070	      4.65018873	     -0.03425382	     -0.03370876
      3.60500000	     -5.25570280	     -4.17083260	     -2.19235080	     16.68487099	    106.87250434	     13.71692092	     -1.75990947	     -4.47122311	      0.37851775	      1.28649936	      2.65164724	     -0.57408216	      6.85271610	     -0.26287626	      0.39024360	    -18.59832364	     -0.03853183	    -14.64427408	     -0.03780311	    -32.21821309	    -28.33319895	      5.77857198	      4.28085360	     -0.03543888	     -0.03456854
      3.61000000	     -7.50900160	     -2.56878331	     -2.43033787	     14.41020398	    109.12285520	     10.55816089	     -2.53002385	     -3.03997414	      0.12559298	      0.86573709	      1.96761979	     -0.36714387	      5.17070597	     -0.49888895	     -0.00898284	    -14.21341385	     -0.03683879	    -11.59385633	     -0.03582416	    -29.00276146	    -25.49707832	      5.14740901	      3.59419254	     -0.03664995	     -0.03545309
      3.61500000	     -8.86394272	     -2.12719786	     -2.70994611	     12.47149918	    108.47040037	      7.96625241	     -2.80443139	     -1.88265199	     -0.07628123	      0.56423174	      1.92127014	     -0.33341894	      3.64804003	     -0.79609769	     -0.43534187	    -10.44732045	     -0.03487861	     -9.10968620	     -0.03364029	    -26.08990811	    -22.65951873	      4.69995198	      3.24241656	     -0.03787148	     -0.03633956
      3.62000000	     -9.85637618	     -1.57940219	     -2.92017416	     10.58432081	    109.64338877	      4.91041173	     -2.75419456	     -0.87815459	     -0.21033473	      0.25273773	      1.59597556	     -0.22752405	      2.27571045	     -1.13111276	     -0.87284285	     -7.24430012	     -0.03269321	     -6.75561623	     -0.03129453	    -23.03560719	    -19.93645588	      3.92254724	      2.67985997	     -0.03908548	     -0.03720573
      3.62500000	     -9.54757717	     -0.10828798	     -2.86895327	      9.51544024	    108.98006706	      1.65812862	     -1.81231868	      0.74248589	     -0.50183219	      0.05490727	      1.16730748	     -0.10471080	      1.04484395	     -1.48049445	     -1.30551189	     -4.93936918	     -0.03033005	     -4.62929575	     -0.02883172	    -20.23790281	    -17.32504379	      3.62654585	      2.10565043	     -0.04027146	     -0.03802990
      3.63000000	     -9.06088233	      0.04459664	     -3.06378019	      8.46979412	    107.41948608	     -1.12949035	     -1.14929837	      1.93528225	     -0.65399015	      0.20916319	      1.38454565	     -0.12329866	     -0.05322207	     -1.82257706	     -1.71798778	     -2.78283838	     -0.02783968	     -3.04616664	     -0.02629718	    -17.51706809	    -15.03500769	      3.11734328	      1.86368355	     -0.04140623	     -0.03879059
      3.63500000	     -8.02898556	      0.42962367	     -3.10970578	      7.65372261	    105.64305936	     -3.57074573	     -0.15799564	      3.04725134	     -0.78153204	      0.45489894	      1.45049129	     -0.10328225	     -1.02720694	     -2.13903451	     -2.09605345	     -1.17491407	     -0.02532765	     -1.72245207	     -0.02373542	    -15.04679565	    -12.75768715	      2.64874991	      1.45498980	     -0.04246718	     -0.03946602
      3.64000000	     -7.16890007	      0.60124996	     -3.13401139	      6.37070975	    103.47945885	     -6.14883317	      0.80062724	      4.35552245	     -0.92267766	      0.49442053	      1.83650844	     -0.14986158	     -1.88633047	     -2.41602430	     -2.42710253	      0.23733355	     -0.02294330	     -0.57753273	     -0.02134915	    -12.64362092	    -10.76164628	      2.31437122	      1.37390973	     -0.04342890	     -0.04004294
      3.64500000	     -5.60078627	      1.39915892	     -3.03318717	      5.45795310	    102.45652479	     -8.05955649	      1.92099129	      5.34649518	     -1.02072197	      1.04033139	      1.62814491	     -0.09341431	     -2.64073540	     -2.64481190	     -2.70054263	      1.10243347	     -0.02060270	      0.18032919	     -0.01907357	    -10.39042313	     -8.61463184	      2.04533645	      0.88364526	     -0.04425198	     -0.04048828
      3.65000000	     -5.14419942	      1.88770503	     -2.84440969	      3.85136450	    100.67756434	     -9.67957204	      2.72961388	      6.43303631	     -1.08182111	      0.74278041	      1.79744158	     -0.06935743	     -3.30173248	     -2.82185581	     -2.90813955	      2.07352601	     -0.01832547	      1.24406175	     -0.01689561	     -8.59778028	     -6.98928860	      1.85489344	      0.63555796	     -0.04490342	     -0.04077463
      3.65500000	     -4.34154857	      1.74499256	     -2.73363828	      2.27343392	     97.75813009	    -10.40908712	      3.50124015	      6.89106447	     -1.07184022	      0.75969756	      2.01872540	     -0.06773362	     -3.88179032	     -2.94840610	     -3.04428839	      2.58927580	     -0.01612802	      1.89773630	     -0.01482494	     -6.77046358	     -5.46307721	      1.60834084	      0.43024290	     -0.04534933	     -0.04087534
      3.66000000	     -3.59848621	      1.83781165	     -2.52971482	      0.59337941	     91.44981407	    -11.19855092	      4.23600281	      7.45394193	     -1.10159273	      0.55855011	      2.20372750	     -0.07634003	     -4.39426534	     -3.02971865	     -3.10618674	      2.84189418	     -0.01402451	      2.46036181	     -0.01286885	     -5.20177746	     -4.25967080	      1.57467251	      0.44065418	     -0.04555583	     -0.04076317
      3.66500000	     -2.63344470	      1.63993597	     -2.27142258	     -0.40457401	     86.58445036	    -11.36272306	      4.87937153	      7.55988432	     -1.01829622	      0.72833642	      2.32579405	     -0.07793927	     -4.85292319	     -3.07400502	     -3.09389615	      2.98147670	     -0.01202791	      2.69139006	     -0.01103339	     -3.91103229	     -2.98520980	      1.26330839	      0.23950002	     -0.04549023	     -0.04041124
      3.67000000	     -1.56439189	      1.82103099	     -1.93643596	     -1.04326731	     80.11048316	    -11.71729677	      5.47543931	      7.58887677	     -0.96025412	      0.95757160	      2.03062079	     -0.05964443	     -5.27133831	     -3.09123750	     -3.01028293	      2.94745861	     -0.01015065	      2.74772267	     -0.00932423	     -2.78184035	     -1.95904684	      1.12535214	      0.08561342	     -0.04512206	     -0.03979421
      3.67500000	     -1.28914923	      2.61691440	     -1.52689405	     -2.10063580	     70.81684243	    -11.62085244	      5.55019529	      7.75287775	     -0.92749403	      0.80526830	      1.58664416	     -0.00461649	     -5.66227119	     -3.09192930	     -2.86082873	      3.00810463	     -0.00840507	      3.01625781	     -0.00774730	     -2.15437894	     -1.22363323	      1.24360818	     -0.18580688	     -0.04442414	     -0.03888951
      3.68000000	     -0.30509080	      1.49276422	     -1.27945244	     -2.05519841	     64.42191888	    -10.87797537	      6.04940918	      6.86979306	     -0.79637193	      1.14809462	      1.57213288	     -0.06742728	     -6.03711967	     -3.08600615	     -2.65331027	      2.61694170	     -0.00679380	      2.79678479	     -0.00630902	     -1.07759878	     -0.46902506	      0.76939257	     -0.31363944	     -0.04337446	     -0.03767857
      3.68500000	     -0.77310744	      0.23065439	     -1.23295737	     -3.59238222	     55.14189212	    -10.35218764	      5.54558109	      6.25278469	     -0.70458655	      1.03884815	      2.34951574	     -0.13060138	     -6.40552327	     -3.08187118	     -2.39736168	      2.69668857	     -0.00532320	      2.63514108	     -0.00497497	     -0.63216489	      0.50330486	      0.65256167	      0.58270612	     -0.04195654	     -0.03615310
      3.69000000	     -1.94612391	      1.16061906	     -0.97378373	     -4.75041854	     46.63786295	     -9.59461935	      4.92503196	      6.84304102	     -0.85765593	      0.36681631	      2.01313925	     -0.06603629	     -6.77516758	     -3.08574298	     -2.10394394	      3.02262542	     -0.00405427	      3.06367527	     -0.00382794	     -0.25401412	      0.51096266	      1.50202401	      0.15854059	     -0.04015364	     -0.03429823
      3.69500000	     -3.32935793	      1.15507441	     -0.57714558	     -5.15041836	     39.34270758	     -9.30018035	      4.34688409	      6.18561184	     -0.70490505	     -0.44146390	      1.40457385	     -0.00638918	     -7.15179347	     -3.10131262	     -1.78475964	      3.08028045	     -0.00298795	      3.56312214	     -0.00287214	      0.03215339	      0.46672775	      0.97050917	     -0.24452894	     -0.03796114	     -0.03211379
      3.70000000	     -3.33824925	      0.15498083	     -0.62289781	     -3.88092496	     31.57360920	     -8.50288991	      3.81128014	      5.86649613	     -0.59779001	      0.08498021	      1.99424508	      0.04261814	     -7.53937233	     -3.12971996	     -1.45166469	      3.16488434	     -0.00211983	      3.19966182	     -0.00210450	      0.22560676	      0.55930207	      0.60098102	     -0.22706200	     -0.03538270	     -0.02960765
      3.70500000	     -5.36968854	     -0.76410401	     -0.14064190	     -4.43376110	     23.63521154	     -8.18428187	      3.27874221	      6.14214561	     -0.56029927	     -1.29015614	      2.95970983	     -0.23040721	     -7.94037850	     -3.16980636	     -1.11613257	      3.33778116	     -0.00144046	      3.84890007	     -0.00151695	      0.29594277	      0.30540447	      0.45975555	      0.15174178	     -0.03243169	     -0.02679632
      3.71000000	     -6.60206909	     -0.34396145	      0.08943829	     -3.80976654	     18.76190539	     -8.07490280	      2.54066402	      5.96209455	     -0.52642855	     -1.51821253	      2.47514836	     -0.17053961	     -8.35607848	     -3.21857247	     -0.78881642	      3.53184808	     -0.00093571	      3.94408655	     -0.00109687	      0.22434059	      0.25877100	      0.44172140	      0.02273800	     -0.02913291	     -0.02370575
      3.71500000	     -8.66680710	     -0.18122506	      0.47874603	     -3.92925445	     14.39016436	     -7.96027314	      1.81719585	      5.97064697	     -0.52241854	     -2.47719896	      2.34465742	     -0.27366805	     -8.78676614	     -3.27176107	     -0.47923217	      3.74743927	     -0.00058726	      4.41410143	     -0.00082773	      0.10209657	      0.06092454	      0.51120243	      0.11477561	     -0.02552427	     -0.02037215
      3.72000000	     -9.80118670	     -0.61643695	      0.32835623	     -2.83274597	     14.37247597	     -7.16189365	      0.88385076	      5.39093790	     -0.51291026	     -2.04599017	      2.26327389	     -0.21097829	     -9.23190568	     -3.32449491	     -0.19555644	      4.00166325	     -0.00037346	      4.14739267	     -0.00068980	      0.08367948	      0.09372227	      0.29664818	      0.03007152	     -0.02165826	     -0.01684264
      3.72500000	    -10.44295266	     -0.06812587	      0.56770439	     -1.51606234	     12.33301256	     -7.41399298	      0.66129923	      5.43414776	     -0.47206663	     -1.95824257	      1.79338633	     -0.16134415	     -9.69018556	     -3.37191327	      0.05548948	      3.94350523	     -0.00027020	      3.99968620	     -0.00066110	     -0.00870787	      0.03694631	      0.41555955	      0.07074098	     -0.01760300	     -0.01317560
      3.73000000	    -12.14311842	      0.08670294	      0.79473891	     -1.31072716	     12.27183078	     -7.24010859	      0.14145440	      5.24942044	     -0.46510561	     -2.43950283	      1.48924859	     -0.22174341	    -10.15951004	     -3.40976015	      0.26870439	      4.01623279	     -0.00025206	      4.20374785	     -0.00071835	     -0.09726161	     -0.11575293	      0.42925502	      0.11892123	     -0.01344244	     -0.00944059
      3.73500000	    -12.83113078	     -0.26748810	      0.77457240	     -0.32483429	     12.56247464	     -6.55246522	     -0.19733202	      4.84278471	     -0.42630429	     -2.08055905	      1.46165953	     -0.21295295	    -10.63695935	     -3.43488326	      0.44044281	      3.94979647	     -0.00029352	      3.91516114	     -0.00083790	     -0.15587851	     -0.14048034	      0.41355782	      0.19862371	     -0.00927548	     -0.00571750
      3.74000000	    -13.43307286	      0.47263885	      0.86756261	      0.58693231	     14.71714511	     -6.55938561	     -0.37394558	      4.52082902	     -0.38162221	     -1.72436412	      0.56411277	     -0.11470933	    -11.11874506	     -3.44560451	      0.56862080	      3.80775320	     -0.00037015	      3.69474178	     -0.00099672	     -0.18552775	     -0.14979312	      0.39789747	     -0.01537346	     -0.00521378	     -0.00209503
      3.74500000	    -14.50221142	     -0.37667653	      0.79621213	      0.56995858	     14.93864892	     -5.74159575	     -0.73813396	      3.96737236	     -0.35158830	     -1.68078936	      0.80385094	     -0.19896699	    -11.60017713	     -3.44192530	      0.65267273	      3.73586933	     -0.00045974	      3.55671542	     -0.00117326	     -0.20380029	     -0.24551916	      0.29910550	      0.20656408	     -0.00137805	      0.00133175
      3.75000000	    -15.51120519	      0.22430296	      0.82123589	      0.29108311	     15.23981569	     -5.65470534	     -1.11011309	      3.71243149	     -0.35407197	     -1.61136628	      0.13046692	     -0.18496848	    -12.07564920	     -3.42554365	      0.69343761	      3.70411617	     -0.00054332	      3.47739972	     -0.00134826	     -0.32182675	     -0.31691533	      0.40304348	      0.12364371	      0.00210719	      0.00446466
      3.75500000	    -15.75093869	     -0.21697526	      0.48727333	      0.50311166	     16.13598975	     -4.73850596	     -1.51242418	      2.72477863	     -0.30334609	     -0.74011999	     -0.29190580	     -0.09873024	    -12.53864306	     -3.39968218	      0.69296342	      3.58606286	     -0.00060598	      2.95077772	     -0.00150552	     -0.33185850	     -0.24898405	      0.26467684	      0.03154659	      0.00512001	      0.00720641
      3.76000000	    -16.67274709	      0.08897865	      0.46527160	     -0.33634379	     16.07288867	     -4.59573188	     -1.78794008	      2.32358791	     -0.28820205	     -0.75072964	     -0.85786345	     -0.12311507	    -12.98175619	     -3.36875246	      0.65423923	      3.49546008	     -0.00063753	      2.94419035	     -0.00163251	     -0.37395740	     -0.32341266	      0.28642816	     -0.04350940	      0.00754842	      0.00946525
      3.76500000	    -17.52225560	     -0.24789231	      0.24064359	     -1.53610350	     13.90305677	     -4.24155428	     -2.27606984	      1.80489942	     -0.29461199	     -0.61193268	     -0.98775329	     -0.18196784	    -13.39676677	     -3.33790803	      0.58089218	      3.51057533	     -0.00063294	      2.80429622	     -0.00172098	     -0.44512159	     -0.38291200	      0.31516536	      0.08025038	      0.00929776	      0.01115989
      3.77000000	    -17.25337702	     -0.41372516	      0.14166479	     -1.96631531	     10.40621678	     -4.12119245	     -2.11271970	      1.46065847	     -0.22679814	     -0.19330643	     -1.14568164	     -0.20390292	    -13.77475903	     -3.31255509	      0.47690078	      3.19794694	     -0.00059254	      2.50941060	     -0.00176738	     -0.46118885	     -0.38826570	      0.46369934	      0.20595748	      0.01029757	      0.01222444
      3.77500000	    -17.72317409	     -1.16907826	     -0.30590921	     -3.20019489	      8.76574821	     -3.78562587	     -2.66904328	      0.29968579	     -0.18271692	      0.28663177	     -1.57237372	     -0.18991857	    -14.10632552	     -3.29788705	      0.34636547	      3.19400899	     -0.00052199	      2.23060706	     -0.00177320	     -0.39956282	     -0.36088128	      0.24230871	      0.20953969	      0.01050698	      0.01261283
      3.78000000	    -17.95292458	     -1.05999686	     -0.50123452	     -4.42337298	      6.45148286	     -3.90992738	     -2.87168476	     -0.31506188	     -0.13850402	      0.50412020	     -2.21352659	     -0.18887607	    -14.38184675	     -3.29849084	      0.19335487	      3.08220995	     -0.00043208	      2.16469132	     -0.00174516	     -0.40059960	     -0.34978710	      0.29793574	      0.09581021	      0.00991797	      0.01230234
      3.78500000	    -17.93956438	     -1.01387458	     -0.95753258	     -5.47629189	      5.11277747	     -4.55697861	     -3.31449944	     -1.23975743	     -0.09518781	      1.16002106	     -3.18568645	     -0.08773512	    -14.59182998	     -3.31804751	      0.02182515	      3.10010827	     -0.00033828	      1.86486655	     -0.00169520	     -0.30765345	     -0.25609048	      0.12408483	     -0.07678390	      0.00855588	      0.01129567
      3.79000000	    -17.94233692	     -2.23891748	     -1.26282257	     -6.87386412	      1.01759429	     -4.53824362	     -3.43024456	     -2.10670007	     -0.00816882	      1.25660108	     -3.05905947	     -0.19205043	    -14.72727581	     -3.35912845	     -0.16440285	      2.95713799	     -0.00026013	      1.79847796	     -0.00164025	     -0.23136515	     -0.27338882	      0.08918637	      0.16741385	      0.00647725	      0.00962136
      3.79500000	    -17.60544556	     -2.32822019	     -1.61257965	     -7.86815177	     -0.89349998	     -4.73595527	     -3.63551585	     -2.92392677	      0.06348176	      1.75225530	     -3.74738915	     -0.14256480	    -14.78004696	     -3.42307702	     -0.36162128	      2.87789489	     -0.00022047	      1.66609231	     -0.00160184	     -0.24929124	     -0.16918270	      0.21103830	     -0.02619221	      0.00376512	      0.00733226
      3.80000000	    -17.69980088	     -2.74592911	     -2.01540721	     -9.32929269	     -2.15231223	     -5.61418445	     -4.00832604	     -3.74750045	      0.11365864	      1.93765811	     -4.32756566	     -0.14673339	    -14.74322398	     -3.50995603	     -0.56617439	      2.94978866	     -0.00024459	      1.66781938	     -0.00160548	     -0.18357350	     -0.13287968	      0.15000929	     -0.04192613	      0.00052251	      0.00450218
      3.80500000	    -17.40306616	     -3.09768820	     -2.32243534	    -10.37959439	     -2.15289855	     -6.56366663	     -4.06993658	     -4.36881106	      0.18514945	      2.13292912	     -4.78661190	     -0.16204569	    -14.61142471	     -3.61853376	     -0.77436994	      2.91116290	     -0.00035931	      1.70745357	     -0.00167990	     -0.11182109	     -0.08245493	      0.17358747	     -0.07817990	     -0.00313496	      0.00122115
      3.81000000	    -16.86611378	     -3.51183935	     -2.72526287	    -11.28220364	     -2.50006873	     -7.58693299	     -4.21410332	     -4.84994470	      0.22514782	      2.51937132	     -5.05855370	     -0.17253002	    -14.38105701	     -3.74628570	     -0.98237665	      2.95085529	     -0.00057284	      1.61976519	     -0.00185606	     -0.15020514	     -0.01755959	      0.36621982	     -0.00174298	     -0.00708825	     -0.00241019
      3.81500000	    -16.48966956	     -4.86183790	     -3.22738413	    -11.95755433	      3.19208655	     -8.73004647	     -4.29033547	     -6.03964404	      0.36037240	      2.89385554	     -5.36510555	     -0.17976806	    -14.05047488	     -3.88939782	     -1.18612177	      2.97492704	     -0.00090974	      1.58988449	     -0.00216615	      0.15007873	      0.04923512	     -0.08846279	      0.02731581	     -0.01121750	     -0.00628638
      3.82000000	    -15.82680921	     -4.95029638	     -3.60754799	    -12.40980008	      8.84423215	    -10.22078465	     -4.29737415	     -6.33736666	      0.38685201	      3.35280009	     -5.77969994	     -0.16005958	    -13.61998574	     -4.04275888	     -1.38121910	      3.06916266	     -0.00139930	      1.57744310	     -0.00264230	      0.15151649	      0.13414959	      0.03806728	     -0.02684289	     -0.01540838	     -0.01030237
      3.82500000	    -15.01159489	     -5.31763116	     -4.19941449	    -12.45591504	     18.61961814	    -11.81899790	     -4.45542590	     -6.83737807	      0.40892565	      4.23206703	     -6.17391464	     -0.08217350	    -13.09164452	     -4.19994845	     -1.56296502	      3.29627207	     -0.00206239	      1.36394107	     -0.00331530	      0.23816847	      0.27456208	     -0.06861307	     -0.10070147	     -0.01955626	     -0.01435782
      3.83000000	    -14.48315883	     -4.21934966	     -4.23419201	    -13.13648787	     20.07539761	    -13.24824643	     -4.87844771	     -6.47659704	      0.53721934	      4.57431258	     -6.41740764	     -0.10487090	    -12.46881073	     -4.35326645	     -1.72641173	      3.39996861	     -0.00291726	      1.49386954	     -0.00420763	     -0.68366734	      0.32143048	      0.36800447	     -0.13255203	     -0.02356712	     -0.01836059
      3.83500000	    -11.46534230	     -3.69296287	     -3.91975126	    -10.74098840	     27.55108746	    -15.58863476	     -2.60433632	     -5.97337691	      0.50067497	      4.79882385	     -6.50895383	     -0.17106745	    -11.75549237	     -4.49386422	     -1.86650232	      2.32483834	     -0.00397901	      1.59000079	     -0.00529319	     -1.04333075	      0.27851749	      0.56423173	      0.10810561	     -0.02735824	     -0.02223218
      3.84000000	    -12.21892751	     -1.14113839	     -2.85238529	    -13.74191997	      3.90890409	    -21.88380723	      0.70906540	     -5.42735028	      0.28335604	     -1.24073965	     -9.27317757	      0.39339766	    -10.95551746	     -4.61202022	     -1.97825628	     -0.08128818	     -0.00525914	      4.33879220	     -0.00660768	     -1.77384427	     -2.21426845	      0.64032413	     -0.05330674	     -0.03085849	     -0.02589811
      3.84500000	      1.46860648	     -1.45727751	     -2.73735655	     -1.77693251	    -41.57777804	    -25.78405880	      6.46599712	     -4.03080550	     -0.11870701	      2.82503057	     -8.65761770	      0.27051054	    -10.07160100	     -4.69758217	     -2.05699057	     -4.23055850	     -0.00676504	      0.69427680	     -0.00815777	     -3.30865429	     -4.55221881	      1.28769692	      0.35640973	     -0.03400892	     -0.02929898
      3.85000000	     19.43912589	     -0.51168201	     -2.27509677	     17.06910431	    -31.71975862	    -25.11250353	     15.39499368	     -4.63065012	     -0.41775413	     10.49293322	     -8.97390151	      0.29543536	     -9.10442380	     -4.74056461	     -2.09855199	    -10.07903305	     -0.00849953	     -3.05473210	     -0.00994453	     -3.69820788	     -3.84334109	      1.48872432	      0.26272913	     -0.03676353	     -0.03238845
      3.85500000	     26.25750815	     -0.98743567	     -2.12482275	     24.01633623	    -37.83913861	    -26.83142518	     18.66480084	     -4.43298579	     -0.54524782	     12.42716745	     -9.10492422	      0.32511723	     -8.05186838	     -4.73184717	     -2.09954833	    -12.31808631	     -0.01046020	     -4.92753637	     -0.01196330	     -4.67468808	     -5.57571844	      1.90545251	      0.30385178	     -0.03909018	     -0.03513376
      3.86000000	     20.03345207	     -2.02738972	     -2.62105112	     17.25738718	    -41.61836172	    -28.45275399	     14.70271364	     -2.68527312	     -0.65214841	      9.36224258	     -7.11091827	      0.10882615	     -6.90855225	     -4.66389409	     -2.05757750	    -10.42792616	     -0.01263881	     -4.33323149	     -0.01420349	     -6.39846477	     -8.19580232	      2.28323490	      0.92591364	     -0.04097126	     -0.03751545
      3.86500000	      5.62099202	     -1.08314070	     -2.83497387	      1.81509897	    -32.26491391	    -30.37079179	      7.36875041	      0.32964119	     -0.80085956	      2.54658312	     -5.16024851	     -0.10859063	     -5.66577397	     -4.53141094	     -1.97144323	     -6.52478087	     -0.01507898	     -1.49354253	     -0.01664830	     -8.39455186	    -10.61314747	      3.08775367	      1.67624206	     -0.04240816	     -0.03952594
      3.87000000	     -8.89164389	      3.52754915	     -2.26220013	    -13.26526810	    -11.91735307	    -34.43656060	      1.05362071	      2.47512760	     -0.88865887	     -4.93150152	     -7.06934419	      0.25327433	     -4.31193016	     -4.33186209	     -1.84133666	     -3.31727621	     -0.01774582	      1.91991840	     -0.01927407	    -10.35254649	    -12.59004375	      3.82656564	      1.82998437	     -0.04341420	     -0.04116753
      3.87500000	    -17.97357957	      5.48266513	     -1.62082826	    -22.42591417	      9.24395390	    -36.12438344	     -2.28364508	      2.27204617	     -0.66775788	    -10.26219766	     -8.93965733	      0.62661907	     -2.83336389	     -4.06579680	     -1.66896720	     -2.29965999	     -0.02052446	      3.80831601	     -0.02204953	    -11.82546007	    -14.41430584	      3.72711085	      2.02443430	     -0.04401033	     -0.04245012
      3.88000000	    -15.69882787	      5.75321441	     -0.93993998	    -19.31138627	     31.16176309	    -33.91076046	     -0.24925002	      1.25579260	     -0.61120846	    -10.26472185	     -9.77276440	      0.84049842	     -1.21551949	     -3.73695834	     -1.45762817	     -4.68008433	     -0.02335356	      2.73704355	     -0.02508575	    -12.91549996	    -15.66599852	      4.07445110	      2.14219929	     -0.04423384	     -0.04340119
      3.88500000	     -3.28976108	      0.89382008	     -0.90399225	     -4.71882356	     43.79196074	    -27.59420420	      5.57954760	     -1.43348180	     -0.36979555	     -5.05395802	     -8.02012771	      0.56116521	      0.55574902	     -3.35217116	     -1.21218610	     -9.62215957	     -0.02616214	     -1.96939453	     -0.02815969	    -13.70327940	    -17.38377261	      3.76068014	      2.64754230	     -0.04413266	     -0.04403445
      3.89000000	     11.41534485	     -4.26843796	     -0.89601651	     11.95996680	     31.08745386	    -18.85366132	     11.85126529	     -3.44523583	     -0.30431005	      0.45214819	     -5.03728132	      0.06467436	      2.49286606	     -2.92103111	     -0.93899219	    -16.08743936	     -0.02887147	     -7.79295411	     -0.03114714	    -15.96259043	    -20.33838894	      4.41125076	      3.13668560	     -0.04376301	     -0.04437162
      3.89500000	     23.77249193	     -9.39496932	     -1.09206858	     26.06885625	      3.50772974	    -10.90905097	     16.26635674	     -4.92523004	     -0.23415339	      4.67834484	     -1.58996406	     -0.59264519	      4.60534951	     -2.45544870	     -0.64572047	    -22.43523833	     -0.03139756	    -13.92123831	     -0.03395167	    -19.06635284	    -24.42997438	      4.91682368	      4.06867660	     -0.04318608	     -0.04443978
      3.90000000	     29.49604196	    -12.68230424	     -1.93132280	     32.48226429	    -32.82928769	     -4.21367307	     14.94069652	     -5.77608041	      0.07275315	      7.79422330	      1.12318961	     -1.14238278	      6.89883431	     -1.96909666	     -0.34113575	    -26.53397549	     -0.03365439	    -20.33203895	     -0.03647501	    -23.40114217	    -28.91645027	      5.79173958	      5.00569939	     -0.04246405	     -0.04426830
      3.90500000	     25.24314836	    -13.62370266	     -2.78866307	     27.82568424	    -69.02783863	     -0.10446016	      8.58898415	     -5.02679335	      0.34486707	      6.35352988	      3.32655373	     -1.57323581	      9.37435575	     -1.47681485	     -0.03479306	    -28.17345464	     -0.03533967	    -24.80487943	     -0.03862216	    -28.26808001	    -34.10113348	      6.74490531	      6.01373859	     -0.04167378	     -0.04388753
      3.91000000	     12.34914630	    -14.92926362	     -3.42247448	     12.77808998	   -103.68718762	      3.78731570	     -0.70388738	     -3.82824526	      0.74528793	     -0.35099513	      6.20883288	     -2.15307634	     12.02793484	     -0.99403162	      0.26333071	    -28.61415142	     -0.03676216	    -27.09065084	     -0.04022550	    -33.15811856	    -39.55633989	      7.46731477	      7.31087514	     -0.04084986	     -0.04333308
      3.91500000	     -2.06684620	    -15.01383938	     -3.57954588	     -4.32892847	   -137.72505175	      6.65918296	     -9.70590836	     -2.57710426	      1.13598602	     -8.91732310	      7.98141614	     -2.45929627	     14.85045396	     -0.53624324	      0.54326514	    -29.65492251	     -0.03790544	    -28.81632863	     -0.04116812	    -38.01669786	    -45.08729119	      8.32987509	      8.45698701	     -0.04003333	     -0.04264692
      3.92000000	    -11.72319170	    -14.29465071	     -3.03687275	    -16.42044561	   -168.61404693	      8.50332892	    -14.97292417	     -2.81442975	      1.68817371	    -16.72900346	      7.43529952	     -2.16167282	     17.82774265	     -0.11856699	      0.79550788	    -33.21404427	     -0.03875861	    -31.32064689	     -0.04179558	    -42.35289906	    -50.04648122	      8.95831830	      9.31429271	     -0.03925406	     -0.04183691
      3.92500000	    -14.15860562	    -15.28720290	     -2.21437978	    -20.41978725	   -198.35882591	     12.35134132	    -15.54499313	     -4.74422091	      2.39438878	    -22.50919977	      6.63241571	     -1.75669666	     20.94077915	      0.24463018	      1.01147294	    -39.89627452	     -0.03931892	    -35.10270964	     -0.04212321	    -46.03996024	    -54.65822217	      9.41544051	     10.05601911	     -0.03853068	     -0.04092691
      3.93000000	    -12.63573104	    -17.43087827	     -1.38705286	    -19.63202283	   -222.52635118	     17.16452340	    -13.58345269	     -6.12140921	      2.75627403	    -26.93385704	      7.19692585	     -1.72286012	     24.16591960	      0.54004174	      1.18386811	    -47.53575847	     -0.03959266	    -39.60264962	     -0.04217042	    -49.30724307	    -58.80806350	      9.92950130	     10.88422704	     -0.03787167	     -0.03993964
      3.93500000	     -9.25140979	    -17.69097902	     -0.89614997	    -16.27596815	   -232.69024637	     19.14585917	    -11.80615478	     -6.41856296	      2.83041541	    -28.81020591	      7.09775057	     -1.49631443	     27.47508814	      0.75570982	      1.30694637	    -54.16332463	     -0.03961899	    -44.88153307	     -0.04196036	    -51.73634659	    -62.10458214	     10.11184322	     11.38454342	     -0.03727912	     -0.03889738
      3.94000000	     -6.22730604	    -17.18458185	     -0.89811465	    -12.65816077	   -228.67569198	     20.00081645	    -11.41589102	     -6.29846619	      2.88424678	    -28.99319335	      6.73525031	     -1.19270562	     30.83593585	      0.88134149	      1.37660299	    -58.94529133	     -0.03938439	    -50.26100613	     -0.04152007	    -53.76049286	    -64.57316782	     10.21763443	     11.68961075	     -0.03675172	     -0.03782269
      3.94500000	     -3.78148526	    -16.45515985	     -0.96773501	     -9.58090243	   -211.21185539	     20.49883728	    -11.17390472	     -5.80159758	      2.81917748	    -28.90904815	      6.54321052	     -0.94028329	     34.21204937	      0.90868932	      1.39033855	    -62.64894236	     -0.03876447	    -54.79274263	     -0.04090268	    -55.17965743	    -66.14472046	     10.23778734	     11.82882998	     -0.03627397	     -0.03674860
      3.95000000	     -0.45714875	    -15.66199553	     -0.88242601	     -5.20519153	   -180.65301253	     20.96552785	     -9.76470871	     -5.56945205	      2.72726372	    -28.49159078	      6.04481845	     -0.58791767	     37.56330112	      0.83200475	      1.34714521	    -66.13421416	     -0.03780208	    -58.17464133	     -0.03991580	    -55.84777223	    -66.94760330	     10.09428270	     11.78427233	     -0.03583627	     -0.03568776
      3.95500000	      3.82223285	    -15.76139702	     -0.92867053	      0.02249310	   -142.88797560	     21.24935802	     -7.69050591	     -5.45983824	      2.60245770	    -27.39470853	      5.91794542	     -0.41812685	     40.84641820	      0.64853959	      1.24738179	    -69.02203737	     -0.03655614	    -61.37349995	     -0.03860932	    -55.84428831	    -67.11334529	      9.87239535	     11.88248564	     -0.03543031	     -0.03466436
      3.96000000	     10.56253134	    -15.34596827	     -0.82955598	      8.13096317	    -98.38210397	     21.63865949	     -4.19078011	     -5.58253998	      2.40631937	    -24.97055847	      5.25086917	     -0.08899224	     44.01581865	      0.35903349	      1.09268743	    -72.26726225	     -0.03509815	    -64.07347732	     -0.03704888	    -55.47746817	    -66.47584233	      9.68647029	     11.58290153	     -0.03505038	     -0.03370299
      3.96500000	     18.90183847	    -15.99234709	     -0.86235623	     17.90291117	    -51.26136950	     22.43044737	      0.17582220	     -6.73356092	      2.50773252	    -21.60774231	      4.27641092	      0.29943144	     47.02470182	     -0.03190196	      0.88595396	    -75.61576844	     -0.03350774	    -66.77759481	     -0.03531060	    -54.55238282	    -65.44962676	      9.27288162	     11.18997066	     -0.03469388	     -0.03282772
      3.97000000	     27.50612457	    -16.66550464	     -0.83197561	     27.54614722	    -10.92985775	     22.53511386	      4.73114583	     -8.13029965	      2.69211459	    -18.33759756	      2.92047928	      0.79527105	     49.82632043	     -0.51559794	      0.63134546	    -79.35882668	     -0.03186762	    -69.51559043	     -0.03347661	    -53.64923102	    -64.56043447	      8.98569242	     10.86441809	     -0.03436102	     -0.03206095
      3.97500000	     33.42060431	    -17.58412090	     -1.00355693	     33.83742871	     16.49846705	     21.92601003	      7.32025070	     -9.25070836	      2.98275450	    -16.06494619	      1.87397263	      1.15458598	     52.37533190	     -1.07942252	      0.33433173	    -82.44128816	     -0.03025073	    -72.48083048	     -0.03163021	    -53.52226645	    -64.24528953	      8.93288796	     10.74952817	     -0.03405497	     -0.03142196
      3.98000000	     37.53631225	    -19.08002937	     -1.64531422	     37.64340044	     33.14026683	     20.37686368	      8.07441713	    -10.48864136	      3.53063227	    -13.89916892	      1.12415599	      1.35399635	     54.62911675	     -1.70719963	      0.00170255	    -85.14757755	     -0.02877515	    -76.04720050	     -0.02984419	    -53.54375640	    -64.47212861	      8.52523558	     10.80784802	     -0.03377797	     -0.03092701
      3.98500000	     40.11943552	    -20.02314991	     -2.52444502	     39.26793092	     35.98096925	     17.95539469	      7.03296008	    -11.07529416	      4.01607591	    -11.76567956	      0.55675620	      1.43304964	     56.54897387	     -2.37994346	     -0.35846219	    -87.65245727	     -0.02752662	    -80.44120919	     -0.02824548	    -54.33049514	    -65.22416883	      8.60173576	     10.99622245	     -0.03352857	     -0.03058321
      3.99000000	     40.17281574	    -20.89850477	     -3.41239381	     37.57526296	     28.62559948	     15.52406933	      4.59279922	    -11.67914275	      4.66263572	    -10.76412704	     -0.05355253	      1.51576140	     58.10116188	     -3.07684818	     -0.73688862	    -90.13908289	     -0.02653672	    -84.78803730	     -0.02690606	    -55.71869378	    -66.45474990	      9.05671383	     11.31751070	     -0.03330516	     -0.03038879
      3.99500000	     37.69018396	    -21.12839483	     -4.37871292	     32.54263124	     15.99546881	     11.61195367	      0.54563750	    -11.94174045	      5.32664895	    -10.40431065	     -0.76977816	      1.61748296	     59.25781576	     -3.77643268	     -1.12329454	    -92.01748636	     -0.02582297	    -89.18285252	     -0.02585388	    -57.46595976	    -67.74158533	      9.41952765	     11.79531064	     -0.03310239	     -0.03033614
      4.00000000	     31.88885813	    -20.14333900	     -4.95620236	     23.36096999	      0.85804892	      6.08871128	     -4.35445566	    -11.96629750	      5.96626154	    -12.03136917	     -2.18373252	      2.04741176	     59.99780368	     -4.45770632	     -1.50668347	    -93.67258648	     -0.02538905	    -92.47964636	     -0.02510406	    -59.32569129	    -69.28683840	      9.74423497	     12.28821155	     -0.03291086	     -0.03040936
      4.00500000	     24.98908479	    -18.95627338	     -5.15213317	     12.70959470	    -20.04730484	      0.78602774	     -8.89975737	    -11.72611089	      6.41477219	    -14.90723152	     -3.48837228	      2.44774006	     60.30758370	     -5.10122092	     -1.87575517	    -95.78074153	     -0.02522581	    -95.46034757	     -0.02465873	    -61.58111990	    -70.96250610	     10.30245512	     12.72648122	     -0.03271752	     -0.03058508
      4.01000000	     19.10706870	    -18.54937760	     -4.89781559	      3.61632935	    -40.87664303	     -3.86422954	    -11.20688307	    -11.82445502	      6.72834536	    -18.61252915	     -4.67985211	      2.79577405	     60.18206230	     -5.68991959	     -2.21941673	    -98.80249588	     -0.02531305	    -97.89560724	     -0.02450742	    -63.45995410	    -72.93557452	     10.89481725	     13.42023671	     -0.03250683	     -0.03083420
      4.01500000	     15.01401601	    -18.41352676	     -4.55256557	     -3.03013278	    -61.72600123	     -7.91475697	    -12.24493875	    -11.78951286	      6.79754228	    -21.46732826	     -5.48837136	      2.93325907	     59.62537405	     -6.20974934	     -2.52734629	   -102.10623704	     -0.02562179	   -100.70620976	     -0.02462839	    -65.36166285	    -74.65251623	     11.58011095	     14.20539225	     -0.03226241	     -0.03112410
      4.02000000	     10.78648391	    -18.12757071	     -4.17737927	     -9.13929370	    -77.93559669	    -11.80460512	    -12.98466416	    -11.64651834	      6.75281622	    -24.10658193	     -6.31019070	      3.07558660	     58.65144404	     -6.65004197	     -2.79053852	   -104.73888955	     -0.02611688	   -103.07013059	     -0.02499061	    -66.91494320	    -76.36978780	     12.14419108	     14.81190614	     -0.03196898	     -0.03142138
      4.02500000	      6.52170277	    -18.41306699	     -4.11462663	    -15.03439034	    -88.38806523	    -14.89030176	    -13.95224605	    -11.32983646	      6.63819780	    -25.83568895	     -6.36853379	      2.85464613	     57.28417865	     -7.00368712	     -3.00176100	   -106.36278468	     -0.02675963	   -105.28982262	     -0.02555626	    -67.90045116	    -77.75517919	     12.38055657	     15.32149700	     -0.03161437	     -0.03169445
      4.03000000	      2.08557609	    -17.67614471	     -4.03901475	    -20.03464872	    -95.97497606	    -17.49098996	    -15.24330774	    -10.24453604	      6.15437869	    -26.97475760	     -6.21381634	      2.52926874	     55.55715558	     -7.26712217	     -3.15587254	   -107.09027266	     -0.02751046	   -106.87163271	     -0.02628364	    -69.27161246	    -79.07595244	     13.15442200	     15.82385080	     -0.03119106	     -0.03191603
      4.03500000	     -1.43508691	    -17.99019504	     -4.27845953	    -23.76868410	    -97.66681821	    -18.31501157	    -16.23234882	     -9.58702720	      5.83346271	    -26.90708363	     -5.41234915	      1.90361468	     53.51274685	     -7.44014824	     -3.24998061	   -107.35964559	     -0.02833117	   -108.17266253	     -0.02713018	    -69.86860866	    -79.94622329	     13.50930507	     16.15412718	     -0.03069742	     -0.03206507
      4.04000000	     -4.15975603	    -19.10818179	     -4.40722325	    -25.52785488	    -94.21258546	    -17.50372314	    -16.17464612	     -9.14171567	      5.48573437	    -26.64517671	     -4.13343628	      1.08412192	     51.20067920	     -7.52557077	     -3.28343862	   -107.16880815	     -0.02918693	   -108.70505143	     -0.02805515	    -70.22622608	    -80.56353768	     13.68173235	     16.32709115	     -0.03013821	     -0.03212810
      4.04500000	     -4.87503066	    -20.92481418	     -4.60545102	    -24.32049243	    -87.53858534	    -14.93048897	    -15.03931441	     -8.93178327	      5.11519017	    -25.22432315	     -2.32282039	      0.01249251	     48.67609696	     -7.52867134	     -3.25770424	   -107.02752004	     -0.03004784	   -108.86873028	     -0.02902216	    -70.27726015	    -80.86549915	     14.00305909	     16.67967064	     -0.02952453	     -0.03209987
      4.05000000	     -4.72408927	    -22.33021294	     -4.80673548	    -21.35389061	    -76.61301627	    -11.99494806	    -13.60146482	     -8.43396212	      4.58984221	    -23.00135741	     -0.43697104	     -1.04926646	     45.99724330	     -7.45654828	     -3.17608814	   -106.21629225	     -0.03088991	   -108.50356825	     -0.03000091	    -70.04451439	    -80.81861970	     14.20674485	     16.68671266	     -0.02887320	     -0.03198325
      4.05500000	     -2.51333731	    -24.93173150	     -5.23167499	    -15.87554564	    -65.23089794	     -7.55914536	    -11.52526673	     -8.76777970	      4.38303254	    -19.36997802	      1.71902694	     -2.24027888	     43.22291188	     -7.31740321	     -3.04341609	   -105.41110416	     -0.03169572	   -108.44822979	     -0.03096833	    -69.51606429	    -80.26057610	     14.31826536	     16.92398919	     -0.02820566	     -0.03178850
      4.06000000	     -0.59039200	    -26.32097059	     -5.22361305	    -10.05811442	    -49.96396803	     -4.05892510	     -8.87256648	     -9.09644589	      4.12739554	    -16.48110584	      2.84954510	     -2.87582078	     40.40984250	     -7.11986375	     -2.86562543	   -104.15128153	     -0.03245453	   -107.08940289	     -0.03190899	    -68.61874537	    -79.62543508	     14.28549207	     16.73787050	     -0.02754649	     -0.03153192
      4.06500000	      1.33906522	    -27.03230738	     -5.25437761	     -4.42617576	    -36.57122558	     -1.21433565	     -6.81012836	     -9.25104494	      3.86974296	    -13.18787732	      3.75390336	     -3.38668260	     37.61025080	     -6.87240949	     -2.64932860	   -102.36443112	     -0.03316203	   -105.63164092	     -0.03281484	    -67.76891831	    -78.61371249	     14.33146165	     16.62915997	     -0.02692172	     -0.03123414
      4.07000000	      3.50790852	    -27.21277714	     -5.21699906	      1.42418500	    -21.46954760	      0.68534936	     -4.77170741	     -9.86274091	      3.83111068	     -9.70457258	      3.68447565	     -3.43281014	     34.86968660	     -6.58293808	     -2.40138723	    -99.96752493	     -0.03381966	   -103.93035197	     -0.03368430	    -66.52971611	    -77.26619220	     14.26253792	     16.43330033	     -0.02635713	     -0.03091810
      4.07500000	      5.63962061	    -26.94466538	     -4.93510862	      7.33307145	     -6.78724814	      1.61052740	     -2.38021572	    -10.57423465	      3.81300010	     -6.83214695	      3.07229912	     -3.20109681	     32.22539038	     -6.25848777	     -2.12854263	    -97.34828743	     -0.03443370	   -101.57503830	     -0.03452096	    -65.06899417	    -75.83639765	     13.99475258	     16.23729083	     -0.02587664	     -0.03060715
      4.08000000	      6.55200031	    -25.83487702	     -4.56539373	     11.55156078	      9.04864603	      1.50086841	     -0.71240064	    -11.40680960	      3.92613844	     -4.54793163	      1.63056670	     -2.58137155	     29.70526834	     -5.90510713	     -1.83713973	    -93.91275337	     -0.03501398	    -98.51685771	     -0.03533191	    -63.33406825	    -74.20790655	     13.68158806	     15.90340703	     -0.02550101	     -0.03032317
      4.08500000	      8.00394614	    -24.30578319	     -3.98509592	     15.87479880	     22.56328656	      0.75221426	      1.46642220	    -12.25961948	      3.99837833	     -2.61138276	     -0.27301734	     -1.75950002	     27.32754513	     -5.52784646	     -1.53296085	    -90.66247631	     -0.03557257	    -95.21041656	     -0.03612592	    -61.29003731	    -72.37352374	     13.25380251	     15.39757393	     -0.02524695	     -0.03008515
      4.09000000	      9.46335163	    -22.87096173	     -3.48447921	     19.84851939	     33.60509213	      0.11094937	      3.29009429	    -12.87031785	      4.00377653	     -0.65818699	     -1.77642138	     -1.12010928	     25.10108144	     -5.13085044	     -1.22116158	    -87.11079481	     -0.03612216	    -91.73720064	     -0.03691153	    -59.32253266	    -70.31943910	     12.91967020	     15.10146046	     -0.02512663	     -0.02990813
      4.09500000	     10.18781493	    -21.44425545	     -2.88498083	     22.76028179	     44.01328521	     -0.69952918	      5.01159993	    -13.29839122	      3.94471336	      0.44529063	     -3.20376224	     -0.50152504	     23.02626937	     -4.71753828	     -0.90627935	    -83.16613112	     -0.03667454	    -87.65768422	     -0.03769465	    -57.11163324	    -68.28568443	     12.47706717	     14.70630412	     -0.02514769	     -0.02980277
      4.10000000	     10.40550703	    -19.93796935	     -2.36331309	     24.72167271	     54.04925152	     -1.50690137	      6.13259642	    -13.69137434	      3.92634964	      1.44183874	     -4.58501776	      0.08735706	     21.09636144	     -4.29084368	     -0.59226998	    -78.76505385	     -0.03717420	    -83.31581753	     -0.03840241	    -54.83529207	    -65.92879925	     11.86381347	     14.17459160	     -0.02531647	     -0.02977897
      4.10500000	     10.52934948	    -18.17306975	     -1.84450736	     26.21366290	     63.78244266	     -2.05259616	      7.13971030	    -13.53577148	      3.70486859	      2.24330280	     -5.58989511	      0.52272419	     19.29906327	     -3.85347622	     -0.28253505	    -74.23640243	     -0.03759133	    -78.51369512	     -0.03900902	    -52.32734669	    -63.50133544	     11.38183578	     13.53282810	     -0.02563116	     -0.02983605
      4.11000000	     10.50150007	    -17.36430638	     -1.43997314	     27.39978078	     69.60519580	     -1.83304670	      8.00127656	    -13.11707813	      3.40042652	      2.69809262	     -5.53937571	      0.55244977	     17.61823243	     -3.40817342	      0.02006633	    -69.59540886	     -0.03791600	    -73.66089960	     -0.03949572	    -49.96965223	    -61.15203934	     10.86746923	     13.17318546	     -0.02608826	     -0.02997245
      4.11500000	      9.45104494	    -15.61964010	     -1.11057123	     27.13720816	     76.71837816	     -1.85346489	      7.77541130	    -12.24065478	      3.03497075	      3.15621768	     -5.62811210	      0.64301527	     16.03556855	     -2.95792061	      0.31320183	    -64.31282616	     -0.03813322	    -68.45912513	     -0.03984229	    -47.65703012	    -58.41776502	     10.34233175	     12.43909683	     -0.02668212	     -0.03018393
      4.12000000	      7.76281381	    -14.32323980	     -0.84264283	     26.02997483	     82.02674701	     -1.77686322	      7.26445810	    -11.12481180	      2.62371840	      3.08885180	     -5.17983268	      0.55201026	     14.53222220	     -2.50612163	      0.59501714	    -58.77187537	     -0.03822632	    -63.11317961	     -0.04002813	    -45.29056651	    -55.80083583	      9.79203549	     11.89020571	     -0.02740525	     -0.03046451
      4.12500000	      5.78473615	    -13.23859001	     -0.58127445	     24.52982609	     87.23312508	     -1.25136462	      6.72511115	     -9.86078514	      2.18347782	      2.66740545	     -4.43869253	      0.38340460	     13.09027231	     -2.05671420	      0.86402720	    -53.21047361	     -0.03817793	    -57.50877101	     -0.04003365	    -42.73377845	    -53.23124978	      9.18347811	     11.18657525	     -0.02824867	     -0.03080724
      4.13000000	      3.28593218	    -12.26053925	     -0.17848134	     21.87088721	     88.20424265	     -0.33684080	      6.22232973	     -8.33092268	      1.67509125	      1.43387494	     -3.31762919	      0.11869695	     11.69402478	     -1.61422968	      1.11893489	    -47.98504382	     -0.03797131	    -51.75863594	     -0.03984178	    -40.34328357	    -50.62140791	      8.79244120	     10.54954210	     -0.02920212	     -0.03120487
      4.13500000	     -0.14943422	    -11.06180763	      0.05747831	     18.54620776	     92.46463631	      0.68070426	      4.78702420	     -7.04621129	      1.35132943	      0.32606774	     -2.49900855	     -0.01568175	     10.33107546	     -1.18378818	      1.35839419	    -42.19848305	     -0.03759180	    -45.81568655	     -0.03943930	    -37.95970170	    -47.83755836	      8.14735888	      9.61406303	     -0.03025416	     -0.03165040
      4.14000000	     -3.75918968	     -9.97110186	      0.13470056	     14.87274179	     96.21505697	      1.11615618	      2.99255869	     -5.19051751	      0.90622007	     -0.65244132	     -1.12004363	     -0.31203420	      8.99306656	     -0.77101367	      1.58076341	    -36.16182005	     -0.03719480	    -40.20662146	     -0.03899164	    -35.45658018	    -45.05753440	      7.51183032	      8.94236078	     -0.03139834	     -0.03214564
      4.14500000	     -6.70734869	     -8.93655198	      0.20884325	     11.70903828	     98.63922957	      1.85752054	      1.46910460	     -3.76692396	      0.59812262	     -1.37769077	     -0.08890226	     -0.48071866	      7.67607060	     -0.38186167	      1.78390082	    -30.69471721	     -0.03679143	    -34.89154201	     -0.03847357	    -32.91183161	    -42.19438379	      6.92318300	      8.22634268	     -0.03261648	     -0.03267762
      4.15000000	     -8.83379891	     -7.96488800	      0.25925633	      9.55117759	    103.10273057	      2.94681444	      0.22756897	     -2.58718242	      0.36581531	     -1.53978168	      0.83091596	     -0.60753543	      6.38057211	     -0.02236356	      1.96504028	    -25.54166091	     -0.03633728	    -29.88367372	     -0.03785718	    -30.40991324	    -39.00084938	      6.26589854	      7.41201244	     -0.03389186	     -0.03324105
      4.15500000	    -10.81632778	     -6.77496823	      0.40943550	      7.56664567	    108.03353746	      3.65726922	     -0.64498432	     -1.27919568	      0.08888314	     -1.95297902	      1.55283594	     -0.65640663	      5.11106956	      0.30169322	      2.12076076	    -20.68718502	     -0.03580305	    -24.97956757	     -0.03711716	    -27.83087875	    -35.90060601	      5.72228958	      6.60607268	     -0.03520719	     -0.03383168
      4.16000000	    -11.55815320	     -5.32252789	      0.55113335	      6.65760055	    111.55523106	      3.44255072	     -1.03265131	     -0.15285784	     -0.15031642	     -1.78101662	      1.75111808	     -0.58755032	      3.87536820	      0.58510857	      2.24704150	    -16.47440355	     -0.03515836	    -20.80728135	     -0.03622974	    -25.12396858	    -32.77261402	      5.10571512	      5.93520016	     -0.03654327	     -0.03444572
      4.16500000	    -12.27631626	     -4.05909198	      0.63281377	      5.58847871	    114.91393975	      3.74721719	     -1.59155436	      0.59840638	     -0.26222006	     -1.43947740	      1.80093027	     -0.48277304	      2.68366463	      0.82358418	      2.33938234	    -12.55241889	     -0.03437357	    -17.00303837	     -0.03517437	    -22.58640958	    -29.50779844	      4.48930605	      5.11116837	     -0.03787874	     -0.03507938
      4.17000000	    -12.61674740	     -3.23695479	      0.73109346	      4.77920890	    115.31263301	      3.72894444	     -1.76405506	      1.34019220	     -0.38352039	     -1.29575009	      2.02380529	     -0.43763976	      1.54753239	      1.01395987	      2.39297310	     -9.11317582	     -0.03336420	    -13.63225295	     -0.03387993	    -20.13829291	    -26.52786569	      3.90909556	      4.55989945	     -0.03919316	     -0.03573156
      4.17500000	    -12.22434951	     -1.90234508	      0.83930692	      4.51330966	    113.70408555	      3.90843445	     -1.70736945	      2.21212762	     -0.56704423	     -0.84804364	      2.01438854	     -0.34540388	      0.47890652	      1.15433535	      2.40291469	     -6.26220829	     -0.03180699	    -10.65375738	     -0.03208521	    -17.95545220	    -23.61846933	      3.69413693	      3.93071613	     -0.04047253	     -0.03640700
      4.18000000	    -11.48975851	     -1.57370303	      0.85416135	      4.76240825	    112.94895619	      4.54536745	     -1.33316072	      2.50549553	     -0.59948551	     -0.36170263	      2.21659697	     -0.29916729	     -0.51086091	      1.24406130	      2.36450895	     -3.88443910	     -0.02995552	     -7.96771288	     -0.03002463	    -15.68804756	    -20.91120942	      3.10216512	      3.31194122	     -0.04167178	     -0.03708139
      4.18500000	     -8.97551851	     -1.48521314	      0.81377557	      6.19026312	    110.31651931	      5.12716516	     -0.21198718	      2.78454737	     -0.68673661	      0.95537919	      2.47084061	     -0.30677097	     -1.41183237	      1.28361000	      2.27363132	     -2.28365031	     -0.02786097	     -6.31410070	     -0.02775651	    -13.37928238	    -18.01181025	      2.63584075	      2.73402274	     -0.04275968	     -0.03774250
      4.19000000	     -7.21762039	     -1.21643783	      0.82231542	      6.96918145	    105.79991681	      5.34814898	      0.77426076	      3.21511609	     -0.78933798	      1.52117322	      2.70678242	     -0.29920679	     -2.21618596	      1.27436249	      2.12718045	     -0.89379315	     -0.02557989	     -4.47536549	     -0.02534223	    -11.39417638	    -15.63344810	      2.30612959	      2.36179615	     -0.04370313	     -0.03837438
      4.19500000	     -4.81940897	     -0.93998405	      0.69712480	      8.08784275	    101.92403022	      5.65104514	      1.79968750	      3.63290601	     -0.89975763	      2.65085605	      2.93204128	     -0.31221122	     -2.91877585	      1.21837386	      1.92356493	      0.16235808	     -0.02317141	     -3.23058930	     -0.02284341	     -9.44119249	    -13.18325663	      2.08698169	      1.97477384	     -0.04446756	     -0.03895698
      4.20000000	     -2.39193279	     -0.60954991	      0.55305798	      9.06099454	     96.23954593	      5.39094068	      2.81142316	      4.28459122	     -1.03096528	      3.67967677	      3.19875611	     -0.34411542	     -3.51752972	      1.11818713	      1.66315139	      1.03876535	     -0.02069461	     -2.37869530	     -0.02031944	     -7.69696750	    -10.92369429	      1.91057772	      1.65826776	     -0.04501746	     -0.03946608
      4.20500000	     -1.76880914	     -0.69999082	      0.38491408	      8.39654820	     91.97462494	      5.68143695	      3.19023135	      3.93009771	     -0.93771134	      3.66470244	      3.01986881	     -0.26854867	     -4.01365137	      0.97674679	      1.34859357	      1.81690949	     -0.01824190	     -1.00059203	     -0.01782538	     -6.15125917	     -9.02748125	      1.50731163	      1.33439649	     -0.04531950	     -0.03987351
      4.21000000	     -0.44863302	     -0.73767713	      0.10487630	      8.12129998	     87.36717793	      5.99809636	      3.64163960	      3.99033709	     -0.93996129	      4.19382448	      3.16823228	     -0.27381142	     -4.41160636	      0.79743145	      0.98498859	      2.39341467	     -0.01597570	     -0.27605936	     -0.01556315	     -4.74400100	     -7.02371885	      1.31401191	      0.97406262	     -0.04534366	     -0.04015665
      4.21500000	      0.68899298	      0.03832281	     -0.12643011	      7.64778188	     82.26305414	      5.72466969	      3.99179883	      4.31801456	     -0.98574692	      4.55847892	      2.92409282	     -0.21487313	     -4.71887455	      0.58419831	      0.57983144	      2.79281199	     -0.01379626	      0.35391002	     -0.01342767	     -3.55722912	     -5.19300668	      1.22673768	      0.51612717	     -0.04504724	     -0.04027051
      4.22000000	      0.89192537	      0.17754878	     -0.38388943	      6.56287224	     76.96695408	      5.55575389	      4.18074124	      4.30838102	     -0.97379046	      4.17767826	      2.84622565	     -0.18426458	     -4.94547100	      0.34179335	      0.14277002	      3.14383860	     -0.01172372	      1.23075096	     -0.01143167	     -2.56887128	     -3.82497604	      1.15769312	      0.38029659	     -0.04440019	     -0.04017922
      4.22500000	      1.58718239	      0.46220269	     -0.73623360	      5.94080296	     70.71014741	      4.98380796	      4.14878542	      4.18282938	     -0.92574766	      4.42374337	      2.50953446	     -0.16088628	     -5.10328536	      0.07594668	     -0.31479564	      3.40626694	     -0.00977513	      1.46453112	     -0.00958822	     -1.76226638	     -2.42140145	      1.01061285	      0.19831544	     -0.04337665	     -0.03984683
      4.23000000	      0.99711672	      0.32927655	     -1.08156139	      4.35529216	     67.55448048	      4.77542743	      3.86618284	      3.40811675	     -0.77168550	      3.87288610	      1.90246369	     -0.05829039	     -5.20532241	     -0.20652096	     -0.78021505	      3.60637067	     -0.00796517	      2.08767501	     -0.00790673	     -0.88125084	     -1.28936884	      0.59770357	     -0.18645882	     -0.04195598	     -0.03923820
      4.23500000	      0.40566018	      1.17640479	     -1.65300209	      2.76423371	     60.21689390	      4.11854529	      3.61173153	      3.79234161	     -1.17681488	      3.05063438	      1.41751927	     -0.00850461	     -5.26491791	     -0.49772118	     -1.24015218	      3.96448470	     -0.00630657	      2.62398244	     -0.00639352	     -0.46876293	     -0.62819466	      1.42079589	     -0.23053765	     -0.04012409	     -0.03832018
      4.24000000	      0.02156137	      0.36346099	     -2.00194668	      1.32994868	     52.71314846	      2.81744529	      3.11837326	      2.92086133	     -0.95375601	      2.75679648	      1.40659725	     -0.10731970	     -5.29500318	     -0.78887291	     -1.68117606	      3.94156602	     -0.00481027	      2.63436211	     -0.00505222	     -0.01609446	      0.42072431	      0.67449560	      0.30173716	     -0.03787489	     -0.03706319
      4.24500000	     -0.63682805	      0.87110081	     -2.10687450	      0.40129268	     42.53084485	      1.71961295	      2.94544296	      2.62541089	     -0.76953534	      1.67565178	      0.54403861	      0.06685371	     -5.30749327	     -1.07063016	     -2.09033308	      3.80240819	     -0.00348508	      3.15610899	     -0.00388386	      0.21960440	      0.51763379	      0.33646406	     -0.26627189	     -0.03521200	     -0.03544303
      4.25000000	     -1.13848055	      0.34936566	     -2.47413059	     -0.52273366	     29.32306892	      1.07718475	      2.43457754	      2.73379476	     -0.68442228	      1.02406236	      0.97693838	      0.05786999	     -5.31283796	     -1.33352662	     -2.45567537	      3.88599900	     -0.00233721	      3.25208116	     -0.00288696	      0.18925674	      0.53444934	      0.34119215	     -0.20045366	     -0.03215076	     -0.03344303
      4.25500000	     -3.15856238	     -0.50932301	     -2.56371937	     -2.70211453	     19.63315508	      0.75526087	      1.73091461	      3.04649172	     -0.65345686	     -0.64019718	      1.95671147	     -0.17277730	     -5.31973364	     -1.56848780	     -2.76673527	      4.12990697	     -0.00136690	      3.98069755	     -0.00205737	      0.14825510	      0.38300920	      0.33152073	     -0.01403181	     -0.02872052	     -0.03105658
      4.26000000	     -5.15390469	     -0.98568797	     -2.56665810	     -4.62895619	     13.02362091	      0.24068322	      1.12554133	      3.07432887	     -0.58692213	     -2.19336436	      2.35683487	     -0.29890693	     -5.33497867	     -1.76736842	     -3.01493316	      4.27800938	     -0.00057164	      4.65667386	     -0.00138047	      0.12365880	      0.24725051	      0.28218689	      0.04680776	     -0.02496675	     -0.02829070
      4.26500000	     -5.92044523	     -0.48650396	     -2.72834632	     -5.35960212	      6.44424986	     -1.29296864	      0.60616529	      3.39367227	     -0.54454637	     -2.65564436	      2.15135902	     -0.20204622	     -5.36343938	     -1.92346687	     -3.19390851	      4.41969838	      0.00003037	      4.61373402	     -0.00086025	      0.00143860	      0.23838195	      0.41207429	      0.11868148	     -0.02094877	     -0.02516555
      4.27000000	     -7.84735430	     -0.72238944	     -2.72611235	     -7.00241790	      4.80951935	     -2.40430378	     -0.01320641	      3.28534482	     -0.48164913	     -3.79090850	      2.18830636	     -0.23722188	     -5.40808605	     -2.03196293	     -3.29976848	      4.57545890	      0.00045770	      5.01955359	     -0.00049119	      0.08163483	      0.12333166	      0.17619093	      0.18914623	     -0.01674595	     -0.02171828
      4.27500000	     -9.85111439	      0.15580055	     -2.69957265	     -8.92889855	      2.34859439	     -3.25745650	     -1.01996710	      3.51475651	     -0.50993904	     -4.66246691	      1.85123431	     -0.19365803	     -5.47008158	     -2.09024086	     -3.33123401	      4.94698423	      0.00073269	      5.31752462	     -0.00025205	     -0.23355155	      0.05701979	      0.46567796	      0.09920025	     -0.01245437	     -0.01800543
      4.28000000	    -10.96978653	      0.65969342	     -2.49391538	     -9.88098363	      3.34697889	     -4.37807501	     -1.23772646	      3.51685206	     -0.41682849	     -5.25887085	      1.46698774	     -0.12100222	     -5.54893393	     -2.09807309	     -3.28964865	      4.87916360	      0.00088019	      5.45410425	     -0.00012001	     -0.21686553	      0.01451324	      0.41104012	      0.01101841	     -0.00818482	     -0.01410160
      4.28500000	    -12.60630963	      0.74455932	     -2.34547446	    -11.61666112	      3.44161345	     -4.99257480	     -1.87048574	      3.47573358	     -0.38311533	     -5.92380578	      1.51488118	     -0.13180979	     -5.64272788	     -2.05764200	     -3.17882573	      5.01167991	      0.00092636	      5.60800604	     -0.00007167	     -0.34035647	     -0.07805657	      0.46944142	      0.09127295	     -0.00405962	     -0.01009828
      4.29000000	    -14.36893048	      0.96082940	     -2.15131167	    -13.53823776	      5.37551242	     -5.60494406	     -2.55733410	      3.36087831	     -0.35712575	     -6.55015280	      1.42531306	     -0.13069728	     -5.74844164	     -1.97339263	     -3.00473510	      5.16232789	      0.00089736	      5.78356916	     -0.00008401	     -0.41803381	     -0.16329894	      0.44376613	      0.07520704	     -0.00020806	     -0.00610127
      4.29500000	    -15.54597933	      1.25083144	     -1.92222710	    -15.06499038	      7.16849822	     -6.55728175	     -3.00270209	      3.31742605	     -0.31077530	     -6.86372844	      1.27706096	     -0.09671253	     -5.86233555	     -1.85173302	     -2.77505860	      5.19307103	      0.00081813	      5.75448092	     -0.00013521	     -0.43051228	     -0.22594378	      0.38875933	      0.11055565	      0.00323926	     -0.00222675
      4.30000000	    -16.38815270	      1.50838622	     -1.64972303	    -16.44275064	      8.55677512	     -7.02788522	     -3.34674412	      3.12814077	     -0.24475590	     -6.98205486	      1.10353678	     -0.05126844	     -5.98036600	     -1.70061085	     -2.49867613	      5.12884184	      0.00071135	      5.65762369	     -0.00020554	     -0.49975087	     -0.25840926	      0.43676376	      0.08192702	      0.00615722	      0.00140365
      4.30500000	    -17.21452767	      0.99566032	     -1.38950925	    -17.90480712	     10.17830392	     -7.29416768	     -3.62737208	      2.74957424	     -0.16088429	     -7.10487504	      1.35344402	     -0.08319550	     -6.09855694	     -1.52900436	     -2.18516241	      5.01227881	      0.00059643	      5.56250298	     -0.00027805	     -0.42651700	     -0.32203549	      0.28427217	      0.20235744	      0.00843334	      0.00466883
      4.31000000	    -18.24638149	      1.07361054	     -0.99162023	    -19.77380354	     10.07140080	     -7.70507844	     -4.00093545	      2.66372095	     -0.12162562	     -7.46860445	      1.43297445	     -0.14265808	     -6.21328742	     -1.34638283	     -1.84435424	      4.98306207	      0.00048887	      5.63654744	     -0.00033920	     -0.50840233	     -0.43060230	      0.38343503	      0.28752288	      0.00997514	      0.00745464
      4.31500000	    -18.67887506	      1.51235949	     -0.84619974	    -20.92316908	     11.94331559	     -8.11496838	     -4.56087731	      2.34724049	     -0.09621002	     -7.02468316	      1.02496781	     -0.05487210	     -6.32149659	     -1.16220083	     -1.48601041	      5.03157887	      0.00039968	      5.35014401	     -0.00037933	     -0.52874805	     -0.37273481	      0.34508645	      0.08268254	      0.01071670	      0.00966044
      4.32000000	    -18.93640867	      0.96819118	     -0.68214653	    -22.08831368	     10.94860844	     -8.65131500	     -4.89221241	      1.48501755	     -0.00048631	     -6.75830091	      0.73026706	     -0.02889638	     -6.42082000	     -0.98547810	     -1.11956234	      4.88025706	      0.00033513	      5.06164130	     -0.00039300	     -0.41009008	     -0.41424232	      0.11917246	      0.20163645	      0.01062389	      0.01120534
      4.32500000	    -19.50524465	      0.82711851	     -0.25209166	    -23.56345601	      9.16740422	     -8.86868999	     -5.13141005	      1.48679058	      0.02466067	     -6.98224489	      1.02597129	     -0.17156770	     -6.50966080	     -0.82449186	     -0.75393902	      4.82501210	      0.00029668	      5.17144890	     -0.00037926	     -0.45365192	     -0.52169886	      0.25157581	      0.32158539	      0.00969757	      0.01203346
      4.33000000	    -18.84308139	      1.58276948	      0.03615706	    -23.71198712	      7.39809594	     -9.40449137	     -5.17446055	      1.29652032	      0.08304350	     -6.32515783	      0.33762374	     -0.09186397	     -6.58718724	     -0.68658295	     -0.39744224	      4.63715116	      0.00028115	      4.85078213	     -0.00034168	     -0.52334623	     -0.45327552	      0.45840397	      0.11981356	      0.00797405	      0.01211763
      4.33500000	    -18.71853467	      1.08510382	      0.08136698	    -24.16513695	      7.16107552	     -9.68993723	     -5.55327873	      0.34891962	      0.15202982	     -5.72203558	     -0.11888273	     -0.07606108	     -6.65323941	     -0.57805692	     -0.05765559	      4.56147212	      0.00028101	      4.57523646	     -0.00028826	     -0.33401924	     -0.41755004	      0.15477610	      0.04408217	      0.00552276	      0.01146116
      4.34000000	    -17.60976550	      0.90041958	      0.20574535	    -23.73735452	      3.57626915	    -10.31824357	     -5.48592422	     -0.13150386	      0.22923939	     -4.85131512	     -0.51569453	     -0.05844883	     -6.70813203	     -0.50414849	      0.25862279	      4.32596627	      0.00028490	      4.12021677	     -0.00023128	     -0.26255594	     -0.38032105	      0.16967666	      0.13026294	      0.00244118	      0.01009721
      4.34500000	    -16.59507458	      1.03304201	      0.37168559	    -23.20255077	      0.71513168	    -10.68145563	     -5.43539279	     -0.45921597	      0.27650148	     -4.07128533	     -0.98065447	     -0.06836291	     -6.75236573	     -0.46901353	      0.54543497	      4.14382218	      0.00027818	      3.83543940	     -0.00018699	     -0.27594218	     -0.32994060	      0.31585868	      0.07096444	     -0.00115236	      0.00808583
      4.35000000	    -15.50910790	      0.30411967	      0.28512498	    -22.34946950	     -0.82239733	    -10.52286559	     -5.54367354	     -1.32764380	      0.33942940	     -2.96875875	     -1.26518157	     -0.08448362	     -6.78629175	     -0.47571839	      0.79771085	      4.00374954	      0.00025139	      3.41819726	     -0.00017517	     -0.17988379	     -0.23652803	      0.21452648	      0.04390302	     -0.00512781	      0.00550920
      4.35500000	    -13.67399394	      0.24025764	      0.23077939	    -20.62370800	     -2.72141709	    -11.27074568	     -5.27168187	     -1.97147841	      0.41902899	     -1.62053534	     -2.08692385	     -0.01431829	     -6.80979076	     -0.52621084	      1.01130841	      3.72695857	      0.00019029	      2.86204147	     -0.00021875	     -0.06884071	     -0.12967250	      0.18295120	      0.00423036	     -0.00935058	      0.00246546
      4.36000000	    -11.97536902	     -0.14571779	      0.23608315	    -18.82584754	     -3.54330519	    -11.62714109	     -4.87150777	     -2.40202057	      0.47907383	     -0.47861737	     -2.42359635	     -0.06173374	     -6.82201049	     -0.62127397	      1.18304798	      3.45154692	      0.00007146	      2.50334934	     -0.00034321	      0.01887976	     -0.06049391	      0.21430115	      0.02895707	     -0.01368887	     -0.00093774
      4.36500000	    -10.52531860	     -0.15960603	      0.15545112	    -17.01152185	     -2.19290259	    -12.37207246	     -4.59613950	     -3.30280793	      0.55483736	      0.61995647	     -3.58590422	     -0.01432951	     -6.82116925	     -0.76047953	      1.31073464	      3.20962457	     -0.00012527	      2.23383018	     -0.00057605	      0.13934500	      0.01172694	      0.10820002	     -0.13278228	     -0.01802056	     -0.00458941
      4.37000000	     -8.54084864	     -0.20056572	     -0.02225437	    -14.55228677	     -0.66396101	    -13.50335470	     -4.16768703	     -3.57492106	      0.56830087	      2.07050757	     -4.22430867	     -0.00881146	     -6.80441764	     -0.94216624	      1.39315542	      3.03200298	     -0.00042017	      1.75537111	     -0.00093542	      0.21387124	      0.08618744	      0.13327418	     -0.07139370	     -0.02223659	     -0.00838135
      4.37500000	     -6.53235455	     -0.70897005	     -0.38074014	    -11.80452557	      3.63898481	    -14.11009325	     -3.78843032	     -4.57929717	      0.63918147	      3.74986239	     -5.14719007	      0.06108236	     -6.76776643	     -1.16346744	      1.43004804	      2.80233807	     -0.00083316	      1.21955425	     -0.00144240	      0.32501282	      0.20185187	     -0.00001858	     -0.11650599	     -0.02624289	     -0.01221040
      4.38000000	     -4.89402507	      0.27804188	     -0.74437664	     -9.23020567	     10.23108886	    -15.60350865	     -3.70720621	     -4.35935302	      0.51197378	      5.37865060	     -6.09440023	      0.12326276	     -6.70608984	     -1.42040576	      1.42204961	      2.96389558	     -0.00138339	      0.82092526	     -0.00212452	      0.17699756	      0.33574051	      0.24919107	     -0.27876925	     -0.02996086	     -0.01598139
      4.38500000	     -5.88544590	      3.27264824	     -1.85888607	     -9.51894958	     14.04256502	    -18.35313975	     -6.33854736	     -2.46000295	     -0.21407712	      6.97512462	     -6.76011849	      0.13710730	     -6.61319541	     -1.70806036	      1.37063233	      4.83286369	     -0.00208889	      0.40655662	     -0.00300383	     -0.89735500	      0.40606783	      1.36021303	     -0.23202218	     -0.03332702	     -0.01961002
      4.39000000	    -13.08393206	      1.18298608	     -0.64327802	    -16.88617420	     10.02832754	    -20.99647441	     -9.51187004	     -3.63487625	      0.86323690	      3.15693194	     -6.27404711	     -0.82366811	     -6.48194485	     -2.02079045	      1.27803216	      6.06834804	     -0.00296624	      2.56737537	     -0.00409988	     -1.48425484	     -0.66887552	      0.31484959	      1.20410324	     -0.03629262	     -0.02302412
      4.39500000	    -27.25189239	      3.57811657	     -0.60670959	    -33.88072557	    -25.53184101	    -25.72063844	    -12.57736707	     -1.52724086	      0.63546225	     -9.14611728	     -6.62065162	      0.35739075	     -6.30439794	     -2.35248584	      1.14717598	      7.19415024	     -0.00403023	      8.41814191	     -0.00542901	     -3.34760557	     -4.33871927	      0.91962975	      0.88262789	     -0.03882362	     -0.02616549
      4.40000000	    -15.14722011	      0.99719925	     -0.43939038	    -21.29911546	    -29.57392062	    -22.44464997	     -5.60453228	     -1.74283169	      0.30614695	     -4.86573544	     -4.57308175	     -0.07723900	     -6.07192936	     -2.69682213	      0.98160825	      2.36371460	     -0.00529346	      6.35229517	     -0.00700366	     -3.68962624	     -4.28351991	      1.08553952	      1.23196312	     -0.04090123	     -0.02899206
      4.40500000	     -1.11340530	      3.63799950	      0.09097631	     -5.60169348	    -21.99892652	    -24.22047673	      2.75334631	     -2.56900204	      0.01583911	      0.02710264	     -8.16485771	      0.39720855	     -5.77528422	     -3.04750177	      0.78541542	     -3.03430160	     -0.00676586	      4.10516460	     -0.00883174	     -3.76188874	     -4.02252678	      1.20792728	      0.67583735	     -0.04252235	     -0.03147974
      4.41000000	      8.38094631	      7.57242487	      1.12597448	      3.70456909	    -42.88245521	    -30.26305782	      9.70316817	     -1.18388991	     -0.55541514	      0.54195333	    -11.69709461	      0.83355029	     -5.40459237	     -3.39845485	      0.56315151	     -7.74445372	     -0.00845406	      2.80295659	     -0.01091587	     -4.82131435	     -5.89293839	      2.07614944	      0.70085955	     -0.04369925	     -0.03362309
      4.41500000	     17.23591557	      8.64442673	      1.11249258	     12.99503754	    -56.46542122	    -32.31676325	     13.87187978	     -1.16423077	     -0.81896106	      3.76465895	    -13.21265236	      1.03147445	     -4.94939393	     -3.74397651	      0.31977221	    -11.48076274	     -0.01038601	      0.25278881	     -0.01325249	     -6.23649487	     -7.32761299	      2.31663319	      0.80599846	     -0.04446003	     -0.03543410
      4.42000000	     20.05586910	      6.45339911	     -0.17039222	     17.06588155	    -57.86305067	    -30.75127096	     12.18113988	     -1.99568409	     -0.62996539	      7.93920629	    -12.21484751	      0.84169521	     -4.39871805	     -4.07878948	      0.06058400	    -11.79909310	     -0.01258120	     -2.74162623	     -0.01583068	     -8.14721194	     -8.71992958	      2.50688529	      1.25917419	     -0.04484518	     -0.03693876
      4.42500000	     19.59496183	      4.40234890	     -1.77917291	     18.38289452	    -45.78898324	    -28.94562363	      8.47835370	     -1.79889538	     -0.52775596	     11.65211659	    -10.33836191	      0.52967835	     -3.74123234	     -4.39802647	     -0.20878749	    -10.49304579	     -0.01496486	     -5.45633176	     -0.01863075	     -9.79887337	    -10.10838277	      2.93074326	      1.60717127	     -0.04489704	     -0.03817205
      4.43000000	     20.35430812	      2.34341067	     -3.35451829	     21.36524646	    -24.83841092	    -27.50412779	      5.75900858	     -1.41367686	     -0.52192445	     15.92672508	     -8.46542364	      0.17591965	     -2.96546050	     -4.69713566	     -0.48241227	     -9.57077553	     -0.01750743	     -8.60732759	     -0.02175087	    -10.90374271	    -11.33433353	      3.20173289	      2.07578484	     -0.04466648	     -0.03918222
      4.43500000	     21.10432135	      1.41806316	     -4.20824656	     25.26318601	      8.12995135	    -26.98164497	      5.01201324	     -2.07371432	     -0.37839375	     18.64901552	     -8.64437599	      0.18742329	     -2.06005456	     -4.97173055	     -0.75407076	     -9.61385989	     -0.02016943	    -10.78783958	     -0.02499119	    -11.65065790	    -12.38639027	      3.09938052	      2.32651721	     -0.04420685	     -0.03999821
      4.44000000	     22.12435539	      0.65501184	     -4.38359903	     29.13602551	     32.28906847	    -28.17677034	      6.58510778	     -1.41804084	     -0.65062063	     18.77742193	     -8.54201299	      0.17107422	     -1.01410590	     -5.21742332	     -1.01729363	    -10.74093314	     -0.02290132	    -12.56762077	     -0.02826401	    -12.23146633	    -14.81064624	      3.41641220	      2.95178815	     -0.04357215	     -0.04064919
      4.44500000	     23.40189162	     -2.93533839	     -3.97572864	     32.28028196	     38.72878897	    -27.51407978	     10.33862958	     -1.34951844	     -0.91725107	     16.19761907	     -6.93620442	     -0.13478829	      0.18251445	     -5.42969385	     -1.26544715	    -13.84294883	     -0.02564393	    -14.17657031	     -0.03146940	    -13.13842649	    -18.66605482	      3.77382717	      4.14449038	     -0.04281529	     -0.04115556
      4.45000000	     21.83718226	     -8.10832659	     -3.16710609	     30.46563083	     23.52855025	    -22.53351189	     13.19067877	     -3.25687168	     -0.65524154	     10.81467356	     -4.63713818	     -0.58152576	      1.53878236	     -5.60385705	     -1.49187857	    -18.83745740	     -0.02832958	    -14.98653441	     -0.03449405	    -15.70525669	    -23.14087777	      4.05423545	      5.19456914	     -0.04198626	     -0.04152780
      4.45500000	     17.65737162	    -12.46041072	     -2.05222788	     23.86639053	    -10.48799891	    -16.45413078	     14.58380734	     -5.47874429	     -0.20109818	      3.38487242	     -2.31713878	     -1.07490336	      3.06210513	     -5.73519105	     -1.69012800	    -25.10028124	     -0.03088400	    -15.46661702	     -0.03721605	    -19.90441084	    -28.04753562	      5.01705216	      6.71716390	     -0.04112978	     -0.04176716
      4.46000000	      7.73167259	    -16.04654146	     -0.93851853	     10.08246576	    -51.92892891	    -10.22968280	     12.45019334	     -8.37669358	      0.68888753	     -6.43071599	     -0.52881695	     -1.44753213	      4.75787086	     -5.81927352	     -1.85419590	    -30.81936370	     -0.03309831	    -15.36118148	     -0.03951162	    -25.29302363	    -33.17536343	      5.83973860	      8.08758460	     -0.04029264	     -0.04186752
      4.46500000	     -3.78872949	    -17.83666215	     -0.44325082	     -6.23859594	    -94.01057974	     -5.66816255	      7.28963499	     -9.83781019	      1.46635411	    -14.94371314	      1.34770124	     -1.83309885	      6.62898695	     -5.85253509	     -1.97884457	    -35.52497149	     -0.03508655	    -16.57208542	     -0.04102303	    -30.87717069	    -38.20731188	      6.86429544	      9.30233199	     -0.03949604	     -0.04183888
      4.47000000	    -11.90734938	    -20.03948791	     -1.73036126	    -18.43613382	   -135.11187489	     -1.77854477	     -1.19963626	    -10.13410229	      2.21461047	    -16.96580858	      4.57856164	     -2.62474784	      8.67543393	     -5.83297374	     -2.05991560	    -38.52998592	     -0.03686289	    -21.95874990	     -0.04208306	    -36.52076199	    -42.98386491	      7.71924213	     10.67010519	     -0.03875361	     -0.04165258
      4.47500000	    -14.22701704	    -20.44410112	     -3.80855451	    -23.22971100	   -171.31523418	      1.37469713	     -9.48161282	     -9.98028183	      2.85152913	    -13.79188072	      6.57386930	     -3.10859737	     10.89385768	     -5.76090465	     -2.09464082	    -41.82242972	     -0.03840097	    -30.07687740	     -0.04272622	    -42.09471704	    -47.50279376	      8.96485361	     11.56315880	     -0.03807072	     -0.04129717
      4.48000000	    -11.58654454	    -23.91696250	     -5.61923474	    -21.87389030	   -201.01455362	      7.49102707	    -13.89274317	    -11.68996119	      3.83517406	     -9.46158776	      8.95958771	     -3.76337993	     13.27722179	     -5.63958878	     -2.08190976	    -47.37329689	     -0.03968211	    -38.95023369	     -0.04297332	    -46.84028447	    -51.68882635	      9.77524610	     12.51763254	     -0.03744310	     -0.04076942
      4.48500000	     -3.97141419	    -28.00138841	     -6.83825582	    -13.99442966	   -218.95826440	     14.88644753	    -13.99336745	    -13.22788389	      4.52509841	     -4.31774198	     11.68890129	     -4.57469102	     15.81453744	     -5.47558968	     -2.02245237	    -54.73729351	     -0.04069651	    -47.86624287	     -0.04285976	    -50.89142791	    -54.99868734	     10.37033228	     13.05192625	     -0.03685901	     -0.04007524
      4.49000000	      2.80455823	    -29.73854117	     -7.76121014	     -6.32672069	   -224.93407492	     19.58257516	    -13.91074640	    -13.12148529	      4.70157574	      0.12943542	     13.92506932	     -5.30188822	     18.49067640	     -5.27873942	     -1.91889971	    -61.36977420	     -0.04144405	    -55.88831618	     -0.04243323	    -54.40014732	    -57.79189306	     11.12688914	     13.53430222	     -0.03630212	     -0.03923128
      4.49500000	      5.91935842	    -30.11511519	     -8.02009880	     -2.10951794	   -215.10557532	     22.38398754	    -14.02400399	    -13.11065774	      4.94104749	      1.87886165	     14.92720993	     -5.65378639	     21.28625772	     -5.06166357	     -1.77568775	    -66.95764136	     -0.04195133	    -61.72589048	     -0.04178553	    -57.27519611	    -59.75603916	     11.47942516	     13.77066929	     -0.03575559	     -0.03827131
      4.50000000	      7.67378018	    -29.89706700	     -7.14785929	      0.82283975	   -194.71878220	     24.94959677	    -11.91073429	    -13.33885537	      5.06840768	      0.46974761	     15.06994160	     -5.68756215	     24.17759338	     -4.83890088	     -1.59878858	    -73.02326457	     -0.04219923	    -65.12786291	     -0.04077415	    -59.69894719	    -61.03551337	     11.95648287	     13.87426257	     -0.03520518	     -0.03722896
      4.50500000	     11.11171014	    -29.70903307	     -5.63187660	      5.99808954	   -163.74606015	     26.83519682	     -7.24788813	    -14.26785187	      5.25030611	     -1.49126288	     14.25146755	     -5.37910714	     27.13669051	     -4.62571619	     -1.39528772	    -79.76729652	     -0.04209378	    -67.41730415	     -0.03939839	    -61.17319110	    -61.52758594	     11.99822318	     13.93177030	     -0.03463330	     -0.03614452
      4.51000000	     16.25904781	    -29.35366463	     -4.38548078	     13.76780893	   -123.80963609	     27.98151229	     -2.57606902	    -15.83467568	      5.66777293	     -1.51735884	     12.30830498	     -4.68235548	     30.13133308	     -4.43674708	     -1.17284930	    -85.59574783	     -0.04166755	    -70.10399836	     -0.03774150	    -61.83763567	    -61.39686424	     11.61934004	     13.48812898	     -0.03403171	     -0.03506673
      4.51500000	     24.37445042	    -28.14020435	     -3.43675205	     25.38295951	    -83.58378136	     27.86860848	      2.26150528	    -16.84214052	      5.85040356	      0.94464533	      9.93945428	     -3.87207690	     33.12528498	     -4.28465160	     -0.93912155	    -90.85309621	     -0.04096702	    -73.80177354	     -0.03590091	    -62.61419771	    -60.83904978	     11.58986124	     13.15443072	     -0.03339821	     -0.03404520
      4.52000000	     33.33175166	    -27.18326151	     -2.83012034	     37.76324972	    -42.76214684	     26.66344833	      6.69143608	    -18.07972216	      6.16707417	      4.64748602	      7.24170612	     -2.95044980	     36.07865839	     -4.17891604	     -0.70114640	    -95.43635983	     -0.04004936	    -78.05170266	     -0.03398117	    -62.69578271	    -60.15160940	     11.33099213	     12.89689327	     -0.03273667	     -0.03312653
      4.52500000	     38.54756846	    -24.02022183	     -2.46313199	     45.66705249	     -3.59492172	     22.67552821	      7.87537904	    -18.43471282	      6.43517757	      7.85149928	      3.82110069	     -1.70584724	     38.94847749	     -4.12495274	     -0.46483988	    -97.94212777	     -0.03897861	    -81.75012553	     -0.03208656	    -63.17855224	    -59.45422374	     11.31446197	     12.64587239	     -0.03205651	     -0.03235071
      4.53000000	     40.71738666	    -20.09238708	     -2.16605743	     49.05028536	     28.48996237	     16.32095356	      7.16400245	    -18.17957723	      6.64832254	      9.77324432	      0.26192897	     -0.33614542	     41.68944988	     -4.12358812	     -0.23459949	    -99.40469211	     -0.03782131	    -85.28067143	     -0.03031429	    -63.50775020	    -59.16488842	     11.29517245	     12.51866167	     -0.03137151	     -0.03174790
      4.53500000	     41.12591580	    -16.28041753	     -1.90694249	     48.96090456	     44.66057949	      9.10980976	      5.27909171	    -17.67844138	      6.87519851	     10.57065651	     -2.92733991	      0.94989100	     44.25494451	     -4.17099137	     -0.01308299	   -101.14514005	     -0.03664228	    -89.16624154	     -0.02875798	    -64.20502992	    -59.50268667	     11.40868684	     12.63315647	     -0.03069825	     -0.03133810
      4.54000000	     40.33870615	    -11.72744309	     -1.46749689	     46.51752781	     45.69802088	      1.92253100	      2.62128456	    -16.91225816	      7.05396446	     10.35772528	     -6.20298751	      2.32724560	     46.59816740	     -4.25902987	      0.19881309	   -103.61739405	     -0.03549992	    -92.93072220	     -0.02753698	    -65.81334490	    -60.38513638	     12.10737883	     12.73144895	     -0.03005440	     -0.03112185
      4.54500000	     37.03147072	     -8.76782781	     -1.13672822	     39.77749287	     32.47023020	     -5.76462815	     -0.96782787	    -16.86990744	      7.61858507	      8.38401799	     -8.92820735	      3.56143957	     48.67352458	     -4.37599323	      0.40177128	   -106.46147241	     -0.03445822	    -96.95084388	     -0.02667647	    -67.29900181	    -62.08255504	     12.32220859	     13.34521847	     -0.02945749	     -0.03108917
      4.55000000	     31.25797990	     -4.40480133	     -0.34878781	     29.35574685	     10.08535623	    -14.31947973	     -5.14528767	    -16.17125529	      7.93871864	      4.36736212	    -11.97950437	      5.01786130	     50.43815846	     -4.50759623	      0.59768662	   -109.44759295	     -0.03358368	   -100.14339324	     -0.02618257	    -69.48197421	    -64.11627018	     13.10890876	     13.88758146	     -0.02892037	     -0.03121699
      4.55500000	     22.51581966	     -1.23037606	      0.49672828	     14.51161424	    -16.79377802	    -21.56446120	    -10.12125572	    -16.33720684	      8.68002401	     -1.42364493	    -14.69487434	      6.40724387	     51.85362412	     -4.63813950	      0.78915555	   -112.32285573	     -0.03289059	   -102.47469802	     -0.02604562	    -71.62120918	    -66.32423049	     13.77689422	     14.52711361	     -0.02845389	     -0.03147093
      4.56000000	     12.45779491	      1.69618066	      1.52544049	     -1.96757070	    -42.48463366	    -27.43707064	    -14.91922762	    -16.59010314	      9.41096922	     -8.21428458	    -17.13190184	      7.71819977	     52.88763549	     -4.75170360	      0.97887848	   -115.01714432	     -0.03238292	   -103.58478210	     -0.02624218	    -73.66096659	    -68.51804476	     14.46637927	     14.87683453	     -0.02806455	     -0.03180845
      4.56500000	      4.25658126	      1.68690035	      2.32423711	    -16.10594537	    -65.70436831	    -30.04401056	    -17.99559314	    -17.22668487	     10.11655189	    -14.24620721	    -17.83267901	      8.24199921	     53.51577418	     -4.83328266	      1.16904407	   -117.78145999	     -0.03205571	   -104.67212921	     -0.02673762	    -74.94879261	    -70.69683829	     14.90648293	     15.34899967	     -0.02775419	     -0.03218273
      4.57000000	     -0.11371859	      0.63442419	      2.73047992	    -24.47646850	    -83.83716499	    -29.92760813	    -19.58085117	    -17.79056061	     10.59595846	    -17.50762210	    -17.61653726	      8.25715790	     53.72302733	     -4.86979836	      1.36076193	   -120.39555643	     -0.03189712	   -105.96838436	     -0.02748919	    -76.13529793	    -72.50764676	     15.35702150	     15.64629646	     -0.02752030	     -0.03254708
      4.57500000	     -0.86738731	     -2.46250079	      2.60456503	    -27.30601145	    -96.06834668	    -26.37290651	    -19.67773603	    -18.25688124	     10.83809931	    -18.05621262	    -15.74005565	      7.42049143	     53.50500468	     -4.85096110	      1.55360555	   -122.60250990	     -0.03189064	   -107.45453321	     -0.02844920	    -76.88368381	    -74.09721962	     15.73449589	     15.94672834	     -0.02735668	     -0.03285914
      4.58000000	     -0.45963667	     -7.20476637	      2.05659315	    -27.78130693	   -101.37589784	    -19.57563294	    -19.35430127	    -18.76104987	     10.99554358	    -17.10062289	    -12.44519624	      5.88974015	     52.86868173	     -4.76996721	      1.74531930	   -123.78230445	     -0.03201749	   -108.42820368	     -0.02956827	    -77.37954323	    -75.27355357	     16.10050516	     16.22930192	     -0.02725433	     -0.03308457
      4.58500000	      0.58921752	    -13.00543841	      1.51941903	    -26.76976636	    -96.71889708	    -10.67665128	    -17.85695125	    -19.72333349	     11.20169718	    -15.79623717	     -8.74708550	      4.18550423	     51.83253457	     -4.62402697	      1.93172734	   -124.20077482	     -0.03225877	   -108.26349625	     -0.03079819	    -77.10800846	    -75.82160210	     16.06568585	     16.17717646	     -0.02720252	     -0.03319970
      4.59000000	      1.73824274	    -18.51270624	      1.22712247	    -24.90423847	    -86.77361247	     -0.57249916	    -15.39374108	    -20.50267701	     11.17281954	    -14.84970381	     -4.87327222	      2.44100071	     50.42597622	     -4.41469985	      2.10685799	   -124.27396117	     -0.03259725	   -106.53218728	     -0.03209435	    -76.71321963	    -75.96085224	     16.12830787	     15.98502772	     -0.02718982	     -0.03319299
      4.59500000	      3.50221128	    -24.83968647	      0.73077332	    -21.64404435	    -73.31446146	     10.35607133	    -12.56498236	    -21.68861113	     11.24370200	    -13.19770641	     -0.65727663	      0.54320794	     48.68806943	     -4.14799124	      2.26327167	   -123.61608429	     -0.03301863	   -104.42478913	     -0.03341749	    -75.95331020	    -75.68879883	     15.82637834	     15.91271590	     -0.02720516	     -0.03306517
      4.60000000	      5.86035060	    -29.97430385	      0.09104598	    -17.05824302	    -56.47978286	     20.78861351	     -9.91811801	    -22.91159273	     11.29424358	    -10.54488669	      2.72853385	     -0.98827086	     46.66557474	     -3.83416255	      2.39255617	   -122.15030224	     -0.03351211	   -101.95385961	     -0.03473468	    -75.00747936	    -74.92295386	     15.52082268	     15.52608143	     -0.02723887	     -0.03282812
      4.60500000	      9.32060873	    -33.74048394	     -0.63065873	    -10.84200863	    -40.38290907	     29.15676822	     -7.10944581	    -23.76124026	     11.12266134	     -7.02433143	      5.30199649	     -2.18093235	     44.41048543	     -3.48722168	      2.48593194	   -120.15429697	     -0.03407040	    -99.67548551	     -0.03601974	    -73.79308826	    -73.95107507	     15.29905073	     15.25394974	     -0.02728343	     -0.03250288
      4.61000000	     11.02718212	    -35.98576400	     -1.22020206	     -6.19200562	    -25.18829558	     36.00371069	     -5.06370120	    -24.21301362	     10.80357216	     -4.47801518	      7.15833870	     -2.99335215	     41.97727763	     -3.12408560	      2.53490248	   -117.14444540	     -0.03468918	    -96.53730919	     -0.03725288	    -72.79978648	    -72.85936761	     15.26016855	     14.83207326	     -0.02733419	     -0.03211689
      4.61500000	     12.96372673	    -37.32179132	     -1.46026672	     -1.58147435	     -8.08566460	     40.13670040	     -1.96643601	    -25.16935727	     10.59628920	     -2.67844492	      7.60861192	     -3.17969950	     39.42013646	     -2.76344814	      2.53189652	   -114.30875270	     -0.03536606	    -92.81117839	     -0.03842005	    -70.84424128	    -71.31672724	     14.62771593	     14.42361278	     -0.02738980	     -0.03170101
      4.62000000	     13.67944127	    -36.51865968	     -1.64027875	      1.45412663	      5.63911914	     41.61985120	      0.02666097	    -25.82525201	     10.33375961	     -1.25089154	      6.69919918	     -2.80251579	     36.79041032	     -2.42443411	      2.47086656	   -110.73104201	     -0.03609929	    -88.92914052	     -0.03951186	    -69.12737923	    -69.42733396	     14.19331595	     13.85275041	     -0.02745241	     -0.03128657
      4.62500000	     14.16663717	    -33.21937908	     -1.73855712	      4.52388516	     18.19491715	     39.99452561	      1.45705281	    -25.76506178	      9.81335782	      0.22355071	      4.43872595	     -1.91058438	     34.13450422	     -2.12515054	      2.34781817	   -106.53302917	     -0.03687994	    -84.80765749	     -0.04051780	    -67.47016523	    -67.34001315	     14.00482645	     13.16532352	     -0.02752795	     -0.03090319
      4.63000000	     14.20353123	    -30.01047055	     -1.98658864	      7.32499305	     29.21514531	     37.10304825	      2.49315241	    -25.24077325	      9.14420071	      1.52781721	      2.61139621	     -1.23691687	     31.49235300	     -1.88125609	      2.16124880	   -101.72249954	     -0.03764582	    -80.52866730	     -0.04137558	    -65.58235757	    -65.21944412	     13.60002005	     12.70609539	     -0.02762645	     -0.03057808
      4.63500000	     13.69365645	    -26.45234305	     -2.23026714	      9.42213916	     38.05972419	     33.35411600	      3.09698634	    -24.71277518	      8.52501669	      2.52202662	      0.47926712	     -0.48173715	     28.89653560	     -1.70467142	      1.91247243	    -96.62298928	     -0.03836732	    -76.04196444	     -0.04206376	    -63.68003074	    -62.85133838	     13.17347660	     12.17841562	     -0.02775838	     -0.03032975
      4.64000000	     13.02996169	    -22.51746038	     -2.35943555	     11.41425441	     47.35696910	     29.41712540	      3.76177884	    -23.65157830	      7.71793174	      3.18434546	     -1.47662088	      0.17446797	     26.37202404	     -1.60255254	      1.60579722	    -91.30760219	     -0.03901524	    -71.05815756	     -0.04256751	    -61.69498486	    -60.14008533	     12.85175987	     11.36456014	     -0.02793684	     -0.03017218
      4.64500000	     11.60933289	    -20.14311578	     -2.74610760	     12.66728769	     53.09571178	     25.05548311	      3.95984800	    -22.59871010	      6.98798865	      3.40150826	     -2.40608453	      0.41707907	     23.93650548	     -1.57664268	      1.24851600	    -85.49342603	     -0.03955868	    -66.21525459	     -0.04287403	    -59.41011536	    -57.74704602	     12.20152515	     11.08292675	     -0.02817587	     -0.03011356
      4.65000000	     10.35054582	    -18.24334504	     -3.20651543	     14.19270228	     58.70102342	     21.43095641	      4.00479304	    -21.32910852	      6.23024568	      3.80498897	     -2.69274970	      0.40236351	     21.60117184	     -1.62309602	      0.85067958	    -79.54763050	     -0.03996631	    -61.20551854	     -0.04297271	    -57.12095242	    -55.08377472	     11.60301519	     10.70421748	     -0.02848957	     -0.03015680
      4.65500000	      8.80587787	    -15.02783437	     -3.48854231	     15.59893777	     63.31544245	     16.31863363	      3.88147710	    -18.97454870	      5.15138364	      3.81046359	     -3.18468471	      0.46743044	     19.37184127	     -1.73281741	      0.42464996	    -73.20093908	     -0.04020806	    -56.01419517	     -0.04285547	    -54.95593637	    -52.42284217	     11.36435697	     10.19805507	     -0.02889123	     -0.03030051
      4.66000000	      6.99372124	    -12.49476588	     -3.84601990	     16.71360145	     70.64587370	     11.52180810	      3.54245945	    -17.14470114	      4.34149987	      3.83229619	     -3.66139592	      0.52374356	     17.25025706	     -1.89230107	     -0.01553941	    -66.71514755	     -0.04025677	    -50.70596893	     -0.04251706	    -52.31388401	    -49.48878851	     10.62216590	      9.46946906	     -0.02939249	     -0.03054002
      4.66500000	      5.53575933	    -10.38643394	     -4.15082990	     18.26754864	     78.74592255	      7.26862189	      3.39849689	    -15.04271912	      3.48635791	      3.92146214	     -3.70749883	      0.44007151	     15.23541355	     -2.08488843	     -0.45496593	    -60.06944848	     -0.04008999	    -45.57651743	     -0.04195548	    -49.59437184	    -46.39382074	     10.02943422	      8.65038458	     -0.03000257	     -0.03086842
      4.67000000	      3.41279430	     -8.94529213	     -4.50977027	     18.96978097	     86.06739954	      3.32622189	      2.89692116	    -13.14695076	      2.79436193	      3.62246664	     -3.40833222	      0.27369780	     13.32478286	     -2.29229616	     -0.87867433	    -53.44036125	     -0.03976891	    -40.32716282	     -0.04122763	    -46.62816315	    -43.52753122	      9.25808739	      7.99814523	     -0.03073067	     -0.03128080
      4.67500000	      2.29540012	     -7.18666772	     -4.76504366	     20.32182713	     94.71668379	     -0.98584834	      2.72290361	    -11.19298267	      2.12221365	      3.89230052	     -3.44109603	      0.20468721	     11.51534046	     -2.49621497	     -1.27253724	    -47.01564143	     -0.03942115	    -35.64454776	     -0.04045846	    -43.44003322	    -40.24401193	      8.46980014	      7.27071612	     -0.03158011	     -0.03176984
      4.68000000	      0.27477386	     -5.72285897	     -4.93197476	     20.39467945	    101.32841011	     -4.59877776	      2.14589695	     -9.20583262	      1.52698918	      3.52002546	     -3.18011016	      0.08944456	      9.80432328	     -2.67978279	     -1.62406196	    -40.55957029	     -0.03898910	    -30.90795355	     -0.03961671	    -40.46511805	    -37.14274968	      7.90090810	      6.64689205	     -0.03254607	     -0.03232301
      4.68500000	     -1.45482368	     -4.28392376	     -4.98534762	     20.43318375	    107.85115873	     -8.07018120	      1.79510296	     -7.57433628	      1.07324691	      3.09730276	     -3.32546220	      0.11550027	      8.18970103	     -2.82877980	     -1.92308831	    -34.52602500	     -0.03844690	    -26.39335340	     -0.03869229	    -37.24218405	    -34.17428339	      7.23572802	      5.97663739	     -0.03362231	     -0.03293166
      4.69000000	     -3.26868040	     -3.08723712	     -4.98422387	     19.51991921	    113.71530052	    -10.93771027	      1.34682619	     -5.91164731	      0.66350618	      2.60941021	     -3.16222179	      0.07191033	      6.67036500	     -2.93245122	     -2.16232243	    -28.81838258	     -0.03776808	    -22.15039011	     -0.03767285	    -33.92830103	    -31.10454999	      6.62058859	      5.40959552	     -0.03479811	     -0.03358751
      4.69500000	     -5.63032560	     -2.69417895	     -4.95067438	     17.69077753	    121.80435726	    -13.14680134	      0.68478800	     -5.39382139	      0.61742280	      1.89821611	     -3.41998391	      0.16317802	      5.24604709	     -2.98393379	     -2.33766172	    -23.34689220	     -0.03692695	    -18.07546491	     -0.03654465	    -30.37541405	    -27.99786574	      5.44063643	      4.75405756	     -0.03605826	     -0.03428235
      4.70000000	     -6.21567580	     -1.30339212	     -4.71823799	     16.83393605	    124.71733454	    -14.73294779	      0.67981812	     -4.22470877	      0.35456805	      1.81920271	     -3.79448546	      0.27501416	      3.91700895	     -2.98033567	     -2.44827547	    -18.83050924	     -0.03590012	    -14.66218408	     -0.03529372	    -27.23083321	    -25.01492577	      5.08157361	      4.09077981	     -0.03738318	     -0.03500765
      4.70500000	     -7.32265562	     -0.79509082	     -4.50304275	     14.68427440	    125.88134536	    -15.38515124	      0.41313657	     -3.49093202	      0.23618170	      1.41589034	     -3.78945650	      0.30883220	      2.68357120	     -2.92256245	     -2.49642277	    -14.64167482	     -0.03441113	    -11.49445784	     -0.03375078	    -24.09515902	    -22.22666530	      4.56936818	      3.56683301	     -0.03876173	     -0.03576293
      4.71000000	     -8.06292396	     -1.02276791	     -4.36253121	     12.58126771	    125.89694156	    -14.73123796	     -0.02501428	     -3.24491168	      0.25288432	      1.44818282	     -3.52693251	      0.29044938	      1.54557135	     -2.81497763	     -2.48703721	    -10.78629401	     -0.03249679	     -8.85736209	     -0.03181642	    -21.22617752	    -19.53399442	      3.96353770	      2.98758687	     -0.04015811	     -0.03653671
      4.71500000	     -6.80235352	     -0.66400862	     -4.04278585	     11.65133894	    123.36161784	    -14.40016670	      0.56530595	     -2.49566650	      0.09290836	      2.14026342	     -3.31846478	      0.26043881	      0.50185918	     -2.66496210	     -2.42715852	     -7.96975660	     -0.03030047	     -6.97892873	     -0.02965481	    -18.34090200	    -16.84628996	      3.57994268	      2.52681154	     -0.04153470	     -0.03730595
      4.72000000	     -6.08493440	     -1.73189682	     -3.70953450	     10.07522698	    122.29373230	    -12.71211587	      1.26361252	     -2.69348343	      0.16173035	      2.30920012	     -2.70686402	      0.18505234	     -0.45006304	     -2.48241276	     -2.32530473	     -5.66400210	     -0.02788492	     -4.96514792	     -0.02731519	    -15.41357511	    -14.43396054	      2.67695870	      2.09262510	     -0.04285620	     -0.03805395
      4.72500000	     -4.84899306	     -2.24728991	     -3.27948956	      8.40046892	    119.09620587	    -11.05083987	      2.25119084	     -2.02187506	      0.00256592	      2.51043975	     -1.70202931	      0.02664432	     -1.31418476	     -2.27918844	     -2.19086948	     -3.77552054	     -0.02531620	     -3.28425093	     -0.02485020	    -12.81806139	    -12.16537750	      2.42797895	      1.94214064	     -0.04408460	     -0.03876093
      4.73000000	     -3.19656511	     -2.33566551	     -2.83991492	      7.10937308	    116.68166613	     -9.91877313	      3.06702561	     -1.71013350	     -0.03975156	      3.25802603	     -1.46323616	      0.01147335	     -2.09589887	     -2.06848648	     -2.03360998	     -2.10925997	     -0.02266071	     -2.27096261	     -0.02231391	    -10.43682317	     -9.82155956	      1.87448232	      1.48601777	     -0.04517973	     -0.03940398
      4.73500000	     -1.59059824	     -2.88876016	     -2.45822315	      5.35896511	    110.85881346	     -7.74949552	      3.91928963	     -1.53290962	     -0.09106787	      3.76945493	     -0.77692591	     -0.06582695	     -2.80172657	     -1.86414699	     -1.86324516	     -1.06607997	     -0.01998261	     -1.27991598	     -0.01975984	     -8.28557985	     -7.89922532	      1.58399452	      1.17349581	     -0.04609988	     -0.03995714
      4.74000000	     -0.24582611	     -3.30718502	     -1.99992573	      3.28786993	    107.01728973	     -6.14597293	      4.91458206	     -1.25945989	     -0.15282373	      3.97931812	     -0.18108342	     -0.12491873	     -3.43895161	     -1.67991466	     -1.68912616	     -0.31424165	     -0.01745717	     -0.39637417	     -0.01730030	     -6.11814034	     -5.99354322	      1.17370049	      0.86204750	     -0.04680925	     -0.04039572
      4.74500000	      0.59029737	     -3.13147722	     -1.65643423	      1.18836228	    101.81554866	     -4.69728440	      5.16057036	     -1.07167399	     -0.17677688	      4.33425418	     -0.05178141	     -0.10370942	     -4.01526261	     -1.52869931	     -1.51992616	      0.57329068	     -0.01508543	      0.30236715	     -0.01503740	     -4.58471542	     -4.40759922	      1.00217367	      0.50664830	     -0.04725947	     -0.04069031
      4.75000000	      1.35366562	     -3.45264462	     -1.29272677	     -1.11703278	     92.87537230	     -3.44307775	      5.64550215	     -0.72298073	     -0.23493071	      4.23778218	      0.56720169	     -0.16582692	     -4.53846254	     -1.42187488	     -1.36332484	      1.04571637	     -0.01283947	      0.87104652	     -0.01289211	     -3.26891141	     -3.09042845	      0.86740124	      0.36064780	     -0.04740474	     -0.04080090
      4.75500000	      1.50445424	     -3.49465770	     -1.00549008	     -3.51524635	     85.31758882	     -2.70637799	      5.77153837	     -0.39208179	     -0.26344936	      3.98532413	      0.98736907	     -0.18646047	     -5.01625607	     -1.36865279	     -1.22569853	      1.48859399	     -0.01073902	      1.47834817	     -0.01088117	     -2.10934624	     -1.97623516	      0.64281358	      0.22380721	     -0.04720461	     -0.04069474
      4.76000000	      1.61310838	     -2.81957754	     -0.79486515	     -5.72384609	     76.33622057	     -2.63859197	      5.48949640	      0.15912577	     -0.32842527	      4.01657975	      0.92587275	     -0.17332772	     -5.45608998	     -1.37555120	     -1.11185287	      1.99276278	     -0.00880016	      1.66096073	     -0.00901858	     -1.27650788	     -0.90819590	      0.64263115	     -0.12411056	     -0.04662138	     -0.04033976
      4.76500000	      1.23772490	     -3.34756612	     -0.66233207	     -7.74211697	     66.31060233	     -2.61257692	      5.25684176	     -0.07873416	     -0.24665901	      3.57708784	      0.98777072	     -0.17899912	     -5.86500370	     -1.44596533	     -1.02485094	      2.20613052	     -0.00703586	      1.94526999	     -0.00731610	     -0.45014511	     -0.27933729	      0.20851943	     -0.29069778	     -0.04562134	     -0.03970578
      4.77000000	      0.99958200	     -2.72421025	     -0.85812513	     -9.55852315	     55.29386474	     -3.59149003	      4.82140858	      1.44800406	     -0.64320977	      3.41730574	      1.91789512	     -0.26614697	     -6.24945395	     -1.57985133	     -0.96598532	      2.77320803	     -0.00545636	      1.96838674	     -0.00578349	     -0.26939501	      0.51428818	      1.09146034	      0.53107454	     -0.04417639	     -0.03876586
      4.77500000	      0.32685288	     -2.90305038	     -0.75416658	    -10.77337423	     42.98058794	     -4.30869220	      4.64858895	      1.06541153	     -0.50267739	      2.55872641	      1.49327338	     -0.15657168	     -6.61511093	     -1.77355895	     -0.93490653	      2.55334664	     -0.00406911	      2.34780721	     -0.00442850	      0.27908679	      0.61217910	      0.38312582	      0.05673526	     -0.04226605	     -0.03749783
      4.78000000	     -0.72122351	     -2.10144393	     -0.45290582	    -12.01489606	     28.52384209	     -5.95934479	      4.40083400	      2.22539104	     -0.50961020	      1.28381372	      1.67940812	     -0.21745102	     -6.96666589	     -2.01986205	     -0.92986915	      2.59983284	     -0.00287846	      2.89922197	     -0.00325657	      0.31855633	      0.51872495	      0.41415114	     -0.01899539	     -0.03987984	     -0.03588588
      4.78500000	     -2.02407957	     -2.36625367	     -0.42223752	    -12.77546551	     18.24841246	     -6.79936889	      3.96520543	      2.88088720	     -0.50230345	      0.27641949	      2.33270419	     -0.33124167	     -7.30769724	     -2.30822936	     -0.94803018	      2.68831964	     -0.00188518	      3.35196999	     -0.00227033	      0.42779714	      0.44019557	      0.26946507	     -0.00205993	     -0.03701985	     -0.03392217
      4.79000000	     -3.53096677	     -2.84086559	     -0.67929453	    -13.22509449	     10.26454326	     -7.05882359	      3.11451733	      2.96347759	     -0.51212575	     -0.33347483	      2.72474380	     -0.36861492	     -7.64061587	     -2.62535395	     -0.98574434	      2.91156164	     -0.00107825	      3.58860691	     -0.00145829	      0.36993037	      0.41800262	      0.18498352	     -0.04070248	     -0.03370422	     -0.03160967
      4.79500000	     -5.13003454	     -2.95550178	     -0.88675922	    -13.43835835	      3.47957294	     -8.36853003	      2.34470368	      3.65399710	     -0.56034113	     -1.03722959	      3.22907505	     -0.44508949	     -7.96669198	     -2.95593014	     -1.03881659	      3.20594370	     -0.00046431	      3.80032918	     -0.00083314	      0.31766286	      0.29039965	      0.16086928	      0.17937397	     -0.02996675	     -0.02895966
      4.80000000	     -6.22415485	     -2.05939259	     -0.98216930	    -12.89613071	     -1.51452702	     -9.64781416	      1.80617172	      4.48286197	     -0.58925177	     -1.43522839	      3.08878778	     -0.40488246	     -8.28615708	     -3.28363525	     -1.10268688	      3.38756334	     -0.00003891	      3.86999246	     -0.00039700	      0.05694888	      0.25534526	      0.43764360	      0.15709852	     -0.02586014	     -0.02599490
      4.80500000	     -7.29433214	     -1.28095363	     -1.04694768	    -12.00528058	     -1.89940487	    -11.04339066	      1.52508166	      4.85530379	     -0.55549448	     -1.80302941	      2.53658193	     -0.31837494	     -8.59835641	     -3.59223730	     -1.17255185	      3.36867557	      0.00022258	      3.92803442	     -0.00012877	      0.06563631	      0.23704394	      0.37699275	      0.01716699	     -0.02145846	     -0.02275218
      4.81000000	     -9.01003574	     -1.44201336	     -1.22197975	    -11.84831128	     -1.75593258	    -11.71878713	      0.95547379	      4.89571307	     -0.54141595	     -2.38722670	      2.52972983	     -0.34269607	     -8.90192437	     -3.86672270	     -1.24345576	      3.45449443	      0.00034769	      4.08326499	     -0.00000356	      0.05940982	      0.11726364	      0.24205669	      0.12742835	     -0.01685532	     -0.01928050
      4.81500000	    -10.50313975	     -0.42596958	     -1.24506799	    -11.65700761	     -1.12032430	    -12.92785781	      0.47331705	      5.64126263	     -0.56276852	     -2.88301395	      2.23310670	     -0.32744238	     -9.19496783	     -4.09432957	     -1.31038430	      3.60027603	      0.00036549	      4.18872810	      0.00000597	     -0.09541474	      0.01666335	      0.38233047	      0.15196996	     -0.01216236	     -0.01564061
      4.82000000	    -11.23564499	      0.56097642	     -1.34095031	    -10.85929830	      1.58197300	    -13.34622604	      0.17987548	      5.95099542	     -0.53352369	     -2.73367813	      1.66543143	     -0.20640281	     -9.47523779	     -4.26537679	     -1.36838632	      3.56563071	      0.00030527	      3.97253159	     -0.00007173	     -0.22259940	      0.06330368	      0.47815124	     -0.04557439	     -0.00750635	     -0.01190402
      4.82500000	    -12.35442968	      0.60718472	     -1.42528367	    -10.89814865	      2.98753664	    -13.29304869	     -0.16866208	      6.02972892	     -0.49931197	     -2.91068364	      1.67912986	     -0.20732762	     -9.74025925	     -4.37379815	     -1.41274069	      3.52380168	      0.00019516	      3.88881496	     -0.00020846	     -0.30835172	     -0.02931765	      0.49297178	      0.08855575	     -0.00302485	     -0.00815159
      4.83000000	    -13.23214194	      1.03598268	     -1.48786979	    -10.96915376	      5.85206186	    -13.68869343	     -0.44127317	      6.21064608	     -0.46355159	     -2.89879285	      1.42693719	     -0.15942854	     -9.98740470	     -4.41733560	     -1.43916618	      3.46423581	      0.00006100	      3.69660127	     -0.00037750	     -0.25458229	     -0.08914969	      0.37043591	      0.15063205	      0.00113944	     -0.00447149
      4.83500000	    -14.86763613	      1.69880260	     -1.47147523	    -12.22913361	      7.89750032	    -13.35638079	     -1.11043461	      6.37170353	     -0.48083137	     -3.29213368	      1.18805107	     -0.17318900	    -10.21392567	     -4.39739906	     -1.44404329	      3.61807342	     -0.00007475	      3.79317031	     -0.00055470	     -0.42601622	     -0.19060051	      0.46368045	      0.11542919	      0.00484556	     -0.00095666
      4.84000000	    -15.20176862	      1.90728852	     -1.51515550	    -12.60178641	      9.02478866	    -12.83606328	     -1.33486596	      6.32465896	     -0.43016401	     -2.94741041	      1.07409604	     -0.11769585	    -10.41697350	     -4.31864134	     -1.42460396	      3.50191176	     -0.00019381	      3.44741565	     -0.00071945	     -0.45685566	     -0.20506374	      0.46176650	      0.17368542	      0.00796199	      0.00229831
      4.84500000	    -16.02014409	      2.56322696	     -1.37771128	    -13.71877946	     10.53752510	    -12.57104991	     -1.60987119	      6.32161928	     -0.39246736	     -3.06881756	      0.64868817	     -0.09421939	    -10.59364596	     -4.18832225	     -1.37905483	      3.43786449	     -0.00028264	      3.40536251	     -0.00085538	     -0.45247122	     -0.27507340	      0.43243313	      0.11542537	      0.01037463	      0.00520073
      4.85000000	    -16.63691831	      3.39384806	     -1.35792865	    -15.03276708	      9.62177450	    -11.96336239	     -2.20525588	      6.27881820	     -0.39870372	     -2.85795115	      0.16087775	     -0.03159626	    -10.74108901	     -4.01555155	     -1.30662204	      3.55580427	     -0.00033277	      3.19398657	     -0.00095091	     -0.65203731	     -0.29062738	      0.61701445	      0.03518336	      0.01199448	      0.00766370
      4.85500000	    -16.76106772	      2.87228521	     -1.28574753	    -15.96640385	      9.11673402	    -11.12083311	     -2.29295158	      5.80219788	     -0.31627572	     -2.65161071	      0.25562336	     -0.04989084	    -10.85665839	     -3.81050409	     -1.20752558	      3.36245958	     -0.00034091	      2.98702614	     -0.00099958	     -0.48288388	     -0.35655694	      0.41147654	      0.19900485	      0.01276413	      0.00960996
      4.86000000	    -17.12879244	      2.94528414	     -1.33778070	    -17.30405184	      7.12806352	    -10.69634748	     -2.89448599	      5.37108676	     -0.30985146	     -2.33051278	     -0.07067323	     -0.01407477	    -10.93811591	     -3.58369137	     -1.08290279	      3.49137213	     -0.00030885	      2.72766375	     -0.00100023	     -0.45894346	     -0.39536290	      0.31847704	      0.28460206	      0.01266207	      0.01097563
      4.86500000	    -16.98449003	      3.60317067	     -1.08370552	    -18.14446492	      4.55699093	     -9.50821210	     -3.07079208	      5.09881550	     -0.26615752	     -2.09331735	     -0.56042011	      0.01986492	    -10.98381349	     -3.34535404	     -0.93470844	      3.42389694	     -0.00024317	      2.64908110	     -0.00095693	     -0.62598998	     -0.36025615	      0.59980183	      0.07209728	      0.01170441	      0.01171335
      4.87000000	    -16.84486260	      3.60613705	     -0.99996158	    -18.80431390	      2.96339727	     -9.00700748	     -3.35380777	      4.56765330	     -0.22752376	     -1.73030532	     -0.93944532	      0.04724793	    -10.99280955	     -3.10501077	     -0.76561813	      3.43973788	     -0.00015485	      2.47894919	     -0.00087885	     -0.49572280	     -0.34630998	      0.47120223	      0.03373981	      0.00994316	      0.01179464
      4.87500000	    -16.58817686	      3.16603495	     -1.02436053	    -19.25526277	      0.09234678	     -8.30642001	     -3.76501538	      3.69409113	     -0.19043070	     -1.23067802	     -1.27788861	      0.07910186	    -10.96487524	     -2.87117550	     -0.57894358	      3.51511945	     -0.00005873	      2.23756218	     -0.00077984	     -0.39916413	     -0.32637081	      0.33941590	      0.07928911	      0.00746146	      0.01121122
      4.88000000	    -16.13772888	      2.75145274	     -0.94880196	    -19.35393110	     -3.90888990	     -7.33444843	     -4.03585307	      2.74488737	     -0.13831355	     -0.81441828	     -1.67290170	      0.09957200	    -10.90037119	     -2.65123164	     -0.37855342	      3.53202478	      0.00002707	      2.08445194	     -0.00067801	     -0.42082278	     -0.30538996	      0.39632526	      0.09971909	      0.00436604	      0.00997528
      4.88500000	    -15.59667951	      2.99549013	     -0.82377920	    -18.88010232	     -5.04346833	     -6.77932699	     -4.25797849	      2.12868663	     -0.11518336	     -0.31876392	     -2.30708380	      0.15483145	    -10.79999281	     -2.45142583	     -0.16879914	      3.62727343	      0.00008176	      1.98881688	     -0.00059511	     -0.39744378	     -0.19839491	      0.45226636	     -0.12291631	      0.00077799	      0.00811851
      4.89000000	    -15.00208197	      2.64105490	     -0.70033185	    -18.03808167	     -5.88428979	     -6.58618321	     -4.31201732	      1.36752177	     -0.06930798	      0.05637978	     -2.72845279	      0.16375675	    -10.66440858	     -2.27693209	      0.04555614	      3.66691906	      0.00008260	      1.93257352	     -0.00055576	     -0.23520589	     -0.15891342	      0.34474405	     -0.12408790	     -0.00317705	      0.00569013
      4.89500000	    -14.27691463	      1.79786317	     -0.64486757	    -16.91946262	     -8.71276236	     -5.67309650	     -4.45583425	      0.63538095	     -0.04800249	      0.53118919	     -2.61103047	      0.11421657	    -10.49386037	     -2.13194585	      0.25942798	      3.77327898	      0.00000558	      1.82774638	     -0.00058669	     -0.32829987	     -0.13157848	      0.55953518	      0.06796564	     -0.00737776	      0.00275399
      4.90000000	    -13.90551091	      1.11566189	     -0.59563673	    -15.47316243	     -5.48634310	     -5.65503103	     -4.50720417	     -0.61706384	      0.02197778	      0.83143781	     -3.29930584	      0.14383055	    -10.28781667	     -2.01976851	      0.46753723	      3.83815414	     -0.00017380	      1.86741643	     -0.00071576	     -0.06099701	     -0.07723271	      0.24556119	      0.00064297	     -0.01171426	     -0.00061488
      4.90500000	    -13.44667066	      0.89212224	     -0.46463616	    -13.73785305	     -2.29817637	     -5.64345449	     -4.49335921	     -1.41861491	      0.05436231	      1.08652680	     -3.88773667	      0.15606608	    -10.04473456	     -1.94284483	      0.66456544	      3.94077518	     -0.00046475	      1.96059853	     -0.00097099	     -0.03126133	     -0.02356138	      0.29885569	     -0.04948268	     -0.01609378	     -0.00433395
      4.91000000	    -12.73734587	     -0.09435919	     -0.49636308	    -11.44720919	      3.22759284	     -5.35613618	     -4.41570775	     -2.23510367	      0.09032667	      1.65628023	     -3.87347558	      0.13201946	     -9.76193736	     -1.90273274	      0.84532799	      4.04722090	     -0.00089270	      1.88221856	     -0.00137941	      0.05593034	      0.05372350	      0.26790078	      0.07394908	     -0.02043873	     -0.00831665
      4.91500000	    -12.22185136	     -0.75458011	     -0.52965694	     -8.96218122	     13.50138011	     -5.17224824	     -4.29733320	     -3.25912348	      0.14805547	      2.19765222	     -4.32047189	      0.17085746	     -9.43559791	     -1.90000641	      1.00495421	      4.13478872	     -0.00147459	      1.89242514	     -0.00196594	      0.18831766	      0.18757812	      0.13999052	     -0.05094312	     -0.02468789	     -0.01247525
      4.92000000	    -11.92384169	     -1.37000150	     -0.46430063	     -6.54481623	     26.29212947	     -5.36626570	     -3.99550416	     -3.94828733	      0.19425295	      2.45262718	     -4.55637314	      0.14461274	     -9.06079686	     -1.93411489	      1.13905388	      4.19493764	     -0.00222405	      2.05375876	     -0.00273981	      0.32384231	      0.25207490	      0.05339711	     -0.05534226	     -0.02879214	     -0.01672408
      4.92500000	    -11.54698069	     -0.73117267	     -0.25719488	     -4.04177703	     40.65085827	     -6.02516770	     -3.59988373	     -3.83848545	      0.16230146	      2.67472901	     -5.03036961	      0.15481247	     -8.63159455	     -2.00324457	      1.24385516	      4.28011661	     -0.00315097	      2.26693672	     -0.00370371	      0.16748569	      0.33704040	      0.43641208	     -0.16927114	     -0.03270980	     -0.02097921
      4.93000000	    -12.13243835	      1.63754869	     -0.10325206	     -3.97983449	     22.03564893	     -8.87731368	     -4.11618095	     -2.13904719	     -0.03863277	      1.11110869	     -5.00943282	      0.35936404	     -8.14108782	     -2.10424401	      1.31631484	      3.97741291	     -0.00426096	      3.08273701	     -0.00486941	     -1.52268912	     -1.16746734	      0.59017010	      0.02079961	     -0.03640237	     -0.02515811
      4.93500000	     -4.48784659	      4.80358497	      1.09792010	      2.24896622	    -15.98287082	    -10.35873359	      0.63495416	     -0.12900351	     -0.57561432	      1.04934265	     -4.83596489	      0.28080599	     -7.58149560	     -2.23265754	      1.35420437	     -0.59527996	     -0.00555510	      2.69546014	     -0.00623655	     -3.57844591	     -2.26918973	      1.05429139	      0.17510797	     -0.03983151	     -0.02918184
      4.94000000	     16.89497727	     -2.59588770	      1.87698311	     24.28178157	    -51.59944183	     -6.96442381	     14.25283508	     -1.89661048	     -0.96067977	      5.75165662	     -2.31545784	     -0.11639860	     -6.94432611	     -2.38289741	      1.35617756	     -9.58161940	     -0.00702969	     -1.23262892	     -0.00779851	     -3.15353268	     -4.68483449	      0.76193922	      0.89265685	     -0.04295777	     -0.03297466
      4.94500000	     30.09859440	     -8.44625372	      0.79351020	     40.88520308	    -38.92712824	     -2.74606534	     18.50597912	     -4.14897169	     -0.75257575	     14.40647529	     -0.53110656	     -0.43814793	     -6.22065025	     -2.54856303	      1.32182608	    -12.15626372	     -0.00867620	     -6.26551397	     -0.00954244	     -3.30433815	     -5.17278809	      0.76808897	      1.21934028	     -0.04574063	     -0.03646467
      4.95000000	     23.50626814	    -10.19464743	     -0.52386054	     35.10447638	    -38.07134930	     -2.89287869	     12.44578652	     -5.96825369	     -0.24698613	     13.84284879	     -0.78726539	     -0.44209540	     -5.40149956	     -2.72288055	      1.25171677	     -9.77447604	     -0.01048126	     -6.69704747	     -0.01144959	     -5.11059170	     -7.19658309	      0.60461169	      1.41554075	     -0.04813904	     -0.03958468
      4.95500000	      3.93739672	     -6.30662726	     -1.28448662	     14.95011924	    -32.44974336	     -9.40148712	      1.02244068	     -4.40525266	      0.02504588	      6.27764740	     -2.16901702	     -0.19851946	     -4.47837745	     -2.89920469	      1.14739621	     -4.06754257	     -0.01242674	     -3.53990825	     -0.01349568	     -7.75183657	     -9.73532315	      0.74571949	      1.80331429	     -0.05011209	     -0.04227295
      4.96000000	    -22.55864406	     -0.41008370	     -1.24481538	    -12.98620957	    -17.95129482	    -17.29056523	    -11.43648760	     -1.35647639	      0.15731364	     -6.50453038	     -3.69138897	      0.16030761	     -3.44381348	     -3.07150880	      1.01135166	      2.43968906	     -0.01448977	      2.49032449	     -0.01565148	    -10.37836606	    -12.72323147	      1.45095314	      2.22475552	     -0.05161963	     -0.04447400
      4.96500000	    -53.03939000	      5.33501550	     -0.81556815	    -45.52912961	     10.01781243	    -25.39354981	    -24.43773497	      1.41445150	      0.38077409	    -21.84785803	     -5.30552303	      0.55103364	     -2.29187447	     -3.23478661	      0.84691497	      9.51555022	     -0.01672525	      9.80426643	     -0.01788335	    -12.71264113	    -15.31042554	      1.97452625	      2.78444792	     -0.05262983	     -0.04613949
      4.97000000	    -70.46342914	      8.06837398	     -0.51230015	    -64.62269988	     36.93935561	    -29.55449523	    -31.37124430	      3.07540127	      0.50083972	    -30.86877413	     -5.75089610	      0.73099316	     -1.01857107	     -3.38530125	      0.65809824	     12.76324384	     -0.01903027	     13.53018612	     -0.02015387	    -14.42958364	    -17.34114209	      2.29931230	      3.20473228	     -0.05310594	     -0.04722960
      4.97500000	    -60.04748233	      5.85763147	     -0.49181141	    -54.06623430	     54.57578361	    -27.75612658	    -25.50733905	      1.76422248	      0.49493295	    -26.69550112	     -5.82083735	      0.73796603	      0.37787371	     -3.52064600	      0.44936912	      7.91622654	     -0.02131591	      9.79018690	     -0.02251584	    -14.89670790	    -18.65440827	      2.15151633	      3.32317910	     -0.05301776	     -0.04772222
      4.98000000	    -35.12011124	      1.15244981	     -0.66969260	    -27.76971822	     65.54384375	    -22.17265019	    -13.22288011	     -0.64944270	      0.31686519	    -15.56089642	     -5.06002913	      0.49298792	      1.89689189	     -3.63962140	      0.22539633	     -1.03909415	     -0.02352491	      2.08903292	     -0.02484166	    -15.43246850	    -19.60339471	      2.29205357	      3.61714842	     -0.05234787	     -0.04759990
      4.98500000	    -13.61496565	     -2.83294914	     -0.63997024	     -5.56377919	     73.81991794	    -17.35454934	     -2.05251921	     -2.15219936	      0.09210601	     -6.80493143	     -3.72167236	      0.20413520	      3.53553412	     -3.74197303	     -0.00919277	     -9.70481592	     -0.02560004	     -4.59333870	     -0.02701978	    -16.42594935	    -20.85488571	      2.20556903	      3.91627577	     -0.05109293	     -0.04686111
      4.99000000	      0.87505809	     -6.00000521	     -0.63521012	      8.65462180	     63.37785180	    -12.49461920	      5.25421597	     -3.16958790	     -0.03273227	     -1.92040135	     -2.00161313	     -0.11853940	      5.28847532	     -3.82805192	     -0.24999850	    -17.28505037	     -0.02748728	     -9.70384974	     -0.02899057	    -19.21555178	    -23.61563900	      2.60612413	      4.44152367	     -0.04926622	     -0.04552710
      4.99500000	    -22.12237227	      0.10924166	     -0.59723203	      1.08804439	    621.10406346	     -8.03873532	      4.35352848	     -0.98513172	     -0.38874969	      4.42693714	     -3.83638905	      0.21178884	      7.14801775	     -3.89845811	     -0.49294436	      4.95477486	     -0.02913883	      4.51657384	     -0.03070307	      1.00738401	      0.96959762	     -0.13767028	     -0.19558726	     -0.04689896	     -0.04364096
      5.00000000	    -23.70840134	      0.36495394	     -0.53709206	     -1.38549188	    675.36884367	     -7.17717665	      4.74935008	     -0.65627758	     -0.40975404	      4.10764963	     -3.69021588	      0.25676074	      9.10407157	     -3.95372436	     -0.73426733	      4.99567405	     -0.03050299	      4.70886440	     -0.03211873	      0.97259780	      0.93933469	     -0.12296251	     -0.18607995	     -0.04404136	     -0.04126847
