Joint Reaction Loads
version=1
nRows=1000
nColumns=10
inDegrees=no

This file contains the reaction forces and moments
applied to the specified body of a joint pair and expressed  in the specified reference frame.

Units are S.I. units (seconds, meters, Newtons, ...)
endheader
time	hip_r_on_femur_r_in_ground_fx	hip_r_on_femur_r_in_ground_fy	hip_r_on_femur_r_in_ground_fz	hip_r_on_femur_r_in_ground_mx	hip_r_on_femur_r_in_ground_my	hip_r_on_femur_r_in_ground_mz	hip_r_on_femur_r_in_ground_px	hip_r_on_femur_r_in_ground_py	hip_r_on_femur_r_in_ground_pz
      0.00500000	   -220.09772172	   -847.86123130	    333.45298857	     -0.02970680	     -0.26466926	      0.23241360	     -0.23208534	      0.92770232	     -0.47394276
      0.01000000	   -280.09975702	  -1267.81201571	    411.67291600	     -0.08799751	     -0.32082607	      0.34300890	     -0.23305502	      0.92248636	     -0.47409370
      0.01500000	   -283.73492166	  -1294.73260378	    380.31301427	     -0.13773454	     -0.29087815	      0.37553696	     -0.23403204	      0.91725778	     -0.47424620
      0.02000000	   -226.34967114	  -1045.85381639	    301.41935969	     -0.13869304	     -0.20509438	      0.31139590	     -0.23502359	      0.91200458	     -0.47440177
      0.02500000	   -146.91702150	   -695.31149002	    205.71903650	     -0.11094513	     -0.10929346	      0.20698870	     -0.23603655	      0.90671598	     -0.47456180
      0.03000000	    -55.53491717	   -352.41738193	    116.72104957	     -0.05440775	     -0.04051099	      0.08465229	     -0.23707733	      0.90138298	     -0.47472755
      0.03500000	     12.81331548	   -467.78768062	    125.38486493	     -0.03550787	     -0.01107643	      0.02149698	     -0.23815169	      0.89599882	     -0.47490015
      0.04000000	      6.65454709	   -616.16316877	    169.09193394	     -0.03457020	     -0.00479913	     -0.00049664	     -0.23926460	      0.89055940	     -0.47508057
      0.04500000	    -13.91353639	   -500.44839207	    161.49109331	     -0.04071276	     -0.00661001	      0.00262473	     -0.24042012	      0.88506352	     -0.47526937
      0.05000000	    -21.49497411	   -489.69408178	    160.84081742	     -0.06842635	     -0.01444557	      0.04571800	     -0.24162125	      0.87951310	     -0.47546704
      0.05500000	     20.90915139	   -736.61701277	    183.19091063	     -0.08423585	     -0.01338582	      0.07824752	     -0.24286988	      0.87391324	     -0.47567373
      0.06000000	     89.24995286	   -884.31184113	    177.70497468	     -0.05209373	      0.01576941	      0.05853804	     -0.24416664	      0.86827213	     -0.47588921
      0.06500000	    112.64758844	   -972.18150337	    189.05944410	     -0.04217451	      0.02983743	      0.05221654	     -0.24551089	      0.86260104	     -0.47611319
      0.07000000	    111.33603209	   -940.34088194	    188.39174578	     -0.04270851	      0.00885624	      0.02457832	     -0.24690071	      0.85691387	     -0.47634487
      0.07500000	     65.84633424	   -793.28500343	    172.80441867	     -0.03280727	      0.00377760	      0.00660437	     -0.24833282	      0.85122703	     -0.47658331
      0.08000000	     20.90506793	   -638.46067695	    141.78671789	     -0.01660873	      0.00599771	     -0.00901169	     -0.24980269	      0.84555868	     -0.47682701
      0.08500000	     28.25186679	   -734.85248207	    163.22706533	     -0.00984942	      0.01501857	     -0.01974004	     -0.25130450	      0.83992870	     -0.47707450
      0.09000000	     49.44865772	   -885.33675054	    200.55391763	     -0.00858818	      0.02084112	     -0.02506187	     -0.25283125	      0.83435795	     -0.47732401
      0.09500000	     79.90461471	   -987.16445953	    218.53555072	     -0.00522444	      0.02390646	     -0.02941259	     -0.25437483	      0.82886775	     -0.47757360
      0.10000000	    106.09890926	  -1092.67536385	    244.51101309	     -0.00358572	      0.02733523	     -0.03359996	     -0.25592612	      0.82347950	     -0.47782115
      0.10500000	    125.32478681	  -1124.50154364	    253.31912295	     -0.00098506	      0.02777017	     -0.03452515	     -0.25747514	      0.81821410	     -0.47806445
      0.11000000	    122.72842667	  -1091.76680096	    245.43314567	     -0.00103955	      0.02624745	     -0.03284462	     -0.25901117	      0.81309162	     -0.47830122
      0.11500000	    104.96655225	  -1002.07556684	    222.44032457	     -0.00184915	      0.02283216	     -0.02884117	     -0.26052298	      0.80813093	     -0.47852914
      0.12000000	     78.02364124	   -885.95310823	    191.97625672	     -0.00330158	      0.01884692	     -0.02380060	     -0.26199897	      0.80334950	     -0.47874590
      0.12500000	     69.90382586	   -819.79959894	    171.69075550	     -0.00440686	      0.01590783	     -0.01884374	     -0.26342739	      0.79876317	     -0.47894926
      0.13000000	     78.06671310	   -817.60679776	    167.89494198	     -0.00730172	      0.01478726	     -0.01482755	     -0.26479661	      0.79438622	     -0.47913711
      0.13500000	     89.64745778	   -799.94798666	    164.41720113	     -0.00664125	      0.01341786	     -0.01201771	     -0.26609535	      0.79023124	     -0.47930743
      0.14000000	     95.33896549	   -811.49374761	    170.69062234	     -0.00906622	      0.01313363	     -0.01232137	     -0.26731293	      0.78630940	     -0.47945843
      0.14500000	    100.88676003	   -816.90554258	    175.11809614	     -0.00936762	      0.01308272	     -0.01368223	     -0.26843948	      0.78263052	     -0.47958853
      0.15000000	    107.89479219	   -827.39427055	    180.25580280	     -0.00949637	      0.01293959	     -0.01483827	     -0.26946624	      0.77920350	     -0.47969657
      0.15500000	    115.70885152	   -855.64309066	    188.98973630	     -0.01068880	      0.01315046	     -0.01627689	     -0.27038573	      0.77603619	     -0.47978149
      0.16000000	    123.86260669	   -899.16623821	    200.56816043	     -0.01292275	      0.01383232	     -0.01802007	     -0.27119193	      0.77313601	     -0.47984275
      0.16500000	    128.82903064	   -953.27656622	    217.06865681	     -0.01524272	      0.01549014	     -0.02207974	     -0.27188044	      0.77050998	     -0.47988011
      0.17000000	    131.26818887	  -1030.37040433	    242.48524593	     -0.01934197	      0.01813238	     -0.02778222	     -0.27244855	      0.76816494	     -0.47989378
      0.17500000	    131.89401554	  -1111.27897421	    270.01510178	     -0.02417842	      0.02082491	     -0.03419358	     -0.27289530	      0.76610765	     -0.47988431
      0.18000000	    132.54281226	  -1191.12409487	    296.29355548	     -0.02929876	      0.02292847	     -0.04033981	     -0.27322145	      0.76434488	     -0.47985267
      0.18500000	    131.50163404	  -1285.79753244	    327.87811077	     -0.03649319	      0.02491653	     -0.04749304	     -0.27342939	      0.76288339	     -0.47980018
      0.19000000	    130.82857482	  -1370.73408878	    355.76434030	     -0.04271380	      0.02585663	     -0.05527785	     -0.27352303	      0.76172985	     -0.47972848
      0.19500000	    133.48705509	  -1433.35553828	    375.82228693	     -0.04526472	      0.02515240	     -0.06354668	     -0.27350759	      0.76089069	     -0.47963950
      0.20000000	    135.92752669	  -1495.79828092	    395.48531143	     -0.04815788	      0.02457986	     -0.07252824	     -0.27338938	      0.76037199	     -0.47953536
      0.20500000	    143.10314251	  -1536.48091172	    407.55277934	     -0.04783832	      0.02300059	     -0.08066113	     -0.27317551	      0.76017930	     -0.47941833
      0.21000000	    149.91296984	  -1563.12741631	    413.95928939	     -0.04692538	      0.02148481	     -0.08723209	     -0.27287359	      0.76031726	     -0.47929071
      0.21500000	    157.70241702	  -1545.04945281	    404.47671112	     -0.04176171	      0.01979091	     -0.09021125	     -0.27249146	      0.76078957	     -0.47915485
      0.22000000	    164.20706041	  -1516.50378438	    391.19418445	     -0.03627152	      0.01891604	     -0.09183056	     -0.27203677	      0.76159875	     -0.47901294
      0.22500000	    169.10561774	  -1477.36996241	    374.89274567	     -0.03073404	      0.01879517	     -0.09216655	     -0.27151687	      0.76274593	     -0.47886706
      0.23000000	    177.01438619	  -1420.50295144	    353.49505582	     -0.02195876	      0.01888270	     -0.09112055	     -0.27093839	      0.76423067	     -0.47871905
      0.23500000	    179.35047475	  -1355.06609459	    328.59516167	     -0.01648239	      0.01908047	     -0.08642382	     -0.27030722	      0.76605100	     -0.47857056
      0.24000000	    183.60206188	  -1289.58386421	    304.55580294	     -0.00995231	      0.01935515	     -0.08117879	     -0.26962819	      0.76820321	     -0.47842293
      0.24500000	    184.51557274	  -1229.08885756	    282.26589685	     -0.00613596	      0.01960648	     -0.07447216	     -0.26890508	      0.77068180	     -0.47827721
      0.25000000	    182.97402362	  -1169.75923092	    262.26420962	     -0.00258497	      0.01963674	     -0.06819610	     -0.26814061	      0.77347957	     -0.47813420
      0.25500000	    177.41162304	  -1118.17878066	    247.17335389	     -0.00106793	      0.01934435	     -0.06330770	     -0.26733641	      0.77658749	     -0.47799437
      0.26000000	    168.61701952	  -1063.43589449	    227.45312668	     -0.00287409	      0.01813869	     -0.05567923	     -0.26649323	      0.77999490	     -0.47785800
      0.26500000	    159.60781307	  -1010.13500926	    211.20118788	     -0.00499787	      0.01584543	     -0.04698239	     -0.26561098	      0.78368950	     -0.47772512
      0.27000000	    150.83553363	   -953.34601979	    194.09219203	     -0.00701173	      0.01223894	     -0.03729597	     -0.26468900	      0.78765742	     -0.47759558
      0.27500000	    141.24257690	   -907.53207102	    182.81322594	     -0.00984005	      0.00765560	     -0.03056289	     -0.26372622	      0.79188337	     -0.47746906
      0.28000000	    132.74521275	   -858.47613895	    171.02262204	     -0.01168454	      0.00244852	     -0.02428774	     -0.26272141	      0.79635074	     -0.47734515
      0.28500000	    123.05576616	   -821.88167170	    165.07154643	     -0.01323538	     -0.00192524	     -0.02307869	     -0.26167339	      0.80104172	     -0.47722332
      0.29000000	    113.32247238	   -781.01030624	    158.72338530	     -0.01274433	     -0.00525921	     -0.02361497	     -0.26058127	      0.80593746	     -0.47710304
      0.29500000	    103.76288535	   -748.01660097	    156.29999741	     -0.01315391	     -0.00883259	     -0.02429255	     -0.25944463	      0.81101824	     -0.47698375
      0.30000000	     93.69487049	   -718.41494630	    154.22114683	     -0.01548945	     -0.01324240	     -0.02486099	     -0.25826372	      0.81626356	     -0.47686492
      0.30500000	     83.79131940	   -676.56523611	    148.88779536	     -0.01460685	     -0.01606373	     -0.02655040	     -0.25703953	      0.82165234	     -0.47674609
      0.31000000	     73.69206068	   -638.62187116	    144.86148279	     -0.01534525	     -0.01907565	     -0.02799835	     -0.25577393	      0.82716308	     -0.47662686
      0.31500000	     62.35547441	   -607.43770720	    143.28078671	     -0.01906313	     -0.02295816	     -0.02889748	     -0.25446972	      0.83277396	     -0.47650695
      0.32000000	     52.99084266	   -567.03258044	    138.95100971	     -0.01798069	     -0.02427337	     -0.03104815	     -0.25313060	      0.83846307	     -0.47638617
      0.32500000	     43.56546285	   -534.17466404	    136.60055551	     -0.02083209	     -0.02772327	     -0.03089640	     -0.25176118	      0.84420843	     -0.47626449
      0.33000000	     35.65243125	   -493.18268023	    130.78519525	     -0.02099355	     -0.02881732	     -0.03032485	     -0.25036684	      0.84998837	     -0.47614200
      0.33500000	     26.91215479	   -466.66612630	    129.34326594	     -0.02382855	     -0.03072518	     -0.03086557	     -0.24895373	      0.85578136	     -0.47601891
      0.34000000	     19.19460728	   -440.00643851	    126.22502008	     -0.02790674	     -0.03309205	     -0.02836435	     -0.24752859	      0.86156633	     -0.47589556
      0.34500000	     13.36996715	   -400.14436300	    118.15311453	     -0.02736724	     -0.03225033	     -0.02647358	     -0.24609861	      0.86732276	     -0.47577245
      0.35000000	      9.74847324	   -364.15816555	    110.87102876	     -0.02602219	     -0.03151158	     -0.02329077	     -0.24467128	      0.87303074	     -0.47565016
      0.35500000	      6.96206700	   -330.61094568	    103.79337891	     -0.02630735	     -0.03149652	     -0.01809542	     -0.24325424	      0.87867112	     -0.47552939
      0.36000000	      4.33255158	   -303.56226685	     98.43301207	     -0.02737434	     -0.03158841	     -0.01335822	     -0.24185515	      0.88422543	     -0.47541093
      0.36500000	      2.47423836	   -278.59414923	     92.80141801	     -0.02886695	     -0.03164237	     -0.00739743	     -0.24048145	      0.88967624	     -0.47529566
      0.37000000	      0.00542178	   -245.57635998	     84.99997730	     -0.03018763	     -0.03129564	     -0.00044674	     -0.23914040	      0.89500704	     -0.47518459
      0.37500000	    -17.33537849	   -254.10022195	     87.33995093	     -0.02831139	     -0.05192753	      0.02262068	     -0.23783873	      0.90020217	     -0.47507871
      0.38000000	    -42.82740905	   -282.39016524	     97.09598393	     -0.03157121	     -0.06620607	      0.03593855	     -0.23658263	      0.90524704	     -0.47497904
      0.38500000	    -74.53270211	   -318.44879100	    106.45928215	     -0.02042098	     -0.09539574	      0.05183716	     -0.23537775	      0.91012812	     -0.47488665
      0.39000000	    -87.85676759	   -334.52257810	    112.47554843	     -0.02341402	     -0.09573082	      0.05739911	     -0.23422903	      0.91483300	     -0.47480268
      0.39500000	    -97.11468006	   -337.73788004	    111.38257716	     -0.01803644	     -0.10171935	      0.06126114	     -0.23314066	      0.91935019	     -0.47472816
      0.40000000	   -103.92175499	   -345.15582520	    111.70035849	     -0.02113551	     -0.09923979	      0.06468774	     -0.23211609	      0.92366940	     -0.47466413
      0.40500000	   -104.25372945	   -354.27073657	    113.19858853	     -0.01884391	     -0.09948539	      0.06442188	     -0.23115796	      0.92778155	     -0.47461160
      0.41000000	   -104.52379854	   -375.11826358	    115.78843946	     -0.01813467	     -0.10105086	      0.06524423	     -0.23026815	      0.93167848	     -0.47457146
      0.41500000	   -106.51734105	   -399.26772904	    121.36374420	     -0.01652498	     -0.10537649	      0.06659180	     -0.22944786	      0.93535307	     -0.47454452
      0.42000000	   -113.79732957	   -443.71174442	    140.73052192	     -0.01179021	     -0.12386015	      0.07032186	     -0.22869754	      0.93879934	     -0.47453152
      0.42500000	   -110.79289873	   -452.49670184	    137.25274051	     -0.01411824	     -0.11876567	      0.07018220	     -0.22801699	      0.94201237	     -0.47453303
      0.43000000	   -112.08537054	   -452.53650391	    131.51576718	     -0.01921086	     -0.10713889	      0.07203131	     -0.22740554	      0.94498787	     -0.47454953
      0.43500000	   -114.34588229	   -456.48266206	    129.73622695	     -0.02024972	     -0.09833384	      0.07344009	     -0.22686187	      0.94772299	     -0.47458129
      0.44000000	   -116.53858544	   -482.47798688	    133.77934896	     -0.02106725	     -0.09958164	      0.07623071	     -0.22638439	      0.95021527	     -0.47462848
      0.44500000	   -119.29064996	   -505.59670347	    137.93677578	     -0.02162534	     -0.09877354	      0.07895070	     -0.22597111	      0.95246313	     -0.47469111
      0.45000000	   -124.52263893	   -521.60184975	    139.19024510	     -0.02467953	     -0.09450920	      0.08347230	     -0.22561989	      0.95446553	     -0.47476901
      0.45500000	   -124.78694023	   -542.72007399	    145.28693545	     -0.02217804	     -0.09536420	      0.08418143	     -0.22532842	      0.95622199	     -0.47486189
      0.46000000	   -126.17279344	   -552.81265714	    144.02255569	     -0.02767197	     -0.09085993	      0.08778093	     -0.22509428	      0.95773243	     -0.47496931
      0.46500000	   -128.95039298	   -562.66017915	    143.60873414	     -0.03201321	     -0.08825190	      0.09202956	     -0.22491519	      0.95899694	     -0.47509071
      0.47000000	   -129.73326784	   -562.31625678	    143.35261371	     -0.03144324	     -0.08432092	      0.09319323	     -0.22478887	      0.96001582	     -0.47522543
      0.47500000	   -129.23355187	   -556.31099998	    138.81632651	     -0.03745220	     -0.07693489	      0.09545201	     -0.22471322	      0.96078934	     -0.47537270
      0.48000000	   -127.60145603	   -559.63918029	    140.46732253	     -0.03572012	     -0.07752798	      0.09548779	     -0.22468633	      0.96131771	     -0.47553167
      0.48500000	   -126.81578715	   -550.14721183	    136.42799402	     -0.03976212	     -0.07136690	      0.09699167	     -0.22470644	      0.96160097	     -0.47570142
      0.49000000	   -123.12607523	   -540.21769350	    132.92171931	     -0.04381209	     -0.06586440	      0.09676008	     -0.22477206	      0.96163904	     -0.47588113
      0.49500000	   -120.41744234	   -530.89756635	    130.57615779	     -0.04475141	     -0.06229050	      0.09638855	     -0.22488187	      0.96143138	     -0.47606973
      0.50000000	   -116.54402893	   -519.06390049	    127.60103129	     -0.04797726	     -0.05613289	      0.09542547	     -0.22503476	      0.96097732	     -0.47626628
      0.50500000	   -112.99224610	   -508.77218453	    124.94446377	     -0.05158352	     -0.05077196	      0.09486922	     -0.22522980	      0.96027596	     -0.47646989
      0.51000000	   -109.21858507	   -498.87161159	    122.68030383	     -0.05676108	     -0.04370079	      0.09413398	     -0.22546625	      0.95932604	     -0.47667965
      0.51500000	   -104.38622781	   -494.79398357	    123.14551553	     -0.06242533	     -0.03787413	      0.09268529	     -0.22574351	      0.95812628	     -0.47689473
      0.52000000	    -98.86019459	   -505.06459528	    131.43206317	     -0.07964689	     -0.02671949	      0.09082197	     -0.22606109	      0.95667508	     -0.47711430
      0.52500000	    -98.21478614	   -512.89279066	    137.02541846	     -0.08502416	     -0.02478792	      0.09124203	     -0.22641867	      0.95497117	     -0.47733779
      0.53000000	   -101.53900099	   -527.17872619	    145.07081132	     -0.09140143	     -0.02458904	      0.09395856	     -0.22681598	      0.95301319	     -0.47756459
      0.53500000	   -104.11879416	   -553.10720637	    156.14324051	     -0.09760841	     -0.02724526	      0.09744900	     -0.22725285	      0.95080004	     -0.47779421
      0.54000000	   -109.35397335	   -579.19411719	    168.26572258	     -0.10530526	     -0.02948688	      0.10222248	     -0.22772925	      0.94833107	     -0.47802646
      0.54500000	   -119.53918240	   -612.89813059	    182.19923151	     -0.11579213	     -0.03213193	      0.11135170	     -0.22824517	      0.94560602	     -0.47826113
      0.55000000	   -120.97654955	   -636.18478922	    190.35631259	     -0.11987335	     -0.03488014	      0.11649358	     -0.22880069	      0.94262538	     -0.47849823
      0.55500000	   -128.11520815	   -666.87496096	    202.18122778	     -0.12939771	     -0.03854281	      0.12613285	     -0.22939595	      0.93939037	     -0.47873788
      0.56000000	   -140.66240721	   -710.26683813	    220.15807304	     -0.14301596	     -0.04299234	      0.13939404	     -0.23003115	      0.93590313	     -0.47898036
      0.56500000	   -135.82617197	   -727.06631470	    225.03927891	     -0.14451893	     -0.04726259	      0.14442574	     -0.23070658	      0.93216686	     -0.47922605
      0.57000000	   -105.02168242	   -711.48576468	    207.95545021	     -0.12467554	     -0.04154244	      0.12343853	     -0.23142259	      0.92818594	     -0.47947546
      0.57500000	    -87.92136389	   -627.23814542	    178.39249195	     -0.10748119	     -0.04250741	      0.11998256	     -0.23217956	      0.92396607	     -0.47972909
      0.58000000	    -81.61756964	   -454.33495681	    141.77782890	     -0.04369314	     -0.07798590	      0.09991098	     -0.23297797	      0.91951432	     -0.47998757
      0.58500000	   -114.40289587	   -774.80804473	    224.30652678	     -0.04915415	     -0.14969179	      0.16685868	     -0.23381835	      0.91483927	     -0.48025140
      0.59000000	   -128.22821078	  -1025.58845402	    269.63950126	     -0.07772630	     -0.17254290	      0.22340328	     -0.23470127	      0.90995101	     -0.48052106
      0.59500000	    -88.58836594	   -941.84674943	    238.17082524	     -0.06562855	     -0.14117943	      0.18820574	     -0.23562736	      0.90486130	     -0.48079719
      0.60000000	    -32.70768719	   -651.83105381	    153.97079123	     -0.05846867	     -0.04661484	      0.10750578	     -0.23659723	      0.89958349	     -0.48108001
      0.60500000	      1.98423383	   -445.26826159	    118.12671549	     -0.04335226	     -0.01130516	      0.03745828	     -0.23761146	      0.89413270	     -0.48136974
      0.61000000	     -7.55344449	   -345.76940745	    111.09662909	     -0.01769559	     -0.00201919	     -0.00345576	     -0.23867061	      0.88852556	     -0.48166627
      0.61500000	    -11.56994772	   -382.73661805	    123.88831906	     -0.02227159	      0.00137358	     -0.00763698	     -0.23977508	      0.88278041	     -0.48196963
      0.62000000	    -12.30590569	   -412.53455791	    143.30374450	     -0.04446115	     -0.00879049	      0.01555470	     -0.24092510	      0.87691712	     -0.48227947
      0.62500000	     31.84058335	   -594.66690085	    152.24092170	     -0.05525115	     -0.00885077	      0.04481688	     -0.24212064	      0.87095699	     -0.48259528
      0.63000000	     90.35988384	   -757.11667886	    157.26897099	     -0.02439980	      0.02966164	      0.04979346	     -0.24336131	      0.86492264	     -0.48291641
      0.63500000	    132.41053376	   -942.58008403	    193.46193128	     -0.01630136	      0.03998703	      0.05465508	     -0.24464627	      0.85883788	     -0.48324214
      0.64000000	    142.24848185	   -963.75965765	    199.60359540	     -0.00162503	      0.01410034	      0.05050748	     -0.24597415	      0.85272736	     -0.48357120
      0.64500000	    114.87586681	   -850.96635305	    193.29425746	      0.03479237	     -0.08377352	      0.03465515	     -0.24734284	      0.84661648	     -0.48390252
      0.65000000	     73.74928148	   -669.57997036	    158.70373030	      0.03321080	     -0.06915113	      0.01267545	     -0.24874946	      0.84053107	     -0.48423474
      0.65500000	     47.09964525	   -596.95408608	    129.65603556	      0.00273893	      0.00081905	     -0.00894653	     -0.25019022	      0.83449702	     -0.48456634
      0.66000000	     64.81390171	   -758.39579541	    166.55370851	     -0.00060242	      0.00934887	     -0.01888838	     -0.25166030	      0.82854001	     -0.48489563
      0.66500000	     89.98452653	   -862.83977752	    185.57726091	      0.00103100	      0.01239793	     -0.02381206	     -0.25315377	      0.82268534	     -0.48522088
      0.67000000	    107.42758379	   -933.66993448	    202.78945691	      0.00234535	      0.01288967	     -0.02645048	     -0.25466361	      0.81695732	     -0.48553994
      0.67500000	    118.25020715	   -963.80400763	    211.44582752	      0.00343945	      0.01230181	     -0.02747885	     -0.25618169	      0.81137911	     -0.48585067
      0.68000000	    132.73161434	  -1003.50068379	    222.84459352	      0.00408814	      0.01227713	     -0.02939349	     -0.25769877	      0.80597257	     -0.48615072
      0.68500000	    137.00054952	  -1002.28360413	    224.63013977	      0.00392511	      0.01135458	     -0.02967385	     -0.25920468	      0.80075808	     -0.48643756
      0.69000000	    129.99421118	   -942.01980365	    211.88511818	      0.00455697	      0.00866594	     -0.02728930	     -0.26068841	      0.79575426	     -0.48670864
      0.69500000	    112.95903237	   -843.03591873	    188.12395776	      0.00538882	      0.00490670	     -0.02284448	     -0.26213845	      0.79097775	     -0.48696109
      0.70000000	    112.05461124	   -789.37589348	    172.42156010	      0.00638828	      0.00130791	     -0.01732962	     -0.26354284	      0.78644377	     -0.48719217
      0.70500000	    129.86764492	   -785.62691400	    177.11945557	      0.02414413	     -0.03379784	     -0.00969693	     -0.26488964	      0.78216567	     -0.48739919
      0.71000000	    153.45063478	   -822.09652957	    193.94565935	      0.04234065	     -0.06794360	     -0.00183215	     -0.26616712	      0.77815509	     -0.48757929
      0.71500000	    174.26613235	   -856.45474511	    207.65489163	      0.05461643	     -0.08833466	      0.00338301	     -0.26736412	      0.77442236	     -0.48772993
      0.72000000	    193.02517050	   -890.18291564	    228.55156414	      0.07098430	     -0.11439099	      0.00583958	     -0.26847034	      0.77097661	     -0.48784880
      0.72500000	    191.52634396	   -870.45564182	    219.54736402	      0.06590146	     -0.10199111	      0.00279003	     -0.26947663	      0.76782585	     -0.48793389
      0.73000000	    181.06000820	   -833.95724484	    196.84702449	      0.04778485	     -0.06726864	     -0.00218750	     -0.27037523	      0.76497728	     -0.48798357
      0.73500000	    176.00319493	   -822.38675242	    185.69769462	      0.03405567	     -0.03961482	     -0.00736103	     -0.27116001	      0.76243742	     -0.48799670
      0.74000000	    168.56542369	   -828.13117449	    175.41334741	      0.00814548	      0.00910056	     -0.01305554	     -0.27182661	      0.76021231	     -0.48797267
      0.74500000	    172.47936859	   -875.30858785	    186.32488999	      0.00551293	      0.01335479	     -0.01753519	     -0.27237254	      0.75830751	     -0.48791140
      0.75000000	    171.46078763	   -933.22634336	    198.17369094	      0.00101514	      0.01805199	     -0.02349586	     -0.27279724	      0.75672824	     -0.48781346
      0.75500000	    171.77498530	   -992.43525569	    214.59061275	     -0.00168060	      0.02132423	     -0.03059577	     -0.27310200	      0.75547934	     -0.48767996
      0.76000000	    168.99587922	  -1063.20423981	    234.59886744	     -0.00636601	      0.02515531	     -0.03878347	     -0.27328990	      0.75456520	     -0.48751259
      0.76500000	    169.65784433	  -1130.06298594	    255.39159107	     -0.00967756	      0.02763188	     -0.04633826	     -0.27336562	      0.75398973	     -0.48731359
      0.77000000	    171.69091452	  -1186.48762870	    272.36020199	     -0.01197246	      0.02888836	     -0.05330560	     -0.27333518	      0.75375607	     -0.48708559
      0.77500000	    173.82436159	  -1238.98261498	    288.29727971	     -0.01403458	      0.02916099	     -0.06021603	     -0.27320573	      0.75386670	     -0.48683166
      0.78000000	    177.09056478	  -1270.02030532	    298.42903994	     -0.01360081	      0.02788516	     -0.06674120	     -0.27298516	      0.75432305	     -0.48655508
      0.78500000	    176.80633468	  -1299.05770771	    308.27945704	     -0.01460971	      0.02640278	     -0.07336437	     -0.27268186	      0.75512544	     -0.48625934
      0.79000000	    180.19103646	  -1299.71460649	    308.08554813	     -0.01236458	      0.02333447	     -0.07719992	     -0.27230432	      0.75627301	     -0.48594793
      0.79500000	    180.97241428	  -1299.15493403	    307.81011012	     -0.01138009	      0.02006977	     -0.08046839	     -0.27186091	      0.75776343	     -0.48562435
      0.80000000	    182.79160892	  -1274.61920989	    299.22768429	     -0.00818215	      0.01649654	     -0.08145827	     -0.27135953	      0.75959306	     -0.48529192
      0.80500000	    184.96393642	  -1247.38161469	    289.35063519	     -0.00526813	      0.01302480	     -0.08097918	     -0.27080740	      0.76175672	     -0.48495369
      0.81000000	    184.37483627	  -1211.02233639	    274.88366361	     -0.00488156	      0.00967235	     -0.07621946	     -0.27021089	      0.76424769	     -0.48461245
      0.81500000	    183.82248325	  -1165.67470275	    259.09008487	     -0.00304692	      0.00622192	     -0.07113874	     -0.26957541	      0.76705775	     -0.48427056
      0.82000000	    177.33898687	  -1129.65664906	    246.97240950	     -0.00592325	      0.00265015	     -0.06454307	     -0.26890537	      0.77017721	     -0.48393003
      0.82500000	    174.03537642	  -1070.52713319	    228.08986053	     -0.00282854	     -0.00024220	     -0.05969971	     -0.26820410	      0.77359486	     -0.48359238
      0.83000000	    169.15479668	  -1009.80498366	    210.59960267	     -0.00045434	     -0.00357439	     -0.05290566	     -0.26747402	      0.77729814	     -0.48325874
      0.83500000	    162.43138154	   -951.40245815	    194.51109569	      0.00112156	     -0.00685377	     -0.04589862	     -0.26671670	      0.78127316	     -0.48292981
      0.84000000	    154.64953168	   -884.86142985	    173.96608619	      0.00191518	     -0.00993788	     -0.03717120	     -0.26593297	      0.78550476	     -0.48260589
      0.84500000	    147.96774248	   -829.03050178	    162.36713129	      0.01029889	     -0.02527269	     -0.02817238	     -0.26512316	      0.78997664	     -0.48228697
      0.85000000	    136.37793321	   -790.91754813	    153.72571774	      0.00742833	     -0.03156401	     -0.02301412	     -0.26428725	      0.79467143	     -0.48197270
      0.85500000	    128.77659156	   -754.70137495	    152.57950494	      0.03210095	     -0.08165055	     -0.01333457	     -0.26342508	      0.79957081	     -0.48166251
      0.86000000	    117.60263654	   -716.63875380	    145.53647546	      0.02947369	     -0.08163423	     -0.01216347	     -0.26253655	      0.80465558	     -0.48135564
      0.86500000	    106.62310561	   -679.61690414	    137.93515114	      0.02466777	     -0.08297832	     -0.00843117	     -0.26162183	      0.80990582	     -0.48105122
      0.87000000	     95.74490889	   -647.10205975	    129.38682072	     -0.00115217	     -0.05034638	     -0.01027546	     -0.26068150	      0.81530098	     -0.48074831
      0.87500000	     85.52870960	   -614.30927036	    125.56071594	     -0.00906295	     -0.03791176	     -0.01228565	     -0.25971668	      0.82082002	     -0.48044596
      0.88000000	     75.62988254	   -583.39680715	    122.33039632	     -0.01475345	     -0.03068083	     -0.01327222	     -0.25872918	      0.82644147	     -0.48014328
      0.88500000	     63.75034590	   -563.24405022	    123.65815434	     -0.02067456	     -0.03028531	     -0.01526767	     -0.25772150	      0.83214363	     -0.47983945
      0.89000000	     51.27606884	   -557.40757630	    128.89317036	     -0.02997146	     -0.03298201	     -0.01628508	     -0.25669694	      0.83790468	     -0.47953378
      0.89500000	     40.48775756	   -536.39429641	    129.52330386	     -0.03309546	     -0.03376230	     -0.01749961	     -0.25565951	      0.84370255	     -0.47922574
      0.90000000	     29.85611587	   -511.72659905	    128.44643677	     -0.03547107	     -0.03339156	     -0.01932106	     -0.25461390	      0.84951573	     -0.47891499
      0.90500000	     20.02169162	   -491.70089112	    128.13796884	     -0.03863625	     -0.03371824	     -0.02014000	     -0.25356546	      0.85532255	     -0.47860140
      0.91000000	     11.93294351	   -479.44645533	    129.31288793	     -0.04441538	     -0.03657405	     -0.01765007	     -0.25251997	      0.86110180	     -0.47828499
      0.91500000	      7.15448605	   -436.82010743	    120.53010210	     -0.03943194	     -0.03324045	     -0.01704534	     -0.25148361	      0.86683277	     -0.47796603
      0.92000000	      1.65354267	   -411.46082271	    115.99419333	     -0.04118025	     -0.03313923	     -0.01450137	     -0.25046275	      0.87249533	     -0.47764498
      0.92500000	     -0.43887324	   -373.30417829	    107.13651147	     -0.03860984	     -0.03140865	     -0.01031931	     -0.24946379	      0.87807010	     -0.47732247
      0.93000000	     -4.33079027	   -352.96052450	    103.20654032	     -0.04002855	     -0.03104941	     -0.00590290	     -0.24849306	      0.88353850	     -0.47699928
      0.93500000	     -5.22685613	   -314.70466452	     93.59461746	     -0.03652793	     -0.02820346	     -0.00233644	     -0.24755660	      0.88888282	     -0.47667638
      0.94000000	     -9.93818456	   -286.14205216	     86.99523620	     -0.04212085	     -0.02950819	      0.00997704	     -0.24666002	      0.89408631	     -0.47635475
      0.94500000	    -23.85171679	   -278.67681410	     86.58735640	     -0.04277748	     -0.02870081	      0.02067777	     -0.24580839	      0.89913334	     -0.47603551
      0.95000000	    -32.05749973	   -263.48338896	     80.74785653	     -0.03894799	     -0.03069345	      0.02783905	     -0.24500611	      0.90400935	     -0.47571978
      0.95500000	    -49.68878901	   -283.04463607	     83.81554471	     -0.03396394	     -0.04172465	      0.03747816	     -0.24425689	      0.90870105	     -0.47540877
      0.96000000	    -70.27325281	   -305.72057017	     89.36428177	     -0.02844497	     -0.06021174	      0.04813542	     -0.24356357	      0.91319624	     -0.47510359
      0.96500000	    -80.18362793	   -320.60855640	     92.88272744	     -0.01802166	     -0.07391563	      0.05266045	     -0.24292812	      0.91748412	     -0.47480534
      0.97000000	    -87.45669272	   -336.52949137	     96.82542122	     -0.02057187	     -0.07573555	      0.05674047	     -0.24235164	      0.92155490	     -0.47451502
      0.97500000	    -91.77033296	   -356.60470549	    101.89944814	     -0.01926573	     -0.08153549	      0.05940905	     -0.24183436	      0.92540051	     -0.47423359
      0.98000000	    -93.76228212	   -377.65516989	    104.87978615	     -0.02010800	     -0.08289651	      0.06145083	     -0.24137568	      0.92901364	     -0.47396184
      0.98500000	    -93.10121105	   -398.55831890	    106.52820315	     -0.01969602	     -0.08561568	      0.06249795	     -0.24097415	      0.93238846	     -0.47370042
      0.99000000	    -96.16621993	   -418.30864092	    111.73257664	     -0.02129006	     -0.09123533	      0.06548440	     -0.24062761	      0.93552052	     -0.47344978
      0.99500000	    -96.87031506	   -427.33417113	    110.97423865	     -0.02294274	     -0.08374226	      0.06613626	     -0.24033338	      0.93840602	     -0.47321037
      1.00000000	    -96.12086565	   -447.89203193	    114.14033706	     -0.02072092	     -0.08767307	      0.06658090	     -0.24008826	      0.94104222	     -0.47298241
      1.00500000	    -97.09687368	   -467.17589388	    116.90644152	     -0.02271408	     -0.08402324	      0.06783843	     -0.23988864	      0.94342788	     -0.47276591
      1.01000000	    -98.44763479	   -493.78320933	    121.16993112	     -0.02137287	     -0.08921145	      0.06984928	     -0.23973076	      0.94556208	     -0.47256080
      1.01500000	   -103.02494321	   -510.65493176	    121.88582205	     -0.02618190	     -0.08506110	      0.07374506	     -0.23961080	      0.94744475	     -0.47236686
      1.02000000	   -105.34851012	   -523.33094133	    120.95531507	     -0.03018793	     -0.08266115	      0.07675191	     -0.23952505	      0.94907638	     -0.47218377
      1.02500000	   -107.29168504	   -539.09389600	    122.42138460	     -0.03358293	     -0.08056226	      0.07905355	     -0.23947006	      0.95045783	     -0.47201117
      1.03000000	   -107.55490373	   -552.00418579	    122.98177037	     -0.03669902	     -0.07979193	      0.08067887	     -0.23944270	      0.95159030	     -0.47184857
      1.03500000	   -106.60861699	   -549.41812165	    119.78205469	     -0.04783893	     -0.06715222	      0.08154379	     -0.23944033	      0.95247497	     -0.47169552
      1.04000000	   -106.42822592	   -552.36436758	    118.90915106	     -0.04654738	     -0.06717066	      0.08184261	     -0.23946089	      0.95311320	     -0.47155160
      1.04500000	   -104.19018262	   -553.22567754	    118.70263358	     -0.05420152	     -0.05755746	      0.08118002	     -0.23950290	      0.95350602	     -0.47141639
      1.05000000	    -98.68487666	   -555.70637465	    121.09618355	     -0.06584751	     -0.04705231	      0.07855952	     -0.23956553	      0.95365428	     -0.47128956
      1.05500000	    -94.61100639	   -549.17648407	    119.91664003	     -0.07189834	     -0.03871001	      0.07644699	     -0.23964865	      0.95355853	     -0.47117088
      1.06000000	    -96.55737434	   -552.48093022	    123.33263971	     -0.07682172	     -0.03322084	      0.07631924	     -0.23975276	      0.95321892	     -0.47106021
      1.06500000	    -94.43843277	   -558.95230509	    127.56049778	     -0.07762281	     -0.03248844	      0.07406547	     -0.23987904	      0.95263521	     -0.47095751
      1.07000000	    -96.17514537	   -558.96212274	    131.17966615	     -0.08690371	     -0.02865618	      0.07428016	     -0.24002926	      0.95180678	     -0.47086288
      1.07500000	    -97.73952405	   -568.07043479	    137.14184293	     -0.09037295	     -0.02922946	      0.07427726	     -0.24020575	      0.95073268	     -0.47077647
      1.08000000	   -101.98935131	   -569.24106215	    139.30713569	     -0.09265221	     -0.02759735	      0.07589047	     -0.24041134	      0.94941161	     -0.47069848
      1.08500000	   -105.58402581	   -589.51251492	    149.88608352	     -0.09852746	     -0.02942596	      0.07707005	     -0.24064934	      0.94784223	     -0.47062943
      1.09000000	   -113.73923719	   -609.67994609	    160.56414693	     -0.10581558	     -0.03026684	      0.08089970	     -0.24092330	      0.94602301	     -0.47056947
      1.09500000	   -117.97062734	   -623.26601508	    167.36108695	     -0.11063096	     -0.03096055	      0.08429519	     -0.24123710	      0.94395263	     -0.47051905
      1.10000000	   -129.99271861	   -651.89477029	    180.85299124	     -0.12125621	     -0.03271396	      0.09197525	     -0.24159474	      0.94162970	     -0.47047843
      1.10500000	   -138.66384241	   -677.80292097	    192.34921693	     -0.12971602	     -0.03482034	      0.09942374	     -0.24200035	      0.93905374	     -0.47044816
      1.11000000	   -150.59981060	   -701.82956430	    203.46437771	     -0.13969006	     -0.03664357	      0.10987930	     -0.24245796	      0.93622422	     -0.47042827
      1.11500000	   -162.51162249	   -731.05969829	    216.65164042	     -0.15077359	     -0.03952319	      0.12140281	     -0.24297152	      0.93314170	     -0.47041901
      1.12000000	   -175.44473955	   -760.72358309	    231.47896471	     -0.16314541	     -0.04284063	      0.13432793	     -0.24354475	      0.92980749	     -0.47042045
      1.12500000	   -158.54289357	   -786.27121003	    242.26222631	     -0.15952912	     -0.05024052	      0.13276694	     -0.24418107	      0.92622401	     -0.47043256
      1.13000000	   -109.81446351	   -784.53609831	    224.59695288	     -0.12814266	     -0.03466500	      0.09073935	     -0.24488354	      0.92239488	     -0.47045520
      1.13500000	    -80.80624290	   -621.10139878	    179.21299029	     -0.09684452	     -0.02808682	      0.07306536	     -0.24565472	      0.91832505	     -0.47048810
      1.14000000	   -105.42796978	   -503.99404990	    163.36442940	     -0.10610593	     -0.03444099	      0.10277275	     -0.24649664	      0.91402096	     -0.47053089
      1.14500000	   -118.94249590	   -548.39196468	    165.54455613	     -0.08060050	     -0.07499854	      0.13225470	     -0.24741072	      0.90949069	     -0.47058312
      1.15000000	    -94.68863675	   -674.74415389	    184.19661548	     -0.05845799	     -0.09483825	      0.13236281	     -0.24839768	      0.90474401	     -0.47064420
      1.15500000	    -63.49179221	   -700.12951794	    179.89091786	     -0.04711847	     -0.08769724	      0.11708880	     -0.24945745	      0.89979246	     -0.47071346
      1.16000000	    -19.77368192	   -582.75793130	    142.88786591	     -0.04350152	     -0.03532383	      0.07084661	     -0.25058916	      0.89464938	     -0.47079027
      1.16500000	     18.49529285	   -463.99446999	    117.17782793	     -0.02691109	     -0.01010858	      0.02019735	     -0.25179100	      0.88932998	     -0.47087388
      1.17000000	     13.01042849	   -393.73369123	    114.05846610	     -0.01980707	     -0.01058320	      0.00719772	     -0.25306020	      0.88385129	     -0.47096359
      1.17500000	     14.81650865	   -410.19888451	    121.20885530	     -0.02114119	     -0.01051252	      0.00702728	     -0.25439298	      0.87823213	     -0.47105871
      1.18000000	     38.24717301	   -455.28478165	    118.71638086	     -0.01749181	     -0.01326297	      0.01344119	     -0.25578453	      0.87249304	     -0.47115863
      1.18500000	     52.38953049	   -572.65134686	    139.22251537	     -0.00559624	     -0.02272915	      0.02250531	     -0.25722899	      0.86665616	     -0.47126277
      1.19000000	     74.28203337	   -666.31478137	    141.88143646	     -0.01551546	      0.00653062	      0.02511338	     -0.25871952	      0.86074512	     -0.47137067
      1.19500000	     91.87753619	   -811.82930234	    163.94805213	     -0.02293444	      0.01519927	      0.02951174	     -0.26024833	      0.85478478	     -0.47148195
      1.20000000	    109.11551953	   -947.78268160	    184.11947606	     -0.03594318	      0.00577467	      0.02637040	     -0.26180682	      0.84880104	     -0.47159634
      1.20500000	     97.39728666	   -998.33516447	    201.86684840	     -0.03986293	      0.00198858	      0.01810796	     -0.26338565	      0.84282056	     -0.47171363
      1.21000000	     67.34852825	   -977.48032592	    207.45925673	     -0.03727239	      0.00042521	      0.00636527	     -0.26497493	      0.83687044	     -0.47183372
      1.21500000	     34.94206658	   -977.20548177	    213.38055632	     -0.03403421	      0.00382127	     -0.00574332	     -0.26656437	      0.83097788	     -0.47195656
      1.22000000	     15.78751704	  -1013.52546832	    220.26263230	     -0.03208192	      0.00962244	     -0.01406054	     -0.26814347	      0.82516985	     -0.47208213
      1.22500000	      2.67958352	  -1040.23128360	    222.49824916	     -0.02973814	      0.01439883	     -0.02047577	     -0.26970165	      0.81947272	     -0.47221045
      1.23000000	      3.02400932	  -1036.79250890	    217.50159248	     -0.02382907	      0.01708112	     -0.02439473	     -0.27122846	      0.81391193	     -0.47234151
      1.23500000	      8.85302513	  -1052.88639886	    215.95243205	     -0.02182291	      0.01925305	     -0.02525294	     -0.27271371	      0.80851170	     -0.47247527
      1.24000000	     21.62554744	  -1045.47219675	    207.46769744	     -0.01813995	      0.01949849	     -0.02345164	     -0.27414758	      0.80329474	     -0.47261161
      1.24500000	     33.31138703	  -1043.68371847	    198.89916574	     -0.01736542	      0.01986287	     -0.01958531	     -0.27552077	      0.79828218	     -0.47275032
      1.25000000	     47.37410374	  -1055.59977563	    196.08242845	     -0.01909520	      0.02044274	     -0.01442750	     -0.27682458	      0.79349332	     -0.47289117
      1.25500000	     65.77386513	  -1068.96134498	    194.16928649	     -0.02252493	      0.01998840	     -0.00929183	     -0.27805097	      0.78894567	     -0.47303369
      1.26000000	     84.56632543	  -1096.49399068	    201.39401363	     -0.02712964	      0.02075307	     -0.00424751	     -0.27919261	      0.78465494	     -0.47317737
      1.26500000	     97.49069048	  -1122.73929140	    208.37917905	     -0.03105588	      0.02355578	     -0.00117752	     -0.28024293	      0.78063521	     -0.47332158
      1.27000000	    103.66369695	  -1124.84799698	    208.71943150	     -0.03166013	      0.02804195	      0.00043828	     -0.28119616	      0.77689899	     -0.47346553
      1.27500000	     99.77652805	  -1134.26596741	    212.20796626	     -0.03373453	      0.03025958	     -0.00192455	     -0.28204732	      0.77345750	     -0.47360851
      1.28000000	     86.61940653	  -1121.98632891	    209.52607947	     -0.03043109	      0.03701017	     -0.00586009	     -0.28279222	      0.77032070	     -0.47374948
      1.28500000	     73.36752651	  -1124.75657423	    208.91865230	     -0.02845752	      0.04193213	     -0.01248819	     -0.28342752	      0.76749763	     -0.47388750
      1.29000000	     64.41578182	  -1164.70244652	    218.44881375	     -0.03023613	      0.04740798	     -0.01920561	     -0.28395074	      0.76499652	     -0.47402166
      1.29500000	     61.06806953	  -1213.57144155	    232.38361389	     -0.03217798	      0.05248404	     -0.02573981	     -0.28436025	      0.76282490	     -0.47415094
      1.30000000	     56.97821674	  -1282.21392441	    251.19034403	     -0.03785166	      0.05833009	     -0.03184878	     -0.28465528	      0.76098966	     -0.47427436
      1.30500000	     55.59200061	  -1342.73527750	    268.89930614	     -0.04220239	      0.06348643	     -0.03778013	     -0.28483595	      0.75949713	     -0.47439102
      1.31000000	     58.15942462	  -1384.50961508	    279.83171619	     -0.04518065	      0.06706024	     -0.04131366	     -0.28490330	      0.75835301	     -0.47450006
      1.31500000	     63.14894447	  -1421.59206154	    289.93896570	     -0.04740190	      0.06988330	     -0.04460792	     -0.28485920	      0.75756231	     -0.47460073
      1.32000000	     71.82845212	  -1441.19300207	    294.04830656	     -0.04849452	      0.07124346	     -0.04552512	     -0.28470638	      0.75712924	     -0.47469240
      1.32500000	     83.53131801	  -1446.72580324	    294.39194312	     -0.04745509	      0.07107429	     -0.04559373	     -0.28444839	      0.75705709	     -0.47477456
      1.33000000	     91.72594109	  -1456.41499903	    295.45430941	     -0.04963181	      0.07096262	     -0.04429026	     -0.28408943	      0.75734803	     -0.47484684
      1.33500000	    101.98227973	  -1441.13306567	    291.10155408	     -0.04768884	      0.06868040	     -0.04279376	     -0.28363446	      0.75800300	     -0.47490902
      1.34000000	    109.74447764	  -1422.45670353	    286.38612687	     -0.04641538	      0.06576768	     -0.04109362	     -0.28308879	      0.75902156	     -0.47496102
      1.34500000	    115.20142168	  -1394.50269839	    279.89628905	     -0.04462145	      0.06188571	     -0.03900554	     -0.28245813	      0.76040174	     -0.47500289
      1.35000000	    117.72262875	  -1365.58484799	    273.52576803	     -0.04400979	      0.05715590	     -0.03675158	     -0.28174854	      0.76214009	     -0.47503484
      1.35500000	    118.16363773	  -1329.08466716	    264.86514416	     -0.04302001	      0.05106096	     -0.03451642	     -0.28096607	      0.76423135	     -0.47505716
      1.36000000	    114.30207161	  -1299.66414701	    259.62735272	     -0.04428498	      0.04533566	     -0.03286023	     -0.28011677	      0.76666859	     -0.47507025
      1.36500000	    113.71443540	  -1268.54784428	    255.94527264	     -0.04606368	      0.03823727	     -0.02888762	     -0.27920648	      0.76944334	     -0.47507461
      1.37000000	    114.05598070	  -1231.36354978	    251.64424635	     -0.04721168	      0.02976485	     -0.02400885	     -0.27824082	      0.77254522	     -0.47507078
      1.37500000	    112.91539453	  -1195.33559537	    247.67789995	     -0.05065543	      0.02001835	     -0.01804390	     -0.27722499	      0.77596235	     -0.47505936
      1.38000000	    111.58627417	  -1137.59378792	    236.84261374	     -0.04887558	      0.01028982	     -0.01302768	     -0.27616376	      0.77968121	     -0.47504098
      1.38500000	    108.46145823	  -1086.60731701	    228.92492573	     -0.04906144	      0.00082283	     -0.00848272	     -0.27506145	      0.78368678	     -0.47501633
      1.39000000	    104.57593918	  -1025.76365588	    217.55975978	     -0.04583738	     -0.00731866	     -0.00600111	     -0.27392187	      0.78796261	     -0.47498609
      1.39500000	    102.83877597	   -952.28693467	    201.60377888	     -0.04053975	     -0.01596624	     -0.00185706	     -0.27274836	      0.79249095	     -0.47495100
      1.40000000	     99.47286227	   -890.14484332	    189.80793386	     -0.03691555	     -0.02348189	      0.00126276	     -0.27154385	      0.79725280	     -0.47491178
      1.40500000	     95.41862561	   -810.70369206	    172.37065038	     -0.02882351	     -0.02991740	      0.00189669	     -0.27031089	      0.80222813	     -0.47486917
      1.41000000	     86.32126989	   -750.37582078	    162.68728680	      0.00202419	     -0.07719962	      0.00935761	     -0.26905179	      0.80739588	     -0.47482395
      1.41500000	     68.99980121	   -709.76309349	    164.79375561	      0.02558575	     -0.11676754	      0.01037767	     -0.26776867	      0.81273420	     -0.47477688
      1.42000000	     53.20720869	   -688.17509644	    177.64393311	      0.04646365	     -0.15402198	      0.01112318	     -0.26646363	      0.81822057	     -0.47472876
      1.42500000	     40.94128825	   -667.48682981	    185.74999992	      0.05554987	     -0.17685173	      0.01376554	     -0.26513880	      0.82383196	     -0.47468038
      1.43000000	     33.93144069	   -621.83933122	    176.83974120	      0.05052284	     -0.17360074	      0.01403757	     -0.26379651	      0.82954499	     -0.47463254
      1.43500000	     22.96135382	   -596.67360060	    179.60716675	      0.05365203	     -0.18584610	      0.01669731	     -0.26243940	      0.83533600	     -0.47458604
      1.44000000	     13.42473413	   -586.26214479	    188.45334114	      0.05682802	     -0.20249901	      0.02023897	     -0.26107043	      0.84118145	     -0.47454167
      1.44500000	      5.31666531	   -542.10922126	    177.35332225	      0.05186690	     -0.19399700	      0.02138003	     -0.25969304	      0.84705768	     -0.47450018
      1.45000000	     -0.71676562	   -506.72082022	    170.21532242	      0.04740227	     -0.18795559	      0.02244675	     -0.25831115	      0.85294142	     -0.47446227
      1.45500000	     -5.28332453	   -474.77001406	    160.10614103	      0.03904453	     -0.17480368	      0.02513620	     -0.25692919	      0.85880978	     -0.47442862
      1.46000000	     -8.00014520	   -444.58530633	    148.74212272	      0.02921941	     -0.15770405	      0.02783764	     -0.25555207	      0.86464045	     -0.47439983
      1.46500000	    -11.18586721	   -424.45162060	    139.82941683	      0.01948354	     -0.14214740	      0.03196329	     -0.25418519	      0.87041175	     -0.47437640
      1.47000000	    -17.28847732	   -422.40454340	    136.46992606	      0.01032658	     -0.13208131	      0.03777250	     -0.25283433	      0.87610281	     -0.47435876
      1.47500000	    -23.32450340	   -412.46759610	    134.14374092	      0.00636353	     -0.12635166	      0.04019841	     -0.25150562	      0.88169368	     -0.47434726
      1.48000000	    -30.22400501	   -407.49705850	    135.24381141	      0.00264893	     -0.12410041	      0.04254661	     -0.25020539	      0.88716543	     -0.47434216
      1.48500000	    -53.28098780	   -414.63523599	    140.86575077	     -0.00503891	     -0.13148851	      0.05414831	     -0.24894009	      0.89250020	     -0.47434361
      1.49000000	    -80.55179321	   -431.63147411	    146.70855463	     -0.01398634	     -0.13932828	      0.06883041	     -0.24771608	      0.89768132	     -0.47435164
      1.49500000	   -102.21224409	   -440.26087709	    152.54819615	     -0.02127756	     -0.14571887	      0.07969959	     -0.24653955	      0.90269339	     -0.47436621
      1.50000000	   -116.37553626	   -451.73689854	    155.27935452	     -0.03316967	     -0.14256913	      0.08824774	     -0.24541636	      0.90752231	     -0.47438712
      1.50500000	   -128.08781857	   -459.38432705	    157.51144188	     -0.04094122	     -0.13928856	      0.09470860	     -0.24435190	      0.91215531	     -0.47441408
      1.51000000	   -142.13419394	   -477.08301491	    166.80198556	     -0.03405164	     -0.15120734	      0.10092468	     -0.24335099	      0.91658108	     -0.47444668
      1.51500000	   -148.85263632	   -467.96047272	    163.68750501	     -0.03553031	     -0.14828294	      0.10419433	     -0.24241770	      0.92078970	     -0.47448433
      1.52000000	   -157.16986486	   -485.37336886	    170.18455412	     -0.03833026	     -0.14849412	      0.10940382	     -0.24155533	      0.92477262	     -0.47452632
      1.52500000	   -135.74048619	   -432.38504329	    151.59296003	     -0.03325108	     -0.12266562	      0.09554047	     -0.24076637	      0.92852275	     -0.47457181
      1.53000000	   -131.16763751	   -427.77174133	    149.23044032	     -0.03120605	     -0.12064770	      0.09370278	     -0.24005226	      0.93203459	     -0.47461972
      1.53500000	   -129.53762139	   -435.45766357	    151.34713129	     -0.02994882	     -0.12071873	      0.09401169	     -0.23941371	      0.93530371	     -0.47466892
      1.54000000	   -133.85923818	   -468.15075111	    164.51865608	     -0.02663497	     -0.12695185	      0.09744739	     -0.23885054	      0.93832696	     -0.47471817
      1.54500000	   -135.75245526	   -486.34073492	    170.73768967	     -0.02516066	     -0.12868304	      0.10029537	     -0.23836172	      0.94110254	     -0.47476614
      1.55000000	   -140.11202992	   -513.09509470	    179.02605091	     -0.02329991	     -0.13421604	      0.10545178	     -0.23794563	      0.94362949	     -0.47481146
      1.55500000	   -145.04044079	   -550.52385233	    190.96213985	     -0.02323046	     -0.13873344	      0.11126254	     -0.23760002	      0.94590781	     -0.47485281
      1.56000000	   -149.90931296	   -567.16987694	    192.76635778	     -0.02633352	     -0.13970678	      0.11866789	     -0.23732221	      0.94793839	     -0.47488888
      1.56500000	   -152.20368971	   -581.99870915	    198.33754029	     -0.02522086	     -0.13996034	      0.12201854	     -0.23710925	      0.94972260	     -0.47491854
      1.57000000	   -152.01729481	   -585.18853979	    198.91698997	     -0.02482393	     -0.13883254	      0.12424256	     -0.23695810	      0.95126179	     -0.47494079
      1.57500000	   -149.94381797	   -586.13478314	    198.05470099	     -0.02455545	     -0.13689949	      0.12520927	     -0.23686562	      0.95255815	     -0.47495490
      1.58000000	   -147.11658545	   -581.98286382	    195.44980007	     -0.02438687	     -0.13409323	      0.12526655	     -0.23682881	      0.95361341	     -0.47496033
      1.58500000	   -143.29464321	   -572.74857594	    190.05248108	     -0.02543005	     -0.12927310	      0.12467654	     -0.23684489	      0.95442926	     -0.47495689
      1.59000000	   -138.32802760	   -565.01249595	    184.82534062	     -0.02629400	     -0.12383960	      0.12304403	     -0.23691133	      0.95500706	     -0.47494467
      1.59500000	   -134.20659461	   -549.69323417	    176.24240708	     -0.02839074	     -0.11668628	      0.12190521	     -0.23702594	      0.95534773	     -0.47492407
      1.60000000	   -126.64458936	   -547.86640995	    172.96529815	     -0.02694567	     -0.11389884	      0.11784812	     -0.23718687	      0.95545160	     -0.47489576
      1.60500000	   -120.53393047	   -530.41791607	    160.90349156	     -0.03311001	     -0.10214273	      0.11613759	     -0.23739263	      0.95531846	     -0.47486078
      1.61000000	   -111.12899768	   -519.55559135	    153.52467757	     -0.03651240	     -0.09024619	      0.11049602	     -0.23764210	      0.95494744	     -0.47482036
      1.61500000	   -103.87680961	   -505.26959497	    144.72439980	     -0.04011510	     -0.07815803	      0.10617053	     -0.23793452	      0.95433700	     -0.47477600
      1.62000000	    -94.65939341	   -497.65849058	    138.01184461	     -0.04393143	     -0.06810159	      0.10091817	     -0.23826940	      0.95348514	     -0.47472935
      1.62500000	    -84.44791909	   -484.10648952	    129.63512611	     -0.05967433	     -0.04614952	      0.09563907	     -0.23864658	      0.95238931	     -0.47468224
      1.63000000	    -73.84319255	   -504.53980721	    138.54925758	     -0.07612268	     -0.03191534	      0.08876920	     -0.23906613	      0.95104656	     -0.47463658
      1.63500000	    -74.81452603	   -528.01237437	    148.74551039	     -0.08433228	     -0.02875431	      0.08793062	     -0.23952837	      0.94945374	     -0.47459430
      1.64000000	    -72.87504841	   -551.89033789	    156.96038315	     -0.08604681	     -0.02965531	      0.08592875	     -0.24003381	      0.94760764	     -0.47455739
      1.64500000	    -78.28277536	   -592.09634351	    172.89959148	     -0.09518963	     -0.03274083	      0.08957555	     -0.24058312	      0.94550523	     -0.47452781
      1.65000000	    -83.11065132	   -635.13290283	    189.09874915	     -0.10349577	     -0.03582105	      0.09402625	     -0.24117705	      0.94314328	     -0.47450704
      1.65500000	    -87.99839026	   -673.45109202	    203.54709872	     -0.11122720	     -0.03839228	      0.09921729	     -0.24181666	      0.94052038	     -0.47449750
      1.66000000	    -94.95833637	   -725.31849417	    223.89818594	     -0.12315726	     -0.04306497	      0.10756664	     -0.24250281	      0.93763443	     -0.47450026
      1.66500000	   -103.45448915	   -763.21447272	    238.60302477	     -0.13470862	     -0.04626393	      0.11843981	     -0.24323658	      0.93448496	     -0.47451686
      1.67000000	   -111.05901652	   -810.62410997	    257.53709808	     -0.14799999	     -0.05129071	      0.13062990	     -0.24401891	      0.93107279	     -0.47454854
      1.67500000	   -116.53991166	   -838.85262380	    269.06975098	     -0.15846722	     -0.05466609	      0.14270506	     -0.24485070	      0.92739975	     -0.47459616
      1.68000000	   -131.42050937	   -894.32383517	    294.08215254	     -0.17905140	     -0.06152975	      0.16344419	     -0.24573279	      0.92346950	     -0.47466084
      1.68500000	   -119.00093689	   -876.68266840	    284.97412335	     -0.17589449	     -0.06220982	      0.16789296	     -0.24666562	      0.91928718	     -0.47474264
      1.69000000	    -45.95961424	   -467.05921505	    145.21350614	     -0.07862900	     -0.03525495	      0.09019617	     -0.24764945	      0.91485989	     -0.47484190
      1.69500000	   -105.71410856	   -963.79783988	    272.57356773	     -0.05867563	     -0.18961853	      0.22866604	     -0.24868412	      0.91019669	     -0.47495852
      1.70000000	   -149.73882803	  -1267.94016802	    320.03742832	     -0.16379919	     -0.15147382	      0.35073352	     -0.24976899	      0.90530867	     -0.47509201
      1.70500000	   -101.84969391	  -1261.83479860	    299.53978000	     -0.18603465	     -0.08691232	      0.32323483	     -0.25090293	      0.90020889	     -0.47524173
      1.71000000	    -16.80012262	   -864.67618834	    213.70898794	     -0.12682236	     -0.02875589	      0.16626690	     -0.25208415	      0.89491260	     -0.47540659
      1.71500000	     37.71085015	   -511.72243636	    130.28403863	     -0.04148722	     -0.01188008	      0.04253660	     -0.25331017	      0.88943706	     -0.47558544
      1.72000000	     21.16673167	   -309.48882111	    105.86075046	     -0.00142975	     -0.01690448	     -0.00319268	     -0.25457781	      0.88380149	     -0.47577674
      1.72500000	     65.06097394	   -421.76934391	    128.04279411	      0.00975444	     -0.01671660	     -0.01087642	     -0.25588313	      0.87802701	     -0.47597877
      1.73000000	     73.45420913	   -442.32111098	    136.10651251	      0.00483694	     -0.01020665	     -0.01290547	     -0.25722144	      0.87213649	     -0.47618972
      1.73500000	     49.70486573	   -341.57542979	    124.10833968	      0.00642082	     -0.02337907	     -0.00860732	     -0.25858735	      0.86615439	     -0.47640777
      1.74000000	     50.45092809	   -384.11958466	    128.08772690	     -0.01204752	     -0.01715290	     -0.00057688	     -0.25997487	      0.86010642	     -0.47663077
      1.74500000	    123.28270835	   -651.17783644	    158.03355431	     -0.02468689	     -0.00902314	      0.01753005	     -0.26137746	      0.85401941	     -0.47685681
      1.75000000	    192.74088295	   -968.27069947	    206.43415851	     -0.04078246	     -0.00138894	      0.03414401	     -0.26278811	      0.84792113	     -0.47708431
      1.75500000	    242.78850411	  -1205.14478114	    248.09120732	     -0.05303984	      0.00310643	      0.04357946	     -0.26419961	      0.84183967	     -0.47731150
      1.76000000	    233.00124608	  -1218.65168109	    262.16414510	     -0.05432909	     -0.00088536	      0.03443690	     -0.26560459	      0.83580328	     -0.47753688
      1.76500000	    152.67081873	  -1038.05651315	    250.07419399	     -0.04328811	     -0.00837501	      0.01015054	     -0.26699569	      0.82984000	     -0.47775912
      1.77000000	     93.35623241	   -957.43314668	    241.44714911	     -0.03254053	     -0.00570305	     -0.00890586	     -0.26836571	      0.82397717	     -0.47797705
      1.77500000	     61.31023903	   -990.78630516	    255.39133872	     -0.02979090	      0.00014201	     -0.02217704	     -0.26970772	      0.81824118	     -0.47818969
      1.78000000	     58.84917867	  -1069.65194922	    277.10791386	     -0.03016630	      0.00451689	     -0.02893562	     -0.27101510	      0.81265723	     -0.47839617
      1.78500000	     62.40974408	  -1098.93826911	    281.95454833	     -0.02784573	      0.00653158	     -0.03215782	     -0.27228163	      0.80724891	     -0.47859576
      1.79000000	     75.37268613	  -1113.38470091	    281.37612729	     -0.02390264	      0.00710616	     -0.03342823	     -0.27350154	      0.80203788	     -0.47878759
      1.79500000	     88.88679629	  -1076.19592365	    265.82348341	     -0.01757531	      0.00576610	     -0.03202963	     -0.27466943	      0.79704408	     -0.47897091
      1.80000000	     97.13013717	  -1028.10471588	    246.89134886	     -0.01349906	      0.00449329	     -0.02860563	     -0.27578029	      0.79228542	     -0.47914486
      1.80500000	    108.31627041	   -983.99434051	    228.15147822	     -0.01035568	      0.00323211	     -0.02371521	     -0.27682942	      0.78777788	     -0.47930844
      1.81000000	    120.63522117	   -957.67971176	    214.46047911	     -0.00940188	      0.00276178	     -0.01799149	     -0.27781241	      0.78353566	     -0.47946060
      1.81500000	    135.47179465	   -952.89031363	    207.10126390	     -0.01149719	      0.00299108	     -0.01115675	     -0.27872508	      0.77957129	     -0.47960013
      1.82000000	    159.26650922	   -952.17644977	    203.73398615	     -0.01254836	      0.00375988	     -0.00356251	     -0.27956345	      0.77589585	     -0.47972573
      1.82500000	    190.56104011	   -998.96051858	    214.49661640	     -0.01666024	      0.00952427	      0.00537950	     -0.28032380	      0.77251925	     -0.47983612
      1.83000000	    205.01170017	  -1019.75109621	    221.09258765	     -0.01755882	      0.01508717	      0.00971229	     -0.28100265	      0.76945043	     -0.47992999
      1.83500000	    191.44783947	  -1013.30677085	    221.28519454	     -0.02063597	      0.01306898	      0.00448961	     -0.28159686	      0.76669746	     -0.48000608
      1.84000000	    162.33297158	  -1020.69061773	    227.03152978	     -0.02328908	      0.01286912	     -0.00576035	     -0.28210371	      0.76426792	     -0.48006330
      1.84500000	    138.36046224	  -1035.54228970	    232.12310370	     -0.02287025	      0.01710836	     -0.01529019	     -0.28252099	      0.76216878	     -0.48010079
      1.85000000	    124.14501900	  -1132.07240743	    263.37799081	     -0.03140424	      0.02204052	     -0.02388517	     -0.28284717	      0.76040659	     -0.48011798
      1.85500000	    116.58524227	  -1229.37986633	    294.00347204	     -0.03927978	      0.02593774	     -0.03132445	     -0.28308142	      0.75898741	     -0.48011465
      1.86000000	    111.53800590	  -1345.28265282	    329.18051439	     -0.04931384	      0.02950212	     -0.03878503	     -0.28322378	      0.75791679	     -0.48009098
      1.86500000	    111.31918176	  -1445.49126459	    358.63405222	     -0.05714556	      0.03176273	     -0.04583818	     -0.28327517	      0.75719970	     -0.48004760
      1.87000000	    111.44761952	  -1546.49028227	    388.78006117	     -0.06557333	      0.03345615	     -0.05378005	     -0.28323745	      0.75683995	     -0.47998551
      1.87500000	    112.61532030	  -1613.01104484	    409.02085361	     -0.07031526	      0.03380733	     -0.06184061	     -0.28311335	      0.75684096	     -0.47990622
      1.88000000	    113.57444729	  -1657.56487489	    422.74869673	     -0.07353815	      0.03335873	     -0.06937347	     -0.28290651	      0.75720462	     -0.47981157
      1.88500000	    115.84108885	  -1661.39853186	    424.36730283	     -0.07211762	      0.03186592	     -0.07609224	     -0.28262123	      0.75793172	     -0.47970370
      1.89000000	    117.44050911	  -1657.30434823	    422.70356623	     -0.07216750	      0.03021589	     -0.08007203	     -0.28226255	      0.75902151	     -0.47958506
      1.89500000	    121.95948269	  -1618.79826391	    410.74296506	     -0.06832601	      0.02753884	     -0.08159566	     -0.28183589	      0.76047194	     -0.47945826
      1.90000000	    124.75949064	  -1577.85905691	    396.08281644	     -0.06893983	      0.02474250	     -0.07718000	     -0.28134703	      0.76227929	     -0.47932598
      1.90500000	    127.14246488	  -1521.16870342	    377.78843129	     -0.06746975	      0.02158184	     -0.07197942	     -0.28080182	      0.76443840	     -0.47919092
      1.91000000	    123.29761182	  -1478.34201996	    364.74403204	     -0.06933752	      0.01942176	     -0.06830967	     -0.28020610	      0.76694255	     -0.47905571
      1.91500000	    119.85847742	  -1411.60502761	    344.99917687	     -0.06578862	      0.01814080	     -0.06551118	     -0.27956544	      0.76978367	     -0.47892281
      1.92000000	    116.17981649	  -1329.95433471	    320.53527637	     -0.06011360	      0.01734941	     -0.06155457	     -0.27888512	      0.77295229	     -0.47879449
      1.92500000	    109.60549945	  -1260.14518377	    299.77282605	     -0.05862782	      0.01637363	     -0.05597971	     -0.27816998	      0.77643769	     -0.47867275
      1.93000000	    107.19931518	  -1192.38130823	    278.91107675	     -0.05815609	      0.01303991	     -0.04625272	     -0.27742433	      0.78022790	     -0.47855925
      1.93500000	    107.78299053	  -1146.68418540	    266.37399440	     -0.06383038	      0.00720552	     -0.03276735	     -0.27665197	      0.78430993	     -0.47845536
      1.94000000	    107.77320706	  -1100.45900859	    254.68845130	     -0.06752123	      0.00228423	     -0.02164744	     -0.27585614	      0.78866967	     -0.47836208
      1.94500000	    102.79992233	  -1035.85813507	    235.90742415	     -0.06189325	      0.00162985	     -0.01769515	     -0.27503958	      0.79329202	     -0.47828004
      1.95000000	     94.65720397	   -983.15708845	    222.13373195	     -0.05841436	      0.00111692	     -0.01644992	     -0.27420457	      0.79816090	     -0.47820953
      1.95500000	     86.36501659	   -928.13869654	    208.02473235	     -0.05277823	      0.00105974	     -0.01679264	     -0.27335303	      0.80325923	     -0.47815047
      1.96000000	     77.18830808	   -875.76636763	    196.07893118	     -0.04851664	      0.00073517	     -0.01801749	     -0.27248655	      0.80856902	     -0.47810254
      1.96500000	     68.59861696	   -827.29361314	    185.33175392	     -0.04321025	      0.00056126	     -0.02045171	     -0.27160653	      0.81407126	     -0.47806506
      1.97000000	     60.90082395	   -770.01495911	    172.65740862	     -0.03654761	     -0.00024601	     -0.02236415	     -0.27071423	      0.81974606	     -0.47803720
      1.97500000	     54.28108689	   -720.99354234	    164.83592558	     -0.03065951	     -0.00112076	     -0.02450501	     -0.26981088	      0.82557251	     -0.47801792
      1.98000000	     48.84255961	   -668.18258448	    154.62464416	     -0.02369639	     -0.00211295	     -0.02676173	     -0.26889773	      0.83152889	     -0.47800605
      1.98500000	     44.81197996	   -617.13908311	    145.94192959	     -0.01699473	     -0.00312848	     -0.02935843	     -0.26797612	      0.83759262	     -0.47800040
      1.99000000	     42.66071634	   -570.50803991	    138.78198029	     -0.00944992	     -0.00313026	     -0.03201877	     -0.26704750	      0.84374039	     -0.47799976
      1.99500000	     42.09031271	   -524.49132068	    132.08003026	     -0.00198146	     -0.00387793	     -0.03315459	     -0.26611345	      0.84994825	     -0.47800294
      2.00000000	     45.73560244	   -483.85725728	    127.38302485	      0.00747399	     -0.00535928	     -0.03280389	     -0.26517570	      0.85619180	     -0.47800885
      2.00500000	     45.42026870	   -451.20324959	    124.58763408	      0.01675161	     -0.02277581	     -0.02723212	     -0.26423612	      0.86244628	     -0.47801656
      2.01000000	     39.15525891	   -419.88230742	    126.42108328	      0.02630779	     -0.05500838	     -0.01887797	     -0.26329657	      0.86868685	     -0.47802516
      2.01500000	     30.59183559	   -390.96139939	    131.78277241	      0.03474099	     -0.08887649	     -0.01008518	     -0.26235904	      0.87488875	     -0.47803400
      2.02000000	     18.66030317	   -353.61021086	    129.79001962	      0.03576643	     -0.10885307	     -0.00269936	     -0.26142544	      0.88102752	     -0.47804250
      2.02500000	      2.01877113	   -328.85454179	    128.71243071	      0.03380994	     -0.12573591	      0.00581087	     -0.26049765	      0.88707921	     -0.47805029
      2.03000000	    -14.16450798	   -332.69141010	    130.46189286	      0.02763566	     -0.13831576	      0.01808883	     -0.25957735	      0.89302068	     -0.47805704
      2.03500000	    -37.62557803	   -370.70913266	    133.65959192	     -0.00434851	     -0.13428335	      0.04324624	     -0.25866607	      0.89882980	     -0.47806259
      2.04000000	    -72.09369710	   -416.97810608	    151.53266160	     -0.03862437	     -0.14772822	      0.06487852	     -0.25776508	      0.90448561	     -0.47806683
      2.04500000	   -100.45802742	   -470.19620113	    171.82866473	     -0.07241303	     -0.15894766	      0.08320433	     -0.25687540	      0.90996853	     -0.47806967
      2.05000000	   -116.72775875	   -495.81491987	    184.68568574	     -0.10864710	     -0.15058160	      0.09292008	     -0.25599779	      0.91526064	     -0.47807109
      2.05500000	   -135.04244053	   -523.38422658	    196.18704922	     -0.12586049	     -0.16143100	      0.10303819	     -0.25513282	      0.92034586	     -0.47807116
      2.06000000	   -148.84280171	   -545.71860450	    204.83251578	     -0.14123533	     -0.16933805	      0.11049869	     -0.25428080	      0.92520985	     -0.47806985
      2.06500000	   -155.01709906	   -553.04670709	    209.49670270	     -0.15019727	     -0.18148291	      0.11351606	     -0.25344187	      0.92984049	     -0.47806713
      2.07000000	   -156.89585394	   -549.48873353	    202.80774514	     -0.15056126	     -0.17039496	      0.11303529	     -0.25261606	      0.93422760	     -0.47806286
      2.07500000	   -150.43179629	   -512.98215641	    185.44583642	     -0.13243533	     -0.16413694	      0.10733571	     -0.25180347	      0.93836293	     -0.47805697
      2.08000000	   -128.86180055	   -447.52462403	    158.65872251	     -0.09442893	     -0.16122372	      0.09263991	     -0.25100423	      0.94224062	     -0.47804920
      2.08500000	   -127.02815012	   -454.27923293	    153.42207929	     -0.07729769	     -0.16935801	      0.09046096	     -0.25021874	      0.94585657	     -0.47803929
      2.09000000	   -127.68089442	   -461.02378612	    150.12863989	     -0.07501962	     -0.16265661	      0.09003739	     -0.24944768	      0.94920856	     -0.47802687
      2.09500000	   -140.46781171	   -489.40301891	    150.30856707	     -0.05540469	     -0.17249870	      0.09505811	     -0.24869217	      0.95229608	     -0.47801151
      2.10000000	   -146.57365666	   -529.29799436	    154.64096956	     -0.04381631	     -0.18534466	      0.09749189	     -0.24795383	      0.95512016	     -0.47799273
      2.10500000	   -150.56875895	   -566.92456066	    161.41308368	     -0.03912112	     -0.18665652	      0.09849461	     -0.24723484	      0.95768306	     -0.47796999
      2.11000000	   -156.15018630	   -583.44586718	    161.48629212	     -0.03709386	     -0.17802815	      0.10041728	     -0.24653803	      0.95998794	     -0.47794273
      2.11500000	   -149.26254256	   -607.11698057	    166.52900453	     -0.02954393	     -0.17500901	      0.09476909	     -0.24586675	      0.96203884	     -0.47791037
      2.12000000	   -141.72447486	   -619.36019299	    168.20632236	     -0.02326127	     -0.16642989	      0.08872458	     -0.24522500	      0.96384019	     -0.47787240
      2.12500000	   -134.49587235	   -628.55564877	    171.88132344	     -0.01438091	     -0.15534389	      0.08165664	     -0.24461720	      0.96539671	     -0.47782833
      2.13000000	   -125.54250454	   -621.69479863	    169.19478028	     -0.00822339	     -0.13883446	      0.07442457	     -0.24404815	      0.96671306	     -0.47777775
      2.13500000	   -114.54956953	   -616.69758120	    166.65865818	     -0.00123915	     -0.12637851	      0.06617517	     -0.24352286	      0.96779368	     -0.47772037
      2.14000000	   -103.71907843	   -610.48775785	    165.18523117	      0.00642561	     -0.11254039	      0.05767419	     -0.24304640	      0.96864258	     -0.47765601
      2.14500000	    -93.07500317	   -596.04781924	    159.96077425	      0.01095194	     -0.09424108	      0.05025759	     -0.24262365	      0.96926324	     -0.47758463
      2.15000000	    -82.48626700	   -585.88605431	    156.62415540	      0.01663125	     -0.07917594	      0.04275191	     -0.24225918	      0.96965839	     -0.47750633
      2.15500000	    -73.84655352	   -570.59629118	    152.05107747	      0.02003651	     -0.05511988	      0.03686541	     -0.24195700	      0.96983002	     -0.47742138
      2.16000000	    -63.88113057	   -564.71287088	    149.85611042	      0.02443851	     -0.04566342	      0.03043516	     -0.24172041	      0.96977925	     -0.47733019
      2.16500000	    -57.18394505	   -552.26626359	    144.44715524	      0.02496658	     -0.02702904	      0.02699167	     -0.24155185	      0.96950641	     -0.47723329
      2.17000000	    -51.59212914	   -538.47309984	    138.81055500	      0.02494270	     -0.01285090	      0.02462865	     -0.24145284	      0.96901101	     -0.47713137
      2.17500000	    -46.75075335	   -526.98970904	    132.81899243	      0.02363113	     -0.00738219	      0.02288673	     -0.24142386	      0.96829176	     -0.47702525
      2.18000000	    -43.82338218	   -500.69830012	    119.10904362	      0.01640868	     -0.00070443	      0.02472103	     -0.24146438	      0.96734671	     -0.47691583
      2.18500000	    -44.35929186	   -494.71097499	    116.52578605	      0.01256237	      0.00161216	      0.02671903	     -0.24157290	      0.96617335	     -0.47680416
      2.19000000	    -44.99455390	   -477.69024605	    107.26910441	      0.00488550	     -0.00579528	      0.03178893	     -0.24174704	      0.96476845	     -0.47669125
      2.19500000	    -46.45400944	   -462.12865734	     97.58508527	     -0.00973309	     -0.01549666	      0.03870244	     -0.24198372	      0.96312918	     -0.47657863
      2.20000000	    -50.15047313	   -456.69348195	     96.51932654	     -0.02844133	     -0.01763805	      0.04646960	     -0.24227918	      0.96125149	     -0.47646730
      2.20500000	    -55.63731334	   -494.26367606	    117.34887270	     -0.06144933	     -0.01667612	      0.05384707	     -0.24262935	      0.95913196	     -0.47635873
      2.21000000	    -76.99935570	   -558.58268338	    147.90679486	     -0.08264210	     -0.02346037	      0.06931769	     -0.24303001	      0.95676712	     -0.47625442
      2.21500000	    -96.01845415	   -614.33430014	    174.02020237	     -0.10246501	     -0.02942309	      0.08606318	     -0.24347694	      0.95415392	     -0.47615587
      2.22000000	   -117.60000462	   -678.42007870	    203.59999411	     -0.12357640	     -0.03627972	      0.10527806	     -0.24396630	      0.95128964	     -0.47606470
      2.22500000	   -145.74698955	   -758.93109525	    240.81472746	     -0.15070641	     -0.04480024	      0.12947606	     -0.24449468	      0.94817231	     -0.47598251
      2.23000000	   -171.49391344	   -821.18613334	    270.38287769	     -0.17472734	     -0.05197857	      0.15465434	     -0.24505938	      0.94480098	     -0.47591099
      2.23500000	   -195.34888420	   -882.82691772	    300.29889887	     -0.19844095	     -0.05979824	      0.18006191	     -0.24565855	      0.94117567	     -0.47585183
      2.24000000	   -218.22916811	   -936.58541372	    326.88664720	     -0.22194368	     -0.06753231	      0.20740587	     -0.24629129	      0.93729760	     -0.47580663
      2.24500000	   -240.60036995	   -998.87009638	    355.90292073	     -0.24745672	     -0.07673779	      0.23744802	     -0.24695771	      0.93316961	     -0.47577696
      2.25000000	   -121.54841917	   -837.74805431	    257.98476554	     -0.15912076	     -0.06550315	      0.17129765	     -0.24765892	      0.92879611	     -0.47576428
      2.25500000	   -137.77022580	   -675.55909332	    276.89111032	     -0.00645376	     -0.20585021	      0.15787080	     -0.24839697	      0.92418337	     -0.47576993
      2.26000000	   -194.21821207	   -950.37818255	    328.67150938	     -0.07598475	     -0.23605820	      0.25956641	     -0.24917474	      0.91933956	     -0.47579505
      2.26500000	   -176.84643093	  -1073.39159484	    329.52313491	     -0.10383476	     -0.22040288	      0.28164198	     -0.24999566	      0.91427498	     -0.47584051
      2.27000000	   -111.08391211	  -1004.05778309	    276.27406853	     -0.11421170	     -0.14345073	      0.23310104	     -0.25086355	      0.90900207	     -0.47590691
      2.27500000	    -39.51546631	   -791.90446535	    214.58213837	     -0.07369866	     -0.09551855	      0.14578660	     -0.25178223	      0.90353549	     -0.47599463
      2.28000000	     24.05915584	   -487.54698461	    146.37254956	     -0.02155932	     -0.04605951	      0.03885326	     -0.25275520	      0.89789216	     -0.47610361
      2.28500000	     21.78050392	   -406.17710765	    142.78445885	     -0.02402889	     -0.01938532	      0.00596965	     -0.25378530	      0.89209123	     -0.47623346
      2.29000000	     42.89456586	   -465.70427476	    145.22374512	     -0.02798394	     -0.01846900	      0.01508198	     -0.25487439	      0.88615404	     -0.47638340
      2.29500000	     72.74040375	   -582.95855304	    151.64964623	     -0.03189623	     -0.01470651	      0.02553583	     -0.25602302	      0.88010399	     -0.47655226
      2.30000000	     91.07065507	   -675.07424323	    161.14994680	     -0.02679106	     -0.00917788	      0.01883875	     -0.25723028	      0.87396646	     -0.47673847
      2.30500000	     80.38664958	   -743.04072937	    182.01704392	     -0.03069750	     -0.00840996	      0.01035519	     -0.25849359	      0.86776855	     -0.47694006
      2.31000000	     69.77786009	   -820.79632632	    203.64093391	     -0.03520084	     -0.00615898	      0.00517302	     -0.25980868	      0.86153884	     -0.47715472
      2.31500000	     69.85847026	   -908.97365060	    221.68657111	     -0.04024665	     -0.00345269	      0.00265701	     -0.26116965	      0.85530709	     -0.47737979
      2.32000000	     77.30556040	   -971.50826641	    227.29839659	     -0.04001050	     -0.00122729	      0.00243690	     -0.26256905	      0.84910385	     -0.47761230
      2.32500000	     73.36856313	  -1010.84434086	    230.78322980	     -0.03836813	      0.00187662	     -0.00131948	     -0.26399810	      0.84296008	     -0.47784909
      2.33000000	     61.80691660	  -1025.33115805	    228.75462080	     -0.03478047	      0.00662082	     -0.00728672	     -0.26544692	      0.83690665	     -0.47808686
      2.33500000	     46.06093345	  -1007.79421932	    220.01745284	     -0.02799342	      0.01135934	     -0.01425715	     -0.26690487	      0.83097391	     -0.47832222
      2.34000000	     35.45739690	   -974.68156020	    207.22141706	     -0.02053760	      0.01532272	     -0.02092075	     -0.26836082	      0.82519120	     -0.47855178
      2.34500000	     44.18587154	   -970.01881262	    205.52804819	     -0.01411015	      0.01786675	     -0.02388924	     -0.26980350	      0.81958646	     -0.47877224
      2.35000000	     61.45099386	   -947.07949900	    198.55689951	     -0.00607639	      0.01780461	     -0.02320914	     -0.27122177	      0.81418583	     -0.47898046
      2.35500000	     73.04901393	   -920.41807046	    189.70712509	     -0.00087911	      0.01768765	     -0.02070751	     -0.27260486	      0.80901336	     -0.47917348
      2.36000000	     86.55868551	   -891.70227914	    183.36346032	      0.00451177	      0.01622656	     -0.01684115	     -0.27394263	      0.80409079	     -0.47934863
      2.36500000	    102.60239256	   -880.14513934	    184.03439807	      0.00955239	      0.01130722	     -0.01150983	     -0.27522569	      0.79943740	     -0.47950352
      2.37000000	    134.36501621	   -946.30944909	    218.60867865	      0.03623228	     -0.04379359	     -0.00191335	     -0.27644552	      0.79507000	     -0.47963610
      2.37500000	    176.23871817	  -1068.40099345	    283.14455958	      0.07021534	     -0.10927978	      0.00872101	     -0.27759456	      0.79100299	     -0.47974473
      2.38000000	    205.19431380	  -1149.34919590	    332.12353979	      0.09631400	     -0.15723241	      0.01494110	     -0.27866621	      0.78724847	     -0.47982814
      2.38500000	    204.06250112	  -1118.03179299	    317.77767029	      0.09230111	     -0.14880414	      0.01300726	     -0.27965490	      0.78381640	     -0.47988549
      2.39000000	    191.49853952	  -1050.51978935	    285.16589443	      0.07792751	     -0.12127693	      0.00814036	     -0.28055604	      0.78071487	     -0.47991637
      2.39500000	    148.91600052	   -908.25571244	    198.19501966	      0.01541674	     -0.00631327	     -0.00123362	     -0.28136606	      0.77795032	     -0.47992084
      2.40000000	    138.94309031	   -914.99144892	    190.50575269	     -0.00258834	      0.01735232	     -0.00313770	     -0.28208240	      0.77552789	     -0.47989940
      2.40500000	    144.21942157	   -992.29604860	    206.08365824	     -0.01858658	      0.01724726	     -0.00337522	     -0.28270352	      0.77345147	     -0.47985289
      2.41000000	    161.54359205	  -1094.90825256	    238.84866976	     -0.03335446	      0.01334624	     -0.00232611	     -0.28322896	      0.77172414	     -0.47978263
      2.41500000	    171.54715054	  -1208.99114633	    277.29633633	     -0.04836406	      0.01120097	     -0.00312235	     -0.28365936	      0.77034820	     -0.47969023
      2.42000000	    174.34332112	  -1295.89697073	    306.09176672	     -0.05966635	      0.00896274	     -0.00541941	     -0.28399649	      0.76932540	     -0.47957764
      2.42500000	    170.30697583	  -1365.48522067	    327.93000233	     -0.06760770	      0.00653000	     -0.01043404	     -0.28424327	      0.76865699	     -0.47944701
      2.43000000	    154.84284903	  -1430.26673175	    344.66844790	     -0.07198418	      0.00552691	     -0.02112637	     -0.28440374	      0.76834355	     -0.47930061
      2.43500000	    128.36605179	  -1445.90389831	    343.52946400	     -0.06478999	      0.00669888	     -0.03929712	     -0.28448307	      0.76838528	     -0.47914083
      2.44000000	    119.91364622	  -1484.76415784	    353.09391138	     -0.06026668	      0.00736865	     -0.05445631	     -0.28448741	      0.76878168	     -0.47896999
      2.44500000	    119.34345755	  -1512.64775821	    361.05230805	     -0.05290130	      0.00739502	     -0.06961268	     -0.28442380	      0.76953153	     -0.47879032
      2.45000000	    123.18838023	  -1506.73359162	    357.91143199	     -0.04309353	      0.00703496	     -0.07984700	     -0.28429998	      0.77063270	     -0.47860385
      2.45500000	    126.75369564	  -1480.05391695	    347.59815696	     -0.03392268	      0.00740012	     -0.08549211	     -0.28412416	      0.77208197	     -0.47841234
      2.46000000	    135.44027267	  -1416.20796255	    327.15570915	     -0.01938855	      0.00837872	     -0.08735996	     -0.28390479	      0.77387480	     -0.47821719
      2.46500000	    146.46043800	  -1321.60497793	    299.78431808	     -0.00190111	      0.00955674	     -0.08493634	     -0.28365031	      0.77600519	     -0.47801946
      2.47000000	    154.87453735	  -1210.72048468	    270.97075591	      0.01424296	      0.00977666	     -0.07695022	     -0.28336889	      0.77846568	     -0.47781979
      2.47500000	    153.12169453	  -1088.09188979	    234.83166964	      0.02307256	      0.00998031	     -0.06174635	     -0.28306819	      0.78124685	     -0.47761843
      2.48000000	    139.35426130	   -976.25011170	    202.68312763	      0.02178439	      0.00856450	     -0.03872267	     -0.28275514	      0.78433746	     -0.47741527
      2.48500000	    121.39915244	   -902.29693927	    185.24750627	      0.03301707	     -0.03547813	     -0.01662644	     -0.28243581	      0.78772433	     -0.47720987
      2.49000000	    100.71432300	   -975.94588876	    223.10547023	      0.06535268	     -0.13894379	      0.01478042	     -0.28211525	      0.79139222	     -0.47700152
      2.49500000	     87.50091587	  -1070.43331880	    251.43626713	      0.05317994	     -0.15936030	      0.04778426	     -0.28179743	      0.79532400	     -0.47678936
      2.50000000	     70.25947634	  -1142.70944054	    277.02845414	      0.04800673	     -0.18401559	      0.06887229	     -0.28148523	      0.79950059	     -0.47657240
      2.50500000	     51.86444706	  -1213.20297238	    302.46133141	      0.04329635	     -0.20867988	      0.08805312	     -0.28118045	      0.80390112	     -0.47634969
      2.51000000	     37.24347850	  -1239.32132850	    307.80124888	      0.02547275	     -0.20041112	      0.10024196	     -0.28088388	      0.80850310	     -0.47612030
      2.51500000	     20.57973679	  -1253.02748738	    315.87838530	      0.02213887	     -0.21372554	      0.10873750	     -0.28059543	      0.81328253	     -0.47588354
      2.52000000	      5.47945005	  -1213.84848710	    310.06175030	      0.02398364	     -0.22111121	      0.10836601	     -0.28031424	      0.81821422	     -0.47563892
      2.52500000	     -3.21771622	  -1124.68181889	    293.54597068	      0.02953763	     -0.22304557	      0.09805436	     -0.28003888	      0.82327192	     -0.47538622
      2.53000000	     -5.60275680	   -996.48755777	    265.20148708	      0.03394296	     -0.21255417	      0.08096940	     -0.27976748	      0.82842865	     -0.47512559
      2.53500000	     -5.24586616	   -866.08504677	    242.17773231	      0.04449459	     -0.21274626	      0.06253304	     -0.27949796	      0.83365695	     -0.47485749
      2.54000000	     -0.93904952	   -740.44970137	    215.91643306	      0.04932153	     -0.20224019	      0.04425236	     -0.27922818	      0.83892911	     -0.47458274
      2.54500000	     -6.39597530	   -680.95843784	    226.37228680	      0.07161378	     -0.23566745	      0.02490260	     -0.27895615	      0.84421750	     -0.47430250
      2.55000000	     -8.09584039	   -637.95156900	    223.84947293	      0.07286534	     -0.24027222	      0.01888519	     -0.27868015	      0.84949477	     -0.47401820
      2.55500000	     -5.91955921	   -589.75478005	    216.93344829	      0.07108406	     -0.23734754	      0.01212015	     -0.27839888	      0.85473419	     -0.47373152
      2.56000000	     -2.69454302	   -538.43337112	    204.60809362	      0.06640387	     -0.22828126	      0.00637306	     -0.27811156	      0.85990981	     -0.47344434
      2.56500000	     -3.65561621	   -528.48091985	    212.39480837	      0.07062616	     -0.24402555	      0.00335658	     -0.27781798	      0.86499680	     -0.47315864
      2.57000000	     -2.36044231	   -477.27503240	    192.78823223	      0.06128857	     -0.22756891	      0.00172606	     -0.27751856	      0.86997159	     -0.47287643
      2.57500000	     -4.33204974	   -443.84141124	    180.81667185	      0.05470236	     -0.22192730	      0.00254107	     -0.27721430	      0.87481205	     -0.47259971
      2.58000000	     -4.71889972	   -384.74680530	    156.78766137	      0.04229369	     -0.20429793	      0.00330366	     -0.27690680	      0.87949779	     -0.47233037
      2.58500000	    -19.52150459	   -349.43971009	    146.53845779	      0.03255381	     -0.21079150	      0.01185607	     -0.27659808	      0.88401011	     -0.47207004
      2.59000000	    -20.48509116	   -319.79466335	    127.25309532	     -0.00992921	     -0.18537487	      0.03007932	     -0.27629063	      0.88833236	     -0.47182019
      2.59500000	    -24.37735955	   -344.34790525	    131.95880249	     -0.04647399	     -0.17344028	      0.04176584	     -0.27598721	      0.89244982	     -0.47158200
      2.60000000	    -38.14405559	   -387.61380335	    144.21460347	     -0.07548261	     -0.17180597	      0.05383131	     -0.27569073	      0.89634983	     -0.47135630
      2.60500000	    -52.36222405	   -422.11586001	    152.56058468	     -0.09406213	     -0.17787937	      0.06431729	     -0.27540418	      0.90002162	     -0.47114350
      2.61000000	    -72.20863588	   -457.12787152	    177.56663003	     -0.06990758	     -0.32808877	      0.07305260	     -0.27513054	      0.90345677	     -0.47094378
      2.61500000	    -94.70251859	   -449.16599486	    166.53102530	     -0.08113974	     -0.28166300	      0.08449268	     -0.27487264	      0.90664836	     -0.47075683
      2.62000000	   -124.05249689	   -460.34488605	    156.97873208	     -0.05435525	     -0.26418176	      0.09513655	     -0.27463315	      0.90959144	     -0.47058206
      2.62500000	   -137.84451210	   -484.02883314	    156.05026431	     -0.03955947	     -0.25530826	      0.09908443	     -0.27441455	      0.91228267	     -0.47041856
      2.63000000	   -132.10013099	   -500.57927493	    153.49220888	     -0.04247098	     -0.25643226	      0.09623703	     -0.27421911	      0.91472007	     -0.47026515
      2.63500000	   -135.70045754	   -529.74307140	    154.88901955	     -0.03553279	     -0.25763818	      0.09657141	     -0.27404893	      0.91690292	     -0.47012041
      2.64000000	   -144.94426772	   -572.77517598	    162.54207258	     -0.02390677	     -0.25506338	      0.09862734	     -0.27390603	      0.91883138	     -0.46998285
      2.64500000	   -144.01138332	   -598.79594230	    163.93520777	     -0.02189088	     -0.25624232	      0.09749714	     -0.27379236	      0.92050633	     -0.46985085
      2.65000000	   -144.77356948	   -605.31026731	    159.36717070	     -0.02491040	     -0.24883992	      0.09866359	     -0.27370998	      0.92192918	     -0.46972282
      2.65500000	   -145.32126665	   -636.71127353	    165.70194084	     -0.01930645	     -0.24755489	      0.09717256	     -0.27366107	      0.92310148	     -0.46959728
      2.66000000	   -142.72551983	   -638.36758893	    162.11081818	     -0.01974566	     -0.23913225	      0.09579256	     -0.27364809	      0.92402479	     -0.46947291
      2.66500000	   -138.72422134	   -637.64663299	    159.92151008	     -0.01700660	     -0.22506704	      0.09278191	     -0.27367384	      0.92470046	     -0.46934863
      2.67000000	   -135.30042310	   -625.58345874	    153.28419980	     -0.01812111	     -0.20819534	      0.09147862	     -0.27374150	      0.92512946	     -0.46922368
      2.67500000	   -127.65574126	   -604.58771901	    143.63835921	     -0.01943492	     -0.19065697	      0.08815786	     -0.27385470	      0.92531234	     -0.46909770
      2.68000000	   -122.21865407	   -575.47086508	    131.13822451	     -0.02389451	     -0.16610942	      0.08734664	     -0.27401747	      0.92524897	     -0.46897067
      2.68500000	   -116.21549211	   -547.05008449	    118.50439217	     -0.02632975	     -0.14314541	      0.08581522	     -0.27423424	      0.92493862	     -0.46884304
      2.69000000	   -100.06049263	   -507.12303052	    103.80141206	     -0.04357656	     -0.11481512	      0.08124587	     -0.27450976	      0.92438028	     -0.46871574
      2.69500000	    -89.51900740	   -485.81276955	     96.52106554	     -0.05440723	     -0.08475785	      0.07791333	     -0.27484901	      0.92357173	     -0.46858988
      2.70000000	    -75.64995379	   -466.00240743	     94.80538511	     -0.08625553	     -0.05285339	      0.07358007	     -0.27525704	      0.92251131	     -0.46846727
      2.70500000	    -80.25664030	   -478.60962578	    104.13738159	     -0.10324672	     -0.04568814	      0.07327071	     -0.27573886	      0.92119635	     -0.46834971
      2.71000000	    -95.48972572	   -499.18830424	    117.17639119	     -0.12408750	     -0.05058629	      0.07840523	     -0.27629929	      0.91962445	     -0.46823932
      2.71500000	   -106.65266878	   -523.13806588	    129.26946400	     -0.13564357	     -0.05217279	      0.08099754	     -0.27694278	      0.91779335	     -0.46813828
      2.72000000	   -127.63326561	   -557.50038509	    146.86380193	     -0.15608784	     -0.05465721	      0.09056132	     -0.27767327	      0.91570145	     -0.46804891
      2.72500000	   -143.81484280	   -591.99665242	    163.97819351	     -0.17343807	     -0.05605608	      0.09811141	     -0.27849403	      0.91334741	     -0.46797316
      2.73000000	   -159.72660858	   -624.57627077	    179.61272634	     -0.19124770	     -0.05695745	      0.10788850	     -0.27940756	      0.91073113	     -0.46791291
      2.73500000	   -176.38971729	   -663.97961986	    198.67492608	     -0.21260138	     -0.06043834	      0.11964940	     -0.28041545	      0.90785364	     -0.46786970
      2.74000000	   -192.78403051	   -690.23613077	    212.58179736	     -0.23256454	     -0.06140921	      0.13459221	     -0.28151828	      0.90471734	     -0.46784467
      2.74500000	   -207.24836694	   -725.76106634	    229.70641988	     -0.25451836	     -0.06580265	      0.15139960	     -0.28271562	      0.90132621	     -0.46783849
      2.75000000	   -204.57390978	   -735.99289406	    237.21755748	     -0.25942272	     -0.06737761	      0.15642593	     -0.28400590	      0.89768614	     -0.46785143
      2.75500000	   -144.20948314	   -700.69445337	    205.34468959	     -0.19725471	     -0.04673068	      0.10596925	     -0.28538653	      0.89380470	     -0.46788322
      2.76000000	    -71.06710059	   -659.77021672	    167.41694094	     -0.10759467	     -0.02203092	      0.03293124	     -0.28685381	      0.88969154	     -0.46793317
      2.76500000	      5.36610423	   -582.97444547	    115.56260824	     -0.02692288	     -0.00650017	     -0.00550897	     -0.28840309	      0.88535835	     -0.46800026
      2.77000000	      8.40512384	   -346.36560100	     84.31406645	      0.00344985	     -0.00887326	     -0.01130696	     -0.29002880	      0.88081876	     -0.46808310
      2.77500000	     49.33426761	   -663.80102125	    122.79012429	     -0.00451221	     -0.05093975	      0.03048866	     -0.29172461	      0.87608838	     -0.46818011
      2.78000000	    113.06370395	  -1356.35064027	    227.95159874	     -0.10151500	      0.01206064	      0.13248452	     -0.29348355	      0.87118461	     -0.46828959
      2.78500000	    164.41514828	  -1826.82141733	    304.74667525	     -0.15776482	      0.00405484	      0.18685599	     -0.29529812	      0.86612659	     -0.46840979
      2.79000000	    220.66523984	  -1811.02845296	    297.38810731	     -0.07077140	      0.06676888	      0.13280008	     -0.29716048	      0.86093495	     -0.46853901
      2.79500000	    193.23213025	  -1548.30024843	    285.06801383	      0.00757709	     -0.12434608	      0.09477547	     -0.29906258	      0.85563160	     -0.46867571
      2.80000000	    152.71731265	  -1337.90841293	    284.48742601	      0.03744881	     -0.17859416	      0.07295008	     -0.30099631	      0.85023952	     -0.46881855
      2.80500000	    165.06079391	  -1270.99977626	    240.97132452	      0.01095529	     -0.11895549	      0.06797624	     -0.30295361	      0.84478248	     -0.46896645
      2.81000000	    207.01746612	  -1384.95372153	    233.04629886	     -0.04980520	      0.00857309	      0.07444418	     -0.30492659	      0.83928475	     -0.46911856
      2.81500000	    231.18784460	  -1534.18475835	    259.05982580	     -0.07339364	     -0.00901752	      0.06783404	     -0.30690764	      0.83377089	     -0.46927441
      2.82000000	    192.43304567	  -1496.90659049	    265.68410408	     -0.07466780	     -0.01405701	      0.04931853	     -0.30888944	      0.82826536	     -0.46943378
      2.82500000	     86.32704527	  -1221.61772658	    235.03975258	     -0.05547256	     -0.01557983	      0.01208017	     -0.31086505	      0.82279232	     -0.46959669
      2.83000000	     29.66846513	  -1139.97904926	    211.34742942	     -0.03862745	     -0.00564744	     -0.00995980	     -0.31282783	      0.81737530	     -0.46976342
      2.83500000	     -0.71704564	  -1160.63323007	    209.60861893	     -0.03012025	      0.00515032	     -0.02461551	     -0.31477145	      0.81203705	     -0.46993439
      2.84000000	      0.39364381	  -1222.95788795	    218.42203162	     -0.02709696	      0.01109831	     -0.02968157	     -0.31668978	      0.80679899	     -0.47011017
      2.84500000	      6.09984556	  -1273.18848176	    222.67138492	     -0.02619141	      0.01405473	     -0.03013851	     -0.31857676	      0.80168148	     -0.47029135
      2.85000000	     16.25097524	  -1302.05675132	    222.51397803	     -0.02596184	      0.01424069	     -0.02726402	     -0.32042633	      0.79670330	     -0.47047852
      2.85500000	     39.34191661	  -1219.83539021	    195.28815350	     -0.01564453	      0.01081477	     -0.02374766	     -0.32223223	      0.79188171	     -0.47067219
      2.86000000	     64.86687338	  -1136.64956369	    174.48150462	     -0.00393124	      0.00720228	     -0.02084714	     -0.32398788	      0.78723238	     -0.47087269
      2.86500000	     88.62861152	  -1061.52883587	    162.86999779	      0.00764083	      0.00190226	     -0.01773100	     -0.32568630	      0.78276936	     -0.47108018
      2.87000000	    101.65147893	  -1053.69439180	    193.49541296	      0.03722444	     -0.05951848	     -0.01419384	     -0.32732000	      0.77850534	     -0.47129460
      2.87500000	    130.69450413	  -1176.27297156	    281.60803150	      0.08472862	     -0.15776319	     -0.00480386	     -0.32888093	      0.77445154	     -0.47151548
      2.88000000	    147.72877802	  -1233.57785842	    315.81977406	      0.10254395	     -0.19472771	      0.00142103	     -0.33036045	      0.77061819	     -0.47174210
      2.88500000	    160.69814779	  -1269.74024785	    332.31911964	      0.11179270	     -0.21478352	      0.00748248	     -0.33174945	      0.76701462	     -0.47197337
      2.89000000	    163.69182645	  -1243.78543710	    306.24876358	      0.09933991	     -0.18890825	      0.00953682	     -0.33303842	      0.76364969	     -0.47220798
      2.89500000	    146.66770921	  -1114.12831980	    212.92595103	      0.04800247	     -0.07984653	      0.00618367	     -0.33421759	      0.76053187	     -0.47244418
      2.90000000	    131.48702531	  -1064.20549438	    171.44251181	      0.00133547	      0.02739514	      0.00374806	     -0.33527726	      0.75766944	     -0.47267994
      2.90500000	    111.87532312	  -1112.25069332	    175.64194684	     -0.00953091	      0.03754774	     -0.00238448	     -0.33620790	      0.75507096	     -0.47291307
      2.91000000	     97.48948555	  -1185.20994337	    185.50832474	     -0.01927775	      0.05276855	     -0.00852517	     -0.33700055	      0.75274519	     -0.47314116
      2.91500000	     88.56546192	  -1273.61566708	    201.57349253	     -0.02810174	      0.06946208	     -0.01507905	     -0.33764696	      0.75070133	     -0.47336172
      2.92000000	     83.88407564	  -1367.34987319	    219.39133060	     -0.03698379	      0.08590494	     -0.02128649	     -0.33814005	      0.74894881	     -0.47357222
      2.92500000	     81.23717980	  -1448.69351210	    234.69223669	     -0.04559639	      0.10051886	     -0.02634577	     -0.33847401	      0.74749738	     -0.47377019
      2.93000000	     82.47281223	  -1507.57494672	    245.69071160	     -0.05055294	      0.11248025	     -0.03160951	     -0.33864459	      0.74635691	     -0.47395325
      2.93500000	     89.31620605	  -1538.25317699	    252.73668300	     -0.05030371	      0.11982500	     -0.03657327	     -0.33864920	      0.74553717	     -0.47411924
      2.94000000	    101.45697218	  -1545.04437520	    256.35292982	     -0.04488824	      0.12248369	     -0.04145636	     -0.33848702	      0.74504760	     -0.47426622
      2.94500000	    114.72162037	  -1540.53505545	    258.40209139	     -0.03816623	      0.12161676	     -0.04548123	     -0.33815905	      0.74489702	     -0.47439253
      2.95000000	    131.10631609	  -1519.37166186	    259.21567235	     -0.02825555	      0.11498713	     -0.04873157	     -0.33766795	      0.74509332	     -0.47449678
      2.95500000	    147.19064751	  -1495.99925364	    260.17072677	     -0.01844433	      0.10554744	     -0.05157733	     -0.33701807	      0.74564326	     -0.47457789
      2.96000000	    158.43933521	  -1465.56202334	    258.60704959	     -0.00986241	      0.09609401	     -0.05353385	     -0.33621509	      0.74655218	     -0.47463506
      2.96500000	    169.94830743	  -1433.26718822	    257.44461737	     -0.00040206	      0.08441636	     -0.05529111	     -0.33526587	      0.74782375	     -0.47466776
      2.97000000	    176.64798240	  -1394.19979495	    252.84799404	      0.00721618	      0.07357753	     -0.05525504	     -0.33417820	      0.74945988	     -0.47467565
      2.97500000	    189.11405618	  -1341.64885518	    251.76093324	      0.01972230	      0.05428111	     -0.05411796	     -0.33296046	      0.75146054	     -0.47465863
      2.98000000	    194.85182960	  -1284.24740463	    241.71306381	      0.02814054	      0.03973849	     -0.05287060	     -0.33162136	      0.75382369	     -0.47461674
      2.98500000	    190.54421240	  -1240.21046454	    240.21991882	      0.03364858	      0.02766606	     -0.04968354	     -0.33016966	      0.75654519	     -0.47455015
      2.99000000	    186.32401507	  -1181.23870527	    225.95171974	      0.03742958	      0.01443321	     -0.04514090	     -0.32861400	      0.75961908	     -0.47445919
      2.99500000	    171.13455006	  -1142.69597851	    232.22555154	      0.06870308	     -0.06676796	     -0.03994384	     -0.32696255	      0.76303699	     -0.47434416
      3.00000000	    152.81357736	  -1086.47247985	    207.05593365	      0.05509700	     -0.05215030	     -0.03223210	     -0.32522300	      0.76678879	     -0.47420550
      3.00500000	    135.55465655	  -1045.54396501	    199.06734204	      0.05438744	     -0.06559147	     -0.02449553	     -0.32340244	      0.77086236	     -0.47404365
      3.01000000	    118.52715971	   -988.98228905	    176.00764767	      0.03856932	     -0.04318210	     -0.01891490	     -0.32150725	      0.77524371	     -0.47385910
      3.01500000	    100.43568287	   -923.54508588	    145.49701898	      0.01174235	      0.00809033	     -0.01331477	     -0.31954325	      0.77991716	     -0.47365241
      3.02000000	     88.47839814	   -887.05148502	    134.26842235	      0.00084906	      0.00643648	     -0.00243906	     -0.31751563	      0.78486517	     -0.47342413
      3.02500000	     87.99221231	   -912.43351977	    146.95321694	     -0.01143255	     -0.03062986	      0.01192402	     -0.31542913	      0.79006878	     -0.47317490
      3.03000000	     82.63906680	   -937.92802517	    162.28362507	     -0.02749665	     -0.05431168	      0.02253793	     -0.31328819	      0.79550760	     -0.47290541
      3.03500000	     67.82507747	   -952.71107690	    176.19659796	     -0.02696014	     -0.09302297	      0.03217657	     -0.31109709	      0.80115991	     -0.47261648
      3.04000000	     57.08593979	   -929.27969000	    178.07497101	     -0.02927005	     -0.11151624	      0.03486622	     -0.30886012	      0.80700284	     -0.47230899
      3.04500000	     46.33251651	   -895.60252967	    177.08630947	     -0.02753058	     -0.13157046	      0.03671560	     -0.30658179	      0.81301263	     -0.47198398
      3.05000000	     36.67791610	   -845.38263346	    171.37482240	     -0.02268533	     -0.14633677	      0.03556705	     -0.30426702	      0.81916445	     -0.47164259
      3.05500000	     25.49285204	   -799.95431150	    167.23389906	     -0.01426197	     -0.16456757	      0.03510518	     -0.30192113	      0.82543308	     -0.47128610
      3.06000000	     19.55703285	   -754.15334706	    161.61899969	     -0.01656931	     -0.16881752	      0.03432698	     -0.29955031	      0.83179287	     -0.47091604
      3.06500000	     15.92617263	   -699.00951634	    154.30082396	     -0.01992676	     -0.16658105	      0.03058894	     -0.29716133	      0.83821778	     -0.47053396
      3.07000000	      3.97128324	   -655.78962068	    151.74769607	     -0.01256967	     -0.18046132	      0.03025451	     -0.29476184	      0.84468178	     -0.47014162
      3.07500000	     -2.51811099	   -595.34466662	    144.40251331	     -0.00598434	     -0.18528609	      0.02624358	     -0.29236027	      0.85115898	     -0.46974086
      3.08000000	     -7.35351628	   -554.28284782	    138.63658116	     -0.00802692	     -0.18100144	      0.02629146	     -0.28996584	      0.85762386	     -0.46933365
      3.08500000	    -26.58995068	   -539.83630152	    145.70720049	      0.00553914	     -0.20286869	      0.03114024	     -0.28758849	      0.86405142	     -0.46892203
      3.09000000	    -45.59732439	   -533.90117737	    158.52729887	      0.02027256	     -0.22669325	      0.03454802	     -0.28523872	      0.87041740	     -0.46850808
      3.09500000	    -57.73781691	   -535.74211983	    163.80624869	      0.01901400	     -0.23095420	      0.04161217	     -0.28292747	      0.87669850	     -0.46809386
      3.10000000	    -68.41317916	   -544.40162329	    164.39036470	      0.01087072	     -0.22411443	      0.05023283	     -0.28066586	      0.88287249	     -0.46768140
      3.10500000	    -86.48430422	   -570.92835742	    175.04683960	      0.00760875	     -0.23447248	      0.05975570	     -0.27846514	      0.88891844	     -0.46727266
      3.11000000	   -125.13057088	   -600.63454329	    186.44459663	     -0.00383545	     -0.25238236	      0.07942088	     -0.27633646	      0.89481680	     -0.46686954
      3.11500000	   -164.74448098	   -645.27480449	    198.25441067	     -0.01748363	     -0.26623237	      0.10097826	     -0.27429040	      0.90054953	     -0.46647364
      3.12000000	   -203.38413217	   -711.52329443	    210.90189441	     -0.03339860	     -0.27552732	      0.12434675	     -0.27233702	      0.90610026	     -0.46608645
      3.12500000	   -229.12584673	   -759.18240793	    217.02604213	     -0.04593308	     -0.27321221	      0.14103107	     -0.27048559	      0.91145436	     -0.46570922
      3.13000000	   -246.18087527	   -789.80252108	    220.33134894	     -0.05391826	     -0.26799322	      0.15263325	     -0.26874435	      0.91659898	     -0.46534292
      3.13500000	   -253.19656600	   -789.14048516	    210.24661254	     -0.06725838	     -0.24417553	      0.16095194	     -0.26712042	      0.92152305	     -0.46498829
      3.14000000	   -245.30226400	   -741.45396192	    192.70118717	     -0.07271848	     -0.21122346	      0.15892580	     -0.26561964	      0.92621737	     -0.46464579
      3.14500000	   -238.28896543	   -693.91742868	    184.04508499	     -0.07013980	     -0.19306797	      0.15515754	     -0.26424653	      0.93067446	     -0.46431567
      3.15000000	   -210.44176703	   -565.75918625	    151.92163684	     -0.06300654	     -0.14400899	      0.13747558	     -0.26300426	      0.93488855	     -0.46399797
      3.15500000	   -200.78317152	   -536.42504715	    143.60354595	     -0.06490513	     -0.12977872	      0.13469876	     -0.26189452	      0.93885548	     -0.46369252
      3.16000000	   -192.14508615	   -518.50287207	    135.82448933	     -0.06573007	     -0.11586650	      0.13317153	     -0.26091773	      0.94257255	     -0.46339904
      3.16500000	   -185.66982457	   -508.43087913	    127.67630219	     -0.07116036	     -0.09805342	      0.13405218	     -0.26007301	      0.94603838	     -0.46311718
      3.17000000	   -179.32685753	   -491.51178280	    120.36788178	     -0.07111815	     -0.08540698	      0.13320755	     -0.25935827	      0.94925264	     -0.46284656
      3.17500000	   -177.98962102	   -488.09259776	    114.79673348	     -0.07499889	     -0.06558019	      0.13637614	     -0.25877034	      0.95221587	     -0.46258681
      3.18000000	   -173.23879974	   -481.41616452	    107.64227867	     -0.08313844	     -0.04249278	      0.13815755	     -0.25830503	      0.95492937	     -0.46233761
      3.18500000	   -163.09708582	   -469.32455102	    102.41550046	     -0.08607571	     -0.01840134	      0.13422987	     -0.25795732	      0.95739513	     -0.46209876
      3.19000000	   -158.07831038	   -473.19937220	    101.74708121	     -0.08612045	      0.01482814	      0.13337310	     -0.25772132	      0.95961461	     -0.46187004
      3.19500000	   -154.49265186	   -484.64169244	    102.07638743	     -0.09663376	      0.01585241	      0.13379319	     -0.25759060	      0.96159019	     -0.46165152
      3.20000000	   -153.43607615	   -497.56670802	    103.87004208	     -0.09713429	      0.01860167	      0.13506251	     -0.25755804	      0.96332357	     -0.46144331
      3.20500000	   -152.61512147	   -515.91551011	    105.31367723	     -0.10656953	      0.01366322	      0.13854661	     -0.25761603	      0.96481633	     -0.46124558
      3.21000000	   -150.67236370	   -522.97178727	    107.00901032	     -0.10562854	      0.01537730	      0.13997621	     -0.25775650	      0.96606959	     -0.46105866
      3.21500000	   -141.00080723	   -512.77117926	    107.52473809	     -0.11335029	     -0.00202670	      0.13561563	     -0.25797099	      0.96708386	     -0.46088284
      3.22000000	   -140.83943335	   -525.97744030	    111.36540897	     -0.11724032	     -0.00434800	      0.13994423	     -0.25825071	      0.96785923	     -0.46071856
      3.22500000	   -138.55646030	   -530.20228001	    114.93334270	     -0.11983840	     -0.00806777	      0.14240878	     -0.25858660	      0.96839515	     -0.46056623
      3.23000000	   -134.87027599	   -524.63305647	    115.51770597	     -0.11862362	     -0.00952789	      0.14407605	     -0.25896942	      0.96869051	     -0.46042619
      3.23500000	   -132.71904456	   -524.22929767	    121.30865833	     -0.12111385	     -0.01442880	      0.14583263	     -0.25938985	      0.96874370	     -0.46029879
      3.24000000	   -126.33769663	   -501.56970505	    120.55591292	     -0.11571631	     -0.01772066	      0.14370290	     -0.25983858	      0.96855262	     -0.46018421
      3.24500000	   -124.42175009	   -489.78927513	    121.45728393	     -0.11395568	     -0.02048085	      0.14542692	     -0.26030651	      0.96811506	     -0.46008273
      3.25000000	   -120.22032083	   -473.63244170	    125.30590033	     -0.11188858	     -0.02572177	      0.14294996	     -0.26078485	      0.96742834	     -0.45999428
      3.25500000	   -109.63913278	   -437.15522647	    125.83008045	     -0.10475179	     -0.03082176	      0.13302446	     -0.26126534	      0.96648987	     -0.45991880
      3.26000000	    -90.96460349	   -409.04516999	    124.40671410	     -0.09779835	     -0.02778838	      0.11531960	     -0.26174043	      0.96529710	     -0.45985607
      3.26500000	    -75.60395990	   -412.72155234	    125.68437344	     -0.09062464	     -0.02891106	      0.10438394	     -0.26220343	      0.96384773	     -0.45980571
      3.27000000	    -68.77974043	   -453.99978202	    137.23604990	     -0.09377509	     -0.03194738	      0.10307407	     -0.26264876	      0.96213980	     -0.45976720
      3.27500000	    -67.97664333	   -511.70492926	    154.63598376	     -0.10063079	     -0.03479268	      0.10566231	     -0.26307202	      0.96017193	     -0.45973987
      3.28000000	    -58.43714613	   -561.21670632	    163.64520550	     -0.10010144	     -0.03783504	      0.10477225	     -0.26347015	      0.95794335	     -0.45972291
      3.28500000	    -55.70895186	   -626.67293111	    180.58836714	     -0.10562133	     -0.04142605	      0.10790507	     -0.26384150	      0.95545413	     -0.45971535
      3.29000000	    -57.67842358	   -702.20720832	    202.81133439	     -0.11535056	     -0.04587188	      0.11428194	     -0.26418587	      0.95270515	     -0.45971609
      3.29500000	    -59.51025716	   -770.21424789	    220.78626572	     -0.12411844	     -0.05044272	      0.12232379	     -0.26450445	      0.94969864	     -0.45972393
      3.30000000	    -60.88061219	   -840.71617385	    240.24129989	     -0.13325427	     -0.05622916	      0.13110590	     -0.26479975	      0.94643723	     -0.45973748
      3.30500000	    -62.95900322	   -914.99669912	    262.85101588	     -0.14434325	     -0.06355249	      0.14151069	     -0.26507548	      0.94292544	     -0.45975533
      3.31000000	    -61.23152081	   -959.83551291	    273.49804518	     -0.15027081	     -0.06929386	      0.15103163	     -0.26533628	      0.93916855	     -0.45977582
      3.31500000	    -65.16723916	  -1003.16002694	    287.60968255	     -0.16028941	     -0.07583844	      0.16476056	     -0.26558769	      0.93517338	     -0.45979777
      3.32000000	   -112.90335940	   -902.49451625	    321.69485452	     -0.17886576	     -0.07772859	      0.16398374	     -0.26583550	      0.93094769	     -0.45981924
      3.32500000	   -162.86832625	  -1588.84120772	    430.29595124	     -0.29768676	     -0.12106883	      0.35464596	     -0.26608580	      0.92650099	     -0.45983875
      3.33000000	   -211.56972008	  -2581.37939148	    596.61385974	     -0.18031547	     -0.44204246	      0.60749131	     -0.26634454	      0.92184386	     -0.45985478
      3.33500000	    -77.23846014	  -1380.75268744	    418.37220869	      0.00940464	     -0.33831221	      0.26272609	     -0.26661723	      0.91698840	     -0.45986586
      3.34000000	     47.30613839	   -559.81039029	    197.30961355	      0.04743551	     -0.10942564	      0.01787399	     -0.26690867	      0.91194813	     -0.45987061
      3.34500000	    163.44210516	  -1007.85241789	    203.55125435	      0.00312440	      0.01378707	     -0.02749683	     -0.26722274	      0.90673802	     -0.45986776
      3.35000000	    260.88612862	  -1750.50385288	    338.51855935	     -0.01076245	      0.02518834	     -0.04874726	     -0.26756214	      0.90137447	     -0.45985623
      3.35500000	    355.88867910	  -2058.98203759	    394.19785488	     -0.00023158	      0.03587329	     -0.06066671	     -0.26792827	      0.89587540	     -0.45983505
      3.36000000	    334.65146310	  -1640.03178359	    350.40958395	      0.02165230	      0.04520285	     -0.05882603	     -0.26832107	      0.89026024	     -0.45980342
      3.36500000	    232.88198303	  -1140.44429741	    267.29828433	      0.01990579	      0.03367166	     -0.04518523	     -0.26873898	      0.88454987	     -0.45976071
      3.37000000	    158.60119048	   -831.08290386	    195.73696265	      0.01480188	      0.01707549	     -0.02727826	     -0.26917890	      0.87876655	     -0.45970639
      3.37500000	    102.31233727	   -636.52909617	    139.20687936	      0.01041152	      0.00119738	     -0.01550590	     -0.26963628	      0.87293377	     -0.45964035
      3.38000000	     72.06260020	   -649.54446661	    136.79727365	     -0.00265938	      0.00303869	     -0.01556237	     -0.27010519	      0.86707627	     -0.45956243
      3.38500000	    104.28477131	   -742.83303858	    155.01899646	      0.00392423	      0.01070278	     -0.01921036	     -0.27057849	      0.86121970	     -0.45947271
      3.39000000	    133.24076935	   -853.91024652	    177.62919618	      0.00704703	      0.01743090	     -0.02381683	     -0.27104811	      0.85539043	     -0.45937146
      3.39500000	    109.94316133	   -864.73468535	    170.49900131	      0.00002337	      0.01680732	     -0.02307496	     -0.27150525	      0.84961535	     -0.45925918
      3.40000000	     75.24738606	   -830.29565545	    151.83226677	     -0.00709052	      0.01312574	     -0.01715087	     -0.27194072	      0.84392165	     -0.45913658
      3.40500000	     83.94479589	   -906.98236623	    156.10330848	     -0.01059248	      0.01559284	     -0.01479261	     -0.27234527	      0.83833632	     -0.45900470
      3.41000000	     80.40968962	   -972.19595628	    164.10889921	     -0.01461790	      0.01954615	     -0.01929483	     -0.27270980	      0.83288587	     -0.45886459
      3.41500000	     82.65567340	  -1034.45395601	    179.06671121	     -0.01491263	      0.02468904	     -0.02460528	     -0.27302578	      0.82759616	     -0.45871775
      3.42000000	     92.40953063	  -1140.00171137	    205.55637202	     -0.01793930	      0.03045574	     -0.03089644	     -0.27328538	      0.82249195	     -0.45856589
      3.42500000	     98.72871642	  -1258.59744268	    236.81673174	     -0.02443907	      0.03602050	     -0.03667073	     -0.27348173	      0.81759666	     -0.45841093
      3.43000000	     90.48121768	  -1325.63122997	    256.49974232	     -0.03180734	      0.03915491	     -0.03943618	     -0.27360902	      0.81293220	     -0.45825501
      3.43500000	     78.45435777	  -1378.96824599	    273.32746352	     -0.04085004	      0.04125583	     -0.04011343	     -0.27366261	      0.80851879	     -0.45810039
      3.44000000	     77.89334378	  -1453.64770928	    293.94244859	     -0.05180108	      0.04371553	     -0.03919682	     -0.27363902	      0.80437488	     -0.45794939
      3.44500000	     84.51192839	  -1534.38855360	    318.59346961	     -0.06323375	      0.04598043	     -0.03840059	     -0.27353593	      0.80051717	     -0.45780436
      3.45000000	     98.79933709	  -1606.22767667	    343.24134638	     -0.07397108	      0.04770430	     -0.03708587	     -0.27335208	      0.79696063	     -0.45766759
      3.45500000	    121.73246350	  -1663.40385493	    362.39628884	     -0.08373652	      0.04842182	     -0.03385339	     -0.27308717	      0.79371862	     -0.45754120
      3.46000000	    137.25177033	  -1683.71198359	    368.81807727	     -0.08937590	      0.04931235	     -0.03235245	     -0.27274178	      0.79080308	     -0.45742720
      3.46500000	    136.54688597	  -1643.41043085	    355.94736460	     -0.08798968	      0.05044727	     -0.03413958	     -0.27231712	      0.78822441	     -0.45732719
      3.47000000	    122.91603579	  -1571.90034514	    332.95344880	     -0.08165639	      0.05207217	     -0.03942929	     -0.27181503	      0.78599219	     -0.45724266
      3.47500000	    108.05281746	  -1518.93756449	    318.38931889	     -0.07583934	      0.05473729	     -0.04800063	     -0.27123773	      0.78411467	     -0.45717465
      3.48000000	    106.84065425	  -1487.95302879	    311.12703126	     -0.06848502	      0.05703629	     -0.05733021	     -0.27058783	      0.78259945	     -0.45712391
      3.48500000	    119.32972469	  -1516.79415031	    317.80290603	     -0.06538309	      0.05976231	     -0.06650147	     -0.26986792	      0.78145238	     -0.45709073
      3.49000000	    139.98526873	  -1547.83093538	    321.93707442	     -0.06092379	      0.06142590	     -0.07355140	     -0.26908105	      0.78067962	     -0.45707521
      3.49500000	    158.26355351	  -1554.53471988	    318.74081473	     -0.05429587	      0.06171503	     -0.07800295	     -0.26822991	      0.78028515	     -0.45707697
      3.50000000	    172.29574320	  -1546.17020496	    312.72839331	     -0.04741175	      0.06166263	     -0.08138054	     -0.26731738	      0.78027234	     -0.45709542
      3.50500000	    176.24731452	  -1506.29493949	    299.39719137	     -0.04068744	      0.06172441	     -0.08228315	     -0.26634620	      0.78064309	     -0.45712966
      3.51000000	    173.06708592	  -1438.16790488	    280.71913737	     -0.03298693	      0.06144695	     -0.08120384	     -0.26531912	      0.78139776	     -0.45717861
      3.51500000	    164.26525206	  -1376.87373482	    263.35356835	     -0.03061329	      0.06133295	     -0.07817910	     -0.26423868	      0.78253501	     -0.45724100
      3.52000000	    161.69942643	  -1342.17772023	    250.53086294	     -0.03226541	      0.05967830	     -0.07249910	     -0.26310756	      0.78405150	     -0.45731550
      3.52500000	    158.47385759	  -1315.66668773	    240.32377833	     -0.03667222	      0.05689241	     -0.06497201	     -0.26192826	      0.78594178	     -0.45740069
      3.53000000	    150.56468701	  -1293.20211729	    233.51970252	     -0.04424253	      0.05249596	     -0.05707448	     -0.26070345	      0.78819835	     -0.45749522
      3.53500000	    141.45596015	  -1277.21506689	    231.25867232	     -0.05308953	      0.04607135	     -0.05037167	     -0.25943589	      0.79081124	     -0.45759779
      3.54000000	    135.09221834	  -1264.73976262	    233.12966569	     -0.06102053	      0.03755195	     -0.04417013	     -0.25812846	      0.79376827	     -0.45770721
      3.54500000	    129.06312782	  -1266.03816419	    240.71319719	     -0.07347010	      0.02724106	     -0.03809913	     -0.25678431	      0.79705497	     -0.45782246
      3.55000000	    125.87893530	  -1248.69744039	    243.67184461	     -0.08106764	      0.01519954	     -0.03067537	     -0.25540680	      0.80065472	     -0.45794267
      3.55500000	    122.31385975	  -1243.18837163	    250.91617976	     -0.09236463	      0.00186876	     -0.02266945	     -0.25399955	      0.80454891	     -0.45806720
      3.56000000	    118.42665275	  -1216.69746694	    251.49836257	     -0.09926699	     -0.01137975	     -0.01392113	     -0.25256646	      0.80871710	     -0.45819555
      3.56500000	    110.91938690	  -1170.26654640	    246.49937038	     -0.10024113	     -0.02143796	     -0.00942843	     -0.25111167	      0.81313730	     -0.45832741
      3.57000000	     99.59377674	  -1108.12945173	    237.34673619	     -0.09654225	     -0.02820703	     -0.00936366	     -0.24963955	      0.81778617	     -0.45846264
      3.57500000	     87.34341055	  -1032.43500439	    224.46296511	     -0.08870362	     -0.03241623	     -0.01143162	     -0.24815462	      0.82263932	     -0.45860119
      3.58000000	     77.57862788	   -963.75141970	    213.14802255	     -0.08497954	     -0.03808868	     -0.00923816	     -0.24666156	      0.82767158	     -0.45874311
      3.58500000	     68.19642414	   -883.04909006	    197.71922177	     -0.07605988	     -0.04058597	     -0.00915168	     -0.24516512	      0.83285725	     -0.45888848
      3.59000000	     58.97938666	   -811.68692731	    185.46298263	     -0.07055036	     -0.04266802	     -0.00900315	     -0.24367002	      0.83817039	     -0.45903739
      3.59500000	     51.06999702	   -726.81161790	    168.08738911	     -0.06022849	     -0.04216643	     -0.00918327	     -0.24218096	      0.84358501	     -0.45918992
      3.60000000	     43.42660406	   -654.60635601	    154.31156509	     -0.05317213	     -0.04118289	     -0.00916771	     -0.24070252	      0.84907534	     -0.45934608
      3.60500000	     35.55312963	   -585.15802346	    141.74468973	     -0.04387114	     -0.03762848	     -0.01235127	     -0.23923906	      0.85461600	     -0.45950581
      3.61000000	     29.87168209	   -511.99964599	    126.28159982	     -0.03444449	     -0.03340520	     -0.01410907	     -0.23779476	      0.86018221	     -0.45966897
      3.61500000	     26.08143870	   -449.25996569	    113.75559524	     -0.02713364	     -0.03091325	     -0.01342229	     -0.23637348	      0.86574989	     -0.45983533
      3.62000000	     22.84688574	   -390.63712805	    101.42080431	     -0.02124882	     -0.02847685	     -0.01126811	     -0.23497879	      0.87129582	     -0.46000457
      3.62500000	     16.78252373	   -332.87639074	     95.12546726	      0.01565821	     -0.08056530	      0.00037931	     -0.23361392	      0.87679770	     -0.46017631
      3.63000000	      3.45776972	   -339.91931836	    110.03712153	      0.02545812	     -0.10033090	      0.00702112	     -0.23228175	      0.88223428	     -0.46035011
      3.63500000	     -7.57994626	   -358.19579578	    126.24341353	      0.02947819	     -0.11787904	      0.01308641	     -0.23098482	      0.88758535	     -0.46052549
      3.64000000	    -18.43830520	   -379.90566727	    144.40550323	      0.03372966	     -0.13509997	      0.01872509	     -0.22972531	      0.89283187	     -0.46070197
      3.64500000	    -30.41568080	   -403.27902304	    159.03534765	      0.03482368	     -0.14736276	      0.02650268	     -0.22850506	      0.89795594	     -0.46087903
      3.65000000	    -56.99173646	   -421.38356603	    172.44683171	      0.02985710	     -0.16076605	      0.04316417	     -0.22732559	      0.90294087	     -0.46105624
      3.65500000	    -81.89034164	   -441.06140214	    182.59389371	      0.02338651	     -0.16795374	      0.05654903	     -0.22618815	      0.90777118	     -0.46123315
      3.66000000	    -98.19940108	   -464.76578519	    192.85994660	      0.02002114	     -0.17321328	      0.06520538	     -0.22509370	      0.91243263	     -0.46140945
      3.66500000	   -110.13336918	   -477.85584189	    194.67009749	      0.01455538	     -0.16775504	      0.07218631	     -0.22404294	      0.91691220	     -0.46158482
      3.67000000	   -123.66724446	   -495.55512250	    198.48226125	      0.00871907	     -0.16500253	      0.08042349	     -0.22303637	      0.92119809	     -0.46175904
      3.67500000	   -127.07235737	   -500.89815115	    198.82394848	      0.00703154	     -0.15963851	      0.08206817	     -0.22207418	      0.92528006	     -0.46193200
      3.68000000	   -139.96816001	   -503.52394863	    193.95213843	     -0.00307269	     -0.15022947	      0.09103732	     -0.22115646	      0.92914867	     -0.46210359
      3.68500000	   -137.34040840	   -491.18615954	    183.83802132	     -0.00771148	     -0.13682332	      0.09042951	     -0.22028305	      0.93279602	     -0.46227377
      3.69000000	   -135.68180916	   -506.84455638	    192.18913263	     -0.00445189	     -0.14189967	      0.08904541	     -0.21945364	      0.93621535	     -0.46244256
      3.69500000	   -133.16429268	   -496.84928791	    180.00053192	     -0.00982112	     -0.12723788	      0.08922533	     -0.21866773	      0.93940111	     -0.46260999
      3.70000000	   -132.48200543	   -499.88595072	    173.37380119	     -0.01372055	     -0.11741193	      0.09036132	     -0.21792473	      0.94234885	     -0.46277609
      3.70500000	   -131.10509888	   -510.72851933	    172.54780509	     -0.01354179	     -0.11338501	      0.09021958	     -0.21722393	      0.94505519	     -0.46294089
      3.71000000	   -129.49443529	   -520.82628200	    169.56880154	     -0.01615385	     -0.10826856	      0.09101750	     -0.21656454	      0.94751771	     -0.46310442
      3.71500000	   -129.37458983	   -539.38862506	    169.80572543	     -0.01818948	     -0.10615446	      0.09277861	     -0.21594578	      0.94973483	     -0.46326667
      3.72000000	   -131.89715234	   -562.55496795	    168.19059809	     -0.02572399	     -0.10253828	      0.09809883	     -0.21536692	      0.95170561	     -0.46342759
      3.72500000	   -135.83870496	   -582.37942299	    169.60927513	     -0.02869255	     -0.10063394	      0.10238942	     -0.21482732	      0.95342977	     -0.46358714
      3.73000000	   -136.71278108	   -596.79990615	    169.51173330	     -0.03217911	     -0.09816930	      0.10521948	     -0.21432645	      0.95490748	     -0.46374526
      3.73500000	   -137.84185857	   -604.82442837	    167.44012164	     -0.03690476	     -0.09387114	      0.10837538	     -0.21386411	      0.95613908	     -0.46390187
      3.74000000	   -138.13032961	   -606.86566809	    165.06198012	     -0.04029222	     -0.08935839	      0.11041951	     -0.21344029	      0.95712512	     -0.46405692
      3.74500000	   -137.06643259	   -605.87977908	    161.83054362	     -0.04535041	     -0.08351180	      0.11200883	     -0.21305531	      0.95786610	     -0.46421040
      3.75000000	   -133.46001677	   -601.56637145	    159.43959557	     -0.04677914	     -0.08012011	      0.11112236	     -0.21270981	      0.95836241	     -0.46436233
      3.75500000	   -130.40554193	   -591.58662244	    154.39784105	     -0.05584010	     -0.06869572	      0.11156838	     -0.21240479	      0.95861428	     -0.46451283
      3.76000000	   -126.30786537	   -582.21159334	    151.56103982	     -0.05840828	     -0.06324970	      0.11011220	     -0.21214149	      0.95862134	     -0.46466197
      3.76500000	   -120.66073747	   -576.51588538	    150.63573131	     -0.06289077	     -0.05696655	      0.10779612	     -0.21192154	      0.95838325	     -0.46481005
      3.77000000	   -117.26165556	   -565.18211914	    148.60234955	     -0.06697434	     -0.04954516	      0.10639220	     -0.21174679	      0.95789921	     -0.46495742
      3.77500000	   -111.15021047	   -575.04315122	    156.90725431	     -0.08396215	     -0.03655247	      0.10381534	     -0.21161922	      0.95716759	     -0.46510426
      3.78000000	   -110.00785290	   -578.41016403	    161.94759130	     -0.08836017	     -0.03441088	      0.10308109	     -0.21154105	      0.95618734	     -0.46525125
      3.78500000	   -113.17024486	   -598.71681035	    173.89956607	     -0.09461151	     -0.03608005	      0.10476719	     -0.21151450	      0.95495658	     -0.46539884
      3.79000000	   -117.46659481	   -614.29066337	    183.72132139	     -0.10068119	     -0.03759382	      0.10772655	     -0.21154179	      0.95347347	     -0.46554764
      3.79500000	   -121.03389871	   -631.52828726	    194.11608697	     -0.10624511	     -0.03947138	      0.11046134	     -0.21162510	      0.95173615	     -0.46569820
      3.80000000	   -125.22868315	   -656.88471363	    207.03454212	     -0.11336727	     -0.04256510	      0.11479104	     -0.21176649	      0.94974296	     -0.46585115
      3.80500000	   -129.63429960	   -676.24569747	    216.84708238	     -0.12001520	     -0.04516588	      0.12060944	     -0.21196789	      0.94749259	     -0.46600725
      3.81000000	   -132.63333330	   -696.98578892	    226.90316976	     -0.12623775	     -0.04818444	      0.12629946	     -0.21223106	      0.94498398	     -0.46616716
      3.81500000	   -144.41343205	   -740.40029607	    246.80169943	     -0.14023253	     -0.05343043	      0.13894941	     -0.21255757	      0.94221699	     -0.46633159
      3.82000000	   -147.02854937	   -760.34501442	    255.93391626	     -0.14736073	     -0.05716966	      0.14750953	     -0.21294879	      0.93919211	     -0.46650120
      3.82500000	   -152.65499844	   -797.45999815	    271.61569771	     -0.15859064	     -0.06282055	      0.16019843	     -0.21340591	      0.93591083	     -0.46667667
      3.83000000	   -142.50502230	   -787.69453738	    265.08194365	     -0.15471282	     -0.06032657	      0.15608183	     -0.21392996	      0.93237569	     -0.46685867
      3.83500000	   -142.03245535	   -744.93568106	    253.90635170	     -0.15549120	     -0.06030447	      0.16633774	     -0.21452176	      0.92859052	     -0.46704780
      3.84000000	   -131.89426127	   -638.61492974	    227.12842556	     -0.14433115	     -0.05686218	      0.16305720	     -0.21518196	      0.92456049	     -0.46724462
      3.84500000	   -123.90419353	   -601.45843184	    197.72748787	     -0.12354819	     -0.07032976	      0.18056662	     -0.21591099	      0.92029223	     -0.46744959
      3.85000000	   -142.25770247	   -875.96443531	    246.22688390	     -0.10879692	     -0.14116630	      0.25051286	     -0.21670903	      0.91579392	     -0.46766309
      3.85500000	   -133.09285169	   -985.29113265	    271.82067080	     -0.09973628	     -0.16834223	      0.26953230	     -0.21757597	      0.91107529	     -0.46788532
      3.86000000	    -92.85985218	   -854.58085672	    243.20903481	     -0.06341101	     -0.16051995	      0.21597899	     -0.21851130	      0.90614780	     -0.46811642
      3.86500000	    -42.94321548	   -614.28154564	    194.77157844	     -0.01190991	     -0.13377453	      0.12320746	     -0.21951405	      0.90102445	     -0.46835622
      3.87000000	      1.85132381	   -420.96195254	    157.19466889	      0.02999744	     -0.09655312	      0.03529030	     -0.22058271	      0.89571994	     -0.46860440
      3.87500000	     15.91323500	   -347.10278064	    129.13139573	      0.02678136	     -0.06352988	      0.01044480	     -0.22171504	      0.89025064	     -0.46886064
      3.88000000	     24.75721830	   -384.25322766	    131.70379374	      0.02700647	     -0.06619416	      0.01353797	     -0.22290807	      0.88463441	     -0.46912421
      3.88500000	     54.79560447	   -515.60636255	    133.99722460	      0.01476542	     -0.05413031	      0.03136165	     -0.22415798	      0.87889056	     -0.46939432
      3.89000000	     95.11825834	   -704.18875355	    159.73806018	      0.00837181	     -0.03505031	      0.04535417	     -0.22546004	      0.87303968	     -0.46966987
      3.89500000	    133.41120616	   -853.99872769	    183.26328370	      0.00136190	      0.00464117	      0.04941556	     -0.22680859	      0.86710357	     -0.46994972
      3.90000000	    137.32727889	   -853.60905384	    175.22729474	     -0.01065510	      0.03770486	      0.04293412	     -0.22819699	      0.86110511	     -0.47023282
      3.90500000	    107.26940818	   -717.62305201	    142.14045060	     -0.01065688	      0.02481691	      0.02491427	     -0.22961774	      0.85506786	     -0.47051783
      3.91000000	     53.48843216	   -605.44781404	    135.10967668	     -0.01518138	     -0.00131969	     -0.00266468	     -0.23106253	      0.84901592	     -0.47080347
      3.91500000	     36.93844918	   -634.83475373	    147.63622239	     -0.01117460	      0.00466699	     -0.01409286	     -0.23252232	      0.84297365	     -0.47108854
      3.92000000	     54.41841408	   -770.06713674	    176.42913117	     -0.01254392	      0.01077817	     -0.02105240	     -0.23398752	      0.83696537	     -0.47137184
      3.92500000	     45.65522150	   -842.69570714	    196.36026426	     -0.01853293	      0.01205182	     -0.02203088	     -0.23544808	      0.83101513	     -0.47165231
      3.93000000	     47.18679387	   -889.26093397	    203.45269878	     -0.02176974	      0.01227630	     -0.02083443	     -0.23689374	      0.82514642	     -0.47192901
      3.93500000	     51.64517081	   -898.65806287	    198.28504790	     -0.02167874	      0.01290636	     -0.02011630	     -0.23831411	      0.81938190	     -0.47220110
      3.94000000	     60.76503177	   -916.03197064	    199.29193116	     -0.02094645	      0.01376715	     -0.02025242	     -0.23969890	      0.81374324	     -0.47246782
      3.94500000	     69.81130215	   -915.37636212	    196.99604258	     -0.01920567	      0.01430556	     -0.02037896	     -0.24103807	      0.80825091	     -0.47272851
      3.95000000	     79.68822028	   -908.87789731	    193.21453600	     -0.01794974	      0.01432881	     -0.01925220	     -0.24232195	      0.80292415	     -0.47298260
      3.95500000	     89.32242194	   -894.29598715	    187.99583405	     -0.01695474	      0.01401636	     -0.01734135	     -0.24354140	      0.79778087	     -0.47322950
      3.96000000	    101.45374540	   -877.25026614	    180.63107181	     -0.01641298	      0.01309108	     -0.01380008	     -0.24468795	      0.79283772	     -0.47346862
      3.96500000	    120.18598546	   -896.15012554	    184.04724366	     -0.02047133	      0.01259079	     -0.00866613	     -0.24575390	      0.78811013	     -0.47369936
      3.97000000	    148.67883363	   -944.04720705	    196.93852676	     -0.02667177	      0.01221949	     -0.00235066	     -0.24673242	      0.78361233	     -0.47392097
      3.97500000	    170.59747475	   -988.25843996	    209.11761145	     -0.03256124	      0.01242108	      0.00119804	     -0.24761763	      0.77935788	     -0.47413279
      3.98000000	    182.14968480	  -1039.84669019	    225.37338001	     -0.03761800	      0.01544362	      0.00243056	     -0.24840472	      0.77535913	     -0.47433397
      3.98500000	    180.69452758	  -1066.96468068	    234.61697509	     -0.04022130	      0.01828470	      0.00004875	     -0.24908999	      0.77162818	     -0.47452377
      3.99000000	    172.78379620	  -1098.77900332	    244.57339810	     -0.04253160	      0.02255441	     -0.00451599	     -0.24967089	      0.76817625	     -0.47470130
      3.99500000	    155.98108577	  -1120.97942846	    251.94252209	     -0.04277436	      0.02751466	     -0.01182280	     -0.25014606	      0.76501430	     -0.47486581
      4.00000000	    137.96722043	  -1143.72708719	    259.68078632	     -0.04225818	      0.03203177	     -0.02063644	     -0.25051535	      0.76215295	     -0.47501660
      4.00500000	    130.42504026	  -1176.93435748	    271.18135794	     -0.04155553	      0.03502182	     -0.02867848	     -0.25077973	      0.75960234	     -0.47515309
      4.01000000	    133.07216195	  -1218.94481458	    284.57174449	     -0.04202819	      0.03624811	     -0.03375122	     -0.25094131	      0.75737218	     -0.47527482
      4.01500000	    139.22190466	  -1250.80825393	    293.53511361	     -0.04130878	      0.03583682	     -0.03754911	     -0.25100318	      0.75547169	     -0.47538152
      4.02000000	    145.77458349	  -1274.25278983	    300.26722901	     -0.03986863	      0.03459435	     -0.04126805	     -0.25096934	      0.75390944	     -0.47547309
      4.02500000	    151.62339389	  -1290.09794064	    305.38213681	     -0.03767279	      0.03299079	     -0.04560931	     -0.25084452	      0.75269343	     -0.47554960
      4.03000000	    160.21328802	  -1288.26663283	    306.42186522	     -0.03204084	      0.02984970	     -0.05067317	     -0.25063402	      0.75183023	     -0.47561130
      4.03500000	    166.89780064	  -1291.94380625	    308.95151025	     -0.02803691	      0.02725491	     -0.05562725	     -0.25034354	      0.75132569	     -0.47565857
      4.04000000	    173.72617476	  -1289.57762940	    308.79890585	     -0.02470071	      0.02444788	     -0.05898041	     -0.24997899	      0.75118440	     -0.47569194
      4.04500000	    180.46527866	  -1283.69276207	    306.60902869	     -0.02221017	      0.02146753	     -0.06047325	     -0.24954628	      0.75140946	     -0.47571200
      4.05000000	    186.79535749	  -1264.04832144	    300.11456268	     -0.01864906	      0.01818494	     -0.06095837	     -0.24905134	      0.75200247	     -0.47571938
      4.05500000	    190.15816225	  -1258.25211427	    296.79606847	     -0.01911437	      0.01585963	     -0.06010887	     -0.24849959	      0.75296350	     -0.47571477
      4.06000000	    192.49926621	  -1243.77730674	    290.29696669	     -0.02003192	      0.01344737	     -0.05740760	     -0.24789618	      0.75429088	     -0.47569880
      4.06500000	    192.67594089	  -1226.63211690	    283.84749728	     -0.02067874	      0.01106412	     -0.05523521	     -0.24724585	      0.75598139	     -0.47567212
      4.07000000	    187.49698792	  -1211.99815951	    278.68423215	     -0.02447795	      0.00878039	     -0.05237035	     -0.24655270	      0.75802984	     -0.47563526
      4.07500000	    181.00826425	  -1194.25465179	    273.17940640	     -0.02929790	      0.00550855	     -0.04772165	     -0.24582044	      0.76042958	     -0.47558878
      4.08000000	    170.97892201	  -1178.68063619	    270.24754410	     -0.03568407	      0.00161217	     -0.04394059	     -0.24505209	      0.76317209	     -0.47553306
      4.08500000	    163.59168739	  -1165.01596772	    268.21900916	     -0.04360417	     -0.00480933	     -0.03727244	     -0.24425038	      0.76624714	     -0.47546854
      4.09000000	    156.77808331	  -1147.44344397	    265.21896191	     -0.05164653	     -0.01093909	     -0.03023337	     -0.24341759	      0.76964296	     -0.47539555
      4.09500000	    153.15644077	  -1130.29599182	    264.14806759	     -0.06085685	     -0.01906120	     -0.02083592	     -0.24255569	      0.77334618	     -0.47531439
      4.10000000	    147.27130292	  -1112.75432925	    263.61182546	     -0.07015593	     -0.02689659	     -0.01272960	     -0.24166651	      0.77734193	     -0.47522534
      4.10500000	    139.94425699	  -1076.96109309	    257.07061419	     -0.07573768	     -0.03370733	     -0.00490398	     -0.24075179	      0.78161392	     -0.47512869
      4.11000000	    132.21692449	  -1034.22420435	    247.99984552	     -0.07917040	     -0.03948789	      0.00233576	     -0.23981334	      0.78614454	     -0.47502469
      4.11500000	    120.86741746	   -978.58512255	    234.99454884	     -0.07769243	     -0.04196704	      0.00474973	     -0.23885311	      0.79091505	     -0.47491368
      4.12000000	    109.33601205	   -913.46180544	    219.23755729	     -0.07393289	     -0.04338458	      0.00602161	     -0.23787327	      0.79590553	     -0.47479594
      4.12500000	     98.22525015	   -845.23087070	    202.62433779	     -0.06848781	     -0.04343440	      0.00674390	     -0.23687631	      0.80109520	     -0.47467181
      4.13000000	     88.59055107	   -772.06823424	    183.77214651	     -0.06030435	     -0.04203992	      0.00720359	     -0.23586506	      0.80646259	     -0.47454166
      4.13500000	     76.60679175	   -706.84409475	    168.65482774	     -0.05249124	     -0.03885320	      0.00304456	     -0.23484269	      0.81198529	     -0.47440584
      4.14000000	     64.60374274	   -624.65960208	    148.40695436	     -0.03917868	     -0.03302016	     -0.00341233	     -0.23381276	      0.81764064	     -0.47426472
      4.14500000	     53.93018431	   -557.19793676	    133.97777763	     -0.02867360	     -0.02905212	     -0.00765827	     -0.23277913	      0.82340558	     -0.47411869
      4.15000000	     45.02741002	   -496.66316498	    120.36889368	     -0.02170791	     -0.02550046	     -0.01138392	     -0.23174595	      0.82925683	     -0.47396810
      4.15500000	     38.28327788	   -432.05261760	    106.72458520	     -0.01315220	     -0.02250634	     -0.01284593	     -0.23071759	      0.83517099	     -0.47381328
      4.16000000	     32.01858051	   -376.42489681	     97.85178183	      0.00763746	     -0.05025484	     -0.00838454	     -0.22969851	      0.84112500	     -0.47365458
      4.16500000	     26.12197435	   -344.07217167	     98.30815911	      0.02142780	     -0.07016582	     -0.00519400	     -0.22869325	      0.84709569	     -0.47349226
      4.17000000	     19.12654461	   -333.68751870	    105.98541713	      0.02758680	     -0.08491192	     -0.00116154	     -0.22770630	      0.85306041	     -0.47332656
      4.17500000	     10.73456380	   -330.40233007	    117.84799280	      0.03581259	     -0.10606014	      0.00272786	     -0.22674199	      0.85899695	     -0.47315771
      4.18000000	      2.77648185	   -314.90403154	    119.35309010	      0.03608169	     -0.11135794	      0.00597805	     -0.22580443	      0.86488364	     -0.47298588
      4.18500000	     -9.07722174	   -328.36758989	    129.30884792	      0.03595832	     -0.12480105	      0.01406531	     -0.22489746	      0.87069953	     -0.47281123
      4.19000000	    -19.06075389	   -347.11951624	    140.52462906	      0.03550135	     -0.13596832	      0.02180784	     -0.22402456	      0.87642446	     -0.47263390
      4.19500000	    -28.62582785	   -371.30362070	    152.18019838	      0.03371907	     -0.14484465	      0.03063063	     -0.22318881	      0.88203915	     -0.47245404
      4.20000000	    -52.41257306	   -403.98832436	    168.49993445	      0.02897209	     -0.16080868	      0.04664993	     -0.22239288	      0.88752525	     -0.47227179
      4.20500000	    -76.23778491	   -411.44319328	    168.72632694	      0.01625524	     -0.15661509	      0.05983889	     -0.22163901	      0.89286542	     -0.47208729
      4.21000000	    -99.97494594	   -428.28563457	    176.44900003	      0.00770886	     -0.16128545	      0.07246177	     -0.22092899	      0.89804349	     -0.47190072
      4.21500000	   -110.80176807	   -441.55376485	    182.86475750	      0.00455768	     -0.16292230	      0.07801704	     -0.22026418	      0.90304444	     -0.47171228
      4.22000000	   -117.40101049	   -455.03811926	    186.00737841	     -0.00036946	     -0.15794116	      0.08192748	     -0.21964557	      0.90785444	     -0.47152222
      4.22500000	   -119.00223582	   -450.00577878	    180.18154314	     -0.00464940	     -0.14803069	      0.08312338	     -0.21907376	      0.91246103	     -0.47133084
      4.23000000	   -122.13068307	   -447.83393422	    170.80512893	     -0.01428479	     -0.13242868	      0.08620353	     -0.21854900	      0.91685298	     -0.47113845
      4.23500000	   -128.96086680	   -482.04813847	    191.45340058	     -0.01214590	     -0.15430103	      0.09103408	     -0.21807123	      0.92102043	     -0.47094544
      4.24000000	   -127.67019451	   -472.96502187	    176.86031286	     -0.02128922	     -0.13374733	      0.09134050	     -0.21764013	      0.92495483	     -0.47075220
      4.24500000	   -126.81374690	   -467.23568295	    166.74262644	     -0.02588842	     -0.11867777	      0.09103540	     -0.21725515	      0.92864903	     -0.47055922
      4.25000000	   -123.90252291	   -471.47556705	    162.66412398	     -0.02759080	     -0.10897220	      0.08936657	     -0.21691552	      0.93209718	     -0.47036694
      4.25500000	   -119.98634640	   -479.04440718	    159.92961700	     -0.02739076	     -0.10352503	      0.08748034	     -0.21662032	      0.93529458	     -0.47017590
      4.26000000	   -116.71978007	   -482.76199435	    155.10413946	     -0.02877813	     -0.09639456	      0.08621019	     -0.21636853	      0.93823777	     -0.46998665
      4.26500000	   -114.73164948	   -493.00458831	    153.34925804	     -0.02876316	     -0.09236967	      0.08549872	     -0.21615902	      0.94092447	     -0.46979978
      4.27000000	   -113.75233686	   -501.13006560	    149.34863785	     -0.03237839	     -0.08625180	      0.08624361	     -0.21599066	      0.94335315	     -0.46961591
      4.27500000	   -109.54326318	   -516.77350205	    149.01949329	     -0.03248356	     -0.08521576	      0.08507449	     -0.21586236	      0.94552322	     -0.46943574
      4.28000000	   -111.69875301	   -527.02862634	    146.27746929	     -0.03611847	     -0.08006019	      0.08753062	     -0.21577301	      0.94743478	     -0.46925998
      4.28500000	   -110.55030729	   -537.65546516	    144.14085259	     -0.03920644	     -0.07593950	      0.08827591	     -0.21572165	      0.94908839	     -0.46908937
      4.29000000	   -108.50555226	   -546.22165256	    142.22137830	     -0.04299103	     -0.07040778	      0.08831958	     -0.21570746	      0.95048505	     -0.46892480
      4.29500000	   -106.71462648	   -549.56606668	    138.98781856	     -0.04573220	     -0.06563121	      0.08842969	     -0.21572967	      0.95162596	     -0.46876705
      4.30000000	   -103.59669603	   -545.69940238	    134.18737304	     -0.04903962	     -0.05885732	      0.08747450	     -0.21578771	      0.95251233	     -0.46861706
      4.30500000	   -100.19921673	   -541.82632445	    130.48635189	     -0.05651425	     -0.04842610	      0.08635415	     -0.21588113	      0.95314541	     -0.46847574
      4.31000000	    -96.71195156	   -540.97590068	    129.76874843	     -0.05806267	     -0.04175520	      0.08383420	     -0.21600959	      0.95352624	     -0.46834400
      4.31500000	    -87.22790314	   -535.22602077	    127.29180839	     -0.06698544	     -0.03298842	      0.07937628	     -0.21617287	      0.95365568	     -0.46822273
      4.32000000	    -87.75080890	   -544.30100853	    133.50450223	     -0.07664491	     -0.02677847	      0.07827409	     -0.21637084	      0.95353430	     -0.46811279
      4.32500000	    -85.34081541	   -540.27012585	    132.04040379	     -0.07500106	     -0.02560164	      0.07655283	     -0.21660341	      0.95316234	     -0.46801491
      4.33000000	    -84.23362226	   -536.56621232	    131.47334185	     -0.07573345	     -0.02404586	      0.07559166	     -0.21687059	      0.95253972	     -0.46792973
      4.33500000	    -90.02382265	   -558.59815319	    142.90237352	     -0.08352259	     -0.02569264	      0.07766497	     -0.21717245	      0.95166629	     -0.46785781
      4.34000000	    -94.00315116	   -566.99714433	    147.57922768	     -0.08773788	     -0.02577622	      0.08003330	     -0.21750914	      0.95054124	     -0.46779943
      4.34500000	    -97.25977354	   -575.36346422	    152.05819361	     -0.09048138	     -0.02570628	      0.08230920	     -0.21788089	      0.94916411	     -0.46775482
      4.35000000	   -104.44307697	   -600.47757379	    164.10404168	     -0.09956181	     -0.02815914	      0.08724884	     -0.21828807	      0.94753402	     -0.46772396
      4.35500000	   -112.75602540	   -620.54610365	    173.50771403	     -0.10739782	     -0.02970117	      0.09386892	     -0.21873117	      0.94565030	     -0.46770666
      4.36000000	   -120.26233603	   -638.05664471	    181.18277122	     -0.11456142	     -0.03137404	      0.10142655	     -0.21921090	      0.94351246	     -0.46770266
      4.36500000	   -131.60285933	   -669.94230433	    196.04692479	     -0.12588409	     -0.03445771	      0.11102752	     -0.21972819	      0.94112008	     -0.46771145
      4.37000000	   -138.69842742	   -691.07875561	    204.73476078	     -0.13370719	     -0.03730260	      0.12070934	     -0.22028419	      0.93847336	     -0.46773251
      4.37500000	   -151.66567555	   -728.93811339	    222.77348182	     -0.14713030	     -0.04140870	      0.13298063	     -0.22088025	      0.93557305	     -0.46776501
      4.38000000	   -151.32585115	   -744.63075549	    229.18395289	     -0.15130731	     -0.04532427	      0.14064142	     -0.22151806	      0.93242052	     -0.46780831
      4.38500000	   -119.60334990	   -754.90463955	    231.25005917	     -0.13860105	     -0.05289222	      0.13069860	     -0.22219952	      0.92901794	     -0.46786159
      4.39000000	   -120.95937084	   -814.71880833	    236.40275450	     -0.14119994	     -0.03848165	      0.11973523	     -0.22292670	      0.92536849	     -0.46792405
      4.39500000	    -72.43000974	   -752.98104073	    207.33766688	     -0.10608997	     -0.02949312	      0.08208240	     -0.22370184	      0.92147646	     -0.46799489
      4.40000000	    -74.19423124	   -588.25312931	    173.08019601	     -0.09563015	     -0.02901257	      0.08737688	     -0.22452718	      0.91734728	     -0.46807330
      4.40500000	    -97.99887664	   -463.10795659	    152.27317302	     -0.09739570	     -0.03311602	      0.11469489	     -0.22540493	      0.91298778	     -0.46815850
      4.41000000	   -104.86948365	   -677.92688970	    197.15171389	     -0.05696353	     -0.11290928	      0.15616238	     -0.22633711	      0.90840610	     -0.46824966
      4.41500000	    -86.62146327	   -826.01015272	    231.65207893	     -0.04228327	     -0.13720172	      0.16375825	     -0.22732545	      0.90361199	     -0.46834626
      4.42000000	    -44.31259351	   -761.17193945	    199.17145642	     -0.03247159	     -0.09809032	      0.12549490	     -0.22837116	      0.89861681	     -0.46844748
      4.42500000	     -1.91660850	   -626.31298664	    158.00827816	     -0.01014292	     -0.06814775	      0.07341111	     -0.22947493	      0.89343341	     -0.46855239
      4.43000000	     23.90182072	   -534.30711582	    135.98774724	      0.00674090	     -0.05114370	      0.03754593	     -0.23063666	      0.88807651	     -0.46866053
      4.43500000	     31.45959904	   -510.64785004	    127.14156161	     -0.00199081	     -0.02451456	      0.03107745	     -0.23185543	      0.88256245	     -0.46877125
      4.44000000	     37.79740912	   -555.24062762	    150.16323378	      0.01603257	     -0.06531599	      0.03681112	     -0.23312939	      0.87690925	     -0.46888370
      4.44500000	     54.69348502	   -684.12864710	    190.02381272	      0.02731233	     -0.09017725	      0.04776592	     -0.23445567	      0.87113663	     -0.46899737
      4.45000000	     83.40279799	   -760.17569092	    182.72396889	      0.02032563	     -0.06695136	      0.04502668	     -0.23583034	      0.86526591	     -0.46911175
      4.45500000	    102.71027937	   -828.60189581	    174.76641666	     -0.01085270	      0.03438158	      0.04195727	     -0.23724843	      0.85931983	     -0.46922641
      4.46000000	     98.67930859	   -859.94715991	    166.36843239	     -0.02395457	      0.02381374	      0.02979179	     -0.23870396	      0.85332245	     -0.46934099
      4.46500000	     70.31396264	   -875.46038749	    184.56915348	     -0.03531815	      0.00304142	      0.00888907	     -0.24018994	      0.84729894	     -0.46945530
      4.47000000	     27.05760606	   -894.76726658	    204.04486146	     -0.03526092	      0.00732864	     -0.00684257	     -0.24169855	      0.84127528	     -0.46956924
      4.47500000	     -0.69560879	   -931.64172065	    216.13734792	     -0.03274657	      0.01433935	     -0.01883699	     -0.24322115	      0.83527809	     -0.46968285
      4.48000000	    -14.08825213	  -1041.65100505	    243.62422351	     -0.03762927	      0.02118846	     -0.02572356	     -0.24474848	      0.82933422	     -0.46979625
      4.48500000	    -11.23749167	  -1139.75815762	    262.61851777	     -0.04211496	      0.02507774	     -0.02709931	     -0.24627078	      0.82347052	     -0.46990967
      4.49000000	     -9.18816004	  -1160.64096985	    260.32442357	     -0.04074222	      0.02672592	     -0.02832266	     -0.24777789	      0.81771351	     -0.47002339
      4.49500000	     -4.03477972	  -1189.65637966	    262.56798560	     -0.04047212	      0.02875430	     -0.02929380	     -0.24925947	      0.81208908	     -0.47013770
      4.50000000	      8.47763177	  -1216.41499289	    263.09159603	     -0.04109477	      0.02929918	     -0.02748713	     -0.25070507	      0.80662231	     -0.47025288
      4.50500000	     31.17267789	  -1262.17245787	    267.57989831	     -0.04501095	      0.02919258	     -0.02214683	     -0.25210429	      0.80133730	     -0.47036912
      4.51000000	     56.04282669	  -1327.86780248	    280.84373417	     -0.05228443	      0.02992530	     -0.01637085	     -0.25344690	      0.79625697	     -0.47048650
      4.51500000	     83.62065877	  -1373.74169422	    289.76257737	     -0.05790009	      0.02947578	     -0.01011000	     -0.25472297	      0.79140300	     -0.47060490
      4.52000000	    109.61924068	  -1423.75813737	    301.46039329	     -0.06492149	      0.02985280	     -0.00417984	     -0.25592294	      0.78679593	     -0.47072402
      4.52500000	    120.49644252	  -1437.00330831	    305.55344806	     -0.06813444	      0.03187559	     -0.00278236	     -0.25703779	      0.78245510	     -0.47084321
      4.53000000	    120.99670242	  -1424.71859714	    302.96486476	     -0.06870641	      0.03502669	     -0.00421193	     -0.25805916	      0.77839875	     -0.47096181
      4.53500000	    115.69753097	  -1407.29660844	    296.95449468	     -0.06800387	      0.03950321	     -0.00754479	     -0.25897940	      0.77464405	     -0.47107862
      4.54000000	    105.91970796	  -1391.03250335	    289.47409220	     -0.06553837	      0.04459867	     -0.01255551	     -0.25979173	      0.77120717	     -0.47119224
      4.54500000	     90.67649372	  -1405.70213689	    290.72670899	     -0.06585275	      0.05239594	     -0.01946192	     -0.26049040	      0.76810336	     -0.47130112
      4.55000000	     74.89283420	  -1406.64903380	    287.22497117	     -0.06310226	      0.05928278	     -0.02751471	     -0.26107074	      0.76534691	     -0.47140346
      4.55500000	     60.20417399	  -1449.20494911	    297.10708805	     -0.06491668	      0.06740404	     -0.03712826	     -0.26152928	      0.76295105	     -0.47149734
      4.56000000	     52.62612269	  -1508.07061509	    313.54042626	     -0.06826281	      0.07446433	     -0.04645819	     -0.26186381	      0.76092794	     -0.47158078
      4.56500000	     50.19377620	  -1570.68526743	    330.96032052	     -0.07342190	      0.08019446	     -0.05374532	     -0.26207342	      0.75928845	     -0.47165181
      4.57000000	     51.61859914	  -1620.64904536	    344.08341845	     -0.07749821	      0.08355243	     -0.05945390	     -0.26215850	      0.75804208	     -0.47170852
      4.57500000	     56.40787428	  -1654.86141392	    352.04980322	     -0.08010481	      0.08466766	     -0.06342900	     -0.26212072	      0.75719684	     -0.47174918
      4.58000000	     62.84901438	  -1683.70821330	    359.56810373	     -0.08212201	      0.08456480	     -0.06719630	     -0.26196297	      0.75675866	     -0.47177228
      4.58500000	     68.39282282	  -1707.71483705	    365.00684032	     -0.08547248	      0.08370383	     -0.06947807	     -0.26168926	      0.75673183	     -0.47177658
      4.59000000	     76.01720992	  -1718.12624178	    366.41387841	     -0.08746716	      0.08064446	     -0.06972574	     -0.26130453	      0.75711834	     -0.47176116
      4.59500000	     81.25512333	  -1729.97700266	    368.75091375	     -0.09156618	      0.07670511	     -0.06892531	     -0.26081462	      0.75791801	     -0.47172548
      4.60000000	     84.35942151	  -1738.25974171	    371.63738305	     -0.09645161	      0.07120003	     -0.06762002	     -0.26022597	      0.75912848	     -0.47166936
      4.60500000	     87.81590072	  -1732.67502636	    371.74228900	     -0.10065285	      0.06317067	     -0.06432425	     -0.25954555	      0.76074475	     -0.47159296
      4.61000000	     91.03809635	  -1719.58394440	    372.19035337	     -0.10417018	      0.05333176	     -0.06102889	     -0.25878063	      0.76275987	     -0.47149684
      4.61500000	     98.44148214	  -1721.56840936	    378.00843936	     -0.11431645	      0.04026152	     -0.05188529	     -0.25793859	      0.76516452	     -0.47138189
      4.62000000	    101.06933400	  -1715.55884171	    382.63014061	     -0.12316681	      0.02711404	     -0.04458554	     -0.25702682	      0.76794720	     -0.47124927
      4.62500000	    100.28744038	  -1685.00516220	    380.16848587	     -0.12777423	      0.01442050	     -0.03824655	     -0.25605259	      0.77109449	     -0.47110042
      4.63000000	     97.19949299	  -1637.24882167	    372.49882909	     -0.12965531	      0.00254918	     -0.03255006	     -0.25502293	      0.77459105	     -0.47093701
      4.63500000	     92.06115750	  -1589.94280619	    364.98103863	     -0.13148623	     -0.00841660	     -0.02778258	     -0.25394451	      0.77841988	     -0.47076087
      4.64000000	     87.25194838	  -1525.18795026	    351.78253247	     -0.12997677	     -0.01804939	     -0.02264232	     -0.25282361	      0.78256247	     -0.47057397
      4.64500000	     80.80017346	  -1459.47222098	    338.33689669	     -0.12819574	     -0.02622014	     -0.01882355	     -0.25166611	      0.78699878	     -0.47037831
      4.65000000	     74.23442886	  -1388.09627651	    322.86910867	     -0.12459755	     -0.03267094	     -0.01567524	     -0.25047740	      0.79170774	     -0.47017596
      4.65500000	     68.98290456	  -1284.16554894	    297.09095893	     -0.11260255	     -0.03601520	     -0.01395096	     -0.24926247	      0.79666714	     -0.46996897
      4.66000000	     62.50884661	  -1195.01206193	    276.14124382	     -0.10416612	     -0.03895019	     -0.01253845	     -0.24802586	      0.80185392	     -0.46975934
      4.66500000	     57.61544310	  -1096.00772973	    252.55305494	     -0.09373910	     -0.04050068	     -0.01050704	     -0.24677179	      0.80724416	     -0.46954899
      4.67000000	     51.58770141	  -1004.17021184	    231.24171764	     -0.08405094	     -0.04084804	     -0.00995864	     -0.24550415	      0.81281337	     -0.46933971
      4.67500000	     46.87550423	   -908.48901590	    209.00723705	     -0.07454840	     -0.04105532	     -0.00760437	     -0.24422662	      0.81853656	     -0.46913319
      4.68000000	     41.77712673	   -813.68306397	    187.49869071	     -0.06393194	     -0.03960484	     -0.00721031	     -0.24294271	      0.82438841	     -0.46893093
      4.68500000	     36.96881649	   -728.52933262	    169.13941617	     -0.05596246	     -0.03862990	     -0.00555067	     -0.24165587	      0.83034336	     -0.46873428
      4.69000000	     32.44667243	   -643.72978008	    150.82791531	     -0.04736030	     -0.03665963	     -0.00456542	     -0.24036955	      0.83637575	     -0.46854439
      4.69500000	     24.89914093	   -591.57384862	    143.18666556	     -0.04714140	     -0.03541747	     -0.00354241	     -0.23908723	      0.84246000	     -0.46836223
      4.70000000	     22.00327943	   -525.21430273	    129.92590373	     -0.04227494	     -0.03457320	     -0.00005861	     -0.23781249	      0.84857075	     -0.46818860
      4.70500000	     17.96001084	   -474.25045499	    121.08010001	     -0.04009762	     -0.03307493	      0.00231898	     -0.23654902	      0.85468300	     -0.46802409
      4.71000000	     12.59851821	   -439.79799170	    117.10878891	     -0.04126271	     -0.03147110	      0.00354597	     -0.23530063	      0.86077229	     -0.46786913
      4.71500000	     11.42515834	   -402.46170903	    108.73415047	     -0.03908405	     -0.03028341	      0.01093598	     -0.23407123	      0.86681482	     -0.46772398
      4.72000000	      3.59938356	   -403.44913742	    111.01901884	     -0.04442126	     -0.03033715	      0.01873058	     -0.23286479	      0.87278762	     -0.46758875
      4.72500000	     -3.45726217	   -392.04910331	    107.97486111	     -0.04236560	     -0.03223677	      0.02706021	     -0.23168531	      0.87866868	     -0.46746342
      4.73000000	    -16.64424642	   -395.94891714	    109.83997183	     -0.03982658	     -0.03847147	      0.03464391	     -0.23053672	      0.88443711	     -0.46734786
      4.73500000	    -44.29911359	   -420.49323465	    121.08731341	     -0.04035505	     -0.05481987	      0.04867871	     -0.22942291	      0.89007318	     -0.46724188
      4.74000000	    -81.80866052	   -452.00153746	    135.94816167	     -0.04548751	     -0.07609379	      0.06819754	     -0.22834754	      0.89555851	     -0.46714521
      4.74500000	   -107.80580002	   -461.82389308	    144.88396060	     -0.05330124	     -0.08541189	      0.08093324	     -0.22731408	      0.90087616	     -0.46705755
      4.75000000	   -131.24026108	   -477.40295040	    152.81026089	     -0.05301610	     -0.09861306	      0.09268363	     -0.22632564	      0.90601061	     -0.46697853
      4.75500000	   -146.74423409	   -480.53280182	    156.68742163	     -0.05387246	     -0.10444370	      0.10008793	     -0.22538501	      0.91094791	     -0.46690782
      4.76000000	   -155.13092249	   -471.56089718	    157.93801038	     -0.05110027	     -0.10958734	      0.10296099	     -0.22449459	      0.91567565	     -0.46684509
      4.76500000	   -156.24275255	   -456.60210651	    151.07870019	     -0.05717982	     -0.09721639	      0.10348962	     -0.22365631	      0.92018291	     -0.46678998
      4.77000000	   -150.42520000	   -458.04292224	    161.09776502	     -0.04002589	     -0.12138512	      0.09900835	     -0.22287158	      0.92446067	     -0.46674219
      4.77500000	   -149.25556084	   -446.32804013	    151.83356093	     -0.04487802	     -0.10600724	      0.09861297	     -0.22214138	      0.92850110	     -0.46670137
      4.78000000	   -141.38902607	   -440.50781274	    149.17942921	     -0.03613888	     -0.10424305	      0.09299119	     -0.22146621	      0.93229787	     -0.46666715
      4.78500000	   -137.59461118	   -443.52476522	    148.65228335	     -0.03311786	     -0.10013355	      0.09026009	     -0.22084610	      0.93584623	     -0.46663917
      4.79000000	   -131.87521655	   -445.51854056	    145.35175507	     -0.03270455	     -0.09572510	      0.08773747	     -0.22028069	      0.93914257	     -0.46661702
      4.79500000	   -128.81640533	   -462.87269039	    148.76157185	     -0.02969440	     -0.09639471	      0.08610536	     -0.21976928	      0.94218452	     -0.46660025
      4.80000000	   -126.49192420	   -479.62683329	    152.63969311	     -0.02545728	     -0.09780421	      0.08449562	     -0.21931088	      0.94497089	     -0.46658833
      4.80500000	   -127.66869789	   -493.00824182	    153.46988325	     -0.02528927	     -0.09598247	      0.08577210	     -0.21890440	      0.94750117	     -0.46658072
      4.81000000	   -128.23133431	   -507.35943913	    153.32088870	     -0.02736363	     -0.09343815	      0.08750293	     -0.21854868	      0.94977572	     -0.46657677
      4.81500000	   -128.23774068	   -527.96457219	    157.66401379	     -0.02445328	     -0.09566572	      0.08778003	     -0.21824246	      0.95179555	     -0.46657583
      4.82000000	   -128.09976824	   -538.21591487	    158.27648556	     -0.02379424	     -0.09342488	      0.08816698	     -0.21798483	      0.95356172	     -0.46657716
      4.82500000	   -126.51920862	   -541.52930868	    156.45236443	     -0.02393358	     -0.08966356	      0.08797028	     -0.21777498	      0.95507584	     -0.46658004
      4.83000000	   -124.89389644	   -543.13486066	    154.71781948	     -0.02313279	     -0.08685548	      0.08757185	     -0.21761236	      0.95633951	     -0.46658373
      4.83500000	   -118.89773896	   -542.93379334	    153.34857065	     -0.02075261	     -0.08391646	      0.08406756	     -0.21749672	      0.95735423	     -0.46658750
      4.84000000	   -115.03828634	   -534.73206326	    148.97590499	     -0.01990404	     -0.07918813	      0.08215060	     -0.21742818	      0.95812133	     -0.46659065
      4.84500000	   -110.31874739	   -525.67141457	    145.01498265	     -0.01831544	     -0.07459296	      0.07941913	     -0.21740715	      0.95864188	     -0.46659257
      4.85000000	   -103.06107536	   -518.00613720	    141.76474778	     -0.01620360	     -0.07023408	      0.07498015	     -0.21743432	      0.95891655	     -0.46659270
      4.85500000	    -99.69445219	   -501.83771205	    134.11596484	     -0.01813559	     -0.06366620	      0.07428487	     -0.21751058	      0.95894565	     -0.46659057
      4.86000000	    -93.65722432	   -492.47222667	    128.88704714	     -0.01952959	     -0.05900230	      0.07205862	     -0.21763697	      0.95872909	     -0.46658583
      4.86500000	    -88.68204530	   -480.09321366	    124.22270839	     -0.01940986	     -0.05335681	      0.06953574	     -0.21781457	      0.95826636	     -0.46657820
      4.87000000	    -85.85302972	   -472.34524868	    119.56503902	     -0.02316746	     -0.04761720	      0.06999026	     -0.21804443	      0.95755665	     -0.46656755
      4.87500000	    -83.55867374	   -466.40111732	    115.44202677	     -0.03163175	     -0.03747619	      0.07143330	     -0.21832746	      0.95659890	     -0.46655386
      4.88000000	    -81.57516122	   -461.72080542	    112.74119440	     -0.04174484	     -0.02689300	      0.07315762	     -0.21866436	      0.95539184	     -0.46653720
      4.88500000	    -80.79531027	   -470.64109473	    116.51761586	     -0.05139217	     -0.02033472	      0.07557313	     -0.21905553	      0.95393424	     -0.46651779
      4.89000000	    -82.20696894	   -491.09474273	    126.31838777	     -0.06614681	     -0.01578439	      0.07999027	     -0.21950104	      0.95222488	     -0.46649595
      4.89500000	    -88.22039978	   -522.76855748	    140.68921146	     -0.07459502	     -0.01823749	      0.08654076	     -0.22000060	      0.95026275	     -0.46647205
      4.90000000	   -100.69404874	   -570.85217919	    162.61000812	     -0.08920212	     -0.02254457	      0.09823529	     -0.22055357	      0.94804726	     -0.46644663
      4.90500000	   -110.06866137	   -612.04306295	    180.23408366	     -0.10031512	     -0.02635748	      0.10961896	     -0.22115898	      0.94557839	     -0.46642035
      4.91000000	   -121.12351771	   -659.03363350	    199.74146217	     -0.11295743	     -0.03065355	      0.12360604	     -0.22181549	      0.94285679	     -0.46639381
      4.91500000	   -133.82633283	   -712.09100917	    222.35516232	     -0.12812935	     -0.03605642	      0.13984737	     -0.22252156	      0.93988395	     -0.46636777
      4.92000000	   -144.52949895	   -757.67965644	    241.07557959	     -0.14198374	     -0.04133246	      0.15694855	     -0.22327544	      0.93666243	     -0.46634300
      4.92500000	   -146.46662931	   -778.69656129	    248.83548714	     -0.14931726	     -0.04545033	      0.16970465	     -0.22407523	      0.93319585	     -0.46632025
      4.93000000	   -111.49171270	   -703.73446384	    217.18326680	     -0.12426660	     -0.04011287	      0.14518913	     -0.22491898	      0.92948914	     -0.46630033
      4.93500000	    -82.33509865	   -482.07498815	    155.63263268	     -0.05773561	     -0.06275671	      0.11355970	     -0.22580461	      0.92554864	     -0.46628394
      4.94000000	   -138.53312819	   -860.06979812	    258.50253363	     -0.06937573	     -0.15329550	      0.21575891	     -0.22673004	      0.92138208	     -0.46627167
      4.94500000	   -152.57633330	   -988.86463533	    280.17556202	     -0.10060280	     -0.15145014	      0.25973687	     -0.22769316	      0.91699876	     -0.46626410
      4.95000000	   -105.11801727	   -782.17446406	    213.92193828	     -0.11207586	     -0.06842072	      0.19607973	     -0.22869177	      0.91240946	     -0.46626161
      4.95500000	    -37.26895022	   -470.86660295	    153.04370438	     -0.06785248	     -0.02374367	      0.07143431	     -0.22972361	      0.90762656	     -0.46626446
      4.96000000	      8.40102883	   -481.42841259	    134.13057227	     -0.01464322	     -0.00026046	     -0.01040132	     -0.23078628	      0.90266396	     -0.46627273
      4.96500000	     44.06581899	   -766.37223010	    181.75694546	     -0.01152968	      0.01239638	     -0.02219386	     -0.23187723	      0.89753708	     -0.46628641
      4.97000000	     69.78138892	   -913.35366072	    211.55682514	     -0.00870610	      0.02074075	     -0.02919166	     -0.23299368	      0.89226278	     -0.46630519
      4.97500000	     63.75056594	   -765.58739729	    188.66138909	     -0.00373993	      0.02313724	     -0.03007336	     -0.23413261	      0.88685922	     -0.46632879
      4.98000000	     29.96238747	   -503.20831806	    134.23064824	     -0.00538767	      0.00993830	     -0.01889481	     -0.23529076	      0.88134588	     -0.46635661
      4.98500000	     17.33319283	   -395.70841113	    108.45915075	     -0.00978909	     -0.00261469	     -0.00088194	     -0.23646462	      0.87574331	     -0.46638812
      4.99000000	     56.45157364	   -535.97987654	    112.42005299	     -0.00626315	      0.01880605	      0.01885057	     -0.23765046	      0.87007298	     -0.46642234
      4.99500000	   -149.35118685	   -808.43671205	    301.63710036	     -0.16159401	     -0.18042303	      0.33121988	     -0.23884434	      0.86435709	     -0.46645851
      5.00000000	   -147.69900976	   -800.63187906	    303.26614802	     -0.15092916	     -0.19789074	      0.33559569	     -0.24004221	      0.85861835	     -0.46649574
