Joint Reaction Loads
version=1
nRows=1000
nColumns=10
inDegrees=no

This file contains the reaction forces and moments
applied to the specified body of a joint pair and expressed  in the specified reference frame.

Units are S.I. units (seconds, meters, Newtons, ...)
endheader
time	hip_r_on_femur_r_in_ground_fx	hip_r_on_femur_r_in_ground_fy	hip_r_on_femur_r_in_ground_fz	hip_r_on_femur_r_in_ground_mx	hip_r_on_femur_r_in_ground_my	hip_r_on_femur_r_in_ground_mz	hip_r_on_femur_r_in_ground_px	hip_r_on_femur_r_in_ground_py	hip_r_on_femur_r_in_ground_pz
      0.00500000	     23.32867047	   -754.66789748	    193.03642697	     -0.00039418	      0.00109852	      0.00039525	     -0.22847773	      0.86078980	     -0.47502230
      0.01000000	     20.04046912	   -714.05461749	    185.03329396	     -0.00047091	      0.00092977	      0.00038166	     -0.22791437	      0.86495399	     -0.47501310
      0.01500000	     17.20092338	   -677.15316054	    178.20033133	     -0.00054118	      0.00070857	      0.00041625	     -0.22735560	      0.86911651	     -0.47500648
      0.02000000	     16.27964430	   -637.74173360	    172.56630407	     -0.00065654	      0.00043430	      0.00035261	     -0.22680682	      0.87327493	     -0.47500479
      0.02500000	      6.69654632	   -607.08589744	    172.36452941	     -0.00047814	      0.00072211	      0.00038097	     -0.22627327	      0.87742628	     -0.47501032
      0.03000000	      3.36851842	   -571.64212528	    165.23650074	     -0.00048314	      0.00073245	      0.00044781	     -0.22575992	      0.88156678	     -0.47502520
      0.03500000	     -0.31392169	   -542.09245435	    159.68719344	     -0.00044132	      0.00075323	      0.00056083	     -0.22527136	      0.88569172	     -0.47505136
      0.04000000	     -5.14579350	   -524.77406353	    157.51140221	     -0.00042040	      0.00074785	      0.00072573	     -0.22481177	      0.88979525	     -0.47509054
      0.04500000	     -8.74539446	   -503.72247437	    155.31227234	     -0.00037256	      0.00074398	      0.00082435	     -0.22438485	      0.89387037	     -0.47514416
      0.05000000	    -13.37682761	   -493.14083169	    155.29686179	     -0.00033019	      0.00064817	      0.00098566	     -0.22399375	      0.89790885	     -0.47521336
      0.05500000	    -17.03798469	   -481.24302778	    151.50888634	     -0.00028964	      0.00060924	      0.00114741	     -0.22364111	      0.90190135	     -0.47529896
      0.06000000	    -20.15201486	   -483.86558124	    157.09737575	     -0.00000892	     -0.00062397	      0.00144076	     -0.22332895	      0.90583744	     -0.47540139
      0.06500000	    -24.34649417	   -474.49346278	    157.80584184	     -0.00004692	     -0.00033368	      0.00148996	     -0.22305875	      0.90970576	     -0.47552073
      0.07000000	    -25.83079758	   -456.27991438	    158.68915421	      0.00011895	     -0.00075154	      0.00154625	     -0.22283142	      0.91349420	     -0.47565664
      0.07500000	    -25.89610258	   -421.03764824	    148.96105734	      0.00000794	      0.00008616	      0.00139514	     -0.22264730	      0.91719009	     -0.47580843
      0.08000000	    -26.17164026	   -387.02094330	    139.31086082	     -0.00017854	      0.00142966	      0.00119914	     -0.22250622	      0.92078038	     -0.47597499
      0.08500000	    -25.16359060	   -364.17064823	    134.50986958	     -0.00017361	      0.00182306	      0.00103763	     -0.22240747	      0.92425191	     -0.47615489
      0.09000000	    -22.91951812	   -328.65696962	    130.13707663	     -0.00003387	      0.00195877	      0.00088312	     -0.22234990	      0.92759156	     -0.47634635
      0.09500000	    -17.88249536	   -271.80954216	    119.71299888	      0.00016295	      0.00214619	      0.00060160	     -0.22233189	      0.93078648	     -0.47654733
      0.10000000	    -16.76765527	   -250.16383769	    115.65104065	      0.00021308	      0.00231986	      0.00048333	     -0.22235145	      0.93382423	     -0.47675556
      0.10500000	    -18.02700949	   -244.87069278	    115.16126995	      0.00020484	      0.00241505	      0.00047542	     -0.22240620	      0.93669297	     -0.47696864
      0.11000000	    -19.63563156	   -239.50080405	    113.38164009	      0.00020586	      0.00236638	      0.00051525	     -0.22249348	      0.93938151	     -0.47718406
      0.11500000	    -52.91996126	   -341.85301751	    127.50801336	     -0.00062745	      0.00046015	      0.00186760	     -0.22261040	      0.94187945	     -0.47739935
      0.12000000	    -70.75269253	   -445.91805662	    151.95729658	     -0.00098822	     -0.00050363	      0.00266825	     -0.22275384	      0.94417722	     -0.47761212
      0.12500000	    -61.92897424	   -457.63347102	    149.69996533	     -0.00092139	     -0.00032651	      0.00244875	     -0.22292057	      0.94626610	     -0.47782013
      0.13000000	    -53.80544071	   -465.03087712	    148.63164611	     -0.00072528	     -0.00037048	      0.00225585	     -0.22310727	      0.94813826	     -0.47802141
      0.13500000	    -48.96525579	   -477.59901434	    149.17505482	     -0.00073636	     -0.00008729	      0.00211563	     -0.22331061	      0.94978674	     -0.47821428
      0.14000000	    -42.65296720	   -468.08823058	    138.27083051	     -0.00074161	     -0.00009340	      0.00200892	     -0.22352728	      0.95120544	     -0.47839742
      0.14500000	    -37.92361080	   -469.51253309	    136.00127994	     -0.00068209	     -0.00009409	      0.00190678	     -0.22375408	      0.95238911	     -0.47856991
      0.15000000	     -7.29288035	   -399.08981216	    121.67846009	      0.00000425	      0.00171628	      0.00063782	     -0.22398795	      0.95333333	     -0.47873124
      0.15500000	      9.04377663	   -369.94650627	    122.48049701	      0.00042784	      0.00245985	     -0.00029199	     -0.22422603	      0.95403450	     -0.47888132
      0.16000000	      7.70941034	   -366.27899281	    121.86012019	      0.00040737	      0.00247784	     -0.00034456	     -0.22446572	      0.95448986	     -0.47902047
      0.16500000	      7.53643077	   -359.28035054	    119.43556811	      0.00036668	      0.00250151	     -0.00040874	     -0.22470472	      0.95469740	     -0.47914936
      0.17000000	      7.21102131	   -361.67193364	    120.16917434	      0.00032244	      0.00252414	     -0.00049938	     -0.22494107	      0.95465599	     -0.47926900
      0.17500000	      3.71709807	   -355.84822923	    121.83793644	      0.00018558	      0.00235663	     -0.00055732	     -0.22517319	      0.95436527	     -0.47938065
      0.18000000	      3.45191687	   -337.17181383	    114.03220665	      0.00009588	      0.00218391	     -0.00061390	     -0.22539991	      0.95382576	     -0.47948576
      0.18500000	      1.53988726	   -329.75119358	    113.73907356	     -0.00005770	      0.00190755	     -0.00068120	     -0.22562050	      0.95303884	     -0.47958588
      0.19000000	      2.34979208	   -344.15152528	    118.00981967	     -0.00013675	      0.00183660	     -0.00076775	     -0.22583467	      0.95200678	     -0.47968257
      0.19500000	     26.06387493	   -599.66514985	    174.23363168	      0.00002980	      0.00302697	     -0.00130844	     -0.22604257	      0.95073280	     -0.47977737
      0.20000000	     50.16177984	   -637.28828604	    181.99429903	      0.00053375	      0.00257781	     -0.00113179	     -0.22624480	      0.94922110	     -0.47987167
      0.20500000	     42.89907295	   -536.42099217	    163.35552491	      0.00067223	      0.00236467	     -0.00078936	     -0.22644237	      0.94747689	     -0.47996667
      0.21000000	     31.73821812	   -429.04205578	    148.22099755	      0.00078790	      0.00160355	     -0.00039163	     -0.22663669	      0.94550645	     -0.48006337
      0.21500000	     13.27902439	   -394.37894800	    166.44113760	      0.00135303	     -0.00206935	      0.00057772	     -0.22682952	      0.94331712	     -0.48016250
      0.22000000	     25.41251064	   -632.13553936	    204.89344901	      0.00166267	     -0.00246612	      0.00113430	     -0.22702293	      0.94091737	     -0.48026451
      0.22500000	     34.40134593	   -891.72676001	    253.56754556	      0.00203550	     -0.00310471	      0.00182346	     -0.22721925	      0.93831678	     -0.48036960
      0.23000000	     46.76084387	  -1061.12879700	    296.13100527	      0.00252686	     -0.00388831	      0.00217495	     -0.22742103	      0.93552605	     -0.48047772
      0.23500000	     55.61505324	  -1072.35892546	    301.53586004	      0.00260678	     -0.00364633	      0.00204620	     -0.22763098	      0.93255698	     -0.48058862
      0.24000000	     57.82533335	   -974.37262178	    277.24984444	      0.00233888	     -0.00320099	      0.00172281	     -0.22785195	      0.92942244	     -0.48070186
      0.24500000	     59.53195401	   -874.43762794	    252.91525156	      0.00207387	     -0.00282531	      0.00142387	     -0.22808684	      0.92613629	     -0.48081687
      0.25000000	     60.09706313	   -788.40592095	    231.82877397	      0.00182828	     -0.00255257	      0.00117239	     -0.22833858	      0.92271334	     -0.48093298
      0.25500000	     64.15743816	   -809.30017306	    241.42746507	      0.00189682	     -0.00276599	      0.00119503	     -0.22861003	      0.91916924	     -0.48104946
      0.26000000	     75.31878646	   -864.47461989	    264.36981126	      0.00220929	     -0.00359726	      0.00130428	     -0.22890396	      0.91552039	     -0.48116558
      0.26500000	     81.77157436	   -873.58862814	    275.43850455	      0.00233108	     -0.00389567	      0.00123966	     -0.22922290	      0.91178377	     -0.48128057
      0.27000000	     84.92301193	   -885.86997095	    295.35496038	      0.00252777	     -0.00454795	      0.00127842	     -0.22956907	      0.90797684	     -0.48139370
      0.27500000	     92.42894470	   -890.06575372	    305.91712917	      0.00265055	     -0.00471949	      0.00114289	     -0.22994428	      0.90411736	     -0.48150425
      0.28000000	     98.51134556	   -873.93329198	    310.66565522	      0.00269796	     -0.00475744	      0.00094410	     -0.23034985	      0.90022323	     -0.48161154
      0.28500000	    107.73359255	   -904.27281072	    326.58021493	      0.00288143	     -0.00499541	      0.00088297	     -0.23078645	      0.89631230	     -0.48171495
      0.29000000	    116.46227797	   -949.12995473	    341.37673815	      0.00304289	     -0.00510748	      0.00088368	     -0.23125409	      0.89240221	     -0.48181390
      0.29500000	    122.14296479	   -949.48451657	    343.48821286	      0.00308518	     -0.00513982	      0.00079858	     -0.23175203	      0.88851022	     -0.48190786
      0.30000000	    129.96258345	   -976.59149360	    353.19741043	      0.00321552	     -0.00521844	      0.00078439	     -0.23227871	      0.88465303	     -0.48199635
      0.30500000	    136.86245623	   -995.10392558	    359.82987586	      0.00333955	     -0.00531464	      0.00078145	     -0.23283179	      0.88084672	     -0.48207899
      0.31000000	    142.10863272	   -998.92917986	    361.83164146	      0.00341661	     -0.00533115	      0.00076215	     -0.23340811	      0.87710657	     -0.48215544
      0.31500000	    150.05458351	  -1023.62596881	    370.52392438	      0.00360394	     -0.00552355	      0.00081633	     -0.23400378	      0.87344703	     -0.48222546
      0.32000000	    153.32936039	  -1014.81542627	    364.88241384	      0.00360805	     -0.00539126	      0.00079268	     -0.23461419	      0.86988166	     -0.48228888
      0.32500000	    159.15849693	  -1023.20698910	    363.06998008	      0.00367933	     -0.00532857	      0.00080696	     -0.23523413	      0.86642313	     -0.48234559
      0.33000000	    162.25485835	  -1025.16689973	    356.47303349	      0.00368521	     -0.00514368	      0.00083284	     -0.23585787	      0.86308324	     -0.48239556
      0.33500000	    165.65150855	  -1039.09749206	    356.29855176	      0.00377886	     -0.00513927	      0.00092200	     -0.23647931	      0.85987300	     -0.48243882
      0.34000000	    165.58527431	  -1044.73471668	    351.04673202	      0.00377784	     -0.00494342	      0.00099985	     -0.23709208	      0.85680265	     -0.48247543
      0.34500000	    163.35835888	  -1044.77813970	    343.47523695	      0.00369597	     -0.00457877	      0.00104814	     -0.23768969	      0.85388183	     -0.48250545
      0.35000000	    163.43525271	  -1068.23488762	    342.27393005	      0.00368102	     -0.00428198	      0.00115640	     -0.23826565	      0.85111962	     -0.48252894
      0.35500000	    162.20887180	  -1097.77540459	    342.30216096	      0.00361064	     -0.00388174	      0.00127111	     -0.23881364	      0.84852466	     -0.48254592
      0.36000000	    155.21670416	  -1095.65445529	    332.82822514	      0.00342833	     -0.00346310	      0.00130598	     -0.23932761	      0.84610531	     -0.48255633
      0.36500000	    153.42801908	  -1108.58299994	    330.24734586	      0.00332245	     -0.00318872	      0.00131706	     -0.23980192	      0.84386962	     -0.48256004
      0.37000000	    147.01445132	  -1100.62733299	    320.24128418	      0.00304872	     -0.00259417	      0.00126290	     -0.24023148	      0.84182553	     -0.48255678
      0.37500000	    139.89874448	  -1084.14032410	    308.78441267	      0.00274939	     -0.00207710	      0.00115639	     -0.24061180	      0.83998078	     -0.48254621
      0.38000000	    144.21529843	  -1102.27645441	    312.16280014	      0.00275038	     -0.00220569	      0.00111545	     -0.24093916	      0.83834304	     -0.48252783
      0.38500000	    132.78336601	  -1065.54819366	    293.99234061	      0.00231202	     -0.00148071	      0.00095042	     -0.24121062	      0.83691978	     -0.48250108
      0.39000000	    142.95341224	  -1102.85206149	    304.67759004	      0.00249190	     -0.00194709	      0.00097427	     -0.24142414	      0.83571833	     -0.48246531
      0.39500000	    139.53590799	  -1093.37779509	    297.04558537	      0.00229710	     -0.00164596	      0.00090678	     -0.24157858	      0.83474573	     -0.48241981
      0.40000000	    134.19477173	  -1089.98423786	    287.70229226	      0.00199759	     -0.00123276	      0.00083770	     -0.24167373	      0.83400867	     -0.48236387
      0.40500000	    136.47867390	  -1092.06642450	    287.10122509	      0.00198103	     -0.00128685	      0.00079377	     -0.24171031	      0.83351337	     -0.48229681
      0.41000000	    130.67688916	  -1069.98199054	    275.20596055	      0.00169181	     -0.00089204	      0.00066172	     -0.24168995	      0.83326546	     -0.48221799
      0.41500000	    120.79526675	  -1024.69983143	    257.49948990	      0.00120229	     -0.00006386	      0.00040827	     -0.24161509	      0.83326985	     -0.48212692
      0.42000000	    121.00378548	  -1003.84767092	    251.95055352	      0.00115498	     -0.00014349	      0.00023472	     -0.24148897	      0.83353059	     -0.48202319
      0.42500000	    114.77522595	   -970.06457874	    239.65311210	      0.00085019	      0.00038924	      0.00003095	     -0.24131548	      0.83405074	     -0.48190661
      0.43000000	    109.27285253	   -950.34381614	    230.42602643	      0.00058659	      0.00084047	     -0.00007874	     -0.24109909	      0.83483224	     -0.48177714
      0.43500000	    108.90606797	   -939.74136294	    227.32467209	      0.00056979	      0.00075904	     -0.00013844	     -0.24084472	      0.83587577	     -0.48163496
      0.44000000	    106.26880855	   -924.81085743	    222.60299763	      0.00050694	      0.00076139	     -0.00018574	     -0.24055764	      0.83718068	     -0.48148045
      0.44500000	    102.92099440	   -902.62035278	    218.19404309	      0.00045547	      0.00075222	     -0.00028866	     -0.24024331	      0.83874484	     -0.48131422
      0.45000000	    102.82146735	   -885.23428034	    217.54574048	      0.00056055	      0.00041729	     -0.00030843	     -0.23990734	      0.84056460	     -0.48113707
      0.45500000	     98.83111988	   -862.70774835	    212.38774787	      0.00053232	      0.00032592	     -0.00029549	     -0.23955535	      0.84263470	     -0.48095003
      0.46000000	     97.28927782	   -846.31110052	    210.75364092	      0.00063569	     -0.00007509	     -0.00019696	     -0.23919289	      0.84494822	     -0.48075429
      0.46500000	     91.85507557	   -821.37668313	    204.48741160	      0.00056605	     -0.00010575	     -0.00013409	     -0.23882538	      0.84749659	     -0.48055122
      0.47000000	     85.43863226	   -790.02878588	    196.45913331	      0.00043944	      0.00001137	     -0.00010695	     -0.23845803	      0.85026951	     -0.48034234
      0.47500000	     78.45167333	   -753.26312232	    188.49364801	      0.00032010	      0.00011658	     -0.00010637	     -0.23809584	      0.85325507	     -0.48012932
      0.48000000	     71.04770739	   -721.61992711	    180.98049717	      0.00015265	      0.00025019	     -0.00004393	     -0.23774351	      0.85643970	     -0.47991390
      0.48500000	     63.62878325	   -696.84787974	    175.76350002	     -0.00004402	      0.00037224	      0.00004265	     -0.23740545	      0.85980830	     -0.47969793
      0.49000000	     57.79713971	   -677.82263963	    172.29351300	     -0.00014734	      0.00034913	      0.00021350	     -0.23708574	      0.86334429	     -0.47948331
      0.49500000	     51.57657610	   -663.46770350	    170.38911690	     -0.00024714	      0.00033893	      0.00039394	     -0.23678811	      0.86702976	     -0.47927198
      0.50000000	     42.69775407	   -675.98085356	    174.63017160	     -0.00040566	      0.00030899	      0.00074222	     -0.23651593	      0.87084558	     -0.47906589
      0.50500000	     32.28170410	   -687.48943641	    179.38453701	     -0.00058776	      0.00029145	      0.00104366	     -0.23627218	      0.87477153	     -0.47886697
      0.51000000	     22.04504566	   -690.82782223	    182.32845153	     -0.00074933	      0.00029705	      0.00128315	     -0.23605946	      0.87878653	     -0.47867715
      0.51500000	     12.74750209	   -687.75218687	    183.10680960	     -0.00083431	      0.00029950	      0.00149122	     -0.23587993	      0.88286876	     -0.47849828
      0.52000000	      6.19801835	   -664.49819792	    178.80166101	     -0.00084791	      0.00036236	      0.00155090	     -0.23573533	      0.88699589	     -0.47833214
      0.52500000	     -1.60835720	   -653.56397938	    172.54916084	     -0.00095460	      0.00039583	      0.00170881	     -0.23562693	      0.89114529	     -0.47818042
      0.53000000	     -7.79280844	   -636.20974112	    169.40293948	     -0.00097733	      0.00049879	      0.00176792	     -0.23555550	      0.89529421	     -0.47804467
      0.53500000	    -13.29178678	   -623.75318233	    171.97410292	     -0.00091819	      0.00061722	      0.00180644	     -0.23552131	      0.89942001	     -0.47792631
      0.54000000	    -18.25046726	   -599.56421201	    167.37613341	     -0.00096478	      0.00079299	      0.00177417	     -0.23552410	      0.90350036	     -0.47782654
      0.54500000	    -21.20910849	   -560.33783467	    154.58798455	     -0.00095067	      0.00099189	      0.00170372	     -0.23556304	      0.90751345	     -0.47774639
      0.55000000	    -24.91149269	   -538.76377257	    152.16120284	     -0.00094769	      0.00115665	      0.00167907	     -0.23563677	      0.91143819	     -0.47768660
      0.55500000	    -27.81359010	   -522.41049924	    148.19697540	     -0.00097209	      0.00136388	      0.00167098	     -0.23574335	      0.91525435	     -0.47764766
      0.56000000	    -29.47150792	   -502.59059382	    145.42227002	     -0.00094214	      0.00155792	      0.00162436	     -0.23588033	      0.91894275	     -0.47762976
      0.56500000	    -29.28099175	   -478.84075671	    141.81383212	     -0.00095364	      0.00177581	      0.00147925	     -0.23604473	      0.92248538	     -0.47763272
      0.57000000	    -29.54378514	   -456.83297273	    139.23573341	     -0.00081103	      0.00201901	      0.00138042	     -0.23623312	      0.92586554	     -0.47765603
      0.57500000	    -25.52094407	   -393.77190421	    126.10131445	     -0.00058428	      0.00230896	      0.00101170	     -0.23644171	      0.92906788	     -0.47769882
      0.58000000	    -10.98234632	   -247.65016420	     97.44768676	     -0.00008141	      0.00269914	     -0.00016501	     -0.23666635	      0.93207850	     -0.47775984
      0.58500000	      8.00062481	   -289.34102154	     96.09257098	      0.00012511	      0.00249995	     -0.00039769	     -0.23690270	      0.93488497	     -0.47783746
      0.59000000	     16.62625040	   -355.22691524	    108.12454686	      0.00015821	      0.00238726	     -0.00048833	     -0.23714626	      0.93747636	     -0.47792974
      0.59500000	     26.04650656	   -392.48740052	    116.76265745	      0.00033178	      0.00235950	     -0.00043879	     -0.23739251	      0.93984317	     -0.47803440
      0.60000000	     30.74685351	   -422.38228932	    123.04818582	      0.00032433	      0.00255454	     -0.00059823	     -0.23763697	      0.94197735	     -0.47814890
      0.60500000	     33.24038849	   -450.44394372	    131.30627177	      0.00038179	      0.00227476	     -0.00048971	     -0.23787533	      0.94387223	     -0.47827051
      0.61000000	     42.48677852	   -472.59940681	    136.24582912	      0.00051699	      0.00227607	     -0.00045676	     -0.23810351	      0.94552246	     -0.47839635
      0.61500000	     43.54956946	   -489.18978848	    142.67998039	      0.00050835	      0.00238749	     -0.00057593	     -0.23831777	      0.94692391	     -0.47852347
      0.62000000	     45.22117368	   -489.43443850	    146.24178766	      0.00056164	      0.00233251	     -0.00057106	     -0.23851477	      0.94807365	     -0.47864895
      0.62500000	     50.43924432	   -492.28999024	    149.71506724	      0.00066862	      0.00225531	     -0.00051668	     -0.23869164	      0.94896981	     -0.47876998
      0.63000000	     49.29046388	   -480.85981886	    149.23177475	      0.00064448	      0.00232368	     -0.00060593	     -0.23884606	      0.94961159	     -0.47888392
      0.63500000	     50.48936320	   -466.52117752	    149.21405279	      0.00070141	      0.00217871	     -0.00055446	     -0.23897632	      0.94999915	     -0.47898840
      0.64000000	     47.03437538	   -444.43662636	    149.06468783	      0.00071621	      0.00195368	     -0.00052032	     -0.23908133	      0.95013361	     -0.47908134
      0.64500000	     45.38444748	   -415.60638061	    142.30543588	      0.00066135	      0.00188309	     -0.00055200	     -0.23916074	      0.95001698	     -0.47916102
      0.65000000	     45.07377941	   -382.27288045	    140.36248821	      0.00075790	      0.00142164	     -0.00043366	     -0.23921489	      0.94965218	     -0.47922609
      0.65500000	     41.74425635	   -349.16570984	    140.48282209	      0.00085593	      0.00069969	     -0.00030502	     -0.23924485	      0.94904305	     -0.47927560
      0.66000000	     39.76590563	   -317.97203779	    134.86068484	      0.00085231	      0.00021442	     -0.00024051	     -0.23925247	      0.94819429	     -0.47930899
      0.66500000	     43.16648239	   -336.81332284	    136.85106275	      0.00079432	      0.00022658	     -0.00030332	     -0.23924029	      0.94711156	     -0.47932603
      0.67000000	     69.39975122	   -525.92503312	    174.44296551	      0.00081794	      0.00050246	     -0.00064014	     -0.23921155	      0.94580138	     -0.47932686
      0.67500000	     86.55672559	   -815.70134604	    224.80691644	      0.00101599	     -0.00205662	      0.00017333	     -0.23917014	      0.94427122	     -0.47931189
      0.68000000	     71.52961674	   -710.33407764	    212.41649056	      0.00101719	     -0.00245225	      0.00038730	     -0.23912048	      0.94252946	     -0.47928179
      0.68500000	     63.42745731	   -471.74456951	    155.60985859	      0.00066097	      0.00030406	     -0.00061754	     -0.23906746	      0.94058536	     -0.47923746
      0.69000000	     48.81832693	   -414.95843042	    139.20639259	      0.00031263	      0.00042030	     -0.00059078	     -0.23901629	      0.93844905	     -0.47917997
      0.69500000	     47.56276564	   -454.48886893	    181.89832130	      0.00127213	     -0.00243365	      0.00030170	     -0.23897234	      0.93613147	     -0.47911052
      0.70000000	     55.11452283	   -597.62687027	    210.99320555	      0.00156003	     -0.00318472	      0.00074634	     -0.23894102	      0.93364429	     -0.47903048
      0.70500000	     56.17350583	   -686.99870000	    206.77316824	      0.00133346	     -0.00257927	      0.00092977	     -0.23892757	      0.93099987	     -0.47894130
      0.71000000	     56.63846499	   -662.44297506	    192.78374853	      0.00117423	     -0.00215167	      0.00081221	     -0.23893689	      0.92821114	     -0.47884451
      0.71500000	     53.10180166	   -518.71523409	    154.20208064	      0.00082190	     -0.00154501	      0.00036149	     -0.23897342	      0.92529152	     -0.47874174
      0.72000000	     31.75064137	   -393.70502502	    126.69857215	     -0.00005681	     -0.00000236	     -0.00026556	     -0.23904092	      0.92225476	     -0.47863468
      0.72500000	     32.48057369	   -436.44910624	    143.24149683	     -0.00003490	      0.00035718	     -0.00051635	     -0.23914240	      0.91911489	     -0.47852505
      0.73000000	     39.22077854	   -514.75349148	    162.14806630	      0.00000302	      0.00069067	     -0.00070173	     -0.23927998	      0.91588603	     -0.47841460
      0.73500000	     43.86234226	   -551.16451732	    168.43561307	      0.00007636	      0.00085755	     -0.00074584	     -0.23945483	      0.91258235	     -0.47830509
      0.74000000	     41.50545879	   -545.29791533	    163.13482317	      0.00007015	      0.00075360	     -0.00063655	     -0.23966712	      0.90921788	     -0.47819822
      0.74500000	     38.30709303	   -540.43970660	    157.28195660	      0.00005852	      0.00075567	     -0.00058528	     -0.23991599	      0.90580645	     -0.47809566
      0.75000000	     38.62042276	   -545.97136614	    154.59420755	      0.00012450	      0.00080986	     -0.00052286	     -0.24019961	      0.90236156	     -0.47799896
      0.75500000	     37.69680887	   -546.32200692	    153.45420793	      0.00023990	      0.00102128	     -0.00042565	     -0.24051520	      0.89889631	     -0.47790954
      0.76000000	     37.21807642	   -560.31690074	    154.72252423	      0.00029504	      0.00129576	     -0.00040494	     -0.24085915	      0.89542334	     -0.47782865
      0.76500000	     38.03672676	   -580.85694152	    160.53552943	      0.00033422	      0.00147673	     -0.00039921	     -0.24122712	      0.89195471	     -0.47775734
      0.77000000	     38.74321909	   -603.50904491	    165.89784760	      0.00031684	      0.00160270	     -0.00045380	     -0.24161418	      0.88850194	     -0.47769641
      0.77500000	     42.80234014	   -625.70276177	    173.43452769	      0.00037121	      0.00175191	     -0.00047264	     -0.24201498	      0.88507592	     -0.47764641
      0.78000000	     41.11898386	   -641.49904260	    179.10036405	      0.00029722	      0.00175221	     -0.00052633	     -0.24242388	      0.88168694	     -0.47760759
      0.78500000	     46.62933422	   -653.44197754	    184.13978043	      0.00036007	      0.00186739	     -0.00055217	     -0.24283515	      0.87834470	     -0.47757990
      0.79000000	     47.54586100	   -655.13936174	    184.42863276	      0.00031499	      0.00188329	     -0.00061352	     -0.24324312	      0.87505833	     -0.47756299
      0.79500000	     45.14101899	   -642.96742758	    182.74846150	      0.00027458	      0.00188717	     -0.00061307	     -0.24364232	      0.87183648	     -0.47755618
      0.80000000	     40.90571582	   -627.11399172	    180.96519900	      0.00020991	      0.00185109	     -0.00060628	     -0.24402763	      0.86868736	     -0.47755851
      0.80500000	     36.60745389	   -606.27271696	    177.12820893	      0.00017777	      0.00183973	     -0.00057040	     -0.24439434	      0.86561882	     -0.47756873
      0.81000000	     31.24308872	   -583.59612216	    172.57207362	      0.00016069	      0.00181894	     -0.00050004	     -0.24473829	      0.86263845	     -0.47758536
      0.81500000	     27.31636354	   -562.93769301	    168.16160370	      0.00017147	      0.00178585	     -0.00041147	     -0.24505588	      0.85975365	     -0.47760673
      0.82000000	     21.37380081	   -551.18656999	    163.70144307	      0.00007803	      0.00171534	     -0.00039058	     -0.24534413	      0.85697170	     -0.47763099
      0.82500000	     20.89079654	   -547.92511811	    162.68425547	      0.00004290	      0.00163327	     -0.00044398	     -0.24560063	      0.85429988	     -0.47765625
      0.83000000	     22.64353232	   -570.41965045	    171.00848389	     -0.00005377	      0.00144336	     -0.00057500	     -0.24582356	      0.85174546	     -0.47768056
      0.83500000	     26.05864049	   -608.68999012	    185.22489156	     -0.00015181	      0.00143154	     -0.00073072	     -0.24601161	      0.84931579	     -0.47770202
      0.84000000	     27.82006038	   -665.80236259	    206.41315630	     -0.00032162	      0.00153402	     -0.00089177	     -0.24616395	      0.84701830	     -0.47771881
      0.84500000	     32.46836027	   -710.66647172	    224.05507353	     -0.00037023	      0.00149989	     -0.00094997	     -0.24628011	      0.84486054	     -0.47772927
      0.85000000	     35.36546923	   -748.27373672	    237.94323430	     -0.00043969	      0.00149554	     -0.00102971	     -0.24635993	      0.84285013	     -0.47773194
      0.85500000	     37.58386209	   -752.32104345	    237.03144662	     -0.00041449	      0.00145158	     -0.00108561	     -0.24640349	      0.84099475	     -0.47772557
      0.86000000	     31.28736512	   -742.47027837	    234.43715363	     -0.00043338	      0.00127163	     -0.00101224	     -0.24641101	      0.83930210	     -0.47770920
      0.86500000	     34.78336742	   -745.53904143	    228.18616039	     -0.00037454	      0.00113975	     -0.00092343	     -0.24638283	      0.83777984	     -0.47768211
      0.87000000	     42.49392110	   -751.38461464	    218.77374282	     -0.00029386	      0.00104650	     -0.00081199	     -0.24631929	      0.83643553	     -0.47764389
      0.87500000	     51.71057538	   -774.33206402	    219.09203368	     -0.00022235	      0.00099958	     -0.00069559	     -0.24622077	      0.83527656	     -0.47759440
      0.88000000	     60.64591752	   -780.03217420	    210.33458205	     -0.00010081	      0.00094905	     -0.00058132	     -0.24608761	      0.83431008	     -0.47753379
      0.88500000	     64.89338536	   -775.20233346	    195.41537046	     -0.00005576	      0.00090358	     -0.00051973	     -0.24592008	      0.83354290	     -0.47746243
      0.89000000	     76.79232605	   -820.09272398	    208.04213021	      0.00002608	      0.00099262	     -0.00041648	     -0.24571844	      0.83298148	     -0.47738095
      0.89500000	     84.65682335	   -832.99146317	    209.74031228	      0.00013209	      0.00094886	     -0.00042099	     -0.24548289	      0.83263179	     -0.47729018
      0.90000000	     89.08092917	   -850.95506385	    212.59982956	      0.00013424	      0.00094646	     -0.00044464	     -0.24521359	      0.83249925	     -0.47719113
      0.90500000	     94.80295041	   -864.73800560	    213.72387381	      0.00018911	      0.00092287	     -0.00042985	     -0.24491071	      0.83258869	     -0.47708498
      0.91000000	     97.46172354	   -884.77403669	    214.84568888	      0.00014554	      0.00097880	     -0.00040849	     -0.24457446	      0.83290419	     -0.47697301
      0.91500000	     98.11080683	   -897.66587476	    215.83692492	      0.00008726	      0.00101417	     -0.00044403	     -0.24420510	      0.83344909	     -0.47685664
      0.92000000	     99.32750502	   -904.05144371	    217.27953495	      0.00008420	      0.00101056	     -0.00051663	     -0.24380298	      0.83422582	     -0.47673731
      0.92500000	     99.88780159	   -907.81671745	    218.06848832	      0.00007375	      0.00101148	     -0.00058301	     -0.24336864	      0.83523583	     -0.47661653
      0.93000000	    100.63221702	   -910.26730566	    217.11629455	      0.00006472	      0.00101341	     -0.00056731	     -0.24290280	      0.83647950	     -0.47649582
      0.93500000	    100.85249650	   -911.07142134	    214.51120976	      0.00005427	      0.00100997	     -0.00050267	     -0.24240644	      0.83795602	     -0.47637668
      0.94000000	     98.91145992	   -906.08891901	    211.17680474	      0.00001141	      0.00099814	     -0.00044762	     -0.24188085	      0.83966329	     -0.47626054
      0.94500000	     95.18777757	   -895.62899651	    209.21087292	     -0.00005851	      0.00096687	     -0.00044969	     -0.24132771	      0.84159786	     -0.47614878
      0.95000000	     90.30983373	   -885.52144594	    207.64276776	     -0.00017258	      0.00091932	     -0.00044112	     -0.24074909	      0.84375478	     -0.47604265
      0.95500000	     83.71557192	   -863.16300220	    199.24043890	     -0.00029989	      0.00075101	     -0.00050638	     -0.24014751	      0.84612765	     -0.47594328
      0.96000000	     79.48632685	   -845.16079112	    197.10268274	     -0.00036419	      0.00069096	     -0.00049281	     -0.23952600	      0.84870845	     -0.47585166
      0.96500000	     76.28302908	   -832.57492222	    195.72770172	     -0.00049305	      0.00057149	     -0.00039158	     -0.23888805	      0.85148762	     -0.47576860
      0.97000000	     74.36797764	   -826.66945320	    197.50427620	     -0.00066924	      0.00051711	     -0.00019280	     -0.23823764	      0.85445401	     -0.47569477
      0.97500000	     71.94877979	   -809.10803157	    194.01024352	     -0.00080499	      0.00038125	      0.00000211	     -0.23757922	      0.85759495	     -0.47563068
      0.98000000	     67.29505864	   -799.24154967	    191.61253725	     -0.00085777	      0.00045128	      0.00026654	     -0.23691765	      0.86089627	     -0.47557666
      0.98500000	     60.47331543	   -790.95670771	    191.55957248	     -0.00096458	      0.00042446	      0.00045982	     -0.23625813	      0.86434244	     -0.47553294
      0.99000000	     46.58792672	   -782.02485859	    193.63033291	     -0.00094315	      0.00061847	      0.00067037	     -0.23560617	      0.86791660	     -0.47549964
      0.99500000	     35.78413308	   -775.55972362	    192.91965410	     -0.00097572	      0.00063272	      0.00092187	     -0.23496743	      0.87160078	     -0.47547677
      1.00000000	     26.30010063	   -750.47537904	    187.84352422	     -0.00092616	      0.00063958	      0.00107446	     -0.23434765	      0.87537601	     -0.47546430
      1.00500000	     17.22039339	   -717.46283542	    177.09254932	     -0.00093697	      0.00062635	      0.00121190	     -0.23375255	      0.87922248	     -0.47546216
      1.01000000	      8.92933663	   -694.32623328	    173.22263905	     -0.00086743	      0.00064895	      0.00133588	     -0.23318768	      0.88311975	     -0.47547028
      1.01500000	      1.88196220	   -666.11150633	    168.55520827	     -0.00083039	      0.00064719	      0.00140813	     -0.23265833	      0.88704691	     -0.47548859
      1.02000000	     -4.88102208	   -641.70063194	    163.83514612	     -0.00084036	      0.00071267	      0.00146062	     -0.23216941	      0.89098283	     -0.47551706
      1.02500000	     -8.03786271	   -609.50133944	    163.74700524	     -0.00063626	      0.00066511	      0.00143887	     -0.23172533	      0.89490631	     -0.47555567
      1.03000000	    -10.54071446	   -559.68368042	    154.91115153	     -0.00051773	      0.00073915	      0.00132893	     -0.23132992	      0.89879630	     -0.47560447
      1.03500000	    -15.40429763	   -533.57929773	    150.77508747	     -0.00051681	      0.00087852	      0.00132850	     -0.23098634	      0.90263213	     -0.47566352
      1.04000000	    -21.58552601	   -517.47861396	    146.28734355	     -0.00054637	      0.00101396	      0.00145127	     -0.23069700	      0.90639365	     -0.47573293
      1.04500000	    -26.10238220	   -501.09614152	    144.52580082	     -0.00055628	      0.00112757	      0.00150699	     -0.23046354	      0.91006143	     -0.47581281
      1.05000000	    -29.16131966	   -487.02275082	    144.16414919	     -0.00051462	      0.00120980	      0.00155609	     -0.23028677	      0.91361693	     -0.47590328
      1.05500000	    -30.94320799	   -461.62788075	    141.02254626	     -0.00044969	      0.00129610	      0.00155235	     -0.23016668	      0.91704263	     -0.47600441
      1.06000000	    -33.47185210	   -451.25958653	    142.28128696	     -0.00035998	      0.00132462	      0.00161981	     -0.23010247	      0.92032215	     -0.47611626
      1.06500000	    -32.69717101	   -421.77574388	    137.02703458	     -0.00026436	      0.00148233	      0.00154627	     -0.23009254	      0.92344033	     -0.47623881
      1.07000000	    -32.90242448	   -403.17039248	    139.08271623	     -0.00001969	      0.00114873	      0.00149361	     -0.23013459	      0.92638331	     -0.47637196
      1.07500000	    -59.82015283	   -377.61761227	    152.59237969	      0.00036412	     -0.00210386	      0.00229148	     -0.23022565	      0.92913855	     -0.47651550
      1.08000000	    -26.95433781	   -357.22441378	    135.70831722	      0.00069306	     -0.00225923	      0.00150182	     -0.23036222	      0.93169486	     -0.47666908
      1.08500000	    -19.17129054	   -408.24239806	    153.09710067	      0.00096872	     -0.00267617	      0.00145705	     -0.23054031	      0.93404236	     -0.47683224
      1.09000000	     16.55746469	   -327.10435087	    129.86706959	      0.00093055	      0.00088777	      0.00012117	     -0.23075560	      0.93617245	     -0.47700435
      1.09500000	     20.86769418	   -355.25569565	    137.43427740	      0.00099852	      0.00075015	      0.00013009	     -0.23100346	      0.93807776	     -0.47718463
      1.10000000	     24.59774062	   -371.46534344	    143.20049188	      0.00105326	      0.00075929	      0.00011484	     -0.23127916	      0.93975208	     -0.47737216
      1.10500000	     27.21557317	   -379.06117540	    138.95381799	      0.00093637	      0.00124508	     -0.00001434	     -0.23157784	      0.94119030	     -0.47756586
      1.11000000	     30.11485671	   -389.54579338	    138.40206845	      0.00088267	      0.00146786	     -0.00008986	     -0.23189469	      0.94238832	     -0.47776450
      1.11500000	     33.03381653	   -398.03409854	    141.43930498	      0.00090181	      0.00137510	     -0.00009968	     -0.23222499	      0.94334302	     -0.47796676
      1.12000000	     34.59028547	   -395.47292220	    137.80421212	      0.00081022	      0.00152233	     -0.00017597	     -0.23256417	      0.94405214	     -0.47817121
      1.12500000	     36.07175249	   -386.15492413	    133.96972916	      0.00075579	      0.00148660	     -0.00019479	     -0.23290789	      0.94451431	     -0.47837634
      1.13000000	     37.53132176	   -373.43913136	    128.58394037	      0.00067917	      0.00148934	     -0.00023056	     -0.23325210	      0.94472897	     -0.47858060
      1.13500000	     35.69514347	   -358.85137508	    122.39325120	      0.00052314	      0.00147512	     -0.00032215	     -0.23359310	      0.94469635	     -0.47878239
      1.14000000	     35.11301662	   -336.62639660	    114.52382113	      0.00041039	      0.00143547	     -0.00037639	     -0.23392763	      0.94441750	     -0.47898012
      1.14500000	     34.54091362	   -319.97984398	    109.64121041	      0.00030573	      0.00122334	     -0.00041339	     -0.23425289	      0.94389430	     -0.47917220
      1.15000000	     31.94932379	   -310.87918523	    109.50759029	      0.00012347	      0.00099847	     -0.00049336	     -0.23456662	      0.94312944	     -0.47935708
      1.15500000	     42.33715247	   -359.21826792	    120.28218164	      0.00031111	      0.00085019	     -0.00040820	     -0.23486720	      0.94212653	     -0.47953327
      1.16000000	     33.74624588	   -590.56417451	    192.44632540	      0.00087911	     -0.00281774	      0.00106800	     -0.23515361	      0.94089007	     -0.47969934
      1.16500000	     46.57277270	   -630.17189399	    232.41659320	      0.00164986	     -0.00383462	      0.00094881	     -0.23542558	      0.93942554	     -0.47985398
      1.17000000	     73.51541978	   -544.53962661	    207.70244765	      0.00151486	     -0.00075680	     -0.00020949	     -0.23568349	      0.93773941	     -0.47999599
      1.17500000	     70.88529830	   -508.51822987	    198.61143739	      0.00144800	     -0.00099281	     -0.00020410	     -0.23592848	      0.93583918	     -0.48012431
      1.18000000	     67.75228495	   -483.75832346	    187.21254710	      0.00127856	     -0.00083991	     -0.00025287	     -0.23616232	      0.93373344	     -0.48023805
      1.18500000	     70.86360948	   -496.89999286	    193.54742773	      0.00136905	     -0.00124379	     -0.00021542	     -0.23638742	      0.93143185	     -0.48033650
      1.19000000	     75.39227410	   -526.38274724	    216.29963253	      0.00174523	     -0.00216766	     -0.00005027	     -0.23660671	      0.92894515	     -0.48041917
      1.19500000	     76.09223750	   -535.99872609	    225.87763983	      0.00191796	     -0.00270059	      0.00004933	     -0.23682351	      0.92628519	     -0.48048578
      1.20000000	     73.99983229	   -539.78645291	    232.04041077	      0.00202091	     -0.00312846	      0.00014729	     -0.23704143	      0.92346491	     -0.48053626
      1.20500000	     62.41326248	   -564.85464354	    254.65035578	      0.00226196	     -0.00443747	      0.00059179	     -0.23726420	      0.92049827	     -0.48057078
      1.21000000	     60.14379985	   -568.25918074	    261.04361129	      0.00240775	     -0.00487202	      0.00074845	     -0.23749549	      0.91740026	     -0.48058971
      1.21500000	     85.54844909	   -669.68779631	    272.15585029	      0.00264337	     -0.00455876	      0.00064359	     -0.23773878	      0.91418685	     -0.48059363
      1.22000000	     97.59608444	   -749.65183322	    290.86968063	      0.00295462	     -0.00486039	      0.00075158	     -0.23799719	      0.91087487	     -0.48058329
      1.22500000	    111.82198811	   -856.14695794	    327.64293086	      0.00348587	     -0.00553233	      0.00092071	     -0.23827333	      0.90748191	     -0.48055963
      1.23000000	    125.80750922	   -932.71283813	    354.30188346	      0.00391762	     -0.00605447	      0.00098197	     -0.23856919	      0.90402625	     -0.48052372
      1.23500000	    134.65104933	   -978.81540976	    369.67222854	      0.00406891	     -0.00579145	      0.00095373	     -0.23888603	      0.90052665	     -0.48047672
      1.24000000	    139.49383917	   -961.52224471	    363.79943231	      0.00400470	     -0.00541396	      0.00077393	     -0.23922431	      0.89700222	     -0.48041993
      1.24500000	    139.19238863	   -914.61110006	    344.56180781	      0.00373227	     -0.00480262	      0.00053651	     -0.23958367	      0.89347220	     -0.48035467
      1.25000000	    141.09756979	   -900.28925224	    338.93572230	      0.00357405	     -0.00424439	      0.00036935	     -0.23996297	      0.88995577	     -0.48028231
      1.25500000	    134.81421390	   -839.58116931	    312.94374132	      0.00309990	     -0.00321474	      0.00011301	     -0.24036025	      0.88647186	     -0.48020422
      1.26000000	    141.38445171	   -845.34914178	    301.71712526	      0.00277864	     -0.00232294	     -0.00010277	     -0.24077291	      0.88303890	     -0.48012174
      1.26500000	    147.25866282	   -855.03190040	    290.70534880	      0.00245924	     -0.00149982	     -0.00027854	     -0.24119775	      0.87967468	     -0.48003612
      1.27000000	    147.47624913	   -860.06565369	    279.33675225	      0.00211015	     -0.00054089	     -0.00043854	     -0.24163109	      0.87639613	     -0.47994853
      1.27500000	    147.53185234	   -859.61545788	    268.79805847	      0.00179443	      0.00025108	     -0.00057956	     -0.24206898	      0.87321922	     -0.47985998
      1.28000000	    144.89927996	   -851.03736049	    259.04073551	      0.00154645	      0.00082998	     -0.00065425	     -0.24250726	      0.87015879	     -0.47977132
      1.28500000	    140.41057098	   -835.43089288	    249.17497917	      0.00131211	      0.00135570	     -0.00070772	     -0.24294178	      0.86722851	     -0.47968321
      1.29000000	    135.51328783	   -820.35811802	    241.56928292	      0.00112783	      0.00171621	     -0.00074180	     -0.24336849	      0.86444080	     -0.47959610
      1.29500000	    128.65387464	   -810.29901741	    236.25768089	      0.00090591	      0.00201894	     -0.00080026	     -0.24378359	      0.86180684	     -0.47951022
      1.30000000	    122.97731078	   -785.04882002	    229.41115201	      0.00088222	      0.00206913	     -0.00074506	     -0.24418363	      0.85933656	     -0.47942559
      1.30500000	    116.89430923	   -772.40614036	    224.57765914	      0.00076137	      0.00208061	     -0.00076603	     -0.24456559	      0.85703870	     -0.47934201
      1.31000000	    111.93678947	   -760.01852475	    221.12404047	      0.00070717	      0.00201425	     -0.00076784	     -0.24492690	      0.85492089	     -0.47925908
      1.31500000	    102.98285701	   -737.91382809	    215.47814952	      0.00064488	      0.00191788	     -0.00074112	     -0.24526550	      0.85298966	     -0.47917624
      1.32000000	     90.24935176	   -707.15506563	    208.50686565	      0.00060907	      0.00179013	     -0.00065958	     -0.24557980	      0.85125062	     -0.47909276
      1.32500000	     78.44287382	   -689.96109821	    207.16324424	      0.00080546	      0.00116463	     -0.00038276	     -0.24586861	      0.84970849	     -0.47900781
      1.33000000	     87.41539032	   -732.75714771	    214.80317158	      0.00103460	      0.00079652	     -0.00018796	     -0.24613117	      0.84836719	     -0.47892048
      1.33500000	     96.67113572	   -776.37106743	    220.57656147	      0.00115353	      0.00059984	     -0.00006332	     -0.24636700	      0.84722995	     -0.47882984
      1.34000000	    116.02742198	   -843.14048169	    237.58340822	      0.00153751	     -0.00010470	      0.00009678	     -0.24657582	      0.84629933	     -0.47873495
      1.34500000	    134.27277472	   -892.40468383	    251.02281741	      0.00190427	     -0.00084331	      0.00021976	     -0.24675755	      0.84557732	     -0.47863497
      1.35000000	    151.57128300	   -953.67056904	    266.42778005	      0.00224056	     -0.00160099	      0.00033666	     -0.24691214	      0.84506535	     -0.47852913
      1.35500000	    164.65740934	   -993.98607909	    275.19240025	      0.00247434	     -0.00220451	      0.00042184	     -0.24703958	      0.84476432	     -0.47841683
      1.36000000	    177.17006213	  -1026.71319946	    282.55853254	      0.00278714	     -0.00303179	      0.00052368	     -0.24713984	      0.84467465	     -0.47829764
      1.36500000	    183.70849165	  -1041.14551516	    285.54973481	      0.00289371	     -0.00347187	      0.00054021	     -0.24721283	      0.84479622	     -0.47817135
      1.37000000	    181.68330226	  -1037.84406245	    284.23216191	      0.00274887	     -0.00337523	      0.00050102	     -0.24725844	      0.84512844	     -0.47803796
      1.37500000	    193.79283941	  -1069.66407993	    296.71269269	      0.00313289	     -0.00427221	      0.00061916	     -0.24727652	      0.84567016	     -0.47789773
      1.38000000	    192.51756512	  -1061.33543137	    298.43661123	      0.00309537	     -0.00434978	      0.00059436	     -0.24726695	      0.84641970	     -0.47775117
      1.38500000	    191.46259162	  -1051.42616693	    298.82812143	      0.00308917	     -0.00452109	      0.00058417	     -0.24722968	      0.84737478	     -0.47759903
      1.39000000	    187.73203397	  -1022.10227121	    294.07635480	      0.00296032	     -0.00440331	      0.00046804	     -0.24716483	      0.84853253	     -0.47744230
      1.39500000	    178.69484808	   -990.05395457	    288.60393277	      0.00270690	     -0.00399424	      0.00032312	     -0.24707275	      0.84988938	     -0.47728220
      1.40000000	    168.05904220	   -939.12268346	    272.49453322	      0.00236517	     -0.00344403	      0.00011589	     -0.24695412	      0.85144109	     -0.47712013
      1.40500000	    161.34137643	   -902.38738769	    263.71197396	      0.00216097	     -0.00306499	     -0.00007654	     -0.24681005	      0.85318266	     -0.47695770
      1.41000000	    148.61269347	   -848.59759352	    246.11053004	      0.00179861	     -0.00240910	     -0.00028165	     -0.24664217	      0.85510830	     -0.47679662
      1.41500000	    132.11690134	   -780.02815058	    219.25292452	      0.00130823	     -0.00143694	     -0.00058018	     -0.24645269	      0.85721142	     -0.47663873
      1.42000000	    113.30532045	   -724.37939351	    203.38718593	      0.00047707	      0.00007692	     -0.00099042	     -0.24624448	      0.85948456	     -0.47648594
      1.42500000	    105.99561920	   -699.14077485	    196.60688182	      0.00020967	      0.00046814	     -0.00118338	     -0.24602110	      0.86191936	     -0.47634018
      1.43000000	     97.98096054	   -701.89430888	    205.71335814	      0.00003709	      0.00050436	     -0.00122928	     -0.24578685	      0.86450661	     -0.47620337
      1.43500000	     90.33803890	   -691.86195107	    206.29309711	     -0.00009463	      0.00052941	     -0.00124057	     -0.24554673	      0.86723613	     -0.47607738
      1.44000000	     81.78056781	   -671.71622732	    203.32618689	     -0.00020808	      0.00053957	     -0.00120578	     -0.24530647	      0.87009685	     -0.47596401
      1.44500000	     73.97223223	   -648.75563882	    198.37797051	     -0.00028873	      0.00056674	     -0.00115795	     -0.24507241	      0.87307680	     -0.47586496
      1.45000000	     67.61554972	   -618.81240060	    190.50685249	     -0.00030684	      0.00059624	     -0.00109532	     -0.24485147	      0.87616312	     -0.47578176
      1.45500000	     59.02152325	   -595.69218473	    184.89257606	     -0.00040949	      0.00061205	     -0.00101342	     -0.24465102	      0.87934206	     -0.47571585
      1.46000000	     49.75753469	   -549.05626441	    167.26184869	     -0.00045406	      0.00059111	     -0.00089118	     -0.24447874	      0.88259909	     -0.47566846
      1.46500000	     41.76242455	   -512.59206268	    153.39786886	     -0.00050783	      0.00055651	     -0.00074124	     -0.24434249	      0.88591889	     -0.47564068
      1.47000000	     37.10736381	   -469.41274850	    138.11977337	     -0.00045696	      0.00052549	     -0.00054268	     -0.24425011	      0.88928545	     -0.47563343
      1.47500000	     33.21628880	   -436.35933299	    124.70355142	     -0.00051153	      0.00038862	     -0.00030484	     -0.24420924	      0.89268213	     -0.47564745
      1.48000000	     31.88126482	   -423.51353642	    116.37979948	     -0.00048218	      0.00068407	      0.00006960	     -0.24422709	      0.89609180	     -0.47568331
      1.48500000	     23.60236264	   -441.94029707	    119.93282482	     -0.00041835	      0.00103017	      0.00042817	     -0.24431029	      0.89949690	     -0.47574141
      1.49000000	     15.32927723	   -465.69405871	    125.75810466	     -0.00051719	      0.00105450	      0.00068882	     -0.24446460	      0.90287957	     -0.47582199
      1.49500000	      7.99792387	   -492.78716036	    132.97662587	     -0.00056080	      0.00106204	      0.00096815	     -0.24469476	      0.90622185	     -0.47592507
      1.50000000	      3.51357433	   -502.22290780	    136.91957946	     -0.00054270	      0.00111130	      0.00114079	     -0.24500431	      0.90950573	     -0.47605051
      1.50500000	     -1.25769176	   -513.75797638	    143.64873494	     -0.00058983	      0.00109493	      0.00130694	     -0.24539537	      0.91271338	     -0.47619798
      1.51000000	     -6.46172546	   -535.54205245	    148.46148192	     -0.00068927	      0.00110854	      0.00159790	     -0.24586855	      0.91582727	     -0.47636690
      1.51500000	     -8.54296461	   -548.37210735	    150.40324130	     -0.00069980	      0.00122973	      0.00181853	     -0.24642285	      0.91883036	     -0.47655651
      1.52000000	    -10.44217871	   -578.51474605	    161.22147200	     -0.00074661	      0.00124006	      0.00208707	     -0.24705558	      0.92170618	     -0.47676579
      1.52500000	     -9.28344644	   -561.71041097	    161.25040832	     -0.00061100	      0.00132801	      0.00209725	     -0.24776239	      0.92443907	     -0.47699347
      1.53000000	     -1.28979207	   -369.59994854	    124.35390013	     -0.00007537	      0.00174150	      0.00100619	     -0.24853730	      0.92701419	     -0.47723805
      1.53500000	      0.05635013	   -385.33783952	    126.68666123	     -0.00014369	      0.00180468	      0.00110018	     -0.24937279	      0.92941772	     -0.47749775
      1.54000000	      2.75500753	   -368.05898958	    123.69172878	     -0.00008582	      0.00194616	      0.00095851	     -0.25026000	      0.93163689	     -0.47777056
      1.54500000	      6.25187310	   -332.10651668	    121.58264422	      0.00010228	      0.00206744	      0.00061899	     -0.25118889	      0.93366004	     -0.47805422
      1.55000000	     15.64411952	   -283.27670347	    114.37292623	      0.00039908	      0.00218099	      0.00025491	     -0.25214846	      0.93547667	     -0.47834625
      1.55500000	     47.35219976	   -357.42404774	    159.83471298	      0.00132694	      0.00024239	      0.00019693	     -0.25312711	      0.93707744	     -0.47864398
      1.56000000	     55.49156806	   -371.99701708	    156.43681724	      0.00122131	      0.00044409	      0.00011275	     -0.25411282	      0.93845417	     -0.47894461
      1.56500000	     63.50259660	   -403.52722935	    165.88958409	      0.00131196	      0.00014341	      0.00011109	     -0.25509356	      0.93959980	     -0.47924519
      1.57000000	     74.99863075	   -439.77144290	    177.74037606	      0.00141789	     -0.00010519	      0.00008023	     -0.25605752	      0.94050838	     -0.47954274
      1.57500000	     85.83094203	   -456.39265705	    178.59327494	      0.00137145	     -0.00004809	     -0.00001470	     -0.25699343	      0.94117504	     -0.47983429
      1.58000000	     90.03305368	   -460.32388565	    182.14703161	      0.00143861	     -0.00040620	     -0.00000786	     -0.25789087	      0.94159592	     -0.48011692
      1.58500000	     96.11753863	   -467.56846884	    184.55648974	      0.00145801	     -0.00062011	     -0.00005258	     -0.25874042	      0.94176820	     -0.48038783
      1.59000000	    100.60623665	   -469.70188982	    183.01236084	      0.00141234	     -0.00076723	     -0.00011882	     -0.25953399	      0.94169004	     -0.48064442
      1.59500000	    102.27500539	   -470.67792203	    192.02348297	      0.00159295	     -0.00138520	     -0.00004812	     -0.26026490	      0.94136064	     -0.48088433
      1.60000000	    100.60640528	   -453.11767803	    189.21182286	      0.00156868	     -0.00150183	     -0.00007474	     -0.26092803	      0.94078019	     -0.48110548
      1.60500000	     98.99912357	   -437.61382851	    186.42773270	      0.00153973	     -0.00169730	     -0.00006980	     -0.26151993	      0.93995003	     -0.48130613
      1.61000000	     97.32571239	   -413.59699815	    183.42915032	      0.00157603	     -0.00201387	     -0.00004852	     -0.26203886	      0.93887259	     -0.48148492
      1.61500000	     93.69299560	   -393.08337712	    179.44348981	      0.00154384	     -0.00218242	     -0.00002489	     -0.26248472	      0.93755155	     -0.48164084
      1.62000000	    101.28347016	   -426.23380579	    198.38093259	      0.00181033	     -0.00278248	      0.00003278	     -0.26285908	      0.93599188	     -0.48177330
      1.62500000	    119.80604290	   -512.73754342	    243.85403445	      0.00255086	     -0.00405124	      0.00020654	     -0.26316502	      0.93419991	     -0.48188208
      1.63000000	    139.81274886	   -600.32935934	    285.51128303	      0.00315154	     -0.00498646	      0.00025008	     -0.26340701	      0.93218338	     -0.48196737
      1.63500000	    170.08590532	   -708.94088455	    297.24798773	      0.00293427	     -0.00429406	     -0.00010049	     -0.26359074	      0.92995153	     -0.48202966
      1.64000000	    182.32694968	   -805.52885432	    290.14944159	      0.00248440	     -0.00423702	     -0.00002394	     -0.26372286	      0.92751507	     -0.48206980
      1.64500000	    180.61367253	   -778.23382040	    249.00871339	      0.00131599	     -0.00103947	     -0.00086287	     -0.26381075	      0.92488618	     -0.48208891
      1.65000000	    177.25451255	   -783.20485822	    240.39047050	      0.00057334	      0.00095754	     -0.00146816	     -0.26386226	      0.92207847	     -0.48208834
      1.65500000	    175.11324248	   -769.20894414	    243.98006363	      0.00120845	     -0.00094193	     -0.00090031	     -0.26388536	      0.91910695	     -0.48206966
      1.66000000	    161.35933749	   -718.75826029	    252.60411975	      0.00174304	     -0.00233564	     -0.00056358	     -0.26388786	      0.91598786	     -0.48203456
      1.66500000	    137.75108788	   -633.92235816	    216.23625153	      0.00122130	     -0.00146310	     -0.00060787	     -0.26387715	      0.91273861	     -0.48198481
      1.67000000	    125.71053146	   -596.25807271	    205.41837983	      0.00105707	     -0.00123601	     -0.00055698	     -0.26385985	      0.90937758	     -0.48192224
      1.67500000	    122.12398478	   -589.82052662	    192.44708547	      0.00048233	      0.00010888	     -0.00083934	     -0.26384163	      0.90592398	     -0.48184864
      1.68000000	    123.28142427	   -626.84342207	    206.03031934	      0.00025751	      0.00052268	     -0.00100613	     -0.26382700	      0.90239761	     -0.48176573
      1.68500000	    130.24809472	   -627.32818972	    207.02828105	      0.00040610	      0.00060283	     -0.00098580	     -0.26381915	      0.89881868	     -0.48167512
      1.69000000	    138.20551309	   -632.55433349	    205.66685073	      0.00052790	      0.00071142	     -0.00098676	     -0.26381988	      0.89520755	     -0.48157826
      1.69500000	    140.78857078	   -632.22071493	    214.91219112	      0.00091108	      0.00002966	     -0.00079407	     -0.26382957	      0.89158453	     -0.48147641
      1.70000000	    146.77046864	   -649.36198063	    239.57679323	      0.00157224	     -0.00138456	     -0.00049418	     -0.26384722	      0.88796960	     -0.48137057
      1.70500000	    153.85141389	   -677.84189477	    247.90128043	      0.00163412	     -0.00145489	     -0.00048719	     -0.26387054	      0.88438221	     -0.48126155
      1.71000000	    163.20201714	   -711.49726715	    253.19056298	      0.00151456	     -0.00107368	     -0.00060983	     -0.26389609	      0.88084105	     -0.48114986
      1.71500000	    176.23951049	   -756.34258071	    260.36833806	      0.00136628	     -0.00060659	     -0.00077033	     -0.26391945	      0.87736388	     -0.48103578
      1.72000000	    190.48849519	   -811.46436382	    261.85380915	      0.00087692	      0.00056087	     -0.00109807	     -0.26393543	      0.87396738	     -0.48091933
      1.72500000	    203.13068041	   -873.22974406	    274.77539424	      0.00062315	      0.00103463	     -0.00131865	     -0.26393829	      0.87066699	     -0.48080030
      1.73000000	    206.28857526	   -903.18034206	    282.08094023	      0.00052592	      0.00102372	     -0.00138719	     -0.26392192	      0.86747690	     -0.48067828
      1.73500000	    199.78797074	   -914.13776102	    288.45861359	      0.00038469	      0.00093416	     -0.00140180	     -0.26388013	      0.86440990	     -0.48055266
      1.74000000	    190.23521706	   -898.39589598	    284.07052030	      0.00028849	      0.00083268	     -0.00136294	     -0.26380680	      0.86147746	     -0.48042270
      1.74500000	    177.72053557	   -864.36155535	    275.81446897	      0.00023900	      0.00072817	     -0.00128141	     -0.26369610	      0.85868969	     -0.48028758
      1.75000000	    166.03535919	   -837.39454817	    269.71997172	      0.00017415	      0.00064561	     -0.00123353	     -0.26354268	      0.85605543	     -0.48014637
      1.75500000	    155.38160013	   -813.43309536	    264.60478080	      0.00011539	      0.00056754	     -0.00119198	     -0.26334177	      0.85358228	     -0.47999816
      1.76000000	    145.91041679	   -778.52146537	    255.33937668	      0.00012340	      0.00047847	     -0.00113006	     -0.26308937	      0.85127673	     -0.47984202
      1.76500000	    132.42417452	   -738.70231079	    244.56757547	      0.00010562	      0.00038976	     -0.00105723	     -0.26278230	      0.84914425	     -0.47967711
      1.77000000	    115.92468975	   -697.72479811	    234.70590487	      0.00008737	      0.00031215	     -0.00096909	     -0.26241827	      0.84718941	     -0.47950262
      1.77500000	    100.87715473	   -657.77805950	    221.21950736	      0.00007532	      0.00021120	     -0.00089855	     -0.26199595	      0.84541603	     -0.47931792
      1.78000000	     89.55403880	   -630.05887490	    212.42035860	      0.00009383	      0.00011738	     -0.00081207	     -0.26151490	      0.84382724	     -0.47912246
      1.78500000	     85.74539567	   -631.57901818	    208.27467579	      0.00008045	      0.00009227	     -0.00077770	     -0.26097559	      0.84242568	     -0.47891591
      1.79000000	     84.67715979	   -645.45384884	    207.29704257	      0.00005388	      0.00010973	     -0.00076985	     -0.26037931	      0.84121353	     -0.47869807
      1.79500000	     82.08778625	   -667.88522654	    209.26399499	     -0.00003328	      0.00013534	     -0.00080140	     -0.25972812	      0.84019269	     -0.47846897
      1.80000000	     85.78413640	   -703.06101059	    220.55819988	     -0.00003387	      0.00019771	     -0.00081961	     -0.25902469	      0.83936478	     -0.47822884
      1.80500000	     84.75880547	   -733.46945566	    225.91746267	     -0.00011911	      0.00025755	     -0.00086669	     -0.25827226	      0.83873128	     -0.47797810
      1.81000000	     84.45948754	   -765.61209360	    232.24372799	     -0.00019640	      0.00032451	     -0.00092641	     -0.25747443	      0.83829353	     -0.47771738
      1.81500000	     84.98971609	   -798.85112010	    239.46067913	     -0.00026142	      0.00039695	     -0.00100179	     -0.25663516	      0.83805277	     -0.47744749
      1.82000000	     86.56758417	   -823.82588852	    244.42182869	     -0.00026688	      0.00045667	     -0.00108564	     -0.25575854	      0.83801020	     -0.47716944
      1.82500000	     86.83451220	   -856.90442252	    252.55357790	     -0.00032861	      0.00052866	     -0.00118187	     -0.25484880	      0.83816689	     -0.47688438
      1.83000000	     84.88911523	   -889.38780795	    266.22132186	     -0.00040267	      0.00056444	     -0.00135412	     -0.25391018	      0.83852385	     -0.47659359
      1.83500000	     84.33636446	   -915.11302431	    278.42789564	     -0.00041167	      0.00058452	     -0.00154900	     -0.25294689	      0.83908191	     -0.47629848
      1.84000000	     83.64936289	   -946.31948192	    288.41791876	     -0.00046292	      0.00064065	     -0.00168913	     -0.25196305	      0.83984171	     -0.47600053
      1.84500000	     81.55829932	   -971.95939525	    290.02662782	     -0.00055481	      0.00070358	     -0.00175094	     -0.25096270	      0.84080362	     -0.47570128
      1.85000000	     80.93017976	  -1005.34568358	    295.14202630	     -0.00065681	      0.00078453	     -0.00176114	     -0.24994976	      0.84196763	     -0.47540231
      1.85500000	     79.93778775	  -1027.13706465	    295.12108547	     -0.00072282	      0.00085488	     -0.00172298	     -0.24892804	      0.84333329	     -0.47510522
      1.86000000	     78.81710073	  -1037.34547574	    294.67836143	     -0.00073247	      0.00090128	     -0.00173192	     -0.24790127	      0.84489955	     -0.47481161
      1.86500000	     77.25537586	  -1036.43704947	    291.19044305	     -0.00071194	      0.00094062	     -0.00172956	     -0.24687306	      0.84666470	     -0.47452306
      1.87000000	     73.31377227	  -1038.89267512	    288.88375381	     -0.00076478	      0.00097834	     -0.00168411	     -0.24584698	      0.84862623	     -0.47424113
      1.87500000	     70.08071599	  -1026.62772426	    282.07408330	     -0.00073841	      0.00100523	     -0.00163797	     -0.24482653	      0.85078072	     -0.47396738
      1.88000000	     65.53600365	  -1017.49972405	    279.50477807	     -0.00074163	      0.00103124	     -0.00164553	     -0.24381514	      0.85312373	     -0.47370332
      1.88500000	     61.36617280	   -996.99372711	    271.31768185	     -0.00071792	      0.00106177	     -0.00158630	     -0.24281621	      0.85564971	     -0.47345044
      1.89000000	     56.54453073	   -980.41219503	    266.09122729	     -0.00073229	      0.00111411	     -0.00146727	     -0.24183307	      0.85835190	     -0.47321021
      1.89500000	     51.85457120	   -949.03826399	    253.65822735	     -0.00071417	      0.00112859	     -0.00132417	     -0.24086903	      0.86122231	     -0.47298406
      1.90000000	     45.41191251	   -925.22319644	    246.62829242	     -0.00076836	      0.00113032	     -0.00123462	     -0.23992729	      0.86425162	     -0.47277337
      1.90500000	     39.35511621	   -891.10665983	    236.11653174	     -0.00080192	      0.00110742	     -0.00109942	     -0.23901105	      0.86742917	     -0.47257947
      1.91000000	     34.60139578	   -860.84477874	    225.58597027	     -0.00084578	      0.00109618	     -0.00092808	     -0.23812337	      0.87074301	     -0.47240363
      1.91500000	     29.63116654	   -825.08825949	    211.72147091	     -0.00093112	      0.00099415	     -0.00073473	     -0.23726725	      0.87417986	     -0.47224698
      1.92000000	     28.54691374	   -800.03156046	    202.54780504	     -0.00105607	      0.00086738	     -0.00046556	     -0.23644556	      0.87772523	     -0.47211055
      1.92500000	     28.59268498	   -778.32536420	    195.57306642	     -0.00119062	      0.00074564	     -0.00017038	     -0.23566106	      0.88136347	     -0.47199519
      1.93000000	     26.82758059	   -751.62217448	    185.92330243	     -0.00121879	      0.00069050	      0.00014264	     -0.23491631	      0.88507790	     -0.47190158
      1.93500000	     21.76014652	   -733.47347910	    179.87643034	     -0.00118295	      0.00083057	      0.00041248	     -0.23421374	      0.88885089	     -0.47183014
      1.94000000	     13.58743912	   -711.19189513	    173.02102051	     -0.00107936	      0.00101928	      0.00063788	     -0.23355553	      0.89266408	     -0.47178103
      1.94500000	      2.97232085	   -695.32177832	    169.23140357	     -0.00096616	      0.00125211	      0.00085191	     -0.23294364	      0.89649849	     -0.47175415
      1.95000000	     -3.32794251	   -663.89859702	    163.16296213	     -0.00082384	      0.00139192	      0.00093293	     -0.23237972	      0.90033472	     -0.47174908
      1.95500000	     -6.40269030	   -637.60563537	    159.90021493	     -0.00063255	      0.00139900	      0.00100591	     -0.23186514	      0.90415313	     -0.47176506
      1.96000000	     -9.15155943	   -614.55290210	    157.22277480	     -0.00052355	      0.00134497	      0.00107377	     -0.23140087	      0.90793402	     -0.47180106
      1.96500000	     -9.90717861	   -588.04543748	    155.08691480	     -0.00035275	      0.00132421	      0.00108905	     -0.23098747	      0.91165783	     -0.47185571
      1.97000000	     -9.99165711	   -556.97315112	    152.20021738	     -0.00016882	      0.00117831	      0.00108229	     -0.23062509	      0.91530533	     -0.47192737
      1.97500000	     -9.87045666	   -536.41130239	    152.29641252	      0.00011184	      0.00047274	      0.00112640	     -0.23031334	      0.91885777	     -0.47201411
      1.98000000	    -10.78476767	   -520.91847942	    153.95514523	      0.00029336	     -0.00009305	      0.00117852	     -0.23005135	      0.92229708	     -0.47211382
      1.98500000	    -11.19706824	   -492.25288161	    147.30020431	      0.00020777	      0.00064746	      0.00109932	     -0.22983770	      0.92560599	     -0.47222419
      1.99000000	     -9.75644760	   -465.96798124	    145.07129332	      0.00029851	      0.00075416	      0.00101382	     -0.22967045	      0.92876815	     -0.47234279
      1.99500000	     -8.88457932	   -449.47388604	    147.50415432	      0.00051492	      0.00036602	      0.00100230	     -0.22954711	      0.93176826	     -0.47246714
      2.00000000	      0.13595523	   -398.71815942	    150.36117107	      0.00108417	     -0.00113749	      0.00071729	     -0.22946474	      0.93459214	     -0.47259474
      2.00500000	      3.27047521	   -361.22200369	    140.86494851	      0.00101188	     -0.00028239	      0.00053578	     -0.22941992	      0.93722680	     -0.47272315
      2.01000000	      0.52646725	   -367.62635979	    139.50519053	      0.00084364	      0.00049525	      0.00061345	     -0.22940889	      0.93966045	     -0.47285007
      2.01500000	      2.96197669	   -367.28679217	    146.46144469	      0.00106966	      0.00007339	      0.00057320	     -0.22942758	      0.94188250	     -0.47297335
      2.02000000	      6.10066668	   -355.02330511	    147.29800421	      0.00118242	     -0.00062909	      0.00054404	     -0.22947174	      0.94388361	     -0.47309105
      2.02500000	     14.17277841	   -340.03696393	    161.63716844	      0.00144502	     -0.00107235	      0.00031730	     -0.22953704	      0.94565557	     -0.47320149
      2.03000000	     18.47151790	   -320.61371270	    146.62163070	      0.00119634	      0.00014984	      0.00007926	     -0.22961919	      0.94719132	     -0.47330329
      2.03500000	     18.59260611	   -300.93220831	    134.75988288	      0.00102867	      0.00047796	      0.00000758	     -0.22971404	      0.94848486	     -0.47339536
      2.04000000	     21.37446986	   -313.35725621	    129.01468630	      0.00086809	      0.00089039	     -0.00011773	     -0.22981772	      0.94953120	     -0.47347690
      2.04500000	     22.31539693	   -309.65441621	    117.81954016	      0.00065155	      0.00124644	     -0.00022302	     -0.22992676	      0.95032629	     -0.47354742
      2.05000000	     22.00505912	   -303.50047912	    110.84996057	      0.00050735	      0.00126712	     -0.00028299	     -0.23003814	      0.95086698	     -0.47360672
      2.05500000	     18.75543714	   -288.72750742	    104.86348021	      0.00035943	      0.00115662	     -0.00033807	     -0.23014944	      0.95115097	     -0.47365484
      2.06000000	     17.84930496	   -289.58085601	    102.86876547	      0.00022460	      0.00098341	     -0.00040595	     -0.23025886	      0.95117678	     -0.47369205
      2.06500000	     13.83145664	   -293.73104753	    106.38465986	      0.00002100	      0.00081628	     -0.00048198	     -0.23036533	      0.95094372	     -0.47371879
      2.07000000	     10.39752925	   -299.45320769	    111.75829029	     -0.00011457	      0.00071644	     -0.00049989	     -0.23046847	      0.95045195	     -0.47373566
      2.07500000	      7.81134631	   -301.24806521	    115.30708950	     -0.00020035	      0.00064199	     -0.00050683	     -0.23056862	      0.94970244	     -0.47374336
      2.08000000	      5.23174939	   -296.43289818	    116.02549679	     -0.00028146	      0.00056092	     -0.00050997	     -0.23066687	      0.94869706	     -0.47374262
      2.08500000	      2.07916142	   -288.79810805	    120.22833119	     -0.00034563	      0.00050524	     -0.00045200	     -0.23076493	      0.94743858	     -0.47373423
      2.09000000	      0.53646491	   -273.94855874	    115.81439959	     -0.00036918	      0.00044456	     -0.00044878	     -0.23086514	      0.94593083	     -0.47371897
      2.09500000	     30.02541835	   -517.44293286	    144.45674354	     -0.00045150	     -0.00016755	      0.00008921	     -0.23097035	      0.94417865	     -0.47369756
      2.10000000	     38.63265947	   -559.73962173	    153.92721837	      0.00046953	     -0.00164772	      0.00033311	     -0.23108381	      0.94218808	     -0.47367071
      2.10500000	     10.28253607	   -487.14830817	    157.09018343	      0.00041772	     -0.00204345	      0.00097959	     -0.23120906	      0.93996635	     -0.47363909
      2.11000000	     20.26839248	   -304.95614886	    107.61111093	      0.00039338	      0.00015841	     -0.00015546	     -0.23134979	      0.93752199	     -0.47360329
      2.11500000	     18.28652307	   -301.64821836	    111.75240124	      0.00055242	     -0.00017043	     -0.00002421	     -0.23150968	      0.93486487	     -0.47356391
      2.12000000	     21.15232942	   -366.98090150	    131.85137663	      0.00083825	     -0.00082430	      0.00024121	     -0.23169224	      0.93200620	     -0.47352151
      2.12500000	     25.85972480	   -417.96017772	    146.46928396	      0.00103000	     -0.00099445	      0.00034447	     -0.23190071	      0.92895859	     -0.47347669
      2.13000000	     29.89600667	   -475.31553882	    168.03498574	      0.00124980	     -0.00111863	      0.00040279	     -0.23213787	      0.92573601	     -0.47343008
      2.13500000	     40.60501698	   -514.20688275	    195.34757911	      0.00174630	     -0.00207159	      0.00046459	     -0.23240594	      0.92235374	     -0.47338238
      2.14000000	     42.78465300	   -481.28392944	    185.37886687	      0.00159791	     -0.00158543	      0.00030057	     -0.23270654	      0.91882832	     -0.47333437
      2.14500000	     46.78435701	   -531.35061245	    194.78700904	      0.00171145	     -0.00166421	      0.00047422	     -0.23304052	      0.91517741	     -0.47328696
      2.15000000	     56.27130028	   -652.23016935	    224.78044798	      0.00213611	     -0.00216268	      0.00085499	     -0.23340802	      0.91141972	     -0.47324114
      2.15500000	     64.76606473	   -742.23218875	    244.45587753	      0.00240285	     -0.00233622	      0.00109385	     -0.23380838	      0.90757482	     -0.47319804
      2.16000000	     75.42651773	   -855.24725603	    270.79925860	      0.00275564	     -0.00259900	      0.00136612	     -0.23424016	      0.90366294	     -0.47315885
      2.16500000	     85.75727195	   -950.27652403	    290.63115451	      0.00305872	     -0.00328047	      0.00164604	     -0.23470116	      0.89970480	     -0.47312486
      2.17000000	     94.33784334	   -986.05672448	    297.54255120	      0.00316733	     -0.00361339	      0.00167803	     -0.23518840	      0.89572136	     -0.47309738
      2.17500000	     99.38365504	   -968.68946401	    292.37258763	      0.00306032	     -0.00340660	      0.00147974	     -0.23569822	      0.89173362	     -0.47307772
      2.18000000	     95.28575582	   -861.27853868	    260.92076044	      0.00249364	     -0.00267458	      0.00097283	     -0.23622624	      0.88776234	     -0.47306715
      2.18500000	     87.19689343	   -721.66614939	    222.37081426	      0.00177371	     -0.00191977	      0.00033980	     -0.23676748	      0.88382780	     -0.47306684
      2.19000000	     83.36177454	   -667.16480364	    188.46468360	      0.00070711	      0.00025501	     -0.00043752	     -0.23731637	      0.87994964	     -0.47307782
      2.19500000	     94.35511421	   -792.62581495	    217.10639434	      0.00022328	      0.00106381	     -0.00084839	     -0.23786685	      0.87614659	     -0.47310092
      2.20000000	     95.46929078	   -862.16235319	    239.46026004	      0.00002242	      0.00117267	     -0.00100696	     -0.23841247	      0.87243630	     -0.47313674
      2.20500000	     86.12659168	   -848.52174364	    241.14820667	     -0.00006768	      0.00111086	     -0.00097182	     -0.23894646	      0.86883524	     -0.47318563
      2.21000000	     69.86749944	   -788.45583595	    226.32668077	     -0.00013747	      0.00095967	     -0.00084820	     -0.23946188	      0.86535858	     -0.47324762
      2.21500000	     68.51738116	   -778.23316710	    219.73166052	     -0.00012456	      0.00082861	     -0.00065126	     -0.23995172	      0.86202015	     -0.47332247
      2.22000000	     74.27011618	   -768.30096334	    204.85399315	     -0.00003940	      0.00073727	     -0.00046945	     -0.24040904	      0.85883242	     -0.47340960
      2.22500000	     81.10740242	   -773.83679649	    195.03368775	      0.00003052	      0.00083076	     -0.00028417	     -0.24082710	      0.85580654	     -0.47350814
      2.23000000	     93.12444444	   -806.60227763	    191.79916010	      0.00013810	      0.00140573	      0.00005804	     -0.24119946	      0.85295248	     -0.47361693
      2.23500000	    105.67441556	   -868.46169642	    206.91767881	      0.00018358	      0.00168030	      0.00030814	     -0.24152012	      0.85027908	     -0.47373455
      2.24000000	    114.88598974	   -915.40608918	    216.58724389	      0.00017009	      0.00177982	      0.00043126	     -0.24178362	      0.84779426	     -0.47385934
      2.24500000	    122.00688839	   -935.93566312	    221.15881589	      0.00017247	      0.00168307	      0.00046392	     -0.24198513	      0.84550516	     -0.47398944
      2.25000000	    128.13604700	   -967.56538902	    225.76105511	      0.00010661	      0.00165538	      0.00051201	     -0.24212055	      0.84341831	     -0.47412287
      2.25500000	    134.30765620	  -1009.96371838	    231.10189765	     -0.00001545	      0.00164674	      0.00057872	     -0.24218659	      0.84153978	     -0.47425752
      2.26000000	    141.62983638	  -1056.63187062	    238.28751730	     -0.00010414	      0.00166541	      0.00063796	     -0.24218082	      0.83987531	     -0.47439125
      2.26500000	    151.36888062	  -1134.54786420	    250.06270523	     -0.00027928	      0.00180932	      0.00077263	     -0.24210176	      0.83843042	     -0.47452195
      2.27000000	    160.87890335	  -1213.08313831	    263.75161480	     -0.00042419	      0.00192042	      0.00089865	     -0.24194889	      0.83721045	     -0.47464757
      2.27500000	    165.74912374	  -1272.60269017	    277.76948527	     -0.00055456	      0.00192674	      0.00094277	     -0.24172271	      0.83622060	     -0.47476624
      2.28000000	    161.15727662	  -1276.27749972	    273.85668549	     -0.00067631	      0.00194368	      0.00085938	     -0.24142470	      0.83546589	     -0.47487625
      2.28500000	    151.04164897	  -1259.92913746	    269.42430158	     -0.00082561	      0.00189581	      0.00068017	     -0.24105732	      0.83495108	     -0.47497622
      2.29000000	    140.43488285	  -1218.85174918	    260.76561255	     -0.00091425	      0.00172264	      0.00042441	     -0.24062397	      0.83468061	     -0.47506502
      2.29500000	    127.26897252	  -1185.95597975	    266.98672120	     -0.00110857	      0.00086620	     -0.00011007	     -0.24012890	      0.83465844	     -0.47514193
      2.30000000	    111.70443872	  -1195.55217140	    282.75881782	     -0.00116286	      0.00092741	     -0.00042776	     -0.23957712	      0.83488792	     -0.47520658
      2.30500000	     96.69974885	  -1198.64047190	    296.17690456	     -0.00115330	      0.00100201	     -0.00080079	     -0.23897424	      0.83537166	     -0.47525900
      2.31000000	     89.95393541	  -1223.43269845	    316.24659287	     -0.00122392	      0.00109142	     -0.00109761	     -0.23832640	      0.83611132	     -0.47529962
      2.31500000	     87.21905621	  -1235.14256507	    326.88105154	     -0.00122356	      0.00117431	     -0.00126863	     -0.23764005	      0.83710752	     -0.47532923
      2.32000000	     82.93017895	  -1236.92522546	    331.87769349	     -0.00121546	      0.00122640	     -0.00142123	     -0.23692182	      0.83835967	     -0.47534898
      2.32500000	     77.76400392	  -1230.38643543	    332.51428617	     -0.00123180	      0.00125692	     -0.00148562	     -0.23617839	      0.83986587	     -0.47536030
      2.33000000	     73.09129111	  -1210.14129402	    326.12415579	     -0.00120934	      0.00127365	     -0.00146495	     -0.23541631	      0.84162279	     -0.47536490
      2.33500000	     69.27476551	  -1181.12528422	    315.83937942	     -0.00117465	      0.00128326	     -0.00139158	     -0.23464191	      0.84362563	     -0.47536467
      2.34000000	     63.31927004	  -1137.48050617	    297.68407538	     -0.00117346	      0.00120554	     -0.00119010	     -0.23386116	      0.84586803	     -0.47536165
      2.34500000	     58.71655473	  -1094.66374337	    282.54755772	     -0.00120101	      0.00110893	     -0.00093452	     -0.23307964	      0.84834211	     -0.47535796
      2.35000000	     58.36994462	  -1051.12491841	    266.49799830	     -0.00125770	      0.00093516	     -0.00055404	     -0.23230241	      0.85103844	     -0.47535571
      2.35500000	     61.46893565	  -1019.46231238	    253.49490049	     -0.00136836	      0.00067580	     -0.00007779	     -0.23153401	      0.85394610	     -0.47535702
      2.36000000	     61.28515050	   -986.96798441	    238.39594187	     -0.00128020	      0.00066372	      0.00038850	     -0.23077846	      0.85705272	     -0.47536388
      2.36500000	     55.38465557	   -980.29475716	    236.53258076	     -0.00136136	      0.00054531	      0.00077038	     -0.23003924	      0.86034454	     -0.47537816
      2.37000000	     45.36827217	   -967.77552708	    234.22944860	     -0.00138643	      0.00043290	      0.00107305	     -0.22931929	      0.86380657	     -0.47540156
      2.37500000	     35.65711062	   -943.28674668	    229.80414090	     -0.00136711	      0.00035660	      0.00128340	     -0.22862110	      0.86742262	     -0.47543556
      2.38000000	     28.26814827	   -922.01059600	    229.29958833	     -0.00145716	      0.00020488	      0.00141633	     -0.22794671	      0.87117547	     -0.47548141
      2.38500000	     21.55622253	   -886.87485094	    224.43204612	     -0.00146499	      0.00012408	      0.00148733	     -0.22729778	      0.87504695	     -0.47554014
      2.39000000	     16.10581287	   -868.01539699	    226.05421937	     -0.00159123	     -0.00000553	      0.00154908	     -0.22667565	      0.87901813	     -0.47561251
      2.39500000	      9.47090795	   -847.75519432	    226.08379336	     -0.00167630	     -0.00007839	      0.00163803	     -0.22608138	      0.88306939	     -0.47569908
      2.40000000	      3.00198952	   -826.01518628	    223.87441909	     -0.00171189	     -0.00012695	      0.00173291	     -0.22551585	      0.88718061	     -0.47580014
      2.40500000	     -0.18784844	   -797.66726395	    222.17341537	     -0.00178846	     -0.00015293	      0.00168892	     -0.22497976	      0.89133128	     -0.47591580
      2.41000000	     -4.24296611	   -768.28863863	    218.01472943	     -0.00181304	     -0.00016441	      0.00169490	     -0.22447371	      0.89550068	     -0.47604601
      2.41500000	     -6.09723441	   -726.42074698	    208.37551414	     -0.00175497	     -0.00014005	      0.00163604	     -0.22399823	      0.89966798	     -0.47619053
      2.42000000	     -7.75753781	   -675.49747412	    194.44557620	     -0.00163093	     -0.00010390	      0.00157885	     -0.22355384	      0.90381242	     -0.47634900
      2.42500000	     -7.39927505	   -622.29576927	    177.69336283	     -0.00146888	     -0.00004225	      0.00149390	     -0.22314104	      0.90791348	     -0.47652095
      2.43000000	     -8.69464895	   -584.45920742	    166.61588389	     -0.00138262	      0.00003471	      0.00143515	     -0.22276035	      0.91195099	     -0.47670581
      2.43500000	    -10.32985386	   -531.84539691	    147.57776492	     -0.00110523	      0.00029423	      0.00136588	     -0.22241234	      0.91590531	     -0.47690292
      2.44000000	    -12.21999639	   -485.26211200	    137.40305503	     -0.00081052	      0.00079021	      0.00121405	     -0.22209758	      0.91975749	     -0.47711154
      2.44500000	    -11.30771660	   -446.96396921	    130.10610345	     -0.00057763	      0.00114983	      0.00104426	     -0.22181670	      0.92348939	     -0.47733083
      2.45000000	     -8.67202734	   -398.40049218	    122.19258422	     -0.00033958	      0.00146022	      0.00077558	     -0.22157032	      0.92708382	     -0.47755983
      2.45500000	     -9.10216540	   -365.22380872	    119.19727351	     -0.00013048	      0.00170906	      0.00063746	     -0.22135908	      0.93052470	     -0.47779748
      2.46000000	     -7.12597622	   -319.01616473	    114.52350586	      0.00016181	      0.00198934	      0.00041882	     -0.22118358	      0.93379713	     -0.47804256
      2.46500000	     -5.38655500	   -288.16435589	    115.97326116	      0.00041409	      0.00214212	      0.00021690	     -0.22104439	      0.93688746	     -0.47829374
      2.47000000	     -6.39554680	   -282.54792449	    118.55076718	      0.00051112	      0.00238075	      0.00016835	     -0.22094201	      0.93978341	     -0.47854949
      2.47500000	     -7.39610517	   -281.79630483	    122.05004592	      0.00060467	      0.00262177	      0.00015383	     -0.22087684	      0.94247402	     -0.47880817
      2.48000000	     -0.76673200	   -295.60217227	    130.40081452	      0.00082482	      0.00277824	      0.00002435	     -0.22084917	      0.94494971	     -0.47906797
      2.48500000	      2.75438082	   -367.62138137	    157.68854822	      0.00122692	      0.00175903	      0.00019797	     -0.22085914	      0.94720222	     -0.47932699
      2.49000000	      6.28462494	   -387.17336233	    156.53311822	      0.00116500	      0.00245739	      0.00011006	     -0.22090674	      0.94922456	     -0.47958325
      2.49500000	      9.87039927	   -408.95149775	    158.70828060	      0.00116142	      0.00297003	      0.00003086	     -0.22099176	      0.95101092	     -0.47983472
      2.50000000	     11.64733796	   -435.88079095	    163.53056966	      0.00118852	      0.00306072	      0.00002349	     -0.22111382	      0.95255659	     -0.48007940
      2.50500000	     11.08145161	   -448.08012554	    166.33823136	      0.00118939	      0.00309891	      0.00001429	     -0.22127231	      0.95385783	     -0.48031536
      2.51000000	     13.23681777	   -444.20203431	    161.89026032	      0.00112957	      0.00334450	     -0.00004457	     -0.22146643	      0.95491178	     -0.48054079
      2.51500000	     11.17968410	   -438.45273822	    160.75245058	      0.00109341	      0.00330696	     -0.00003624	     -0.22169517	      0.95571635	     -0.48075408
      2.52000000	     10.12855722	   -427.77189260	    155.76922349	      0.00098840	      0.00324016	     -0.00006799	     -0.22195730	      0.95627013	     -0.48095383
      2.52500000	     12.41207498	   -412.04812634	    148.96182052	      0.00091168	      0.00310790	     -0.00007879	     -0.22225143	      0.95657231	     -0.48113896
      2.53000000	     10.23512949	   -391.22611059	    144.33449293	      0.00084246	      0.00291441	     -0.00007136	     -0.22257598	      0.95662264	     -0.48130869
      2.53500000	     11.55016893	   -355.41919963	    130.00991161	      0.00066507	      0.00272644	     -0.00013986	     -0.22292920	      0.95642140	     -0.48146258
      2.54000000	      9.80263098	   -326.72168377	    122.23819188	      0.00053358	      0.00242265	     -0.00013032	     -0.22330925	      0.95596936	     -0.48160056
      2.54500000	     10.43381583	   -294.89036127	    111.63625539	      0.00040971	      0.00212291	     -0.00015777	     -0.22371416	      0.95526785	     -0.48172296
      2.55000000	      8.78740319	   -262.11892869	    100.95857683	      0.00023385	      0.00174556	     -0.00020210	     -0.22414192	      0.95431873	     -0.48183045
      2.55500000	      1.27564658	   -266.91122387	    107.25717280	     -0.00025941	      0.00077632	      0.00026460	     -0.22459052	      0.95312450	     -0.48192408
      2.56000000	      0.01701676	   -256.14089801	    111.91873964	     -0.00068824	      0.00015724	      0.00055500	     -0.22505798	      0.95168832	     -0.48200521
      2.56500000	      3.00753073	   -258.90438791	    118.93123179	     -0.00064103	      0.00009100	      0.00034877	     -0.22554241	      0.95001411	     -0.48207554
      2.57000000	     20.71757393	   -345.94487909	    127.92682559	     -0.00048330	      0.00001939	      0.00009955	     -0.22604209	      0.94810660	     -0.48213700
      2.57500000	     39.06656892	   -469.20863279	    161.04749884	     -0.00013686	      0.00145890	     -0.00088404	     -0.22655549	      0.94597147	     -0.48219179
      2.58000000	     66.08541474	   -564.83681494	    183.09035868	      0.00012852	      0.00166079	     -0.00106031	     -0.22708135	      0.94361532	     -0.48224225
      2.58500000	     61.02606791	   -454.25409921	    154.90095507	      0.00027079	      0.00104804	     -0.00078218	     -0.22761871	      0.94104588	     -0.48229085
      2.59000000	     30.25252133	   -273.82458382	    112.86758381	      0.00011719	      0.00011469	     -0.00037304	     -0.22816694	      0.93827194	     -0.48234011
      2.59500000	     39.22207218	   -324.54129543	    114.20217321	      0.00038100	     -0.00095486	      0.00007393	     -0.22872575	      0.93530350	     -0.48239255
      2.60000000	     67.57473419	   -568.17380621	    169.04488621	      0.00118149	     -0.00242798	      0.00084346	     -0.22929519	      0.93215173	     -0.48245059
      2.60500000	     88.22839385	   -796.38738259	    198.14684076	      0.00110449	     -0.00196629	      0.00150361	     -0.22987565	      0.92882906	     -0.48251652
      2.61000000	     96.07897340	   -941.25048245	    224.08737323	      0.00079083	     -0.00048782	      0.00189592	     -0.23046781	      0.92534908	     -0.48259238
      2.61500000	    106.84695907	   -930.49141363	    235.08976806	      0.00159982	     -0.00292235	      0.00186631	     -0.23107261	      0.92172659	     -0.48267996
      2.62000000	     96.25267571	   -785.38514089	    200.16600348	      0.00124459	     -0.00242112	      0.00140687	     -0.23169118	      0.91797754	     -0.48278068
      2.62500000	     83.40112050	   -672.45194591	    163.10779326	      0.00046122	     -0.00060907	      0.00108975	     -0.23232472	      0.91411890	     -0.48289555
      2.63000000	     81.74321907	   -668.88055334	    161.05006605	      0.00018342	      0.00033397	      0.00103501	     -0.23297450	      0.91016861	     -0.48302515
      2.63500000	     80.91074518	   -634.93372560	    156.83391319	      0.00036105	     -0.00008745	      0.00084419	     -0.23364163	      0.90614546	     -0.48316963
      2.64000000	     87.44986501	   -630.16588180	    168.56388385	      0.00114218	     -0.00202101	      0.00069924	     -0.23432704	      0.90206891	     -0.48332863
      2.64500000	     96.63809532	   -667.93021648	    199.26589719	      0.00160032	     -0.00291616	      0.00072011	     -0.23503128	      0.89795891	     -0.48350138
      2.65000000	     94.90726665	   -636.61358035	    207.47351627	      0.00171122	     -0.00313808	      0.00055045	     -0.23575443	      0.89383575	     -0.48368666
      2.65500000	     93.26838584	   -624.12530264	    211.72222632	      0.00163206	     -0.00269596	      0.00033759	     -0.23649596	      0.88971981	     -0.48388289
      2.66000000	     95.63813116	   -634.73184349	    216.65073438	      0.00161717	     -0.00248342	      0.00023553	     -0.23725461	      0.88563137	     -0.48408815
      2.66500000	     92.43302932	   -608.22455168	    199.85514345	      0.00143101	     -0.00211668	      0.00012389	     -0.23802836	      0.88159039	     -0.48430027
      2.67000000	     84.29565771	   -594.31179834	    187.96438763	      0.00109349	     -0.00124127	     -0.00000707	     -0.23881434	      0.87761630	     -0.48451686
      2.67500000	     77.64570216	   -573.47329742	    179.63565338	      0.00084013	     -0.00063388	     -0.00017767	     -0.23960884	      0.87372783	     -0.48473544
      2.68000000	     65.71266481	   -548.54467189	    169.84466861	      0.00031012	      0.00048804	     -0.00046277	     -0.24040731	      0.86994287	     -0.48495343
      2.68500000	     72.52402675	   -605.46157115	    190.69113695	      0.00017627	      0.00068941	     -0.00058302	     -0.24120447	      0.86627833	     -0.48516827
      2.69000000	     75.26244800	   -632.88048672	    197.70826618	      0.00004533	      0.00089432	     -0.00073231	     -0.24199435	      0.86275008	     -0.48537746
      2.69500000	     79.64582290	   -651.55804044	    205.34099692	      0.00004007	      0.00089454	     -0.00076590	     -0.24277047	      0.85937289	     -0.48557863
      2.70000000	     77.27370928	   -653.05956002	    209.55294646	      0.00002755	      0.00079337	     -0.00069941	     -0.24352595	      0.85616048	     -0.48576954
      2.70500000	     71.49600260	   -636.97616784	    202.35341849	     -0.00003272	      0.00073177	     -0.00066979	     -0.24425371	      0.85312550	     -0.48594814
      2.71000000	     73.78051705	   -647.71589819	    200.86321017	     -0.00004691	      0.00069731	     -0.00060831	     -0.24494667	      0.85027959	     -0.48611262
      2.71500000	     84.50722716	   -666.79932687	    200.85466224	      0.00010632	      0.00062827	     -0.00044580	     -0.24559793	      0.84763349	     -0.48626136
      2.72000000	     92.83165241	   -690.84826530	    199.21095447	      0.00021286	      0.00060857	     -0.00029933	     -0.24620095	      0.84519710	     -0.48639298
      2.72500000	    103.60190975	   -731.64375500	    203.77371234	      0.00035191	      0.00055379	     -0.00015900	     -0.24674976	      0.84297954	     -0.48650634
      2.73000000	    112.51491789	   -774.96881977	    209.27059191	      0.00042669	      0.00056511	     -0.00003363	     -0.24723909	      0.84098927	     -0.48660052
      2.73500000	    118.19776784	   -814.33297158	    213.83683755	      0.00037196	      0.00075277	      0.00004085	     -0.24766451	      0.83923411	     -0.48667481
      2.74000000	    121.54290786	   -842.92900555	    212.68107900	      0.00017092	      0.00141357	      0.00013353	     -0.24802254	      0.83772128	     -0.48672875
      2.74500000	    128.11996744	   -899.41686577	    221.84118384	      0.00010273	      0.00154488	      0.00022349	     -0.24831071	      0.83645746	     -0.48676206
      2.75000000	    133.98270544	   -956.52406630	    230.89369554	     -0.00001489	      0.00160488	      0.00028488	     -0.24852757	      0.83544872	     -0.48677472
      2.75500000	    140.58534769	  -1001.24956398	    238.94511214	     -0.00000690	      0.00165452	      0.00034205	     -0.24867269	      0.83470053	     -0.48676691
      2.76000000	    142.12676696	  -1016.47102508	    238.85117983	     -0.00001153	      0.00164894	      0.00030626	     -0.24874663	      0.83421770	     -0.48673906
      2.76500000	    141.66489803	  -1010.04242732	    235.20307027	      0.00000403	      0.00153680	      0.00018342	     -0.24875084	      0.83400430	     -0.48669182
      2.77000000	    136.77564531	  -1008.55421959	    236.15713298	     -0.00006614	      0.00122016	     -0.00003249	     -0.24868759	      0.83406360	     -0.48662612
      2.77500000	    134.37132674	   -998.27458933	    233.96809279	     -0.00003253	      0.00110411	     -0.00020881	     -0.24855983	      0.83439794	     -0.48654309
      2.78000000	    128.69873331	   -995.81427203	    237.08198046	     -0.00009454	      0.00097449	     -0.00047171	     -0.24837108	      0.83500868	     -0.48644412
      2.78500000	    123.21267269	  -1005.75893994	    242.45227741	     -0.00021363	      0.00089369	     -0.00072981	     -0.24812528	      0.83589605	     -0.48633081
      2.79000000	    119.61841477	  -1037.09936149	    260.80460475	     -0.00033750	      0.00090939	     -0.00094325	     -0.24782669	      0.83705909	     -0.48620499
      2.79500000	    116.62902965	  -1057.04778573	    278.36332671	     -0.00039794	      0.00095879	     -0.00110606	     -0.24747973	      0.83849554	     -0.48606861
      2.80000000	    110.13459692	  -1070.63267948	    290.78532112	     -0.00053234	      0.00095431	     -0.00123664	     -0.24708892	      0.84020175	     -0.48592380
      2.80500000	    104.52917545	  -1065.87812025	    293.06392647	     -0.00060882	      0.00092083	     -0.00126914	     -0.24665876	      0.84217264	     -0.48577276
      2.81000000	     98.35184101	  -1058.27269378	    295.87649043	     -0.00070142	      0.00089419	     -0.00130805	     -0.24619368	      0.84440165	     -0.48561774
      2.81500000	     92.72578792	  -1032.07984133	    292.09646572	     -0.00072213	      0.00084477	     -0.00132237	     -0.24569799	      0.84688065	     -0.48546102
      2.82000000	     85.96137879	   -997.14109467	    286.90133729	     -0.00074653	      0.00078643	     -0.00132404	     -0.24517585	      0.84960001	     -0.48530485
      2.82500000	     78.91579529	   -957.05443727	    279.30787249	     -0.00076189	      0.00072045	     -0.00130009	     -0.24463130	      0.85254851	     -0.48515142
      2.83000000	     70.79661678	   -912.89585011	    270.35734787	     -0.00077349	      0.00067565	     -0.00135065	     -0.24406824	      0.85571342	     -0.48500282
      2.83500000	     64.74679235	   -865.84169278	    260.26132779	     -0.00074311	      0.00065078	     -0.00135061	     -0.24349048	      0.85908050	     -0.48486105
      2.84000000	     57.83790028	   -819.66585647	    250.05714551	     -0.00073447	      0.00062870	     -0.00132586	     -0.24290177	      0.86263407	     -0.48472800
      2.84500000	     50.37220608	   -775.89190474	    240.57545083	     -0.00075507	      0.00061747	     -0.00128720	     -0.24230582	      0.86635708	     -0.48460541
      2.85000000	     43.28931514	   -727.40301147	    228.41954700	     -0.00075921	      0.00060205	     -0.00122052	     -0.24170637	      0.87023120	     -0.48449493
      2.85500000	     35.47461990	   -682.53202445	    217.20878540	     -0.00078496	      0.00060603	     -0.00117541	     -0.24110720	      0.87423695	     -0.48439805
      2.86000000	     30.18434388	   -647.63246871	    210.58641550	     -0.00081598	      0.00062659	     -0.00105545	     -0.24051212	      0.87835380	     -0.48431617
      2.86500000	     23.04468810	   -608.05115619	    199.30647414	     -0.00088812	      0.00060897	     -0.00092048	     -0.23992502	      0.88256036	     -0.48425056
      2.87000000	     18.56472928	   -561.38842997	    182.84334568	     -0.00090365	      0.00055659	     -0.00071839	     -0.23934981	      0.88683455	     -0.48420237
      2.87500000	     12.58000563	   -511.14444906	    164.43841316	     -0.00093671	      0.00048808	     -0.00056158	     -0.23879042	      0.89115375	     -0.48417265
      2.88000000	     11.37120868	   -472.93338139	    150.40276761	     -0.00095087	      0.00043161	     -0.00032672	     -0.23825074	      0.89549505	     -0.48416232
      2.88500000	     10.61898917	   -439.27261692	    136.16222396	     -0.00096803	      0.00037471	     -0.00007264	     -0.23773458	      0.89983544	     -0.48417217
      2.89000000	      8.88498875	   -428.05330805	    125.58656094	     -0.00099345	      0.00046147	      0.00027179	     -0.23724557	      0.90415201	     -0.48420285
      2.89500000	     -4.40458096	   -427.17021865	    126.34085016	     -0.00084929	      0.00097734	      0.00047556	     -0.23678712	      0.90842220	     -0.48425483
      2.90000000	    -12.57089571	   -415.31823562	    119.48501049	     -0.00073732	      0.00135688	      0.00064951	     -0.23636230	      0.91262401	     -0.48432840
      2.90500000	    -20.76395507	   -422.87262005	    125.46921203	     -0.00069330	      0.00146939	      0.00078692	     -0.23597380	      0.91673616	     -0.48442365
      2.91000000	    -25.64501437	   -411.91543844	    122.03499999	     -0.00058977	      0.00168697	      0.00088008	     -0.23562384	      0.92073834	     -0.48454041
      2.91500000	    -29.70927657	   -401.15739124	    120.86293743	     -0.00058402	      0.00183815	      0.00088473	     -0.23531409	      0.92461136	     -0.48467829
      2.92000000	    -30.94205374	   -374.34009206	    116.88540051	     -0.00047324	      0.00200586	      0.00079622	     -0.23504563	      0.92833727	     -0.48483660
      2.92500000	    -32.36741688	   -345.52397084	    112.49707706	     -0.00039891	      0.00212437	      0.00072294	     -0.23481888	      0.93189953	     -0.48501438
      2.93000000	    -37.68190100	   -317.34183192	    110.14796693	     -0.00035210	      0.00209225	      0.00071163	     -0.23463362	      0.93528308	     -0.48521038
      2.93500000	    -29.94661341	   -280.06642628	    100.92818403	     -0.00019977	      0.00244104	      0.00035668	     -0.23448894	      0.93847438	     -0.48542306
      2.94000000	    -28.09070413	   -266.19452700	    100.90311852	     -0.00005498	      0.00264784	      0.00020603	     -0.23438327	      0.94146145	     -0.48565065
      2.94500000	    -15.65152689	   -273.54023788	    101.49300914	      0.00013910	      0.00274611	     -0.00002993	     -0.23431437	      0.94423389	     -0.48589108
      2.95000000	     -5.72251814	   -325.29058605	    113.16425569	      0.00031469	      0.00259361	     -0.00003254	     -0.23427946	      0.94678279	     -0.48614213
      2.95500000	     18.07193877	   -408.43275353	    122.54237470	      0.00047239	      0.00227132	     -0.00023588	     -0.23427520	      0.94910070	     -0.48640136
      2.96000000	     20.90206538	   -432.90320152	    129.88615332	      0.00049454	      0.00237435	     -0.00033985	     -0.23429780	      0.95118151	     -0.48666625
      2.96500000	     28.30489404	   -460.22095679	    135.04212966	      0.00051719	      0.00238588	     -0.00038787	     -0.23434312	      0.95302035	     -0.48693419
      2.97000000	     35.08502394	   -476.19191035	    141.82324944	      0.00061306	      0.00237362	     -0.00037755	     -0.23440679	      0.95461349	     -0.48720258
      2.97500000	     35.09835513	   -467.68110274	    140.10629937	      0.00057171	      0.00245682	     -0.00045460	     -0.23448426	      0.95595816	     -0.48746886
      2.98000000	     35.54931377	   -468.43700277	    143.41419430	      0.00057816	      0.00235616	     -0.00047020	     -0.23457097	      0.95705245	     -0.48773060
      2.98500000	     38.15680384	   -462.72962854	    142.28204043	      0.00056591	      0.00235198	     -0.00051329	     -0.23466243	      0.95789521	     -0.48798553
      2.99000000	     39.97895679	   -459.18439370	    142.84418348	      0.00055690	      0.00224517	     -0.00054079	     -0.23475438	      0.95848587	     -0.48823158
      2.99500000	     39.69830360	   -431.18910242	    134.83842276	      0.00050518	      0.00216379	     -0.00055547	     -0.23484286	      0.95882445	     -0.48846695
      3.00000000	     37.54719772	   -415.58070462	    136.11023251	      0.00048533	      0.00193145	     -0.00054465	     -0.23492438	      0.95891141	     -0.48869011
      3.00500000	     38.47361224	   -394.13659035	    129.04492283	      0.00042111	      0.00181782	     -0.00058044	     -0.23499602	      0.95874762	     -0.48889984
      3.01000000	     36.94266535	   -364.45595622	    122.83548305	      0.00036634	      0.00161445	     -0.00057508	     -0.23505551	      0.95833438	     -0.48909520
      3.01500000	     33.73698270	   -344.58293785	    122.91819001	      0.00029500	      0.00134626	     -0.00055501	     -0.23510136	      0.95767337	     -0.48927555
      3.02000000	     29.89547424	   -318.14098423	    118.59426388	      0.00015870	      0.00110143	     -0.00054572	     -0.23513296	      0.95676666	     -0.48944051
      3.02500000	     45.85690943	   -436.71056239	    139.61073114	      0.00012025	      0.00140426	     -0.00082497	     -0.23515058	      0.95561681	     -0.48958999
      3.03000000	     56.04138524	   -590.34205249	    178.26321310	     -0.00003774	      0.00191500	     -0.00117173	     -0.23515544	      0.95422687	     -0.48972407
      3.03500000	     56.05989486	   -515.51630754	    158.32611452	      0.00014201	      0.00136147	     -0.00094630	     -0.23514970	      0.95260046	     -0.48984305
      3.04000000	     45.26068338	   -407.38536163	    134.72749490	      0.00015118	      0.00082032	     -0.00069038	     -0.23513643	      0.95074182	     -0.48994739
      3.04500000	     41.75468204	   -382.90241751	    129.78663074	      0.00014491	      0.00056916	     -0.00059735	     -0.23511952	      0.94865595	     -0.49003765
      3.05000000	     41.38186880	   -364.51284123	    142.01922120	      0.00075258	     -0.00105131	     -0.00017848	     -0.23510360	      0.94634864	     -0.49011451
      3.05500000	     39.10233302	   -375.65052378	    147.07411688	      0.00088918	     -0.00150900	      0.00002636	     -0.23509386	      0.94382657	     -0.49017873
      3.06000000	     45.01771050	   -445.28760830	    151.04915557	      0.00093129	     -0.00186384	      0.00028325	     -0.23509594	      0.94109742	     -0.49023110
      3.06500000	     51.04505833	   -591.28785301	    192.60062935	      0.00133729	     -0.00249442	      0.00064725	     -0.23511567	      0.93816991	     -0.49027247
      3.07000000	     56.63096376	   -648.00576747	    209.24940462	      0.00158595	     -0.00287245	      0.00076764	     -0.23515895	      0.93505389	     -0.49030367
      3.07500000	     59.55866557	   -664.10628096	    207.54888156	      0.00161024	     -0.00287841	      0.00079496	     -0.23523150	      0.93176040	     -0.49032555
      3.08000000	     62.74339794	   -698.52722473	    218.33704381	      0.00175832	     -0.00298281	      0.00089178	     -0.23533872	      0.92830168	     -0.49033895
      3.08500000	     64.75440227	   -712.29122879	    232.06055099	      0.00192457	     -0.00310755	      0.00091895	     -0.23548543	      0.92469122	     -0.49034463
      3.09000000	     71.35509010	   -741.53040601	    247.99761722	      0.00221488	     -0.00373003	      0.00100430	     -0.23567576	      0.92094370	     -0.49034336
      3.09500000	     82.84433498	   -820.85377855	    283.15978998	      0.00272171	     -0.00459221	      0.00115536	     -0.23591300	      0.91707500	     -0.49033578
      3.10000000	     88.50572937	   -858.24217523	    306.32444880	      0.00303584	     -0.00526831	      0.00126788	     -0.23619944	      0.91310206	     -0.49032250
      3.10500000	     90.31882825	   -903.97091944	    341.62171464	      0.00348093	     -0.00634162	      0.00148328	     -0.23653629	      0.90904281	     -0.49030403
      3.11000000	    109.23044040	   -939.62779042	    354.98016985	      0.00369323	     -0.00633095	      0.00128951	     -0.23692361	      0.90491600	     -0.49028077
      3.11500000	    119.74462492	   -933.40976711	    351.68864226	      0.00364684	     -0.00608414	      0.00108198	     -0.23736030	      0.90074101	     -0.49025308
      3.12000000	    127.63468858	   -939.22601912	    344.33707570	      0.00355480	     -0.00562407	      0.00095119	     -0.23784407	      0.89653763	     -0.49022123
      3.12500000	    134.54907475	   -964.22708040	    338.18521320	      0.00348554	     -0.00527958	      0.00093765	     -0.23837154	      0.89232583	     -0.49018543
      3.13000000	    135.63269914	   -980.45097769	    329.23483050	      0.00330908	     -0.00475156	      0.00098771	     -0.23893827	      0.88812546	     -0.49014586
      3.13500000	    143.48363179	  -1025.53599353	    332.32514714	      0.00340507	     -0.00501219	      0.00111303	     -0.23953893	      0.88395604	     -0.49010268
      3.14000000	    145.20448258	  -1021.14505684	    326.18865363	      0.00328291	     -0.00478322	      0.00109183	     -0.24016746	      0.87983643	     -0.49005608
      3.14500000	    144.65166883	   -986.59216929	    311.50399765	      0.00303598	     -0.00432539	      0.00095631	     -0.24081719	      0.87578465	     -0.49000623
      3.15000000	    148.78744383	   -968.40769744	    307.52657309	      0.00295387	     -0.00420623	      0.00083999	     -0.24148108	      0.87181761	     -0.48995334
      3.15500000	    151.37419739	   -936.39783329	    297.82200304	      0.00282270	     -0.00409900	      0.00070057	     -0.24215191	      0.86795094	     -0.48989765
      3.16000000	    149.34205685	   -888.89976439	    280.52850665	      0.00250518	     -0.00345435	      0.00050872	     -0.24282242	      0.86419890	     -0.48983941
      3.16500000	    149.70972416	   -869.31072916	    271.45334086	      0.00228963	     -0.00291642	      0.00041477	     -0.24348551	      0.86057422	     -0.48977891
      3.17000000	    151.00925655	   -860.40143559	    265.13105886	      0.00215877	     -0.00262522	      0.00038593	     -0.24413441	      0.85708810	     -0.48971639
      3.17500000	    147.65341241	   -849.15132122	    255.19103282	      0.00198356	     -0.00225837	      0.00042578	     -0.24476275	      0.85375023	     -0.48965209
      3.18000000	    146.23429883	   -857.76085058	    251.70114418	      0.00186488	     -0.00194536	      0.00051344	     -0.24536471	      0.85056884	     -0.48958620
      3.18500000	    147.55500880	   -875.00224758	    250.83569111	      0.00183367	     -0.00179521	      0.00062136	     -0.24593503	      0.84755078	     -0.48951884
      3.19000000	    144.07239094	   -879.39378798	    244.11179180	      0.00170001	     -0.00139652	      0.00072037	     -0.24646908	      0.84470173	     -0.48945003
      3.19500000	    142.52941151	   -893.55221466	    242.42136947	      0.00155847	     -0.00096855	      0.00082986	     -0.24696286	      0.84202626	     -0.48937970
      3.20000000	    147.10988577	   -933.07073078	    249.04799934	      0.00123492	     -0.00013413	      0.00097274	     -0.24741296	      0.83952811	     -0.48930763
      3.20500000	    151.30828176	   -945.23922806	    251.80567360	      0.00125330	     -0.00019647	      0.00098046	     -0.24781649	      0.83721031	     -0.48923348
      3.21000000	    149.01380013	   -931.25241694	    246.36701729	      0.00105537	      0.00007640	      0.00090700	     -0.24817109	      0.83507538	     -0.48915680
      3.21500000	    156.76284672	   -910.74038212	    249.26023099	      0.00173785	     -0.00165591	      0.00072254	     -0.24847479	      0.83312550	     -0.48907698
      3.22000000	    155.12592911	   -889.94392800	    247.94970073	      0.00161765	     -0.00166557	      0.00054167	     -0.24872598	      0.83136265	     -0.48899332
      3.22500000	    156.86897587	   -872.06742563	    247.77494593	      0.00166113	     -0.00187959	      0.00039974	     -0.24892333	      0.82978872	     -0.48890500
      3.23000000	    153.61654154	   -850.11797710	    244.77797129	      0.00157009	     -0.00180751	      0.00024256	     -0.24906572	      0.82840561	     -0.48881116
      3.23500000	    151.99820725	   -839.43635423	    244.00807276	      0.00151493	     -0.00173563	      0.00013503	     -0.24915223	      0.82721525	     -0.48871087
      3.24000000	    151.42470293	   -835.18701414	    244.57786621	      0.00148172	     -0.00166612	      0.00004601	     -0.24918207	      0.82621967	     -0.48860324
      3.24500000	    142.85655245	   -811.94523604	    235.61776160	      0.00124742	     -0.00126031	     -0.00008441	     -0.24915461	      0.82542092	     -0.48848736
      3.25000000	    141.38390180	   -807.31480782	    235.16325923	      0.00119957	     -0.00114826	     -0.00017158	     -0.24906932	      0.82482112	     -0.48836244
      3.25500000	    136.12062248	   -798.82207456	    229.77355629	      0.00102142	     -0.00080553	     -0.00026160	     -0.24892587	      0.82442233	     -0.48822777
      3.26000000	    131.16139263	   -791.76207503	    224.97965225	      0.00084358	     -0.00045515	     -0.00035474	     -0.24872406	      0.82422653	     -0.48808281
      3.26500000	    121.05778358	   -775.66442467	    217.29301173	      0.00051396	      0.00014203	     -0.00050858	     -0.24846393	      0.82423552	     -0.48792718
      3.27000000	    115.51257247	   -772.94944708	    215.80417492	      0.00031957	      0.00049747	     -0.00064169	     -0.24814576	      0.82445085	     -0.48776072
      3.27500000	    110.95741239	   -784.11337110	    217.78922071	      0.00015295	      0.00073579	     -0.00075181	     -0.24777010	      0.82487377	     -0.48758348
      3.28000000	    107.24787811	   -801.62541773	    222.95973961	      0.00003678	      0.00082706	     -0.00085496	     -0.24733788	      0.82550513	     -0.48739575
      3.28500000	    101.11883641	   -815.98896409	    221.06814006	     -0.00011846	      0.00089187	     -0.00093077	     -0.24685040	      0.82634529	     -0.48719806
      3.29000000	     97.60369402	   -833.65493020	    223.79310003	     -0.00021112	      0.00094094	     -0.00094700	     -0.24630939	      0.82739415	     -0.48699115
      3.29500000	     92.62013089	   -852.64097165	    228.40994996	     -0.00033850	      0.00096757	     -0.00097109	     -0.24571708	      0.82865101	     -0.48677601
      3.30000000	     89.53756935	   -861.12805671	    229.52553449	     -0.00036997	      0.00099828	     -0.00098733	     -0.24507622	      0.83011458	     -0.48655380
      3.30500000	     83.90180521	   -875.94335119	    233.57005490	     -0.00048963	      0.00100161	     -0.00100124	     -0.24439008	      0.83178290	     -0.48632583
      3.31000000	     79.32049685	   -882.38522773	    233.68144853	     -0.00053767	      0.00101964	     -0.00099187	     -0.24366252	      0.83365336	     -0.48609359
      3.31500000	     74.23378681	   -885.68522390	    231.78354143	     -0.00060029	      0.00103153	     -0.00092937	     -0.24289793	      0.83572263	     -0.48585865
      3.32000000	     70.05031607	   -885.99449610	    227.19846616	     -0.00062820	      0.00106131	     -0.00082128	     -0.24210122	      0.83798664	     -0.48562267
      3.32500000	     67.19468388	   -897.72693517	    227.59296546	     -0.00072999	      0.00102517	     -0.00067331	     -0.24127782	      0.84044057	     -0.48538734
      3.33000000	     63.55226726	   -899.28782844	    222.35906140	     -0.00084753	      0.00101438	     -0.00044894	     -0.24043355	      0.84307881	     -0.48515441
      3.33500000	     61.74075658	   -900.88029484	    218.45618535	     -0.00095447	      0.00093389	     -0.00023875	     -0.23957460	      0.84589496	     -0.48492562
      3.34000000	     57.66279887	   -904.95479949	    219.61873013	     -0.00101735	      0.00103700	     -0.00010082	     -0.23870739	      0.84888180	     -0.48470269
      3.34500000	     52.19258273	   -913.33188849	    223.78589513	     -0.00116411	      0.00095021	      0.00000363	     -0.23783850	      0.85203127	     -0.48448733
      3.35000000	     45.77905641	   -891.07901490	    219.93833547	     -0.00119246	      0.00085996	     -0.00001834	     -0.23697453	      0.85533445	     -0.48428121
      3.35500000	     39.20979899	   -857.32726960	    212.54512129	     -0.00110878	      0.00089539	     -0.00009486	     -0.23612198	      0.85878160	     -0.48408596
      3.36000000	     33.33398009	   -834.55889510	    209.20833101	     -0.00115102	      0.00079976	     -0.00013858	     -0.23528719	      0.86236209	     -0.48390316
      3.36500000	     28.03500235	   -808.94608163	    205.21751865	     -0.00119248	      0.00073688	     -0.00019824	     -0.23447616	      0.86606444	     -0.48373432
      3.37000000	     23.51049066	   -771.72034395	    196.08737964	     -0.00112453	      0.00069786	     -0.00020194	     -0.23369450	      0.86987631	     -0.48358090
      3.37500000	     18.94933729	   -727.61609845	    186.02964775	     -0.00099050	      0.00075120	     -0.00028103	     -0.23294733	      0.87378454	     -0.48344426
      3.38000000	     15.13321093	   -685.23287199	    176.23609323	     -0.00088646	      0.00071158	     -0.00036676	     -0.23223925	      0.87777515	     -0.48332569
      3.38500000	     12.77414268	   -652.44343778	    169.48766512	     -0.00085644	      0.00072353	     -0.00033341	     -0.23157425	      0.88183339	     -0.48322634
      3.39000000	     11.66600784	   -613.42354218	    159.37143279	     -0.00078440	      0.00070963	     -0.00028928	     -0.23095573	      0.88594379	     -0.48314726
      3.39500000	     11.62483648	   -577.85525270	    148.89105086	     -0.00073275	      0.00072283	     -0.00014935	     -0.23038644	      0.89009020	     -0.48308935
      3.40000000	     10.88135345	   -555.26857703	    142.21105043	     -0.00071719	      0.00075461	      0.00005362	     -0.22986852	      0.89425590	     -0.48305333
      3.40500000	     10.42003136	   -515.13202972	    131.18261297	     -0.00060122	      0.00085667	      0.00003888	     -0.22940353	      0.89842365	     -0.48303977
      3.41000000	      6.66551754	   -484.42308614	    125.48829115	     -0.00030140	      0.00133194	      0.00012981	     -0.22899241	      0.90257582	     -0.48304903
      3.41500000	      4.17268606	   -469.25106648	    124.34048646	     -0.00022331	      0.00140815	      0.00025312	     -0.22863558	      0.90669448	     -0.48308126
      3.42000000	      3.18268277	   -449.90947440	    120.77462834	     -0.00014755	      0.00156005	      0.00032377	     -0.22833291	      0.91076157	     -0.48313639
      3.42500000	      0.57867331	   -437.94251649	    121.51815013	     -0.00007213	      0.00160774	      0.00040245	     -0.22808380	      0.91475898	     -0.48321414
      3.43000000	     -3.45488425	   -429.92552112	    123.26480035	     -0.00002038	      0.00166822	      0.00050231	     -0.22788716	      0.91866875	     -0.48331401
      3.43500000	     -9.04510724	   -431.06930488	    127.98194222	      0.00003768	      0.00171880	      0.00065859	     -0.22774146	      0.92247321	     -0.48343526
      3.44000000	    -11.66724618	   -410.26996270	    128.32319355	      0.00015114	      0.00179539	      0.00068447	     -0.22764474	      0.92615513	     -0.48357695
      3.44500000	    -12.64235000	   -383.78576137	    126.50903649	      0.00021952	      0.00197184	      0.00062417	     -0.22759464	      0.92969786	     -0.48373791
      3.45000000	    -12.73953875	   -353.88686034	    122.19389184	      0.00028272	      0.00225185	      0.00050167	     -0.22758838	      0.93308552	     -0.48391680
      3.45500000	     -8.22076198	   -325.33441255	    117.01166401	      0.00033250	      0.00256192	      0.00018902	     -0.22762283	      0.93630308	     -0.48411209
      3.46000000	     -6.20449313	   -308.78970852	    115.16054998	      0.00040523	      0.00286291	      0.00003801	     -0.22769451	      0.93933654	     -0.48432209
      3.46500000	     -4.75930918	   -307.71846441	    116.41475103	      0.00046667	      0.00309034	     -0.00004670	     -0.22779961	      0.94217296	     -0.48454497
      3.47000000	     -7.69078789	   -307.91368545	    119.72819399	      0.00048428	      0.00324979	     -0.00007308	     -0.22793405	      0.94480057	     -0.48477876
      3.47500000	     -9.95811820	   -299.96950520	    121.08962798	      0.00050982	      0.00339594	     -0.00000808	     -0.22809352	      0.94720881	     -0.48502143
      3.48000000	    -15.28609831	   -282.22495200	    113.35850414	      0.00030146	      0.00354219	     -0.00008935	     -0.22827357	      0.94938835	     -0.48527086
      3.48500000	     -7.16491998	   -321.74221088	    117.27179072	      0.00037427	      0.00344880	     -0.00018342	     -0.22846964	      0.95133104	     -0.48552488
      3.49000000	     -5.40477167	   -354.74607368	    120.24944958	      0.00031592	      0.00339708	     -0.00032049	     -0.22867719	      0.95302992	     -0.48578132
      3.49500000	     -4.69378574	   -368.73483955	    118.07209476	      0.00019566	      0.00327142	     -0.00045562	     -0.22889177	      0.95447917	     -0.48603801
      3.50000000	     -4.22674538	   -392.73531924	    121.90179613	      0.00005399	      0.00306708	     -0.00060465	     -0.22910914	      0.95567397	     -0.48629279
      3.50500000	     -1.97944817	   -405.45604747	    123.88828992	     -0.00006835	      0.00284274	     -0.00070747	     -0.22932536	      0.95661050	     -0.48654357
      3.51000000	     -2.88515718	   -416.29301812	    129.64962124	     -0.00021853	      0.00262221	     -0.00078551	     -0.22953694	      0.95728582	     -0.48678834
      3.51500000	     -1.66364722	   -425.92356464	    134.07577940	     -0.00027543	      0.00247252	     -0.00082336	     -0.22974087	      0.95769782	     -0.48702516
      3.52000000	      0.30520216	   -426.94080418	    135.82651589	     -0.00027967	      0.00233782	     -0.00083221	     -0.22993479	      0.95784514	     -0.48725221
      3.52500000	     -2.40177760	   -419.44478500	    138.18687613	     -0.00039906	      0.00220818	     -0.00086065	     -0.23011699	      0.95772711	     -0.48746782
      3.53000000	     -0.59579069	   -411.97389717	    138.75669856	     -0.00038607	      0.00206666	     -0.00085209	     -0.23028649	      0.95734377	     -0.48767046
      3.53500000	      2.57229101	   -389.75882718	    134.36655981	     -0.00031404	      0.00180107	     -0.00078317	     -0.23044307	      0.95669582	     -0.48785877
      3.54000000	      2.08329465	   -368.23394444	    131.81618287	     -0.00034500	      0.00157464	     -0.00074441	     -0.23058722	      0.95578465	     -0.48803160
      3.54500000	      4.24358190	   -350.38581284	    132.29720771	     -0.00027658	      0.00131733	     -0.00064713	     -0.23072016	      0.95461238	     -0.48818798
      3.55000000	      7.93086103	   -299.58167011	    116.36781796	     -0.00015099	      0.00097111	     -0.00053903	     -0.23084374	      0.95318187	     -0.48832717
      3.55500000	      8.44158889	   -271.78882584	    110.65491811	     -0.00013057	      0.00074840	     -0.00048392	     -0.23096039	      0.95149685	     -0.48844868
      3.56000000	     11.55020162	   -229.66759959	     99.23582679	     -0.00000172	      0.00046650	     -0.00036605	     -0.23107298	      0.94956196	     -0.48855226
      3.56500000	     13.10409998	   -196.37330852	     92.96297251	      0.00026088	     -0.00037562	     -0.00010944	     -0.23118473	      0.94738289	     -0.48863792
      3.57000000	     22.86668454	   -250.60004377	    115.55139850	      0.00065492	     -0.00138213	      0.00016153	     -0.23129911	      0.94496645	     -0.48870591
      3.57500000	     39.80142696	   -388.06523932	    146.87091460	      0.00037157	      0.00079058	     -0.00069703	     -0.23141968	      0.94232068	     -0.48875678
      3.58000000	     83.18879999	   -729.22767977	    221.67707259	      0.00111823	     -0.00166671	     -0.00029372	     -0.23155004	      0.93945498	     -0.48879131
      3.58500000	     88.04813308	   -683.51545689	    223.55577341	      0.00077486	      0.00180530	     -0.00137992	     -0.23169366	      0.93638021	     -0.48881054
      3.59000000	     70.35144204	   -516.67866706	    204.22129543	      0.00138675	     -0.00105028	     -0.00050539	     -0.23185388	      0.93310873	     -0.48881573
      3.59500000	     58.27193420	   -578.71698542	    237.82374577	      0.00207897	     -0.00362216	      0.00047135	     -0.23203376	      0.92965446	     -0.48880836
      3.60000000	     64.22556504	   -756.70999700	    240.72863653	      0.00203336	     -0.00349822	      0.00100102	     -0.23223611	      0.92603289	     -0.48879005
      3.60500000	     79.87640238	  -1064.34744882	    306.25484593	      0.00275158	     -0.00459587	      0.00191198	     -0.23246342	      0.92226110	     -0.48876259
      3.61000000	     97.84172940	  -1295.09269365	    383.92492555	      0.00373575	     -0.00626863	      0.00255452	     -0.23271784	      0.91835762	     -0.48872782
      3.61500000	     99.01732615	  -1259.75780186	    371.73112884	      0.00363851	     -0.00607495	      0.00246317	     -0.23300119	      0.91434240	     -0.48868764
      3.62000000	     97.51641282	  -1168.31530038	    353.75499293	      0.00350375	     -0.00579079	      0.00219931	     -0.23331499	      0.91023660	     -0.48864394
      3.62500000	     97.85247414	  -1105.68364569	    351.43267807	      0.00357886	     -0.00588937	      0.00204116	     -0.23366042	      0.90606248	     -0.48859853
      3.63000000	     94.04428336	  -1045.11067113	    342.07961224	      0.00349259	     -0.00578866	      0.00184724	     -0.23403835	      0.90184318	     -0.48855313
      3.63500000	    101.05182629	  -1081.34264669	    361.83773235	      0.00379778	     -0.00615558	      0.00183902	     -0.23444931	      0.89760247	     -0.48850927
      3.64000000	    103.12750086	  -1064.54259826	    361.79008603	      0.00383976	     -0.00603412	      0.00166129	     -0.23489349	      0.89336455	     -0.48846832
      3.64500000	    102.40270282	  -1022.20588801	    353.91499761	      0.00374398	     -0.00569303	      0.00137848	     -0.23537070	      0.88915378	     -0.48843137
      3.65000000	     97.60820576	   -956.27770734	    334.73230357	      0.00346537	     -0.00503098	      0.00103838	     -0.23588032	      0.88499446	     -0.48839931
      3.65500000	     93.92812950	   -922.80124189	    321.44735286	      0.00323161	     -0.00438645	      0.00081844	     -0.23642123	      0.88091055	     -0.48837270
      3.66000000	     89.43972234	   -906.65306598	    309.27728606	      0.00300038	     -0.00365250	      0.00070521	     -0.23699181	      0.87692549	     -0.48835186
      3.66500000	     82.71359694	   -893.73301599	    295.90850924	      0.00272730	     -0.00271430	      0.00063560	     -0.23758983	      0.87306194	     -0.48833683
      3.67000000	     75.44406580	   -871.90606358	    276.52491574	      0.00226799	     -0.00119135	      0.00049434	     -0.23821243	      0.86934164	     -0.48832738
      3.67500000	     70.37637865	   -890.65550291	    268.55151835	      0.00195428	     -0.00013789	      0.00047652	     -0.23885611	      0.86578522	     -0.48832303
      3.68000000	     66.62259778	   -908.00702348	    263.70389437	      0.00175037	      0.00059762	      0.00051195	     -0.23951671	      0.86241207	     -0.48832309
      3.68500000	     60.81252464	   -913.93232848	    256.41741979	      0.00143021	      0.00149935	      0.00053889	     -0.24018938	      0.85924025	     -0.48832666
      3.69000000	     51.83021037	   -911.69124604	    245.16339604	      0.00065258	      0.00335995	      0.00051699	     -0.24086866	      0.85628640	     -0.48833270
      3.69500000	     55.79927791	   -938.99442890	    251.60128590	      0.00064014	      0.00340899	      0.00057131	     -0.24154853	      0.85356573	     -0.48834004
      3.70000000	     58.45828542	   -973.45164524	    255.67396576	      0.00050966	      0.00347066	      0.00061771	     -0.24222247	      0.85109195	     -0.48834742
      3.70500000	     64.48994628	  -1025.27154995	    265.93974518	      0.00046268	      0.00360552	      0.00075328	     -0.24288362	      0.84887730	     -0.48835356
      3.71000000	     70.90642056	  -1093.94507958	    279.80230173	      0.00039342	      0.00380278	      0.00097168	     -0.24352491	      0.84693250	     -0.48835714
      3.71500000	     77.08808042	  -1149.13050289	    289.16096184	      0.00030888	      0.00386685	      0.00116639	     -0.24413925	      0.84526683	     -0.48835687
      3.72000000	     83.37803064	  -1186.60433902	    292.69432844	      0.00016925	      0.00374691	      0.00122560	     -0.24471970	      0.84388810	     -0.48835152
      3.72500000	     91.17541002	  -1220.83682653	    297.45899703	      0.00006865	      0.00348048	      0.00130099	     -0.24525970	      0.84280264	     -0.48833995
      3.73000000	     96.30772743	  -1261.97875830	    301.84369109	     -0.00009658	      0.00328962	      0.00143284	     -0.24575322	      0.84201538	     -0.48832113
      3.73500000	    101.20026078	  -1303.70619353	    306.45280062	     -0.00014557	      0.00317800	      0.00162838	     -0.24619503	      0.84152979	     -0.48829416
      3.74000000	    107.06040074	  -1356.20052355	    314.63635103	     -0.00025889	      0.00296827	      0.00183859	     -0.24658081	      0.84134791	     -0.48825830
      3.74500000	    109.21179857	  -1360.71922862	    312.86814427	     -0.00031790	      0.00261199	      0.00189172	     -0.24690733	      0.84147036	     -0.48821302
      3.75000000	    108.39926004	  -1334.33158872	    305.76464146	     -0.00033300	      0.00220692	      0.00181615	     -0.24717257	      0.84189631	     -0.48815796
      3.75500000	    105.49198065	  -1277.85544515	    290.06940351	     -0.00034729	      0.00181575	      0.00162874	     -0.24737576	      0.84262352	     -0.48809298
      3.76000000	    101.33143429	  -1198.41421847	    270.90309379	     -0.00031591	      0.00146343	      0.00132769	     -0.24751746	      0.84364827	     -0.48801817
      3.76500000	     98.30390277	  -1102.62165238	    249.08078233	     -0.00019667	      0.00118976	      0.00095585	     -0.24759951	      0.84496543	     -0.48793383
      3.77000000	     94.92459901	  -1012.00832502	    231.92302102	     -0.00010105	      0.00076387	      0.00055672	     -0.24762498	      0.84656841	     -0.48784049
      3.77500000	     89.87290052	   -928.72049393	    215.13558481	     -0.00004252	      0.00060623	      0.00014631	     -0.24759809	      0.84844920	     -0.48773887
      3.78000000	     84.00457008	   -873.85841123	    207.39346276	     -0.00001630	      0.00052662	     -0.00016746	     -0.24752407	      0.85059836	     -0.48762990
      3.78500000	     77.72309283	   -841.74733690	    208.20303394	     -0.00006001	      0.00055073	     -0.00046443	     -0.24740899	      0.85300504	     -0.48751467
      3.79000000	     72.27741166	   -810.45207261	    204.15102329	     -0.00009377	      0.00059888	     -0.00071542	     -0.24725957	      0.85565700	     -0.48739441
      3.79500000	     68.15250408	   -803.20369172	    218.29475482	     -0.00010393	      0.00076270	     -0.00090107	     -0.24708303	      0.85854066	     -0.48727050
      3.80000000	     61.97626242	   -768.24183239	    211.28128509	     -0.00015271	      0.00080341	     -0.00101209	     -0.24688683	      0.86164111	     -0.48714438
      3.80500000	     57.32612165	   -736.02653015	    211.38840003	     -0.00012711	      0.00089267	     -0.00103925	     -0.24667854	      0.86494214	     -0.48701759
      3.81000000	     51.66604052	   -693.83646908	    203.53526093	     -0.00013924	      0.00091534	     -0.00102747	     -0.24646561	      0.86842637	     -0.48689171
      3.81500000	     44.95024411	   -653.04861151	    196.14681506	     -0.00019679	      0.00091545	     -0.00099953	     -0.24625525	      0.87207524	     -0.48676832
      3.82000000	     36.35956770	   -605.00426802	    182.63622085	     -0.00032528	      0.00082255	     -0.00091981	     -0.24605426	      0.87586914	     -0.48664900
      3.82500000	     30.37939034	   -555.06928569	    168.90310262	     -0.00038037	      0.00074284	     -0.00080891	     -0.24586896	      0.87978752	     -0.48653529
      3.83000000	     26.26236047	   -497.56695205	    151.10885217	     -0.00039516	      0.00060164	     -0.00060924	     -0.24570506	      0.88380902	     -0.48642867
      3.83500000	     24.49169621	   -446.81068941	    135.24712910	     -0.00043562	      0.00042723	     -0.00037399	     -0.24556764	      0.88791157	     -0.48633054
      3.84000000	     26.27825565	   -425.74040309	    123.25939981	     -0.00043700	      0.00062509	      0.00023343	     -0.24546108	      0.89207263	     -0.48624219
      3.84500000	     16.55209941	   -444.35267082	    127.51152701	     -0.00042667	      0.00084147	      0.00069739	     -0.24538905	      0.89626930	     -0.48616477
      3.85000000	     10.00942189	   -460.57264056	    135.28572032	     -0.00038950	      0.00080703	      0.00101406	     -0.24535453	      0.90047855	     -0.48609929
      3.85500000	      3.39309873	   -479.39566996	    141.78987768	     -0.00035543	      0.00065705	      0.00135616	     -0.24535979	      0.90467744	     -0.48604660
      3.86000000	     -2.52580311	   -509.04966423	    155.36224346	     -0.00024499	     -0.00004469	      0.00169590	     -0.24540645	      0.90884329	     -0.48600732
      3.86500000	     -6.18168996	   -540.12184830	    166.44708782	      0.00009916	     -0.00141319	      0.00212501	     -0.24549545	      0.91295391	     -0.48598192
      3.87000000	    -12.89276266	   -576.35930060	    185.73873324	      0.00021537	     -0.00179340	      0.00244095	     -0.24562715	      0.91698781	     -0.48597060
      3.87500000	    -18.01297454	   -598.31929736	    188.68684815	      0.00009419	     -0.00176666	      0.00271963	     -0.24580133	      0.92092435	     -0.48597337
      3.88000000	    -22.45500008	   -624.53545689	    193.72953064	     -0.00003646	     -0.00163449	      0.00296714	     -0.24601726	      0.92474394	     -0.48598996
      3.88500000	    -29.27146802	   -647.52583710	    204.87703296	     -0.00000350	     -0.00195667	      0.00323511	     -0.24627372	      0.92842818	     -0.48601990
      3.89000000	    -53.93398090	   -652.26326486	    219.56678019	     -0.00023419	     -0.00234406	      0.00381616	     -0.24656905	      0.93195995	     -0.48606244
      3.89500000	    -62.68037813	   -597.82382162	    205.63483647	     -0.00049158	     -0.00192879	      0.00377369	     -0.24690125	      0.93532353	     -0.48611662
      3.90000000	    -98.97721558	   -545.01206604	    220.56388560	     -0.00055988	     -0.00286649	      0.00433375	     -0.24726796	      0.93850459	     -0.48618122
      3.90500000	    -90.16605200	   -464.96945808	    199.38652858	     -0.00040172	     -0.00271881	      0.00380057	     -0.24766658	      0.94149025	     -0.48625483
      3.91000000	    -79.59395575	   -413.06465664	    177.06874536	     -0.00033916	     -0.00233295	      0.00332660	     -0.24809430	      0.94426905	     -0.48633587
      3.91500000	    -16.15147190	   -324.72173155	    127.68523775	      0.00043942	     -0.00026743	      0.00125046	     -0.24854816	      0.94683087	     -0.48642259
      3.92000000	    -37.93672157	   -320.29573260	    130.79540932	      0.00022171	     -0.00159245	      0.00185772	     -0.24902509	      0.94916689	     -0.48651314
      3.92500000	    -28.72206002	   -332.12870661	    126.68787535	      0.00003992	     -0.00061759	      0.00153666	     -0.24952194	      0.95126950	     -0.48660560
      3.93000000	    -15.84684622	   -343.29824491	    119.67214135	      0.00019645	     -0.00083887	      0.00132102	     -0.25003557	      0.95313218	     -0.48669808
      3.93500000	     16.47272336	   -307.36337291	    111.69957821	      0.00044586	      0.00158638	     -0.00004637	     -0.25056280	      0.95474941	     -0.48678871
      3.94000000	     20.57354092	   -329.13430647	    112.72417063	      0.00038074	      0.00164402	     -0.00017939	     -0.25110050	      0.95611659	     -0.48687574
      3.94500000	     27.78733065	   -358.53964517	    116.24415148	      0.00036979	      0.00168428	     -0.00027515	     -0.25164553	      0.95722993	     -0.48695759
      3.95000000	     28.23431794	   -390.35797640	    126.49358034	      0.00026460	      0.00168247	     -0.00043865	     -0.25219480	      0.95808639	     -0.48703286
      3.95500000	     32.68585493	   -399.41885629	    124.34686322	      0.00017911	      0.00166170	     -0.00053588	     -0.25274527	      0.95868365	     -0.48710042
      3.96000000	     35.07554590	   -422.70738623	    131.43411358	      0.00007643	      0.00166943	     -0.00066173	     -0.25329393	      0.95902001	     -0.48715938
      3.96500000	     39.21022603	   -439.10733247	    133.71393035	      0.00000911	      0.00164490	     -0.00073966	     -0.25383785	      0.95909446	     -0.48720915
      3.97000000	     41.74414663	   -468.20600696	    144.10192216	     -0.00008835	      0.00171574	     -0.00083512	     -0.25437416	      0.95890660	     -0.48724941
      3.97500000	     42.72334424	   -493.57858157	    157.03188345	     -0.00017749	      0.00166250	     -0.00086987	     -0.25490012	      0.95845672	     -0.48728011
      3.98000000	     42.12907981	   -511.09997367	    165.35667101	     -0.00031921	      0.00163052	     -0.00092727	     -0.25541311	      0.95774581	     -0.48730145
      3.98500000	     43.67177810	   -507.82206604	    167.67387080	     -0.00033776	      0.00155898	     -0.00092917	     -0.25591071	      0.95677559	     -0.48731387
      3.99000000	     43.55269777	   -518.68332926	    175.52236460	     -0.00042841	      0.00153204	     -0.00097079	     -0.25639069	      0.95554859	     -0.48731798
      3.99500000	     41.59646063	   -512.61027545	    180.15440819	     -0.00051415	      0.00147288	     -0.00098687	     -0.25685107	      0.95406822	     -0.48731453
      4.00000000	     59.58101159	   -522.95521677	    173.17063797	     -0.00018671	      0.00145088	     -0.00091170	     -0.25729021	      0.95233882	     -0.48730438
      4.00500000	     72.86847430	   -536.17116685	    170.09846812	     -0.00001181	      0.00128555	     -0.00083728	     -0.25770674	      0.95036573	     -0.48728844
      4.01000000	     83.44310056	   -580.38452060	    192.83273079	      0.00125717	     -0.00210706	      0.00038546	     -0.25809970	      0.94815537	     -0.48726764
      4.01500000	     70.50641483	   -519.62395946	    205.59537231	      0.00166713	     -0.00319701	      0.00063923	     -0.25846848	      0.94571528	     -0.48724285
      4.02000000	     76.29961593	   -448.33062159	    184.95905364	      0.00135900	     -0.00127701	      0.00004306	     -0.25881286	      0.94305418	     -0.48721492
      4.02500000	     89.19834567	   -483.44914310	    167.34282527	      0.00070934	      0.00038210	     -0.00046223	     -0.25913299	      0.94018199	     -0.48718454
      4.03000000	    104.22824763	   -571.57662915	    180.46874887	      0.00038239	      0.00116834	     -0.00085908	     -0.25942933	      0.93710984	     -0.48715235
      4.03500000	    127.17984371	   -677.16313139	    206.49828523	      0.00039788	      0.00145785	     -0.00112176	     -0.25970265	      0.93385005	     -0.48711883
      4.04000000	    152.52175660	   -822.91973097	    248.54506237	      0.00036475	      0.00174163	     -0.00144698	     -0.25995389	      0.93041613	     -0.48708432
      4.04500000	    178.93921879	   -936.22497963	    279.85160494	      0.00042080	      0.00198113	     -0.00171956	     -0.26018414	      0.92682266	     -0.48704906
      4.05000000	    191.34807659	   -964.53302599	    286.22864563	      0.00048419	      0.00179562	     -0.00170229	     -0.26039450	      0.92308531	     -0.48701316
      4.05500000	    190.52661651	   -934.84181601	    276.58933903	      0.00051571	      0.00143181	     -0.00151609	     -0.26058599	      0.91922066	     -0.48697662
      4.06000000	    186.49817816	   -841.17283007	    259.61843328	      0.00079015	      0.00154205	     -0.00144461	     -0.26075948	      0.91524614	     -0.48693937
      4.06500000	    181.79169835	   -795.72138112	    268.20830518	      0.00139760	     -0.00001627	     -0.00099398	     -0.26091556	      0.91117990	     -0.48690127
      4.07000000	    175.38685876	   -779.43141566	    282.65719899	      0.00188293	     -0.00122931	     -0.00067643	     -0.26105450	      0.90704063	     -0.48686216
      4.07500000	    171.96603761	   -768.83593172	    289.26798532	      0.00221219	     -0.00215130	     -0.00045663	     -0.26117617	      0.90284744	     -0.48682185
      4.08000000	    175.98898298	   -794.49085721	    288.13839226	      0.00199138	     -0.00151992	     -0.00063880	     -0.26127998	      0.89861968	     -0.48678020
      4.08500000	    181.36675186	   -828.57004260	    270.51888861	      0.00115689	      0.00066948	     -0.00119190	     -0.26136493	      0.89437677	     -0.48673711
      4.09000000	    183.89653089	   -875.46572911	    274.50966987	      0.00079257	      0.00144554	     -0.00145981	     -0.26142956	      0.89013802	     -0.48669256
      4.09500000	    180.80203598	   -924.11701094	    287.44427035	      0.00062369	      0.00139987	     -0.00152120	     -0.26147203	      0.88592249	     -0.48664662
      4.10000000	    175.42561555	   -928.13021090	    282.99046366	      0.00051347	      0.00135350	     -0.00150370	     -0.26149019	      0.88174883	     -0.48659947
      4.10500000	    160.68765224	   -913.33172907	    277.72669420	      0.00037644	      0.00127018	     -0.00143441	     -0.26148164	      0.87763516	     -0.48655139
      4.11000000	    143.85097740	   -890.04660140	    274.56461633	      0.00028613	      0.00115544	     -0.00131583	     -0.26144386	      0.87359894	     -0.48650276
      4.11500000	    132.04392392	   -855.01376637	    263.90625457	      0.00025606	      0.00107277	     -0.00120471	     -0.26137427	      0.86965693	     -0.48645402
      4.12000000	    120.31120900	   -809.25897967	    250.99857970	      0.00026779	      0.00100352	     -0.00108113	     -0.26127037	      0.86582510	     -0.48640566
      4.12500000	    105.37658841	   -749.98419200	    229.61594301	      0.00023956	      0.00097140	     -0.00098205	     -0.26112980	      0.86211863	     -0.48635818
      4.13000000	     87.57868814	   -682.05534076	    210.17170540	      0.00025311	      0.00086691	     -0.00081451	     -0.26095041	      0.85855189	     -0.48631204
      4.13500000	     72.10719114	   -634.42430533	    194.56915928	      0.00023959	      0.00072122	     -0.00062490	     -0.26073033	      0.85513847	     -0.48626763
      4.14000000	     74.94919712	   -649.26389403	    192.63574212	      0.00021515	      0.00081110	     -0.00059236	     -0.26046800	      0.85189119	     -0.48622523
      4.14500000	     88.33469175	   -699.89419706	    208.61458477	      0.00035778	      0.00065861	     -0.00048254	     -0.26016217	      0.84882214	     -0.48618499
      4.15000000	     81.08177166	   -681.06505675	    197.53515685	      0.00023340	      0.00079181	     -0.00056113	     -0.25981190	      0.84594274	     -0.48614689
      4.15500000	     82.70317253	   -697.40007777	    207.33976527	      0.00025017	      0.00068777	     -0.00066162	     -0.25941652	      0.84326373	     -0.48611077
      4.16000000	     89.34830979	   -751.32326793	    230.49734097	      0.00026811	      0.00054360	     -0.00073951	     -0.25897565	      0.84079518	     -0.48607627
      4.16500000	     95.93324531	   -785.69242735	    244.21339348	      0.00038434	      0.00035035	     -0.00082091	     -0.25848906	      0.83854654	     -0.48604292
      4.17000000	    105.97694738	   -835.11931574	    263.14615217	      0.00053388	      0.00013407	     -0.00094553	     -0.25795670	      0.83652656	     -0.48601009
      4.17500000	    110.41977391	   -884.35904674	    282.36967072	      0.00044304	      0.00023630	     -0.00118370	     -0.25737863	      0.83474329	     -0.48597708
      4.18000000	    116.78277094	   -942.36424779	    303.77811628	      0.00031592	      0.00035194	     -0.00142267	     -0.25675498	      0.83320397	     -0.48594312
      4.18500000	    114.83075699	   -965.38337052	    311.28534979	      0.00022713	      0.00035317	     -0.00148709	     -0.25608597	      0.83191501	     -0.48590741
      4.19000000	    109.35257942	   -972.69958474	    307.21838517	      0.00007865	      0.00042111	     -0.00143437	     -0.25537187	      0.83088186	     -0.48586919
      4.19500000	    109.84351669	   -981.53224382	    293.65200616	     -0.00005244	      0.00050712	     -0.00124548	     -0.25461308	      0.83010892	     -0.48582769
      4.20000000	    115.23197530	   -993.02858998	    277.39798274	     -0.00014640	      0.00058357	     -0.00098681	     -0.25381014	      0.82959951	     -0.48578223
      4.20500000	    117.81431914	   -995.40076545	    256.38390451	     -0.00028965	      0.00062010	     -0.00075434	     -0.25296383	      0.82935573	     -0.48573218
      4.21000000	    120.99341828	  -1000.68665091	    248.26308316	     -0.00038260	      0.00066991	     -0.00055627	     -0.25207521	      0.82937849	     -0.48567698
      4.21500000	    128.75526556	  -1022.78242338	    250.38802850	     -0.00043383	      0.00088014	     -0.00029659	     -0.25114573	      0.82966739	     -0.48561614
      4.22000000	    130.32760084	  -1023.77465823	    248.39778415	     -0.00046340	      0.00096997	     -0.00015942	     -0.25017724	      0.83022081	     -0.48554922
      4.22500000	    129.43841481	  -1030.12643603	    249.57955982	     -0.00053918	      0.00105423	     -0.00004351	     -0.24917213	      0.83103583	     -0.48547586
      4.23000000	    123.35364126	  -1008.87619979	    246.45748661	     -0.00056822	      0.00098648	     -0.00007341	     -0.24813328	      0.83210835	     -0.48539574
      4.23500000	    113.43965315	   -966.46404274	    237.36726639	     -0.00066313	      0.00058088	     -0.00030240	     -0.24706412	      0.83343308	     -0.48530862
      4.24000000	    102.90235672	   -939.38212089	    236.15164573	     -0.00065347	      0.00056394	     -0.00041700	     -0.24596861	      0.83500361	     -0.48521430
      4.24500000	     93.52363610	   -916.01813817	    234.28535771	     -0.00065471	      0.00059173	     -0.00049923	     -0.24485121	      0.83681248	     -0.48511270
      4.25000000	     83.71055697	   -895.63984997	    236.09844940	     -0.00067693	      0.00064142	     -0.00059793	     -0.24371680	      0.83885122	     -0.48500381
      4.25500000	     73.65434595	   -868.27331146	    234.61016483	     -0.00066299	      0.00068053	     -0.00071656	     -0.24257064	      0.84111040	     -0.48488777
      4.26000000	     63.49742882	   -846.56212513	    237.47736246	     -0.00066700	      0.00074166	     -0.00089578	     -0.24141829	      0.84357968	     -0.48476484
      4.26500000	     55.90039872	   -824.40987450	    242.28710488	     -0.00062845	      0.00084960	     -0.00105485	     -0.24026550	      0.84624784	     -0.48463546
      4.27000000	     48.89918709	   -789.31743431	    235.65518175	     -0.00056487	      0.00091193	     -0.00110978	     -0.23911813	      0.84910275	     -0.48450024
      4.27500000	     40.25536479	   -760.22825743	    229.18944101	     -0.00060080	      0.00095782	     -0.00109507	     -0.23798208	      0.85213148	     -0.48435996
      4.28000000	     32.77003015	   -716.69485587	    213.80039991	     -0.00059054	      0.00094914	     -0.00103290	     -0.23686317	      0.85532022	     -0.48421560
      4.28500000	     26.85515277	   -674.99880988	    200.36583273	     -0.00056242	      0.00096606	     -0.00092511	     -0.23576710	      0.85865433	     -0.48406829
      4.29000000	     23.98565037	   -633.33939104	    190.57435412	     -0.00044647	      0.00104731	     -0.00082194	     -0.23469933	      0.86211836	     -0.48391933
      4.29500000	     20.03892431	   -594.67433029	    178.24660332	     -0.00040779	      0.00106330	     -0.00069214	     -0.23366503	      0.86569608	     -0.48377015
      4.30000000	     15.00301309	   -537.40883328	    156.58984334	     -0.00038042	      0.00099136	     -0.00057279	     -0.23266903	      0.86937049	     -0.48362228
      4.30500000	     15.25673839	   -488.70281187	    138.05408858	     -0.00016025	      0.00148277	     -0.00020265	     -0.23171576	      0.87312393	     -0.48347731
      4.31000000	     16.86184038	   -510.60090640	    149.16997313	     -0.00015587	      0.00132411	      0.00013686	     -0.23080914	      0.87693810	     -0.48333687
      4.31500000	     16.11347145	   -520.99605831	    151.62732208	     -0.00008932	      0.00135824	      0.00048161	     -0.22995265	      0.88079422	     -0.48320255
      4.32000000	     12.04136239	   -534.87031230	    157.49398594	     -0.00004939	      0.00117768	      0.00075110	     -0.22914918	      0.88467308	     -0.48307591
      4.32500000	      8.66340526	   -570.69517106	    169.93555004	      0.00025731	     -0.00024412	      0.00119226	     -0.22840108	      0.88855520	     -0.48295840
      4.33000000	      8.23094615	   -610.36303688	    193.70247554	      0.00090853	     -0.00252145	      0.00160780	     -0.22771009	      0.89242097	     -0.48285134
      4.33500000	      5.31579140	   -653.48149647	    222.16480881	      0.00131167	     -0.00368889	      0.00193990	     -0.22707734	      0.89625081	     -0.48275589
      4.34000000	      2.97618083	   -695.87517983	    250.44693580	      0.00166462	     -0.00456372	      0.00220008	     -0.22650336	      0.90002534	     -0.48267301
      4.34500000	     -0.44074749	   -712.87886202	    257.61943857	      0.00165760	     -0.00467642	      0.00239680	     -0.22598807	      0.90372549	     -0.48260345
      4.35000000	     -2.30261626	   -729.02139813	    271.95334240	      0.00183644	     -0.00511358	      0.00255494	     -0.22553078	      0.90733272	     -0.48254772
      4.35500000	     -1.72920170	   -713.45621487	    270.92612775	      0.00187808	     -0.00513776	      0.00254947	     -0.22513024	      0.91082915	     -0.48250610
      4.36000000	     -3.91520793	   -723.06744525	    280.68951687	      0.00197791	     -0.00541613	      0.00269302	     -0.22478465	      0.91419769	     -0.48247861
      4.36500000	      0.26487959	   -686.15272043	    280.11043993	      0.00219562	     -0.00564788	      0.00250780	     -0.22449176	      0.91742217	     -0.48246505
      4.37000000	      1.69456588	   -642.19613316	    268.14511439	      0.00215926	     -0.00544715	      0.00234015	     -0.22424885	      0.92048743	     -0.48246496
      4.37500000	      1.83883641	   -617.54065683	    250.58650265	      0.00189869	     -0.00487984	      0.00229948	     -0.22405286	      0.92337942	     -0.48247770
      4.38000000	      2.28357792	   -593.39695747	    248.88648995	      0.00198875	     -0.00496676	      0.00219825	     -0.22390044	      0.92608521	     -0.48250240
      4.38500000	    -18.90225946	   -558.00202395	    248.59790149	      0.00175008	     -0.00506190	      0.00253016	     -0.22378804	      0.92859307	     -0.48253803
      4.39000000	    -27.24064217	   -430.34547047	    226.82566604	      0.00165807	     -0.00497616	      0.00217819	     -0.22371199	      0.93089244	     -0.48258341
      4.39500000	    -32.84817614	   -418.51469364	    216.70189328	      0.00134705	     -0.00461185	      0.00223620	     -0.22366858	      0.93297391	     -0.48263722
      4.40000000	    -32.42522803	   -472.10528967	    221.96161477	      0.00111407	     -0.00447677	      0.00242864	     -0.22365414	      0.93482921	     -0.48269800
      4.40500000	    -30.08897773	   -474.84810533	    217.51693544	      0.00101218	     -0.00425919	      0.00238731	     -0.22366514	      0.93645118	     -0.48276423
      4.41000000	    -24.74938193	   -475.16900234	    203.38277220	      0.00075478	     -0.00376980	      0.00230027	     -0.22369826	      0.93783367	     -0.48283429
      4.41500000	    -15.29198058	   -471.71629367	    190.77824096	      0.00066181	     -0.00337042	      0.00207369	     -0.22375044	      0.93897157	     -0.48290650
      4.42000000	    -13.85721764	   -495.25641107	    190.36842382	      0.00052249	     -0.00323541	      0.00214339	     -0.22381896	      0.93986071	     -0.48297914
      4.42500000	    -10.38393434	   -495.56935306	    174.20756922	      0.00008551	     -0.00243257	      0.00207833	     -0.22390149	      0.94049786	     -0.48305044
      4.43000000	     -4.20135156	   -478.94746854	    163.28807752	      0.00004336	     -0.00210720	      0.00187365	     -0.22399612	      0.94088071	     -0.48311866
      4.43500000	     33.81817395	   -316.15283300	    103.70286677	      0.00036289	      0.00047233	     -0.00007017	     -0.22410142	      0.94100784	     -0.48318205
      4.44000000	     36.15255887	   -329.15133210	    107.35217302	      0.00025173	      0.00113250	     -0.00031968	     -0.22421638	      0.94087876	     -0.48323892
      4.44500000	     32.28638333	   -334.56337416	    115.01232073	      0.00021100	      0.00123944	     -0.00034828	     -0.22434050	      0.94049388	     -0.48328766
      4.45000000	     32.74608309	   -327.24229092	    109.91492773	      0.00018811	      0.00140861	     -0.00042713	     -0.22447371	      0.93985459	     -0.48332678
      4.45500000	     28.21085447	   -325.14435559	    112.39127220	      0.00006849	      0.00146104	     -0.00051423	     -0.22461638	      0.93896325	     -0.48335494
      4.46000000	     24.60118123	   -318.91151868	    113.04960960	     -0.00003291	      0.00143864	     -0.00055204	     -0.22476923	      0.93782328	     -0.48337096
      4.46500000	     61.14789882	   -619.92692173	    181.92021036	     -0.00013668	      0.00220477	     -0.00110064	     -0.22493329	      0.93643915	     -0.48337387
      4.47000000	     94.42368580	   -655.52042225	    188.48915938	      0.00048376	      0.00197866	     -0.00096262	     -0.22510981	      0.93481650	     -0.48336293
      4.47500000	     86.02354338	   -597.42723077	    172.05755834	      0.00043636	      0.00204233	     -0.00090902	     -0.22530022	      0.93296212	     -0.48333759
      4.48000000	     87.03716988	   -616.05815732	    179.48285923	      0.00033141	      0.00187814	     -0.00092932	     -0.22550597	      0.93088406	     -0.48329755
      4.48500000	     97.79139760	   -615.51157913	    169.65412830	      0.00057816	      0.00140756	     -0.00062626	     -0.22572850	      0.92859165	     -0.48324269
      4.49000000	     93.50434028	   -598.45733743	    174.12167489	      0.00053903	      0.00167039	     -0.00077090	     -0.22596911	      0.92609548	     -0.48317306
      4.49500000	     85.68780574	   -538.57521958	    165.27949922	      0.00064747	      0.00159859	     -0.00061405	     -0.22622895	      0.92340750	     -0.48308890
      4.50000000	     77.87425926	   -511.55890141	    206.25603779	      0.00186711	     -0.00149002	      0.00006315	     -0.22650887	      0.92054090	     -0.48299053
      4.50500000	     84.40706613	   -591.22738556	    227.16466313	      0.00226197	     -0.00237364	      0.00038295	     -0.22680947	      0.91751018	     -0.48287840
      4.51000000	    103.90733643	   -730.56145697	    255.65367166	      0.00268749	     -0.00292760	      0.00073940	     -0.22713100	      0.91433101	     -0.48275299
      4.51500000	    135.03164061	   -935.53857987	    303.78736799	      0.00340896	     -0.00395702	      0.00122923	     -0.22747339	      0.91102020	     -0.48261486
      4.52000000	    151.00905335	  -1013.76439687	    314.33257351	      0.00357898	     -0.00412706	      0.00138875	     -0.22783627	      0.90759557	     -0.48246457
      4.52500000	    169.46263563	  -1091.77858086	    329.04265386	      0.00380726	     -0.00444590	      0.00148418	     -0.22821895	      0.90407582	     -0.48230272
      4.53000000	    195.65275251	  -1179.34217373	    357.29151551	      0.00434615	     -0.00547580	      0.00156217	     -0.22862045	      0.90048040	     -0.48212990
      4.53500000	    197.78262437	  -1118.44498234	    338.88542778	      0.00404175	     -0.00516578	      0.00123064	     -0.22903955	      0.89682931	     -0.48194676
      4.54000000	    194.18082696	  -1040.12982307	    315.39957713	      0.00361887	     -0.00467928	      0.00086015	     -0.22947477	      0.89314299	     -0.48175396
      4.54500000	    195.77691288	   -995.58225340	    301.63920140	      0.00332162	     -0.00437476	      0.00055607	     -0.22992437	      0.88944207	     -0.48155221
      4.55000000	    182.47221485	   -905.25266124	    266.80309062	      0.00258244	     -0.00325925	      0.00018487	     -0.23038636	      0.88574725	     -0.48134231
      4.55500000	    182.09040028	   -892.86911643	    255.84694208	      0.00225823	     -0.00272917	      0.00000046	     -0.23085850	      0.88207909	     -0.48112516
      4.56000000	    177.38551795	   -883.26583475	    245.78974260	      0.00201056	     -0.00243045	     -0.00006763	     -0.23133827	      0.87845787	     -0.48090176
      4.56500000	    172.89605288	   -873.79078979	    234.93234170	      0.00175314	     -0.00206636	     -0.00013468	     -0.23182289	      0.87490338	     -0.48067324
      4.57000000	    168.23776903	   -878.15392971	    228.13938469	      0.00155972	     -0.00181276	     -0.00013846	     -0.23230932	      0.87143486	     -0.48044085
      4.57500000	    175.61825120	   -910.35664786	    232.39763901	      0.00163928	     -0.00193039	     -0.00010153	     -0.23279423	      0.86807080	     -0.48020595
      4.58000000	    179.23735792	   -924.13242503	    234.70652677	      0.00169475	     -0.00202787	     -0.00009582	     -0.23327409	      0.86482885	     -0.47996999
      4.58500000	    180.85034098	   -951.81945760	    241.42785618	      0.00167291	     -0.00190291	     -0.00006801	     -0.23374520	      0.86172576	     -0.47973445
      4.59000000	    181.51393316	   -953.25387976	    242.54017643	      0.00170741	     -0.00194698	     -0.00007265	     -0.23420370	      0.85877728	     -0.47950081
      4.59500000	    185.63085404	   -967.36338532	    246.15974089	      0.00179481	     -0.00202037	     -0.00006030	     -0.23464566	      0.85599814	     -0.47927051
      4.60000000	    177.93271702	   -951.33567360	    235.37464106	      0.00157121	     -0.00157597	     -0.00006841	     -0.23506717	      0.85340200	     -0.47904480
      4.60500000	    178.77930390	   -958.76665384	    234.71595085	      0.00155256	     -0.00142165	     -0.00005405	     -0.23546440	      0.85100148	     -0.47882479
      4.61000000	    167.04984518	   -932.75236166	    222.60484902	      0.00121586	     -0.00077424	     -0.00012308	     -0.23583365	      0.84880814	     -0.47861129
      4.61500000	    159.81129690	   -921.89938987	    215.04151079	      0.00099718	     -0.00029448	     -0.00014943	     -0.23617150	      0.84683252	     -0.47840482
      4.62000000	    157.46121190	   -923.06027669	    213.77692276	      0.00090086	     -0.00002525	     -0.00017752	     -0.23647482	      0.84508415	     -0.47820558
      4.62500000	    148.16652217	   -909.67249861	    206.95732920	      0.00061266	      0.00052408	     -0.00025159	     -0.23674087	      0.84357160	     -0.47801340
      4.63000000	    145.36185331	   -914.37017535	    205.66662665	      0.00048462	      0.00082111	     -0.00027881	     -0.23696734	      0.84230246	     -0.47782779
      4.63500000	    136.50813013	   -908.86873356	    203.04717790	      0.00023450	      0.00111033	     -0.00040444	     -0.23715239	      0.84128343	     -0.47764795
      4.64000000	    133.68971742	   -917.05061928	    207.88041425	      0.00014528	      0.00112674	     -0.00055571	     -0.23729469	      0.84052023	     -0.47747281
      4.64500000	    132.91897995	   -935.78431262	    214.62014887	      0.00006728	      0.00116229	     -0.00068695	     -0.23739342	      0.84001767	     -0.47730112
      4.65000000	    132.94487462	   -962.34425867	    226.64317167	     -0.00003362	      0.00121967	     -0.00086533	     -0.23744825	      0.83977957	     -0.47713153
      4.65500000	    133.94089258	   -997.38052406	    240.80397849	     -0.00015747	      0.00128853	     -0.00103537	     -0.23745933	      0.83980877	     -0.47696265
      4.66000000	    137.35422219	  -1028.38634276	    251.19007723	     -0.00022019	      0.00134486	     -0.00116332	     -0.23742728	      0.84010706	     -0.47679317
      4.66500000	    138.99136177	  -1060.66631258	    261.52113249	     -0.00032857	      0.00137480	     -0.00126919	     -0.23735311	      0.84067512	     -0.47662192
      4.67000000	    141.24553913	  -1092.52220667	    273.28396359	     -0.00041600	      0.00139253	     -0.00139872	     -0.23723819	      0.84151248	     -0.47644797
      4.67500000	    143.50256297	  -1118.51279985	    285.04066877	     -0.00048055	      0.00139499	     -0.00155062	     -0.23708422	      0.84261746	     -0.47627071
      4.68000000	    144.30956230	  -1137.75942659	    295.71014895	     -0.00054277	      0.00137291	     -0.00169510	     -0.23689314	      0.84398709	     -0.47608987
      4.68500000	    145.24702068	  -1141.64245339	    300.03514534	     -0.00054603	      0.00132715	     -0.00179634	     -0.23666717	      0.84561708	     -0.47590562
      4.69000000	    142.05623217	  -1144.33284321	    302.71703975	     -0.00062027	      0.00124417	     -0.00181471	     -0.23640870	      0.84750177	     -0.47571853
      4.69500000	    137.43668622	  -1134.54176253	    300.94727685	     -0.00067930	      0.00113443	     -0.00178259	     -0.23612032	      0.84963410	     -0.47552958
      4.70000000	    133.98077356	  -1111.36171137	    294.23897030	     -0.00066257	      0.00103013	     -0.00174984	     -0.23580481	      0.85200560	     -0.47534019
      4.70500000	    126.50123981	  -1089.68834507	    288.82738269	     -0.00073741	      0.00090211	     -0.00165211	     -0.23546511	      0.85460638	     -0.47515212
      4.71000000	    118.88529841	  -1067.36339151	    285.59597581	     -0.00081428	      0.00079975	     -0.00159856	     -0.23510434	      0.85742515	     -0.47496746
      4.71500000	    110.71814547	  -1031.36559762	    275.52278583	     -0.00085970	      0.00067954	     -0.00146067	     -0.23472585	      0.86044928	     -0.47478853
      4.72000000	    102.26270875	   -998.58301358	    269.11723307	     -0.00091298	      0.00059583	     -0.00138736	     -0.23433315	      0.86366481	     -0.47461785
      4.72500000	     91.51917959	   -975.52277218	    267.24920332	     -0.00105494	      0.00051068	     -0.00130048	     -0.23393001	      0.86705654	     -0.47445802
      4.73000000	     82.35363688	   -941.82290191	    261.88005880	     -0.00111395	      0.00049984	     -0.00127901	     -0.23352038	      0.87060814	     -0.47431167
      4.73500000	     73.15286910	   -901.87129213	    253.58198049	     -0.00115772	      0.00050448	     -0.00123084	     -0.23310844	      0.87430223	     -0.47418134
      4.74000000	     63.01715136	   -870.04083166	    248.11413153	     -0.00126875	      0.00051921	     -0.00116223	     -0.23269857	      0.87812049	     -0.47406946
      4.74500000	     54.65059746	   -821.22436411	    235.36374599	     -0.00126550	      0.00056956	     -0.00109841	     -0.23229529	      0.88204380	     -0.47397826
      4.75000000	     45.34088922	   -784.44177497	    227.13917879	     -0.00135748	      0.00062460	     -0.00100783	     -0.23190326	      0.88605242	     -0.47390969
      4.75500000	     35.00307873	   -730.15708878	    211.31655287	     -0.00134907	      0.00070335	     -0.00096091	     -0.23152717	      0.89012604	     -0.47386541
      4.76000000	     28.24827427	   -682.35597086	    197.39411767	     -0.00133432	      0.00081205	     -0.00088165	     -0.23117174	      0.89424403	     -0.47384675
      4.76500000	     21.88827636	   -651.45108445	    190.74144172	     -0.00140356	      0.00092089	     -0.00080107	     -0.23084159	      0.89838555	     -0.47385465
      4.77000000	     15.25847916	   -607.54508665	    179.05677992	     -0.00137316	      0.00107233	     -0.00078345	     -0.23054116	      0.90252967	     -0.47388968
      4.77500000	      9.66143828	   -561.54270631	    165.21445562	     -0.00129794	      0.00122033	     -0.00076510	     -0.23027465	      0.90665560	     -0.47395205
      4.78000000	      5.12861125	   -513.55686130	    150.59518798	     -0.00118725	      0.00134899	     -0.00073812	     -0.23004590	      0.91074280	     -0.47404157
      4.78500000	      3.60888362	   -476.03582654	    138.20474649	     -0.00104951	      0.00153924	     -0.00068953	     -0.22985828	      0.91477113	     -0.47415769
      4.79000000	      1.80902664	   -434.40476930	    123.93997304	     -0.00086839	      0.00172337	     -0.00068333	     -0.22971462	      0.91872100	     -0.47429952
      4.79500000	      1.25275978	   -408.59785312	    113.10659431	     -0.00075951	      0.00184721	     -0.00062618	     -0.22961711	      0.92257353	     -0.47446584
      4.80000000	      4.67627950	   -390.36270932	    102.78646265	     -0.00054839	      0.00199093	     -0.00059356	     -0.22956720	      0.92631068	     -0.47465515
      4.80500000	      6.33680160	   -379.95308228	     98.70362445	     -0.00037782	      0.00229871	     -0.00051409	     -0.22956556	      0.92991533	     -0.47486567
      4.81000000	      4.20385382	   -352.28616080	     94.03153902	     -0.00026409	      0.00267249	     -0.00046519	     -0.22961199	      0.93337147	     -0.47509542
      4.81500000	      4.10837799	   -333.92798996	     93.02023348	     -0.00018000	      0.00284368	     -0.00047127	     -0.22970542	      0.93666421	     -0.47534217
      4.82000000	     -1.66453043	   -295.46198866	     90.76036545	     -0.00018058	      0.00303726	     -0.00046477	     -0.22984393	      0.93977990	     -0.47560358
      4.82500000	     -1.75950966	   -278.80372769	     94.91862973	     -0.00006996	      0.00303902	     -0.00040042	     -0.23002473	      0.94270618	     -0.47587714
      4.83000000	     -3.07313957	   -256.71944853	     93.70180051	     -0.00004158	      0.00304125	     -0.00031389	     -0.23024425	      0.94543197	     -0.47616026
      4.83500000	      1.32391934	   -266.87868946	    102.13971861	      0.00014475	      0.00304050	     -0.00026361	     -0.23049828	      0.94794753	     -0.47645029
      4.84000000	     16.11344997	   -313.81988427	    119.54113592	      0.00048321	      0.00282043	     -0.00023451	     -0.23078203	      0.95024435	     -0.47674454
      4.84500000	     26.52170239	   -337.77076607	    124.84568016	      0.00062695	      0.00271143	     -0.00023373	     -0.23109034	      0.95231517	     -0.47704033
      4.85000000	     30.19920011	   -364.23282524	    133.68173913	      0.00067467	      0.00259281	     -0.00023807	     -0.23141785	      0.95415386	     -0.47733503
      4.85500000	     33.95063485	   -373.93199863	    134.86993811	      0.00067069	      0.00253446	     -0.00028018	     -0.23175918	      0.95575537	     -0.47762606
      4.86000000	     38.72652202	   -373.82642814	    131.21607876	      0.00063257	      0.00250276	     -0.00033055	     -0.23210913	      0.95711556	     -0.47791097
      4.86500000	     39.71974811	   -376.64980975	    133.57669606	      0.00065232	      0.00221975	     -0.00029428	     -0.23246285	      0.95823115	     -0.47818744
      4.87000000	     41.05282197	   -369.51795166	    132.33804034	      0.00064643	      0.00199901	     -0.00029284	     -0.23281601	      0.95909956	     -0.47845334
      4.87500000	     43.28548843	   -362.50761953	    127.62494882	      0.00056658	      0.00189307	     -0.00035185	     -0.23316496	      0.95971883	     -0.47870673
      4.88000000	     43.06909704	   -347.14781947	    123.91858845	      0.00053332	      0.00166788	     -0.00035456	     -0.23350677	      0.96008756	     -0.47894592
      4.88500000	     41.89512081	   -337.55035005	    123.60878568	      0.00051491	      0.00127241	     -0.00034445	     -0.23383938	      0.96020477	     -0.47916947
      4.89000000	     41.75643483	   -311.45655265	    116.51182007	      0.00047858	      0.00103911	     -0.00034818	     -0.23416157	      0.96006992	     -0.47937624
      4.89500000	     40.27033903	   -300.45325746	    114.95601498	      0.00043381	      0.00069735	     -0.00034985	     -0.23447295	      0.95968288	     -0.47956536
      4.90000000	     39.76034983	   -285.13427536	    117.08912641	      0.00054134	     -0.00002518	     -0.00026227	     -0.23477396	      0.95904395	     -0.47973628
      4.90500000	     36.64469272	   -262.54102181	    112.06121164	      0.00048414	     -0.00030155	     -0.00024124	     -0.23506574	      0.95815389	     -0.47988873
      4.91000000	     34.89323481	   -253.80818057	    114.18501369	      0.00050389	     -0.00073899	     -0.00015872	     -0.23535005	      0.95701404	     -0.48002276
      4.91500000	     34.98665588	   -254.08509495	    118.71273010	      0.00057826	     -0.00119882	     -0.00005483	     -0.23562914	      0.95562638	     -0.48013866
      4.92000000	     33.66804145	   -251.55262643	    117.73391577	      0.00039955	     -0.00108205	     -0.00006505	     -0.23590557	      0.95399366	     -0.48023702
      4.92500000	     36.59914255	   -273.77786710	    130.31901630	      0.00055424	     -0.00153180	      0.00006094	     -0.23618212	      0.95211957	     -0.48031861
      4.93000000	     12.37048880	   -352.41557302	    174.57649604	      0.00052191	     -0.00307279	      0.00122654	     -0.23646156	      0.95000885	     -0.48038443
      4.93500000	     54.25157406	   -359.69176548	    156.04499626	      0.00091883	     -0.00190180	     -0.00005288	     -0.23674661	      0.94766745	     -0.48043562
      4.94000000	     86.90890698	   -744.47671329	    318.40368733	      0.00265065	     -0.00586013	      0.00085547	     -0.23703970	      0.94510263	     -0.48047344
      4.94500000	     78.04556433	   -683.33553580	    345.10570658	      0.00334013	     -0.00688993	      0.00094698	     -0.23734295	      0.94232314	     -0.48049922
      4.95000000	     93.03656565	   -683.59308926	    290.16133392	      0.00280551	     -0.00550554	      0.00076605	     -0.23765805	      0.93933926	     -0.48051433
      4.95500000	     88.75563197	   -673.83742718	    238.83615618	      0.00209717	     -0.00432769	      0.00075487	     -0.23798618	      0.93616285	     -0.48052012
      4.96000000	     88.64170721	   -721.25045045	    224.79605260	      0.00183047	     -0.00390871	      0.00089044	     -0.23832803	      0.93280741	     -0.48051792
      4.96500000	     96.48448393	   -788.40304849	    264.50256709	      0.00236342	     -0.00488444	      0.00102744	     -0.23868370	      0.92928804	     -0.48050898
      4.97000000	     88.94736387	   -703.72140407	    259.07312778	      0.00232084	     -0.00487483	      0.00077839	     -0.23905278	      0.92562135	     -0.48049448
      4.97500000	     70.71044917	   -528.07982112	    211.00033357	      0.00167934	     -0.00340971	      0.00023865	     -0.23943436	      0.92182544	     -0.48047548
      4.98000000	     82.40514263	   -548.83730688	    193.64627211	      0.00116566	     -0.00165850	     -0.00035795	     -0.23982706	      0.91791967	     -0.48045296
      4.98500000	     96.46404082	   -629.08905266	    191.40091171	      0.00046164	      0.00052888	     -0.00092395	     -0.24022912	      0.91392459	     -0.48042778
      4.99000000	    100.22256318	   -672.35910028	    202.37103535	      0.00037525	      0.00079377	     -0.00103983	     -0.24063847	      0.90986167	     -0.48040069
      4.99500000	   -116.83662213	   -594.22626999	    285.70143426	     -0.00239900	     -0.00312328	      0.00554715	     -0.24105280	      0.90575312	     -0.48037239
      5.00000000	   -116.58924895	   -535.36982220	    267.93181042	     -0.00247077	     -0.00247697	      0.00527466	     -0.24146965	      0.90162167	     -0.48034349
