Joint Reaction Loads
version=1
nRows=1000
nColumns=10
inDegrees=no

This file contains the reaction forces and moments
applied to the specified body of a joint pair and expressed  in the specified reference frame.

Units are S.I. units (seconds, meters, Newtons, ...)
endheader
time	hip_r_on_femur_r_in_ground_fx	hip_r_on_femur_r_in_ground_fy	hip_r_on_femur_r_in_ground_fz	hip_r_on_femur_r_in_ground_mx	hip_r_on_femur_r_in_ground_my	hip_r_on_femur_r_in_ground_mz	hip_r_on_femur_r_in_ground_px	hip_r_on_femur_r_in_ground_py	hip_r_on_femur_r_in_ground_pz
      0.00500000	   -182.40552615	   -444.07585304	    250.01651093	     -0.72372567	     -0.27486148	      0.60810478	     -0.18017058	      1.02950459	     -0.50583868
      0.01000000	   -163.05043577	   -413.68847105	    225.72488577	     -0.63153731	     -0.29817967	      0.56808853	     -0.18137009	      1.02801365	     -0.50565527
      0.01500000	   -148.94270315	   -386.37761802	    207.68161082	     -0.56796333	     -0.28628932	      0.52549351	     -0.18257220	      1.02648729	     -0.50547420
      0.02000000	   -132.74932837	   -349.77801644	    182.91556982	     -0.45048062	     -0.35829015	      0.47911777	     -0.18377961	      1.02489103	     -0.50529731
      0.02500000	   -117.09425628	   -325.24900916	    163.42608095	     -0.36840555	     -0.38037036	      0.43854824	     -0.18499495	      1.02319141	     -0.50512628
      0.03000000	    -94.66679784	   -300.84325682	    143.78763818	     -0.25249687	     -0.40047682	      0.37364148	     -0.18622074	      1.02135659	     -0.50496260
      0.03500000	    -82.47683379	   -303.23021010	    135.89542355	     -0.18882127	     -0.40524719	      0.34442506	     -0.18745940	      1.01935675	     -0.50480758
      0.04000000	    -75.67025989	   -314.58963493	    132.73102110	     -0.09884591	     -0.46987807	      0.33014237	     -0.18871315	      1.01716459	     -0.50466235
      0.04500000	    -70.27154680	   -325.91029020	    137.26754237	     -0.00847395	     -0.55914679	      0.30885696	     -0.18998408	      1.01475521	     -0.50452763
      0.05000000	    -62.73082447	   -343.37060047	    139.81170185	      0.01164690	     -0.56932180	      0.30045608	     -0.19127404	      1.01210674	     -0.50440395
      0.05500000	    -61.22331157	   -349.20681192	    139.23470306	      0.01980522	     -0.56557344	      0.30392804	     -0.19258466	      1.00920063	     -0.50429177
      0.06000000	    -61.92207637	   -367.64330789	    150.43774480	      0.07788668	     -0.66497550	      0.30947275	     -0.19391736	      1.00602116	     -0.50419110
      0.06500000	    -65.00743062	   -373.79501654	    150.56661604	      0.07135521	     -0.68038921	      0.33491889	     -0.19527333	      1.00255594	     -0.50410182
      0.07000000	    -72.55884330	   -378.55337984	    151.41758500	      0.04546912	     -0.68100124	      0.37629706	     -0.19665348	      0.99879573	     -0.50402361
      0.07500000	    -83.06043331	   -380.95199394	    154.93893707	      0.05582152	     -0.75294255	      0.41939627	     -0.19805848	      0.99473449	     -0.50395600
      0.08000000	   -100.96604636	   -412.65368184	    170.85766861	      0.05167691	     -0.87702634	      0.51272662	     -0.19948875	      0.99036928	     -0.50389839
      0.08500000	   -103.78803791	   -437.87478351	    177.97274438	      0.02614872	     -0.92411398	      0.57242316	     -0.20094442	      0.98570020	     -0.50385011
      0.09000000	    -52.04418710	   -400.35486313	    146.77426799	     -0.10305686	     -0.47947505	      0.42483755	     -0.20242534	      0.98073032	     -0.50381043
      0.09500000	     15.56175600	   -398.71581953	    130.53532033	     -0.15873605	     -0.02081783	      0.22966819	     -0.20393108	      0.97546553	     -0.50377855
      0.10000000	     95.74309409	   -678.06591246	    302.00170757	      0.54817238	     -1.05579825	      0.11537786	     -0.20546089	      0.96991454	     -0.50375371
      0.10500000	     93.36588505	   -833.40977864	    375.81062463	      0.84760581	     -1.87859272	      0.23215077	     -0.20701375	      0.96408873	     -0.50373514
      0.11000000	    116.95413903	  -1023.69640076	    469.68349422	      1.15948020	     -2.61572128	      0.32661565	     -0.20858829	      0.95800210	     -0.50372207
      0.11500000	    218.79583002	  -1100.18286190	    466.92101145	      0.94266835	     -1.95630039	      0.22517981	     -0.21018288	      0.95167111	     -0.50371376
      0.12000000	    179.15471546	   -826.38888389	    293.34044430	      0.36562254	     -0.76649478	      0.18219371	     -0.21179552	      0.94511466	     -0.50370949
      0.12500000	    113.97817844	   -531.23358463	    172.64319533	      0.07852834	     -0.13112754	      0.09489457	     -0.21342393	      0.93835393	     -0.50370852
      0.13000000	     29.97465911	   -431.12640111	    149.18767290	     -0.03501785	      0.02333522	     -0.02908943	     -0.21506549	      0.93141230	     -0.50371016
      0.13500000	     97.29485524	   -647.05478628	    213.32746777	     -0.01276082	      0.05843103	     -0.06288515	     -0.21671725	      0.92431514	     -0.50371366
      0.14000000	    125.51165642	   -724.32741927	    244.27195376	     -0.00263717	      0.05648583	     -0.07506190	     -0.21837588	      0.91708993	     -0.50371837
      0.14500000	     76.71390969	   -758.18602283	    263.68965386	     -0.04544755	      0.04197523	     -0.07817158	     -0.22003773	      0.90976553	     -0.50372347
      0.15000000	     13.14813498	   -727.44805031	    266.73843006	     -0.08862255	      0.00963862	     -0.06592318	     -0.22169871	      0.90237282	     -0.50372836
      0.15500000	     48.28068826	   -785.60542431	    280.34543757	     -0.11052758	     -0.02013080	     -0.03795284	     -0.22335438	      0.89494354	     -0.50373225
      0.16000000	     81.12982152	   -971.84166712	    348.13005584	     -0.15899168	     -0.04023500	     -0.02086902	     -0.22499984	      0.88751059	     -0.50373441
      0.16500000	     85.95484663	  -1097.91118438	    389.45660970	     -0.17536003	     -0.04624118	     -0.03017184	     -0.22662974	      0.88010783	     -0.50373423
      0.17000000	     68.23209003	  -1072.59574153	    366.39932545	     -0.12737372	     -0.03526758	     -0.06904484	     -0.22823816	      0.87276989	     -0.50373133
      0.17500000	     57.25507161	  -1139.59161131	    386.56374882	     -0.10123736	     -0.02130291	     -0.11211209	     -0.22981872	      0.86553130	     -0.50372521
      0.18000000	     67.22456225	  -1228.66477070	    414.67871798	     -0.07549811	     -0.01254331	     -0.15354258	     -0.23136446	      0.85842676	     -0.50371557
      0.18500000	    108.78793525	  -1298.73459457	    431.38693660	     -0.04324420	     -0.00893819	     -0.18121765	     -0.23286786	      0.85149074	     -0.50370222
      0.19000000	    118.84724709	  -1347.11266180	    443.32011032	     -0.04029022	     -0.01839958	     -0.18965935	     -0.23432084	      0.84475729	     -0.50368517
      0.19500000	    141.27640932	  -1362.72715104	    436.33060163	     -0.03890302	     -0.02645290	     -0.18030694	     -0.23571482	      0.83825974	     -0.50366453
      0.20000000	    180.65196140	  -1378.82861348	    427.71628412	     -0.03750940	     -0.03145418	     -0.16322966	     -0.23704078	      0.83203056	     -0.50364050
      0.20500000	    222.39083244	  -1412.23428621	    427.31174162	     -0.03772645	     -0.03734733	     -0.14889360	     -0.23828935	      0.82610129	     -0.50361346
      0.21000000	    266.31918464	  -1427.74830299	    421.38172456	     -0.02332947	     -0.03958219	     -0.14567084	     -0.23945103	      0.82050181	     -0.50358368
      0.21500000	    310.41505394	  -1446.16329577	    421.63949535	      0.00623384	     -0.04299690	     -0.16115955	     -0.24051618	      0.81526159	     -0.50355186
      0.22000000	    345.27463305	  -1508.03797407	    442.26399208	      0.03130523	     -0.04659857	     -0.19387096	     -0.24147542	      0.81040780	     -0.50351844
      0.22500000	    376.99622132	  -1599.35551055	    476.72460740	      0.04900807	     -0.05488071	     -0.23080075	     -0.24231970	      0.80596607	     -0.50348394
      0.23000000	    409.78822349	  -1699.95992986	    514.09821646	      0.06416230	     -0.06459846	     -0.26876455	     -0.24304059	      0.80196043	     -0.50344900
      0.23500000	    434.79036523	  -1850.31034451	    570.21597925	      0.05778336	     -0.07570355	     -0.30513749	     -0.24363034	      0.79841303	     -0.50341414
      0.24000000	    460.50925165	  -2015.65766607	    632.69688717	      0.04494690	     -0.08929659	     -0.34124531	     -0.24408227	      0.79534368	     -0.50337988
      0.24500000	    527.23978675	  -2240.51386825	    716.48832264	      0.04158491	     -0.09464111	     -0.39320088	     -0.24439080	      0.79276999	     -0.50334664
      0.25000000	    605.18418321	  -2457.10158331	    797.44700580	      0.05186439	     -0.09807092	     -0.45657876	     -0.24455162	      0.79070700	     -0.50331478
      0.25500000	    677.99295810	  -2624.25903233	    860.03422586	      0.07782889	     -0.10210222	     -0.52699002	     -0.24456178	      0.78916721	     -0.50328451
      0.26000000	    741.55380035	  -2737.94435162	    901.99513976	      0.11619176	     -0.10792674	     -0.60042314	     -0.24441973	      0.78816014	     -0.50325591
      0.26500000	    801.65189673	  -2817.61028523	    929.32563561	      0.16009881	     -0.11526755	     -0.67120597	     -0.24412528	      0.78769264	     -0.50322892
      0.27000000	    860.61289418	  -2855.65256886	    938.06027231	      0.21306763	     -0.12337950	     -0.73668163	     -0.24367960	      0.78776818	     -0.50320330
      0.27500000	    942.30202543	  -2891.85215097	    944.88215032	      0.29316585	     -0.12363091	     -0.81856392	     -0.24308507	      0.78838726	     -0.50317863
      0.28000000	    985.09132225	  -2886.42198997	    940.84149941	      0.37105943	     -0.13339749	     -0.90200910	     -0.24234517	      0.78954725	     -0.50315437
      0.28500000	    987.01343333	  -2817.47570902	    914.90451840	      0.43344051	     -0.15037881	     -0.96165799	     -0.24146432	      0.79124231	     -0.50312982
      0.29000000	    949.85528395	  -2717.10595153	    879.13234331	      0.46996739	     -0.17862323	     -1.00017010	     -0.24044769	      0.79346359	     -0.50310415
      0.29500000	    910.46039873	  -2636.17217805	    850.94935833	      0.50299894	     -0.20247166	     -1.04650221	     -0.23930102	      0.79619932	     -0.50307650
      0.30000000	    865.00675440	  -2556.79911989	    824.10237037	      0.51934089	     -0.23012994	     -1.07843570	     -0.23803041	      0.79943488	     -0.50304592
      0.30500000	    778.45188537	  -2439.11308430	    781.95989483	      0.49022200	     -0.27487615	     -1.07385014	     -0.23664222	      0.80315303	     -0.50301149
      0.31000000	    688.60802698	  -2322.72056924	    739.56555105	      0.43794640	     -0.32516968	     -1.05085939	     -0.23514284	      0.80733397	     -0.50297231
      0.31500000	    602.46798088	  -2227.16479989	    707.18454058	      0.37169409	     -0.38531344	     -1.02817527	     -0.23353863	      0.81195575	     -0.50292760
      0.32000000	    524.78045729	  -2150.84597544	    683.51286749	      0.29634390	     -0.45111540	     -1.00400287	     -0.23183586	      0.81699418	     -0.50287667
      0.32500000	    448.55315504	  -2078.81758517	    662.17044507	      0.20967361	     -0.52342634	     -0.97645398	     -0.23004061	      0.82242321	     -0.50281902
      0.33000000	    366.73851174	  -1986.21038519	    633.09119562	      0.10956078	     -0.59843707	     -0.93201584	     -0.22815883	      0.82821501	     -0.50275431
      0.33500000	    283.92799396	  -1873.76292778	    597.94991042	     -0.00077467	     -0.67407539	     -0.87139652	     -0.22619625	      0.83434004	     -0.50268228
      0.34000000	    239.25771439	  -1811.12329454	    581.57693897	     -0.08388406	     -0.73136847	     -0.83405435	     -0.22415874	      0.84076773	     -0.50260310
      0.34500000	    204.47937306	  -1736.44029696	    559.85107248	     -0.13864908	     -0.75768270	     -0.80140960	     -0.22205211	      0.84746602	     -0.50251698
      0.35000000	    168.79962065	  -1653.01333843	    534.92113424	     -0.19267849	     -0.77428735	     -0.76375870	     -0.21988235	      0.85440180	     -0.50242433
      0.35500000	    136.04292709	  -1561.30852753	    506.67132551	     -0.24228887	     -0.77628370	     -0.71908985	     -0.21765580	      0.86154133	     -0.50232578
      0.36000000	    103.89982923	  -1456.52517813	    474.07534242	     -0.28400959	     -0.75963675	     -0.66833948	     -0.21537918	      0.86885007	     -0.50222209
      0.36500000	     75.72373211	  -1316.91271355	    428.07571553	     -0.28935528	     -0.69363171	     -0.60596202	     -0.21305977	      0.87629318	     -0.50211421
      0.37000000	     48.71174769	  -1197.23351179	    389.64692921	     -0.30655444	     -0.63546745	     -0.54730279	     -0.21070548	      0.88383565	     -0.50200319
      0.37500000	     30.70232281	  -1056.83501235	    342.11997036	     -0.29240786	     -0.53486880	     -0.47484623	     -0.20832492	      0.89144253	     -0.50189022
      0.38000000	     16.37999606	   -918.25908434	    294.92421953	     -0.26965789	     -0.42090157	     -0.39889920	     -0.20592744	      0.89907921	     -0.50177661
      0.38500000	      4.39181766	   -798.52250383	    254.55138239	     -0.25128039	     -0.31662024	     -0.32930670	     -0.20352311	      0.90671162	     -0.50166374
      0.39000000	     -2.34445995	   -639.75652072	    199.65916709	     -0.18732202	     -0.16289061	     -0.24292107	     -0.20112269	      0.91430655	     -0.50155302
      0.39500000	     -2.88373807	   -517.60556895	    158.13247239	     -0.13823654	     -0.03832281	     -0.16487679	     -0.19873755	      0.92183182	     -0.50144595
      0.40000000	     -0.83345711	   -413.07847415	    123.49460250	     -0.09419216	      0.07065221	     -0.09130301	     -0.19637952	      0.92925656	     -0.50134397
      0.40500000	      4.39753467	   -312.59933179	     93.76774310	     -0.03137202	      0.17304675	     -0.01835732	     -0.19406072	      0.93655143	     -0.50124851
      0.41000000	     23.61129355	   -332.33303618	    117.29205770	      0.00169855	      0.13780472	      0.02744693	     -0.19179336	      0.94368886	     -0.50116092
      0.41500000	     18.78615024	   -353.96069532	    140.63185403	      0.07437704	     -0.02026022	      0.05666123	     -0.18958952	      0.95064323	     -0.50108242
      0.42000000	    -24.40919408	   -425.75779533	    190.22474265	      0.23234433	     -0.49925307	      0.09367843	     -0.18746088	      0.95739110	     -0.50101407
      0.42500000	    -71.87967417	   -490.11255633	    230.09645069	      0.34538344	     -0.91321587	      0.13434987	     -0.18541844	      0.96391136	     -0.50095674
      0.43000000	   -108.21248479	   -549.01457909	    260.81346993	      0.40972667	     -1.21463781	      0.17522607	     -0.18347235	      0.97018538	     -0.50091103
      0.43500000	   -136.22204202	   -560.68441582	    262.25817478	      0.38808947	     -1.31184388	      0.22365908	     -0.18163162	      0.97619715	     -0.50087729
      0.44000000	   -147.89844284	   -561.54479785	    250.51945070	      0.30477547	     -1.23621534	      0.27437670	     -0.17990396	      0.98193331	     -0.50085554
      0.44500000	   -156.47686843	   -567.77998522	    244.59445233	      0.25179452	     -1.21440218	      0.30860280	     -0.17829566	      0.98738320	     -0.50084550
      0.45000000	   -170.96377690	   -592.40129282	    259.70375460	      0.28561503	     -1.37999576	      0.31859271	     -0.17681151	      0.99253888	     -0.50084654
      0.45500000	   -190.43067320	   -614.34969948	    284.37303229	      0.38043095	     -1.69591646	      0.30567727	     -0.17545478	      0.99739505	     -0.50085773
      0.46000000	   -190.03362016	   -613.10488309	    285.78049080	      0.38101010	     -1.71249067	      0.30191348	     -0.17422729	      1.00194873	     -0.50087775
      0.46500000	   -175.63915438	   -563.51929476	    254.54756113	      0.29302700	     -1.49049273	      0.30471818	     -0.17312947	      1.00619979	     -0.50090515
      0.47000000	   -158.46941866	   -500.87946288	    215.28297166	      0.17521999	     -1.20420775	      0.31213273	     -0.17216056	      1.01014946	     -0.50093804
      0.47500000	   -154.32548896	   -478.84377847	    206.43189585	      0.15530758	     -1.16018900	      0.30941030	     -0.17131882	      1.01380112	     -0.50097445
      0.48000000	   -147.85256510	   -441.41810776	    184.22490255	      0.07893246	     -0.99444728	      0.31281396	     -0.17060151	      1.01715980	     -0.50101221
      0.48500000	   -138.90254889	   -410.93686416	    160.56644828	     -0.04611253	     -0.77252609	      0.31300008	     -0.17000559	      1.02023121	     -0.50104907
      0.49000000	   -139.82998894	   -398.42881097	    160.86154711	     -0.05421474	     -0.76057924	      0.31445602	     -0.16952728	      1.02302228	     -0.50108277
      0.49500000	   -130.56513419	   -379.01136689	    152.95993928	     -0.15827134	     -0.62507576	      0.30359642	     -0.16916285	      1.02554008	     -0.50111105
      0.50000000	   -120.53939221	   -383.02332645	    159.60968918	     -0.20841371	     -0.51514812	      0.28424360	     -0.16890855	      1.02779156	     -0.50113181
      0.50500000	   -118.59461223	   -372.18678428	    158.71669361	     -0.21055578	     -0.49173384	      0.27996306	     -0.16876069	      1.02978342	     -0.50114300
      0.51000000	   -113.17004970	   -364.61796837	    159.19975452	     -0.22133246	     -0.44965516	      0.26709280	     -0.16871593	      1.03152199	     -0.50114294
      0.51500000	   -108.27420938	   -367.42973892	    162.33625393	     -0.24287157	     -0.39101716	      0.25951717	     -0.16877124	      1.03301252	     -0.50113011
      0.52000000	   -105.10493040	   -359.41153074	    158.66066407	     -0.22527102	     -0.40396134	      0.25717673	     -0.16892397	      1.03425925	     -0.50110332
      0.52500000	   -100.23054137	   -350.14569257	    153.11776539	     -0.19601151	     -0.42692350	      0.25175692	     -0.16917184	      1.03526531	     -0.50106174
      0.53000000	    -95.50561753	   -338.43708343	    146.26743400	     -0.15800187	     -0.46346443	      0.24531860	     -0.16951286	      1.03603254	     -0.50100487
      0.53500000	    -95.13964749	   -328.83382305	    139.48721200	     -0.06934393	     -0.57670304	      0.24954920	     -0.16994527	      1.03656149	     -0.50093258
      0.54000000	    -95.72181013	   -323.58144920	    137.23099207	     -0.04880709	     -0.58891637	      0.25412231	     -0.17046740	      1.03685151	     -0.50084513
      0.54500000	    -95.43075884	   -322.20476190	    138.22678805	      0.00206916	     -0.63317314	      0.25146000	     -0.17107749	      1.03690080	     -0.50074315
      0.55000000	    -98.00457951	   -331.01138620	    148.90147902	      0.11351189	     -0.78809630	      0.24238064	     -0.17177359	      1.03670643	     -0.50062758
      0.55500000	    -98.23528053	   -330.71434193	    149.43529843	      0.14588244	     -0.82221919	      0.24776564	     -0.17255332	      1.03626452	     -0.50049969
      0.56000000	    -95.19246003	   -348.88429048	    161.19901587	      0.22115420	     -0.92364610	      0.23098066	     -0.17341382	      1.03557026	     -0.50036095
      0.56500000	    -94.01197800	   -372.42038478	    172.17717819	      0.25635060	     -0.97244950	      0.24095679	     -0.17435155	      1.03461839	     -0.50021313
      0.57000000	    -89.09346248	   -387.35681122	    175.90022194	      0.26542244	     -0.95907503	      0.25120559	     -0.17536221	      1.03340310	     -0.50005809
      0.57500000	    -84.83159465	   -421.35909975	    192.02322442	      0.30560262	     -1.01199886	      0.25817656	     -0.17644075	      1.03191833	     -0.49989787
      0.58000000	    -82.44067807	   -437.77997596	    199.99552482	      0.32404723	     -1.01131812	      0.27376179	     -0.17758123	      1.03015773	     -0.49973440
      0.58500000	    -73.99443696	   -459.06314431	    206.14321087	      0.32593731	     -0.98690564	      0.27992730	     -0.17877708	      1.02811527	     -0.49956976
      0.59000000	    -68.90296776	   -465.02367516	    206.42698425	      0.32116924	     -0.95416910	      0.28908213	     -0.18002101	      1.02578502	     -0.49940587
      0.59500000	    -64.72011072	   -479.90908565	    209.37566411	      0.32009319	     -0.96680486	      0.30611908	     -0.18130528	      1.02316132	     -0.49924444
      0.60000000	    -59.04944761	   -486.31146032	    205.24857812	      0.29848909	     -0.94525342	      0.31988919	     -0.18262180	      1.02023932	     -0.49908713
      0.60500000	    -54.46535330	   -506.69223751	    208.44678307	      0.29224490	     -0.97957658	      0.34284452	     -0.18396241	      1.01701471	     -0.49893529
      0.61000000	    -54.86558003	   -503.22898249	    203.01224118	      0.26391875	     -0.99087985	      0.36649395	     -0.18531907	      1.01348413	     -0.49879001
      0.61500000	    -53.88734123	   -513.93166704	    203.19775665	      0.24188164	     -1.02868294	      0.40090604	     -0.18668412	      1.00964523	     -0.49865219
      0.62000000	    -57.11696091	   -506.48234274	    192.64323199	      0.16824420	     -1.01381824	      0.44687523	     -0.18805048	      1.00549706	     -0.49852243
      0.62500000	    -64.63930930	   -507.75108585	    190.85177360	      0.12348266	     -1.04879026	      0.50218514	     -0.18941191	      1.00103940	     -0.49840089
      0.63000000	    -72.80956502	   -502.12028198	    183.64104148	      0.02587176	     -1.02207266	      0.56586760	     -0.19076304	      0.99627442	     -0.49828777
      0.63500000	    -86.09286015	   -510.57140330	    189.50715416	     -0.08171116	     -1.01156042	      0.64670911	     -0.19209967	      0.99120547	     -0.49818292
      0.64000000	   -102.19661371	   -511.01003445	    196.28702278	     -0.12697593	     -1.08957684	      0.71709487	     -0.19341875	      0.98583782	     -0.49808596
      0.64500000	    -25.40930023	   -506.00986137	    178.78184982	      0.02972085	     -0.90630256	      0.47964096	     -0.19471844	      0.98017865	     -0.49799640
      0.65000000	     93.81005514	   -798.79846414	    395.48060919	      0.83952921	     -1.72642615	      0.13668319	     -0.19599807	      0.97423737	     -0.49791349
      0.65500000	     84.20619345	  -1088.57993902	    530.20595365	      1.35036647	     -3.13026606	      0.30827007	     -0.19725812	      0.96802559	     -0.49783652
      0.66000000	     72.45907872	  -1049.41062666	    477.25958179	      1.14143406	     -2.89851516	      0.47539543	     -0.19850008	      0.96155722	     -0.49776462
      0.66500000	    188.17124895	   -973.09414634	    426.30458054	      0.90687209	     -1.96975617	      0.15525475	     -0.19972630	      0.95484868	     -0.49769688
      0.67000000	    122.93962299	   -525.26492055	    179.65130384	      0.18401022	     -0.40929867	      0.06269941	     -0.20093980	      0.94791885	     -0.49763235
      0.67500000	     32.42309340	   -495.18773123	    174.96812809	     -0.05691701	      0.00087818	     -0.03843376	     -0.20214404	      0.94078913	     -0.49757010
      0.68000000	    164.61677625	   -885.68398769	    284.89511117	     -0.00228052	      0.07935501	     -0.09896537	     -0.20334269	      0.93348345	     -0.49750915
      0.68500000	    295.41854722	  -1160.32930848	    377.27394258	      0.06138829	      0.13280211	     -0.14110774	     -0.20453932	      0.92602826	     -0.49744859
      0.69000000	    294.58908496	  -1167.11087259	    378.48139432	      0.05825809	      0.12130527	     -0.14615971	     -0.20573718	      0.91845244	     -0.49738755
      0.69500000	    189.42900344	  -1050.43728880	    337.91378658	     -0.00320028	      0.07044181	     -0.12592613	     -0.20693887	      0.91078715	     -0.49732523
      0.70000000	     95.39257467	   -970.82724715	    313.35686365	     -0.05614085	      0.03034881	     -0.10548117	     -0.20814610	      0.90306573	     -0.49726095
      0.70500000	     44.51289239	  -1007.31842511	    329.16215424	     -0.11526006	     -0.01684191	     -0.08206004	     -0.20935946	      0.89532335	     -0.49719413
      0.71000000	    101.40486858	  -1272.59311960	    416.67198515	     -0.18005959	     -0.05192492	     -0.05773534	     -0.21057817	      0.88759696	     -0.49712440
      0.71500000	    115.68142727	  -1433.58675118	    464.65209014	     -0.20097440	     -0.05659571	     -0.06508214	     -0.21179992	      0.87992484	     -0.49705159
      0.72000000	     81.03223237	  -1544.91061755	    496.37766199	     -0.18612635	     -0.03727026	     -0.11478096	     -0.21302076	      0.87234588	     -0.49697557
      0.72500000	     63.47610604	  -1666.24217328	    531.69882380	     -0.16228054	     -0.01683779	     -0.17030048	     -0.21423505	      0.86489975	     -0.49689654
      0.73000000	    107.03885979	  -1865.91174983	    592.38274983	     -0.13788460	      0.00450136	     -0.22189189	     -0.21543544	      0.85762614	     -0.49681492
      0.73500000	    166.03086592	  -2007.28655827	    629.20423626	     -0.11057715	      0.02159038	     -0.25614444	     -0.21661298	      0.85056430	     -0.49673130
      0.74000000	    231.73633721	  -2008.03672569	    616.40723666	     -0.05411958	      0.03907760	     -0.27962979	     -0.21775736	      0.84375247	     -0.49664639
      0.74500000	    311.83587244	  -1980.30594228	    597.84573521	      0.01495635	      0.05352759	     -0.30517393	     -0.21885711	      0.83722766	     -0.49656113
      0.75000000	    420.96386875	  -1912.43482485	    567.08956236	      0.11249390	      0.06845808	     -0.33758248	     -0.21989996	      0.83102485	     -0.49647641
      0.75500000	    516.31131217	  -1840.65494100	    555.00730433	      0.20214791	      0.05060386	     -0.36926534	     -0.22087324	      0.82517689	     -0.49639322
      0.76000000	    507.18345118	  -1739.90065196	    520.05726890	      0.21922764	      0.02972133	     -0.37306543	     -0.22176434	      0.81971387	     -0.49631260
      0.76500000	    408.92123922	  -1652.86975484	    471.59628500	      0.14367379	      0.00626322	     -0.32612034	     -0.22256112	      0.81466305	     -0.49623549
      0.77000000	    414.13109444	  -1801.30384200	    522.52429514	      0.04829004	     -0.01662456	     -0.28818410	     -0.22325236	      0.81004873	     -0.49616288
      0.77500000	    434.09404678	  -1956.67531383	    583.16198688	     -0.03010083	     -0.04433640	     -0.26557669	     -0.22382825	      0.80589161	     -0.49609546
      0.78000000	    470.71867970	  -2091.98463674	    639.33241420	     -0.08110164	     -0.07466234	     -0.25927102	     -0.22428063	      0.80220899	     -0.49603383
      0.78500000	    520.06053859	  -2180.76145621	    675.63169177	     -0.09612323	     -0.10267239	     -0.26814627	     -0.22460333	      0.79901498	     -0.49597849
      0.79000000	    592.75128134	  -2271.47612565	    709.22922777	     -0.07697565	     -0.12279378	     -0.30381094	     -0.22479234	      0.79632023	     -0.49592977
      0.79500000	    684.43939991	  -2370.20260255	    745.45732673	     -0.02470231	     -0.13769598	     -0.37143645	     -0.22484579	      0.79413238	     -0.49588785
      0.80000000	    765.66007510	  -2439.83093572	    773.74123612	      0.05348317	     -0.15770192	     -0.46351424	     -0.22476400	      0.79245588	     -0.49585283
      0.80500000	    831.73417724	  -2495.39193876	    796.64818186	      0.14798087	     -0.17979450	     -0.57793486	     -0.22454919	      0.79129227	     -0.49582471
      0.81000000	    882.16281901	  -2541.77797062	    815.36067513	      0.25157992	     -0.20661347	     -0.70949044	     -0.22420531	      0.79064085	     -0.49580345
      0.81500000	    916.31043894	  -2595.33863318	    836.03032758	      0.34491735	     -0.24031593	     -0.84764951	     -0.22373789	      0.79049867	     -0.49578901
      0.82000000	   1008.82462119	  -2752.88987658	    896.72562542	      0.46342657	     -0.26324727	     -1.03909925	     -0.22315310	      0.79086034	     -0.49578131
      0.82500000	   1081.72388892	  -2892.69898812	    949.21217173	      0.56124525	     -0.29280121	     -1.21543365	     -0.22245801	      0.79171903	     -0.49578031
      0.83000000	   1118.12134818	  -2986.29466469	    981.46318965	      0.62310454	     -0.33138462	     -1.35470402	     -0.22165988	      0.79306615	     -0.49578597
      0.83500000	   1122.74397173	  -3039.56480919	    995.15190053	      0.64534901	     -0.37867273	     -1.45107473	     -0.22076570	      0.79489183	     -0.49579823
      0.84000000	   1087.61684473	  -3037.39466595	    985.17764235	      0.62331682	     -0.43769594	     -1.49579378	     -0.21978216	      0.79718484	     -0.49581703
      0.84500000	   1006.68607585	  -2968.90601891	    950.92708674	      0.56121422	     -0.51163111	     -1.49185226	     -0.21871508	      0.79993274	     -0.49584225
      0.85000000	    902.06444138	  -2882.09760704	    913.50860058	      0.45373386	     -0.60616018	     -1.44743392	     -0.21756944	      0.80312188	     -0.49587366
      0.85500000	    810.73964034	  -2827.64904295	    889.37493281	      0.34473138	     -0.70795451	     -1.41767295	     -0.21634918	      0.80673742	     -0.49591094
      0.86000000	    682.15317321	  -2755.36193594	    856.93004949	      0.17394384	     -0.84945755	     -1.35540877	     -0.21505716	      0.81076346	     -0.49595363
      0.86500000	    602.89397620	  -2604.87047710	    801.80241641	      0.13878229	     -0.87552587	     -1.31891527	     -0.21369527	      0.81518256	     -0.49600102
      0.87000000	    519.65588137	  -2421.24064813	    735.86708986	      0.10271472	     -0.87872387	     -1.25492945	     -0.21226446	      0.81997609	     -0.49605225
      0.87500000	    455.82145051	  -2285.06034445	    687.02542631	      0.05889553	     -0.88224314	     -1.19905905	     -0.21076495	      0.82512400	     -0.49610621
      0.88000000	    402.65310410	  -2124.39826142	    630.69161299	      0.03499820	     -0.84278158	     -1.12029740	     -0.20919650	      0.83060485	     -0.49616161
      0.88500000	    339.57167316	  -1950.89850551	    573.13516407	      0.00391500	     -0.80288519	     -1.03358291	     -0.20755857	      0.83639577	     -0.49621695
      0.89000000	    268.58981507	  -1775.19130453	    516.61069269	     -0.04206669	     -0.77001127	     -0.94254918	     -0.20585063	      0.84247248	     -0.49627054
      0.89500000	    229.74877653	  -1613.36217949	    464.11589372	     -0.02166599	     -0.67397464	     -0.87299579	     -0.20407242	      0.84880939	     -0.49632058
      0.90000000	    186.82640437	  -1452.00508235	    413.91805040	     -0.00827871	     -0.58273411	     -0.80362760	     -0.20222419	      0.85537969	     -0.49636515
      0.90500000	    146.76500273	  -1293.00017180	    364.71654901	      0.01071878	     -0.48404639	     -0.73306876	     -0.20030696	      0.86215548	     -0.49640230
      0.91000000	    115.12684553	  -1126.91825031	    314.41301615	      0.04407957	     -0.36219859	     -0.65094194	     -0.19832271	      0.86910788	     -0.49643007
      0.91500000	    104.60789464	  -1013.77166758	    283.24338916	      0.08256106	     -0.24608355	     -0.58574220	     -0.19627457	      0.87620731	     -0.49644659
      0.92000000	     97.41136533	   -931.66549137	    259.68484646	      0.08733652	     -0.16837792	     -0.51673329	     -0.19416693	      0.88342365	     -0.49645008
      0.92500000	     97.16783320	   -835.01878254	    232.39988695	      0.11836748	     -0.06256878	     -0.43616544	     -0.19200551	      0.89072642	     -0.49643893
      0.93000000	     86.70497295	   -752.40161078	    208.69082419	      0.11583260	     -0.00220280	     -0.36903625	     -0.18979740	      0.89808501	     -0.49641172
      0.93500000	     71.09934564	   -682.49479947	    189.41297281	      0.09396749	      0.02305704	     -0.31486753	     -0.18755107	      0.90546902	     -0.49636738
      0.94000000	     62.04948842	   -592.94107503	    164.59346005	      0.09961849	      0.07529583	     -0.25162052	     -0.18527618	      0.91284827	     -0.49630502
      0.94500000	     44.06564850	   -515.16073604	    146.74028716	      0.07661463	      0.07410390	     -0.20351122	     -0.18298352	      0.92019314	     -0.49622409
      0.95000000	     29.75078627	   -444.16955905	    130.55363902	      0.05749447	      0.06938732	     -0.15933140	     -0.18068479	      0.92747470	     -0.49612441
      0.95500000	     12.22405968	   -350.00043053	    105.32151700	      0.03710517	      0.06974780	     -0.11004088	     -0.17839234	      0.93466492	     -0.49600612
      0.96000000	      5.71279466	   -276.47524030	     85.97727516	      0.03033779	      0.07779972	     -0.06551327	     -0.17611899	      0.94173678	     -0.49586971
      0.96500000	     12.31984550	   -245.94608320	     86.65360940	      0.03449982	      0.06520624	     -0.02779771	     -0.17387762	      0.94866453	     -0.49571608
      0.97000000	     14.00234479	   -259.83253411	    100.61275781	      0.08048502	     -0.08770647	      0.00716766	     -0.17168096	      0.95542372	     -0.49554648
      0.97500000	     -8.56329906	   -296.55242951	    123.81397941	      0.16450376	     -0.35397034	      0.02399171	     -0.16954128	      0.96199142	     -0.49536250
      0.98000000	    -51.42380455	   -328.79745695	    139.64973296	      0.20363285	     -0.58995290	      0.07480191	     -0.16747010	      0.96834626	     -0.49516606
      0.98500000	    -94.52477529	   -369.22410629	    156.10904563	      0.22154078	     -0.80174911	      0.13676419	     -0.16547797	      0.97446863	     -0.49495940
      0.99000000	   -122.18795822	   -405.50979506	    164.93831866	      0.19298038	     -0.89444318	      0.19614371	     -0.16357429	      0.98034072	     -0.49474501
      0.99500000	   -142.66684680	   -438.83863901	    168.56505722	      0.12930742	     -0.89606925	      0.25605709	     -0.16176717	      0.98594659	     -0.49452556
      1.00000000	   -161.54050903	   -467.08340246	    172.68471392	      0.07638965	     -0.89749185	      0.29361939	     -0.16006336	      0.99127225	     -0.49430388
      1.00500000	   -178.65565549	   -477.41228015	    174.19541179	      0.04783450	     -0.89462837	      0.31831236	     -0.15846830	      0.99630573	     -0.49408281
      1.01000000	   -186.72814474	   -476.28158161	    185.07200050	      0.10806953	     -1.02014188	      0.31307874	     -0.15698618	      1.00103722	     -0.49386530
      1.01500000	   -190.09191234	   -461.34908285	    184.56410566	      0.13199437	     -1.06704317	      0.30914598	     -0.15561997	      1.00545860	     -0.49365401
      1.02000000	   -186.63980236	   -451.36373540	    182.04401604	      0.12877072	     -1.02515908	      0.30051659	     -0.15437171	      1.00956390	     -0.49345153
      1.02500000	   -171.02814549	   -443.04603260	    178.22609896	      0.12564940	     -0.93574011	      0.27608858	     -0.15324272	      1.01334909	     -0.49326022
      1.03000000	   -167.50590816	   -447.86112261	    174.59074643	      0.09352348	     -0.84289051	      0.27890414	     -0.15223366	      1.01681134	     -0.49308200
      1.03500000	   -172.25685846	   -488.77921247	    184.82731923	      0.07599557	     -0.82485071	      0.29713402	     -0.15134490	      1.01994977	     -0.49291853
      1.04000000	   -174.53200363	   -510.10359759	    184.53965251	      0.04004377	     -0.77163551	      0.31337127	     -0.15057664	      1.02276472	     -0.49277108
      1.04500000	   -178.46836493	   -533.90855490	    191.87317708	      0.03009848	     -0.75480194	      0.32743502	     -0.14992899	      1.02525750	     -0.49264046
      1.05000000	   -178.46539348	   -544.38515786	    190.08410171	     -0.00115587	     -0.70190799	      0.33976921	     -0.14940228	      1.02743029	     -0.49252719
      1.05500000	   -178.49337113	   -553.03798908	    191.71140648	     -0.01553375	     -0.67235811	      0.35030693	     -0.14899690	      1.02928592	     -0.49243138
      1.06000000	   -177.08792335	   -551.87145692	    187.41743022	     -0.04950725	     -0.60944727	      0.36181082	     -0.14871335	      1.03082762	     -0.49235279
      1.06500000	   -178.14381436	   -549.59276352	    187.01583345	     -0.06509741	     -0.57758127	      0.37603827	     -0.14855225	      1.03205887	     -0.49229091
      1.07000000	   -175.12619217	   -549.28260524	    186.81175781	     -0.07823877	     -0.55855210	      0.38634469	     -0.14851413	      1.03298316	     -0.49224493
      1.07500000	   -171.91336040	   -537.46843646	    183.07743788	     -0.09538713	     -0.52224145	      0.39533223	     -0.14859932	      1.03360420	     -0.49221387
      1.08000000	   -169.44429903	   -521.45170942	    178.39628149	     -0.11631045	     -0.48018938	      0.40642400	     -0.14880782	      1.03392495	     -0.49219640
      1.08500000	   -166.30944793	   -512.77431414	    180.69088913	     -0.09773262	     -0.50853918	      0.41332047	     -0.14913901	      1.03394905	     -0.49219128
      1.09000000	   -158.79757892	   -488.24284451	    171.55162265	     -0.12310304	     -0.45213596	      0.41578827	     -0.14959157	      1.03367936	     -0.49219695
      1.09500000	   -152.64938559	   -470.16375085	    168.20927655	     -0.11926595	     -0.45021090	      0.41765211	     -0.15016329	      1.03311867	     -0.49221185
      1.10000000	   -144.83021219	   -449.64887756	    161.35450737	     -0.12884761	     -0.42966688	      0.41835941	     -0.15085095	      1.03226950	     -0.49223432
      1.10500000	   -138.92518132	   -432.72341638	    160.86726680	     -0.10530983	     -0.46367417	      0.41459569	     -0.15165028	      1.03113410	     -0.49226269
      1.11000000	   -131.51294751	   -417.91669931	    157.06303583	     -0.10751415	     -0.44957955	      0.41334907	     -0.15255590	      1.02971457	     -0.49229526
      1.11500000	   -125.69690737	   -396.83882042	    153.18089678	     -0.09719575	     -0.45958549	      0.40872800	     -0.15356146	      1.02801280	     -0.49233044
      1.12000000	   -120.96717806	   -393.43073177	    158.09060993	     -0.05702380	     -0.52020210	      0.40586702	     -0.15465971	      1.02603038	     -0.49236667
      1.12500000	   -113.96241612	   -378.90005815	    151.46657735	     -0.07641229	     -0.49197730	      0.40689267	     -0.15584264	      1.02376860	     -0.49240245
      1.13000000	   -109.47696103	   -377.19622406	    155.72532308	     -0.04257510	     -0.55685454	      0.40466899	     -0.15710171	      1.02122882	     -0.49243653
      1.13500000	   -111.77473547	   -383.92677131	    161.36907900	     -0.04567140	     -0.59296650	      0.43186583	     -0.15842817	      1.01841148	     -0.49246746
      1.14000000	   -109.20023745	   -380.79359791	    161.07884859	     -0.04174592	     -0.62778972	      0.44275407	     -0.15981310	      1.01531800	     -0.49249443
      1.14500000	   -119.12078129	   -400.38249237	    171.20835956	     -0.04912937	     -0.69666671	      0.50260798	     -0.16124790	      1.01194897	     -0.49251652
      1.15000000	   -120.81160979	   -410.46715435	    176.14949233	     -0.05361752	     -0.74134783	      0.53524408	     -0.16272441	      1.00830516	     -0.49253301
      1.15500000	   -123.90377608	   -432.86508868	    189.43157579	     -0.01853794	     -0.86118932	      0.56953679	     -0.16423516	      1.00438750	     -0.49254339
      1.16000000	   -128.77213316	   -456.63766745	    201.48439991	     -0.00655859	     -0.95849513	      0.61783832	     -0.16577360	      1.00019716	     -0.49254733
      1.16500000	   -131.65387424	   -485.77222970	    209.89717073	     -0.03155717	     -0.98893497	      0.67629983	     -0.16733415	      0.99573575	     -0.49254463
      1.17000000	   -129.35281765	   -456.50247409	    205.69408358	      0.02761028	     -1.08513495	      0.65108360	     -0.16891239	      0.99100548	     -0.49253524
      1.17500000	   -125.89888089	   -456.41718619	    218.66743019	      0.19324733	     -1.35333699	      0.62376547	     -0.17050506	      0.98600938	     -0.49251925
      1.18000000	     -8.22178438	   -432.80608387	    179.08388979	      0.23177032	     -0.67185146	      0.21990760	     -0.17211003	      0.98075154	     -0.49249687
      1.18500000	     63.51247617	   -816.74574244	    389.44964450	      0.76566006	     -1.65669101	      0.21553509	     -0.17372630	      0.97523723	     -0.49246838
      1.19000000	     36.94881841	   -920.58573494	    425.40839786	      0.99450356	     -2.49600262	      0.35320369	     -0.17535385	      0.96947325	     -0.49243417
      1.19500000	     70.02539042	   -819.89497177	    355.07681706	      0.78843753	     -1.95036108	      0.26824000	     -0.17699352	      0.96346805	     -0.49239471
      1.20000000	    150.27801426	   -830.66390759	    323.50299552	      0.55503132	     -1.19745279	      0.14215222	     -0.17864684	      0.95723192	     -0.49235052
      1.20500000	    101.21796923	   -557.32451566	    171.43288179	      0.14018605	     -0.28735525	      0.07762681	     -0.18031585	      0.95077721	     -0.49230219
      1.21000000	     36.32626823	   -469.64991336	    150.97114733	     -0.05426664	     -0.00099073	     -0.00554413	     -0.18200288	      0.94411841	     -0.49225043
      1.21500000	     62.65195563	   -423.52661658	    128.05309941	      0.02348886	      0.04484938	     -0.02875772	     -0.18371036	      0.93727227	     -0.49219596
      1.22000000	     76.25423182	   -469.94428335	    140.76701194	      0.03083811	      0.04859778	     -0.03526821	     -0.18544055	      0.93025791	     -0.49213973
      1.22500000	     36.02275415	   -485.36537962	    142.90783052	     -0.01869199	      0.01248862	     -0.03442944	     -0.18719549	      0.92309665	     -0.49208253
      1.23000000	     68.68820071	   -610.45879742	    182.58664128	     -0.06058908	     -0.01424529	     -0.00787007	     -0.18897658	      0.91581243	     -0.49202549
      1.23500000	    111.67110612	   -789.28114110	    244.31258475	     -0.10937959	     -0.03587829	      0.01812728	     -0.19078466	      0.90843111	     -0.49196971
      1.24000000	    146.64414028	   -986.72792778	    316.68397021	     -0.16167124	     -0.05567899	      0.03931826	     -0.19261969	      0.90098075	     -0.49191636
      1.24500000	    175.21688906	  -1128.91485086	    363.23841927	     -0.19199150	     -0.06791426	      0.05307288	     -0.19448067	      0.89349142	     -0.49186675
      1.25000000	    165.44294032	  -1250.79813947	    407.04325463	     -0.20988856	     -0.06781332	      0.03837699	     -0.19636555	      0.88599451	     -0.49182209
      1.25500000	    122.62280173	  -1342.09854937	    439.71193393	     -0.20597498	     -0.05414827	     -0.00340075	     -0.19827109	      0.87852290	     -0.49178364
      1.26000000	     84.02086160	  -1388.28079353	    449.57240184	     -0.18291893	     -0.03551606	     -0.04903604	     -0.20019278	      0.87111045	     -0.49175272
      1.26500000	     75.53567136	  -1511.06431531	    491.08531168	     -0.19218583	     -0.03165678	     -0.07099744	     -0.20212483	      0.86379161	     -0.49173058
      1.27000000	    100.67969442	  -1654.73076563	    539.67645173	     -0.22453909	     -0.04446671	     -0.06106394	     -0.20406013	      0.85660100	     -0.49171839
      1.27500000	    159.87333626	  -1768.15575385	    574.72872177	     -0.26665631	     -0.06896933	     -0.01858298	     -0.20599032	      0.84957309	     -0.49171725
      1.28000000	    212.11304138	  -1881.11238011	    612.12880655	     -0.30936759	     -0.09196874	      0.01986479	     -0.20790579	      0.84274182	     -0.49172821
      1.28500000	    248.36104466	  -1914.41404714	    613.96176569	     -0.31791701	     -0.10018628	      0.03852710	     -0.20979589	      0.83614027	     -0.49175224
      1.29000000	    248.99472372	  -1789.90496936	    538.20795984	     -0.23703147	     -0.07109063	     -0.00051118	     -0.21164901	      0.82980038	     -0.49179025
      1.29500000	    238.21664313	  -1675.79484556	    455.58929636	     -0.10858904	     -0.01130066	     -0.09371228	     -0.21345290	      0.82375245	     -0.49184296
      1.30000000	    361.76919238	  -1700.46925444	    433.31207117	      0.07991257	      0.01987210	     -0.23715779	     -0.21519479	      0.81802533	     -0.49191113
      1.30500000	    633.10931082	  -2159.54898087	    631.61530100	      0.28252107	      0.02327897	     -0.47352043	     -0.21686180	      0.81264572	     -0.49199522
      1.31000000	    884.09034800	  -2719.26137193	    833.50152420	      0.31157749	      0.04944528	     -0.59954159	     -0.21844114	      0.80763841	     -0.49209579
      1.31500000	    658.42091621	  -2634.15685762	    818.58657747	      0.18313918	      0.07973048	     -0.57070502	     -0.21992028	      0.80302654	     -0.49221327
      1.32000000	    463.83055236	  -2542.65624560	    774.12404609	     -0.03971504	      0.04583565	     -0.39842883	     -0.22128759	      0.79883033	     -0.49234783
      1.32500000	    487.19836303	  -2586.01290641	    783.72413584	     -0.16352501	      0.02192285	     -0.28213461	     -0.22253226	      0.79506823	     -0.49249967
      1.33000000	    550.87619205	  -2587.48935462	    785.88183818	     -0.20977998	     -0.00987528	     -0.22486784	     -0.22364462	      0.79175638	     -0.49266882
      1.33500000	    637.39537473	  -2579.40757872	    776.61920811	     -0.18195542	     -0.02510667	     -0.23479913	     -0.22461640	      0.78890859	     -0.49285519
      1.34000000	    739.37692061	  -2627.36114931	    785.33076994	     -0.11991231	     -0.02813804	     -0.29694388	     -0.22544080	      0.78653629	     -0.49305860
      1.34500000	    880.65154199	  -2772.77207119	    835.18977244	     -0.03624054	     -0.03135704	     -0.40724426	     -0.22611255	      0.78464870	     -0.49327869
      1.35000000	   1069.94866508	  -3001.90354753	    918.88770928	      0.07522403	     -0.03296393	     -0.57026335	     -0.22662796	      0.78325266	     -0.49351497
      1.35500000	   1228.96480924	  -3212.92577052	    997.85737243	      0.17437065	     -0.04601184	     -0.73876799	     -0.22698489	      0.78235272	     -0.49376677
      1.36000000	   1361.09172587	  -3387.20559738	   1061.19508950	      0.25644391	     -0.06407347	     -0.89320787	     -0.22718267	      0.78195117	     -0.49403322
      1.36500000	   1522.20587619	  -3597.68430348	   1139.69776612	      0.33577334	     -0.08040474	     -1.04949336	     -0.22722203	      0.78204804	     -0.49431326
      1.37000000	   1635.32995806	  -3708.65547025	   1181.87029433	      0.41493973	     -0.10057150	     -1.17839374	     -0.22710491	      0.78264129	     -0.49460561
      1.37500000	   1653.26945997	  -3679.01057675	   1174.96069120	      0.47900095	     -0.13246519	     -1.26785280	     -0.22683436	      0.78372670	     -0.49490872
      1.38000000	   1595.30881045	  -3550.92512390	   1133.85372519	      0.52899009	     -0.17184597	     -1.32670389	     -0.22641437	      0.78529821	     -0.49522091
      1.38500000	   1443.23993186	  -3332.53764921	   1053.32060553	      0.52376551	     -0.21694048	     -1.33055725	     -0.22584966	      0.78734777	     -0.49554028
      1.39000000	   1270.77237197	  -3084.33806123	    964.89620637	      0.50533937	     -0.26797358	     -1.31422390	     -0.22514559	      0.78986560	     -0.49586481
      1.39500000	   1103.38369161	  -2868.85647045	    887.28172776	      0.45496679	     -0.32939294	     -1.28053803	     -0.22430792	      0.79284016	     -0.49619238
      1.40000000	    919.25990720	  -2646.55895472	    809.65410924	      0.34625547	     -0.41529900	     -1.19211735	     -0.22334270	      0.79625831	     -0.49652087
      1.40500000	    759.64984751	  -2435.85193074	    740.97037000	      0.23583734	     -0.49517425	     -1.09241717	     -0.22225613	      0.80010531	     -0.49684818
      1.41000000	    652.67161853	  -2274.46498625	    691.97707976	      0.16105088	     -0.55318344	     -1.01943397	     -0.22105445	      0.80436484	     -0.49717229
      1.41500000	    563.64888427	  -2133.02522337	    650.10970864	      0.08879678	     -0.60245653	     -0.94811241	     -0.21974388	      0.80901909	     -0.49749138
      1.42000000	    503.18738848	  -2019.92751263	    618.87318842	      0.04574721	     -0.63256078	     -0.90013406	     -0.21833053	      0.81404883	     -0.49780378
      1.42500000	    432.69371490	  -1899.94547557	    586.84098690	     -0.00966998	     -0.67249662	     -0.84859060	     -0.21682042	      0.81943326	     -0.49810806
      1.43000000	    369.45723852	  -1755.08563828	    546.55930081	     -0.03729715	     -0.68185623	     -0.79548238	     -0.21521950	      0.82515026	     -0.49840307
      1.43500000	    330.19815486	  -1731.57642326	    550.26234156	     -0.10716890	     -0.75026000	     -0.77968914	     -0.21353363	      0.83117613	     -0.49868778
      1.44000000	    283.93039008	  -1519.05966934	    482.13426151	     -0.05543920	     -0.65899351	     -0.71923214	     -0.21176873	      0.83748596	     -0.49896150
      1.44500000	    244.02196214	  -1386.69329150	    443.96053095	     -0.06026730	     -0.62518021	     -0.66595548	     -0.20993087	      0.84405361	     -0.49922381
      1.45000000	    209.93879354	  -1274.09070363	    412.87389844	     -0.08019841	     -0.60188327	     -0.60893166	     -0.20802628	      0.85085152	     -0.49947438
      1.45500000	    174.37652486	  -1090.08985155	    354.52581819	     -0.04547032	     -0.50655763	     -0.53542571	     -0.20606153	      0.85785123	     -0.49971314
      1.46000000	    135.49457640	   -971.12188029	    321.14414987	     -0.06362332	     -0.47616859	     -0.48198170	     -0.20404358	      0.86502311	     -0.49994015
      1.46500000	    107.98817261	   -852.06706898	    285.37640630	     -0.07053174	     -0.42386685	     -0.41829601	     -0.20197991	      0.87233669	     -0.50015558
      1.47000000	     92.83342501	   -732.53200298	    246.20127197	     -0.05983206	     -0.34269688	     -0.34430776	     -0.19987852	      0.87976079	     -0.50035974
      1.47500000	     78.70137601	   -649.23017154	    220.49741889	     -0.07017416	     -0.29351954	     -0.28357916	     -0.19774806	      0.88726368	     -0.50055301
      1.48000000	     66.90671019	   -570.80176771	    195.48696166	     -0.07751089	     -0.23916938	     -0.22476459	     -0.19559780	      0.89481332	     -0.50073586
      1.48500000	     63.90101817	   -487.70102863	    167.55130025	     -0.06537846	     -0.15772758	     -0.15682625	     -0.19343758	      0.90237728	     -0.50090879
      1.49000000	     55.05563111	   -436.15969196	    152.07166517	     -0.08022002	     -0.11835786	     -0.10970243	     -0.19127784	      0.90992337	     -0.50107239
      1.49500000	     47.54679862	   -364.19612533	    129.98211606	     -0.06694051	     -0.04726336	     -0.05816187	     -0.18912954	      0.91741977	     -0.50122733
      1.50000000	     43.05300142	   -294.43593037	    107.51298094	     -0.02724842	      0.07326649	      0.00809289	     -0.18700403	      0.92483505	     -0.50137428
      1.50500000	     32.55976099	   -291.41982112	    112.52818426	     -0.02956895	      0.08893001	      0.03730807	     -0.18491291	      0.93213866	     -0.50151399
      1.51000000	    -15.77079951	   -307.89171643	    124.75611654	     -0.07118941	      0.07913031	      0.10672138	     -0.18286792	      0.93930115	     -0.50164724
      1.51500000	    -73.42188743	   -326.66487394	    134.56347597	     -0.05030439	     -0.07226547	      0.18420933	     -0.18088074	      0.94629447	     -0.50177486
      1.52000000	   -107.84914755	   -350.42794843	    143.08294928	     -0.03291163	     -0.18312775	      0.23197680	     -0.17896284	      0.95309222	     -0.50189770
      1.52500000	   -127.30971686	   -408.34669069	    166.33101500	      0.00552375	     -0.33080309	      0.27050085	     -0.17712525	      0.95966996	     -0.50201661
      1.53000000	   -143.55498457	   -444.95198162	    185.19476844	      0.05187333	     -0.47888597	      0.29620694	     -0.17537839	      0.96600544	     -0.50213244
      1.53500000	   -188.62598641	   -495.84775122	    215.22952138	      0.10770692	     -0.74694456	      0.36363703	     -0.17373191	      0.97207885	     -0.50224602
      1.54000000	   -194.60323763	   -560.01172951	    246.07202913	      0.17952512	     -0.96709182	      0.38537413	     -0.17219449	      0.97787295	     -0.50235811
      1.54500000	   -204.02955038	   -637.94526622	    285.71181784	      0.25642956	     -1.19586323	      0.41232564	     -0.17077374	      0.98337325	     -0.50246939
      1.55000000	   -202.67061410	   -659.91880266	    300.72645928	      0.29220184	     -1.23650308	      0.40584176	     -0.16947610	      0.98856810	     -0.50258046
      1.55500000	   -197.54747034	   -622.02092284	    286.98890017	      0.27926418	     -1.16833437	      0.37877541	     -0.16830678	      0.99344867	     -0.50269182
      1.56000000	   -186.83444572	   -571.22477344	    263.32177711	      0.24360830	     -1.03991176	      0.34964687	     -0.16726973	      0.99800912	     -0.50280387
      1.56500000	   -177.67600500	   -540.53285083	    251.14708433	      0.23293199	     -0.97555438	      0.32626576	     -0.16636766	      1.00224594	     -0.50291682
      1.57000000	   -167.91032018	   -508.93157037	    234.53353596	      0.20119169	     -0.86967846	      0.30849913	     -0.16560213	      1.00615826	     -0.50303080
      1.57500000	   -150.95994598	   -462.63688555	    205.74166963	      0.14282578	     -0.68788259	      0.28204246	     -0.16497354	      1.00974770	     -0.50314581
      1.58000000	   -139.95438604	   -436.26912462	    190.54546004	      0.11233557	     -0.59610728	      0.26636485	     -0.16448135	      1.01301758	     -0.50326177
      1.58500000	   -126.86675309	   -406.35205001	    172.46661149	      0.07601711	     -0.49572367	      0.24810105	     -0.16412408	      1.01597302	     -0.50337849
      1.59000000	   -119.44332214	   -380.34371758	    152.24137200	      0.01178601	     -0.37430003	      0.24520038	     -0.16389952	      1.01862044	     -0.50349569
      1.59500000	   -118.69835305	   -368.71928134	    147.98603213	      0.00413370	     -0.39094311	      0.24992660	     -0.16380476	      1.02096718	     -0.50361306
      1.60000000	   -118.91253386	   -348.58228171	    132.49365687	     -0.07298921	     -0.29078298	      0.26352750	     -0.16383633	      1.02302127	     -0.50373023
      1.60500000	   -116.54678997	   -346.19445042	    129.38803812	     -0.14292807	     -0.22874674	      0.27218823	     -0.16399031	      1.02479097	     -0.50384683
      1.61000000	   -116.49772392	   -353.85330345	    133.79039118	     -0.13770415	     -0.28466668	      0.28671665	     -0.16426235	      1.02628449	     -0.50396250
      1.61500000	   -110.17394963	   -362.93106862	    140.94965204	     -0.20063524	     -0.25881060	      0.28732389	     -0.16464779	      1.02750975	     -0.50407690
      1.62000000	   -106.47515109	   -385.97503070	    154.39110175	     -0.25246012	     -0.24137805	      0.29530172	     -0.16514163	      1.02847410	     -0.50418973
      1.62500000	   -103.92050355	   -396.73023761	    160.05100498	     -0.23792577	     -0.30498477	      0.30629289	     -0.16573861	      1.02918419	     -0.50430080
      1.63000000	   -101.99639516	   -420.12239208	    169.67959395	     -0.25060264	     -0.32997219	      0.32560762	     -0.16643328	      1.02964551	     -0.50440991
      1.63500000	    -99.48928138	   -429.13395194	    175.60267559	     -0.24717584	     -0.37332073	      0.33572529	     -0.16721995	      1.02986277	     -0.50451704
      1.64000000	    -96.87253023	   -443.73345201	    177.13249470	     -0.18280628	     -0.48711181	      0.35580602	     -0.16809276	      1.02983938	     -0.50462224
      1.64500000	    -96.80938565	   -451.25202836	    181.88138524	     -0.16344984	     -0.54992142	      0.37257367	     -0.16904572	      1.02957761	     -0.50472568
      1.65000000	    -94.16707490	   -455.69310740	    185.27587317	     -0.11459596	     -0.63240916	      0.37932771	     -0.17007275	      1.02907853	     -0.50482765
      1.65500000	    -94.61263814	   -465.05402425	    192.46467974	     -0.04453102	     -0.74763462	      0.39112862	     -0.17116769	      1.02834204	     -0.50492853
      1.66000000	    -90.64818116	   -465.01485478	    192.93589342	     -0.03871410	     -0.76270179	      0.39448822	     -0.17232442	      1.02736691	     -0.50502881
      1.66500000	    -90.28538873	   -465.49479692	    197.16439725	      0.01062384	     -0.84539063	      0.40025117	     -0.17353683	      1.02615087	     -0.50512906
      1.67000000	    -90.89278321	   -464.68683392	    200.72503911	      0.05228983	     -0.91544752	      0.40887704	     -0.17479893	      1.02469069	     -0.50522990
      1.67500000	    -88.74938467	   -457.08305038	    199.77383565	      0.07497048	     -0.95283145	      0.40886828	     -0.17610490	      1.02298231	     -0.50533200
      1.68000000	    -91.05930983	   -443.47287683	    198.37281129	      0.09856386	     -0.99305011	      0.41629186	     -0.17744911	      1.02102098	     -0.50543600
      1.68500000	    -90.46883070	   -439.53930772	    200.09659463	      0.14569807	     -1.07120547	      0.41835372	     -0.17882625	      1.01880143	     -0.50554251
      1.69000000	    -91.91594789	   -426.55710593	    195.46412082	      0.12975392	     -1.03905176	      0.42893789	     -0.18023125	      1.01631802	     -0.50565204
      1.69500000	    -95.54287441	   -409.72349066	    191.01553954	      0.14110146	     -1.06747778	      0.44075286	     -0.18165944	      1.01356501	     -0.50576501
      1.70000000	    -94.03099237	   -403.62827460	    190.13640938	      0.17986131	     -1.12387856	      0.44444132	     -0.18310654	      1.01053669	     -0.50588164
      1.70500000	    -82.96801474	   -404.32389722	    186.14311340	      0.15452363	     -1.06133669	      0.43536343	     -0.18456872	      1.00722762	     -0.50600195
      1.71000000	    -83.68499786	   -422.41760834	    190.16952421	      0.14304572	     -1.07934845	      0.47164998	     -0.18604261	      1.00363304	     -0.50612586
      1.71500000	    -85.60841031	   -451.17615131	    198.45919717	      0.11795879	     -1.09813347	      0.52319833	     -0.18752523	      0.99974874	     -0.50625279
      1.72000000	    -87.95382311	   -470.13838425	    205.64401877	      0.11730059	     -1.15684249	      0.56545164	     -0.18901415	      0.99557169	     -0.50638209
      1.72500000	    -92.81976239	   -493.22628860	    213.23269389	      0.06890403	     -1.15382305	      0.62715409	     -0.19050732	      0.99110029	     -0.50651282
      1.73000000	   -100.61646440	   -506.81900038	    221.06923744	      0.07481230	     -1.24179614	      0.68594228	     -0.19200326	      0.98633386	     -0.50664359
      1.73500000	   -112.19186048	   -518.62863811	    227.76049021	      0.03725487	     -1.28128719	      0.76027975	     -0.19350081	      0.98127428	     -0.50677305
      1.74000000	   -120.43782711	   -527.68069136	    232.64221705	     -0.03065062	     -1.26233891	      0.82724483	     -0.19499925	      0.97592482	     -0.50689943
      1.74500000	     23.89959631	   -560.28890201	    234.32940670	     -0.36130142	     -0.12145297	      0.35912457	     -0.19649823	      0.97029098	     -0.50702084
      1.75000000	     50.21097649	   -563.75626970	    251.74779160	      0.56856156	     -1.39112267	      0.26477114	     -0.19799771	      0.96438055	     -0.50713522
      1.75500000	    -30.47774525	   -508.55650761	    246.68253887	      0.56669353	     -1.72288755	      0.52800446	     -0.19949789	      0.95820365	     -0.50724044
      1.76000000	     -8.84414893	   -525.45328131	    256.45347714	      0.60517742	     -1.70968193	      0.49768151	     -0.20099921	      0.95177283	     -0.50733432
      1.76500000	     43.84574250	   -435.42979717	    237.53550915	      0.57807060	     -1.20751294	      0.17474270	     -0.20250225	      0.94510311	     -0.50741468
      1.77000000	    156.91939423	   -533.85894989	    192.91003526	      0.00620239	      0.02485085	     -0.04081864	     -0.20400767	      0.93821199	     -0.50747943
      1.77500000	    196.11209960	   -811.65821376	    289.81806035	     -0.04078004	      0.03637813	     -0.05672202	     -0.20551618	      0.93111948	     -0.50752656
      1.78000000	    285.61414438	   -851.14806805	    306.74956135	      0.02730077	      0.04977884	     -0.07921621	     -0.20702849	      0.92384774	     -0.50755421
      1.78500000	    302.57365626	   -755.57168605	    300.56149967	      0.09816918	      0.00560811	     -0.08376899	     -0.20854517	      0.91642150	     -0.50756076
      1.79000000	    213.73100764	   -530.55875113	    254.86137138	      0.24138000	     -0.30669543	     -0.07412899	     -0.21006661	      0.90886771	     -0.50754484
      1.79500000	    153.07177138	   -436.02361720	    252.70025372	      0.49720770	     -0.77729263	     -0.02810766	     -0.21159301	      0.90121488	     -0.50750526
      1.80000000	    176.01425525	   -509.49857480	    258.79150944	      0.52817777	     -0.86856003	     -0.02073061	     -0.21312411	      0.89349398	     -0.50744130
      1.80500000	    181.68498996	   -540.37097130	    228.36895667	      0.44524244	     -0.82060832	     -0.01659310	     -0.21465929	      0.88573724	     -0.50735251
      1.81000000	    231.03004148	   -682.31810193	    247.82156370	      0.42284567	     -0.85426040	      0.01823960	     -0.21619730	      0.87797839	     -0.50723881
      1.81500000	    261.30283398	   -757.97443508	    254.09209467	      0.36946492	     -0.84652155	      0.01330716	     -0.21773620	      0.87025234	     -0.50710045
      1.82000000	    213.23643597	   -703.77734767	    228.13951667	      0.18267870	     -0.53075753	     -0.04957675	     -0.21927323	      0.86259489	     -0.50693805
      1.82500000	    163.60651826	   -715.26506344	    233.74415338	      0.06106678	     -0.13721028	     -0.09876169	     -0.22080466	      0.85504248	     -0.50675257
      1.83000000	    226.34958133	   -985.13962950	    345.01886522	      0.05386343	     -0.05725315	     -0.17181137	     -0.22232572	      0.84763185	     -0.50654526
      1.83500000	    326.77885461	  -1246.54822634	    439.92505594	      0.07941245	     -0.06303559	     -0.22864811	     -0.22383044	      0.84039977	     -0.50631759
      1.84000000	    372.95604724	  -1370.00383692	    481.85189615	      0.10521880	     -0.07339029	     -0.26703214	     -0.22531166	      0.83338279	     -0.50607128
      1.84500000	    404.77223616	  -1430.14204959	    493.09607499	      0.15133850	     -0.08131989	     -0.30543447	     -0.22676102	      0.82661679	     -0.50580813
      1.85000000	    544.28418064	  -1592.80168477	    552.14255686	      0.45487566	     -0.47103678	     -0.44371380	     -0.22816904	      0.82013668	     -0.50553008
      1.85500000	    811.24649590	  -1963.62910529	    717.41869486	      0.84499074	     -0.96403977	     -0.64272184	     -0.22952521	      0.81397616	     -0.50523906
      1.86000000	    894.60037607	  -2079.62175650	    756.60381333	      0.80312109	     -0.88072199	     -0.67818248	     -0.23081825	      0.80816736	     -0.50493713
      1.86500000	    606.50718782	  -1772.83885407	    618.24252662	      0.36135236	     -0.28904621	     -0.50912905	     -0.23203636	      0.80274038	     -0.50462625
      1.87000000	    413.39501553	  -1628.04102389	    533.74852969	      0.08197587	     -0.15428465	     -0.30748805	     -0.23316755	      0.79772314	     -0.50430842
      1.87500000	    407.49042931	  -1710.01600990	    563.66808314	     -0.06034673	     -0.16494291	     -0.19543797	     -0.23420001	      0.79314095	     -0.50398558
      1.88000000	    458.74110444	  -1826.47099393	    618.56473849	     -0.14381879	     -0.19856607	     -0.13750370	     -0.23512246	      0.78901637	     -0.50365962
      1.88500000	    506.28989314	  -1913.44783266	    652.31420499	     -0.15769131	     -0.20589012	     -0.14021053	     -0.23592454	      0.78536899	     -0.50333239
      1.89000000	    575.10092071	  -1998.06917676	    672.56679874	     -0.07851554	     -0.17358317	     -0.22720570	     -0.23659713	      0.78221510	     -0.50300563
      1.89500000	    677.03926997	  -2122.55664399	    715.49743932	      0.02472873	     -0.16043025	     -0.34527221	     -0.23713259	      0.77956786	     -0.50268097
      1.90000000	    796.68415213	  -2235.06962436	    763.19382622	      0.15662600	     -0.15970448	     -0.48376317	     -0.23752496	      0.77743722	     -0.50235998
      1.90500000	    903.59761813	  -2343.92122720	    808.20343433	      0.28414306	     -0.15280494	     -0.62348126	     -0.23777013	      0.77582979	     -0.50204402
      1.91000000	   1080.28279864	  -2517.30036726	    891.08075465	      0.44963986	     -0.14263433	     -0.80033519	     -0.23786577	      0.77474930	     -0.50173436
      1.91500000	   1273.51789351	  -2722.07353749	    988.65595989	      0.64783126	     -0.19028296	     -0.99958471	     -0.23781140	      0.77419642	     -0.50143210
      1.92000000	   1500.70090172	  -2976.61195416	   1109.70630565	      0.88734812	     -0.27635112	     -1.24176766	     -0.23760815	      0.77416919	     -0.50113813
      1.92500000	   1757.08339735	  -3279.19323653	   1254.95814760	      1.17144678	     -0.37856421	     -1.53597553	     -0.23725869	      0.77466317	     -0.50085321
      1.93000000	   1897.03833794	  -3480.14362380	   1353.44634809	      1.37808440	     -0.44144753	     -1.77707760	     -0.23676693	      0.77567166	     -0.50057789
      1.93500000	   1878.01528721	  -3539.23344029	   1384.15545950	      1.43922150	     -0.42652831	     -1.92002716	     -0.23613783	      0.77718594	     -0.50031259
      1.94000000	   1752.94789267	  -3484.38483158	   1360.67048353	      1.38209736	     -0.35630897	     -1.96483550	     -0.23537703	      0.77919547	     -0.50005750
      1.94500000	   1546.58427112	  -3320.44171316	   1282.23678481	      1.20848955	     -0.23711447	     -1.89806288	     -0.23449070	      0.78168802	     -0.49981271
      1.95000000	   1272.40654158	  -3045.01218351	   1136.50093416	      1.05069701	     -0.23875140	     -1.75914904	     -0.23348520	      0.78464995	     -0.49957812
      1.95500000	   1024.15689664	  -2758.40954400	    987.99661238	      0.84852453	     -0.28974838	     -1.56023326	     -0.23236689	      0.78806625	     -0.49935350
      1.96000000	    859.98249929	  -2562.60803524	    890.05058768	      0.66897530	     -0.35541699	     -1.39337303	     -0.23114183	      0.79192059	     -0.49913844
      1.96500000	    687.43200923	  -2355.87885093	    800.25458105	      0.43900807	     -0.46165653	     -1.18765858	     -0.22981584	      0.79619561	     -0.49893252
      1.97000000	    608.33346813	  -2263.05422974	    765.56370418	      0.30020346	     -0.54145372	     -1.08088628	     -0.22839418	      0.80087276	     -0.49873509
      1.97500000	    520.72027578	  -2155.77925532	    725.56035467	      0.16032198	     -0.62418223	     -0.97520183	     -0.22688167	      0.80593236	     -0.49854543
      1.98000000	    428.51777325	  -2039.79033626	    685.17855697	      0.01903371	     -0.71473555	     -0.87587891	     -0.22528261	      0.81135383	     -0.49836274
      1.98500000	    380.10695442	  -1967.64372139	    662.60987593	     -0.04545977	     -0.76975975	     -0.84515984	     -0.22360083	      0.81711551	     -0.49818610
      1.99000000	    337.60094915	  -1884.64372464	    634.52172533	     -0.06960543	     -0.79435918	     -0.83737448	     -0.22183990	      0.82319474	     -0.49801452
      1.99500000	    291.89410915	  -1788.53377167	    602.13739687	     -0.09147181	     -0.80966876	     -0.82371649	     -0.22000306	      0.82956774	     -0.49784685
      2.00000000	    249.55370262	  -1676.07805765	    562.86385551	     -0.10490175	     -0.79808892	     -0.79590453	     -0.21809369	      0.83620999	     -0.49768206
      2.00500000	    212.91348170	  -1528.12939332	    510.08970169	     -0.09985452	     -0.74040726	     -0.74275353	     -0.21611515	      0.84309573	     -0.49751886
      2.01000000	    174.73358974	  -1372.68324325	    455.40929655	     -0.08816937	     -0.66976829	     -0.68556907	     -0.21407127	      0.85019841	     -0.49735613
      2.01500000	    141.71473839	  -1233.18518031	    407.06169303	     -0.08926319	     -0.60505872	     -0.62360534	     -0.21196634	      0.85749042	     -0.49719265
      2.02000000	    112.29310029	  -1060.74299140	    346.77860886	     -0.06014735	     -0.49371049	     -0.54673479	     -0.20980539	      0.86494325	     -0.49702728
      2.02500000	     86.90360538	   -903.81664238	    292.97134516	     -0.03810135	     -0.38748055	     -0.46907954	     -0.20759432	      0.87252760	     -0.49685893
      2.03000000	     68.07668616	   -740.96313165	    237.12112648	     -0.00061068	     -0.25936068	     -0.38370732	     -0.20534007	      0.88021340	     -0.49668667
      2.03500000	     49.38430742	   -577.32051624	    182.48470128	      0.04111236	     -0.12967315	     -0.29973817	     -0.20305071	      0.88796995	     -0.49650971
      2.04000000	     37.34862086	   -446.36144799	    142.89869889	      0.07496445	     -0.02180017	     -0.22326150	     -0.20073548	      0.89576609	     -0.49632745
      2.04500000	     34.13505859	   -355.11485286	    123.90833504	      0.10210535	      0.04493008	     -0.16246417	     -0.19840488	      0.90357018	     -0.49613952
      2.05000000	     34.98539082	   -298.58919679	    113.40860387	      0.09935099	      0.05962578	     -0.12239249	     -0.19607058	      0.91135059	     -0.49594583
      2.05500000	     37.04218991	   -260.99732299	    111.76155212	      0.09965540	      0.05203086	     -0.08547262	     -0.19374533	      0.91907569	     -0.49574654
      2.06000000	     27.56029115	   -240.63535692	    125.68253184	      0.22915081	     -0.25529947	     -0.05280320	     -0.19144288	      0.92671420	     -0.49554210
      2.06500000	      2.24642703	   -249.67224297	    137.73931895	      0.28160951	     -0.45197720	     -0.01019394	     -0.18917766	      0.93423535	     -0.49533325
      2.07000000	    -22.68641179	   -257.74316195	    145.58169841	      0.30176653	     -0.57168605	      0.02149022	     -0.18696463	      0.94160921	     -0.49512100
      2.07500000	    -58.80760383	   -334.38827589	    167.18017744	      0.30701908	     -0.75579520	      0.09753745	     -0.18481892	      0.94880695	     -0.49490659
      2.08000000	    -86.39779426	   -392.39923180	    174.43173826	      0.23559243	     -0.77644730	      0.17933848	     -0.18275549	      0.95580117	     -0.49469151
      2.08500000	   -106.15318406	   -412.86243053	    169.11954261	      0.15239562	     -0.73916019	      0.23495675	     -0.18078880	      0.96256607	     -0.49447742
      2.09000000	   -130.65305483	   -422.68915955	    170.50792728	      0.13769697	     -0.83907753	      0.27111417	     -0.17893240	      0.96907783	     -0.49426611
      2.09500000	   -170.12481822	   -400.45038112	    167.43188627	      0.12418947	     -0.95303948	      0.31586771	     -0.17719864	      0.97531483	     -0.49405948
      2.10000000	   -197.45169001	   -431.56713462	    175.09084405	      0.09577087	     -1.04011017	      0.36243712	     -0.17559830	      0.98125789	     -0.49385947
      2.10500000	   -215.77398558	   -534.56707519	    209.39126904	      0.09583723	     -1.17520459	      0.41449425	     -0.17414034	      0.98689042	     -0.49366796
      2.11000000	   -219.04891424	   -537.40897985	    212.69643881	      0.09710978	     -1.18888868	      0.41483848	     -0.17283171	      0.99219867	     -0.49348680
      2.11500000	   -218.30687490	   -525.44209265	    207.89130807	      0.08034884	     -1.15503024	      0.40902701	     -0.17167724	      0.99717184	     -0.49331768
      2.12000000	   -215.02676845	   -511.87277481	    199.79585265	      0.04648321	     -1.07871756	      0.40224692	     -0.17067962	      1.00180223	     -0.49316215
      2.12500000	   -211.69702342	   -496.86117145	    194.74678505	      0.03280063	     -1.04735747	      0.39650121	     -0.16983943	      1.00608467	     -0.49302140
      2.13000000	   -197.68308307	   -476.21303219	    186.66867548	      0.01892328	     -0.97858108	      0.37650977	     -0.16915531	      1.01001736	     -0.49289640
      2.13500000	   -188.72605520	   -463.23986508	    178.78909041	     -0.00216886	     -0.91699342	      0.36944614	     -0.16862417	      1.01360084	     -0.49278772
      2.14000000	   -185.69088840	   -462.53448322	    177.63768914	     -0.02641098	     -0.86945786	      0.37279569	     -0.16824156	      1.01683830	     -0.49269563
      2.14500000	   -174.95026565	   -454.15493126	    171.31153631	     -0.04617250	     -0.82669847	      0.36720879	     -0.16800178	      1.01973499	     -0.49261996
      2.15000000	   -175.82631091	   -456.41131246	    168.53589489	     -0.08576564	     -0.78712991	      0.38334005	     -0.16789829	      1.02229839	     -0.49256013
      2.15500000	   -174.18912584	   -462.41122392	    172.30788170	     -0.08308354	     -0.81178631	      0.39365306	     -0.16792410	      1.02453678	     -0.49251522
      2.16000000	   -171.72418002	   -455.74634338	    168.62608788	     -0.11474699	     -0.76173001	      0.40091626	     -0.16807190	      1.02646024	     -0.49248395
      2.16500000	   -166.62363599	   -438.28553335	    160.43869547	     -0.14367847	     -0.70267820	      0.40140455	     -0.16833435	      1.02807909	     -0.49246471
      2.17000000	   -159.51576143	   -426.30076923	    157.66322095	     -0.14165667	     -0.68379087	      0.39426806	     -0.16870422	      1.02940417	     -0.49245563
      2.17500000	   -152.76008782	   -403.08187712	    150.14236527	     -0.14544147	     -0.63249420	      0.38376259	     -0.16917455	      1.03044624	     -0.49245460
      2.18000000	   -145.86672773	   -388.10250668	    149.14550398	     -0.12717436	     -0.61374197	      0.36819761	     -0.16973868	      1.03121565	     -0.49245935
      2.18500000	   -140.77448940	   -374.82322926	    146.69597116	     -0.11413050	     -0.59176765	      0.35788951	     -0.17039031	      1.03172210	     -0.49246751
      2.19000000	   -134.21250057	   -360.55043106	    141.51051004	     -0.12145456	     -0.53663098	      0.34544678	     -0.17112351	      1.03197431	     -0.49247665
      2.19500000	   -131.22698004	   -349.56805994	    136.57976905	     -0.12755962	     -0.49025550	      0.34294585	     -0.17193266	      1.03197986	     -0.49248438
      2.20000000	   -123.80382236	   -344.07439704	    136.71814577	     -0.09889661	     -0.47973132	      0.32615655	     -0.17281246	      1.03174500	     -0.49248835
      2.20500000	   -114.43839251	   -330.70469783	    131.92161754	     -0.08287337	     -0.44288624	      0.30467836	     -0.17375790	      1.03127466	     -0.49248641
      2.21000000	   -104.24004494	   -328.16183945	    130.40522687	     -0.06923699	     -0.39994477	      0.28494730	     -0.17476435	      1.03057199	     -0.49247651
      2.21500000	    -93.62655067	   -324.84158577	    130.29261191	     -0.03263794	     -0.39966825	      0.25989871	     -0.17582731	      1.02963891	     -0.49245689
      2.22000000	    -88.31127051	   -309.87160197	    122.91386578	     -0.04508049	     -0.32972243	      0.25013907	     -0.17694265	      1.02847573	     -0.49242605
      2.22500000	    -81.31330674	   -315.76476001	    127.07875296	     -0.00470563	     -0.35365515	      0.23593271	     -0.17810655	      1.02708131	     -0.49238276
      2.23000000	    -78.56310877	   -312.81775382	    128.09712009	      0.00664906	     -0.32306999	      0.23100755	     -0.17931548	      1.02545327	     -0.49232616
      2.23500000	    -75.59597627	   -304.47088587	    123.79606166	      0.00689479	     -0.30042751	      0.22848012	     -0.18056624	      1.02358804	     -0.49225570
      2.24000000	    -71.45262863	   -312.01211518	    125.40827301	      0.00697205	     -0.27411428	      0.23034896	     -0.18185599	      1.02148109	     -0.49217120
      2.24500000	    -73.68926356	   -321.45961687	    129.48255531	      0.00820564	     -0.27467533	      0.24969838	     -0.18318223	      1.01912708	     -0.49207278
      2.25000000	    -72.81780421	   -322.78924372	    130.47762479	      0.00986327	     -0.26385937	      0.25867366	     -0.18454280	      1.01652012	     -0.49196088
      2.25500000	    -74.19121229	   -333.19248638	    134.29427951	      0.00876645	     -0.27901763	      0.28089822	     -0.18593597	      1.01365391	     -0.49183621
      2.26000000	    -76.50744249	   -341.66355705	    134.79913791	     -0.02099345	     -0.26248363	      0.31163298	     -0.18736005	      1.01052256	     -0.49169983
      2.26500000	    -84.40500951	   -357.52544639	    137.40441580	     -0.07741543	     -0.25709209	      0.36711705	     -0.18881391	      1.00711991	     -0.49155286
      2.27000000	    -87.42762608	   -365.11132189	    137.53427152	     -0.10426939	     -0.27775219	      0.40724212	     -0.19029649	      1.00344073	     -0.49139676
      2.27500000	    -95.95418363	   -392.52138862	    146.16460703	     -0.13831576	     -0.34971198	      0.47477058	     -0.19180698	      0.99947991	     -0.49123267
      2.28000000	   -104.79650423	   -415.39265451	    153.60778123	     -0.20300977	     -0.37102019	      0.54882990	     -0.19334468	      0.99523446	     -0.49106248
      2.28500000	   -114.49056552	   -441.27387717	    165.24297995	     -0.24931927	     -0.42388179	      0.62756544	     -0.19490897	      0.99070182	     -0.49088747
      2.29000000	    -92.46150755	   -410.62518250	    154.35594650	     -0.28808528	     -0.27469853	      0.55969749	     -0.19649932	      0.98588141	     -0.49070926
      2.29500000	    -49.77083602	   -390.00037735	    150.65707500	     -0.33569037	      0.01571796	      0.38275550	     -0.19811516	      0.98077417	     -0.49052922
      2.30000000	     51.58219038	   -494.53823175	    199.00574536	      0.28117018	     -0.42668450	      0.11480681	     -0.19975590	      0.97538313	     -0.49034870
      2.30500000	     36.86543232	   -837.38243134	    376.95567005	      0.93065705	     -2.18552138	      0.41517506	     -0.20142088	      0.96971333	     -0.49016893
      2.31000000	     20.49077273	   -768.50983417	    325.71542372	      0.69052330	     -1.83914680	      0.53974200	     -0.20310937	      0.96377206	     -0.48999103
      2.31500000	     72.33539015	   -676.11257905	    272.47992134	      0.49479578	     -1.19438053	      0.33358573	     -0.20482055	      0.95756897	     -0.48981601
      2.32000000	    122.87529703	   -691.48580505	    294.34952550	      0.57533082	     -1.14622371	      0.17534381	     -0.20655348	      0.95111605	     -0.48964473
      2.32500000	     47.32158956	   -390.31235459	    143.61953589	     -0.06287130	      0.00261275	      0.01533583	     -0.20830714	      0.94442782	     -0.48947798
      2.33000000	     43.43287359	   -479.11416887	    168.75942404	     -0.04199644	      0.03765457	     -0.03931213	     -0.21008035	      0.93752121	     -0.48931647
      2.33500000	    116.91501074	   -442.66165774	    158.20797739	      0.05875999	      0.00069913	     -0.03249164	     -0.21187177	      0.93041564	     -0.48916076
      2.34000000	    108.18989457	   -416.75527300	    162.93713217	      0.13244289	     -0.15322274	     -0.02969966	     -0.21367990	      0.92313289	     -0.48901142
      2.34500000	     70.38527247	   -395.19229728	    129.85846737	      0.00644141	     -0.00238525	     -0.03740076	     -0.21550293	      0.91569715	     -0.48886889
      2.35000000	     69.86257044	   -536.97924270	    175.91864444	     -0.05409530	     -0.02787114	     -0.01590329	     -0.21733878	      0.90813483	     -0.48873357
      2.35500000	     91.97585909	   -853.53311079	    292.13363704	     -0.14326159	     -0.03919422	      0.00393466	     -0.21918494	      0.90047447	     -0.48860584
      2.36000000	    115.82049007	  -1085.66669008	    370.10331664	     -0.19789530	     -0.04681040	      0.01627096	     -0.22103842	      0.89274651	     -0.48848595
      2.36500000	    103.46097630	  -1195.92909277	    399.58623238	     -0.19344879	     -0.03827457	     -0.01183118	     -0.22289563	      0.88498309	     -0.48837411
      2.37000000	     52.58788950	  -1289.08179784	    425.00301970	     -0.16571173	     -0.01341130	     -0.07718350	     -0.22475226	      0.87721784	     -0.48827043
      2.37500000	     36.43647876	  -1418.87715236	    468.73028347	     -0.15324474	      0.00577887	     -0.12446073	     -0.22660318	      0.86948556	     -0.48817497
      2.38000000	     48.40555613	  -1514.77613359	    494.23136192	     -0.13571696	      0.01279684	     -0.15435245	     -0.22844233	      0.86182184	     -0.48808767
      2.38500000	     62.93020934	  -1636.38198493	    531.82373269	     -0.13298293	      0.01412877	     -0.17795235	     -0.23026263	      0.85426285	     -0.48800829
      2.39000000	     92.59387720	  -1675.95565961	    532.56331200	     -0.11879091	      0.01595130	     -0.18333683	     -0.23205595	      0.84684489	     -0.48793655
      2.39500000	    137.82283066	  -1649.83643995	    505.74492335	     -0.08621813	      0.01667305	     -0.18226489	     -0.23381314	      0.83960412	     -0.48787205
      2.40000000	    193.57107685	  -1576.13905155	    459.52285818	     -0.04088908	      0.01924265	     -0.17629514	     -0.23552401	      0.83257609	     -0.48781429
      2.40500000	    264.15851171	  -1452.19567838	    403.02749258	      0.03504711	      0.01601314	     -0.18217428	     -0.23717750	      0.82579575	     -0.48776274
      2.41000000	    347.69642234	  -1331.60264255	    361.99053834	      0.14862573	     -0.01617864	     -0.20753363	     -0.23876185	      0.81929672	     -0.48771681
      2.41500000	    427.39182828	  -1370.65427074	    435.04253101	      0.74422731	     -0.88755381	     -0.34016525	     -0.24026480	      0.81311145	     -0.48767593
      2.42000000	    463.77190123	  -1471.64591494	    458.51452861	      0.65257495	     -0.71243635	     -0.39635094	     -0.24167389	      0.80727061	     -0.48763955
      2.42500000	    457.25983177	  -1680.31334240	    492.78186991	      0.21923632	     -0.01689404	     -0.36484534	     -0.24297676	      0.80180323	     -0.48760722
      2.43000000	    432.46801055	  -1967.96171283	    590.32537489	      0.10207656	      0.01777284	     -0.36539332	     -0.24416149	      0.79673666	     -0.48757874
      2.43500000	    464.81416974	  -2255.24239275	    695.02260346	     -0.00383451	      0.04776893	     -0.35261432	     -0.24521700	      0.79209593	     -0.48755380
      2.44000000	    538.59833671	  -2458.99541565	    766.20864486	     -0.06658655	      0.07283127	     -0.34041440	     -0.24613342	      0.78790363	     -0.48753226
      2.44500000	    643.14180990	  -2590.16890693	    809.43411450	     -0.07847719	      0.09132353	     -0.34547170	     -0.24690233	      0.78418047	     -0.48751414
      2.45000000	    764.04602763	  -2671.24432993	    835.06391227	     -0.04431963	      0.10067246	     -0.37440209	     -0.24751704	      0.78094470	     -0.48749944
      2.45500000	    931.80775486	  -2791.43710972	    878.99522364	      0.03739274	      0.10855620	     -0.44843961	     -0.24797283	      0.77821196	     -0.48748820
      2.46000000	   1170.12848264	  -3026.38946849	    974.56513380	      0.16621991	      0.12182542	     -0.58932538	     -0.24826708	      0.77599525	     -0.48748038
      2.46500000	   1489.22490993	  -3407.47915078	   1143.75787399	      0.33533312	      0.11638946	     -0.80109242	     -0.24839921	      0.77430485	     -0.48747581
      2.47000000	   1983.68525400	  -4038.40964035	   1422.63607328	      0.58325963	      0.11082471	     -1.13100678	     -0.24837061	      0.77314833	     -0.48747416
      2.47500000	   2408.52376819	  -4579.58935935	   1665.80500718	      0.83653078	      0.09114556	     -1.46932477	     -0.24818451	      0.77253027	     -0.48747493
      2.48000000	   2755.07382485	  -5005.96641192	   1865.97615123	      1.09931484	      0.05150293	     -1.80715683	     -0.24784571	      0.77245247	     -0.48747738
      2.48500000	   2950.44402795	  -5240.07317064	   1984.78946849	      1.32406761	     -0.00055170	     -2.09329833	     -0.24736023	      0.77291385	     -0.48748056
      2.49000000	   3018.30607179	  -5321.83939342	   2033.31043550	      1.50112297	     -0.05849950	     -2.32311877	     -0.24673505	      0.77391052	     -0.48748337
      2.49500000	   3030.91977137	  -5364.46933178	   2055.16257707	      1.66172351	     -0.14066424	     -2.52393552	     -0.24597763	      0.77543596	     -0.48748457
      2.50000000	   2890.91757883	  -5230.58135250	   1993.87017122	      1.67985980	     -0.15563850	     -2.59659871	     -0.24509566	      0.77748106	     -0.48748286
      2.50500000	   2623.73742808	  -4946.84161105	   1858.21054669	      1.58715812	     -0.14240485	     -2.54958144	     -0.24409659	      0.78003448	     -0.48747700
      2.51000000	   2244.62305527	  -4515.74340747	   1651.19513488	      1.42950733	     -0.15536773	     -2.39322821	     -0.24298744	      0.78308268	     -0.48746585
      2.51500000	   1843.08938364	  -4021.63880632	   1418.99158362	      1.22713615	     -0.18384617	     -2.16550220	     -0.24177450	      0.78661011	     -0.48744848
      2.52000000	   1416.87774277	  -3461.55363212	   1159.32313869	      0.94968634	     -0.26680963	     -1.85355432	     -0.24046319	      0.79059943	     -0.48742425
      2.52500000	   1060.51354804	  -2995.02740697	    956.92218507	      0.66444335	     -0.40064964	     -1.56277708	     -0.23905788	      0.79503171	     -0.48739288
      2.53000000	    821.37599464	  -2704.82192108	    847.75321412	      0.42272537	     -0.55469172	     -1.35726552	     -0.23756193	      0.79988643	     -0.48735444
      2.53500000	    653.07995901	  -2493.27677472	    775.82070414	      0.24122039	     -0.68400901	     -1.21566128	     -0.23597777	      0.80514163	     -0.48730940
      2.54000000	    545.29983117	  -2370.01090293	    736.24156418	      0.10873199	     -0.79412797	     -1.13885227	     -0.23430687	      0.81077400	     -0.48725856
      2.54500000	    474.16631980	  -2321.22653471	    726.23007820	     -0.01256517	     -0.91789021	     -1.10701844	     -0.23255021	      0.81675903	     -0.48720313
      2.55000000	    404.64830453	  -2221.80673337	    700.41024231	     -0.11943663	     -1.01621678	     -1.05603464	     -0.23070821	      0.82307063	     -0.48714443
      2.55500000	    342.67948929	  -2070.74612980	    654.17869204	     -0.18900568	     -1.05584702	     -0.98872496	     -0.22878131	      0.82968178	     -0.48708408
      2.56000000	    302.52138180	  -1957.84651176	    619.20798717	     -0.23245689	     -1.07550515	     -0.95101558	     -0.22677011	      0.83656415	     -0.48702374
      2.56500000	    262.70880340	  -1820.08171398	    575.07452704	     -0.26168564	     -1.06289108	     -0.89889269	     -0.22467573	      0.84368830	     -0.48696500
      2.57000000	    223.25651988	  -1655.76679223	    521.64333406	     -0.27414485	     -1.01286168	     -0.83035558	     -0.22250019	      0.85102372	     -0.48690940
      2.57500000	    185.30975719	  -1478.80612259	    463.56243915	     -0.26901131	     -0.92933486	     -0.75230507	     -0.22024668	      0.85853899	     -0.48685826
      2.58000000	    152.05917380	  -1314.15843883	    410.38529759	     -0.26954343	     -0.83745037	     -0.66652018	     -0.21791981	      0.86620192	     -0.48681265
      2.58500000	    121.81639431	  -1107.31798918	    342.68380019	     -0.22295821	     -0.67327845	     -0.55952913	     -0.21552588	      0.87397973	     -0.48677335
      2.59000000	     96.52641464	   -928.77694065	    284.09956507	     -0.18401693	     -0.51476387	     -0.45665436	     -0.21307299	      0.88183927	     -0.48674079
      2.59500000	     77.31759363	   -748.92373386	    224.81910407	     -0.12593602	     -0.33019509	     -0.34557173	     -0.21057117	      0.88974707	     -0.48671505
      2.60000000	     64.69237458	   -600.40183811	    176.69123686	     -0.07956712	     -0.16414743	     -0.23894523	     -0.20803234	      0.89766984	     -0.48669591
      2.60500000	     59.64624629	   -465.68349104	    134.86415834	     -0.01625839	      0.00498224	     -0.13349863	     -0.20547023	      0.90557452	     -0.48668283
      2.61000000	     58.32368286	   -379.51763364	    116.17810127	      0.01898012	      0.10260765	     -0.05063256	     -0.20290021	      0.91342858	     -0.48667503
      2.61500000	     69.93360361	   -366.81107303	    126.86459770	      0.03200350	      0.09771979	      0.00256189	     -0.20033899	      0.92120027	     -0.48667154
      2.62000000	     52.04889581	   -399.59578958	    158.04155545	      0.14467524	     -0.17419261	      0.02815965	     -0.19780430	      0.92885887	     -0.48667127
      2.62500000	     16.64426367	   -444.18183647	    194.14380765	      0.27280207	     -0.52564928	      0.03981026	     -0.19531440	      0.93637491	     -0.48667307
      2.63000000	    -41.92216865	   -479.73624586	    216.98238991	      0.32936295	     -0.81584174	      0.10159228	     -0.19288763	      0.94372045	     -0.48667581
      2.63500000	   -104.19422436	   -493.56396223	    225.90267108	      0.32786939	     -1.01392695	      0.18336075	     -0.19054184	      0.95086930	     -0.48667844
      2.64000000	   -151.21228327	   -500.60254342	    233.04611877	      0.33259914	     -1.19387862	      0.23861697	     -0.18829389	      0.95779726	     -0.48668008
      2.64500000	   -180.46653609	   -523.84670504	    240.33773664	      0.31430335	     -1.30589576	      0.28835697	     -0.18615909	      0.96448230	     -0.48668002
      2.65000000	   -203.00912340	   -588.66397915	    266.42314742	      0.35056002	     -1.53757005	      0.31760472	     -0.18415077	      0.97090477	     -0.48667779
      2.65500000	   -225.99294705	   -694.43851894	    312.25202246	      0.43131063	     -1.87522898	      0.33909267	     -0.18227984	      0.97704751	     -0.48667318
      2.66000000	   -229.48810541	   -675.24731008	    305.69248414	      0.42419349	     -1.89448647	      0.32791016	     -0.18055458	      0.98289599	     -0.48666622
      2.66500000	   -229.79037850	   -689.79391514	    311.29937622	      0.41396203	     -1.86467060	      0.33123294	     -0.17898045	      0.98843834	     -0.48665722
      2.67000000	   -227.55843586	   -681.88710216	    310.38924082	      0.41299904	     -1.84495716	      0.32047279	     -0.17756013	      0.99366539	     -0.48664673
      2.67500000	   -215.97381013	   -631.49109977	    282.71094844	      0.33744597	     -1.63114594	      0.32346717	     -0.17629361	      0.99857082	     -0.48663548
      2.68000000	   -206.45649064	   -597.03309783	    268.41733139	      0.31425647	     -1.53851362	      0.30959503	     -0.17517851	      1.00315037	     -0.48662430
      2.68500000	   -203.63866875	   -562.53084090	    258.23350453	      0.30194108	     -1.48213182	      0.30481151	     -0.17421045	      1.00740258	     -0.48661411
      2.69000000	   -185.25520682	   -507.68314369	    227.13712805	      0.21865526	     -1.22002868	      0.30492640	     -0.17338346	      1.01132795	     -0.48660583
      2.69500000	   -169.52384127	   -487.17919847	    217.52801429	      0.20129360	     -1.10403366	      0.28763262	     -0.17269072	      1.01492895	     -0.48660036
      2.70000000	   -155.98924111	   -484.10017544	    209.45151371	      0.16127492	     -0.96635715	      0.28559459	     -0.17212452	      1.01820948	     -0.48659831
      2.70500000	   -147.51225317	   -459.21224111	    187.57525426	      0.08504788	     -0.80112516	      0.28718438	     -0.17167743	      1.02117490	     -0.48660022
      2.71000000	   -141.37345927	   -464.58093413	    181.18580336	      0.04653183	     -0.73078929	      0.29286140	     -0.17134221	      1.02383150	     -0.48660634
      2.71500000	   -138.06925467	   -464.36885358	    177.83968109	      0.02234801	     -0.68439815	      0.29608702	     -0.17111232	      1.02618603	     -0.48661663
      2.72000000	   -129.30642863	   -454.64756357	    167.85538873	     -0.01354916	     -0.61122984	      0.29078027	     -0.17098217	      1.02824568	     -0.48663074
      2.72500000	   -124.35106700	   -432.48391981	    156.89831490	     -0.04536537	     -0.54176033	      0.28649908	     -0.17094716	      1.03001758	     -0.48664802
      2.73000000	   -118.89493571	   -430.40400883	    155.73516418	     -0.06277001	     -0.49585565	      0.28199178	     -0.17100382	      1.03150889	     -0.48666758
      2.73500000	   -113.88520849	   -401.35835391	    140.40148943	     -0.10835889	     -0.40351672	      0.27887651	     -0.17114968	      1.03272593	     -0.48668815
      2.74000000	   -108.34067917	   -391.44551259	    138.00454204	     -0.12277833	     -0.37103703	      0.27077411	     -0.17138317	      1.03367472	     -0.48670836
      2.74500000	   -107.36666069	   -376.51200381	    134.65834258	     -0.12177530	     -0.35843929	      0.27043058	     -0.17170354	      1.03436041	     -0.48672657
      2.75000000	   -100.79316922	   -357.98744174	    130.48108430	     -0.13563361	     -0.31092277	      0.25562544	     -0.17211047	      1.03478726	     -0.48674109
      2.75500000	    -99.17163985	   -344.78725440	    127.58725090	     -0.12654212	     -0.30910191	      0.25421540	     -0.17260399	      1.03495871	     -0.48675015
      2.76000000	    -96.80536011	   -339.18841471	    130.76554735	     -0.08930347	     -0.34204259	      0.24664989	     -0.17318425	      1.03487712	     -0.48675199
      2.76500000	    -93.07325568	   -321.20622848	    124.34418870	     -0.08536020	     -0.32382001	      0.24169559	     -0.17385126	      1.03454399	     -0.48674495
      2.77000000	    -95.18927534	   -323.60278041	    131.25402159	     -0.06018459	     -0.35356313	      0.24585234	     -0.17460475	      1.03395978	     -0.48672748
      2.77500000	    -90.97974852	   -310.94908114	    126.86616941	     -0.03294353	     -0.39055478	      0.24122291	     -0.17544389	      1.03312441	     -0.48669833
      2.78000000	    -87.35855570	   -310.18790405	    127.13314801	     -0.02229552	     -0.38641619	      0.24119746	     -0.17636743	      1.03203649	     -0.48665635
      2.78500000	    -95.25824118	   -332.79227067	    139.55556207	     -0.00209924	     -0.45900927	      0.27466001	     -0.17737342	      1.03069435	     -0.48660082
      2.79000000	    -91.75026119	   -331.52290359	    141.52836413	      0.03919386	     -0.51073959	      0.27288552	     -0.17845925	      1.02909549	     -0.48653130
      2.79500000	    -94.20490423	   -348.41198045	    146.86987851	      0.03859581	     -0.53486354	      0.30295764	     -0.17962174	      1.02723689	     -0.48644768
      2.80000000	    -93.69380094	   -352.11184221	    150.61624672	      0.06863715	     -0.58136254	      0.31416787	     -0.18085713	      1.02511513	     -0.48635022
      2.80500000	    -93.04434714	   -359.06737831	    155.33864282	      0.09860013	     -0.63738724	      0.32874436	     -0.18216116	      1.02272656	     -0.48623955
      2.81000000	    -94.94099805	   -374.01058928	    159.39313138	      0.09464435	     -0.65401743	      0.36539250	     -0.18352922	      1.02006732	     -0.48611661
      2.81500000	    -96.45208277	   -387.86061422	    167.73264872	      0.12990142	     -0.72921577	      0.39178801	     -0.18495643	      1.01713354	     -0.48598268
      2.82000000	    -98.13502474	   -398.27523989	    170.00816658	      0.11475725	     -0.73944316	      0.43178024	     -0.18643785	      1.01392159	     -0.48583931
      2.82500000	   -101.76439384	   -412.79669327	    176.35305541	      0.13412546	     -0.83127546	      0.47529768	     -0.18796857	      1.01042771	     -0.48568812
      2.83000000	   -104.66521290	   -432.62259349	    180.42115746	      0.09908892	     -0.83964044	      0.53406522	     -0.18954380	      1.00664920	     -0.48553114
      2.83500000	   -109.92424630	   -454.78659784	    188.64233519	      0.09167966	     -0.90983165	      0.59889527	     -0.19115902	      1.00258358	     -0.48537031
      2.84000000	   -118.76637339	   -466.28596912	    194.49228198	      0.07411730	     -0.98525693	      0.67243773	     -0.19281009	      0.99822935	     -0.48520778
      2.84500000	   -125.77475959	   -497.75106150	    205.61978872	      0.05132158	     -1.06288607	      0.76245026	     -0.19449323	      0.99358594	     -0.48504549
      2.85000000	   -130.07696573	   -522.61269553	    211.97047998	     -0.00451420	     -1.08710358	      0.84835680	     -0.19620510	      0.98865403	     -0.48488540
      2.85500000	    -73.39557274	   -426.60537731	    170.13146677	      0.06979991	     -0.78583161	      0.56945432	     -0.19794279	      0.98343575	     -0.48472938
      2.86000000	     77.46796970	   -785.42500184	    349.74031024	      0.79001573	     -1.56702053	      0.24515420	     -0.19970379	      0.97793488	     -0.48457917
      2.86500000	     82.16181063	  -1061.26175657	    461.89582623	      1.23807778	     -2.88087432	      0.46216982	     -0.20148597	      0.97215692	     -0.48443619
      2.87000000	     81.38536564	  -1229.13389455	    505.90437806	      1.23054419	     -3.17288180	      0.80464541	     -0.20328748	      0.96610942	     -0.48430177
      2.87500000	    168.02430790	  -1231.33941499	    486.28979277	      1.14377451	     -2.71487472	      0.56597155	     -0.20510675	      0.95980202	     -0.48417702
      2.88000000	    204.57405087	   -986.41501904	    349.04940480	      0.64136502	     -1.37250257	      0.27587132	     -0.20694231	      0.95324665	     -0.48406263
      2.88500000	    150.54600348	   -645.26137424	    185.86090050	      0.05585595	     -0.16827049	      0.16572957	     -0.20879282	      0.94645759	     -0.48395921
      2.89000000	     48.94871054	   -492.15823868	    172.35358589	     -0.09086254	     -0.00253891	      0.00777732	     -0.21065687	      0.93945157	     -0.48386705
      2.89500000	     91.38349801	   -653.90697314	    204.48085222	     -0.03545761	      0.05049102	     -0.05693908	     -0.21253292	      0.93224777	     -0.48378618
      2.90000000	    149.03207349	   -846.87578309	    262.85105156	     -0.02674719	      0.06367348	     -0.08174885	     -0.21441917	      0.92486787	     -0.48371639
      2.90500000	    116.33487113	   -902.10583479	    297.70629586	     -0.06017107	      0.04638025	     -0.08742670	     -0.21631353	      0.91733578	     -0.48365723
      2.91000000	     61.18470566	   -831.72950768	    285.09803510	     -0.08284232	      0.01351063	     -0.07820360	     -0.21821334	      0.90967812	     -0.48360805
      2.91500000	     59.69381625	   -850.93772492	    287.73785425	     -0.10209890	     -0.02909651	     -0.05866312	     -0.22011541	      0.90192346	     -0.48356799
      2.92000000	    115.21834240	  -1068.61457360	    356.81651748	     -0.15821438	     -0.06349068	     -0.02712875	     -0.22201593	      0.89410234	     -0.48353597
      2.92500000	    168.03540195	  -1249.11598627	    411.79148131	     -0.19715972	     -0.08903968	     -0.00527472	     -0.22391037	      0.88624681	     -0.48351066
      2.93000000	    171.75752066	  -1354.10705234	    442.13584297	     -0.19735892	     -0.09286552	     -0.02729438	     -0.22579332	      0.87839133	     -0.48349107
      2.93500000	    141.30133903	  -1415.13160022	    459.52315393	     -0.17134874	     -0.08149457	     -0.08177789	     -0.22765860	      0.87057061	     -0.48347565
      2.94000000	    136.92659957	  -1484.00641024	    481.68609121	     -0.14851320	     -0.06954650	     -0.12539039	     -0.22949914	      0.86282066	     -0.48346312
      2.94500000	    151.43223358	  -1564.57093006	    505.92695468	     -0.13764065	     -0.07042529	     -0.15245582	     -0.23130702	      0.85517778	     -0.48345212
      2.95000000	    177.99708408	  -1620.49474737	    517.59857723	     -0.12969541	     -0.07538534	     -0.16367411	     -0.23307344	      0.84767847	     -0.48344144
      2.95500000	    217.01371112	  -1616.57614273	    502.37549866	     -0.11273992	     -0.08048469	     -0.15943065	     -0.23478882	      0.84035895	     -0.48342999
      2.96000000	    258.93969638	  -1585.55252443	    476.93537220	     -0.09588973	     -0.08354813	     -0.14629502	     -0.23644291	      0.83325484	     -0.48341685
      2.96500000	    298.52680428	  -1560.69207170	    456.41005045	     -0.08535213	     -0.08480664	     -0.13123284	     -0.23802491	      0.82640088	     -0.48340130
      2.97000000	    339.45394657	  -1487.16877101	    417.51661966	     -0.05361466	     -0.07947070	     -0.12381479	     -0.23952368	      0.81983063	     -0.48338282
      2.97500000	    377.80975028	  -1434.61181827	    389.43544195	     -0.02107349	     -0.07210681	     -0.12653075	     -0.24092803	      0.81357608	     -0.48336107
      2.98000000	    416.33984499	  -1417.30143717	    377.92258603	      0.00653103	     -0.06719034	     -0.13610687	     -0.24222692	      0.80766792	     -0.48333606
      2.98500000	    460.78587981	  -1418.79659636	    374.66110378	      0.04078416	     -0.06953581	     -0.15401103	     -0.24340986	      0.80213451	     -0.48330763
      2.99000000	    504.93557416	  -1472.27534273	    392.11652315	      0.06541862	     -0.07675861	     -0.17897902	     -0.24446711	      0.79700292	     -0.48327604
      2.99500000	    545.11551005	  -1604.04088720	    437.98913610	      0.05813394	     -0.05709135	     -0.20833909	     -0.24539012	      0.79229750	     -0.48324132
      3.00000000	    641.74388260	  -1851.40653139	    527.47390424	      0.07971076	     -0.04445308	     -0.28366040	     -0.24617171	      0.78804076	     -0.48320363
      3.00500000	    755.92971739	  -2168.71869708	    645.30224040	      0.12521120	     -0.02719471	     -0.40831450	     -0.24680629	      0.78425309	     -0.48316298
      3.01000000	    867.00631859	  -2497.75279513	    771.05997398	      0.18901184	     -0.01002369	     -0.56372481	     -0.24729012	      0.78095240	     -0.48311923
      3.01500000	    991.91616564	  -2810.14658066	    898.17722226	      0.27406985	      0.00493098	     -0.74032071	     -0.24762136	      0.77815396	     -0.48307207
      3.02000000	   1156.16259011	  -3102.79551126	   1021.33484296	      0.36666991	      0.02246944	     -0.91110442	     -0.24780006	      0.77587076	     -0.48302095
      3.02500000	   1312.37917719	  -3317.22535571	   1107.21542634	      0.42503270	      0.04019131	     -1.01878929	     -0.24782812	      0.77411294	     -0.48296515
      3.03000000	   1693.15355549	  -3749.17550769	   1279.13452818	      0.54453376	      0.06958951	     -1.18512220	     -0.24770910	      0.77288829	     -0.48290376
      3.03500000	   2048.32660240	  -4129.80921761	   1433.86644490	      0.67796963	      0.08591752	     -1.35785619	     -0.24744805	      0.77220142	     -0.48283573
      3.04000000	   2299.40297333	  -4391.35542959	   1545.36372744	      0.81187325	      0.08817660	     -1.52643786	     -0.24705113	      0.77205424	     -0.48275994
      3.04500000	   2454.53945446	  -4547.41877493	   1620.23978427	      0.95192937	      0.07476196	     -1.69729090	     -0.24652537	      0.77244591	     -0.48267523
      3.05000000	   2462.60358366	  -4546.92523287	   1632.47132498	      1.05449797	      0.05019711	     -1.82535749	     -0.24587824	      0.77337276	     -0.48258050
      3.05500000	   2366.25211427	  -4443.15975339	   1597.82395382	      1.10756571	      0.02367292	     -1.90197618	     -0.24511738	      0.77482848	     -0.48247475
      3.06000000	   2210.65254385	  -4270.42420829	   1529.43335048	      1.11540493	     -0.00163318	     -1.92215744	     -0.24425020	      0.77680424	     -0.48235715
      3.06500000	   1961.26871596	  -3983.34805582	   1404.15394162	      1.03905217	     -0.02153344	     -1.84056240	     -0.24328367	      0.77928867	     -0.48222709
      3.07000000	   1664.67683926	  -3604.84869032	   1239.57097361	      0.91474617	     -0.04044551	     -1.68096672	     -0.24222407	      0.78226834	     -0.48208419
      3.07500000	   1325.72326202	  -3155.96327777	   1043.91965015	      0.73421135	     -0.08018888	     -1.45285995	     -0.24107681	      0.78572772	     -0.48192837
      3.08000000	   1095.30493282	  -2848.10003451	    912.52549034	      0.60099181	     -0.14060327	     -1.30030081	     -0.23984630	      0.78964942	     -0.48175984
      3.08500000	    870.04697809	  -2549.09466729	    791.95603797	      0.43524579	     -0.23356163	     -1.13129251	     -0.23853605	      0.79401432	     -0.48157909
      3.09000000	    724.64856397	  -2367.00771606	    727.53493771	      0.30895089	     -0.32647884	     -1.02524709	     -0.23714857	      0.79880173	     -0.48138685
      3.09500000	    609.35950021	  -2233.64003180	    683.84110754	      0.19633162	     -0.41984139	     -0.94943866	     -0.23568562	      0.80398951	     -0.48118415
      3.10000000	    535.75363669	  -2149.03763081	    657.43899661	      0.12332815	     -0.49245381	     -0.91720926	     -0.23414829	      0.80955413	     -0.48097219
      3.10500000	    448.84941181	  -2054.91629876	    629.16579105	      0.03368603	     -0.58460402	     -0.88669634	     -0.23253726	      0.81547072	     -0.48075232
      3.11000000	    364.79876436	  -1946.62536993	    599.04971419	     -0.06695708	     -0.68362730	     -0.84325522	     -0.23085303	      0.82171309	     -0.48052600
      3.11500000	    313.09873986	  -1867.97956860	    578.76576649	     -0.13452705	     -0.75872221	     -0.82702861	     -0.22909620	      0.82825381	     -0.48029468
      3.12000000	    271.47976127	  -1813.47130555	    566.63221554	     -0.21351061	     -0.84194741	     -0.81230864	     -0.22726786	      0.83506442	     -0.48005999
      3.12500000	    235.90662475	  -1736.06207293	    545.23291574	     -0.27730605	     -0.89374009	     -0.78305441	     -0.22536964	      0.84211510	     -0.47982325
      3.13000000	    198.43852957	  -1629.57668963	    514.63146879	     -0.32907087	     -0.91972783	     -0.74308924	     -0.22340426	      0.84937523	     -0.47958594
      3.13500000	    165.18999204	  -1497.73293030	    474.22049061	     -0.35460321	     -0.90224261	     -0.69103948	     -0.22137556	      0.85681313	     -0.47934930
      3.14000000	    138.45502744	  -1371.99249161	    435.93325809	     -0.37838313	     -0.87024959	     -0.63117140	     -0.21928877	      0.86439636	     -0.47911449
      3.14500000	    110.22719056	  -1213.48397498	    385.69407001	     -0.37037682	     -0.78150940	     -0.55737872	     -0.21715065	      0.87209195	     -0.47888255
      3.15000000	     90.22219301	  -1059.91295157	    336.24734405	     -0.34859508	     -0.66710498	     -0.47516828	     -0.21496957	      0.87986648	     -0.47865435
      3.15500000	     81.09726161	   -926.49603292	    292.55912823	     -0.32079141	     -0.54425677	     -0.38802474	     -0.21275543	      0.88768635	     -0.47843061
      3.16000000	     78.42287821	   -790.49886189	    246.78176065	     -0.27214390	     -0.39272913	     -0.29060421	     -0.21051982	      0.89551810	     -0.47821205
      3.16500000	     78.57825643	   -636.25323680	    194.16108484	     -0.18879956	     -0.20461779	     -0.18374711	     -0.20827561	      0.90332853	     -0.47799915
      3.17000000	     76.43054606	   -502.24803573	    150.39379560	     -0.11543494	     -0.04743707	     -0.09207046	     -0.20603685	      0.91108507	     -0.47779235
      3.17500000	     73.50577490	   -398.30126035	    121.26986577	     -0.03620744	      0.10501856	      0.00051272	     -0.20381848	      0.91875601	     -0.47759197
      3.18000000	     76.15443969	   -395.77085465	    136.64650031	      0.02645380	      0.03836292	      0.04204151	     -0.20163591	      0.92631062	     -0.47739819
      3.18500000	     38.04648228	   -447.54907344	    183.94579672	      0.25401540	     -0.48639890	      0.04727108	     -0.19950469	      0.93371969	     -0.47721122
      3.19000000	    -23.37233566	   -503.53077899	    225.07217538	      0.40113240	     -0.94197372	      0.09290564	     -0.19743999	      0.94095561	     -0.47703115
      3.19500000	    -88.31812685	   -553.97763151	    260.32268183	      0.51104069	     -1.36228537	      0.14966253	     -0.19545616	      0.94799258	     -0.47685803
      3.20000000	   -143.51171408	   -577.53605684	    278.47637905	      0.55461426	     -1.63597966	      0.20744573	     -0.19356627	      0.95480691	     -0.47669186
      3.20500000	   -178.53287365	   -583.62806138	    286.84824552	      0.56781790	     -1.79860632	      0.24246047	     -0.19178169	      0.96137717	     -0.47653262
      3.21000000	   -204.44205137	   -628.46448421	    309.37754039	      0.61909307	     -2.06529705	      0.26531489	     -0.19011172	      0.96768442	     -0.47638026
      3.21500000	   -216.88329291	   -679.21374702	    324.98031151	      0.61501617	     -2.19069800	      0.29847971	     -0.18856328	      0.97371228	     -0.47623472
      3.22000000	   -224.18593280	   -705.68709376	    332.06800914	      0.60605379	     -2.26588638	      0.31364835	     -0.18714077	      0.97944704	     -0.47609596
      3.22500000	   -225.22643007	   -734.42916701	    340.02599222	      0.59471963	     -2.30948167	      0.32283879	     -0.18584599	      0.98487771	     -0.47596392
      3.23000000	   -221.24332999	   -698.20201111	    322.91878212	      0.54071659	     -2.19955472	      0.32039457	     -0.18467821	      0.98999599	     -0.47583857
      3.23500000	   -214.05753305	   -669.33165422	    310.41289673	      0.50262091	     -2.10000731	      0.31044239	     -0.18363441	      0.99479637	     -0.47571992
      3.24000000	   -200.31227821	   -621.40854628	    282.02145229	      0.41224121	     -1.86477210	      0.31351736	     -0.18270956	      0.99927566	     -0.47560797
      3.24500000	   -178.88254194	   -533.24098234	    231.01976437	      0.26646100	     -1.49811375	      0.31811542	     -0.18189707	      1.00343306	     -0.47550275
      3.25000000	   -167.86181529	   -480.64537180	    208.48721434	      0.21935333	     -1.36245822	      0.30269781	     -0.18118927	      1.00726985	     -0.47540428
      3.25500000	   -141.50317375	   -422.84364292	    171.62000042	      0.10972348	     -1.05565921	      0.29087984	     -0.18057801	      1.01078919	     -0.47531256
      3.26000000	   -125.42615342	   -396.79722311	    149.21273568	      0.00705055	     -0.83024466	      0.27700751	     -0.18005515	      1.01399564	     -0.47522756
      3.26500000	   -117.35072259	   -410.52024442	    149.16948533	     -0.06272312	     -0.75726976	      0.27478810	     -0.17961308	      1.01689494	     -0.47514916
      3.27000000	   -104.74011934	   -412.21883749	    144.77955629	     -0.15427454	     -0.64936017	      0.26383966	     -0.17924524	      1.01949354	     -0.47507719
      3.27500000	    -93.00235541	   -427.52464083	    154.56397816	     -0.25674702	     -0.52137619	      0.24359329	     -0.17894634	      1.02179862	     -0.47501133
      3.28000000	    -89.62942588	   -426.35289095	    155.79274720	     -0.28487278	     -0.45702480	      0.23465182	     -0.17871276	      1.02381710	     -0.47495116
      3.28500000	    -83.59306821	   -423.73998603	    157.09017216	     -0.31719632	     -0.38206372	      0.21758028	     -0.17854255	      1.02555624	     -0.47489613
      3.29000000	    -83.43158562	   -421.82903371	    158.30292357	     -0.33144039	     -0.31671860	      0.20921045	     -0.17843546	      1.02702221	     -0.47484542
      3.29500000	    -81.41192607	   -402.15815131	    150.94312614	     -0.31606363	     -0.26750577	      0.19944948	     -0.17839290	      1.02822139	     -0.47479829
      3.30000000	    -80.76873996	   -380.94549112	    142.93336008	     -0.30103641	     -0.21221309	      0.19243797	     -0.17841761	      1.02915885	     -0.47475371
      3.30500000	    -76.35572690	   -360.62962025	    133.94684510	     -0.27779330	     -0.16050257	      0.18003833	     -0.17851345	      1.02983889	     -0.47471060
      3.31000000	    -70.95102790	   -326.21056879	    118.87949996	     -0.23600704	     -0.11712301	      0.16602568	     -0.17868500	      1.03026487	     -0.47466778
      3.31500000	    -67.31669245	   -308.44372411	    108.05908762	     -0.19364228	     -0.07809094	      0.16155102	     -0.17893718	      1.03043919	     -0.47462402
      3.32000000	    -63.91491873	   -301.20495657	    101.29545596	     -0.17431485	     -0.02433091	      0.16208904	     -0.17927483	      1.03036324	     -0.47457804
      3.32500000	    -65.82068864	   -305.99051383	    107.01360776	     -0.07206301	     -0.01258641	      0.15798995	     -0.17970232	      1.03003752	     -0.47452862
      3.33000000	    -61.71527862	   -318.39051824	    110.30675325	     -0.03543061	     -0.01330974	      0.16297081	     -0.18022321	      1.02946165	     -0.47447457
      3.33500000	    -59.13864044	   -333.71876771	    118.35989219	     -0.00594764	     -0.02069545	      0.16277198	     -0.18083996	      1.02863449	     -0.47441477
      3.34000000	    -58.80595327	   -354.11992437	    133.74325032	      0.05007667	     -0.08529939	      0.16191241	     -0.18155367	      1.02755426	     -0.47434827
      3.34500000	    -57.88184655	   -368.99030982	    141.34934996	      0.07026027	     -0.09174718	      0.17140615	     -0.18236398	      1.02621859	     -0.47427427
      3.35000000	    -54.47070748	   -389.15613845	    151.35784592	      0.10143342	     -0.13883540	      0.17611790	     -0.18326900	      1.02462467	     -0.47419219
      3.35500000	    -54.55880745	   -393.06671670	    153.87395850	      0.11274042	     -0.14041465	      0.19063029	     -0.18426531	      1.02276934	     -0.47410168
      3.36000000	    -54.79647749	   -410.61188820	    163.12375787	      0.13890125	     -0.20195474	      0.21123590	     -0.18534812	      1.02064919	     -0.47400262
      3.36500000	    -55.23522534	   -418.68609000	    168.58750151	      0.15556228	     -0.24428414	      0.23105253	     -0.18651140	      1.01826079	     -0.47389525
      3.37000000	    -56.58927162	   -411.83718135	    164.03603066	      0.14094914	     -0.23716014	      0.25712150	     -0.18774813	      1.01560059	     -0.47378003
      3.37500000	    -56.35919409	   -420.18855466	    166.89183407	      0.15171355	     -0.31608450	      0.28285395	     -0.18905060	      1.01266515	     -0.47365773
      3.38000000	    -59.88342682	   -420.15709063	    167.03124731	      0.14351186	     -0.37988536	      0.32014850	     -0.19041064	      1.00945123	     -0.47352929
      3.38500000	    -65.27886106	   -411.18199495	    161.96690315	      0.10545110	     -0.40562736	      0.36910429	     -0.19181998	      1.00595623	     -0.47339617
      3.39000000	    -71.25913127	   -404.45537367	    156.94684756	      0.05450129	     -0.45350138	      0.42739501	     -0.19327048	      1.00217777	     -0.47325971
      3.39500000	    -80.72806086	   -398.89267212	    150.29813206	     -0.03067015	     -0.48029973	      0.50811998	     -0.19475445	      0.99811436	     -0.47312157
      3.40000000	    -98.71115488	   -424.90269688	    161.36316719	     -0.06027310	     -0.67383782	      0.62015081	     -0.19626485	      0.99376529	     -0.47298360
      3.40500000	   -105.15658751	   -454.64271304	    170.49040275	     -0.15201292	     -0.71437235	      0.71772710	     -0.19779543	      0.98913096	     -0.47284749
      3.41000000	     14.93022321	   -467.19103185	    148.74003147	     -0.29108050	     -0.03248558	      0.34310028	     -0.19934092	      0.98421303	     -0.47271503
      3.41500000	     81.65565648	   -444.64640985	    159.89907195	      0.17504189	     -0.12798204	      0.01600264	     -0.20089707	      0.97901459	     -0.47258793
      3.42000000	     63.21395871	   -688.98008987	    269.15380048	      0.66019195	     -1.67159593	      0.17621367	     -0.20246071	      0.97354031	     -0.47246773
      3.42500000	     87.88510602	   -732.14527633	    253.29408154	      0.52006527	     -1.48868667	      0.26976450	     -0.20402974	      0.96779671	     -0.47235576
      3.43000000	    152.34827260	   -751.93733203	    272.01971153	      0.60395150	     -1.40428576	      0.05641928	     -0.20560305	      0.96179217	     -0.47225311
      3.43500000	    149.60134693	   -675.91895446	    231.04173902	      0.47588701	     -1.10218090	      0.01305726	     -0.20718051	      0.95553713	     -0.47216069
      3.44000000	     91.69020922	   -476.88445997	    145.43791162	      0.06309544	     -0.33140134	     -0.02141077	     -0.20876277	      0.94904409	     -0.47207882
      3.44500000	     83.80049205	   -452.75721908	    140.24257514	      0.06299006	     -0.23854030	     -0.04850139	     -0.21035121	      0.94232780	     -0.47200764
      3.45000000	    142.61397598	   -545.54686651	    191.78090629	      0.29821051	     -0.63281490	     -0.08842215	     -0.21194775	      0.93540521	     -0.47194690
      3.45500000	    156.46148950	   -597.97400820	    204.80544363	      0.32347784	     -0.70545550	     -0.09670411	     -0.21355467	      0.92829551	     -0.47189596
      3.46000000	    160.41576728	   -631.22433702	    196.15788213	      0.27980649	     -0.71538289	     -0.09123655	     -0.21517447	      0.92102018	     -0.47185386
      3.46500000	    187.77276214	   -719.42071076	    209.91438315	      0.31010485	     -0.83651498	     -0.08792113	     -0.21680969	      0.91360267	     -0.47181935
      3.47000000	    217.06633856	   -814.52175884	    220.44544721	      0.30183463	     -0.86898274	     -0.07447002	     -0.21846265	      0.90606883	     -0.47179085
      3.47500000	    236.10223049	   -923.15424052	    228.97061599	      0.09152568	     -0.51478215	     -0.01246685	     -0.22013532	      0.89844633	     -0.47176665
      3.48000000	    259.58102816	  -1110.68224049	    292.28910784	     -0.13917478	     -0.10820781	      0.05679592	     -0.22182915	      0.89076472	     -0.47174485
      3.48500000	    223.57758324	  -1171.16499778	    310.91345869	     -0.13501934	     -0.08800902	      0.02039464	     -0.22354476	      0.88305532	     -0.47172353
      3.49000000	    168.12950411	  -1252.61950521	    336.35982031	     -0.12276182	     -0.05734624	     -0.03289491	     -0.22528186	      0.87535090	     -0.47170081
      3.49500000	    142.11127086	  -1367.73204668	    370.11126234	     -0.11899579	     -0.03079305	     -0.07013985	     -0.22703898	      0.86768547	     -0.47167492
      3.50000000	    144.15648743	  -1505.06428676	    408.56427449	     -0.12666721	     -0.01413318	     -0.08843728	     -0.22881333	      0.86009405	     -0.47164429
      3.50500000	    156.75688277	  -1624.61010377	    436.66841918	     -0.13592668	     -0.00095415	     -0.09430445	     -0.23060061	      0.85261230	     -0.47160768
      3.51000000	    175.57040622	  -1717.89115493	    454.61128908	     -0.13658487	      0.01122133	     -0.10120144	     -0.23239498	      0.84527611	     -0.47156416
      3.51500000	    206.12446318	  -1733.05287909	    438.36516445	     -0.11365681	      0.02625909	     -0.10614872	     -0.23418886	      0.83812155	     -0.47151340
      3.52000000	    264.93087570	  -1646.13738283	    382.40301323	     -0.03602492	      0.04217730	     -0.13226727	     -0.23597316	      0.83118381	     -0.47145532
      3.52500000	    350.96144891	  -1625.65031954	    357.52304646	      0.06329243	      0.04979943	     -0.18745213	     -0.23773714	      0.82449756	     -0.47139046
      3.53000000	    493.42696727	  -1658.36616766	    416.22649036	      0.57172811	     -0.53955912	     -0.40564090	     -0.23946880	      0.81809595	     -0.47131979
      3.53500000	    693.33508064	  -2042.32509921	    550.97942905	      0.58786618	     -0.37195131	     -0.54894661	     -0.24115499	      0.81201058	     -0.47124458
      3.54000000	    642.35521363	  -2214.15671762	    582.15194257	      0.25668306	      0.06316712	     -0.50546960	     -0.24278185	      0.80627096	     -0.47116639
      3.54500000	    493.66963727	  -2271.20071095	    587.30916119	      0.02488405	      0.07061001	     -0.33473554	     -0.24433517	      0.80090436	     -0.47108694
      3.55000000	    482.37706651	  -2389.30062111	    628.37296730	     -0.14818059	      0.05731846	     -0.18986194	     -0.24580084	      0.79593530	     -0.47100787
      3.55500000	    534.47287706	  -2493.51738122	    678.20875999	     -0.24793904	      0.02646226	     -0.10933009	     -0.24716519	      0.79138579	     -0.47093074
      3.56000000	    616.68798576	  -2532.07659339	    690.84684552	     -0.25279320	      0.01377697	     -0.10383934	     -0.24841546	      0.78727486	     -0.47085686
      3.56500000	    706.28342212	  -2587.51937849	    698.87394715	     -0.20006054	      0.02843977	     -0.16621837	     -0.24954006	      0.78361877	     -0.47078723
      3.57000000	    852.61229614	  -2765.40875886	    750.16645030	     -0.11680883	      0.05242164	     -0.28905768	     -0.25052884	      0.78043102	     -0.47072258
      3.57500000	   1075.64022149	  -3025.28593105	    836.62018339	      0.00687453	      0.07211161	     -0.46327690	     -0.25137316	      0.77772252	     -0.47066332
      3.58000000	   1349.11540951	  -3352.93585811	    948.35157139	      0.15070263	      0.09524476	     -0.66749424	     -0.25206606	      0.77550169	     -0.47060960
      3.58500000	   1935.99354241	  -4127.42101020	   1222.18307068	      0.35240205	      0.14716900	     -0.99126147	     -0.25260223	      0.77377460	     -0.47056139
      3.59000000	   2553.54482107	  -4885.54113873	   1494.08007814	      0.57039822	      0.16983456	     -1.32230825	     -0.25297778	      0.77254542	     -0.47051852
      3.59500000	   2743.88932800	  -5062.38317751	   1564.56599720	      0.69268786	      0.14153626	     -1.49024947	     -0.25319024	      0.77181643	     -0.47048073
      3.60000000	   2858.73266291	  -5133.28187872	   1604.59316989	      0.82794019	      0.07799683	     -1.65319843	     -0.25323835	      0.77158823	     -0.47044779
      3.60500000	   2959.75960446	  -5201.83707946	   1647.11366929	      0.97316328	      0.00869895	     -1.83101552	     -0.25312180	      0.77186000	     -0.47041945
      3.61000000	   3048.21658309	  -5320.05722693	   1704.55392496	      1.15740261	     -0.10377548	     -2.06431658	     -0.25284109	      0.77262942	     -0.47039550
      3.61500000	   3105.94527024	  -5503.23728205	   1782.15729097	      1.20304369	     -0.04470046	     -2.28916749	     -0.25239734	      0.77389287	     -0.47037578
      3.62000000	   3110.92693121	  -5638.60242234	   1832.08714268	      1.28139181	     -0.05008675	     -2.52156429	     -0.25179216	      0.77564529	     -0.47036014
      3.62500000	   3037.65615692	  -5694.84788616	   1844.96529296	      1.33131095	     -0.06163554	     -2.75872704	     -0.25102743	      0.77788011	     -0.47034841
      3.63000000	   2952.48870297	  -5713.53498319	   1845.84539984	      1.39952596	     -0.09483325	     -2.99140786	     -0.25010541	      0.78058931	     -0.47034040
      3.63500000	   2874.61823901	  -5698.82197946	   1835.98074056	      1.45679359	     -0.16221205	     -3.16243640	     -0.24902847	      0.78376314	     -0.47033580
      3.64000000	   2674.69831267	  -5497.13005225	   1748.52774123	      1.39134286	     -0.18260600	     -3.07907896	     -0.24779936	      0.78739000	     -0.47033418
      3.64500000	   2258.22375371	  -4985.93517724	   1532.48331112	      1.17622867	     -0.18305038	     -2.72309489	     -0.24642112	      0.79145637	     -0.47033495
      3.65000000	   1809.46535459	  -4377.46322610	   1285.36030909	      0.94205856	     -0.24653392	     -2.38829344	     -0.24489712	      0.79594689	     -0.47033733
      3.65500000	   1353.07775802	  -3754.58051005	   1046.14142075	      0.61443879	     -0.40959061	     -1.99665605	     -0.24323131	      0.80084400	     -0.47034036
      3.66000000	   1000.51962097	  -3298.39622714	    892.58495317	      0.29420720	     -0.60800262	     -1.68158667	     -0.24142823	      0.80612819	     -0.47034290
      3.66500000	    784.09837616	  -3028.45925852	    803.31491113	      0.07764853	     -0.75987563	     -1.50820629	     -0.23949322	      0.81177789	     -0.47034367
      3.67000000	    615.80968295	  -2852.34670550	    747.16025560	     -0.13539323	     -0.93307724	     -1.39726808	     -0.23743246	      0.81776960	     -0.47034123
      3.67500000	    513.72928985	  -2710.07977681	    710.05617357	     -0.25060356	     -1.03785056	     -1.34862682	     -0.23525309	      0.82407797	     -0.47033406
      3.68000000	    429.64711033	  -2492.88634020	    648.13108611	     -0.27375918	     -1.01064738	     -1.26973268	     -0.23296336	      0.83067619	     -0.47032071
      3.68500000	    343.33703430	  -2258.41865364	    582.42154831	     -0.30844140	     -0.96760634	     -1.16414362	     -0.23057258	      0.83753578	     -0.47029963
      3.69000000	    259.99467530	  -2039.20994842	    522.89996620	     -0.36086924	     -0.92765093	     -1.05505210	     -0.22809113	      0.84462705	     -0.47026935
      3.69500000	    208.06478015	  -1817.56717492	    461.89020448	     -0.31116673	     -0.78393577	     -0.96621745	     -0.22553056	      0.85191934	     -0.47022856
      3.70000000	    159.20171662	  -1607.01830768	    405.34126572	     -0.27068681	     -0.64356299	     -0.87268526	     -0.22290340	      0.85938115	     -0.47017605
      3.70500000	    110.14735310	  -1390.32025006	    348.10365737	     -0.22178428	     -0.49270551	     -0.77594153	     -0.22022312	      0.86698039	     -0.47011081
      3.71000000	     70.48713115	  -1171.08391310	    289.96915717	     -0.15466913	     -0.32159408	     -0.66660537	     -0.21750400	      0.87468469	     -0.47003202
      3.71500000	     44.24143910	   -968.02551605	    236.41266515	     -0.08515233	     -0.15297014	     -0.54854781	     -0.21476094	      0.88246152	     -0.46993908
      3.72000000	     29.30060379	   -815.96321039	    198.12659300	     -0.03770239	     -0.02934836	     -0.44806320	     -0.21200925	      0.89027841	     -0.46983160
      3.72500000	     27.88276127	   -679.06038706	    164.56243820	      0.02039089	      0.09461219	     -0.33984582	     -0.20926477	      0.89810356	     -0.46970971
      3.73000000	     31.32964105	   -571.33359205	    140.38983630	      0.06566589	      0.18440732	     -0.24642544	     -0.20654292	      0.90590519	     -0.46957339
      3.73500000	     31.56692737	   -493.70856783	    128.06596501	      0.07153852	      0.18773576	     -0.18301539	     -0.20385921	      0.91365262	     -0.46942320
      3.74000000	     33.34301308	   -414.70122149	    118.55957686	      0.07742407	      0.15685336	     -0.12789896	     -0.20122858	      0.92131600	     -0.46925988
      3.74500000	     28.78941574	   -335.26003347	    106.68345356	      0.07186563	      0.12490093	     -0.07255739	     -0.19866522	      0.92886658	     -0.46908449
      3.75000000	     36.86242902	   -329.88361403	    115.69801944	      0.07461554	      0.05476926	     -0.02183617	     -0.19618232	      0.93627690	     -0.46889834
      3.75500000	     20.39389120	   -348.20088264	    137.67226397	      0.16196074	     -0.24493628	     -0.00295144	     -0.19379179	      0.94352094	     -0.46870302
      3.76000000	     -9.98698877	   -387.79418035	    165.31614840	      0.24053541	     -0.55409317	      0.00891734	     -0.19150401	      0.95057435	     -0.46850036
      3.76500000	    -81.11783140	   -425.51616448	    178.55206783	      0.21100781	     -0.78739411	      0.13024183	     -0.18932768	      0.95741457	     -0.46829244
      3.77000000	   -136.54308676	   -459.89812395	    189.06583237	      0.16575384	     -0.95596511	      0.23318003	     -0.18726952	      0.96402104	     -0.46808156
      3.77500000	   -176.10331797	   -511.26843530	    207.84114171	      0.16680706	     -1.19701322	      0.29309602	     -0.18533423	      0.97037535	     -0.46787019
      3.78000000	   -201.52666538	   -570.98186103	    222.40014464	      0.14033199	     -1.33544742	      0.34762650	     -0.18352437	      0.97646135	     -0.46766088
      3.78500000	   -215.97474173	   -637.24519426	    240.10429251	      0.13155822	     -1.48004365	      0.38545532	     -0.18184032	      0.98226520	     -0.46745624
      3.79000000	   -222.07434548	   -662.99693298	    239.55785518	      0.08723351	     -1.50818260	      0.41236856	     -0.18028045	      0.98777578	     -0.46725892
      3.79500000	   -226.98083890	   -692.13557371	    242.61412016	      0.04914785	     -1.50755520	      0.43777576	     -0.17884121	      0.99298429	     -0.46707144
      3.80000000	   -229.24017931	   -735.34149888	    265.99872689	      0.11174980	     -1.65546027	      0.43843547	     -0.17751737	      0.99788473	     -0.46689619
      3.80500000	   -216.87413264	   -684.72149469	    251.94371829	      0.11846761	     -1.59740863	      0.40947851	     -0.17630237	      1.00247334	     -0.46673525
      3.81000000	   -205.21926505	   -615.28717760	    227.10393735	      0.08791843	     -1.45601922	      0.38729518	     -0.17518862	      1.00674882	     -0.46659037
      3.81500000	   -195.33543409	   -582.47063041	    222.41878814	      0.11794358	     -1.43810713	      0.36036711	     -0.17416798	      1.01071252	     -0.46646298
      3.82000000	   -185.57007554	   -520.65026897	    196.38789511	      0.06922913	     -1.25518971	      0.34853586	     -0.17323218	      1.01436713	     -0.46635393
      3.82500000	   -173.80596231	   -466.43765632	    179.73179556	      0.05789685	     -1.13101413	      0.32038969	     -0.17237323	      1.01771748	     -0.46626359
      3.83000000	   -150.98171111	   -438.49816836	    172.35338458	      0.08564190	     -1.04724890	      0.27305452	     -0.17158384	      1.02076947	     -0.46619181
      3.83500000	   -132.21898634	   -416.47647816	    155.57004259	      0.05719843	     -0.88996453	      0.25332854	     -0.17085766	      1.02353020	     -0.46613791
      3.84000000	   -119.98971224	   -414.16431637	    145.88568668	      0.01855811	     -0.75456749	      0.24265586	     -0.17018970	      1.02600716	     -0.46610066
      3.84500000	   -108.05685286	   -408.88816922	    142.85331936	      0.03213295	     -0.70407897	      0.22020623	     -0.16957636	      1.02820800	     -0.46607840
      3.85000000	    -90.18920822	   -378.94297869	    126.65088988	      0.01533680	     -0.56976633	      0.19042324	     -0.16901561	      1.03014029	     -0.46606903
      3.85500000	    -75.56921165	   -352.27115795	    114.23139290	      0.00084862	     -0.44463761	      0.16285357	     -0.16850702	      1.03181107	     -0.46607025
      3.86000000	    -64.69041188	   -330.32004490	    109.24814068	      0.00259070	     -0.34525989	      0.13334640	     -0.16805152	      1.03322599	     -0.46607932
      3.86500000	    -51.66288051	   -310.88672618	     97.95409403	     -0.01767082	     -0.24266129	      0.11163742	     -0.16765140	      1.03439002	     -0.46609350
      3.87000000	    -43.05933674	   -293.50608941	     92.87737764	     -0.01666235	     -0.16709657	      0.08933068	     -0.16730996	      1.03530670	     -0.46610997
      3.87500000	    -38.87143219	   -286.34466577	     92.21056490	     -0.00322004	     -0.12860877	      0.07527100	     -0.16703131	      1.03597817	     -0.46612597
      3.88000000	    -36.08538997	   -282.41633873	     91.54523261	     -0.01044837	     -0.08189441	      0.06667300	     -0.16682000	      1.03640508	     -0.46613884
      3.88500000	    -35.47832449	   -273.56918269	     87.87302268	     -0.03200514	     -0.01144313	      0.07017596	     -0.16668074	      1.03658676	     -0.46614611
      3.89000000	    -36.64526101	   -284.31589826	     95.65584749	      0.01539671	     -0.06673412	      0.06946712	     -0.16661805	      1.03652109	     -0.46614558
      3.89500000	    -40.25016470	   -296.30988749	    101.82349131	      0.01919766	     -0.08280783	      0.08077580	     -0.16663600	      1.03620503	     -0.46613532
      3.90000000	    -44.49920459	   -316.40832241	    110.07723575	      0.02638043	     -0.12683760	      0.09859541	     -0.16673791	      1.03563443	     -0.46611372
      3.90500000	    -52.61233002	   -340.65296006	    124.89844892	      0.04750579	     -0.19734850	      0.12228958	     -0.16692618	      1.03480437	     -0.46607947
      3.91000000	    -56.08081737	   -359.79318631	    132.86807180	      0.05473447	     -0.24462241	      0.14500205	     -0.16720215	      1.03370954	     -0.46603158
      3.91500000	    -61.67796712	   -381.70160847	    148.58109784	      0.09190200	     -0.34044675	      0.16448502	     -0.16756594	      1.03234427	     -0.46596937
      3.92000000	    -66.84742614	   -410.52273191	    167.44526027	      0.13812886	     -0.46534631	      0.18821561	     -0.16801651	      1.03070289	     -0.46589241
      3.92500000	    -69.39947648	   -424.15947208	    175.52543108	      0.15500028	     -0.52659592	      0.21500533	     -0.16855166	      1.02877985	     -0.46580054
      3.93000000	    -73.61709593	   -444.23685780	    189.32517091	      0.18487258	     -0.62271263	      0.24523514	     -0.16916810	      1.02656998	     -0.46569378
      3.93500000	    -75.97342136	   -452.88700554	    195.43160697	      0.19998400	     -0.68858901	      0.27407191	     -0.16986165	      1.02406866	     -0.46557234
      3.94000000	    -80.25704021	   -469.93463321	    207.46113138	      0.22536689	     -0.78524899	      0.31056821	     -0.17062737	      1.02127199	     -0.46543661
      3.94500000	    -84.81498016	   -481.19450426	    215.11767432	      0.23959922	     -0.87274086	      0.35210738	     -0.17145981	      1.01817666	     -0.46528698
      3.95000000	    -90.88361694	   -487.10023581	    222.12581553	      0.26133708	     -0.98288800	      0.39408600	     -0.17235322	      1.01478046	     -0.46512404
      3.95500000	    -95.30606314	   -493.04464565	    225.62592619	      0.25965174	     -1.06747504	      0.44267263	     -0.17330173	      1.01108226	     -0.46494840
      3.96000000	   -102.37021636	   -494.33699397	    226.09499980	      0.22740076	     -1.12122773	      0.51045656	     -0.17429962	      1.00708205	     -0.46476075
      3.96500000	   -112.03920680	   -495.41874097	    226.92879317	      0.18263804	     -1.17068263	      0.59278062	     -0.17534152	      1.00278067	     -0.46456172
      3.97000000	    -79.39202970	   -506.60876926	    205.63782437	      0.08915483	     -0.94338830	      0.56795968	     -0.17642253	      0.99818056	     -0.46435203
      3.97500000	    -69.86496444	   -489.41994437	    187.56476083	     -0.01360819	     -0.75618434	      0.59158738	     -0.17753835	      0.99328553	     -0.46413247
      3.98000000	     -6.55278627	   -406.55327012	    173.27992041	      0.23714485	     -0.55728612	      0.20463938	     -0.17868540	      0.98810072	     -0.46390374
      3.98500000	     68.34393550	   -966.05813983	    418.11102144	      0.89206486	     -2.29981262	      0.21312833	     -0.17986086	      0.98263285	     -0.46366663
      3.99000000	     58.25462796	  -1047.41541588	    433.78608073	      0.85979081	     -2.49822585	      0.46371431	     -0.18106264	      0.97689029	     -0.46342188
      3.99500000	    117.04743597	  -1041.01143442	    445.06088492	      1.01475678	     -2.54851968	      0.18117032	     -0.18228939	      0.97088313	     -0.46317028
      4.00000000	    162.80721137	   -855.10031425	    334.44692929	      0.62460454	     -1.36729355	      0.05320309	     -0.18354041	      0.96462327	     -0.46291257
      4.00500000	     69.64043326	   -421.95445932	    140.24145215	      0.14437926	     -0.26336162	     -0.00687083	     -0.18481556	      0.95812452	     -0.46264950
      4.01000000	    106.90477033	   -593.08634487	    169.97478404	      0.01491214	      0.04365628	     -0.04702394	     -0.18611519	      0.95140256	     -0.46238177
      4.01500000	    177.42503243	   -735.69740144	    211.16665350	      0.05825985	      0.08111276	     -0.06373324	     -0.18743995	      0.94447505	     -0.46211003
      4.02000000	    176.41539974	   -665.77203160	    225.48365016	      0.19855000	     -0.18327954	     -0.07339886	     -0.18879073	      0.93736167	     -0.46183493
      4.02500000	    151.41020460	   -657.25156345	    233.49007926	      0.38078060	     -0.69092688	     -0.05280422	     -0.19016845	      0.93008404	     -0.46155704
      4.03000000	    183.87398535	   -761.93923924	    231.45241217	      0.37148056	     -0.82885703	     -0.05066429	     -0.19157398	      0.92266568	     -0.46127689
      4.03500000	    225.35158697	   -893.69864703	    243.15691142	      0.35591635	     -0.88331903	     -0.03500026	     -0.19300803	      0.91513196	     -0.46099500
      4.04000000	    274.26764051	  -1043.76319484	    263.90357044	      0.31716325	     -0.87310522	     -0.01230027	     -0.19447102	      0.90750984	     -0.46071181
      4.04500000	    323.11437968	  -1184.41277639	    293.93710367	     -0.09575776	     -0.13534833	      0.08267122	     -0.19596292	      0.89982827	     -0.46042800
      4.05000000	    316.55415761	  -1316.72112376	    351.77259021	     -0.14952238	     -0.08751670	      0.07388493	     -0.19748330	      0.89211692	     -0.46014393
      4.05500000	    294.90669910	  -1475.44154779	    417.40920645	     -0.18336012	     -0.07764372	      0.05191630	     -0.19903109	      0.88440698	     -0.45986018
      4.06000000	    272.12204773	  -1643.55956333	    481.80826718	     -0.21044195	     -0.05764392	      0.03021623	     -0.20060448	      0.87673088	     -0.45957774
      4.06500000	    272.10013619	  -1808.35906921	    539.06121327	     -0.23676047	     -0.04210986	      0.02197844	     -0.20220099	      0.86912072	     -0.45929719
      4.07000000	    287.57977484	  -1968.55028506	    591.41856525	     -0.26350664	     -0.03095903	      0.02381983	     -0.20381707	      0.86161004	     -0.45901990
      4.07500000	    290.27183553	  -2100.12100532	    635.10282303	     -0.28464931	     -0.01499511	      0.01884210	     -0.20544828	      0.85423179	     -0.45874724
      4.08000000	    276.43045774	  -2129.67908112	    637.14182683	     -0.27380962	      0.00779101	     -0.00136446	     -0.20708906	      0.84701880	     -0.45848092
      4.08500000	    258.05628226	  -2124.81302197	    624.87692872	     -0.25193709	      0.03329208	     -0.02817090	     -0.20873267	      0.84000338	     -0.45822316
      4.09000000	    243.43726083	  -2098.70735175	    603.77159603	     -0.22137133	      0.05868012	     -0.05923208	     -0.21037121	      0.83321703	     -0.45797648
      4.09500000	    256.15056407	  -2062.39927859	    576.59173020	     -0.18724938	      0.07857231	     -0.08251773	     -0.21199565	      0.82669002	     -0.45774370
      4.10000000	    297.34505037	  -1952.02363725	    507.69275975	     -0.11566964	      0.09775891	     -0.11295776	     -0.21359584	      0.82045138	     -0.45752801
      4.10500000	    379.51594180	  -1848.89989831	    440.67816404	     -0.00594878	      0.10742621	     -0.17330929	     -0.21516062	      0.81452875	     -0.45733292
      4.11000000	    664.40779958	  -2002.73772935	    505.64318841	      0.24174957	      0.11186719	     -0.36093608	     -0.21667804	      0.80894800	     -0.45716197
      4.11500000	    886.54591703	  -2329.45591805	    687.93289071	      0.73657624	     -0.38530454	     -0.68677862	     -0.21813557	      0.80373329	     -0.45701879
      4.12000000	   1070.33149169	  -2774.31583498	    840.75646770	      0.43836524	      0.15467698	     -0.74944378	     -0.21952029	      0.79890695	     -0.45690691
      4.12500000	    762.87590112	  -2701.91461153	    781.28141796	      0.15527749	      0.15335736	     -0.56854486	     -0.22081921	      0.79448944	     -0.45682962
      4.13000000	    731.25248016	  -2901.43549833	    845.15666417	     -0.07769849	      0.14785542	     -0.38012150	     -0.22201956	      0.79049931	     -0.45678989
      4.13500000	    813.70999224	  -3030.65682047	    884.29791140	     -0.19193242	      0.12102100	     -0.27028663	     -0.22310906	      0.78695296	     -0.45679027
      4.14000000	    956.72982743	  -3138.52437723	    912.96665904	     -0.21428162	      0.10476790	     -0.24835738	     -0.22407609	      0.78386506	     -0.45683281
      4.14500000	   1128.49293517	  -3257.10576131	    939.98104793	     -0.17784928	      0.10426233	     -0.29359672	     -0.22491008	      0.78124797	     -0.45691905
      4.15000000	   1418.45195006	  -3558.40306086	   1026.46724674	     -0.09114261	      0.13589350	     -0.42749119	     -0.22560153	      0.77911199	     -0.45704999
      4.15500000	   1870.62610822	  -4084.33195775	   1193.21010958	      0.07045480	      0.19738773	     -0.68623090	     -0.22614217	      0.77746534	     -0.45722611
      4.16000000	   2213.69138876	  -4487.27022267	   1349.43718479	      0.23069769	      0.19002674	     -0.95001684	     -0.22652511	      0.77631399	     -0.45744741
      4.16500000	   2472.20264185	  -4772.43795561	   1465.13210505	      0.38033716	      0.15224028	     -1.20067518	     -0.22674470	      0.77566184	     -0.45771335
      4.17000000	   2618.81228481	  -4934.79699052	   1530.39243666	      0.48269455	      0.10642666	     -1.39602122	     -0.22679671	      0.77551063	     -0.45802302
      4.17500000	   2670.65725161	  -4981.28488377	   1549.19488309	      0.54459238	      0.06262627	     -1.53194900	     -0.22667819	      0.77586009	     -0.45837504
      4.18000000	   2677.47781712	  -4983.74172310	   1550.96133832	      0.58322883	      0.03318448	     -1.64789212	     -0.22638744	      0.77670802	     -0.45876763
      4.18500000	   2669.37099357	  -4992.05105823	   1554.46698601	      0.61280760	      0.01496497	     -1.77377993	     -0.22592402	      0.77805027	     -0.45919860
      4.19000000	   2706.42270715	  -5075.07894226	   1595.50097433	      0.68953501	     -0.02002804	     -1.96439429	     -0.22528859	      0.77988097	     -0.45966544
      4.19500000	   2533.76687728	  -4911.99247471	   1540.82424286	      0.69201836	     -0.07434333	     -2.04229982	     -0.22448296	      0.78219242	     -0.46016518
      4.20000000	   2209.08230790	  -4540.63946429	   1407.81830442	      0.64292876	     -0.14230727	     -2.02038759	     -0.22351002	      0.78497529	     -0.46069456
      4.20500000	   1845.30175833	  -4111.44853447	   1255.86695770	      0.55704589	     -0.24132014	     -1.94499972	     -0.22237362	      0.78821850	     -0.46124998
      4.21000000	   1475.85754441	  -3669.82719808	   1101.10231657	      0.41394944	     -0.37532408	     -1.80432127	     -0.22107863	      0.79190926	     -0.46182753
      4.21500000	   1207.53973543	  -3351.75869150	    998.78093998	      0.28868298	     -0.49686890	     -1.68870894	     -0.21963086	      0.79603301	     -0.46242306
      4.22000000	   1003.51563343	  -3126.11412703	    925.76092850	      0.16092929	     -0.60932534	     -1.58976723	     -0.21803700	      0.80057340	     -0.46303223
      4.22500000	    776.61879114	  -2856.95084675	    837.71823020	     -0.00349499	     -0.73622969	     -1.44835558	     -0.21630457	      0.80551227	     -0.46365059
      4.23000000	    596.85113330	  -2710.20301737	    791.51255010	     -0.21605053	     -0.91418817	     -1.34037214	     -0.21444190	      0.81082966	     -0.46427367
      4.23500000	    500.68315313	  -2541.98858759	    744.29692926	     -0.27029356	     -0.96433639	     -1.27480497	     -0.21245805	      0.81650374	     -0.46489709
      4.24000000	    427.60250532	  -2349.93408982	    687.14172804	     -0.28310938	     -0.94322440	     -1.18625215	     -0.21036269	      0.82251090	     -0.46551658
      4.24500000	    352.24055931	  -2153.47901353	    629.57932131	     -0.32099139	     -0.92377493	     -1.07323029	     -0.20816608	      0.82882594	     -0.46612821
      4.25000000	    286.99483781	  -1977.25141198	    578.84408199	     -0.36962287	     -0.90266903	     -0.95602288	     -0.20587895	      0.83542213	     -0.46672846
      4.25500000	    249.65780772	  -1803.53564856	    527.75266387	     -0.33814319	     -0.80358230	     -0.87169354	     -0.20351235	      0.84227124	     -0.46731416
      4.26000000	    207.68139801	  -1606.41670583	    469.43606694	     -0.29065823	     -0.67933085	     -0.78162391	     -0.20107757	      0.84934401	     -0.46788279
      4.26500000	    170.24886058	  -1410.33750379	    411.62956285	     -0.23898282	     -0.54535984	     -0.68580421	     -0.19858602	      0.85661010	     -0.46843233
      4.27000000	    137.04337122	  -1211.92675333	    352.93401743	     -0.17865691	     -0.39971690	     -0.58570677	     -0.19604907	      0.86403844	     -0.46896138
      4.27500000	    102.22514795	  -1002.87208070	    291.27667744	     -0.10826334	     -0.24675247	     -0.48845096	     -0.19347794	      0.87159740	     -0.46946915
      4.28000000	     76.85651781	   -806.44659646	    233.08300275	     -0.03396962	     -0.09648718	     -0.39066766	     -0.19088357	      0.87925501	     -0.46995534
      4.28500000	     65.00836148	   -648.52304098	    188.78807764	      0.02816659	      0.02751209	     -0.29676640	     -0.18827667	      0.88697930	     -0.47042032
      4.29000000	     55.51490192	   -521.27305793	    158.37512123	      0.06938502	      0.10696625	     -0.21778334	     -0.18566742	      0.89473834	     -0.47086481
      4.29500000	     61.69067618	   -440.34243587	    146.85240750	      0.09348532	      0.10181889	     -0.16082111	     -0.18306559	      0.90250060	     -0.47128993
      4.30000000	     64.35315842	   -374.38392854	    140.89286414	      0.10972004	      0.07195690	     -0.11419730	     -0.18048049	      0.91023509	     -0.47169717
      4.30500000	     66.14630020	   -371.96690080	    165.44105366	      0.25470366	     -0.29758785	     -0.09035755	     -0.17792086	      0.91791143	     -0.47208813
      4.31000000	     44.50344941	   -470.46511749	    228.96738407	      0.44044197	     -0.81208348	     -0.07319509	     -0.17539510	      0.92550032	     -0.47246466
      4.31500000	     18.23885939	   -572.28765924	    289.42160887	      0.59392520	     -1.27145350	     -0.06085663	     -0.17291115	      0.93297352	     -0.47282866
      4.32000000	     -5.61050672	   -639.76313343	    327.34822335	      0.67208475	     -1.56899183	     -0.03818304	     -0.17047660	      0.94030407	     -0.47318202
      4.32500000	    -57.45319912	   -687.75631272	    355.26900494	      0.72556597	     -1.88730087	      0.01918452	     -0.16809869	      0.94746647	     -0.47352660
      4.33000000	   -115.46859543	   -691.21610670	    359.25360610	      0.72006117	     -2.08684513	      0.09020716	     -0.16578440	      0.95443683	     -0.47386414
      4.33500000	   -159.91732627	   -697.27103809	    359.92737139	      0.69216135	     -2.22880671	      0.15749788	     -0.16354045	      0.96119308	     -0.47419629
      4.34000000	   -184.04572595	   -704.72666395	    357.68981090	      0.64970070	     -2.29078160	      0.20603271	     -0.16137333	      0.96771502	     -0.47452449
      4.34500000	   -198.03258236	   -690.87731640	    341.62924723	      0.57898406	     -2.25319627	      0.24534982	     -0.15928929	      0.97398452	     -0.47485007
      4.35000000	   -205.13375289	   -679.56232586	    324.22127022	      0.49307029	     -2.14860989	      0.28683002	     -0.15729436	      0.97998564	     -0.47517413
      4.35500000	   -208.63971183	   -680.34951454	    318.69058176	      0.44555752	     -2.08844127	      0.30671582	     -0.15539429	      0.98570463	     -0.47549762
      4.36000000	   -201.74421962	   -651.71287642	    298.61821747	      0.37651889	     -1.90903183	      0.31327852	     -0.15359456	      0.99113007	     -0.47582130
      4.36500000	   -194.70498421	   -621.63680587	    281.06613116	      0.31770437	     -1.74465677	      0.31481941	     -0.15190034	      0.99625289	     -0.47614575
      4.37000000	   -185.53036177	   -573.32248250	    254.66398937	      0.25362497	     -1.55958476	      0.31271207	     -0.15031648	      1.00106609	     -0.47647139
      4.37500000	   -174.51563680	   -538.12355411	    231.07413044	      0.17223152	     -1.33057549	      0.32273760	     -0.14884746	      1.00556531	     -0.47679853
      4.38000000	   -169.51011889	   -496.12711860	    210.55439933	      0.11923221	     -1.17510658	      0.32302784	     -0.14749749	      1.00974773	     -0.47712727
      4.38500000	   -167.14917424	   -471.17379666	    195.94436276	      0.07279313	     -1.04467713	      0.32465285	     -0.14627039	      1.01361285	     -0.47745765
      4.39000000	   -166.39522314	   -434.31042936	    180.48151456	      0.03093641	     -0.92629333	      0.31938075	     -0.14516961	      1.01716139	     -0.47778949
      4.39500000	   -163.94449944	   -418.83486775	    172.40564695	      0.00378029	     -0.83495617	      0.31815239	     -0.14419833	      1.02039587	     -0.47812259
      4.40000000	   -158.48138211	   -404.45548825	    161.41258009	     -0.03778644	     -0.71569266	      0.31624566	     -0.14335931	      1.02331982	     -0.47845661
      4.40500000	   -147.67987414	   -395.43725242	    157.58007103	     -0.03625955	     -0.65072482	      0.30173090	     -0.14265493	      1.02593762	     -0.47879111
      4.41000000	   -143.44989063	   -398.31573886	    154.95351193	     -0.05787513	     -0.59475027	      0.30614131	     -0.14208709	      1.02825436	     -0.47912557
      4.41500000	   -142.06421557	   -393.93264778	    155.02197776	     -0.06888394	     -0.53971358	      0.30940802	     -0.14165726	      1.03027536	     -0.47945937
      4.42000000	   -137.76266501	   -385.76829642	    151.88556194	     -0.05526300	     -0.52996527	      0.30837101	     -0.14136625	      1.03200604	     -0.47979184
      4.42500000	   -134.14667470	   -374.13384230	    147.55240279	     -0.06227764	     -0.48082715	      0.30880590	     -0.14121423	      1.03345176	     -0.48012222
      4.43000000	   -132.37643196	   -373.71323429	    149.83667980	     -0.05304766	     -0.48634282	      0.31443434	     -0.14120057	      1.03461756	     -0.48044974
      4.43500000	   -133.15940117	   -367.03286794	    148.52829537	     -0.05328383	     -0.48200672	      0.32549047	     -0.14132378	      1.03550805	     -0.48077359
      4.44000000	   -134.75585820	   -376.62201923	    156.19416509	     -0.03711779	     -0.51460593	      0.34194154	     -0.14158143	      1.03612730	     -0.48109295
      4.44500000	   -134.03605747	   -377.11808100	    156.02528927	     -0.03475443	     -0.52773390	      0.35781694	     -0.14197006	      1.03647874	     -0.48140707
      4.45000000	   -129.32244661	   -383.61064846	    158.52341167	     -0.02623925	     -0.53529698	      0.36425792	     -0.14248520	      1.03656510	     -0.48171524
      4.45500000	   -126.58171793	   -380.63799063	    158.31480314	     -0.02416787	     -0.55110110	      0.37343316	     -0.14312134	      1.03638833	     -0.48201685
      4.46000000	   -120.29914884	   -388.56747120	    161.19899311	     -0.01492177	     -0.56699342	      0.37744494	     -0.14387197	      1.03594966	     -0.48231140
      4.46500000	   -117.51639935	   -387.57043380	    162.01764541	     -0.01160547	     -0.58253918	      0.38793847	     -0.14472974	      1.03524953	     -0.48259856
      4.47000000	   -111.48432433	   -389.33948474	    164.45572624	      0.01108232	     -0.62051731	      0.38614661	     -0.14568649	      1.03428761	     -0.48287814
      4.47500000	   -103.78654530	   -387.90118665	    160.06765436	     -0.01602691	     -0.58169293	      0.39068558	     -0.14673356	      1.03306290	     -0.48315016
      4.48000000	   -101.11151747	   -385.52580838	    163.39967387	      0.01453551	     -0.63492334	      0.39231476	     -0.14786180	      1.03157370	     -0.48341479
      4.48500000	    -94.30644797	   -371.06180416	    157.69806912	      0.00013852	     -0.60592298	      0.38431440	     -0.14906195	      1.02981770	     -0.48367241
      4.49000000	    -89.09721817	   -366.28886602	    155.30895038	     -0.00928956	     -0.58852371	      0.38487910	     -0.15032476	      1.02779208	     -0.48392352
      4.49500000	    -86.95450562	   -362.28155044	    153.57888284	     -0.02352456	     -0.57616538	      0.39658433	     -0.15164131	      1.02549343	     -0.48416875
      4.50000000	    -80.65730177	   -356.09201583	    151.57470122	     -0.01646541	     -0.57929754	      0.38561357	     -0.15300307	      1.02291837	     -0.48440897
      4.50500000	    -75.69287652	   -347.39118110	    149.69564776	      0.01687882	     -0.61438829	      0.37550005	     -0.15440222	      1.02006313	     -0.48464505
      4.51000000	    -65.77482271	   -342.89346329	    146.62318032	      0.03053343	     -0.60555731	      0.35497109	     -0.15583174	      1.01692388	     -0.48487789
      4.51500000	    -64.52878904	   -353.06607294	    150.15752327	      0.03992093	     -0.63632287	      0.37091475	     -0.15728549	      1.01349725	     -0.48510852
      4.52000000	    -63.40740024	   -367.75564118	    153.47926412	      0.02009858	     -0.63106776	      0.39699144	     -0.15875832	      1.00977994	     -0.48533783
      4.52500000	    -64.22097659	   -381.52356345	    156.58087354	     -0.00439772	     -0.62327723	      0.42989367	     -0.16024609	      1.00576933	     -0.48556673
      4.53000000	    -66.93534683	   -397.83048353	    162.66073554	     -0.00256113	     -0.66975076	      0.46711820	     -0.16174560	      1.00146358	     -0.48579597
      4.53500000	    -71.26731269	   -413.37704854	    169.57930432	      0.00467619	     -0.73434383	      0.50918683	     -0.16325458	      0.99686186	     -0.48602633
      4.54000000	    -78.55526114	   -427.73114947	    181.02048184	      0.05680351	     -0.88192022	      0.55135001	     -0.16477154	      0.99196452	     -0.48625826
      4.54500000	    -85.41570958	   -438.95937582	    180.94559898	     -0.00517662	     -0.85351020	      0.62055167	     -0.16629561	      0.98677358	     -0.48649216
      4.55000000	    -93.93401364	   -443.91092191	    182.32503815	     -0.07228907	     -0.81612415	      0.68455545	     -0.16782654	      0.98129239	     -0.48672829
      4.55500000	    -16.10821579	   -471.79146864	    189.35353331	      0.19115193	     -0.80760288	      0.41814374	     -0.16936429	      0.97552685	     -0.48696678
      4.56000000	     91.60503595	   -707.98951878	    354.65374152	      0.75468901	     -1.40470729	      0.17814687	     -0.17090913	      0.96948421	     -0.48720756
      4.56500000	     81.49560607	   -893.52032262	    438.28045682	      1.14141541	     -2.47372646	      0.35762027	     -0.17246131	      0.96317442	     -0.48745039
      4.57000000	     39.71199731	   -836.82426247	    402.90968950	      1.02808371	     -2.45477804	      0.56415180	     -0.17402092	      0.95661004	     -0.48769525
      4.57500000	     92.67407094	   -831.77778524	    400.01299326	      1.03398446	     -2.27833171	      0.40772016	     -0.17558792	      0.94980594	     -0.48794164
      4.58000000	    172.41609831	   -738.68149415	    334.17041306	      0.68908364	     -1.29360173	      0.15368617	     -0.17716188	      0.94277968	     -0.48818920
      4.58500000	    119.44219313	   -490.28764235	    201.94614474	      0.30672946	     -0.54046279	      0.08422412	     -0.17874199	      0.93555166	     -0.48843770
      4.59000000	     62.23008248	   -275.85694784	    104.69680178	     -0.02900229	      0.00985820	      0.01541144	     -0.18032702	      0.92814495	     -0.48868674
      4.59500000	     85.88026486	   -354.70367748	    134.09346371	      0.00485554	      0.03253805	     -0.03403803	     -0.18191521	      0.92058567	     -0.48893593
      4.60000000	    113.93140805	   -413.35236962	    157.12526140	      0.01503339	      0.02734967	     -0.04496068	     -0.18350448	      0.91290179	     -0.48918494
      4.60500000	     84.07033101	   -422.32399595	    161.55079054	     -0.01601783	      0.00994351	     -0.04701702	     -0.18509222	      0.90512447	     -0.48943351
      4.61000000	     63.69053875	   -531.66319892	    209.14408476	     -0.07648095	     -0.01961504	     -0.03065667	     -0.18667542	      0.89728691	     -0.48968142
      4.61500000	    118.89277834	   -781.36102408	    299.40582009	     -0.14310727	     -0.04521139	     -0.00517859	     -0.18825067	      0.88942443	     -0.48992849
      4.62000000	    182.21261543	  -1062.19383157	    401.85047258	     -0.22633900	     -0.06726791	      0.02871859	     -0.18981418	      0.88157409	     -0.49017462
      4.62500000	    202.54682585	  -1249.37791535	    466.87939012	     -0.26245668	     -0.07362277	      0.02334271	     -0.19136179	      0.87377440	     -0.49041974
      4.63000000	    168.00496211	  -1312.32035059	    479.84749105	     -0.23383525	     -0.05631851	     -0.03576529	     -0.19288892	      0.86606497	     -0.49066389
      4.63500000	    133.39641665	  -1398.14808453	    506.00677850	     -0.20224824	     -0.02899074	     -0.10885128	     -0.19439057	      0.85848601	     -0.49090714
      4.64000000	    144.11407898	  -1512.74764317	    544.08375680	     -0.18253435	     -0.01787044	     -0.15889594	     -0.19586127	      0.85107807	     -0.49114952
      4.64500000	    175.17396954	  -1589.33365001	    564.05492296	     -0.15042105	     -0.02146588	     -0.19746989	     -0.19729504	      0.84388145	     -0.49139110
      4.65000000	    218.68327496	  -1595.01291236	    551.63484968	     -0.10072908	     -0.03390562	     -0.22100742	     -0.19868538	      0.83693583	     -0.49163190
      4.65500000	    288.74605766	  -1517.14815700	    504.27447572	     -0.00165732	     -0.05695279	     -0.25026465	     -0.20002525	      0.83027986	     -0.49187188
      4.66000000	    411.10470978	  -1381.55403464	    442.39279117	      0.26941014	     -0.32378602	     -0.32159702	     -0.20130713	      0.82395076	     -0.49211092
      4.66500000	    628.83075166	  -1542.36255347	    624.04760684	      1.61162566	     -2.32500351	     -0.58036282	     -0.20252303	      0.81798390	     -0.49234882
      4.67000000	    741.80286490	  -1672.32987471	    729.80864146	      2.12962041	     -2.99412181	     -0.72857695	     -0.20366463	      0.81241253	     -0.49258531
      4.67500000	    662.81376854	  -1594.92037970	    619.66770635	      1.29117344	     -1.73675458	     -0.63824970	     -0.20472343	      0.80726732	     -0.49282005
      4.68000000	    475.97634755	  -1488.28918960	    476.48148559	      0.32925736	     -0.41341418	     -0.38960740	     -0.20569089	      0.80257624	     -0.49305266
      4.68500000	    436.65220630	  -1627.62972174	    512.19048381	      0.00463886	     -0.10757482	     -0.22415674	     -0.20655871	      0.79836428	     -0.49328281
      4.69000000	    458.76910634	  -1725.92036044	    551.65260247	     -0.09676693	     -0.11596729	     -0.14844485	     -0.20731900	      0.79465323	     -0.49351019
      4.69500000	    513.73378480	  -1782.42628595	    576.00049793	     -0.12900558	     -0.13456989	     -0.11652278	     -0.20796454	      0.79146161	     -0.49373452
      4.70000000	    578.14500413	  -1780.01762159	    568.30342580	     -0.08206784	     -0.12410234	     -0.13942317	     -0.20848904	      0.78880440	     -0.49395565
      4.70500000	    657.65462271	  -1815.60928408	    575.64188919	     -0.00991064	     -0.11005600	     -0.20060639	     -0.20888728	      0.78669312	     -0.49417349
      4.71000000	    749.24387261	  -1884.89005057	    605.51414879	      0.07685230	     -0.11265579	     -0.28863418	     -0.20915520	      0.78513611	     -0.49438799
      4.71500000	    823.88365688	  -1974.70515683	    646.32150614	      0.16440250	     -0.12280299	     -0.39834126	     -0.20929020	      0.78413783	     -0.49459919
      4.72000000	    878.79476148	  -2057.65337316	    688.13912131	      0.27407643	     -0.16731395	     -0.53151123	     -0.20929095	      0.78369975	     -0.49480712
      4.72500000	    917.51254495	  -2150.43919038	    729.41217927	      0.36698465	     -0.21084845	     -0.66251190	     -0.20915753	      0.78381990	     -0.49501181
      4.73000000	    921.31422502	  -2207.16221057	    755.31618393	      0.42771213	     -0.23468997	     -0.77602898	     -0.20889129	      0.78449339	     -0.49521323
      4.73500000	    896.00681738	  -2208.60653850	    759.33907886	      0.48883541	     -0.29348931	     -0.87520540	     -0.20849478	      0.78571240	     -0.49541130
      4.74000000	    854.31705122	  -2169.31505943	    745.97889955	      0.53852941	     -0.36880145	     -0.94954520	     -0.20797157	      0.78746646	     -0.49560583
      4.74500000	    791.10721116	  -2098.81691385	    720.68780928	      0.56722131	     -0.45457261	     -1.00121968	     -0.20732609	      0.78974267	     -0.49579658
      4.75000000	    721.79039797	  -2019.60292327	    690.25105729	      0.55400765	     -0.51198257	     -1.01992848	     -0.20656341	      0.79252590	     -0.49598324
      4.75500000	    642.91489498	  -1933.11222334	    658.18325567	      0.50900478	     -0.56296430	     -1.01398660	     -0.20568905	      0.79579894	     -0.49616541
      4.76000000	    547.83059478	  -1844.09420001	    630.35268837	      0.42204817	     -0.60606011	     -0.98507346	     -0.20470884	      0.79954282	     -0.49634274
      4.76500000	    449.81869641	  -1765.79775113	    609.64301621	      0.29156890	     -0.62582129	     -0.93474346	     -0.20362865	      0.80373677	     -0.49651487
      4.77000000	    384.42316534	  -1761.14523530	    617.31711322	      0.17765000	     -0.68880639	     -0.92029713	     -0.20245427	      0.80835856	     -0.49668152
      4.77500000	    338.34550882	  -1805.77713473	    643.56572348	      0.05119329	     -0.82076932	     -0.90302844	     -0.20119130	      0.81338473	     -0.49684253
      4.78000000	    315.49452521	  -1764.62816651	    634.48252379	      0.00912205	     -0.86582551	     -0.89007480	     -0.19984503	      0.81879026	     -0.49699781
      4.78500000	    294.58704483	  -1692.79202766	    612.05559427	     -0.02474725	     -0.88173892	     -0.85775527	     -0.19842040	      0.82454906	     -0.49714738
      4.79000000	    270.11540454	  -1584.65804810	    574.49334754	     -0.04236172	     -0.86548172	     -0.81292999	     -0.19692205	      0.83063418	     -0.49729150
      4.79500000	    247.83056789	  -1454.84222193	    528.02121443	     -0.05357965	     -0.82279743	     -0.75036958	     -0.19535422	      0.83701740	     -0.49743038
      4.80000000	    221.72910669	  -1329.66475920	    483.36450601	     -0.06891364	     -0.77959347	     -0.68747195	     -0.19372103	      0.84366991	     -0.49756445
      4.80500000	    198.34064903	  -1198.94316492	    435.56632954	     -0.07973594	     -0.71869532	     -0.61477840	     -0.19202641	      0.85056198	     -0.49769410
      4.81000000	    178.08371632	  -1074.39983455	    390.38675957	     -0.09133544	     -0.65310930	     -0.53793816	     -0.19027434	      0.85766319	     -0.49781977
      4.81500000	    161.58198015	   -954.57128005	    346.05644215	     -0.09672832	     -0.57634348	     -0.45938233	     -0.18846897	      0.86494256	     -0.49794184
      4.82000000	    143.28080589	   -839.05591574	    303.79922306	     -0.09843610	     -0.49705022	     -0.38535404	     -0.18661482	      0.87236863	     -0.49806069
      4.82500000	    126.88046562	   -719.05718197	    259.34294817	     -0.09036686	     -0.40052789	     -0.30776622	     -0.18471697	      0.87990950	     -0.49817660
      4.83000000	    116.84092878	   -627.44446419	    226.18102428	     -0.08901939	     -0.32038979	     -0.23711981	     -0.18278116	      0.88753300	     -0.49828978
      4.83500000	    109.56044828	   -533.52123067	    191.47616188	     -0.07249020	     -0.22199485	     -0.16577376	     -0.18081404	      0.89520673	     -0.49840040
      4.84000000	     96.87351949	   -441.51805027	    159.72878974	     -0.05362124	     -0.13246679	     -0.10509564	     -0.17882319	      0.90289827	     -0.49850857
      4.84500000	     87.38519907	   -359.65661503	    133.88609166	     -0.02582769	     -0.03419892	     -0.04083795	     -0.17681725	      0.91057502	     -0.49861435
      4.85000000	     79.28354507	   -308.84229532	    120.05432794	      0.00019474	      0.04705728	      0.01500514	     -0.17480597	      0.91820473	     -0.49871784
      4.85500000	     63.53003334	   -340.85621332	    141.90859328	      0.06363804	     -0.09686639	      0.04804612	     -0.17280014	      0.92575540	     -0.49881913
      4.86000000	     30.95781589	   -363.99291636	    159.66764311	      0.13307768	     -0.28365371	      0.08376300	     -0.17081155	      0.93319548	     -0.49891841
      4.86500000	    -30.50374861	   -386.06917930	    171.57695982	      0.14442187	     -0.44095872	      0.16626012	     -0.16885290	      0.94049420	     -0.49901592
      4.87000000	    -84.73382266	   -406.93575466	    182.30268359	      0.15760660	     -0.59951502	      0.23388115	     -0.16693750	      0.94762159	     -0.49911199
      4.87500000	   -124.57276966	   -415.37549669	    183.52465382	      0.13391031	     -0.67045092	      0.28337007	     -0.16507912	      0.95454889	     -0.49920704
      4.88000000	   -154.40140445	   -419.98246627	    182.84199867	      0.11015903	     -0.71930131	      0.31855372	     -0.16329169	      0.96124873	     -0.49930155
      4.88500000	   -170.12861135	   -462.07742623	    197.02756660	      0.11728911	     -0.81749055	      0.34838013	     -0.16158898	      0.96769548	     -0.49939609
      4.89000000	   -176.22753001	   -532.79680794	    227.67160981	      0.16573922	     -0.96090814	      0.36958895	     -0.15998431	      0.97386551	     -0.49949128
      4.89500000	   -180.91263085	   -551.58095787	    243.91528560	      0.22716724	     -1.08488775	      0.36602633	     -0.15849018	      0.97973747	     -0.49958776
      4.90000000	   -181.31719754	   -521.56454022	    234.12116867	      0.23109886	     -1.07387418	      0.34609993	     -0.15711797	      0.98529256	     -0.49968615
      4.90500000	   -180.15527261	   -510.60683228	    230.59297119	      0.22932116	     -1.04276784	      0.33198694	     -0.15587768	      0.99051482	     -0.49978706
      4.91000000	   -169.57808728	   -490.93146454	    227.01712110	      0.26169245	     -1.05531838	      0.29214528	     -0.15477769	      0.99539124	     -0.49989108
      4.91500000	   -152.79937250	   -480.46314864	    216.40196821	      0.21542958	     -0.88877126	      0.27549774	     -0.15382452	      0.99991225	     -0.49999874
      4.92000000	   -148.44837740	   -491.03771490	    219.80187845	      0.21381459	     -0.86399620	      0.27032718	     -0.15302278	      1.00407151	     -0.50011051
      4.92500000	   -141.10191816	   -509.47449540	    220.35493228	      0.18118936	     -0.78243409	      0.27244348	     -0.15237509	      1.00786597	     -0.50022678
      4.93000000	   -139.70206339	   -526.40371431	    220.23351301	      0.15343281	     -0.74146272	      0.28595863	     -0.15188203	      1.01129626	     -0.50034787
      4.93500000	   -141.04717407	   -536.92200641	    216.13117307	      0.11603300	     -0.70232347	      0.30549174	     -0.15154222	      1.01436644	     -0.50047402
      4.94000000	   -141.89925309	   -556.84772583	    221.84050357	      0.10607634	     -0.72404941	      0.32551846	     -0.15135240	      1.01708415	     -0.50060543
      4.94500000	   -142.04617059	   -558.25116178	    216.66675025	      0.05804763	     -0.67327842	      0.34608673	     -0.15130758	      1.01945998	     -0.50074215
      4.95000000	   -144.74311587	   -555.40011606	    213.88079932	      0.02141712	     -0.65392401	      0.37114837	     -0.15140112	      1.02150857	     -0.50088424
      4.95500000	   -144.24092558	   -545.14272667	    204.23006757	     -0.04456582	     -0.59842526	      0.39614854	     -0.15162494	      1.02324722	     -0.50103162
      4.96000000	   -149.31342972	   -526.17146498	    197.19637680	     -0.09252553	     -0.57316907	      0.42697418	     -0.15196964	      1.02469650	     -0.50118411
      4.96500000	   -153.98221845	   -507.97963172	    190.54572745	     -0.16147929	     -0.53353880	      0.46102288	     -0.15242462	      1.02588000	     -0.50134150
      4.97000000	   -159.47859077	   -484.68215030	    187.89601805	     -0.21855244	     -0.52984738	      0.49049456	     -0.15297832	      1.02682403	     -0.50150345
      4.97500000	   -163.63409552	   -471.27853871	    191.86006616	     -0.32361235	     -0.47970318	      0.51925643	     -0.15361817	      1.02755739	     -0.50166950
      4.98000000	   -169.57252731	   -460.91272234	    203.94840165	     -0.43164079	     -0.45648817	      0.54630502	     -0.15433097	      1.02811138	     -0.50183918
      4.98500000	   -181.66849272	   -458.82554067	    222.04401495	     -0.53310786	     -0.42232360	      0.58050355	     -0.15510278	      1.02851928	     -0.50201190
      4.99000000	   -199.60945468	   -454.04985641	    241.67920524	     -0.62537269	     -0.39182662	      0.61900784	     -0.15591918	      1.02881590	     -0.50218691
      4.99500000	   -238.12454411	   -514.97350137	    296.63435015	     -0.81902567	     -0.31680185	      0.70333119	     -0.15676540	      1.02903808	     -0.50236373
      5.00000000	   -261.11464744	   -522.57232140	    320.61347246	     -0.89872719	     -0.33104845	      0.75850858	     -0.15762632	      1.02922241	     -0.50254132
